"","baseMean","log2FoldChange","lfcSE","stat","pvalue","padj"
"PTI98_007539",18.4268982042976,-3.79318220325768,0.907507153880689,-4.17978215051777,2.91788485837464e-05,0.0222926403179823
"PTI98_006682",110.998592263318,3.04428386582669,0.717324378939466,4.24394312420768,2.19626039314491e-05,0.0222926403179823
"PTI98_012703",8.0643854169337,-3.50735785969864,0.884760195082348,-3.96419038649472,7.36454607821942e-05,0.0375100880250643
"PTI98_000442",38.2153969211484,-2.61989090275277,0.703951149484495,-3.72169418953477,0.000197890595701837,0.0456002865745322
"PTI98_006187",23.2112780540395,-2.61033620162258,0.679876350191709,-3.83942786197303,0.000123321356471105,0.0456002865745322
"PTI98_007076",17.0949832267431,-2.98484290608394,0.804973599195992,-3.70800099415087,0.000208901836401653,0.0456002865745322
"PTI98_010297",9.67021516835977,3.54006804467873,0.945690923112631,3.74336684233683,0.000181570843017408,0.0456002865745322
"PTI98_005957",8.81697696758315,3.70934131104486,1.03404814801667,3.58720366953846,0.000334243247316288,0.0510723681899288
"PTI98_006583",26.8091581783235,-1.95834136129578,0.545785544851037,-3.58811511182524,0.00033307723764553,0.0510723681899288
"PTI98_008547",6.97270531203359,3.18747497663658,0.878953716125881,3.62644234634543,0.000287352940353723,0.0510723681899288
"PTI98_006764",6.69527501287911,-3.87335504483364,1.09755386780953,-3.52907967293122,0.000417007564367645,0.0579261416685238
"PTI98_005784",10.3339958548415,3.36976806643247,0.971838924056288,3.46741418049777,0.00052549150987261,0.0669125855904457
"PTI98_005572",5.41808911753827,-3.94492590763789,1.19529550085658,-3.30037710742729,0.000965549905770814,0.0983573504011869
"PTI98_010927",20.8597427872481,2.40354299580166,0.725972889576279,3.31078891555374,0.000930333579119925,0.0983573504011869
"PTI98_011375",6.88819569769453,2.88230988486879,0.869908586991236,3.31334800917171,0.000921861965187302,0.0983573504011869
"PTI98_012427",24.6467748438959,-3.18443847335303,0.975650772737916,-3.2639122136056,0.00109885206953283,0.104940372640385
"PTI98_003276",110.563500263764,2.79161464728172,0.870481265959498,3.2069784341707,0.0013413705113292,0.120565537724177
"PTI98_013506",53.3216727498563,2.13514028044948,0.681099296164536,3.13484435011615,0.00171945317443066,0.145962469473891
"PTI98_010455",10.7344212221984,-2.3794130463481,0.769428908438449,-3.09244040645301,0.00198518088387975,0.159650336345698
"PTI98_006470",30.9804753016854,2.96217447007902,0.977287152882001,3.0310175073351,0.0024373111518863,0.181834393874462
"PTI98_007074",7.7915941310955,-2.34858386131998,0.776787195908367,-3.02345851436644,0.00249903290010714,0.181834393874462
"PTI98_012737",8.40737223133746,-3.30992386897863,1.10682042682112,-2.9904795654025,0.00278539765276399,0.193458527882881
"PTI98_008889",18.7825486215068,-2.72688139086992,0.927221468171478,-2.94091701332957,0.00327242191614261,0.217402638602865
"PTI98_002678",21.9638921864949,-1.83123741599083,0.632883941150016,-2.89348061615102,0.00380997806672462,0.224253973792268
"PTI98_003882",10.4354630887453,2.20344733165062,0.761438945134935,2.89379384352366,0.00380617970508787,0.224253973792268
"PTI98_000582",16.7489219672665,-1.90694340606057,0.659158266640454,-2.89299778606999,0.00381583986819304,0.224253973792268
"PTI98_006168",6.21405926125494,-2.64476018624213,0.92300917045681,-2.86536718257437,0.00416525960578361,0.235722839912495
"PTI98_009647",9.91060125950208,-3.32018345155206,1.17069247270293,-2.83608507696843,0.00456702783538405,0.249229233302387
"PTI98_008528",20.9415870863151,1.51615616704855,0.54133674796865,2.80076343004218,0.00509818778307128,0.259667697751097
"PTI98_012617",10.6933325032197,-3.11201578280521,1.10749835433084,-2.80995070614395,0.00495490883126024,0.259667697751097
"PTI98_011065",7.43438910491178,2.32656573934785,0.834067413482922,2.78942169630211,0.00528022631799218,0.260264058512647
"PTI98_003327",63.5190240228003,2.21059354805805,0.798152403174721,2.76963840397551,0.00561185559576633,0.267966104697842
"PTI98_003092",9.63818232572826,-1.81517093797937,0.660478555590826,-2.74826627240853,0.00599113326150282,0.269248577164009
"PTI98_011779",7.76834793628015,-3.0880432621494,1.1235438019375,-2.74848497835528,0.00598713782638062,0.269248577164009
"PTI98_007541",8.40431272818489,-1.860246813426,0.682366320972164,-2.72617032267319,0.0064073925313307,0.279728451082095
"PTI98_000546",18.715170071636,2.45877379365132,0.918024582353461,2.67833110454185,0.00739900368414395,0.284920454084493
"PTI98_005027",26.5931648484937,-1.61508125582243,0.60362406432658,-2.67564093493234,0.0074586506304841,0.284920454084493
"PTI98_008791",68.3666298007917,3.94839958444177,1.46622880508376,2.69289456785444,0.00708346649359262,0.284920454084493
"PTI98_010403",12.7741852743659,2.62496008520778,0.977395689022753,2.68566775430772,0.00723850276817356,0.284920454084493
"PTI98_011640",13.6188804587294,1.51509392065469,0.563152955314215,2.69037728801287,0.00713712781560227,0.284920454084493
"PTI98_011781",8.03515277227503,-2.6365162944071,0.994715692829302,-2.65052246929771,0.00803673813610031,0.292384187427649
"PTI98_012036",7.61830910790898,1.79420672209719,0.676180690253166,2.65344270837641,0.00796752949449876,0.292384187427649
"PTI98_011332",39.9396478032008,3.65839858698539,1.39344641523208,2.6254318407903,0.00865391331157027,0.30751580325766
"PTI98_008503",11.2281077560281,-2.03523899955447,0.783328937475029,-2.5981920266023,0.00937160693464157,0.318218119914052
"PTI98_011177",5.4713271178419,-2.91396210019686,1.12120761899814,-2.59894960649718,0.00935094996770922,0.318218119914052
"PTI98_004077",51.7263413977263,-2.70060307764292,1.05032246838128,-2.57121327872286,0.0101342893644663,0.329472215934139
"PTI98_001564",15.4014303777842,2.55104208721409,0.99025043304387,2.57615851716681,0.00999048334716193,0.329472215934139
"PTI98_012555",36.7034862553628,2.2074763532446,0.868638359284981,2.54130655139578,0.0110439041836747,0.351564283180312
"PTI98_005377",32.1403863205779,1.26966297136626,0.506296513389966,2.50774583230898,0.0121504030400247,0.378894200921586
"PTI98_003299",20.4763054838556,-1.33567090017485,0.544018189070629,-2.45519529862897,0.0140808066905045,0.39980807889429
"PTI98_003392",7.23112484688479,1.64550735088827,0.682966479850132,2.4093530201502,0.0159808316069056,0.39980807889429
"PTI98_001033",8.20024155801083,1.76880266382548,0.73561410169797,2.40452522558047,0.0161934885695358,0.39980807889429
"PTI98_001293",12.4529736920002,2.31722709797152,0.967592571552433,2.39483762701247,0.0166277269422574,0.39980807889429
"PTI98_001300",16.9041555708709,1.69257364854015,0.703234359191548,2.40684151224631,0.0160911512829685,0.39980807889429
"PTI98_001963",10.7153466432384,-1.75198141564875,0.723822813595174,-2.42045619831571,0.015501046649541,0.39980807889429
"PTI98_004848",14.2515556137746,-1.47695418950882,0.60703823429701,-2.43304969285704,0.0149722459142751,0.39980807889429
"PTI98_004859",22.1684125532951,-1.35082165487248,0.570108692894067,-2.36941073116294,0.0178164554653535,0.39980807889429
"PTI98_005278",22.9281262938607,3.31795593206364,1.39396736498052,2.38022497184502,0.0173020712596441,0.39980807889429
"PTI98_007542",8.47833611638177,-1.66257652735423,0.690121607031233,-2.40910661311752,0.0159916257024721,0.39980807889429
"PTI98_007850",8.09072309826382,-2.94629275351953,1.22068030907476,-2.41364813671216,0.0157937062402984,0.39980807889429
"PTI98_008107",6.31387745511389,-1.89667879710941,0.789567129827484,-2.40217547749717,0.0162978882581468,0.39980807889429
"PTI98_006006",96.4460479404517,1.95364252096123,0.801111515285652,2.43866488458179,0.0147416318087285,0.39980807889429
"PTI98_006169",11.6687697998613,-1.92919331663188,0.808141197193967,-2.3871983303542,0.016977329670431,0.39980807889429
"PTI98_006657",5.6401774772997,2.3562650616091,0.994564244205496,2.36914314518856,0.0178293514109934,0.39980807889429
"PTI98_010524",12.6338206238129,2.55776100603029,1.04006303988735,2.45923651542057,0.0139232857853958,0.39980807889429
"PTI98_011702",63.249002352882,1.7917934936622,0.754482283417675,2.37486490146022,0.0175553743202018,0.39980807889429
"PTI98_011922",7.01292493501051,-2.9658543342447,1.25432331163573,-2.36450547217927,0.0180541606306976,0.39980807889429
"PTI98_012735",12.3588925345462,-1.72373035027618,0.726134351614341,-2.37384493164933,0.0176039419143857,0.39980807889429
"PTI98_012885",6.39130784887012,1.67860547045282,0.707454091787252,2.37274119966163,0.0176566306310381,0.39980807889429
"PTI98_005639",6.40176141965456,2.14627080346145,0.909859814059943,2.35890273457011,0.0183290591791126,0.400097177509772
"PTI98_001179",6.20457127352352,2.25278648371573,0.963264885260359,2.33869885447639,0.0193510244930471,0.402012043557016
"PTI98_007495",11.4708961360313,-1.54962970752116,0.66042760254366,-2.34640360510783,0.0189555687033237,0.402012043557016
"PTI98_006216",8.00713648968814,1.68204383613709,0.716565107670562,2.34737055730378,0.0189064412310151,0.402012043557016
"PTI98_010687",16.8835290777999,-1.88146405682284,0.805275195717273,-2.33642370562151,0.0194691696487037,0.402012043557016
"PTI98_003151",8.63507546579264,-1.66772745166969,0.719238437792381,-2.3187407180136,0.0204090992963414,0.405827217758098
"PTI98_001316",12.5243734880036,-1.82304815875276,0.784683789802593,-2.32329019975218,0.0201635679426996,0.405827217758098
"PTI98_006565",15.615719750984,1.84748167955917,0.797024224620235,2.31797431306364,0.0204507171252445,0.405827217758098
"PTI98_003634",51.5420963449883,1.58151409212436,0.691107401421802,2.28837672534072,0.022115591853631,0.431315376748986
"PTI98_000400",9.94065145347012,1.85644377639259,0.824453498320747,2.25172648326899,0.0243395620008267,0.431315376748986
"PTI98_000513",25.732103742789,3.70554417403239,1.64300380232919,2.25534729060228,0.0241115384481016,0.431315376748986
"PTI98_000746",9.44546042134179,-1.78501697269607,0.795030096784075,-2.24521936957673,0.024754053233914,0.431315376748986
"PTI98_001697",22.661855168194,-1.48888963434231,0.660165656757725,-2.25532730929189,0.0241127916889002,0.431315376748986
"PTI98_001846",32.5466752521905,-1.29189761114561,0.569159576850731,-2.26983374029112,0.0232176725756034,0.431315376748986
"PTI98_007349",8.62215752759972,2.27623123114092,1.00286618949956,2.26972576698072,0.0232242270154226,0.431315376748986
"PTI98_009953",6.94285769528547,-2.97259254848133,1.30458361506847,-2.27857571883219,0.022692298687595,0.431315376748986
"PTI98_009955",78.1923538257162,-1.19118853012351,0.52747955279028,-2.25826484424337,0.0239291526823265,0.431315376748986
"PTI98_010242",21.5070798363328,-1.685538153552,0.750645262641957,-2.24545232939939,0.0247391092602112,0.431315376748986
"PTI98_012905",5.99128737565412,-1.78934810306454,0.797435008121134,-2.24387954484277,0.0248401525876379,0.431315376748986
"PTI98_001833",6.88873118869701,-1.64619630332914,0.736575581940822,-2.23493195225333,0.0254218164807543,0.43602871138467
"PTI98_006915",34.3981156756289,-1.24153975953318,0.556499220069799,-2.23098202972766,0.0256823193878405,0.43602871138467
"PTI98_011128",18.0107627802636,2.96702265222722,1.34471892532197,2.20642589046392,0.0273541939057901,0.459309981187332
"PTI98_003860",19.8150490038572,1.56134049325854,0.732792377361351,2.13067239984214,0.0331161404059007,0.46680767503591
"PTI98_003914",8.91922475874587,-1.76877298618912,0.835673490985137,-2.11658381565269,0.0342951848786332,0.46680767503591
"PTI98_003984",13.673420063901,-3.17358336780623,1.4724846289853,-2.15525738288566,0.0311416987348122,0.46680767503591
"PTI98_000382",7.05766412433776,1.76247243847855,0.831459732934198,2.1197327647592,0.0340285882196095,0.46680767503591
"PTI98_000531",7.09578032316218,-2.14825522190638,1.0261949629583,-2.09341820945351,0.0363118383056719,0.46680767503591
"PTI98_013621",61.2987014768324,1.28627511043073,0.612227963378491,2.10097412625946,0.0356432375754703,0.46680767503591
"PTI98_001637",8.88265520788107,-1.74720186340106,0.810939560371894,-2.15454017633546,0.0311978347857288,0.46680767503591
"PTI98_007350",50.8433540195597,1.46953601469207,0.698470047552164,2.10393562306953,0.03538406303249,0.46680767503591
"PTI98_013639",47.891801891112,0.927805532313813,0.441456849620167,2.10169019489018,0.0355804230520671,0.46680767503591
"PTI98_007602",34.113262892595,1.08804522047197,0.516475540921188,2.10667327736629,0.0351459100997624,0.46680767503591
"PTI98_007881",28.6165132220201,1.0818084842426,0.515007097031815,2.10057005132062,0.0356787253173968,0.46680767503591
"PTI98_007893",26.5588023862301,2.05795445786356,0.983285468979327,2.09293691688515,0.0363547862102574,0.46680767503591
"PTI98_005833",8.34234275089791,-1.6531528956705,0.788965983987433,-2.09534115439992,0.0361406765311286,0.46680767503591
"PTI98_006078",11.6081767172961,-1.69759329390058,0.806562252385101,-2.10472693072431,0.0353150848325635,0.46680767503591
"PTI98_007014",9.05919139914356,-1.9200115822905,0.881827899064825,-2.17730872920517,0.029457540320835,0.46680767503591
"PTI98_009968",9.61048515559535,-1.57968578013692,0.738258965406027,-2.13974479709586,0.0323753966271582,0.46680767503591
"PTI98_010236",5.57321691266974,1.72583115008116,0.79104451927083,2.1817117849094,0.0291308106110355,0.46680767503591
"PTI98_010371",28.2736996596678,1.25723948214884,0.580523541361384,2.16569939472307,0.0303341653292828,0.46680767503591
"PTI98_010436",5.81309512220223,-3.41329247164831,1.62804661655025,-2.09655696400199,0.0360328123234212,0.46680767503591
"PTI98_010449",423.749780727208,-1.4132270413779,0.66156839236325,-2.13617678488172,0.0326650069446426,0.46680767503591
"PTI98_010693",7.18286088694524,-1.6470629949156,0.768617922790895,-2.14288913396011,0.0321220017012114,0.46680767503591
"PTI98_010713",9.19348053924524,1.60542791759975,0.733288774799504,2.18935291630327,0.0285711990139386,0.46680767503591
"PTI98_010841",21.595553810894,1.78290928713481,0.842284607336612,2.11675397081344,0.0342807337028426,0.46680767503591
"PTI98_010992",29.7066167584167,1.09542068075366,0.503908222978889,2.17384958371587,0.0297164333715235,0.46680767503591
"PTI98_010998",5.51352876833564,-1.59421108177512,0.738215375995519,-2.15954738090526,0.030807725624645,0.46680767503591
"PTI98_011048",12.2429333496078,1.21962985921214,0.578115601022334,2.10966432501623,0.0348872794260665,0.46680767503591
"PTI98_012609",7.97596870559008,-2.34299964054096,1.1066931746363,-2.1171176386002,0.0342498650609516,0.46680767503591
"PTI98_012817",7.07181648068838,1.81036361266321,0.826171423655472,2.19126873773132,0.0284323509566204,0.46680767503591
"PTI98_008671",20.3103496685954,1.38983761432548,0.665772244360382,2.08755715801988,0.0368377999997846,0.469067986663924
"PTI98_012854",8.40577505941237,-1.39855947818876,0.67144536353922,-2.08290883239834,0.0372595343828654,0.470517095347259
"PTI98_001366",6.28724684381156,1.70017273716118,0.822377435627929,2.06738738625897,0.0386976658616714,0.48467240521831
"PTI98_003621",8.47820404732549,1.5060279990886,0.738687795638411,2.03878825124899,0.0414711653851237,0.502512316518398
"PTI98_000669",14.9698013871887,-1.462720769058,0.718135549330451,-2.03683102782164,0.0416669778161053,0.502512316518398
"PTI98_006370",23.5540076904923,-1.15105684685937,0.565345333929147,-2.03602431607516,0.0417479136214738,0.502512316518398
"PTI98_011732",12.0717841989115,1.57363474890659,0.772965747134028,2.03584020992036,0.0417664032708354,0.502512316518398
"PTI98_011997",5.27199049369776,-1.86449164041778,0.913156265704978,-2.04181004986956,0.0411703769808717,0.502512316518398
"PTI98_001604",11.1315297119597,1.51389700990583,0.74528855331661,2.03128976443933,0.0422256090769974,0.504068208356656
"PTI98_005129",22.981261842259,1.2214842132788,0.604426717149068,2.02089712221895,0.0432904158802274,0.508828888192211
"PTI98_011112",42.2285709169079,-1.34335950436568,0.664147899072443,-2.02268125253703,0.0431060209796712,0.508828888192211
"PTI98_006154",15.4336398166855,-1.50065699416116,0.745287355146703,-2.01352804901107,0.0440591072192092,0.512581480500379
"PTI98_008389",9.6601995477599,1.65196739048108,0.8212921192751,2.01142486541715,0.0442805991008181,0.512581480500379
"PTI98_002043",10.9065764031187,1.68792052680419,0.841080605159132,2.00684752026215,0.0447659012214859,0.514302985461883
"PTI98_011938",21.3001489064589,1.31961568240783,0.659599943251942,2.00063037589405,0.0454322375844499,0.518063127082384
"PTI98_003749",23.2651908831195,1.72072307766485,0.867824989737641,1.98279964049555,0.0473898142031202,0.520725360252365
"PTI98_000780",12.7940500203364,-1.31069474693331,0.658123318028864,-1.99156405954275,0.0464189100565187,0.520725360252365
"PTI98_001186",19.0392121069009,1.09707133098639,0.552938436074859,1.98407500620533,0.0472474789395233,0.520725360252365
"PTI98_004981",31.2433262349939,-1.25053134463433,0.627239722258282,-1.99370559653329,0.0461842374201699,0.520725360252365
"PTI98_010312",13.3584801195031,-1.31162099263099,0.662455418458675,-1.97993850768512,0.0477104387665779,0.520725360252365
"rRNA_CM057210.1_1811542",15.0881369495361,-2.71013018631673,1.36438750703008,-1.98633465372017,0.0469961772223154,0.520725360252365
"PTI98_012650",7.75866382544752,-1.33214925331708,0.674934855174608,-1.973744937165,0.0484107527046716,0.524621490303107
"PTI98_002274",10.0568123229534,-1.84646211547271,0.947684406027328,-1.94839347754285,0.0513678996686423,0.535154572241508
"PTI98_004526",5.47051240589931,-1.5590089641222,0.799674926823793,-1.9495533895434,0.0512293734652997,0.535154572241508
"PTI98_006819",17.4748235683583,1.25689951663176,0.645825453626446,1.94619073864929,0.051631832000436,0.535154572241508
"PTI98_006904",7.8424038869789,1.70082132386181,0.874679974438165,1.94450698948984,0.0518343433846487,0.535154572241508
"PTI98_008732",6.87735598033717,1.37341112729701,0.705819459514943,1.94583913603183,0.0516740658999139,0.535154572241508
"PTI98_011242",14.7800682018729,-1.17372553235709,0.601405741547126,-1.95163672587771,0.0509813497148455,0.535154572241508
"rRNA_CM057219.1_20917",9773.26581690312,-1.63138823193109,0.838801976691113,-1.94490270321793,0.051786689638895,0.535154572241508
"PTI98_007684",16.5734921590674,1.78207335244377,0.919956475532849,1.93712789663399,0.0527297113262165,0.5353632150642
"PTI98_006867",5.92137900710648,-2.03126844253099,1.04656139940759,-1.94089753709701,0.0522707068182453,0.5353632150642
"PTI98_012975",80.349717546505,1.37867221062663,0.71223805631258,1.93569017887689,0.0529056580331768,0.5353632150642
"PTI98_007237",32.6577543241771,-1.41231392186647,0.73102532629327,-1.93196305390367,0.0533640661961407,0.536449297024362
"rRNA_CM057219.1_22400",3171.74144625919,-1.07769496300964,0.559438870816409,-1.92638556101209,0.0540562489893244,0.539855872259397
"PTI98_012247",6.02226199457458,-2.44380615108734,1.27800199916879,-1.91220839456964,0.0558494698222988,0.554142791483588
"PTI98_000356",5.61894338526372,-1.60652315209488,0.842584673236058,-1.90666078214408,0.0565645285938612,0.557616772202709
"PTI98_011172",6.10996429207497,1.52242210937744,0.799971236314781,1.90309606179188,0.0570280117413254,0.558582063722726
"PTI98_001647",21.9961607132465,-1.21038509830671,0.638563745793129,-1.89548045325271,0.058028778937282,0.56238164997036
"PTI98_006977",11.2550469200398,-1.16799695987311,0.616503597178114,-1.89455011328289,0.0581520292508618,0.56238164997036
"PTI98_004435",36.6668968617091,0.829249374859311,0.438438793244086,1.89136861892067,0.0585751545906095,0.562910919587744
"PTI98_008578",21.3263292737781,1.61369789727274,0.85476085791005,1.88789400256154,0.0590401818596236,0.563833736759406
"PTI98_000639",5.5340588312801,-1.62613780300359,0.864509643717575,-1.88099440511832,0.0599726799243699,0.565870762928069
"PTI98_010523",5.65362940677647,1.29006804721609,0.68590118696947,1.88083658655852,0.0599941515669811,0.565870762928069
"PTI98_011741",5.20103154611892,-1.88678202729199,1.00581653081176,-1.87587096601925,0.0606730003122778,0.568762849553132
"PTI98_003095",36.1031468326394,-1.02334749106387,0.550572341522579,-1.85869760226941,0.0630700135318201,0.574184114947465
"PTI98_003635",6.65330595493417,1.38081684223189,0.738838631502896,1.86890179175272,0.061636479001587,0.574184114947465
"PTI98_004083",8.26033619021485,-3.43559482094873,1.84624312428826,-1.86085720550655,0.0627643444984075,0.574184114947465
"PTI98_004982",22.197221658947,1.099265316252,0.591551964557793,1.85827346051288,0.0631301906486742,0.574184114947465
"PTI98_010656",7.37989409526437,1.75403682467934,0.940929816644384,1.86415266436632,0.0623002685852111,0.574184114947465
"PTI98_007808",15.4261511434105,-1.10254641201904,0.595620081842935,-1.85109005829286,0.0641565981025282,0.575170673118874
"PTI98_009618",6.13994285609665,-1.64254369172444,0.886724053306327,-1.85237299653696,0.0639722801593281,0.575170673118874
"PTI98_013289",8.80846223379414,1.91434514899376,1.03499214112622,1.84962288400631,0.0643679221880415,0.575170673118874
"PTI98_013286",15.7371154625674,-1.69044996049433,0.916224197122454,-1.84501780874534,0.0650349480641676,0.577752329314233
"PTI98_005272",27.234003153262,0.942508432320005,0.512310342487958,1.83972165727292,0.0658091122887774,0.581250425302034
"PTI98_009902",5.80126265237845,-1.45853339722484,0.795567306444902,-1.83332495617811,0.0667542602114989,0.586209825305576
"PTI98_005995",14.240642233807,-1.16136634229647,0.637276794732871,-1.82238919084334,0.068395953518111,0.593801232816327
"PTI98_009865",30.646014786306,1.04299820071853,0.572236467129728,1.82266992865745,0.0683533974334607,0.593801232816327
"PTI98_007318",21.0615219527749,1.4721086287816,0.809252413339272,1.81909698941414,0.0688966343020255,0.594768684822005
"PTI98_002276",9.66480724622803,1.72232552651886,0.953720049274085,1.80590261034125,0.0709335533019126,0.598820273178578
"PTI98_002681",8.46887990472994,-1.25737124188162,0.696045963275693,-1.80644857986712,0.0708482991603786,0.598820273178578
"PTI98_002854",7.89583566200079,-2.12164568274132,1.17071712456415,-1.81226159438916,0.0699457857953723,0.598820273178578
"PTI98_001111",14.8484967432692,-1.06511045250208,0.589386362169079,-1.80715150683539,0.0707386595742891,0.598820273178578
"PTI98_002010",15.1529975995287,-1.10368716674367,0.615235616477137,-1.79392599710567,0.0728249813671528,0.607805668712389
"PTI98_004345",25.098762934459,0.980504837210319,0.546244200262118,1.79499358847164,0.072654721464451,0.607805668712389
"PTI98_008097",7.06854100717456,-1.36272000877926,0.760600840534903,-1.79163621199907,0.0731912585360468,0.607805668712389
"PTI98_002886",14.6276662103315,-1.31729631614328,0.742523087697096,-1.77408128847389,0.0760497053714126,0.608397642971301
"PTI98_002899",7.17546746559475,-1.45155237992687,0.817005134547704,-1.7766747337891,0.0756217716969021,0.608397642971301
"PTI98_000183",7.48164777586988,-3.11898277172257,1.7475113523771,-1.78481402565991,0.0742914875686721,0.608397642971301
"PTI98_006429",5.56604969746506,1.65601998524292,0.932295217683608,1.7762828274047,0.0756863122159042,0.608397642971301
"PTI98_006808",6.74444436764143,1.86825639850431,1.04474896464704,1.78823474511456,0.0737381428320007,0.608397642971301
"PTI98_008556",6.18461192342734,-1.51567861571792,0.851509628084373,-1.77998999157264,0.075077598646328,0.608397642971301
"PTI98_012734",9.3143247162364,-1.65533161711701,0.933024158228198,-1.77415729541287,0.0760371357405544,0.608397642971301
"PTI98_005568",10.4294337604828,-1.37405590658903,0.779257295974853,-1.76328911347578,0.0778517404758208,0.615796990713838
"PTI98_010051",36.2162882765424,1.11325699975798,0.630711176535326,1.76508208697587,0.0775499707563727,0.615796990713838
"PTI98_012708",6.75073534539693,-1.58091552275392,0.89757244533514,-1.76132359117111,0.078183649344558,0.615796990713838
"PTI98_008005",5.57851228559523,-1.58632862758826,0.904371478977799,-1.75406750927314,0.0794189401437183,0.622318669433854
"PTI98_010571",6.99653178823679,-1.54430029563654,0.884673558730042,-1.74561597370831,0.0808777046843382,0.630515983457494
"PTI98_010028",10.1774920219594,1.11957802281391,0.643152223199647,1.74076677717768,0.08172446770225,0.633883180959583
"PTI98_005891",14.0774729540558,1.07716516599832,0.620328093349871,1.73644427448297,0.0824853095204538,0.636553297713401
"PTI98_002974",5.44282647619757,-1.25746080106928,0.728604106176789,-1.7258491825795,0.0843745489981805,0.647860858639295
"PTI98_003269",7.33416002623053,1.12831301385576,0.654976093925237,1.7226781623339,0.0849467415289945,0.648993105281518
"PTI98_011349",5.26058255871158,1.66956920737501,0.976643704213667,1.70949671837514,0.0873589790682248,0.664102089633072
"PTI98_006534",18.6811145452244,1.29537651739097,0.760156651209878,1.70409153867065,0.0883639871429852,0.665672488701309
"PTI98_009750",9.31263533271376,1.35132465202696,0.793169812881458,1.70370156564307,0.0884368555015483,0.665672488701309
"PTI98_001658",19.3409024968542,-0.955804328627049,0.561877917505685,-1.7010889711952,0.0889262815672605,0.666075285464579
"PTI98_006981",5.7642299983351,-1.24488326662123,0.734481247539508,-1.69491497678335,0.0900915509702748,0.671511657963804
"PTI98_006477",10.759543225558,1.43757363925188,0.850761291074809,1.68974970339297,0.0910758499148032,0.675552906164171
"PTI98_011371",43.6177266739417,-1.05860996202938,0.628134982598493,-1.68532240896707,0.0919263845406744,0.678567708107007
"PTI98_004577",8.33380789741392,-1.55200748447897,0.922412225663309,-1.68255302921957,0.0924616510490187,0.678800643349882
"PTI98_007488",5.34290118333307,1.40317764447614,0.834941392311754,1.68057022612219,0.0928464230759983,0.678800643349882
"PTI98_003111",36.0039245612436,0.89344600762289,0.532862855026984,1.67669035136188,0.0936030483514092,0.679610283763162
"PTI98_001516",14.746461582868,1.13711419305235,0.678693327769964,1.67544625315333,0.0938467080327403,0.679610283763162
"PTI98_006615",5.8301951608206,1.65158937800814,0.987578458521927,1.67236270066078,0.0944528225134706,0.680773173587656
"PTI98_010336",13.2524065159241,-1.11408743164601,0.670037447596645,-1.66272412928878,0.0963676698881605,0.69131361309441
"PTI98_003430",9.34816609722618,1.17496414404016,0.708301654418265,1.65884709814093,0.0971466069840733,0.693122770950083
"PTI98_001063",5.34004715622141,-1.32681645851939,0.801836007638157,-1.65472296813857,0.0979807058411112,0.693122770950083
"PTI98_008016",8.61088613633231,-1.29606511913395,0.78322368406023,-1.65478284877081,0.0979685542736394,0.693122770950083
"PTI98_005620",8.78232880850548,1.31273314751648,0.801990172718825,1.63684443048246,0.10166297945057,0.712573544038858
"PTI98_010946",12.6362955180004,0.895793000707573,0.547171604083096,1.63713356837782,0.101602563939247,0.712573544038858
"PTI98_000206",50.2508262360577,-0.871434881292564,0.534972528933644,-1.6289338875579,0.10332701533345,0.718290231614168
"PTI98_007882",10.0210187444289,-1.00561992683214,0.617512720019327,-1.62850074861723,0.103418750625077,0.718290231614168
"PTI98_002519",12.8628740133704,0.965517624273081,0.615287551913125,1.56921364859565,0.1165981649978,0.721827878155161
"PTI98_003313",11.4757362276394,1.23990365835576,0.781325264531234,1.58692380067814,0.112529903684187,0.721827878155161
"PTI98_003389",23.6104341374205,0.819977015942699,0.523808055670309,1.56541505436259,0.11748562080326,0.721827878155161
"PTI98_003411",16.0922520011266,1.23571115840042,0.777159471330891,1.59003551263971,0.111826800417169,0.721827878155161
"PTI98_003912",8.96879031899863,-1.10924371920555,0.706444360318075,-1.57017846204635,0.116373598780467,0.721827878155161
"PTI98_000565",9.68156756819179,-1.15652259824682,0.738593794162984,-1.56584391499993,0.117385162491981,0.721827878155161
"PTI98_000662",5.49398944307821,1.47010353059693,0.943102554116894,1.55879498383239,0.119044911842343,0.721827878155161
"PTI98_001238",96.3621129168732,0.679477661233679,0.4289457177854,1.58406444699284,0.113179053965914,0.721827878155161
"PTI98_001269",6.33992095659354,1.21691678079499,0.772521612604193,1.57525273201448,0.115198119785898,0.721827878155161
"PTI98_001347",7.83295981665018,1.36755190269279,0.876043532673768,1.56105473265569,0.118510837462902,0.721827878155161
"PTI98_001368",8.69919634838137,1.07560739337027,0.681247447209452,1.57887915437512,0.11436377825056,0.721827878155161
"PTI98_001701",18.907461789403,1.10111403686633,0.695106844304142,1.58409321658835,0.113172507830302,0.721827878155161
"PTI98_001845",12.0588366252654,-0.919899801433505,0.583355857279742,-1.57691019975887,0.11481618927434,0.721827878155161
"PTI98_001894",7.45375196822834,1.17247643600763,0.722503738636616,1.62279635842456,0.104632944467583,0.721827878155161
"PTI98_002052",43.260123344695,2.08581114959325,1.2962922074188,1.60905939081941,0.107603355778723,0.721827878155161
"PTI98_004666",11.5016407373403,-1.07336327909872,0.670943186533389,-1.59978266512333,0.109646805714415,0.721827878155161
"PTI98_004855",5.22047465805222,1.33268420641753,0.830774252379559,1.6041472188147,0.108681605777064,0.721827878155161
"PTI98_004976",8.07846125497589,1.16232504900032,0.73804182966142,1.57487692741418,0.115284855296092,0.721827878155161
"PTI98_005219",5.59507757410767,1.19257728697909,0.756350026687592,1.57675314986362,0.114852335521945,0.721827878155161
"PTI98_006432",10.2044427225659,-1.1964662742616,0.739190767262381,-1.61861636704792,0.105529831340549,0.721827878155161
"PTI98_008434",32.5144144499022,1.04233489280239,0.652063463611011,1.5985175538438,0.109927841940695,0.721827878155161
"PTI98_008672",6.55433758856764,1.26544382880567,0.809742812664341,1.56277253593881,0.118106106192737,0.721827878155161
"PTI98_009883",6.03915238043759,-1.17411878112181,0.741446679390954,-1.58355120301607,0.113295885891789,0.721827878155161
"PTI98_010158",26.6133334232188,0.92069467240462,0.589041898596306,1.5630376626835,0.118043736437239,0.721827878155161
"PTI98_010315",46.8382628052654,3.35424195576582,2.14950649820393,1.56047072133466,0.118648683706992,0.721827878155161
"PTI98_010481",6.32185449933391,-1.17213998523289,0.732095716325232,-1.60107477628263,0.109360358170041,0.721827878155161
"PTI98_010510",11.465125562711,-1.0636554618354,0.67829125040667,-1.56813973525044,0.116848525033165,0.721827878155161
"PTI98_010803",5.46087398463457,-1.42930400152379,0.904766423816124,-1.57974916387289,0.114164321740785,0.721827878155161
"PTI98_010985",8.02345027278174,-1.26369286404567,0.794033622089764,-1.59148533373164,0.111500393484604,0.721827878155161
"PTI98_011075",5.31755806573132,1.14595422257842,0.720499183276032,1.59050037693019,0.111722060729428,0.721827878155161
"PTI98_012511",8.88355933976047,-1.00839585067128,0.628410897551253,-1.60467594467366,0.108565138485279,0.721827878155161
"PTI98_012733",13.7483384275786,-1.20783049376327,0.751083456487347,-1.60811755781712,0.10780943450148,0.721827878155161
"PTI98_001383",13.9685598569649,0.835676973669061,0.537741105403484,1.55405076024833,0.120172309133014,0.722926332107265
"PTI98_001422",23.6628637404814,-0.80804898796543,0.519617893056983,-1.55508306923683,0.119926286663131,0.722926332107265
"PTI98_000470",15.1838700938201,1.0447313999848,0.676859000155742,1.54349931040943,0.122709674680258,0.723939702360747
"PTI98_009974",40.774378982789,0.851429915995335,0.550602979014354,1.54635907985732,0.122017870942885,0.723939702360747
"PTI98_010208",6.94501374939671,0.994744392878631,0.64246454807561,1.54832573386067,0.121543891708109,0.723939702360747
"PTI98_013183",22.3350381861926,0.927313034739807,0.599206811844506,1.54756757835464,0.121726442377208,0.723939702360747
"PTI98_013555",8.36458196423451,-1.05164335536762,0.680799095904762,-1.54471908334428,0.122414226892911,0.723939702360747
"PTI98_005255",30.2780747184024,-1.24496145059538,0.808996016238098,-1.53889688651936,0.123829471400626,0.725632911639652
"PTI98_005445",6.42535470685555,-1.07521819565397,0.699104182626929,-1.53799422514362,0.124050026779241,0.725632911639652
"PTI98_005488",20.1527885356656,0.923615648459804,0.601125458582255,1.53647734474287,0.124421350032453,0.725632911639652
"PTI98_007560",18.628706041184,0.802990245848242,0.523484386257883,1.53393351726954,0.125046009257165,0.72650304998079
"PTI98_005983",9.29119288896551,-1.02612136339375,0.673423071398313,-1.52373954349839,0.127573787137064,0.727360995318784
"PTI98_008481",6.2145626035105,1.11241550892943,0.729617629693785,1.52465546836677,0.127345054450313,0.727360995318784
"PTI98_009997",30.2391829551023,-1.60096371061082,1.04867889983073,-1.52664815785771,0.126848525074349,0.727360995318784
"PTI98_011284",5.58927426346407,1.28653971214254,0.843465790622703,1.52530159070557,0.127183891208205,0.727360995318784
"PTI98_011926",6.93873906904632,1.18115542911877,0.773884443066027,1.52626847548348,0.126943016226772,0.727360995318784
"PTI98_006465",5.36421117197547,1.05519094349635,0.69548374146878,1.51720432927434,0.129215103622299,0.728563388689567
"PTI98_010727",23.7420345706539,-0.904999066586525,0.596425392032216,-1.51737179314733,0.129172841350732,0.728563388689567
"PTI98_013487",20.7489803273637,-0.946937721410668,0.622745963602977,-1.52058427794865,0.128364194681737,0.728563388689567
"PTI98_004337",9.13249014647864,1.06676502578881,0.705298735721602,1.5125009754872,0.130406464665755,0.732577492681153
"PTI98_004701",41.8733913029873,0.770282125984863,0.509924971807034,1.51057933729975,0.130895661702623,0.732632128504056
"PTI98_003981",5.55248078067697,-1.7569780343842,1.16921735680091,-1.50269581969896,0.132917501201062,0.7385379703099
"PTI98_012857",11.1453403340332,-1.10235763177357,0.733209068517006,-1.5034697184027,0.13271795999438,0.7385379703099
"PTI98_002242",11.8842893532602,-1.00059737885947,0.671096994401047,-1.49098772190524,0.135964718493081,0.744248169956875
"PTI98_001005",19.2882672265313,1.3838465528654,0.92565057578301,1.49499885709551,0.134914740420045,0.744248169956875
"PTI98_006317",25.2009910429311,0.796270429495382,0.533443717822437,1.49269811020706,0.1355162282824,0.744248169956875
"PTI98_012755",37.7525975697503,0.814495784115689,0.545303404371886,1.49365615102637,0.135265514969008,0.744248169956875
"rRNA_CM057210.1_2109433",73.8840986565042,-1.4750625649315,0.990369858924048,-1.4894057524469,0.136380554704139,0.744248169956875
"PTI98_010039",14.5892606911432,0.932843185541661,0.6284016698303,1.48446961605556,0.137684378015016,0.746511411312229
"PTI98_012238",12.2884807877802,1.01771787265564,0.685730086928787,1.48413769798806,0.137772393972545,0.746511411312229
"PTI98_001843",7.57072640531965,0.932501673687725,0.62916603196287,1.48212336063107,0.138307474006505,0.746762615837242
"PTI98_005163",20.4074768804993,0.805784596865331,0.545371496959994,1.47749671802969,0.139542537397243,0.750778158954179
"PTI98_011135",6.61186653336182,-1.02544510915789,0.695053282440771,-1.47534748063761,0.140119147394634,0.75123528848772
"PTI98_000189",13.6991822832015,0.975426669591556,0.664952326732271,1.46691218359221,0.142399945752651,0.754679047333149
"PTI98_001149",7.8872148197884,-1.11566337263903,0.761194668364718,-1.4656741816595,0.142737071125183,0.754679047333149
"PTI98_007391",14.0562680913041,-0.867517146453792,0.590896681553531,-1.46813677168231,0.142067074932693,0.754679047333149
"PTI98_007036",9.14541350186854,-1.31501580304952,0.894838391202953,-1.46955675569721,0.141681839665829,0.754679047333149
"PTI98_008168",17.5074326318162,0.808319835225948,0.552921942481269,1.46190587336535,0.143767005280718,0.754900288896693
"PTI98_012705",8.95076645529718,0.946208995520773,0.646903171727812,1.46267484358369,0.143556372894175,0.754900288896693
"PTI98_003314",38.3940147715376,0.926881728617699,0.644021545376006,1.43920919303491,0.150091261535737,0.767021563968581
"PTI98_003406",27.3165684981414,0.978468548680743,0.678647113752459,1.44179283880023,0.149360823702643,0.767021563968581
"PTI98_000818",5.24164831783776,-1.45815260735242,1.00584097687486,-1.44968503061278,0.147146371997892,0.767021563968581
"PTI98_006312",32.9970338185896,0.702096056080852,0.484061124428049,1.45042851129684,0.14693906119321,0.767021563968581
"PTI98_006501",21.1059018094387,1.11412290657039,0.773737199887084,1.43992418450732,0.14988884995347,0.767021563968581
"PTI98_006950",36.6042668701224,0.770560260258344,0.532284471151847,1.44764745548724,0.147715672040838,0.767021563968581
"PTI98_013610",187.954489121526,0.95753724703525,0.662174731642017,1.44604920918805,0.148163400065134,0.767021563968581
"rRNA_CM057210.1_2075565",50.2752010177279,-1.48772325136913,1.03314807103461,-1.43999034899161,0.149870129550251,0.767021563968581
"PTI98_002463",15.0394788302824,0.953426965788166,0.663566979659819,1.43682099172105,0.150768864129654,0.76791608130037
"PTI98_002423",104.926757033289,0.820703727705719,0.574676182080742,1.42811509036999,0.153258734719271,0.775428300169026
"PTI98_010775",7.08486593854578,1.0949900615163,0.766530175432928,1.42850222549668,0.153147354511973,0.775428300169026
"PTI98_004096",9.82257735161888,-1.05929206699874,0.745216272082947,-1.42145590036289,0.155184265294393,0.778152754459737
"PTI98_001761",5.79793252601491,-1.02168590941804,0.723941142195064,-1.4112831138733,0.158161151506076,0.778152754459737
"PTI98_004726",5.83499411238726,-1.17111482831228,0.82943644188508,-1.41194040817721,0.157967508429584,0.778152754459737
"PTI98_004844",5.83545401973728,-1.20252224627839,0.849187400654674,-1.41608583140932,0.156750375906249,0.778152754459737
"PTI98_007279",9.29122823327337,-1.20204959267177,0.848699648086852,-1.41634274902958,0.156675177301119,0.778152754459737
"PTI98_005745",12.2932828120753,1.05849730691113,0.750420407528513,1.41053907422009,0.158380567170797,0.778152754459737
"PTI98_008613",6.17814635579214,-1.01516766792312,0.719361416566057,-1.41120672383171,0.158183668152554,0.778152754459737
"PTI98_008656",8.1327704725676,1.34379144394698,0.945609274055133,1.42108530533366,0.15529196140722,0.778152754459737
"PTI98_012264",6.49207669481187,1.1429468961875,0.809603403428308,1.41173677302693,0.15802748142951,0.778152754459737
"PTI98_000575",7.70612374676401,1.32016532635284,0.9396409758164,1.40496781252629,0.160030849831291,0.78374082866094
"PTI98_003188",6.76868986494184,0.970123980746437,0.703152269058663,1.37967837612923,0.167685693695441,0.785774516461063
"PTI98_003263",33.3114947780608,0.697055842204547,0.510762036734759,1.36473698527154,0.172335730676328,0.785774516461063
"PTI98_003352",10.2041416712215,0.808179822101356,0.589517872710518,1.37091657354757,0.170400964207671,0.785774516461063
"PTI98_000110",11.0590528560121,0.998242872879258,0.731838439646998,1.36402082590901,0.172561011219108,0.785774516461063
"PTI98_000714",24.2155756150835,0.741058730198612,0.545210268109109,1.35921638594361,0.174078030390331,0.785774516461063
"PTI98_001039",12.9477212661078,1.24351651999869,0.912619472971943,1.36257942858614,0.173015095757392,0.785774516461063
"PTI98_001404",60.9996987315021,0.682552138003428,0.503660616389833,1.35518266823375,0.175359365257345,0.785774516461063
"PTI98_004622",22.3021401132423,-0.888045049807221,0.649678639552846,-1.36689894933045,0.171656981383031,0.785774516461063
"PTI98_004858",15.4484536724025,-0.966339678712463,0.707369501595222,-1.36610311376618,0.1719066011237,0.785774516461063
"PTI98_005126",19.950201343234,0.813534393574478,0.585378425118796,1.38975807557202,0.164602352867004,0.785774516461063
"PTI98_005263",26.941569774738,0.73999221719403,0.5390850453329,1.37268177553889,0.169851297186024,0.785774516461063
"PTI98_007552",31.4603279736205,0.709722608961409,0.511026427950606,1.38881781869412,0.16488815544733,0.785774516461063
"PTI98_005928",8.87570625096203,1.20073868726529,0.883787841052927,1.3586277514689,0.174264576691135,0.785774516461063
"PTI98_006179",23.9287284149907,1.16728869146441,0.856190347092644,1.36335184743459,0.172771649074728,0.785774516461063
"PTI98_006530",6.22806000933803,1.16208483640232,0.829898942233427,1.40027270461981,0.161431671312252,0.785774516461063
"PTI98_008404",5.49994082811715,-1.49389740942275,1.07699716657114,-1.38709502289491,0.165412789493037,0.785774516461063
"PTI98_008835",39.1254400778576,-0.904580979808865,0.665328465382962,-1.35960059861288,0.173956348625267,0.785774516461063
"PTI98_008953",6.89096614164634,1.2847833395107,0.928344871578531,1.38395048956977,0.166373615313269,0.785774516461063
"PTI98_009764",6.72202653652434,1.1832054851377,0.849099553817608,1.39348263677437,0.163473892013472,0.785774516461063
"PTI98_010086",17.474577986801,0.76375635362697,0.549872428867569,1.38897008384269,0.16484184725693,0.785774516461063
"PTI98_010089",5.29414989395073,1.2192551091029,0.880137064774658,1.38530140122558,0.165960325465708,0.785774516461063
"PTI98_010206",10.35333145127,1.00125010084165,0.737354210829727,1.35789568451093,0.174496786938833,0.785774516461063
"PTI98_010288",5.60578450676893,-1.07285828493883,0.779371480298769,-1.3765685710331,0.168645673443663,0.785774516461063
"PTI98_011095",13.6834017589797,-0.984577183321784,0.726341301513968,-1.35552966803561,0.175248862807721,0.785774516461063
"PTI98_011372",7.84882310133451,1.25077769016927,0.920749878490025,1.35843372819171,0.174326098018464,0.785774516461063
"PTI98_011670",6.14049243597211,1.17478680012462,0.846767484499677,1.38737826100959,0.165326450283181,0.785774516461063
"PTI98_011955",11.7306122773833,-1.1766695188278,0.844348934801576,-1.3935820492322,0.163443852312025,0.785774516461063
"PTI98_011980",14.0672201486869,-1.05097128785162,0.763813627560515,-1.37595252287949,0.168836332587564,0.785774516461063
"PTI98_012052",190.102116921554,1.71189193140623,1.22792180321886,1.39413758019337,0.163276062779546,0.785774516461063
"PTI98_003104",5.90525320930416,-1.11881720060831,0.831116934551543,-1.34616099624056,0.178250600775233,0.790764191835323
"PTI98_000142",11.2289317695564,-1.02045684953682,0.760368578354228,-1.34205552226466,0.179577993826477,0.790764191835323
"PTI98_000814",11.5304317245842,-0.925742362370351,0.688507821432291,-1.34456332020244,0.178766295226459,0.790764191835323
"PTI98_004459",8.69940533711326,-0.947855142218616,0.703231544475092,-1.34785640613735,0.177704571636507,0.790764191835323
"PTI98_005360",6.40378106924334,-1.02171145664747,0.760658359000565,-1.34319362241664,0.179209286219329,0.790764191835323
"PTI98_006289",6.80756032549524,2.11013494985401,1.57110068692905,1.34309339140993,0.179241735198906,0.790764191835323
"PTI98_003200",5.58013670380293,-1.00149295715732,0.749497311883315,-1.33621954512525,0.181477524457833,0.792279021061625
"PTI98_003242",5.6421247902486,-1.04728025237315,0.782114765649769,-1.33903654344524,0.18055877662897,0.792279021061625
"PTI98_011215",9.88320174954849,-1.01536159855766,0.759748288979893,-1.3364447321375,0.181403953667303,0.792279021061625
"PTI98_008161",16.5994682614962,1.35373096594953,1.02222499593221,1.32429843853995,0.185403948910629,0.806853693272322
"PTI98_008524",6.03775491468352,-1.11969402639511,0.846400127563474,-1.32288971838693,0.185872054994671,0.806853693272322
"PTI98_001870",11.8694033738135,-0.81989713302285,0.622215975887579,-1.31770504904392,0.187602403708408,0.809764047645331
"PTI98_001949",5.5349207546958,1.01746332548423,0.771655637966143,1.31854583239483,0.187320992957724,0.809764047645331
"PTI98_000185",7.28537611020995,-1.85052600414159,1.40862026263532,-1.31371530939043,0.18894202703304,0.81324906283517
"PTI98_001955",7.76415500168534,-1.01662046408761,0.776300145383627,-1.30957139468938,0.190340870698866,0.81468025329935
"PTI98_012711",9.17591071337169,0.84994143924454,0.648743188133934,1.31013543539369,0.190150022738498,0.81468025329935
"PTI98_001674",12.7615269425215,0.846343443055707,0.649881249665788,1.30230475720134,0.192812226076737,0.818720233297801
"PTI98_006376",8.9710223294296,-0.929706420935165,0.713565014115517,-1.30290359328724,0.192607677036252,0.818720233297801
"PTI98_008689",20.5162516078597,1.12649147884818,0.865153817548868,1.30207074857478,0.192892201562309,0.818720233297801
"PTI98_012545",53.838662853798,0.75204873894234,0.579094240322531,1.29866382114849,0.194059325186305,0.821392379181923
"PTI98_004597",6.37516554893253,-0.972451694421572,0.757679279723113,-1.28346085269343,0.199330666200938,0.835387252464344
"PTI98_006714",11.6732522342219,0.805194608244872,0.627671862533955,1.28282731201977,0.199552583213014,0.835387252464344
"PTI98_011758",6.76546274974066,-0.94109771378022,0.732685893468795,-1.28444906906114,0.198984873255484,0.835387252464344
"PTI98_011799",7.85571991317809,0.914629399416861,0.712218406179403,1.28419792507647,0.199072711030304,0.835387252464344
"PTI98_005382",17.4258455842181,-0.701230470134227,0.549492865990506,-1.27614117222469,0.201905619585431,0.842928379034257
"PTI98_008695",16.0505551254276,0.772565370457739,0.607211774700773,1.27231618793699,0.203260799227138,0.84397418809529
"PTI98_010101",19.7000003471516,0.844803867430964,0.663524593338109,1.27320656372488,0.202944752044327,0.84397418809529
"PTI98_008643",22.0962788829446,2.34095466682316,1.84457809761435,1.26910032698034,0.204405283695855,0.846426215412646
"PTI98_004947",11.3194178463499,-0.951645879370573,0.754528364670728,-1.26124599674376,0.20722023124494,0.853456909278349
"PTI98_010909",7.23219098164326,0.865501579294254,0.686166700425547,1.26135759540282,0.20718003889926,0.853456909278349
"PTI98_002641",5.20312424152242,0.926751650502257,0.747469228126743,1.23985257938286,0.215029926269287,0.857202646901326
"PTI98_002703",28.6129383198614,0.658017056170747,0.537666480002977,1.22383871906447,0.221013074812007,0.857202646901326
"PTI98_002744",9.93912354345397,0.791252974960112,0.655055151132108,1.20791810215158,0.227078765852658,0.857202646901326
"PTI98_003218",22.819451161629,-0.655379824062895,0.533192725418795,-1.22916122598659,0.219011363301945,0.857202646901326
"PTI98_003337",76.5066691221503,0.551921347971448,0.459197370459362,1.20192619443646,0.229392124610716,0.857202646901326
"PTI98_003377",5.73623490021913,0.860215081405958,0.710935066266486,1.20997700384006,0.226287717104329,0.857202646901326
"PTI98_000608",13.5806023502775,-0.767952732074251,0.633726043887213,-1.21180554197158,0.225586826396261,0.857202646901326
"PTI98_000708",8.41928755731724,0.807141121808274,0.673238673073462,1.19889298415304,0.230569560128564,0.857202646901326
"PTI98_001337",14.3634189872787,-0.76755026048868,0.620796685703958,-1.23639555133628,0.216311568932781,0.857202646901326
"PTI98_001789",12.5042148848552,0.832684268620489,0.676639870801043,1.23061661683447,0.218466287385823,0.857202646901326
"PTI98_001804",5.87178482959618,0.887051123552388,0.737357220242012,1.2030140876104,0.228970869048268,0.857202646901326
"PTI98_001841",5.82955007303431,-1.03447776922477,0.857063532554801,-1.20700243322816,0.227431206903408,0.857202646901326
"PTI98_001993",28.334271482308,-0.700759711175074,0.583311703233409,-1.20134690816356,0.229616661550174,0.857202646901326
"PTI98_005283",5.70864553431275,-1.08457877044749,0.873267097582678,-1.24197828299011,0.214244574814126,0.857202646901326
"PTI98_005352",8.4389908853911,0.826301519362447,0.663338851708711,1.24567031952667,0.212885454415726,0.857202646901326
"PTI98_005441",5.92368838125936,0.969189893083552,0.80000497730085,1.21147982897996,0.225711560743108,0.857202646901326
"PTI98_007418",5.2173900042462,0.963102869164855,0.788472798254355,1.22147887827852,0.221904758023439,0.857202646901326
"PTI98_007590",45.7872506646411,0.630780795289252,0.511588967800826,1.23298357664122,0.217581891623261,0.857202646901326
"PTI98_007711",12.7805861252055,0.723473247183647,0.581729991698879,1.24365815327971,0.21362540348967,0.857202646901326
"PTI98_008113",16.4626237382128,0.696134501493757,0.569673303018399,1.22198898527508,0.221711792361906,0.857202646901326
"PTI98_008192",5.93008657404659,0.991796146942298,0.793982649568626,1.24914083132817,0.211613568632402,0.857202646901326
"PTI98_006087",9.72419683465277,0.874571895697911,0.706596579343416,1.23772449692664,0.215818232652154,0.857202646901326
"PTI98_006235",9.71485944038129,-0.709056964766559,0.588506055027031,-1.20484225898745,0.228264202659708,0.857202646901326
"PTI98_006322",11.0251563986733,0.843604608277809,0.689908591849569,1.22277736245638,0.221413797876769,0.857202646901326
"PTI98_006541",20.5721346476511,0.879266228082126,0.709059165125766,1.24004634779126,0.214958251772794,0.857202646901326
"PTI98_006571",10.1862492969802,0.782401211590014,0.626822077217445,1.24820302287885,0.211956717233749,0.857202646901326
"PTI98_008423",6.00335191154335,1.28045760202486,1.03915932432635,1.23220527598589,0.217872412967151,0.857202646901326
"PTI98_008694",6.95018872314806,0.890161814957844,0.730573696727646,1.21844218994609,0.223055980660036,0.857202646901326
"PTI98_008858",14.0458371258848,0.727723698013175,0.605840503247461,1.20118033395323,0.229681256253918,0.857202646901326
"PTI98_009758",24.8066001519618,1.97940151371343,1.61571819525372,1.22509081071691,0.220541007090273,0.857202646901326
"PTI98_009804",16.8242496589067,0.747962947264356,0.614424141846769,1.21733977609703,0.223474966410703,0.857202646901326
"PTI98_010286",9.40840145693035,-0.776773138623445,0.644658041620558,-1.20493825946974,0.228227137345902,0.857202646901326
"PTI98_011030",43.8923738752509,2.13925449985922,1.78293583981573,1.19984940124391,0.230197834085139,0.857202646901326
"PTI98_011716",10.2515864906121,-0.826070736155839,0.663891717730129,-1.24428534668305,0.213394562122987,0.857202646901326
"PTI98_011753",5.62504768591678,-1.15613330102016,0.92676916721233,-1.24748787715688,0.212218662573355,0.857202646901326
"PTI98_012043",22.9411229316061,1.01354587078995,0.811587148051283,1.24884416075784,0.211722078363254,0.857202646901326
"PTI98_012203",8.25187507716094,0.812523059824468,0.649492440214559,1.25101234366339,0.210929973992258,0.857202646901326
"PTI98_012213",14.2775980013995,-0.844310004475509,0.683458850587289,-1.23534870277852,0.216700755280015,0.857202646901326
"PTI98_012715",49.1171042051473,-0.793870613859083,0.661914529729546,-1.19935517080046,0.230389871020011,0.857202646901326
"PTI98_012796",22.0060210330903,0.643478359623744,0.519518760478042,1.23860466373079,0.215491940112377,0.857202646901326
"PTI98_000703",6.35990556624152,-0.951703684186532,0.796713610280662,-1.19453674683839,0.232268075295051,0.859335639348276
"PTI98_012824",13.1628902751184,1.72699423508324,1.44496347132491,1.19518193321505,0.23201595572365,0.859335639348276
"PTI98_007041",12.9259593323878,0.782616911685576,0.658101882835359,1.18920327094911,0.234359687689675,0.86082116055246
"PTI98_008842",12.3571886396291,0.733749478095625,0.616639098395872,1.18991721414423,0.234078931884337,0.86082116055246
"rRNA_CM057210.1_2084240",48.5801801476022,-1.15230200344411,0.968287950798345,-1.19004063046953,0.234030422991998,0.86082116055246
"PTI98_002508",12.921275927783,0.802522039134717,0.691284738395103,1.16091386741426,0.245676928783825,0.861720247496654
"PTI98_002623",41.2082036721124,0.558873279437986,0.473729891593573,1.17972981936605,0.238107689967744,0.861720247496654
"PTI98_002767",10.9255470625783,-0.805008297427605,0.692839450588261,-1.16189731509097,0.245277177875868,0.861720247496654
"PTI98_000202",5.73547654710201,-0.953371075577464,0.81801641141647,-1.16546692984633,0.243830038921077,0.861720247496654
"PTI98_000659",13.9024423772628,-0.704451213160796,0.607073028669378,-1.16040604654247,0.245883526118155,0.861720247496654
"PTI98_001361",11.2481009041436,0.761613154886121,0.646343592409048,1.17834099978843,0.23866068878945,0.861720247496654
"PTI98_001518",8.16674080758603,0.859384419667439,0.739901977499313,1.16148415033563,0.245445065089644,0.861720247496654
"PTI98_004755",5.62156459270998,-0.908646945767465,0.774900897002874,-1.1725976176849,0.240957205215896,0.861720247496654
"PTI98_007596",7.56815088033164,-0.809390380015479,0.690227328732176,-1.17264319496329,0.240938919894103,0.861720247496654
"PTI98_006071",10.1715787498282,-0.89895574799723,0.765954864897714,-1.17364062713705,0.240539000968153,0.861720247496654
"PTI98_006191",8.58683813174164,-0.812347320407524,0.692843620093943,-1.17248293387962,0.241003219971571,0.861720247496654
"PTI98_006325",22.5076561222708,-0.626196399201393,0.539130253267172,-1.16149371215322,0.245441178787062,0.861720247496654
"PTI98_008833",11.4671576365894,0.911962248037392,0.77255330034108,1.18045220651412,0.237820408497469,0.861720247496654
"PTI98_010912",6.71554731910771,-0.900488040107501,0.775758178186008,-1.16078446277312,0.245729563057777,0.861720247496654
"PTI98_011161",5.30130487784273,-1.02262958043844,0.868695453711455,-1.17720148766672,0.239115095031126,0.861720247496654
"PTI98_011192",5.38474729592745,0.86899223654032,0.748073467542234,1.16164023220254,0.245381632615352,0.861720247496654
"PTI98_012407",10.3857652438122,0.716956328225699,0.606943252322247,1.18125759777793,0.237500406349112,0.861720247496654
"PTI98_012448",6.16579010989418,-0.862141125329179,0.7348247901295,-1.17326080571838,0.240691234623848,0.861720247496654
"PTI98_013276",6.21484893711903,-1.05306606949554,0.90376747550224,-1.16519580316865,0.243939744059682,0.861720247496654
"rRNA_JAQZRA010000014.1_10789",62.7911008291629,-1.16037446483079,0.994474247907932,-1.16682203412693,0.2432822467919,0.861720247496654
"PTI98_006611",6.79260330103303,-1.03455083897291,0.89291502221275,-1.15862183213042,0.246610365774036,0.862289791539423
"PTI98_008811",20.1042846901612,0.866463883480174,0.750473714345018,1.15455593836006,0.248272318984963,0.866118957554847
"PTI98_002807",9.04151626082112,0.797711749587387,0.699272750883191,1.14077339432985,0.253964235029135,0.866188935752326
"PTI98_003162",9.32548773557398,0.782013614343945,0.684785147206947,1.14198390186114,0.253460711191616,0.866188935752326
"PTI98_003716",37.7623174751559,0.614423884518179,0.540924146903826,1.13587808574466,0.256007590943661,0.866188935752326
"PTI98_001052",7.29023501748619,-0.776934461218633,0.684593392121651,-1.13488454630099,0.256423695703791,0.866188935752326
"PTI98_001075",11.3857331899752,0.752989513986267,0.661826519361731,1.13774454778943,0.25522716592422,0.866188935752326
"PTI98_001083",11.238551631382,-0.771036540449745,0.678443614263086,-1.13647844012392,0.25575638370711,0.866188935752326
"PTI98_001590",26.3950185245602,-0.642111877453569,0.558139747243901,-1.15045000938264,0.249958572725392,0.866188935752326
"PTI98_004611",12.5642192146187,0.889471047939545,0.773652995911348,1.14970284176534,0.250266283503525,0.866188935752326
"PTI98_005284",56.3136000504026,0.624902901037186,0.550541860053588,1.13506882287999,0.256346483279055,0.866188935752326
"PTI98_007473",11.8278218096963,0.768811980999062,0.670928160920023,1.14589314591418,0.251839367590135,0.866188935752326
"PTI98_007614",5.21604074758454,0.955502322869313,0.838682407895044,1.13928981206064,0.254582296265825,0.866188935752326
"PTI98_007760",7.85413247243714,-0.841184209620466,0.740124797705946,-1.13654374536262,0.255729068265375,0.866188935752326
"PTI98_006138",29.7036612520556,0.5497721961837,0.485049291798936,1.13343572597482,0.257031318325524,0.866188935752326
"PTI98_006520",12.4407975312042,0.850278302770953,0.742617868062709,1.14497420455166,0.252219843103246,0.866188935752326
"PTI98_009698",291.490299532683,-1.01013314056345,0.880562705638769,-1.14714504043262,0.251321681554312,0.866188935752326
"PTI98_012623",9.07664089977055,0.927126885758696,0.818548659977599,1.13264724638859,0.25736241939238,0.866188935752326
"PTI98_006443",7.15103643827607,-0.794812808562089,0.706885335600002,-1.12438717926926,0.260848808596092,0.87599336161501
"PTI98_001259",5.36256786462164,-0.963064111707963,0.860599573580812,-1.11906180443573,0.263113773208415,0.879732703418946
"PTI98_012674",731.163987918711,-0.922632231126178,0.824286023226974,-1.11931077942362,0.263007578730422,0.879732703418946
"PTI98_010031",15.0353000800672,-0.818585875724169,0.73251740966846,-1.11749681976113,0.263781958603996,0.880041119534729
"PTI98_000396",14.3498594585335,-0.722985230743751,0.650409466416913,-1.11158472942692,0.266316741255476,0.884634740518191
"PTI98_004760",7.20035109572372,0.970524049224858,0.872708652913876,1.11208253290991,0.266102666126205,0.884634740518191
"PTI98_002594",22.3411629303605,0.689903758862809,0.630935342929323,1.09346190000976,0.274191048442556,0.88575411180278
"PTI98_002696",7.88097061102269,-0.754278695144798,0.695178063968238,-1.08501509791491,0.277914968406491,0.88575411180278
"PTI98_002730",5.9926793210321,-1.33416882350104,1.2060653289683,-1.10621604937629,0.268633017812401,0.88575411180278
"PTI98_002887",6.86803986740274,-0.807515689125333,0.750227815109058,-1.07636063721251,0.281765999442093,0.88575411180278
"PTI98_003427",17.7057000596801,0.611246594122324,0.56851927451059,1.0751554459583,0.282305139036619,0.88575411180278
"PTI98_003923",9.29278432210621,0.761139608220255,0.69620695446062,1.09326631017345,0.274276890228979,0.88575411180278
"PTI98_000081",8.38287638498671,1.02301497255903,0.941940833600473,1.08607137101028,0.277447417308827,0.88575411180278
"PTI98_000512",53.5446245504048,0.642186404842849,0.587822755164772,1.09248306432581,0.274620830406494,0.88575411180278
"PTI98_000675",6.81293640284063,-0.799866278082033,0.734231486773301,-1.08939250425935,0.275980835471754,0.88575411180278
"PTI98_001497",23.2162787152957,-0.706456683508277,0.656727847751436,-1.07572213653967,0.282051544216871,0.88575411180278
"PTI98_001828",11.6531659704252,0.73232980895794,0.67451505471188,1.0857130672506,0.277605957607276,0.88575411180278
"PTI98_001904",6.83477362747593,0.781594090924444,0.72026834075921,1.08514292062399,0.277858360161957,0.88575411180278
"PTI98_005065",18.0807206852412,0.719346989935058,0.667396369752987,1.07784072934244,0.281104839794,0.88575411180278
"PTI98_005084",28.9040663774651,-0.697263152550793,0.639616696551236,-1.09012656534825,0.275657395679752,0.88575411180278
"PTI98_005336",130.789970511291,1.53029071424485,1.38244272885168,1.10694691527365,0.268316880277535,0.88575411180278
"PTI98_006246",7.42264064554655,-0.934462134232969,0.867077505893868,-1.07771465397391,0.2811611168073,0.88575411180278
"PTI98_006283",19.5374710318872,0.727161944587742,0.673730381618211,1.07930704095783,0.280450875161899,0.88575411180278
"PTI98_006339",58.2341390293722,-0.5780787535261,0.528475202502689,-1.09386164343853,0.274015663448003,0.88575411180278
"PTI98_006513",8.51471027314744,-0.685487262817014,0.634912597318404,-1.07965610654477,0.280295346778185,0.88575411180278
"PTI98_013637",17.0448697711238,0.581787463783624,0.532710323556516,1.0921272557653,0.274777170887877,0.88575411180278
"PTI98_008431",8.32746337326366,0.858152447606413,0.781083942056343,1.09866865953891,0.271912617513753,0.88575411180278
"PTI98_008635",7.97574589585377,0.782714941093413,0.709784581972032,1.10274999059398,0.270135750943544,0.88575411180278
"PTI98_009628",6.7465149109655,0.775882421163027,0.714900590303283,1.08530113373367,0.277788303936314,0.88575411180278
"PTI98_010044",11.1308138532999,-0.711855833549615,0.646570247436425,-1.10097214706683,0.270908779643006,0.88575411180278
"PTI98_010430",8.51267545989174,-1.67852265055729,1.55613645951471,-1.07864746712557,0.28074491245622,0.88575411180278
"PTI98_010558",7.74423527052307,-0.826728785293499,0.761179714219696,-1.0861151050787,0.277428070320166,0.88575411180278
"PTI98_011915",32.1517838101271,0.700194412339128,0.636474885155185,1.10011318383506,0.27128281027289,0.88575411180278
"PTI98_000288",6.39872474940092,0.84872846749429,0.791887587594242,1.07177897569115,0.283819318460064,0.888680161079873
"PTI98_007528",6.43878351945515,-0.878529069370548,0.821836848772435,-1.06898232986607,0.28507763167202,0.890181460962155
"PTI98_011348",9.49543387125584,-0.721114948940757,0.675121993719825,-1.06812539903717,0.285463950177654,0.890181460962155
"PTI98_010244",5.299797624355,0.86613926908863,0.812744800418452,1.06569647525605,0.286560871522256,0.891782101193498
"PTI98_002710",5.30834454045654,-0.890533568132271,0.837675563982265,-1.06310080706989,0.287736238504735,0.892968204923763
"PTI98_003742",14.1085557381626,0.734665775906511,0.691596532486053,1.06227510028953,0.288110814808518,0.892968204923763
"PTI98_002434",7.16723614826279,-0.729202730876685,0.715221985835752,-1.0195474206859,0.307943152320856,0.89998140906921
"PTI98_002435",45.5514119800622,-0.91546284788972,0.909808548665047,-1.0062148231438,0.314312243168825,0.89998140906921
"PTI98_002515",8.17274563017195,0.839626594381591,0.808942190195817,1.03793151668643,0.299301939341194,0.89998140906921
"PTI98_002562",15.343159476944,0.56256107486331,0.565620456183686,0.994591105595761,0.319935175153114,0.89998140906921
"PTI98_002647",10.4892343122059,-0.657507231607781,0.653805599726255,-1.00566167050737,0.314578347045927,0.89998140906921
"PTI98_002756",12.8534569106348,0.697766483008566,0.700377544072891,0.996271923498374,0.319118041642719,0.89998140906921
"PTI98_002804",54.3935331872427,0.503759744513467,0.492481064306831,1.02290175404512,0.306354300089402,0.89998140906921
"PTI98_003091",17.2867965032248,-0.614499601251077,0.610372180928655,-1.00676213702293,0.314049093862872,0.89998140906921
"PTI98_003230",5.65153840529164,0.876209695599903,0.88145882298338,0.994044954515617,0.320200982055901,0.89998140906921
"PTI98_003363",5.97629788134295,0.808055163981479,0.808481755505173,0.999472354792437,0.317565924616177,0.89998140906921
"PTI98_000100",15.026100998113,-0.9298110095243,0.91220897137085,-1.01929605902362,0.308062434399061,0.89998140906921
"PTI98_000195",8.19086520504576,-0.825841410467409,0.78828724781298,-1.04764020064846,0.294804408447418,0.89998140906921
"PTI98_000705",14.1441320058632,0.982644766804799,0.989783667397395,0.992787413221954,0.320813565108093,0.89998140906921
"PTI98_000747",54.0568863502065,-0.47513791678875,0.471938310470474,-1.00677971304149,0.31404064568999,0.89998140906921
"PTI98_000813",7.54212149826996,-0.740048574381599,0.710298163028735,-1.04188439855455,0.297465278211227,0.89998140906921
"PTI98_000820",53.9554846709042,-0.461020084358355,0.460551606421261,-1.00101721051574,0.316818487903184,0.89998140906921
"PTI98_001093",6.82514662555982,-0.828939533497601,0.817744071344695,-1.0136906674658,0.310730378629995,0.89998140906921
"PTI98_001208",14.2277743870588,-0.611927040969543,0.6020648129899,-1.01638067491549,0.309448144574262,0.89998140906921
"PTI98_001221",17.7327393312175,-0.667229334068909,0.642228854158927,-1.03892768091637,0.298838371487598,0.89998140906921
"PTI98_001397",7.76040821118765,-0.719231697087673,0.697608904648222,-1.0309955797516,0.302542892653097,0.89998140906921
"PTI98_001592",5.57574966122636,0.82676885786818,0.814144054938202,1.01550684163742,0.309864286923953,0.89998140906921
"PTI98_001601",7.41510252591675,0.656183691302189,0.629079064383266,1.0430862008506,0.296908371091586,0.89998140906921
"PTI98_001925",10.3743434392615,-0.646577886333734,0.627746999680216,-1.02999757332669,0.303011144725363,0.89998140906921
"PTI98_004356",11.1454551507949,0.75581725594796,0.732597765496844,1.03169473283251,0.302215145659064,0.89998140906921
"PTI98_004819",40.0192622597762,-0.679470979065472,0.64988350677998,-1.04552734755817,0.295779307915066,0.89998140906921
"PTI98_004833",6.37710457544761,0.796237187959339,0.767032107875556,1.03807543358866,0.299234937566612,0.89998140906921
"PTI98_004959",21.5941111245211,0.492001959015674,0.483858788222371,1.01682964325856,0.309234477729292,0.89998140906921
"PTI98_005359",6.56545199954564,-0.890485282792642,0.886502880759378,-1.00449226067924,0.315141399771402,0.89998140906921
"PTI98_013634",7.60489431493439,-0.805693387671296,0.76891221467929,-1.04783533450219,0.294714479742824,0.89998140906921
"PTI98_007390",6.10053297784395,0.748780669434303,0.742694916629476,1.00819414899518,0.313361266244176,0.89998140906921
"PTI98_007474",44.7190883233433,0.480443378109893,0.460633244414645,1.0430063047673,0.29694537275009,0.89998140906921
"PTI98_007482",12.1960124871185,-0.857283700344119,0.821949478406536,-1.04298831359572,0.296953705288357,0.89998140906921
"PTI98_007661",7.45596497703848,0.809117620221234,0.794373897822139,1.0185601798341,0.308411816913712,0.89998140906921
"PTI98_008062",13.980060779118,0.556709020213286,0.53260278683741,1.04526118520524,0.295902271780281,0.89998140906921
"PTI98_005897",10.945338124117,0.690557392148236,0.679627025862171,1.01608288939393,0.30958991636127,0.89998140906921
"PTI98_006651",8.15178964425138,0.744976982878952,0.72611494288599,1.02597665862376,0.304902586430201,0.89998140906921
"PTI98_008420",8.6182042442996,0.747811773912377,0.735242990441514,1.01709473416852,0.30910836509578,0.89998140906921
"PTI98_008560",5.53028889180405,0.753651042825313,0.729836946099474,1.03262933844759,0.301777392996259,0.89998140906921
"PTI98_008737",25.0496643909271,0.552290753382864,0.551618644001892,1.0012184312265,0.316721217713123,0.89998140906921
"PTI98_008838",13.21956657541,0.873162784953691,0.857978140387507,1.01769817184308,0.308821416342879,0.89998140906921
"PTI98_008911",5.68239475143802,0.773301740838499,0.775355846440891,0.997350757575608,0.318594284346643,0.89998140906921
"PTI98_009093",5.61606108043791,-0.837140035084975,0.796112398221634,-1.05153498043114,0.293012952270584,0.89998140906921
"PTI98_009834",35.9784688785413,0.745568308142681,0.748065663534347,0.996661582647883,0.318928803159864,0.89998140906921
"PTI98_010260",7.28281109094348,0.683163359143548,0.688393431845502,0.992402494765336,0.321001222475602,0.89998140906921
"PTI98_010314",15.6976306861035,-0.880547264109917,0.835324117768491,-1.05413844204838,0.291819538328758,0.89998140906921
"PTI98_010698",15.0890405218688,0.723709208775216,0.708410960675011,1.02159516008282,0.306972549342334,0.89998140906921
"PTI98_010806",8.3613785921193,-0.673754516386119,0.66281850649473,-1.01649925248651,0.309391703288845,0.89998140906921
"PTI98_013646",6.61492815392786,-0.784363680289795,0.789004285220424,-0.994118403388224,0.320165226738073,0.89998140906921
"PTI98_011656",14.0415807439385,0.559031218373445,0.558344716986846,1.00122952965384,0.316715853298098,0.89998140906921
"PTI98_013196",13.1223039032192,-0.765301955181879,0.759250014918447,-1.00797094520187,0.313468410773247,0.89998140906921
"PTI98_013438",32.5699395425004,-0.654755677180155,0.625898030748671,-1.04610598694002,0.295512101392495,0.89998140906921
"rRNA_CM057210.1_2111466",1250.75952837296,-1.24820258101309,1.23521982766409,-1.01051048004431,0.312250780981164,0.89998140906921
"PTI98_013450",15.3025450601147,-0.615411811404635,0.620888325038287,-0.991179551277093,0.321597913753264,0.900002952774703
"PTI98_008951",11.7155595212069,0.595893797469222,0.602116586930771,0.989665141939921,0.32233781830865,0.900366886006958
"PTI98_011020",9.62447539374011,-0.700248432515761,0.7090708290238,-0.987557806432137,0.323369259126141,0.900366886006958
"PTI98_012730",34.9391390365839,0.484331526182604,0.49056176400413,0.987299789183175,0.32349569399072,0.900366886006958
"PTI98_008008",6.1562580339063,-0.790451728751334,0.801797178478125,-0.985849975490902,0.324206737757714,0.900705264170521
"PTI98_002556",9.70281385411923,1.36631043193099,1.39978021480371,0.976089258500192,0.329020233871372,0.902168287227666
"PTI98_002652",7.50542221003675,-0.705532517304188,0.720954797039437,-0.978608534406623,0.32777344078434,0.902168287227666
"PTI98_004307",6.0090310270415,0.864084632540232,0.886050981367954,0.97520870774974,0.329456743634187,0.902168287227666
"PTI98_005124",7.39783938933648,0.654283230736417,0.669727850600118,0.976938961326064,0.328599371692384,0.902168287227666
"PTI98_007946",12.8776771124426,-0.588468484094861,0.602007555738755,-0.97751013003935,0.328316665158668,0.902168287227666
"PTI98_006204",7.82828438897238,-0.801157633391742,0.82142495441751,-0.975326630976118,0.329398264563589,0.902168287227666
"PTI98_006756",66.8963205118084,0.580604113163411,0.591633057765559,0.981358471340663,0.326415997788059,0.902168287227666
"PTI98_008699",34.6572959405928,0.50566087052808,0.515386264418635,0.981129893126807,0.326528690755572,0.902168287227666
"PTI98_008398",29.8707615534113,0.519581094341078,0.533581523928052,0.973761404847928,0.330175020510347,0.902517766260842
"PTI98_008660",9.09151257330518,0.715453586880208,0.736049437131285,0.972018387336387,0.331041401157085,0.903270108871474
"PTI98_002712",9.25833239297099,0.719034077425121,0.746626302856577,0.963044128868901,0.335525378149812,0.904381014502087
"PTI98_002762",7.8121062130026,0.635587010392121,0.657216474065463,0.967089285605481,0.333499401209605,0.904381014502087
"PTI98_004030",13.5996083033302,-0.753976049866629,0.800049203034307,-0.942412100414651,0.345981694460262,0.904381014502087
"PTI98_000082",8.23094260696356,0.695049099964614,0.72750088775991,0.95539278598653,0.339379100789486,0.904381014502087
"PTI98_000753",29.5233816492309,-0.52843091995556,0.555065776054129,-0.952014955258255,0.341089397336905,0.904381014502087
"PTI98_001370",41.6170524464451,0.509820024429282,0.541110665190925,0.94217330617462,0.346103918180578,0.904381014502087
"PTI98_001494",9.07601549048878,0.646634178738153,0.680095030115413,0.950799741366171,0.341706043915398,0.904381014502087
"PTI98_001537",48.8058250749431,-0.47258588622067,0.496350936633752,-0.952120468283475,0.341035889582234,0.904381014502087
"PTI98_001716",13.3673459010054,0.652100865155501,0.692327110652077,0.941897052884887,0.346245349138561,0.904381014502087
"PTI98_002067",9.74029480045988,-0.678206950230391,0.71200676363646,-0.952528802909902,0.340828865620861,0.904381014502087
"PTI98_004698",10.6713668843294,-0.600493749426062,0.626826028706746,-0.957991088316782,0.338067252338314,0.904381014502087
"PTI98_005133",6.96305790573901,-0.699462842976325,0.721133677703356,-0.969948935409524,0.332071946173465,0.904381014502087
"PTI98_007354",28.6136230355724,0.959499157011479,1.00522665573248,0.954510260486791,0.339825418084068,0.904381014502087
"PTI98_007450",9.98380885822556,-0.684005872931382,0.711769503065783,-0.960993509816289,0.33655543114686,0.904381014502087
"PTI98_007610",33.1803618147478,0.514103112439677,0.539410188588019,0.953083800262307,0.340547613339414,0.904381014502087
"PTI98_008075",26.2473613956083,-0.496766701810833,0.525877476802898,-0.944643426889005,0.344840948334758,0.904381014502087
"PTI98_005804",13.9852035216835,0.622415493064061,0.656631740662975,0.947891267692349,0.343184810870283,0.904381014502087
"PTI98_005912",72.3902148838889,0.433157526558469,0.455962910648436,0.949984124679055,0.342120319215912,0.904381014502087
"PTI98_006038",15.8741283425218,0.570237062157099,0.59230458549983,0.962742946985446,0.335676538472105,0.904381014502087
"PTI98_006667",13.8723076666197,0.586813059948303,0.615068199969988,0.954061777176802,0.340052372505707,0.904381014502087
"PTI98_006760",10.9650008804325,-0.594752717238612,0.6310142367717,-0.94253454610057,0.345919032898089,0.904381014502087
"PTI98_006872",8.26655308971579,-0.817155367200773,0.846187221986268,-0.965690979453285,0.33419883461726,0.904381014502087
"PTI98_010033",34.361535510916,0.445262537791612,0.462901743468562,0.961894276861483,0.336102713725215,0.904381014502087
"PTI98_011087",15.0781687200179,-0.61101436293046,0.644226682050707,-0.948446222353713,0.342902337839235,0.904381014502087
"PTI98_012037",5.69011347814901,0.643427812491369,0.67920865445004,0.947319808538596,0.343475840047273,0.904381014502087
"PTI98_004869",21.5841189586367,-0.699335911991941,0.743547023767788,-0.9405402612577,0.346940508038482,0.904650334953584
"PTI98_003194",22.5610547717767,0.614403086180422,0.654921567091836,0.938132315459796,0.348176416511869,0.90478497352064
"PTI98_005328",9.56143438759676,-0.55711513224893,0.593272418621453,-0.939054496319686,0.347702765297075,0.90478497352064
"PTI98_001088",10.6712733233558,-0.570617547736228,0.610456300823592,-0.934739385876407,0.34992262396956,0.907778895459231
"PTI98_009727",6.5134725423413,0.763227328011714,0.81775888489182,0.9333158490998,0.350656914364049,0.908141974827571
"PTI98_000806",6.00650132638241,-0.841250415649211,0.902801646651048,-0.931821977474053,0.35142853473506,0.908600340228718
"PTI98_001274",39.4558702773886,0.486320450394461,0.523008353702179,0.929852165748372,0.35244763257603,0.909695916513808
"PTI98_005622",9.71637837687045,0.748805813286909,0.806764638046867,0.928158942488762,0.353325128417996,0.910422927862897
"PTI98_012757",9.82948203980676,0.591024792777435,0.638257940906013,0.92599677167897,0.354447657967468,0.911777813761433
"PTI98_003202",5.95095309617813,0.78840373205837,0.853543281997101,0.923683366370925,0.355651194865624,0.911803734487707
"PTI98_001076",5.40149513235656,0.863489155378628,0.93434054304002,0.924169631523356,0.355398004253049,0.911803734487707
"PTI98_002502",5.45073070426286,-0.817270854420942,0.888410840359407,-0.919924450820878,0.357612240531919,0.912925508697745
"PTI98_002869",17.8965891043195,0.642764698795889,0.699975099579321,0.918267948648723,0.358478602891785,0.912925508697745
"PTI98_000887",203.129502091618,-0.687452217352011,0.746762200631469,-0.920577148616648,0.357271237248516,0.912925508697745
"PTI98_009691",7.56367148074113,-0.612928213802367,0.666803167661766,-0.919204112289511,0.357988820601946,0.912925508697745
"PTI98_003031",21.9295635143683,-1.54173332277731,1.72842345616522,-0.891988197266132,0.372399258679365,0.914921326658767
"PTI98_003224",5.3829031088406,-0.800126103270758,0.887157970940371,-0.901898116772415,0.367110991854814,0.914921326658767
"PTI98_003582",8.5116932644446,0.606242270093724,0.678096913086608,0.894034847222926,0.37130324670761,0.914921326658767
"PTI98_000558",10.7166650019208,0.829341607432777,0.931191677612681,0.890623947111491,0.373130947703788,0.914921326658767
"PTI98_004586",8.16914280887481,-0.570880680884221,0.630872752807933,-0.904906224501383,0.365515069166936,0.914921326658767
"PTI98_004906",5.43417752009792,0.732585157182032,0.81937012535564,0.894083314136039,0.371277316225587,0.914921326658767
"PTI98_005004",6.56616242313587,-0.673646445362319,0.748948560661337,-0.899456225361427,0.36840970232307,0.914921326658767
"PTI98_005076",10.1773040105668,-0.570479587513668,0.640465677192192,-0.890726244714091,0.373076051520677,0.914921326658767
"PTI98_005193",7.87858094635891,0.651933552674838,0.723138979942411,0.901532859875368,0.367305070636717,0.914921326658767
"PTI98_005258",8.65905034457806,0.62929176120679,0.703409432212364,0.894630825787394,0.370984467815611,0.914921326658767
"PTI98_007782",6.28040837227093,0.727837380472961,0.814962390956784,0.893093213318057,0.371807257088483,0.914921326658767
"PTI98_007815",14.6541128738472,0.671464052100353,0.754868171597581,0.889511675501282,0.373728151236468,0.914921326658767
"PTI98_006243",9.20771753941596,0.592444690133571,0.652857181450128,0.907464460783951,0.364161234946744,0.914921326658767
"PTI98_006521",6.72104714392623,0.89777779575912,0.981512132054811,0.914688434751804,0.360355217535523,0.914921326658767
"PTI98_006556",5.81810258055407,-0.709760712671434,0.778495795487238,-0.911707830390035,0.361922540831191,0.914921326658767
"PTI98_006585",7.99969854271478,0.793556265053929,0.886978622074977,0.894673496411337,0.370961650536099,0.914921326658767
"PTI98_007028",7.29779179208512,-0.874540432283417,0.958295471309642,-0.91259998452068,0.361452962475644,0.914921326658767
"PTI98_008960",25.0260633996582,0.639276660791129,0.708154178421226,0.902736551263944,0.366665732554988,0.914921326658767
"PTI98_008987",9.0680162398469,0.554976103214653,0.621114342839331,0.893516805098499,0.371580476736736,0.914921326658767
"PTI98_009771",6.22607243684586,-0.98989255351308,1.10143782978706,-0.898727578391289,0.368797783628556,0.914921326658767
"PTI98_010955",8.73539535620419,-0.633044610393477,0.712426809762935,-0.888574940917968,0.374231563587519,0.914921326658767
"PTI98_011252",6.38452041827885,0.72587148177312,0.800782930817835,0.906452240473947,0.364696532859763,0.914921326658767
"PTI98_012181",20.1423418231797,0.738772335913711,0.82407842634325,0.896483043721853,0.369994832417224,0.914921326658767
"PTI98_012825",10.3056742000436,0.632993422507979,0.693913691009984,0.912207715035373,0.361659383382183,0.914921326658767
"PTI98_013283",11.7918871826062,1.50683695645506,1.68987016503517,0.891688005169142,0.372560184519765,0.914921326658767
"PTI98_001290",9.17648688744356,-0.711855559525695,0.805027823218679,-0.88426205777527,0.376554765169033,0.916203313978156
"PTI98_011969",6.16363776229325,0.697415232158768,0.787198902122879,0.885945382136602,0.375646959597024,0.916203313978156
"PTI98_012967",21.3479016408205,0.530056646877558,0.599004705603797,0.884895630900363,0.376212924687089,0.916203313978156
"PTI98_007471",12.515033362764,0.519793507183326,0.589850561820176,0.881229146547448,0.378193806674649,0.918728357072915
"PTI98_002940",5.20290921058289,0.662973725666809,0.764019488637588,0.867744521607733,0.38553420711006,0.918967074786101
"PTI98_003033",24.8817943715494,0.50739358094485,0.580001834825856,0.874813751403379,0.381675253685729,0.918967074786101
"PTI98_003397",8.63712467302731,0.642226695798249,0.746988618016691,0.859754325980773,0.389924481294582,0.918967074786101
"PTI98_003811",42.6232833505225,-0.437272847085559,0.510969715420127,-0.855770574829522,0.392124694215012,0.918967074786101
"PTI98_000578",8.3996091208248,-0.770028099585855,0.892701371559309,-0.862581960909081,0.38836735201049,0.918967074786101
"PTI98_000848",8.06756869288681,-0.839134861115926,0.958646303108478,-0.875333121710242,0.381392677269345,0.918967074786101
"PTI98_000936",8.06922309172072,0.732083577983676,0.838191117677678,0.873408895112147,0.382440244340638,0.918967074786101
"PTI98_001185",14.3636146365526,1.51785736077551,1.74359034004356,0.870535541472195,0.3840078049412,0.918967074786101
"PTI98_004543",9.88344605297498,0.64039512634871,0.740315428045898,0.865030096750876,0.387022269966713,0.918967074786101
"PTI98_005260",10.3871603007785,0.559107133201144,0.651043262169638,0.858786451975386,0.390458343495816,0.918967074786101
"PTI98_005344",6.24670091972911,0.759538425462819,0.887518505123167,0.855800100029928,0.392108359893225,0.918967074786101
"PTI98_006878",17.4513594025053,0.521664482154805,0.607067498752709,0.859318746641231,0.390164684217129,0.918967074786101
"PTI98_008370",32.2063326927461,-0.481707099855606,0.55492246727779,-0.868061987503683,0.385360399149475,0.918967074786101
"PTI98_008663",178.113097335575,0.413639443418866,0.48230546588013,0.857629599250011,0.391097025416705,0.918967074786101
"PTI98_010147",8.82092177423303,-0.577415393156759,0.665371618623933,-0.867808871004931,0.385498972881358,0.918967074786101
"PTI98_010728",45.3320819047103,0.416165031456039,0.485873247698962,0.856530038290742,0.391704665037508,0.918967074786101
"PTI98_010754",7.51047826788245,0.724863576218014,0.833489736556833,0.869673067856173,0.384479094390663,0.918967074786101
"PTI98_010812",19.5273760475751,-0.561696389030954,0.641593664130286,-0.875470598345704,0.381317901161684,0.918967074786101
"PTI98_011067",11.8986108656216,0.753037999735252,0.875015127077053,0.860599978712072,0.389458397672231,0.918967074786101
"PTI98_011739",24.294404503998,0.548197361877884,0.638595547369825,0.858442192614303,0.390648337914952,0.918967074786101
"PTI98_011921",9.03637575330012,-0.592889888946485,0.681985852660378,-0.869358046994177,0.384651322335349,0.918967074786101
"PTI98_012519",18.2213768765776,0.61737550088885,0.717126112481404,0.860902273872867,0.389291869201636,0.918967074786101
"PTI98_013609",323.990197709098,0.560977660752153,0.641014854868635,0.875139876231287,0.381497802306825,0.918967074786101
"PTI98_002960",5.70313510302785,0.601673756341635,0.768604525674043,0.78281318447089,0.433736824067862,0.920390904818827
"PTI98_002984",9.78514437012699,0.581665496189355,0.700582625213059,0.830259665678207,0.406391987368491,0.920390904818827
"PTI98_003125",5.36544496818199,-0.614532928744538,0.765246527247767,-0.80305222809011,0.421944547797232,0.920390904818827
"PTI98_003461",8.89836546637559,0.651953071400212,0.814920631758211,0.800020328352232,0.423699019358718,0.920390904818827
"PTI98_003609",8.2772177553906,0.561894995083249,0.694337287436927,0.809253665689516,0.418369251920374,0.920390904818827
"PTI98_003822",9.63272201875594,0.681034819683092,0.863472182666086,0.788716571714338,0.430277680048421,0.920390904818827
"PTI98_003965",39.4123326697258,0.470394231180919,0.552658745386888,0.851147720193264,0.394687299801716,0.920390904818827
"PTI98_000011",11.4388705850019,-0.576007126882028,0.694694415394771,-0.829151802745821,0.407018513811618,0.920390904818827
"PTI98_000101",9.00342151980247,-0.67118487108203,0.819967926549861,-0.818550152206736,0.413043117061046,0.920390904818827
"PTI98_000606",5.8214747135274,0.65084836039537,0.830918013921322,0.783288302204263,0.433457830969782,0.920390904818827
"PTI98_000882",6.59831314839011,-0.564085838452719,0.692473764540051,-0.814595248712983,0.41530403102978,0.920390904818827
"PTI98_001115",47.7523984948457,-0.414675355345263,0.521506310375562,-0.79514925724798,0.426526684659064,0.920390904818827
"PTI98_001196",35.7095593789471,-0.48105767434793,0.608652288128551,-0.79036534279212,0.429314436167306,0.920390904818827
"PTI98_001225",10.7703673181018,-0.493794238920551,0.636019926561717,-0.776381711167401,0.437523639924686,0.920390904818827
"PTI98_001470",5.23689793317297,-0.56676647822664,0.735380195592108,-0.770712186191382,0.440877547157337,0.920390904818827
"PTI98_001547",24.5676496013679,-0.385063431449869,0.45970192340318,-0.837637198903235,0.402234494177754,0.920390904818827
"PTI98_001552",21.0795624718553,0.475704326173635,0.563004036702418,0.844939458977757,0.398144641818778,0.920390904818827
"PTI98_001685",8.65089398450062,-0.648258241085892,0.767151853767188,-0.845019454626284,0.398099977017595,0.920390904818827
"PTI98_001712",45.1552337898729,-0.398893053872885,0.495424772335438,-0.805153630070816,0.420731031041469,0.920390904818827
"PTI98_001765",23.8730473318091,0.467749004988806,0.583107802541013,0.802165573759248,0.422457187524398,0.920390904818827
"PTI98_001825",5.9897442605707,0.558584728476899,0.679485282244017,0.822070386325601,0.411036838571937,0.920390904818827
"PTI98_001865",5.66993045340158,0.623848460364989,0.795742609420773,0.783982726297758,0.43305024609625,0.920390904818827
"PTI98_001928",5.80310634882092,0.780305654297843,0.95552907814387,0.81662156824531,0.414144725480612,0.920390904818827
"PTI98_002077",6.50133937050425,0.579454727844885,0.748448476868958,0.77420790575854,0.438807853882433,0.920390904818827
"PTI98_004708",6.03476458188095,-0.616924995307623,0.743136131803611,-0.830164177067168,0.406445966078746,0.920390904818827
"PTI98_004877",6.60820211665463,-0.628746463550293,0.771955493957047,-0.814485379626404,0.415366944495394,0.920390904818827
"PTI98_004926",21.0733190653336,-0.559999888567613,0.705887061474715,-0.793327883638609,0.427586815239663,0.920390904818827
"PTI98_004961",50.7481859111367,0.443161619014049,0.525009144638356,0.84410266666748,0.398612037709386,0.920390904818827
"PTI98_005250",30.6964184766092,-0.564384418272849,0.686066000459332,-0.822638664348598,0.410713504542281,0.920390904818827
"PTI98_005397",11.890816008829,0.550439580700623,0.679199081180109,0.810424507265577,0.417696237322805,0.920390904818827
"PTI98_007449",7.84678520429958,-0.638392882802489,0.780659190099394,-0.817761311080202,0.413493493686513,0.920390904818827
"PTI98_007806",43.2778080779658,0.574420419984042,0.713905869448149,0.804616469154499,0.421041035406815,0.920390904818827
"PTI98_007966",16.2677568652555,0.431226660351712,0.540338458177004,0.798067681146712,0.42483121514669,0.920390904818827
"PTI98_008118",6.09956472949266,0.569696089001036,0.734860263223529,0.775244107637572,0.438195429361003,0.920390904818827
"PTI98_005849",25.6704224594175,0.427317837825013,0.535861504678077,0.797440820239043,0.425195059944595,0.920390904818827
"PTI98_006037",11.4121414694394,0.468237471530053,0.597952285419568,0.783068286462861,0.433587013145351,0.920390904818827
"PTI98_006221",5.55865840436199,-0.554834992252627,0.71996636199713,-0.77064015978963,0.440920250214255,0.920390904818827
"PTI98_006373",5.805285073756,-0.643887829646227,0.763508698908924,-0.843327431064454,0.399045345403393,0.920390904818827
"PTI98_006434",5.39762208359699,0.625481379087634,0.73467839755463,0.851367593180286,0.394565187772495,0.920390904818827
"PTI98_006658",5.24153747767603,0.6446972850642,0.7875259643462,0.818636228202869,0.412993990894139,0.920390904818827
"PTI98_006713",8.28351868563424,-0.564247033809491,0.729500839711334,-0.773470026481073,0.439244260970545,0.920390904818827
"PTI98_006785",48.5139288756249,0.458651781139972,0.584199555822784,0.785094368129069,0.432398241513728,0.920390904818827
"PTI98_006786",13.3055037440965,-0.476663844539499,0.618294249206693,-0.77093365359792,0.440746258276906,0.920390904818827
"PTI98_006979",6.38005991439718,-0.569991056853608,0.718491449738267,-0.793316409069649,0.427593498873487,0.920390904818827
"PTI98_008371",5.78160825982881,-0.629714592666783,0.740653884785595,-0.850214392447389,0.39520590138622,0.920390904818827
"PTI98_008608",12.8600517219831,0.530613831216589,0.647997071168377,0.818852206013618,0.412870741083739,0.920390904818827
"PTI98_008611",49.3410209153893,0.382145996411364,0.491786952450541,0.777055988385125,0.437125738665243,0.920390904818827
"PTI98_008806",16.2622195395876,-0.57913042035037,0.696081243292752,-0.831986820404532,0.405416383771746,0.920390904818827
"PTI98_008809",19.2379503149581,0.693130821629965,0.859091100602883,0.806818765953399,0.419770905794612,0.920390904818827
"PTI98_008855",10.2378144342107,-0.542455519491257,0.69452963168752,-0.781040138162624,0.434778887784598,0.920390904818827
"PTI98_009455",11.6369041932793,0.455248043665883,0.581698880750367,0.782618049872525,0.433851438799751,0.920390904818827
"PTI98_009897",26.3104425039631,0.435198996289984,0.513269069198591,0.847896400555552,0.396495669310724,0.920390904818827
"PTI98_009929",5.84059793069711,0.672442186199087,0.835848782776186,0.804502201900252,0.421106998198797,0.920390904818827
"PTI98_009956",10.7571531577772,0.651745281820745,0.78316279313135,0.832196431619084,0.405298077727133,0.920390904818827
"PTI98_010026",5.65950742484881,0.547257352909076,0.700410053069459,0.781338518073505,0.434603421343465,0.920390904818827
"PTI98_010052",5.5621637520654,-0.651940554397135,0.790396320282888,-0.824827415901685,0.409469579376123,0.920390904818827
"PTI98_010243",14.4030742712613,0.523854546972477,0.641878842747828,0.816126832799007,0.414427598582568,0.920390904818827
"PTI98_010248",17.3608997028269,0.707598796175109,0.917789716530514,0.770981395226369,0.440717959329037,0.920390904818827
"PTI98_010773",10.1354913324285,0.474051058931148,0.607163519068319,0.780763408938947,0.434941658792306,0.920390904818827
"PTI98_010825",9.65631794100979,-0.572043197031806,0.707395965323846,-0.808660531121243,0.418710436680792,0.920390904818827
"PTI98_010832",5.44928960867266,-0.707101641643401,0.912378690676065,-0.775008939675525,0.438334377126339,0.920390904818827
"PTI98_010996",6.25437920594819,-0.607044293215957,0.781992610274595,-0.776278810362152,0.437584381584067,0.920390904818827
"PTI98_011055",6.06136876451768,0.58632511608534,0.738694404511942,0.793731633140943,0.427351680538107,0.920390904818827
"PTI98_011245",5.48202803064963,-0.797760363825118,0.977955767681699,-0.815742787341247,0.414647261628606,0.920390904818827
"PTI98_011286",29.7586473647574,-0.461460742131024,0.550506045313245,-0.838248273674174,0.401891280248068,0.920390904818827
"PTI98_011355",7.48817503313336,0.613960207862826,0.784708680170987,0.782405271379239,0.433976436843115,0.920390904818827
"PTI98_011639",70.608715220991,-0.295541270695813,0.369715171578426,-0.799375555604218,0.424072680059305,0.920390904818827
"PTI98_011666",7.84284116815524,0.607947563804352,0.764340415396036,0.795388483401535,0.426387557029224,0.920390904818827
"PTI98_011778",6.83772142373731,0.574880879233694,0.708939008934879,0.81090315526212,0.417421288171516,0.920390904818827
"PTI98_011953",35.7409135522056,-0.48308040376168,0.575549460624197,-0.839337775137115,0.401279791067964,0.920390904818827
"PTI98_011978",34.0965569091194,0.442909963861666,0.567967441161267,0.779815763657318,0.43549932632776,0.920390904818827
"PTI98_012150",5.37332919668841,-1.46731388657843,1.79607448985758,-0.816956030979975,0.413953555660893,0.920390904818827
"PTI98_012151",5.51566196982971,-0.560099520947379,0.70691133878298,-0.792319333725284,0.428174501269942,0.920390904818827
"PTI98_012654",12.2578285345914,0.580805944990797,0.681996252088964,0.851626300308515,0.394421537488233,0.920390904818827
"PTI98_012764",7.81420315633205,-0.682366998490821,0.865644266209382,-0.788276460813257,0.430535013316888,0.920390904818827
"PTI98_012867",6.620304470261,0.683940105984648,0.840316127644373,0.813908103729857,0.41569759792446,0.920390904818827
"PTI98_013243",9.31637887249357,-0.555039467010699,0.692924085202033,-0.801010498644839,0.423125568004618,0.920390904818827
"PTI98_013447",7.75893736537008,-0.57693883024435,0.705307297601857,-0.817996399875661,0.413359242975271,0.920390904818827
"PTI98_013573",77.7957978210298,-0.383944331706142,0.453805837029553,-0.84605419405643,0.397522512332215,0.920390904818827
"rRNA_CM057210.1_2103625",44.9523734595257,-1.11795356539207,1.33810224314828,-0.835476938415226,0.403449226249205,0.920390904818827
"PTI98_007340",7.27897343375147,0.642399873003762,0.835771663389642,0.768630836798628,0.442112493949475,0.921620587660025
"PTI98_003180",8.00456857913091,0.498896153539413,0.654273572260078,0.762519188748615,0.445750195062839,0.926171121397336
"PTI98_003211",16.5164292256014,-0.534614330242576,0.709811853932706,-0.753177517789468,0.451343247414992,0.926171121397336
"PTI98_003802",39.0939841038574,0.449424616699353,0.597325546583022,0.752394769100818,0.451813691369208,0.926171121397336
"PTI98_003961",27.8216670056581,0.44975591078871,0.598204555588998,0.751843005183864,0.452145476479024,0.926171121397336
"PTI98_000468",116.499010918869,2.54476955119505,3.3849309426118,0.751793639025178,0.452175167907338,0.926171121397336
"PTI98_001003",5.52377651191929,-0.606215449808274,0.795697422351474,-0.761866801097287,0.446139506059572,0.926171121397336
"PTI98_001332",53.2802646897128,0.390100529551137,0.513303769577348,0.759979865085239,0.447266620508115,0.926171121397336
"PTI98_004809",16.8659096403638,0.595959456313747,0.785197444208522,0.75899311785773,0.44785667368883,0.926171121397336
"PTI98_005526",5.83169623140229,0.585670911877841,0.77871726356317,0.752096992428281,0.451992732488777,0.926171121397336
"PTI98_006104",8.95049818326028,-0.486182833711844,0.646162554526984,-0.752415673588125,0.45180112384958,0.926171121397336
"PTI98_006441",56.9150221670219,-0.372405925255494,0.491000410987853,-0.758463571356781,0.448173513168902,0.926171121397336
"PTI98_006633",6.07368269035748,-0.570043461761112,0.756496177442928,-0.7535311859578,0.451130778360618,0.926171121397336
"PTI98_012664",6.76205576004687,0.582652843902915,0.763226557979116,0.763407454590774,0.445220435531835,0.926171121397336
"PTI98_003945",5.47176351162089,0.607824439550127,0.81393434159772,0.746773306501593,0.455200411143121,0.927282486886255
"PTI98_000851",47.0502006903127,0.413591258341124,0.553370702349194,0.747403605910699,0.454819969415627,0.927282486886255
"PTI98_004929",11.3657642416148,0.459506880336491,0.613549159510796,0.748932458326357,0.453897915609264,0.927282486886255
"PTI98_005391",23.9897764666258,0.390295632756404,0.523637341178912,0.745354851656867,0.456057229741564,0.927282486886255
"PTI98_007644",7.87801538255393,0.666701364785687,0.892622935316483,0.746901450105923,0.455123050578006,0.927282486886255
"PTI98_008048",9.87805428083706,-1.11631832003151,1.50152776402019,-0.743454997490477,0.457206257736445,0.927282486886255
"PTI98_010711",20.0784760190768,-0.689447284978649,0.92811132895459,-0.742849767554537,0.457572640780259,0.927282486886255
"PTI98_010772",5.86105811049114,0.560543484277797,0.753903373766366,0.743521655139201,0.457165915821514,0.927282486886255
"PTI98_002900",6.42453113913751,0.555915124273701,0.777966356494915,0.714574762305077,0.474871844107959,0.930357666218225
"PTI98_003311",26.9903418438,-0.472552544432587,0.641815741566624,-0.736274469178837,0.461563680287592,0.930357666218225
"PTI98_003505",5.51601914781609,0.505305400739248,0.696942714998056,0.725031469395096,0.468432724728484,0.930357666218225
"PTI98_003620",6.25703061435245,0.539326301926218,0.751915874730538,0.717269471294904,0.473207840553937,0.930357666218225
"PTI98_001215",50.345464020366,-0.33706223359297,0.470642413576851,-0.71617479400405,0.473883425027267,0.930357666218225
"PTI98_001301",15.5063589901976,0.481754546523634,0.654491951065592,0.736074058266537,0.461685629198458,0.930357666218225
"PTI98_001520",5.39064742925862,-0.578299314867177,0.799146021920987,-0.723646616518294,0.469282714462377,0.930357666218225
"PTI98_001619",34.1956648785173,0.441069910402527,0.610513554555488,0.722457195440432,0.470013433160936,0.930357666218225
"PTI98_004441",5.65836602036016,0.596833553054757,0.84578264773246,0.70565830908788,0.480400653564254,0.930357666218225
"PTI98_004450",8.22073909896523,-0.480897487492539,0.680008246803184,-0.707193610891202,0.479446168462211,0.930357666218225
"PTI98_004725",7.12058593259326,0.484373965516808,0.680298518904456,0.712002087402509,0.476463483420255,0.930357666218225
"PTI98_004813",5.49544930318878,0.621234376500011,0.872186962551244,0.712272027872134,0.476296341963009,0.930357666218225
"PTI98_004814",6.56903196681266,-0.622955868818848,0.8520017541054,-0.731167354781975,0.464676937473325,0.930357666218225
"PTI98_004835",62.4584650951857,-0.306457261948241,0.434080899248884,-0.705991123955286,0.480193657296804,0.930357666218225
"PTI98_005131",25.8111634313936,-0.44080619291147,0.603983162515688,-0.729831922922222,0.465492928828282,0.930357666218225
"PTI98_005481",7.91946965306641,0.491841111894115,0.672331349867967,0.731545705834933,0.464445897686384,0.930357666218225
"PTI98_007431",17.1063229147697,0.429262691565323,0.606172182294884,0.708153069545677,0.478850206362592,0.930357666218225
"PTI98_007447",10.4966548298992,-0.462559764866315,0.643736262493624,-0.71855477439551,0.472415287418473,0.930357666218225
"PTI98_007798",8.85157756792715,0.57980178147972,0.812622468510343,0.713494647203863,0.475539724252682,0.930357666218225
"PTI98_008259",108.51505841892,0.481831873806567,0.659882565845884,0.730178214647815,0.465281257125595,0.930357666218225
"PTI98_005735",6.1197405621468,0.507353947087039,0.699171284393785,0.725650435610982,0.46805309378336,0.930357666218225
"PTI98_006449",38.3504545296265,0.405877280071035,0.57066968979055,0.711229783765111,0.47694185500316,0.930357666218225
"PTI98_006719",7.8821092732015,0.610145483856607,0.841578347067389,0.72500140478038,0.468451168617919,0.930357666218225
"PTI98_009778",8.06788299568058,0.447521843028433,0.632311579275853,0.707755254997784,0.47909725742181,0.930357666218225
"PTI98_009822",14.0554848145453,-0.405863216267014,0.559442524782399,-0.725477950438035,0.468158867094137,0.930357666218225
"PTI98_009981",11.3168114409217,-0.467799938219028,0.656598028386678,-0.712460162831216,0.476179871757631,0.930357666218225
"PTI98_010162",20.3334601785468,-0.568502566589723,0.800631612836155,-0.710067598474985,0.477662217981127,0.930357666218225
"PTI98_010289",22.4499905093723,0.490767263849198,0.684506971525005,0.716964595343453,0.473395942710845,0.930357666218225
"PTI98_010310",7.01034369389658,-0.712205777866204,0.993314470790792,-0.716999297613379,0.473374530053924,0.930357666218225
"PTI98_010875",5.31730795180319,0.652034011657775,0.923719686305687,0.705878657047477,0.480263601346882,0.930357666218225
"PTI98_011064",5.85936368032169,-0.637625653891857,0.881841729539934,-0.723061330092094,0.469642205591064,0.930357666218225
"PTI98_012295",26.1239899093595,-0.517571663574898,0.703755115403194,-0.735442844033001,0.46206983705905,0.930357666218225
"PTI98_012742",14.6685811419942,-0.435403227589306,0.603386873380598,-0.721598773188204,0.470541193639388,0.930357666218225
"PTI98_012801",8.16508310189702,0.517183115814337,0.730371759983582,0.70810940968742,0.478877316638088,0.930357666218225
"PTI98_013455",7.34193709540701,-0.558658116994069,0.76797595434696,-0.727442198980199,0.466955111655437,0.930357666218225
"PTI98_002536",10.8654056816083,-0.58366915958407,0.829483508692206,-0.703653723633763,0.481648445821678,0.930415708237071
"PTI98_012221",5.57102942464012,0.734031752521315,1.0420196318116,0.704431788146994,0.481163915517738,0.930415708237071
"PTI98_009684",5.66215450374906,-0.601836671573804,0.856871653555507,-0.702365014733001,0.482451557410999,0.930699062331599
"PTI98_012472",12.0630416542917,-0.6708919716756,0.956416450540294,-0.701464274581019,0.48301332227026,0.930699062331599
"PTI98_002223",12.6189194855462,0.398995444048498,0.5748211022014,0.694121079620181,0.487606280050706,0.934349855298808
"PTI98_003051",16.1999890841701,0.36782246904292,0.534663301846229,0.687951590791446,0.491483266630123,0.934349855298808
"PTI98_003426",9.35376684759717,0.437195377706549,0.643297818070094,0.679615825556728,0.496747746485695,0.934349855298808
"PTI98_000235",16.3573310259769,0.461938337690131,0.680196680310357,0.679124657708356,0.497058880146935,0.934349855298808
"PTI98_000728",7.39136993602352,-0.585004498068793,0.863558459039361,-0.677434737562021,0.498130164422335,0.934349855298808
"PTI98_001068",10.1955707071471,0.514491513943647,0.745040970026862,0.69055466026935,0.489845448609476,0.934349855298808
"PTI98_001223",45.2136072726702,0.348633092597227,0.506947369961303,0.687710624919189,0.491635027816672,0.934349855298808
"PTI98_001343",43.1872915323584,0.34059613731352,0.500912346309554,0.679951572012239,0.496535125326951,0.934349855298808
"PTI98_002176",6.76683703374127,0.514509872725156,0.749554182109111,0.686421188762389,0.49244754669164,0.934349855298808
"PTI98_004261",9.41126274853124,0.71210081648806,1.02156205887778,0.697070540452847,0.485758649416723,0.934349855298808
"PTI98_004895",8.6429559275906,0.511669334449175,0.740712362123146,0.690780066073892,0.489703764457772,0.934349855298808
"PTI98_006253",9.74158696860887,0.490566885983464,0.722505117843967,0.678980499747003,0.497150217707185,0.934349855298808
"PTI98_006255",142.931410185137,-0.308095954953671,0.446669400540833,-0.689762841557145,0.490343339794821,0.934349855298808
"PTI98_006642",7.30167308120883,0.476635971695138,0.703670473230817,0.677356788194796,0.498179608170131,0.934349855298808
"PTI98_006773",8.53488105520103,0.650621562160388,0.945818326516676,0.68789274210465,0.491520327426622,0.934349855298808
"PTI98_010974",40.2652894535623,0.360226801812586,0.527990681448122,0.68225977175315,0.495074705498719,0.934349855298808
"PTI98_011152",7.49864646314757,-0.462025174782862,0.675831701466202,-0.683639393920865,0.494202902492714,0.934349855298808
"PTI98_011498",35.8531903756074,0.384784017235431,0.557659011329428,0.689998743709219,0.490194977384145,0.934349855298808
"PTI98_012526",6.83638727744237,-0.449464315020999,0.657228074051496,-0.68387875193807,0.494051732373164,0.934349855298808
"PTI98_012696",5.38043850563485,-0.557425196748938,0.805892116196399,-0.691687119834153,0.489133837384844,0.934349855298808
"PTI98_013553",43.1134340282386,-0.375685029498516,0.549989647091901,-0.68307654786771,0.494558473771711,0.934349855298808
"PTI98_013556",12.6751593295408,0.423423195378281,0.625374560988399,0.677071345385499,0.498360688526524,0.934349855298808
"PTI98_008017",8.03278633331403,-0.498613041892653,0.738193803217253,-0.675450050812618,0.4993898756305,0.935132022013976
"PTI98_002459",6.03835153274817,0.554172111129868,0.855528852757892,0.647753853471374,0.517144166538741,0.936190602100459
"PTI98_002724",6.70243483591042,0.486398866204991,0.726660154151139,0.669362236839842,0.503264434646113,0.936190602100459
"PTI98_003207",27.9109885440602,-0.37885973888248,0.568157321638504,-0.666821889736261,0.504885908825311,0.936190602100459
"PTI98_003875",9.74137443265428,0.490365201274226,0.759579756936233,0.645574341333312,0.518555058874754,0.936190602100459
"PTI98_003999",9.22880078536096,0.432175076495972,0.666081486708406,0.648832140090944,0.516446880779416,0.936190602100459
"PTI98_000720",8.0366770560499,-0.428961453063688,0.651352533365376,-0.658570330336094,0.510171720507729,0.936190602100459
"PTI98_000812",6.61777735504827,-0.503053312845732,0.762799317966346,-0.659483170733414,0.509585549509531,0.936190602100459
"PTI98_000899",8.04496107331349,0.661738814321211,1.00017318444149,0.661624231298238,0.508212074212416,0.936190602100459
"PTI98_001296",7.57316842088198,-0.534417077795861,0.832995614752496,-0.64156049363435,0.521158591047049,0.936190602100459
"PTI98_004335",27.7233468483181,1.32054323572977,2.0263938267665,0.651671564671588,0.514613070106184,0.936190602100459
"PTI98_004448",6.60930341988419,-0.505585855304953,0.782453401916326,-0.646154587693926,0.518179246145451,0.936190602100459
"PTI98_004504",5.95244960725654,0.516254817598957,0.798904512819163,0.646203406433648,0.518147633751763,0.936190602100459
"PTI98_004629",7.2842502520722,-0.454129869967484,0.685370646656079,-0.662604784992152,0.507583704806311,0.936190602100459
"PTI98_004685",11.9879750355532,-0.432617267410746,0.667711269483617,-0.647910687122768,0.517042718065183,0.936190602100459
"PTI98_004862",5.38370470320153,-0.550476701855193,0.821242541962596,-0.670297352764592,0.502668254335701,0.936190602100459
"PTI98_004945",12.3570649104428,-0.436464028262253,0.652466315910898,-0.668944921168708,0.503530613463231,0.936190602100459
"PTI98_005095",23.7172249052656,-0.392618415884452,0.599494945938968,-0.65491530586552,0.512522285107487,0.936190602100459
"PTI98_005166",24.6159465535994,-0.384745041288431,0.597804220887683,-0.64359706379644,0.51983675475228,0.936190602100459
"PTI98_005555",75.6886909229946,0.348737271217037,0.531043930562025,0.656701359618129,0.511372960047633,0.936190602100459
"PTI98_005642",10.4367130886908,-0.420565626915068,0.627010429175364,-0.670747418776097,0.502381449269818,0.936190602100459
"PTI98_007588",6.89682977375614,-0.490219401748875,0.744066872185145,-0.658837827719998,0.509999913310749,0.936190602100459
"PTI98_007726",6.44631832274435,0.489459866577119,0.734067940159612,0.66677733735476,0.504914370641164,0.936190602100459
"PTI98_007938",10.867485442841,0.508888983822537,0.789318844578715,0.644719161740206,0.519109196435961,0.936190602100459
"PTI98_006437",15.8576335944482,0.514172579895449,0.765961073196045,0.671277690065913,0.502043644386678,0.936190602100459
"PTI98_006845",6.13985801868686,-0.518953046596503,0.797863699681461,-0.650428195697698,0.515415669358204,0.936190602100459
"PTI98_008399",35.6520194714594,0.331057217082627,0.514005239821388,0.644073623058134,0.519527693726704,0.936190602100459
"PTI98_008933",6.11665379687921,-0.550497352252568,0.832194099621983,-0.66150114799255,0.508290978649176,0.936190602100459
"PTI98_009694",8.04066143387956,0.420384754751918,0.647687278040792,0.649055136644883,0.516302738474322,0.936190602100459
"PTI98_010133",7.63175062643342,-0.496990839626491,0.774070353551529,-0.642048668246028,0.520841583610062,0.936190602100459
"PTI98_010316",6.33718057723214,-0.548722204816342,0.836328788253033,-0.65610823461254,0.511754486501088,0.936190602100459
"PTI98_011268",6.91808333495778,0.461262852552156,0.701545357989715,0.657495409668034,0.510862421582215,0.936190602100459
"PTI98_012515",7.7437030039305,0.458898135798436,0.698818175403747,0.656677447654112,0.511388338496131,0.936190602100459
"PTI98_013053",24.6058519836097,0.518109518145964,0.808043862235202,0.641189844215604,0.521399347112232,0.936190602100459
"PTI98_013562",5.87448760501758,0.533528596660691,0.82410094492709,0.647406849785731,0.517368663885772,0.936190602100459
"PTI98_013579",6.37455790026192,0.642075623713145,0.982318374354906,0.653632916247545,0.513348332218857,0.936190602100459
"PTI98_001954",21.3366818837373,-0.352251538032221,0.551770442513772,-0.638402333454875,0.523211812363066,0.938342311374137
"PTI98_001352",8.79357482534953,0.439057623801317,0.691321078950094,0.635099430886892,0.525363568210498,0.938895359328235
"PTI98_010532",18.2372755436883,-0.35593921213208,0.56000798745036,-0.635596670241478,0.525039340338422,0.938895359328235
"PTI98_012888",5.94147113176201,0.573748287760672,0.901793295794667,0.636230376114163,0.524626277159652,0.938895359328235
"PTI98_007454",6.90850007813663,0.419515015258317,0.663587773068699,0.632192201671091,0.527261292440179,0.939014332772549
"PTI98_007889",13.1394671545239,0.643259361431379,1.01555868498152,0.633404421570263,0.526469578338288,0.939014332772549
"PTI98_009707",51.8501338541844,0.300687762445573,0.475641480825864,0.632173127380489,0.527273754920711,0.939014332772549
"PTI98_003315",26.0520999991942,0.328776127815901,0.522959242366574,0.62868403726469,0.529555930600366,0.939323242779581
"PTI98_003395",9.90216860377759,0.400328205920268,0.637001103644924,0.628457633165136,0.52970419237403,0.939323242779581
"PTI98_001396",11.838319935299,0.38434925808496,0.615049306125041,0.624908042749373,0.53203141339257,0.939323242779581
"PTI98_005098",10.5437715778063,-0.44604631978085,0.714418844854745,-0.62434847987743,0.532398752088655,0.939323242779581
"PTI98_005330",6.37528752099514,-0.591070765596084,0.944721861005297,-0.625655857023478,0.531540692987792,0.939323242779581
"PTI98_008846",5.7580650187493,-0.4279432772042,0.686396506689666,-0.623463658444406,0.532979876629513,0.939323242779581
"PTI98_011296",10.0197140146515,0.443030836043647,0.710357515226085,0.623673047089034,0.532842327388455,0.939323242779581
"PTI98_011391",5.56414659689594,-0.461907725944658,0.736945777187789,-0.626786583549354,0.530799139157842,0.939323242779581
"PTI98_012569",5.47247551497966,0.554248262069421,0.887178823447402,0.624731167405148,0.532147513648333,0.939323242779581
"PTI98_007771",24.1197645615236,0.412520362489109,0.664432344094675,0.620861350528006,0.534690852846695,0.941253022061923
"PTI98_002809",9.03295279143828,-0.459855589313335,0.76135125723773,-0.603999251254598,0.545844139972304,0.943243816902319
"PTI98_002987",5.23429871115545,-0.496814285732625,0.832580102206982,-0.596716501410114,0.550696673575144,0.943243816902319
"PTI98_003225",5.59033042976183,0.466917582425828,0.793850780316004,0.588167945416599,0.556419570634995,0.943243816902319
"PTI98_003448",7.23032362384015,-0.520979635674983,0.87690891093203,-0.594109181900382,0.552439090042912,0.943243816902319
"PTI98_003911",7.61571207275631,-0.404678959541676,0.66201989502314,-0.611279151251988,0.541014790950351,0.943243816902319
"PTI98_003959",46.0375594293769,0.324549807878429,0.528343393203436,0.614278160857901,0.539031531505569,0.943243816902319
"PTI98_000761",7.19720676495749,-0.432802633051878,0.719276126346951,-0.601719725149214,0.547360717699435,0.943243816902319
"PTI98_000773",7.39107477516279,0.421295251495558,0.723390129001946,0.582390102663987,0.56030394662931,0.943243816902319
"PTI98_000791",46.8892739519429,0.374230509666209,0.614688802573154,0.608812960476325,0.542648421970789,0.943243816902319
"PTI98_000980",8.46787374813405,0.42141279967141,0.699619478425473,0.602345721734077,0.546944032152814,0.943243816902319
"PTI98_001065",6.25264918400573,0.42612677213111,0.7203295610013,0.591571962614958,0.554137253271459,0.943243816902319
"PTI98_001190",11.3687120855643,0.36105272620714,0.596501242773839,0.605284113957885,0.544990234954294,0.943243816902319
"PTI98_001534",7.70568864241916,0.471606592616974,0.796733385828578,0.591925229951946,0.553900658100247,0.943243816902319
"PTI98_001595",27.1643533047108,0.398893394243409,0.659746384514577,0.604616264076844,0.545433997534114,0.943243816902319
"PTI98_001868",8.89603689347874,-0.388013358666208,0.652641904920218,-0.594527191314264,0.552159561183018,0.943243816902319
"PTI98_001922",10.2463797584135,0.357887349994466,0.605774721092992,0.590792810483631,0.554659252777269,0.943243816902319
"PTI98_004628",28.3523172105794,0.314943079989509,0.538680799577894,0.584656219854683,0.558778897318284,0.943243816902319
"PTI98_004688",13.5050718599424,-0.452130636598358,0.77745011813246,-0.581555814390301,0.56086591263529,0.943243816902319
"PTI98_004711",10.6146326014307,-0.468383537685242,0.790943292517258,-0.59218346260269,0.553727742192015,0.943243816902319
"PTI98_005102",5.29375929017106,0.430693080763661,0.702025772598391,0.613500383567896,0.539545529228805,0.943243816902319
"PTI98_005324",8.16793685692054,0.392657723322926,0.652862291723099,0.601440347070107,0.547546732336047,0.943243816902319
"PTI98_005392",7.03303298497221,-0.439372191596698,0.749096251202082,-0.586536364174341,0.557515132039097,0.943243816902319
"PTI98_005393",6.09880178834156,0.486421861283727,0.812221542506486,0.59887830576698,0.549254039187986,0.943243816902319
"PTI98_005464",11.6544750477993,-0.352594189450418,0.599466638079713,-0.588179836962891,0.55641158964761,0.943243816902319
"PTI98_005621",7.48336752093277,-0.467007725320161,0.785921765966645,-0.594216556333396,0.552367280599634,0.943243816902319
"PTI98_006125",6.94807213436576,-0.433258438457254,0.744705330536487,-0.58178506409392,0.560711465755936,0.943243816902319
"PTI98_006291",13.5473864402775,-0.322557760064738,0.537566682101188,-0.600033020655141,0.548484229128758,0.943243816902319
"PTI98_006471",7.05157099472946,-0.417550936423863,0.682598884349021,-0.611707616284887,0.540731221889447,0.943243816902319
"PTI98_007075",7.83179260154705,0.410203900957234,0.702956167726265,0.583541221757897,0.559529015621999,0.943243816902319
"PTI98_008378",5.24815707627153,0.435252694655865,0.744507446337614,0.584618322888459,0.558804384594094,0.943243816902319
"PTI98_008483",7.67867049784265,0.454809819935095,0.766857101034202,0.59308288248453,0.553125685528301,0.943243816902319
"PTI98_008746",17.4997176210442,-0.34356029719059,0.570060727937408,-0.602673154549093,0.546726143814493,0.943243816902319
"PTI98_008910",9.3075221171123,0.411596961509195,0.676386242697557,0.608523555812827,0.542840287747774,0.943243816902319
"PTI98_009088",10.0261369258609,0.423042359885763,0.719003024331472,0.588373547217145,0.556281589261444,0.943243816902319
"PTI98_010454",11.5896115574001,-0.371692477739346,0.639567801553696,-0.581161960993655,0.561131302070817,0.943243816902319
"PTI98_010956",5.21268183065856,0.498183658774748,0.822808099452601,0.605467616454165,0.54486833545262,0.943243816902319
"PTI98_011388",13.4594365868299,0.338953075764011,0.550128616621824,0.616134237563247,0.537805927012285,0.943243816902319
"PTI98_012642",5.3628671865203,0.455577851596327,0.751024206405262,0.60660874537843,0.544110595080117,0.943243816902319
"PTI98_012756",12.8444564211658,0.337485180364863,0.55031483284273,0.613258375431269,0.539705511477313,0.943243816902319
"rRNA_CM057210.1_1807585",387.275983138798,-0.608475019847104,0.9940067568358,-0.612143746169342,0.540442656353301,0.943243816902319
"rRNA_CM057219.1_52604",453532.686218844,-0.470933342823365,0.795810640448533,-0.59176557699447,0.554007576999867,0.943243816902319
"PTI98_010708",15.0388578575766,-0.410397134989241,0.708782901591581,-0.579016697592012,0.562577906515534,0.944636308962348
"PTI98_000481",13.9702949103724,0.452444619459846,0.793440707463641,0.570231165610543,0.568520920665289,0.948015354789925
"PTI98_000486",5.30942475815927,-0.506583013260896,0.883080143774721,-0.573654630139807,0.56620153572609,0.948015354789925
"PTI98_001402",17.2898254810198,0.346373609575993,0.611015727074514,0.566881659878703,0.570794585344719,0.948015354789925
"PTI98_004852",14.2405325392528,-0.350741007263794,0.612918438820916,-0.572247439542725,0.567154352534702,0.948015354789925
"PTI98_007500",9.24089670393741,0.364626619277663,0.638237273185827,0.571302608914694,0.567794533545021,0.948015354789925
"PTI98_008225",6.67979539230558,-0.426192706009529,0.750983156247525,-0.567513002740444,0.570365694988117,0.948015354789925
"PTI98_011214",5.65654132471924,-0.431451005765899,0.753926934016833,-0.572271643708469,0.567137957264149,0.948015354789925
"PTI98_011965",6.52736631966859,0.37170272506371,0.650710089736335,0.57122631249551,0.567846244161676,0.948015354789925
"PTI98_011981",67.1889663899225,0.244136450696172,0.430016660524317,0.567737190457918,0.570213434430805,0.948015354789925
"PTI98_012475",13.9662367614045,0.433895888223457,0.762771464809812,0.568841269293738,0.569463865020464,0.948015354789925
"PTI98_005883",8.22779369299549,0.421945314246471,0.747460410233256,0.564505234618108,0.572410338691384,0.949666663974413
"PTI98_002655",9.67502758526976,0.375055807482013,0.691479605411351,0.542396051231182,0.587545699351821,0.950113410762655
"PTI98_003093",19.7519303058863,-0.33704950534926,0.633791731320664,-0.5317985210172,0.594865547227078,0.950113410762655
"PTI98_003297",7.79994943100859,-0.427682721119847,0.775448191923633,-0.551529716071561,0.581270601783182,0.950113410762655
"PTI98_003625",26.7826427396684,0.334380979771932,0.61621179927608,0.542639690062345,0.587377906070373,0.950113410762655
"PTI98_003925",5.25263413669288,0.383221058376871,0.726929892274013,0.527177465736156,0.598070355714603,0.950113410762655
"PTI98_001028",6.04814782505953,0.401717929035896,0.728407538619299,0.551501608285597,0.581289864481633,0.950113410762655
"PTI98_001107",5.53488585531332,-0.445692471233817,0.800076540350943,-0.557062291863125,0.577484869923915,0.950113410762655
"PTI98_001261",5.26891192687979,-0.480598226581789,0.899399336833265,-0.534354659715392,0.593096181872261,0.950113410762655
"PTI98_001353",11.0241271853774,-0.326322953856343,0.583208553283766,-0.559530466449739,0.575799744674879,0.950113410762655
"PTI98_001594",6.6742379979821,0.36061125152567,0.673797848680345,0.535192049413543,0.592517063495267,0.950113410762655
"PTI98_001678",6.41036902830722,0.35592950158015,0.67453717925345,0.527664764118826,0.597732033494643,0.950113410762655
"PTI98_004352",7.33608515041192,0.475557870610488,0.882415182909354,0.538927570401222,0.589936832544358,0.950113410762655
"PTI98_004473",5.54003481360405,0.420996143481435,0.790111996202155,0.532830972703926,0.594150591477636,0.950113410762655
"PTI98_004581",6.76565198749296,-0.381649052437021,0.721667773385175,-0.52884314155639,0.596914267517144,0.950113410762655
"PTI98_004720",18.9586606316346,0.289115446767353,0.51696781287281,0.55925231623363,0.575989533231818,0.950113410762655
"PTI98_004867",112.02666947505,-0.237855178921169,0.431748561997792,-0.550911340203572,0.581694453247627,0.950113410762655
"PTI98_005028",6.01413805521503,-0.354761629819526,0.654435795680982,-0.542087752780049,0.587758055288922,0.950113410762655
"PTI98_005088",41.9522583099151,0.281836537227262,0.522918493062058,0.538968387935392,0.589908667322952,0.950113410762655
"PTI98_005637",6.06135687739663,0.482719024441084,0.894315664344377,0.53976357978138,0.589360086732544,0.950113410762655
"PTI98_007706",5.32289187812728,-0.474247963624751,0.856320533444998,-0.553820614013354,0.579701619108415,0.950113410762655
"PTI98_005736",15.0552930540151,-0.330956753411278,0.619532629156107,-0.534203910877283,0.593200463645916,0.950113410762655
"PTI98_005984",6.6211769992221,0.44953542448329,0.805200310435359,0.558290177807102,0.576646250969009,0.950113410762655
"PTI98_006003",5.64740646943072,0.437458936864248,0.793589941938232,0.551240525800788,0.581468802594831,0.950113410762655
"PTI98_006229",7.68844107820266,0.487099828553961,0.906843761570741,0.537137541433,0.591172610678705,0.950113410762655
"PTI98_006361",26.6095965590853,0.311857793069108,0.579221786568325,0.538408257943387,0.590295226500936,0.950113410762655
"PTI98_006685",6.2758696056654,0.373486294354597,0.698459002327302,0.534729015031836,0.592837254774666,0.950113410762655
"PTI98_006736",10.8028357477076,0.385065741504675,0.695418337519356,0.553718130123305,0.579771765474581,0.950113410762655
"PTI98_006753",6.51816402584962,-0.37807998436999,0.717379938099816,-0.527028934446428,0.59817349551942,0.950113410762655
"PTI98_008495",6.0058112885414,-0.464050913127501,0.863057637075293,-0.537682413309109,0.590796322766627,0.950113410762655
"PTI98_008575",6.13730333763431,-0.397510833375716,0.754034919952074,-0.527178281611921,0.598069789194546,0.950113410762655
"PTI98_009118",35.6131791528144,0.285675401313507,0.531608786199582,0.537379006385075,0.591005841656286,0.950113410762655
"PTI98_010152",7.50553547434185,-0.419182439829922,0.760480485814633,-0.551207358570011,0.581491536265021,0.950113410762655
"PTI98_010704",10.9059010666837,0.34089214283281,0.610074723579118,0.558771130252541,0.576317927668843,0.950113410762655
"PTI98_010705",50.8492746782283,0.218338568831068,0.409049310199833,0.533770778697568,0.593500133189432,0.950113410762655
"PTI98_010990",34.3828463774336,0.270650680055557,0.496994522967647,0.544574774062802,0.586046008243411,0.950113410762655
"PTI98_011026",9.62214564363222,-0.366815171162318,0.694006006997473,-0.528547544925867,0.597119356726483,0.950113410762655
"PTI98_011157",7.43719856884211,0.536731918185315,0.973786407064833,0.551180335124127,0.581510059134824,0.950113410762655
"PTI98_011297",8.98728697127067,0.37023716422493,0.680528118824122,0.544043888832485,0.586411271437731,0.950113410762655
"PTI98_011776",5.85147929509434,0.408180492900818,0.768633059712158,0.531047276386571,0.595386018565165,0.950113410762655
"PTI98_011808",18.284671525802,-0.348170290606936,0.645106187509245,-0.539710046730789,0.58939701029753,0.950113410762655
"rRNA_CM057210.1_2099668",1039.39234504713,-0.672782050165884,1.26895879516918,-0.530184315461706,0.595984144589882,0.950113410762655
"PTI98_000819",12.4124008302442,-0.307442677905317,0.584398054735414,-0.526084362215257,0.598829593296404,0.950167828200317
"PTI98_000811",5.53143324127124,-0.366489070231762,0.699172071943132,-0.524175785816529,0.600156280967899,0.951285059459491
"PTI98_002930",5.931756706457,-0.415028533104513,0.802714618541353,-0.51703123814872,0.605134352584464,0.951334619543502
"PTI98_003424",35.2199097997886,0.291607711878767,0.56051395067129,0.520250587036287,0.602888931062644,0.951334619543502
"PTI98_001546",5.43593398401168,0.42026843019446,0.808090230268536,0.520076118300306,0.603010522828454,0.951334619543502
"PTI98_001772",5.76857941855924,-0.48532501538981,0.938764835674998,-0.516982525278386,0.605168357458301,0.951334619543502
"PTI98_007388",6.00604090554958,0.417588759286745,0.800743662849704,0.521501172798072,0.602017688793545,0.951334619543502
"PTI98_007767",9.4990302401962,0.420206258447799,0.810553211163842,0.518419090394376,0.604165897989539,0.951334619543502
"PTI98_013066",7.12601877175384,-0.396075028147414,0.765427804403684,-0.517455762475184,0.604838042190601,0.951334619543502
"PTI98_013327",5.40905605982969,-0.41743633571167,0.804331573190105,-0.518985390634427,0.60377092908961,0.951334619543502
"PTI98_000586",25.0054847757763,0.304934369513011,0.600849192102265,0.50750566618239,0.611800061710132,0.951453198323234
"PTI98_000815",26.6824418829418,-0.339846722079064,0.6639669595109,-0.511842821711198,0.608761018067062,0.951453198323234
"PTI98_001456",162.76950255816,-0.283205227490486,0.552075557973145,-0.51298273107802,0.60796340052165,0.951453198323234
"PTI98_001679",14.6298436670128,-0.292671336332172,0.575208410142769,-0.508809209273435,0.610885963611274,0.951453198323234
"PTI98_005171",8.09954702796029,-0.359973951168011,0.708783882732621,-0.507875475074546,0.611540674970838,0.951453198323234
"PTI98_007512",5.59439171260149,-0.493032533364235,0.957287032625451,-0.515031037255405,0.60653133162879,0.951453198323234
"PTI98_007668",22.7154124963037,-0.234006065640218,0.463621014454619,-0.504735674925114,0.613744500716653,0.951453198323234
"PTI98_007674",6.398414256337,-0.410615001587995,0.814022515673144,-0.504427081170407,0.61396129158816,0.951453198323234
"PTI98_006864",14.8512991278227,-0.28756170494897,0.568256723863372,-0.506041887184268,0.612827244805911,0.951453198323234
"PTI98_009453",5.29452075677175,0.373064924854211,0.731648283737952,0.509896535187976,0.610123949474117,0.951453198323234
"PTI98_011293",8.0457593274507,0.372962637162082,0.738340177907714,0.505136586524348,0.613462905863623,0.951453198323234
"PTI98_011319",15.5627173402468,0.323284500553867,0.635677531445696,0.508566819749999,0.611055891290566,0.951453198323234
"PTI98_012743",9.73466088137306,0.322141698943117,0.635453096615655,0.506948035439286,0.612191280156859,0.951453198323234
"PTI98_012802",10.2093703704754,0.350472807418591,0.682211413846,0.513730495130217,0.607440428161472,0.951453198323234
"PTI98_011819",22.7713817793531,0.276862785133429,0.55103053746909,0.502445447769689,0.615354216714604,0.952645636413288
"PTI98_012858",5.25583750668574,0.401905223346591,0.801409293248392,0.501498081857185,0.616020627451721,0.95271206350833
"PTI98_003009",28.3708334429337,0.284824666555205,0.581123058906899,0.490127972362625,0.624043345264247,0.953089269067265
"PTI98_003413",30.9556962697378,0.334709816502017,0.689309522446392,0.485572599249921,0.62727022769026,0.953089269067265
"PTI98_003884",13.3946464540918,0.333044475002213,0.68641877060342,0.485191386461415,0.627540591507294,0.953089269067265
"PTI98_000435",12.456171030238,0.319168861891146,0.646178951175817,0.493932619300538,0.621353766784792,0.953089269067265
"PTI98_000912",6.77573547753496,-0.47063036104228,0.954301597204337,-0.493167319871422,0.621894366988419,0.953089269067265
"PTI98_000951",18.159492241411,0.295761617385578,0.611839523179417,0.483397371664805,0.62881361405712,0.953089269067265
"PTI98_000955",22.0446798007873,0.25293889799463,0.510497003074483,0.495475774532069,0.62026431826482,0.953089269067265
"PTI98_000961",8.00458124476302,-0.366391602702877,0.759166912070775,-0.482623250404147,0.629363267335648,0.953089269067265
"PTI98_001188",6.81769440317728,0.348646206210169,0.720585091861523,0.483837662127444,0.628501084095639,0.953089269067265
"PTI98_001570",6.44352568744457,0.387537396346104,0.800600610789036,0.484058332111644,0.62834447167182,0.953089269067265
"PTI98_001683",6.39423692628999,0.35225848152334,0.727266015931427,0.484359881813252,0.628130484885876,0.953089269067265
"PTI98_001793",13.0209799709361,-0.451756615368043,0.913333102559263,-0.494624156402707,0.620865447299687,0.953089269067265
"PTI98_005281",107.013258939862,0.216206563160969,0.434556082770348,0.497534315438933,0.618812310420708,0.953089269067265
"PTI98_005592",12.1796149930022,-0.415106156421979,0.832486423884883,-0.498634145269112,0.618037145811191,0.953089269067265
"PTI98_007556",20.6026735555367,0.3175087284704,0.647519050266293,0.490346543997159,0.623888696552523,0.953089269067265
"PTI98_006211",7.68698601310265,-0.380310246193435,0.785698061036663,-0.484041217680552,0.628356617412976,0.953089269067265
"PTI98_008803",5.43157514625929,-0.403293661656206,0.831656171007004,-0.484928358275609,0.627727165574243,0.953089269067265
"PTI98_010144",6.74075492327397,0.371826020548086,0.745373367381206,0.498845326140991,0.61788835327473,0.953089269067265
"PTI98_012078",8.7303529243571,-0.824234362223966,1.70762350454565,-0.482679208871204,0.629323527969048,0.953089269067265
"PTI98_012152",68.0796518957958,-0.306091113527806,0.631046385969674,-0.485053270778918,0.627638558285456,0.953089269067265
"PTI98_013161",78.0634033886363,-0.21693237528852,0.442781582776993,-0.48993089081977,0.624182803028532,0.953089269067265
"PTI98_005925",13.2315687590822,-0.288453211420857,0.600335391842749,-0.480486766797874,0.630881310617549,0.95444222041942
"PTI98_002867",10.9802719207339,-0.336494125262082,0.704281147489842,-0.47778380333109,0.632804090229224,0.955459140187999
"PTI98_003147",7.57966597420947,-0.345351751541681,0.7216101856875,-0.4785849179951,0.632233949870875,0.955459140187999
"PTI98_004866",64.6716306289413,0.246538528698618,0.520547390815669,0.473613993746671,0.635775194634577,0.956165843899245
"PTI98_006839",9.44458962866525,0.352064665604806,0.740037249507228,0.475739114266528,0.634260251198843,0.956165843899245
"PTI98_011099",36.0128366248436,-0.392244723791684,0.827779886020493,-0.473851479621448,0.6356058212863,0.956165843899245
"PTI98_011983",10.9837834346273,-0.310663494546549,0.655891203394256,-0.473650954516322,0.6357488332072,0.956165843899245
"PTI98_001253",8.09776430500135,0.278231257813771,0.592296573332859,0.469749902904487,0.638533710097872,0.958149274422407
"PTI98_005181",93.0661154919273,0.173302018935614,0.369435007255625,0.469100154376274,0.638998048737698,0.958149274422407
"PTI98_006861",13.3291832406601,0.389155410202679,0.827478221929585,0.470290818403912,0.638147256369409,0.958149274422407
"PTI98_010586",5.6351548921759,-0.659224600110188,1.40783256723471,-0.468254972539134,0.639602264339565,0.958149274422407
"PTI98_000151",88.1986687607798,0.202805403011587,0.436376145802542,0.464749058724569,0.642111171804123,0.960025313617124
"PTI98_010071",8.57399897507937,-0.301150933438106,0.647268818512033,-0.465264083214148,0.641742352241124,0.960025313617124
"PTI98_006316",46.214508311648,0.23614897164154,0.513657039660551,0.45974055334197,0.645702457384865,0.964450982291372
"PTI98_006532",5.5004508566344,-0.366088714443655,0.797947942534837,-0.458787716502787,0.64638661650758,0.964530029319905
"PTI98_002907",21.231600829342,-0.261535555746703,0.571757860269887,-0.457423629686962,0.647366583281158,0.965049891954741
"PTI98_003579",10.4287753707943,0.416576747276495,0.912940236976345,0.456302319039191,0.648172596560973,0.965309675969947
"PTI98_005252",8.31402579406331,0.297173574902166,0.655485363572562,0.453364165574185,0.65028653556528,0.967514923411634
"PTI98_001440",9.84165790228882,0.396986817581927,0.877805223144312,0.452249322645762,0.651089379574465,0.967623006789019
"PTI98_006080",6.15095792248907,-0.397442054516906,0.881977201140044,-0.450626222540868,0.652258964000451,0.967623006789019
"PTI98_008471",46.3625272385286,0.269075921093635,0.596253490021755,0.451277729349337,0.651789393880426,0.967623006789019
"PTI98_002938",7.32186547067705,-0.341448991533005,0.776733187578037,-0.439596243592593,0.660229561848398,0.976574033756793
"PTI98_002178",44.2257093472224,-0.238195300795946,0.540480812612632,-0.440710003458834,0.659422953641611,0.976574033756793
"PTI98_009229",5.66356619034146,-0.354352041094955,0.807656463703554,-0.438741045258345,0.660849182529139,0.976574033756793
"PTI98_011071",10.5940104586284,-0.501078251050334,1.13828420893567,-0.440204868974555,0.659788733605682,0.976574033756793
"PTI98_003618",6.18455155644217,0.332058645091314,0.75923763607052,0.43735798821816,0.661851747000814,0.977110598470767
"PTI98_004542",43.0464856150544,0.201623173394805,0.46356369101967,0.434941686117193,0.663604755447204,0.977809128566371
"PTI98_013132",23.253295716987,0.25070266997977,0.575606137314003,0.4355455123353,0.663166511120719,0.977809128566371
"PTI98_001451",15.1378707153958,0.283298270332502,0.653691958438279,0.433381911274117,0.664737339518605,0.978534349503303
"PTI98_005634",56.8890456682379,0.214664966476821,0.50170102623956,0.427874282191163,0.668742651902926,0.98070599957262
"PTI98_007351",7.05775341213683,-0.293339807897076,0.683963002743595,-0.428882566338232,0.668008687979749,0.98070599957262
"PTI98_006135",10.5715412331934,-0.272852484222043,0.637769321897277,-0.427823156200653,0.668779876671904,0.98070599957262
"PTI98_010287",14.3516732670038,-0.281843259774442,0.65808448015741,-0.428278235200178,0.668448562869272,0.98070599957262
"PTI98_006838",7.52462524774995,-0.297599902347817,0.698639575713896,-0.425970575806156,0.67012928677785,0.980802251146125
"PTI98_012684",11.8231794441472,0.265777605337401,0.623434084888752,0.426312278682721,0.669880311909053,0.980802251146125
"PTI98_009766",14.7420576801997,-0.252677767681887,0.598072397714257,-0.422486924070704,0.672669642982971,0.983578195672707
"PTI98_001334",6.3479214356765,0.311212132042787,0.741631502652819,0.419631759073852,0.67475448382385,0.983802339010346
"PTI98_004429",7.62172199767287,-0.374695326205873,0.892471100095235,-0.419840290812654,0.674602129218356,0.983802339010346
"PTI98_010272",10.9882953790215,-0.236674698510557,0.561763958160546,-0.421306306808165,0.673531425473018,0.983802339010346
"PTI98_000549",7.6749049041782,0.292516258138928,0.704282688910174,0.415339270359712,0.677893557097318,0.984628948383548
"PTI98_008557",8.90273808579067,-0.31236719996025,0.74860994975353,-0.417262955245376,0.676486081462923,0.984628948383548
"PTI98_009077",10.709242055984,0.250933686486996,0.602186165339199,0.416704502577953,0.676894560577948,0.984628948383548
"PTI98_010055",8.69194739831991,-0.293229274918214,0.706152607570094,-0.415249156874504,0.677959516789299,0.984628948383548
"PTI98_010527",8.65553356512546,-0.274678468027165,0.662751557146606,-0.41445163736734,0.678543378696254,0.984628948383548
"PTI98_000984",14.8403866614733,0.290010700995796,0.702960305727355,0.412556297465076,0.679931725859098,0.984744825645146
"PTI98_000992",29.6968815730783,0.21522310219137,0.522762163594257,0.411703671726357,0.680556633430153,0.984744825645146
"PTI98_008413",11.892906807032,0.266544662502288,0.646242438593604,0.412453046386679,0.68000738908621,0.984744825645146
"PTI98_011551",24.0645807706498,-0.205845995474885,0.502051025151589,-0.410010108858423,0.681798532072217,0.984907022004221
"PTI98_013108",6.69247254742417,0.302305718986862,0.737703646356755,0.409792903261138,0.68195787256575,0.984907022004221
"PTI98_003157",6.41676059305589,0.29212644691742,0.729778924418579,0.400294441429861,0.688939661579595,0.986112382675101
"PTI98_001194",6.03440985557656,0.272209026341828,0.67505318408777,0.403240859769703,0.68677104372316,0.986112382675101
"PTI98_001875",5.36215208366704,-0.354693073390494,0.887478120454007,-0.39966402012147,0.68940399611795,0.986112382675101
"PTI98_004606",17.4737010083976,-0.25660594743053,0.629626908198028,-0.407552383942624,0.683602328328115,0.986112382675101
"PTI98_004615",11.6769341616983,-0.254915593895518,0.628110174187289,-0.405845350658987,0.684856234358662,0.986112382675101
"PTI98_004803",5.24307964967986,0.28967664616236,0.728882850232422,0.397425520534596,0.691053699195795,0.986112382675101
"PTI98_006060",7.96521209102872,0.320659181448867,0.792398495270107,0.404669094354556,0.685720762573386,0.986112382675101
"PTI98_006409",5.79767668098227,-0.280919770244211,0.704618202629554,-0.398683668965478,0.690126302618298,0.986112382675101
"PTI98_007099",8.79921873655523,-0.386351367175307,0.967911921241247,-0.399159632913552,0.689775584959232,0.986112382675101
"PTI98_010201",6.4588416368599,0.270149083174293,0.680045854801805,0.397251275434987,0.691182173982352,0.986112382675101
"PTI98_010204",57.6402627180205,0.208875785887466,0.522789758625099,0.399540699566868,0.68949484111491,0.986112382675101
"PTI98_012469",11.6399211692177,-0.269046012951682,0.67341009304862,-0.399527740568416,0.689504387716711,0.986112382675101
"PTI98_013580",10.9975601219612,-0.286250714410618,0.717433283651972,-0.398992799655889,0.689898509735066,0.986112382675101
"PTI98_007673",11.2806641901904,0.268492404741386,0.679642526916855,0.395049447478487,0.692806395812448,0.987507623881923
"PTI98_003122",18.2384826991892,-0.230085630822357,0.589495547963614,-0.390309361312699,0.696307801847717,0.98807911603067
"PTI98_003545",18.3827313548239,-0.388441301074528,0.988063637579831,-0.393133889661175,0.69422059477306,0.98807911603067
"PTI98_005325",9.29758090243836,-0.256607663142908,0.658750810020238,-0.38953677056583,0.696879115350785,0.98807911603067
"PTI98_008913",12.7386433341063,0.257949494803851,0.66267416921271,0.389255393959761,0.697087229765093,0.98807911603067
"PTI98_009688",9.51505869156291,-0.266494247241746,0.680152235439545,-0.391815586799513,0.695194477461691,0.98807911603067
"PTI98_011370",16.0882050121409,0.283695432278616,0.7278621298466,0.389765342426052,0.696710073669347,0.98807911603067
"PTI98_003524",24.0880276801553,0.240622956614448,0.619757330751534,0.388253506130637,0.697828440464112,0.988213027830549
"PTI98_002693",10.4291031652884,-0.251711791014574,0.659365508583812,-0.381748495694294,0.702647924985313,0.989865276063338
"PTI98_000860",7.29822717852213,0.405857154756173,1.05956668008169,0.383040692375191,0.70168959259769,0.989865276063338
"PTI98_006445",5.72431830310064,0.31186411025763,0.812385300952845,0.383886943660656,0.701062243779195,0.989865276063338
"PTI98_008382",63.4446294884435,-0.284621247135125,0.741707224846592,-0.383738000117221,0.7011726448652,0.989865276063338
"PTI98_009087",45.8750113550592,-0.156076602760205,0.409184997759473,-0.381432857056871,0.702882084115656,0.989865276063338
"PTI98_010984",7.98787992189325,0.250788035703351,0.65618694561287,0.382189919168719,0.702320498657388,0.989865276063338
"PTI98_001073",13.1936291927567,0.784765539857719,2.07079553983674,0.378968142803509,0.704711520805979,0.990653612802977
"PTI98_009706",5.20730150802188,-0.358698815878178,0.946605286887465,-0.378931768971644,0.704738532144526,0.990653612802977
"PTI98_002336",11.2697616903486,-0.200640511557593,0.70727957952608,-0.28367920885265,0.776656229381235,0.991467540026828
"PTI98_002380",6.1395197046912,-0.277446723107444,0.828335215869493,-0.334944980959444,0.737666590004725,0.991467540026828
"PTI98_002442",5.75882155884156,0.276340650616244,0.795522336512329,0.347370071125541,0.728313314873054,0.991467540026828
"PTI98_002458",71.25422983028,-0.180677842006288,0.500340510774854,-0.361109760483877,0.718017397062273,0.991467540026828
"PTI98_002483",21.8137855220525,0.148664770441305,0.529929365141316,0.280536954961273,0.779065577271603,0.991467540026828
"PTI98_002526",6.32674001328276,-0.22800480510146,0.779221230725249,-0.292605997001965,0.769823329363896,0.991467540026828
"PTI98_002632",6.14144497082086,0.271105862886705,0.729149346562044,0.371811157981524,0.710033455476216,0.991467540026828
"PTI98_002708",5.96654474784319,-0.264879394598086,0.801860602577942,-0.330330974918224,0.741149890684084,0.991467540026828
"PTI98_002893",24.1482880782489,0.183917309249655,0.516554045780379,0.356046595224714,0.721805670639319,0.991467540026828
"PTI98_002905",5.42696382030212,0.20897411879938,0.717758401154576,0.291148272821644,0.770937921871824,0.991467540026828
"PTI98_002958",6.53679146744205,0.203273662765679,0.743267477103164,0.27348655635778,0.784479225060494,0.991467540026828
"PTI98_003149",8.25178282805462,-0.196594836828967,0.687226184510286,-0.286070061444268,0.774824461263671,0.991467540026828
"PTI98_003277",10.6572802721703,0.16403047780256,0.578889575420119,0.283353656323,0.776905750034295,0.991467540026828
"PTI98_003304",202.875134815105,0.166886554523474,0.464683340728746,0.359140386358056,0.719490070276094,0.991467540026828
"PTI98_003431",9.78629100478356,0.250908002147605,0.679888708994058,0.369042754833862,0.712095856768515,0.991467540026828
"PTI98_003476",24.1380781820147,0.172864378147409,0.610720549681695,0.283049879748611,0.777138601206047,0.991467540026828
"PTI98_003526",8.01043236656013,0.191135483236749,0.691952504349378,0.276226304602319,0.782374254747047,0.991467540026828
"PTI98_003899",9.25282721062992,0.230748019409315,0.652313945282525,0.353737676586656,0.723535484023052,0.991467540026828
"PTI98_003995",7.15376846864147,0.291292225663075,0.787488059494007,0.369900498364689,0.71145663009754,0.991467540026828
"PTI98_004076",8.63685674982992,0.265650454236772,0.741245608406628,0.3583838490562,0.720056076649462,0.991467540026828
"PTI98_000399",10.03358671119,-0.275850883442669,0.960603251078609,-0.287164220122023,0.773986581236144,0.991467540026828
"PTI98_000438",6.21980623387513,0.259293258917842,0.850694730095962,0.304801769359254,0.76051713385944,0.991467540026828
"PTI98_000523",5.4385600244518,-0.26814917555849,0.795853840556267,-0.336932690267683,0.736167641410737,0.991467540026828
"PTI98_000561",9.58504084532918,-0.203360053983819,0.742652116463647,-0.273829494962159,0.78421565592154,0.991467540026828
"PTI98_000573",6.4345999012896,0.181234782420433,0.651949922405504,0.277988808943684,0.781020949477778,0.991467540026828
"PTI98_000738",17.2290843170803,0.191846414711373,0.597075807696825,0.321309978127244,0.747975495548993,0.991467540026828
"PTI98_000827",41.8880867530253,0.150370881197263,0.465297370452567,0.323171568863599,0.746565311373579,0.991467540026828
"PTI98_000896",6.14562676606358,-0.299075530818879,0.869989518342981,-0.343769119642397,0.73101992536309,0.991467540026828
"PTI98_001046",17.2417079202624,-0.192374926553569,0.669418869327642,-0.287376014283536,0.773824424811712,0.991467540026828
"PTI98_001114",34.7570261581474,0.175689304776763,0.549165884088181,0.319920282499835,0.749028762056147,0.991467540026828
"PTI98_001120",23.1992030979781,-0.160043404886023,0.512749142964702,-0.312128078772898,0.75494318799149,0.991467540026828
"PTI98_001158",8.08943227643254,0.238182048930473,0.659955689031558,0.360906122773166,0.718169626336282,0.991467540026828
"PTI98_001232",8.05362676237431,-0.302298389322417,0.804932501359074,-0.375557439676006,0.707245936438109,0.991467540026828
"PTI98_001319",48.507730940491,-0.174573784221602,0.503834896173471,-0.346490061620297,0.728974451881135,0.991467540026828
"PTI98_001349",5.96017454065974,-0.226304678187801,0.748347070815396,-0.302406045287544,0.762342546882703,0.991467540026828
"PTI98_001367",192.705200858513,0.177292399578645,0.501420811045946,0.353580058252507,0.723653621363917,0.991467540026828
"PTI98_001391",62.1511754751055,0.152136158765492,0.47780049479158,0.318409378859799,0.750174424904428,0.991467540026828
"PTI98_001463",5.35313342008054,-0.290893418643912,0.925854288871908,-0.314189200331239,0.753377344577687,0.991467540026828
"PTI98_001539",7.37441047561635,-0.269425862021353,0.854034998970374,-0.315474028987305,0.752401766925393,0.991467540026828
"PTI98_001563",11.8606622921854,-0.457304912113166,1.49538153009137,-0.305811528971622,0.759748149901948,0.991467540026828
"PTI98_001632",6.65475820198221,0.198753403559406,0.669483416604795,0.296875768136812,0.766561356820026,0.991467540026828
"PTI98_001710",7.15998965729555,0.238003414062327,0.741196624557332,0.321106985888488,0.748129316450275,0.991467540026828
"PTI98_001723",6.71638234440588,0.307422427354208,0.924093952937222,0.332674428154269,0.739380054472374,0.991467540026828
"PTI98_001747",9.54251751552783,0.261852385227764,0.744814495520458,0.351567251715191,0.725162828509572,0.991467540026828
"PTI98_001778",8.20790673100757,0.201187534208251,0.685956761803269,0.293294775139124,0.7692968469774,0.991467540026828
"PTI98_001792",115.739664794639,0.167974660621971,0.521690626810695,0.321981365946456,0.747466811241368,0.991467540026828
"PTI98_001847",17.0644890409793,-0.180339905221533,0.610997261401985,-0.295156650633307,0.767874215314314,0.991467540026828
"PTI98_004756",19.4042714101104,0.193259676870251,0.65909158516633,0.293221277922217,0.769353021091769,0.991467540026828
"PTI98_004839",7.33820143195284,-0.255175042706726,0.749969831831423,-0.340247076450514,0.733670468814122,0.991467540026828
"PTI98_004871",13.1519398027613,0.188476368500653,0.63406963976918,0.2972486879663,0.76627665308294,0.991467540026828
"PTI98_005066",5.9599096669857,-0.231841472490144,0.821422213510768,-0.282243977185923,0.777756439538093,0.991467540026828
"PTI98_005231",11.1533821382472,-0.210575855060481,0.59072676220366,-0.356469130118542,0.721489266334687,0.991467540026828
"PTI98_005249",5.8107778073216,0.248095260405948,0.814176605253214,0.304719220381908,0.760580009634131,0.991467540026828
"PTI98_005271",6.92209743554535,0.251938371521416,0.737946511828382,0.341404651262864,0.732798974030135,0.991467540026828
"PTI98_005313",9.51818781217162,0.311496141732778,0.876467386243968,0.355399580887624,0.72229026279838,0.991467540026828
"PTI98_005339",20.5794522026582,0.143712192914927,0.509713097374965,0.281947224144422,0.77798397815368,0.991467540026828
"PTI98_005543",17.2563300696987,0.195015813342812,0.57905086075106,0.336785292210543,0.736278761161485,0.991467540026828
"PTI98_005582",6.78997420244179,-0.259598743408084,0.752707921737955,-0.344886423951387,0.730179757263439,0.991467540026828
"PTI98_005614",14.73090921389,0.25091711585045,0.713727403622998,0.351558752790987,0.725169203292031,0.991467540026828
"PTI98_007299",11.7691111085165,0.276128496083946,0.894856427829421,0.308572959299994,0.757646393025942,0.991467540026828
"PTI98_007356",13.7239057763809,-0.283479721192808,0.8457716974402,-0.335172862902345,0.737494691518638,0.991467540026828
"PTI98_007523",6.91690089507084,-0.238479792363663,0.74169070224663,-0.321535367291637,0.74780471474165,0.991467540026828
"PTI98_007697",6.71843729046458,-0.23379914983865,0.784492183944446,-0.298026104814839,0.765683239673254,0.991467540026828
"PTI98_007916",8.15566548588814,-0.244236197542329,0.772493719294687,-0.316165933058102,0.751876563943953,0.991467540026828
"PTI98_007936",15.308330260397,-0.195864504423608,0.572449305287958,-0.342151702542608,0.732236729818338,0.991467540026828
"PTI98_007963",52.5079067887286,0.173637081764877,0.573911491410658,0.302550278855861,0.762232611131514,0.991467540026828
"PTI98_008115",37.6672801882824,-0.186332092200558,0.566355855606033,-0.329001793406325,0.742154332487304,0.991467540026828
"PTI98_005815",13.6193404408023,0.218393057161383,0.783444658811305,0.278760030724752,0.780428989840866,0.991467540026828
"PTI98_005919",5.24988650411726,-0.261485531303909,0.895095253320389,-0.292131513751099,0.770186072588293,0.991467540026828
"PTI98_006201",10.4972193048507,0.217455175683353,0.580623973966522,0.374519801856978,0.708017627048665,0.991467540026828
"PTI98_006225",10.3466854571567,0.194744500387335,0.703286548639081,0.276906334642945,0.781852028383999,0.991467540026828
"PTI98_006334",21.0057652225646,0.189775954834744,0.681892324928085,0.278307803002121,0.780776086720208,0.991467540026828
"PTI98_006424",5.39101020793252,0.2745196123785,1.00064531530786,0.27434257491531,0.783821369049077,0.991467540026828
"PTI98_006428",11.3152924803982,0.167516087818438,0.580202801858007,0.288719887739243,0.772795742319172,0.991467540026828
"PTI98_006436",51.8568904539445,0.237829566708579,0.73272971098782,0.324580214425797,0.745498803730624,0.991467540026828
"PTI98_006457",8.62129456805317,0.233625616151489,0.701396428538941,0.333086406838638,0.73906905986701,0.991467540026828
"PTI98_006458",11.9622799189729,-0.204699721364026,0.73456105561859,-0.278669444559165,0.780498513644915,0.991467540026828
"PTI98_006503",12.4131223811045,-0.196004333823003,0.690029061388319,-0.284052288216162,0.776370309988288,0.991467540026828
"PTI98_006610",5.23293951123286,0.253692865881653,0.692593962163482,0.366293787905951,0.714145864520681,0.991467540026828
"PTI98_006643",6.29914324808342,-0.300074359249303,0.90246029882814,-0.332506991874274,0.739506461011893,0.991467540026828
"PTI98_006654",5.20144504554015,0.233244647585856,0.749227377169766,0.311313567407195,0.755562254101802,0.991467540026828
"PTI98_006699",9.74859120233455,-0.245726363078824,0.702751556968305,-0.349663206921798,0.72659146924475,0.991467540026828
"PTI98_006731",5.24795104249194,-0.272724222569538,0.796619303775108,-0.342352013411076,0.732085996679495,0.991467540026828
"PTI98_006958",22.8279773140957,0.231896646791381,0.736920636954612,0.314683339239506,0.753002095421143,0.991467540026828
"PTI98_008322",12.8833042535629,-0.239225074559806,0.752375063125027,-0.317959866407817,0.750515380233232,0.991467540026828
"PTI98_008447",7.21427809337793,0.22253286271831,0.696698387572415,0.319410618264393,0.74941516000137,0.991467540026828
"PTI98_008451",26.0544220779339,-0.317650619291829,1.00434271077843,-0.316277119237147,0.751792176661786,0.991467540026828
"PTI98_008631",12.1606614539861,-0.199282250166123,0.667981341018081,-0.298335055081619,0.765447451665381,0.991467540026828
"PTI98_008877",12.1860734920644,-0.187644407321741,0.60778595354448,-0.308734359896668,0.757523604379191,0.991467540026828
"PTI98_008961",7.89767618178268,0.196231106669331,0.695997229162182,0.281942367652164,0.77798770208022,0.991467540026828
"PTI98_009669",92.5265097592535,-0.167191129095034,0.588508057345914,-0.28409318616476,0.77633896858875,0.991467540026828
"PTI98_010048",7.34316197220347,-0.212938324266883,0.699272695460007,-0.304513998114577,0.760736329859361,0.991467540026828
"PTI98_010072",6.21503240026953,0.207213269028703,0.730913448924822,0.283499050856862,0.776794309138456,0.991467540026828
"PTI98_010081",8.46052930231262,-0.218668186020772,0.688984929976901,-0.317377313358803,0.750957319391092,0.991467540026828
"PTI98_010109",11.2291139264068,-0.182665429109155,0.61933794287328,-0.294936603208451,0.768042309672926,0.991467540026828
"PTI98_010559",15.7046427437418,-0.322930716972867,0.954935664371668,-0.338170129173414,0.735234984657069,0.991467540026828
"PTI98_010655",6.17882955421003,-0.236653926728284,0.757169631496287,-0.312550737488796,0.754622009915592,0.991467540026828
"PTI98_010718",8.06704599737476,-0.226991862222015,0.705592094583255,-0.321704089323851,0.747676879584081,0.991467540026828
"PTI98_010893",33.0637478712912,-0.198386046321002,0.551386407142801,-0.359794952779137,0.719000477883548,0.991467540026828
"PTI98_010894",5.54024785055669,0.282056058109802,0.935118539279911,0.301625993135587,0.762937190679432,0.991467540026828
"PTI98_010950",9.16366089530179,-0.24674483989963,0.654896869302443,-0.376769002060505,0.706345278766209,0.991467540026828
"PTI98_011002",6.13228470416378,0.270368042644261,0.785507703900408,0.344195278164376,0.730699433092778,0.991467540026828
"PTI98_011070",34.8471672422221,0.614163896025998,1.7490257014752,0.351146295625037,0.725478597650213,0.991467540026828
"PTI98_011081",6.0682721654617,-0.225114491096779,0.787283709550741,-0.285938205459934,0.774925451088119,0.991467540026828
"PTI98_011258",5.99853223207784,-0.302397269021728,1.09711289474296,-0.275630038139854,0.782832235934397,0.991467540026828
"PTI98_011318",59.4263264816809,-0.179035523190165,0.48568564292999,-0.368624285680136,0.712407791115296,0.991467540026828
"PTI98_011377",9.03831257202045,0.172812100076847,0.616619204462701,0.28025740818019,0.779280025212131,0.991467540026828
"PTI98_011447",7.67385222426048,-0.279416124540071,0.818249849659264,-0.341480202723441,0.732742106120555,0.991467540026828
"PTI98_011499",5.79508845901071,0.268167663232525,0.808440050272335,0.331710017511118,0.740108235701777,0.991467540026828
"PTI98_011595",7.30953408570355,0.316376348975324,1.08831488886066,0.290702950233947,0.771278515043392,0.991467540026828
"PTI98_011628",8.597789318259,-0.24968913013679,0.697394567148643,-0.358031366888425,0.720319840007669,0.991467540026828
"PTI98_011884",7.85330681348057,-0.224334072836398,0.743192189860927,-0.301852032215755,0.762764863765548,0.991467540026828
"PTI98_012008",57.0437868883235,0.205039222851143,0.560033559733423,0.366119528531008,0.714275886022823,0.991467540026828
"PTI98_012180",18.5477082934911,-0.22339822679737,0.628702626450761,-0.355332103602824,0.722340807454545,0.991467540026828
"PTI98_012502",69.6002452833197,0.184754169820101,0.563290107814715,0.327991149244312,0.742918354678078,0.991467540026828
"PTI98_012550",21.6617787503572,0.190659619943313,0.587951744212566,0.324277667036535,0.745727826058185,0.991467540026828
"PTI98_012567",10.4767770939506,-0.3159728743368,0.917051008696963,-0.344553216059121,0.730430282425395,0.991467540026828
"PTI98_012665",6.79749261930485,0.213334385181309,0.719611707271156,0.296457635452174,0.766880615564193,0.991467540026828
"PTI98_012666",5.60559302539218,0.27963635424,0.84665014340576,0.33028560429356,0.741184169300306,0.991467540026828
"PTI98_012868",7.2948587055749,0.222717873171359,0.782440287679207,0.284645201274031,0.77591597749059,0.991467540026828
"PTI98_012978",7.64426321342661,-0.229444640111673,0.676209343843331,-0.339310070469586,0.734376157045104,0.991467540026828
"PTI98_013280",5.98982990750505,0.257414773879139,0.763130563349811,0.337314197912871,0.735880057861506,0.991467540026828
"PTI98_003282",6.28732895109701,0.19514920902588,0.738774346283018,0.264152660427005,0.791662287291277,0.992060857932892
"PTI98_003447",5.6179397940792,0.210028774127229,0.806133953140156,0.260538305462879,0.79444857174376,0.992060857932892
"PTI98_000595",10.7704564300053,-0.18002885480703,0.686460996613955,-0.262256494826425,0.793123700509413,0.992060857932892
"PTI98_000996",10.9110745364162,-0.14538972886783,0.554510428844431,-0.262194760107244,0.793171292952482,0.992060857932892
"PTI98_001335",12.388796156984,0.176385038071394,0.649142201444513,0.271720183465025,0.785837180831393,0.992060857932892
"PTI98_001374",56.8389359909487,-0.108660300238306,0.424198556492604,-0.256154337574226,0.797831665874456,0.992060857932892
"PTI98_004421",11.2143626299631,0.411419176320065,1.6147686073891,0.254785220890122,0.79888899067616,0.992060857932892
"PTI98_005177",29.0899576096827,0.164396289865799,0.639232728485621,0.257177523208586,0.797041734466003,0.992060857932892
"PTI98_007589",6.94971175718465,-0.185678025660691,0.716325990838952,-0.259208835132768,0.795474114568261,0.992060857932892
"PTI98_007851",6.57512944026951,0.20622141484746,0.782476313026222,0.263549722099446,0.79212690494773,0.992060857932892
"PTI98_007908",6.39289791424487,0.246101761422791,0.946351168477395,0.26005331807087,0.794822646095144,0.992060857932892
"PTI98_006231",48.9071322228319,-0.167322588565654,0.657867642643369,-0.254340809183648,0.799232274944627,0.992060857932892
"PTI98_006353",10.1627973868264,0.172080604507547,0.635315446644724,0.270858524558709,0.786499845546755,0.992060857932892
"PTI98_006800",30.593397723994,-0.170047140226526,0.655631593797983,-0.259363858964554,0.795354512181191,0.992060857932892
"PTI98_006906",9.6317927153209,-0.180714121381517,0.671827915691581,-0.268988705531073,0.787938374142726,0.992060857932892
"PTI98_008440",5.72672285497231,0.208891910943439,0.799942514027617,0.261133653081761,0.793989440364737,0.992060857932892
"PTI98_010829",8.69447408939924,-0.167778853886417,0.65492562718932,-0.256180010250106,0.797811843227538,0.992060857932892
"PTI98_010962",11.0426522125379,-0.180802610827858,0.708062903496657,-0.255348232388666,0.798454150231847,0.992060857932892
"PTI98_012089",6.45528864738476,-0.175631934120202,0.672001359207887,-0.261356516193995,0.793817586948067,0.992060857932892
"PTI98_012265",8.19722018314276,0.219009757210126,0.853497115248972,0.256602808957637,0.797485406362848,0.992060857932892
"PTI98_013005",45.9773947683134,-0.269092449953444,1.03469688938587,-0.26006886916724,0.794810650687222,0.992060857932892
"PTI98_013462",14.0153029690035,0.205979417979577,0.762841348263008,0.270016063561044,0.787147895526439,0.992060857932892
"PTI98_008691",6.19658992056779,-0.187075770179929,0.743519569684799,-0.251608401187391,0.801343764293577,0.993068346991554
"PTI98_010066",7.00904838038608,0.189516936350568,0.752971147673937,0.25169216235711,0.801279015553215,0.993068346991554
"PTI98_002852",43.2846310269358,-0.137595663341322,0.557341919989034,-0.246878367491232,0.805002358463816,0.994229563853476
"PTI98_002982",11.6328380705575,-0.148630532147174,0.610143404325948,-0.243599342537141,0.807541137538992,0.994229563853476
"PTI98_003699",107.529715189918,-0.109201841140078,0.44847593630355,-0.243495430412938,0.807621624610133,0.994229563853476
"PTI98_001746",6.00963825018685,-0.1991740811158,0.812847530947712,-0.245032522745785,0.8064312492979,0.994229563853476
"PTI98_001896",6.9429976412924,0.171801184721258,0.699904346290697,0.245463806064011,0.806097329601538,0.994229563853476
"PTI98_007898",43.5305851938465,0.467319281334354,1.9169362280833,0.243784469450825,0.807397749088664,0.994229563853476
"PTI98_008704",32.5390278088829,0.230535098528297,0.950159364688922,0.242627823390209,0.808293725198209,0.994229563853476
"PTI98_009975",5.83931002972728,-0.219731736200435,0.899373430015628,-0.244316463959378,0.806985733375185,0.994229563853476
"PTI98_010679",7.96906802524623,-0.183056389793791,0.756461086501397,-0.241990491064675,0.80878753132845,0.994229563853476
"PTI98_012249",5.40850545680799,0.230185294614958,0.935253802523252,0.246120672264506,0.805588821034213,0.994229563853476
"PTI98_006983",6.94939387064451,-0.193238071902015,0.805904261967084,-0.239777950088452,0.810502401660134,0.994737084125851
"PTI98_010054",7.22587560802342,0.16514450845037,0.688442367879263,0.239881384638042,0.81042221248328,0.994737084125851
"PTI98_002311",10.8869463917789,-0.0604394490806978,0.717506779321102,-0.0842353700656111,0.932869296864539,0.997465574640174
"PTI98_002403",6.65037762699724,0.0297263087768001,0.75639016395235,0.0393002318029518,0.968651021808514,0.997465574640174
"PTI98_002513",10.5688377272588,-0.0770759638127249,0.619041309613066,-0.124508595170977,0.900912595374405,0.997465574640174
"PTI98_002629",8.66971098264361,0.0590242079637105,0.759876046417207,0.0776761002560982,0.9380857058855,0.997465574640174
"PTI98_002654",5.71119829398731,0.0337459243583995,0.833160799607311,0.0405034950927898,0.9676917206487,0.997465574640174
"PTI98_002669",6.56735179009293,-0.0616892371996043,0.661148468459569,-0.0933061787821063,0.925660323541497,0.997465574640174
"PTI98_002745",37.4861746685432,-0.0261036548096663,0.632510686766281,-0.0412699031902869,0.967080726395191,0.997465574640174
"PTI98_002763",5.58702611620831,-0.131801048344128,0.662054891740494,-0.199078731972863,0.842201157664654,0.997465574640174
"PTI98_002810",5.554238770597,-0.0990386868038047,0.853426316494778,-0.116048315934971,0.907614249862375,0.997465574640174
"PTI98_002857",20.7714741824866,-0.0269148740586011,0.508610454397424,-0.0529184444124108,0.957796888470226,0.997465574640174
"PTI98_002980",20.6408995325641,-0.0781486337221387,0.5659146184372,-0.138092622413519,0.89016721637676,0.997465574640174
"PTI98_003000",7.79950594084821,-0.0317942419187205,0.734417896966957,-0.0432917580712919,0.965468961170854,0.997465574640174
"PTI98_003030",6.40490070225284,0.0220794676627655,0.992916207791464,0.0222369898784075,0.982258911222597,0.997465574640174
"PTI98_003034",6.09942402677446,0.111827621038284,0.660535455067689,0.169298438381062,0.865561904244423,0.997465574640174
"PTI98_003037",55.8058343031991,-0.050884005345591,0.517553110914651,-0.0983164901775312,0.9216809843508,0.997465574640174
"PTI98_003064",5.6676607818293,-0.113285373154759,0.77013789216575,-0.147097518908182,0.883055048201286,0.997465574640174
"PTI98_003133",7.95740734716734,-0.0868169421602076,0.74339298688853,-0.11678472045261,0.907030652202802,0.997465574640174
"PTI98_003243",164.972827480397,-0.0112307297389214,0.562990068745853,-0.0199483620802399,0.984084565446982,0.997465574640174
"PTI98_003294",9.46162693307751,-0.0704863395443044,0.672013106820025,-0.104888340463844,0.916464410894471,0.997465574640174
"PTI98_003329",26.3297905183431,0.112534131979722,0.523634248802472,0.214909800566105,0.829837643674872,0.997465574640174
"PTI98_003342",28.3752069777636,0.0380926009567096,0.55940175887313,0.0680952470250434,0.94570981390096,0.997465574640174
"PTI98_003349",8.72281706927,-0.0171520657654845,0.725955611627706,-0.0236268795099288,0.981150231384674,0.997465574640174
"PTI98_003366",35.9319734495888,0.0384066960183684,0.491144029300751,0.0781984381914376,0.937670204357737,0.997465574640174
"PTI98_003367",8.92089834516823,-0.061554797821977,0.667253053825477,-0.0922510544823628,0.926498575334349,0.997465574640174
"PTI98_003376",6.24584092559549,0.110456947009101,0.700536197386297,0.15767486023023,0.874713011289354,0.997465574640174
"PTI98_003450",13.7622596091516,0.156037815718758,0.782577433902536,0.199389618150159,0.841957980957009,0.997465574640174
"PTI98_003470",27.5770933972242,0.0814635099777153,0.58728605130086,0.138711807980575,0.889677886890755,0.997465574640174
"PTI98_003500",7.28841877459003,-0.0663717623356531,0.66213057138643,-0.100239688671492,0.920154037670764,0.997465574640174
"PTI98_003550",6.79568838314585,0.134204715085384,0.731234189189665,0.183531783756044,0.854380782464438,0.997465574640174
"PTI98_003608",5.21756987288903,0.0594308860028509,0.826501455462552,0.0719065715009423,0.942676260288796,0.997465574640174
"PTI98_003617",6.34241459622184,0.105005273243606,0.669833167909851,0.156763322979758,0.875431379418765,0.997465574640174
"PTI98_003734",8.87736586239498,0.0858977090707236,0.73411035243484,0.117009259964561,0.906852715500216,0.997465574640174
"PTI98_003859",19.1844719973253,0.03293635235986,0.644081920247957,0.051136899398108,0.95921643297594,0.997465574640174
"PTI98_003908",5.4383703419377,-0.0666538678755857,0.6843767790547,-0.0973935263666483,0.922413885501115,0.997465574640174
"PTI98_003956",5.44788898759133,0.0413403416322893,0.78090334152506,0.0529391275897911,0.957780408782065,0.997465574640174
"PTI98_000197",5.38909482069794,0.150562069863468,0.772092269841813,0.195005280773391,0.845388813527327,0.997465574640174
"PTI98_000217",15.6861210459603,0.116160515348021,0.565582957142945,0.205381922989349,0.837273742601067,0.997465574640174
"PTI98_000342",8.40347229444154,0.0285969145635088,0.754886168918706,0.0378824195500506,0.969781430153971,0.997465574640174
"PTI98_000359",20.2869668366532,-0.0193566233044124,0.681289388685192,-0.0284117492887543,0.977333753407706,0.997465574640174
"PTI98_000450",7.04374019461501,0.147006730367526,0.739619357760234,0.198759982178808,0.842450500958814,0.997465574640174
"PTI98_000474",17.0917443685673,0.097884042565994,0.561324777917991,0.174380405812577,0.861566512289323,0.997465574640174
"PTI98_000489",8.4375034663351,0.0197417381438703,0.683599798368531,0.0288790871369266,0.976961024711862,0.997465574640174
"PTI98_000511",27.0217454427571,-0.0329452581058627,0.51178555019708,-0.0643731697645157,0.948673093131458,0.997465574640174
"PTI98_000547",52.388446287018,-0.241782137613666,1.47939301665364,-0.163433337113198,0.870177256520307,0.997465574640174
"PTI98_000560",12.814706707683,0.0879443832523189,0.615073956731991,0.142981802903158,0.886304552699312,0.997465574640174
"PTI98_000564",32.0567370630894,0.117262292041989,0.574536796566723,0.204098837085313,0.838276263081168,0.997465574640174
"PTI98_000572",8.97617564528504,0.0692191801917356,0.712274062516444,0.0971805430443252,0.92258301930246,0.997465574640174
"PTI98_000597",16.8707426278814,-0.167380446286737,0.781964328316491,-0.214051255569541,0.830507087169069,0.997465574640174
"PTI98_000602",13.7931192443624,-0.0844353140961126,0.68445685097361,-0.123361047487518,0.901821201021661,0.997465574640174
"PTI98_000875",13.3210229266975,-0.0172094471373195,0.660080955932826,-0.0260717219344695,0.979200132020249,0.997465574640174
"PTI98_000883",10.3659065275057,-0.0207389819445456,0.644425159023807,-0.0321821419510709,0.97432679746112,0.997465574640174
"PTI98_000967",7.24044172933143,-0.0652659056890344,0.917420697844525,-0.0711406510038157,0.943285815289714,0.997465574640174
"PTI98_001054",5.57303473902762,0.0432406216789105,0.783564573117752,0.0551845031824996,0.955991474790465,0.997465574640174
"PTI98_001078",11.8259465557837,-0.0705770068688813,0.730517770647814,-0.0966123066469615,0.923034282926123,0.997465574640174
"PTI98_001106",8.48558992670954,-0.15019157055367,0.699277088354429,-0.214781197689614,0.829937912871132,0.997465574640174
"PTI98_001137",10.4262826819144,-0.0830622332547057,0.669069937782619,-0.124145815802133,0.901199822954949,0.997465574640174
"PTI98_001143",6.78683412187634,0.0687525891610631,0.762589099679313,0.0901567950420157,0.92816261701403,0.997465574640174
"PTI98_001144",8.97438690393107,0.0275206603731456,0.733923975737935,0.0374979715650718,0.970087957467576,0.997465574640174
"PTI98_001167",6.38085968165877,-0.0197249461066608,0.691852108762826,-0.0285103504879577,0.97725511289031,0.997465574640174
"PTI98_001181",14.8478352966109,0.089318436502865,0.652149629697575,0.136960035604536,0.891062384328527,0.997465574640174
"PTI98_001203",7.80332866652513,0.118350580578691,0.705682127831533,0.167710894057026,0.866810725369158,0.997465574640174
"PTI98_001219",5.36095623035463,-0.132525287871533,0.712685646167013,-0.185951953128682,0.852482439922576,0.997465574640174
"PTI98_001230",54.1485329374153,0.0730168008507802,0.53159861768326,0.137353255674351,0.890751577341961,0.997465574640174
"PTI98_001234",118.813158814509,0.018847074039682,0.496745254606972,0.0379411254861284,0.969734623243888,0.997465574640174
"PTI98_001245",7.69867709755093,-0.109929017212208,0.664658179696022,-0.16539180675168,0.868635602134158,0.997465574640174
"PTI98_001246",11.0757293944758,-0.115435799711315,0.659133967347357,-0.175132530608124,0.860975497539424,0.997465574640174
"PTI98_001267",13.2482800714397,0.0536899793394861,0.599310395866743,0.089586263995701,0.928616000255417,0.997465574640174
"PTI98_001272",19.1063261657528,-0.205036027195433,1.34153299976539,-0.152837110403761,0.878526731652443,0.997465574640174
"PTI98_001280",5.38447990082355,0.0689332965694123,0.807817626306308,0.0853327463088485,0.931996858677782,0.997465574640174
"PTI98_001312",8.56140495689957,-0.0978784182038123,0.664921984842909,-0.147202860538498,0.882971902812429,0.997465574640174
"PTI98_001315",6.65190724403993,0.107034888090365,0.739188301555674,0.144800570930442,0.884868331439594,0.997465574640174
"PTI98_001321",10.6171661771405,-0.0176803208174737,0.625277483610483,-0.0282759595234164,0.977442054453036,0.997465574640174
"PTI98_001379",7.02570195443594,0.0274023055998059,0.756990060731605,0.0361990295794934,0.971123659767244,0.997465574640174
"PTI98_001405",23.9999520653909,0.037514449291339,0.512863624908881,0.0731470267520026,0.941689119922459,0.997465574640174
"PTI98_001475",15.5840236581339,-0.0872425057274557,0.550101318993008,-0.158593522166349,0.873989132763783,0.997465574640174
"PTI98_001481",5.36447214068863,0.0962836482604626,0.72806590913622,0.13224578578977,0.894789887295686,0.997465574640174
"PTI98_001508",12.7407454713088,0.0501526160110717,0.672889502817112,0.0745332120669193,0.940586115242954,0.997465574640174
"PTI98_001549",8.32830765707793,-0.0599806417471717,0.638402430962297,-0.093954281559924,0.925145474048407,0.997465574640174
"PTI98_001551",6.24361622009183,-0.0534164543157137,0.640163730877006,-0.0834418629786082,0.933500202709454,0.997465574640174
"PTI98_001565",11.6716146005944,0.105743676458763,0.830944602811599,0.127257191515496,0.898736840991026,0.997465574640174
"PTI98_001577",6.49743332774994,0.0402680679142958,0.731777652528444,0.0550277366016321,0.95611636665224,0.997465574640174
"PTI98_001583",7.57194481748966,-0.108998416856345,0.745952215177939,-0.146119838025207,0.883826786018508,0.997465574640174
"PTI98_001596",21.7890872474187,-0.0855659778667224,0.540239928308312,-0.158385142199061,0.87415332080937,0.997465574640174
"PTI98_001642",7.53165195726416,-0.140302570154174,0.64276512141771,-0.218279687990407,0.827211199534945,0.997465574640174
"PTI98_001672",12.8182694323787,0.169426335330317,0.73278209468384,0.231209709625092,0.817151887166016,0.997465574640174
"PTI98_001693",43.2542689544101,0.0979695482369276,0.510082502689492,0.19206608287947,0.847690442197361,0.997465574640174
"PTI98_001759",14.8814254128253,0.061533641896797,0.591819284458412,0.103973701960571,0.917190218230768,0.997465574640174
"PTI98_001817",23.2993085797197,-0.130784221641293,0.58756868779002,-0.222585417431283,0.823858186948754,0.997465574640174
"PTI98_001844",10.2973130989603,0.0938976819437948,0.754812889913284,0.124398620106477,0.9009996658583,0.997465574640174
"PTI98_001918",7.42168828492648,-0.0850000609447112,0.883085547366201,-0.0962534843857694,0.923319253567453,0.997465574640174
"PTI98_001962",8.63467426721052,-0.0292809637781282,0.770316351631318,-0.038011608758037,0.969678426267828,0.997465574640174
"PTI98_001992",10.5357607397609,0.0949847526172009,0.635038744232363,0.149573161448628,0.881101384002417,0.997465574640174
"PTI98_004464",17.0117391001781,0.18112234221984,0.776491205896925,0.2332574288599,0.815561513701297,0.997465574640174
"PTI98_004488",24.6931093783357,0.145058123353145,0.655296248472612,0.221362664125198,0.824810061025737,0.997465574640174
"PTI98_004489",11.1046038584783,-0.100107710475676,0.628978046354135,-0.159159307794523,0.873543362803702,0.997465574640174
"PTI98_004607",5.84125846955871,-0.139248010545722,0.817255040348215,-0.170385012842982,0.864707357824805,0.997465574640174
"PTI98_004608",5.60154901944332,-0.0760220069668936,0.842121712980045,-0.0902743698388585,0.928069186880588,0.997465574640174
"PTI98_004644",5.47608050778721,0.148136519456142,0.787756436331203,0.188048631054104,0.850838529072303,0.997465574640174
"PTI98_004682",11.1808422945258,0.134853976504907,0.659396842186923,0.204511104508261,0.83795411523053,0.997465574640174
"PTI98_004694",7.10605935622484,-0.108829655784367,0.723190687538091,-0.150485421977498,0.880381651343374,0.997465574640174
"PTI98_004697",35.4010657061625,0.0374279747159343,0.535374263396358,0.069909925214737,0.944265353281147,0.997465574640174
"PTI98_004742",13.4107904518275,-0.0596837047562805,0.792355566137439,-0.0753243964035308,0.939956611095672,0.997465574640174
"PTI98_004796",7.29749172532937,-0.133044546317687,0.788610554844665,-0.168707539482392,0.866026688142674,0.997465574640174
"PTI98_004837",7.54753256777435,0.130076018292061,0.666943811922564,0.195032948753356,0.84536715350643,0.997465574640174
"PTI98_004991",15.9084362536038,0.0481856610299444,0.749103168876729,0.0643244656169299,0.948711873046327,0.997465574640174
"PTI98_005029",5.52273248005533,-0.183767468711093,0.853792578244572,-0.215236666836488,0.829582804789512,0.997465574640174
"PTI98_005077",12.0171325568492,-0.115975814757264,0.737290356780867,-0.157300056471149,0.875008375755362,0.997465574640174
"PTI98_005111",51.9658600085519,-0.0625722851312967,0.542805187979981,-0.115275768391522,0.908226544328515,0.997465574640174
"PTI98_005122",16.4401201674576,-0.0360363560353648,0.720411427330007,-0.050021910630878,0.960104928017766,0.997465574640174
"PTI98_005161",21.4827383494422,0.0867552964176291,0.613148993192821,0.141491378736304,0.887481770299284,0.997465574640174
"PTI98_005188",36.2774317586127,0.0305977158474847,0.685710779413554,0.0446218971118597,0.964408688670404,0.997465574640174
"PTI98_005226",15.1363632296445,0.08867056799817,0.702290447735456,0.126259111574263,0.899526821415939,0.997465574640174
"PTI98_005254",19.2725226249161,0.0862055493152569,0.554327948224618,0.155513626169045,0.876416412496135,0.997465574640174
"PTI98_005362",5.72276197712722,0.118403174880903,0.882466070489136,0.134173062104557,0.893265726607201,0.997465574640174
"PTI98_005418",122.322114666448,0.0288173386197925,0.560507200002454,0.0514129677900058,0.958996451637709,0.997465574640174
"PTI98_005434",6.77843058632122,-0.144547466355982,0.837304326117886,-0.172634324041019,0.862938870266084,0.997465574640174
"PTI98_005508",18.2544324285935,-0.0235515472107389,0.945202643696004,-0.0249169290498869,0.980121223997213,0.997465574640174
"PTI98_007361",47.3504327780929,0.0863654567590269,0.493914628015659,0.174859078594224,0.861190365356138,0.997465574640174
"PTI98_007371",27.0370293321073,0.048979090475103,0.574100502865073,0.0853144880219941,0.932011373750955,0.997465574640174
"PTI98_007384",5.68656678965306,-0.0749116830992991,0.749661599866097,-0.0999273313621503,0.920402017657344,0.997465574640174
"PTI98_007415",11.4710339216857,0.181679158024339,1.49177907152922,0.121786906313212,0.903067784002896,0.997465574640174
"PTI98_007419",20.9597476762075,-0.132106790090139,0.610390317573929,-0.216430022375214,0.828652566319277,0.997465574640174
"PTI98_007479",5.37595958784414,-0.105463109476636,0.819796610039249,-0.128645456915938,0.897638195716507,0.997465574640174
"PTI98_007536",9.65752235067576,-0.0273801606521826,0.61991118837759,-0.044167876246662,0.964770588095274,0.997465574640174
"PTI98_007551",6.33765165947313,-0.0383730002143117,0.699323338928804,-0.0548716138561741,0.956240746657835,0.997465574640174
"PTI98_007576",21.2395385088898,0.0922695915709003,0.546054229992882,0.168975142948903,0.865816193284215,0.997465574640174
"PTI98_007599",6.82107429751204,0.130057426984358,0.765996572242032,0.169788523470394,0.865176452823461,0.997465574640174
"PTI98_007696",5.6425207551106,-0.13910379296236,0.792252778931398,-0.175580063158612,0.860623866304841,0.997465574640174
"PTI98_007704",53.2071732939505,0.0251954388688405,0.473311386914529,0.0532322685771139,0.957546845448349,0.997465574640174
"PTI98_007705",103.546201472072,0.0438992460393235,0.488427853384479,0.0898786703811649,0.92838363110987,0.997465574640174
"PTI98_007810",6.93048006528164,0.0527562495513998,0.742637126063846,0.0710390683415202,0.943366661979032,0.997465574640174
"PTI98_007814",12.1847978428822,0.058701601168825,0.708228975154841,0.0828850600979591,0.933942933476715,0.997465574640174
"PTI98_007897",94.4810492819773,0.183325086821406,1.82942422274993,0.100209172121837,0.920178264370677,0.997465574640174
"PTI98_008047",8.81164338974104,-0.110039392213581,1.14401904795694,-0.0961866783687706,0.92337231087726,0.997465574640174
"PTI98_008088",16.3657924756192,-0.0575914996231223,0.657911413206429,-0.0875368605363473,0.930244787398635,0.997465574640174
"PTI98_008121",20.5068107551002,-0.0304030533733348,0.57171515521417,-0.0531786731487736,0.957589547928788,0.997465574640174
"PTI98_005779",10.6899488360089,0.0414129024136515,0.661330482526897,0.0626205860879356,0.950068636259923,0.997465574640174
"PTI98_005781",18.9811089428336,0.0282921407409747,0.69394278604813,0.0407701345266415,0.967479148749616,0.997465574640174
"PTI98_005797",22.8011200348633,0.106735685730878,0.537555726045346,0.198557434251709,0.842608953090611,0.997465574640174
"PTI98_005824",7.59860474245135,-0.087415660247123,0.719409318900156,-0.121510325138358,0.903286837024693,0.997465574640174
"PTI98_005830",5.43481447060759,-0.0323438076144577,0.803377255668856,-0.0402597999709734,0.967886002753141,0.997465574640174
"PTI98_005958",6.73938204799246,0.0815726949118585,0.658989428374171,0.123784527337731,0.901485882980895,0.997465574640174
"PTI98_005988",6.79747390800673,0.172752010760475,0.838135692316622,0.206114609297911,0.83670138721307,0.997465574640174
"PTI98_006027",13.0772606190395,-0.143048084967158,0.650829182109088,-0.219793593925205,0.826031908955017,0.997465574640174
"PTI98_006088",10.6451006406303,0.146515416531579,0.764034896819523,0.191765346244634,0.84792601682122,0.997465574640174
"PTI98_006123",6.6639374596681,-0.208791617281211,1.03118786766063,-0.202476797709886,0.839543995496917,0.997465574640174
"PTI98_006149",45.3341701215829,-0.132788483493407,0.661862884463846,-0.200628387858574,0.840989159072992,0.997465574640174
"PTI98_006156",6.24635214355968,-0.0425634983983756,0.79829911008433,-0.0533177324898675,0.957478751813029,0.997465574640174
"PTI98_006176",12.3837974270746,0.105266742510591,0.567198156487978,0.185590769833227,0.852765692419702,0.997465574640174
"PTI98_006188",6.4586280139501,0.100665561545771,0.718158826107695,0.140171725092292,0.888524311426514,0.997465574640174
"PTI98_006290",7.2238952288352,-0.190349184030546,0.822278541553446,-0.231489908116706,0.816934224703048,0.997465574640174
"PTI98_006302",5.34687748763238,0.104623322044905,0.734450350812901,0.142451183976025,0.88672363559805,0.997465574640174
"PTI98_006304",17.3991845190464,-0.0203334868221834,0.626203788842782,-0.0324710376788992,0.974096412429607,0.997465574640174
"PTI98_006335",5.50924127966078,-0.054016319676042,0.75046269617365,-0.0719773547059068,0.942619929425489,0.997465574640174
"PTI98_006374",8.82069621934477,0.059979380108677,0.658044927590603,0.0911478496282743,0.927375112344846,0.997465574640174
"PTI98_006421",6.8972200464012,-0.0472923345329772,0.807751078561168,-0.0585481539897392,0.953312006912864,0.997465574640174
"PTI98_006423",243.611149811879,-0.0121375673321993,0.456957096859092,-0.0265617219113725,0.978809303969091,0.997465574640174
"PTI98_006431",14.7909502622765,-0.0570458153647137,0.52422984927108,-0.108818327388327,0.913346586988461,0.997465574640174
"PTI98_006439",45.50811832084,0.0245497004863723,0.530892415566373,0.0462423266306825,0.963117106766814,0.997465574640174
"PTI98_006574",10.1375443594052,0.123912752233195,0.89320920982451,0.138727580134939,0.889665423033035,0.997465574640174
"PTI98_006575",6.45658486754081,-0.150519278160155,0.838017615432332,-0.179613501420853,0.857456004466506,0.997465574640174
"PTI98_006668",7.38161000040184,-0.156152983363996,0.75038391671507,-0.208097455030196,0.835152874256334,0.997465574640174
"PTI98_006672",74.2616757383819,-0.0879565608776968,0.405810461233188,-0.216742960766491,0.828408665874826,0.997465574640174
"PTI98_006688",9.99805879526826,0.069068788851796,0.788771054295047,0.0875650652691931,0.930222369361658,0.997465574640174
"PTI98_006710",9.13221221960037,0.144208620349942,0.611290313569955,0.235908564472024,0.813503622313244,0.997465574640174
"PTI98_006730",7.42989994293368,-0.0832908216242845,1.11988391985023,-0.0743745134186976,0.940712387969872,0.997465574640174
"PTI98_006836",7.81969076065811,-0.108728946309983,0.778504662435932,-0.139663834471809,0.888925602187644,0.997465574640174
"PTI98_006837",6.0489558500491,-0.0269871713126258,0.800071792529553,-0.0337309371041586,0.973091708761768,0.997465574640174
"PTI98_006919",5.94673871807468,-0.145827284488626,0.78977648466647,-0.184643740754336,0.853508475619038,0.997465574640174
"PTI98_006943",9.94975021658238,-0.12308653031374,0.724979651025834,-0.16977928985948,0.86518371475283,0.997465574640174
"PTI98_007073",5.70240182887903,-0.185826782630219,0.816037558391598,-0.227718418986109,0.819865152327476,0.997465574640174
"PTI98_008526",22.8020799556884,-0.0254406644316002,0.541744012531962,-0.0469606748632026,0.962544569841939,0.997465574640174
"PTI98_008532",13.140455368981,-0.0983734042779528,0.577073895630773,-0.170469336808981,0.864641047072878,0.997465574640174
"PTI98_008558",7.5220776239907,-0.0519443500847387,0.678682014823779,-0.0765370953556595,0.938991802687447,0.997465574640174
"PTI98_008600",37.8523849785983,0.0344218074570331,0.568891267022047,0.0605068304831249,0.951751975880536,0.997465574640174
"PTI98_008718",7.14120177921127,0.153132196924996,0.762034936580235,0.200951675014014,0.840736360939421,0.997465574640174
"PTI98_008736",17.3804977873714,0.0164513549325323,0.537820473869286,0.0305889339135324,0.975597367479209,0.997465574640174
"PTI98_008830",5.27610378521414,-0.190659449056795,0.873705434550981,-0.218219369500407,0.82725819405071,0.997465574640174
"PTI98_008924",34.4675499435004,-0.115858499505923,0.50212204554495,-0.230737727080241,0.817518562281813,0.997465574640174
"PTI98_008970",23.3426469921382,-0.170287879429112,0.904585216779352,-0.188249682031504,0.850680927983195,0.997465574640174
"PTI98_009589",12.6295245866101,0.0785427226051924,0.604016862611801,0.130033989888245,0.896539534941805,0.997465574640174
"PTI98_009705",5.42573303097683,0.0181831001810758,0.858434680553876,0.0211816933693123,0.983100717582066,0.997465574640174
"PTI98_009711",11.9667384383434,-0.077844577492673,0.674130651411036,-0.115474021734118,0.908069410369541,0.997465574640174
"PTI98_009722",11.3461326489633,-0.0842241570463509,0.598819905912249,-0.14065022925055,0.88814626541273,0.997465574640174
"PTI98_009726",5.58411365652029,0.166174904657792,1.09138873101691,0.152260051744311,0.878981831583337,0.997465574640174
"PTI98_009732",5.37612222975672,-0.161426096510332,0.78782820928399,-0.204900122397296,0.837650159588307,0.997465574640174
"PTI98_009747",17.280018340084,0.148558326271559,0.718746445042082,0.206690867546289,0.836251290041179,0.997465574640174
"PTI98_009799",5.36969213635458,0.0153796949343519,0.860330644993811,0.0178764932108893,0.985737381718246,0.997465574640174
"PTI98_009858",7.76930383826944,0.0598953471292209,0.701118955121466,0.085428223972128,0.93192095568903,0.997465574640174
"PTI98_009870",10.9505614116412,0.0101246402761459,0.605469350292011,0.0167219699416046,0.98665842013189,0.997465574640174
"PTI98_009995",52.83153723144,0.090188254037865,0.465277414579933,0.19383759282468,0.846303050406663,0.997465574640174
"PTI98_009996",8.20534711879123,-0.121998120108466,0.722501361640197,-0.168855211333457,0.865910529407812,0.997465574640174
"PTI98_010114",10.8777157386885,-0.124733882709276,0.593168916298048,-0.21028391623711,0.833446087633001,0.997465574640174
"PTI98_010154",43.1921472242224,-0.0771198409568632,0.48172862873599,-0.160089802342074,0.872810334122765,0.997465574640174
"PTI98_010156",23.8085258144185,-0.00889314729076473,0.5466786492761,-0.0162675957850939,0.987020908937136,0.997465574640174
"PTI98_010182",7.7789542861277,0.0735736589466143,1.49111753830465,0.0493412873610653,0.960647317013917,0.997465574640174
"PTI98_010211",7.78872345293541,-0.0311317847482959,0.780981585155691,-0.0398623800356185,0.968202843632068,0.997465574640174
"PTI98_010293",17.1807909060291,0.0573352926443137,0.570908316653668,0.100428196562943,0.92000438530148,0.997465574640174
"PTI98_010306",6.92640429965932,-0.107701512403094,0.701663615278702,-0.153494509417187,0.878008319852189,0.997465574640174
"PTI98_010313",6.19546888160335,0.0130518191467204,0.767077262131209,0.0170149993893156,0.986424649722094,0.997465574640174
"PTI98_010405",14.4637930877956,-0.0798171713784608,0.637886378435261,-0.125127568289282,0.900422558472147,0.997465574640174
"PTI98_010448",15.5847227762367,0.156494308979743,0.953314062034096,0.164158187959411,0.869606615683464,0.997465574640174
"PTI98_010744",190.620409342413,-0.0632770367164773,0.542563924154062,-0.116625956683603,0.907156467627071,0.997465574640174
"PTI98_010764",38.3656384548091,-0.0154621692034136,0.54258228989349,-0.0284973717193181,0.977265464243489,0.997465574640174
"PTI98_010807",48.0329964727351,0.0547642775684799,0.479645334903909,0.114176608388052,0.909097794433337,0.997465574640174
"PTI98_010858",7.66624086698113,0.130656141009737,0.706178130754893,0.185018673503904,0.853214389093221,0.997465574640174
"PTI98_010885",7.87648404459366,0.0318031119268736,0.703562073234578,0.045202993647257,0.963945508105823,0.997465574640174
"PTI98_010910",14.6339904098877,-0.049304421763392,0.660366883720924,-0.0746621658033179,0.940483510932247,0.997465574640174
"PTI98_010943",5.54107020653063,0.0401997825406952,0.729974607629166,0.0550701108237961,0.956082608104055,0.997465574640174
"PTI98_011037",8.52611439463756,0.0532987345118258,0.704999354154997,0.0756011111183341,0.939736452451668,0.997465574640174
"PTI98_011051",6.16466188963934,-0.0537173280013266,0.739029480665863,-0.0726863128016591,0.942055740538799,0.997465574640174
"PTI98_011082",6.88759629899063,0.145773161814002,0.681407045209735,0.213929636975112,0.830601928241011,0.997465574640174
"PTI98_011102",7.10780801361394,-0.0761391158036215,0.943752500776603,-0.0806769950182569,0.935698832482581,0.997465574640174
"PTI98_011103",6.80741389733843,0.121962828121663,0.829734987934554,0.146990099122207,0.88313983519017,0.997465574640174
"PTI98_011225",13.0952134348276,0.0275878906841017,0.699346319283845,0.039448110218629,0.968533123329807,0.997465574640174
"PTI98_011262",96.6944256016583,-0.0829017229373537,0.591597440502856,-0.140131983780876,0.888555710507127,0.997465574640174
"PTI98_011334",9.97720944764026,0.0434333249891991,0.624852275887525,0.0695097492083348,0.944583872678813,0.997465574640174
"PTI98_011397",5.98679217503532,0.142899375294402,0.731744023886849,0.195286016188222,0.845169043784737,0.997465574640174
"PTI98_011460",8.8486727384893,0.0213234355384458,1.11065223923807,0.0191990208862083,0.984682338679272,0.997465574640174
"PTI98_011465",8.84100046526503,0.114728666955646,0.724835517599891,0.158282347056531,0.874234317796644,0.997465574640174
"PTI98_011657",10.8539504514051,0.0854093618722863,0.600994501073837,0.142113383266702,0.886990447153073,0.997465574640174
"PTI98_011667",52.0420787325442,0.0271187725770712,0.531099685386529,0.0510615489394133,0.959276475502931,0.997465574640174
"PTI98_011690",52.7079198775145,-0.0789552905607245,0.526501552084148,-0.14996212309001,0.880794498660619,0.997465574640174
"PTI98_011703",8.98938670818736,-0.0402569473037724,1.9291351486928,-0.0208678730108935,0.983351054664081,0.997465574640174
"PTI98_011713",5.64571320408868,0.0214194428447434,0.905406875168922,0.0236572566789347,0.981126000683314,0.997465574640174
"PTI98_011717",6.55702399819974,-0.100124852905334,0.682297122838896,-0.146746702505112,0.883331954342246,0.997465574640174
"PTI98_011755",21.9863798855984,-0.312769995131931,1.52790392852988,-0.204705275830314,0.83780239818206,0.997465574640174
"PTI98_011777",9.20333933376261,0.0423967532632128,0.710367097924158,0.0596828785948913,0.952408208325842,0.997465574640174
"PTI98_011815",5.4569579347478,0.0829665020853323,0.78318386945159,0.105934896416378,0.915634006500009,0.997465574640174
"PTI98_011907",6.13713111921727,0.158061808215322,0.780697996467602,0.202462167099824,0.839555432198432,0.997465574640174
"PTI98_011911",26.4570852149565,-0.0899959115734889,0.493261685269258,-0.182450642855754,0.855229085444594,0.997465574640174
"PTI98_011976",14.342122044938,-0.0376453898137957,0.584211398952044,-0.064437958385139,0.948621506395255,0.997465574640174
"PTI98_012013",79.4745986053494,-0.0908574583692867,0.592066686627017,-0.153458149937296,0.878036990851077,0.997465574640174
"PTI98_012059",9.28246102359378,-0.02510817131111,0.671253197653757,-0.0374049187383702,0.97016215083086,0.997465574640174
"PTI98_012114",6.02304228657596,0.0754413588120824,0.943499316764157,0.0799591027482855,0.936269783057729,0.997465574640174
"PTI98_012125",7.58459813553742,-0.0861170256543183,0.742182496451301,-0.116032143126632,0.907627067309691,0.997465574640174
"PTI98_012177",11.7402793216707,0.0307479374956971,0.598038041658112,0.0514146849428605,0.958995083357596,0.997465574640174
"PTI98_012381",8.3203395550949,0.0644076672647427,0.894523919695138,0.0720021743931604,0.942600177429216,0.997465574640174
"PTI98_012411",61.0653745406317,0.0421757067761193,0.713976603689617,0.0590715529867056,0.952895116490876,0.997465574640174
"PTI98_012529",8.448398964021,-0.0919643641253503,0.698898647843629,-0.131584693158437,0.895312793330653,0.997465574640174
"PTI98_012624",39.4240106218531,0.15048354167102,0.675448868462931,0.222790426777181,0.823698619093235,0.997465574640174
"PTI98_012625",43.2914536930516,0.104604159833642,0.514612224913381,0.203267926352213,0.838925623253483,0.997465574640174
"PTI98_012636",7.45657200985227,0.176973031269883,0.883927059456108,0.200212256629836,0.84131458183782,0.997465574640174
"PTI98_012653",84.0925082246688,-0.100366911142274,0.542784256371153,-0.184911242292267,0.853298652979679,0.997465574640174
"PTI98_012670",24.2617067300345,-0.0269233622357469,0.529360144786671,-0.0508601988663065,0.959436921142466,0.997465574640174
"PTI98_012678",8.3131544603121,-0.0494717474854684,0.835540175338156,-0.0592092983026776,0.952785403663131,0.997465574640174
"PTI98_012725",34.1745530861879,-0.0528888045755128,0.549598725446497,-0.0962316725398984,0.92333657648851,0.997465574640174
"PTI98_012747",19.2309786015764,-0.0826401323954108,0.578519516279517,-0.142847613727663,0.88641053232885,0.997465574640174
"PTI98_012758",5.56462258722268,0.0903534420500372,0.87531376086272,0.103224062147708,0.917785143084706,0.997465574640174
"PTI98_012772",101.942328146469,-0.016405260330562,0.460117496844767,-0.0356545022587932,0.971557849402228,0.997465574640174
"PTI98_012782",21.5297061698097,0.0468197220984332,0.692558382092369,0.0676040075595946,0.946100865129215,0.997465574640174
"PTI98_012794",7.03297170655563,-0.140054958593023,0.739422792359374,-0.189411200250038,0.84977054682877,0.997465574640174
"PTI98_012844",13.8365752133912,0.103693955797967,0.579918102744244,0.178807930477209,0.858088518023032,0.997465574640174
"PTI98_012869",9.39288821515758,0.13066784737462,0.797351970904813,0.16387724887209,0.869827777716254,0.997465574640174
"PTI98_012902",7.77149233746626,-0.123667015883385,0.666333722638889,-0.1855932120524,0.85276377708272,0.997465574640174
"PTI98_012965",11.1455988459759,-0.116375113473026,0.608237851314032,-0.191331587176973,0.848265815210343,0.997465574640174
"PTI98_012979",9.00726477614755,-0.149974051851472,0.780477210451343,-0.192156862292934,0.847619335055918,0.997465574640174
"PTI98_012999",5.63956674585599,0.158278033308085,0.774724072204643,0.204302459400379,0.838117148182484,0.997465574640174
"PTI98_013003",7.39469178118275,-0.065486329355864,0.961966652695889,-0.0680754672444623,0.945725559345259,0.997465574640174
"PTI98_013006",19.4386346524417,0.385373874552659,1.77503241535166,0.217108077136895,0.828124119448063,0.997465574640174
"PTI98_013106",6.84057644066513,0.0156777588235319,0.680909061134146,0.0230247469425924,0.981630532974178,0.997465574640174
"PTI98_013137",9.90233562004627,0.136888777644556,0.676473663037148,0.202356403692008,0.839638108126579,0.997465574640174
"PTI98_013170",20.2029413705613,0.0437023069387601,0.497066514462172,0.0879204405592402,0.929939910297929,0.997465574640174
"PTI98_013233",11.7907571901775,0.0573343107231731,0.699047105612729,0.0820178071875692,0.934632553074841,0.997465574640174
"PTI98_013448",13.9893804000244,-0.0941239260266689,0.949289039076249,-0.0991520202511352,0.921017569352757,0.997465574640174
"PTI98_013574",7.12048375797831,0.106337161703663,0.825554422458192,0.12880696754919,0.897510392155112,0.997465574640174
"PTI98_013586",5.25588692785885,-0.0542279444575522,0.770444816018092,-0.0703852415255641,0.94388703767044,0.997465574640174
"PTI98_003060",5.69909537922637,-0.00483403774328184,0.809233710842117,-0.00597359907096724,0.995233785875039,0.998698902352064
"PTI98_003351",7.3646997925634,0.00654361215442584,0.682239083871656,0.00959137684884795,0.99234730582995,0.998698902352064
"PTI98_000510",5.77784237394943,0.00900035419036008,0.762482905799952,0.0118040078300738,0.990581983106567,0.998698902352064
"PTI98_001526",41.086970213027,0.00231951860221511,0.500785531702178,0.00463176041514424,0.996304403089156,0.998698902352064
"PTI98_004553",25.9292206536108,-0.00398867714693267,0.544563905168855,-0.00732453456623403,0.994155919209242,0.998698902352064
"PTI98_007534",16.5521192440575,0.00462951506801379,0.628289180393717,0.00736844627041438,0.994120883683903,0.998698902352064
"PTI98_007870",5.5629888984931,0.00328055810419375,0.802447729270291,0.00408818915492095,0.996738106077813,0.998698902352064
"PTI98_006572",9.88323166539165,0.00533416541044893,0.80673172996018,0.00661206843904878,0.994724371118804,0.998698902352064
"PTI98_008598",17.1814869010571,-0.00579913415485426,0.52336599636605,-0.0110804564972124,0.99115925574056,0.998698902352064
"PTI98_011809",7.42459920894674,0.00882949177639721,0.677530833200177,0.0130318671029227,0.989602368745167,0.998698902352064
"PTI98_012702",6.56802069434142,0.0065458091175501,0.703360926938682,0.00930647249064597,0.992574616470275,0.998698902352064
"PTI98_012846",15.0660442943655,0.0092121802427895,0.74306194457381,0.0123975939153676,0.990108404614728,0.998698902352064
"rRNA_JAQZRA010000014.1_3134",10.1835885854108,-0.0073715148521312,1.67588127795939,-0.00439859013229565,0.996490444161056,0.998698902352064
"PTI98_005204",9.45147293404082,-0.00169113901130919,0.634927729379318,-0.00266351418131066,0.997874825670026,0.999182656372084
"PTI98_000795",5.90960060075449,0.000966001539516887,0.685303890095847,0.00140959587925552,0.998875305583425,0.999529447892255
"PTI98_003972",7.36826414828689,-9.78594480226797e-05,0.836441921759828,-0.000116994910796423,0.999906651567196,0.999906651567196
"PTI98_002195",2.98345959758259,-1.43929414027517,1.19412971237816,-1.20530803760736,0.228084407886495,NA
"PTI98_002221",5.05778237786455,-0.69228281794288,0.896018771606034,-0.772620886839261,0.439746779566945,NA
"PTI98_002236",4.80588558388341,0.0103761915147823,0.980040061843559,0.0105875177135755,0.991552540899809,NA
"PTI98_002238",1.70862190051907,0.334193646795842,1.21403828741828,0.275274388179737,0.783105439907563,NA
"PTI98_002315",4.5245699909486,1.9978261446203,0.934088899495688,2.13879658103091,0.0324521464926339,NA
"PTI98_002356",2.40874673890613,1.08309869625827,1.08078121728258,1.0021442628153,0.316273922756355,NA
"PTI98_002394",5.1233401777172,0.743673424070357,0.876339637578885,0.848613245573311,0.396096534120385,NA
"PTI98_002416",4.96366016647682,0.0622591324998987,0.820546294141613,0.0758752223298126,0.939518369737276,NA
"PTI98_002520",4.18642243471278,0.0157991723812468,0.901136180027621,0.017532502557785,0.98601180353604,NA
"PTI98_002525",4.32551687347025,0.598815005131302,0.839049820556918,0.713682299263039,0.475423654202342,NA
"PTI98_002604",3.81169701690764,0.311521563083647,0.859516993604433,0.362437933632078,0.717024796698653,NA
"PTI98_002627",4.21415629911096,-0.77561216895897,1.05110146132634,-0.737904186699785,0.460572674636345,NA
"PTI98_002628",2.88449080539398,0.0683237681627454,0.900672619820396,0.0758586046241418,0.93953159064489,NA
"PTI98_002671",3.25554367092116,0.372417548939638,0.92428639453744,0.402924408647186,0.687003834393057,NA
"PTI98_002709",4.30549721293097,-0.0531423003128465,0.824322789118842,-0.0644678286398619,0.948597722832073,NA
"PTI98_002713",4.0076909382927,-0.368153304584303,0.779897907309137,-0.472053202264042,0.636888814462962,NA
"PTI98_002733",4.03248028553888,-1.81478515670781,0.965131619638842,-1.88034991267503,0.0600604050105648,NA
"PTI98_002739",3.35347117587643,-0.473020391685497,0.846049460902998,-0.559093071438918,0.576098203061906,NA
"PTI98_002750",4.46616106367113,-0.492478790471599,0.909629834312777,-0.541405714604409,0.588227969197278,NA
"PTI98_002755",1.7521618165153,0.417279453483275,2.70517896893187,0.154252069188619,0.877410988152552,NA
"PTI98_002768",4.6216650781016,-0.714164358896855,0.99805048576244,-0.715559352041479,0.474263480207979,NA
"PTI98_002776",3.49177135062119,0.626671398226707,0.932818039411896,0.67180454466961,0.501708135138628,NA
"PTI98_002811",4.6713360332209,0.180013511377129,0.7694089099797,0.23396338285435,0.815013406007832,NA
"PTI98_002840",3.1837455434636,0.461326152902145,0.82541380750605,0.558902878419276,0.576228004869177,NA
"PTI98_002845",4.42823807371808,0.368302298223747,0.795656171588471,0.462891273109159,0.64344230314177,NA
"PTI98_002846",5.1041035292007,0.222004677996128,0.804823663236612,0.27584263253808,0.782668937485904,NA
"PTI98_002870",2.901566370576,-0.117833677343313,0.973698925918219,-0.121016542389829,0.903677932560528,NA
"PTI98_002897",3.65713317631834,0.754009364238801,0.895956191671773,0.841569455345677,0.40002899249556,NA
"PTI98_002927",4.03205948844219,-0.0149521950646883,0.801614030034002,-0.0186526114869198,0.985118232224833,NA
"PTI98_002932",3.87578305020202,-1.04659402453638,0.870952001714423,-1.20166670778208,0.229492684812083,NA
"PTI98_002935",3.69359476919452,-0.640373882067348,0.861648629913967,-0.74319607765324,0.457362977728628,NA
"PTI98_002939",3.32761528371459,0.787201148852103,1.04500456750494,0.75329924225272,0.451270114055923,NA
"PTI98_002955",5.28712675357778,-0.20956076367918,0.919975434989269,-0.227789521012182,NA,NA
"PTI98_002962",3.74724313452742,-0.427155684167003,1.09854734461822,-0.388836845548475,0.697396842650646,NA
"PTI98_002990",3.02655301464691,-0.607328716666058,0.927148833294109,-0.655049863470412,0.512435650448883,NA
"PTI98_002997",5.17246905727762,0.0164409858920102,0.82144563171074,0.0200146975738008,0.984031647945862,NA
"PTI98_003008",4.05342662277596,0.517768982444106,0.860183949664517,0.601928206921372,0.547221927391668,NA
"PTI98_003010",2.51210961534976,-0.952535453111354,0.965083241140513,-0.986998232386328,0.323643505140189,NA
"PTI98_003032",4.34529410539896,-0.151930931327626,0.935379862629698,-0.162426985439361,0.87096962168612,NA
"PTI98_003061",3.85559675978221,-0.161972650116548,1.0795212393776,-0.150041188823606,0.880732119080757,NA
"PTI98_003066",2.91229043526927,-0.174393003106395,0.893472500285668,-0.19518564147261,0.84524761932603,NA
"PTI98_003067",3.8649117218122,0.966751994190703,0.858698926141998,1.12583347289622,0.260236012963624,NA
"PTI98_003069",4.4472078590382,0.186195387716868,0.746843749342548,0.249309695476166,0.803121232158708,NA
"PTI98_003083",3.66223762028955,-0.231439217933821,1.03896032672838,-0.222760399968889,0.823721989832877,NA
"PTI98_003084",3.24287911771504,0.612019807252093,0.864398247939401,0.708029902549038,0.478926688177696,NA
"PTI98_003119",2.33052656611358,1.03112336257711,1.11159016695022,0.927611086562709,0.353609344752457,NA
"PTI98_003123",3.16147867736561,-0.00689327830617885,0.937344843786373,-0.00735404728779825,0.994132372098553,NA
"PTI98_003144",3.22703435947057,0.441704247141366,0.883845469620511,0.499752798790739,0.617249150156755,NA
"PTI98_003163",4.38019801379621,-0.903203952449736,0.96083139036588,-0.940023360504282,0.347205578211268,NA
"PTI98_003167",4.74171890150638,-0.0670986400240746,0.796819918985361,-0.0842080354988055,0.932891029478599,NA
"PTI98_003181",3.67044642094242,-0.696670988049534,0.824549532514846,-0.844911021809342,0.39816052016571,NA
"PTI98_003201",4.29262325168775,-0.343450920406185,0.774600791361417,-0.44339087209367,0.657483037063597,NA
"PTI98_003210",2.67378813095876,0.0553789297175087,0.94400532389031,0.0586637896164487,0.953219901343237,NA
"PTI98_003223",3.1030754286449,-0.233788392078392,0.867814939754791,-0.269398902195036,0.787622730866973,NA
"PTI98_003240",2.15524376841878,0.0263691685542991,1.04898014972547,0.0251379099606415,0.979944961952074,NA
"PTI98_003247",3.67946977941901,0.507879518498957,0.830034013362923,0.611877959604642,0.540618504989223,NA
"PTI98_003259",4.10896045972017,-0.462875641760314,0.798446654033604,-0.579720184713597,0.562103329312618,NA
"PTI98_003280",5.12910420736059,2.20839132276736,0.813776092592787,2.71375792784863,0.00665247582659788,NA
"PTI98_003281",3.94797769562634,0.375774701703033,0.92688817762718,0.405415357292624,0.685172224315332,NA
"PTI98_003296",3.50264186943841,0.692800288818191,0.889402383618143,0.778950339664975,0.43600896868321,NA
"PTI98_003298",3.18595442676503,-0.177584773287989,0.894111079782267,-0.19861600790277,0.842563130589588,NA
"PTI98_003312",4.04688176804237,0.359772546336374,1.0761302343856,0.33432063781925,0.738137618784523,NA
"PTI98_003356",4.95525576629195,1.00588542067566,0.778393918447175,1.29225755345355,0.19626796630813,NA
"PTI98_003368",5.11000333532378,-0.588438974153289,0.787150240142236,-0.747556113362756,0.454727944529906,NA
"PTI98_003370",4.62366462068339,1.07284208924337,0.781624427446316,1.37258004173245,0.169882939981869,NA
"PTI98_003421",3.15416048366703,0.115356485219558,0.848078923750865,0.136020931530007,0.891804733781962,NA
"PTI98_003425",2.80767375481372,-0.0519687948089279,0.89139139125144,-0.0583007591490962,0.953509062831948,NA
"PTI98_003441",4.93309710536014,0.942060875593867,0.871120396869544,1.08143590596576,0.27950325696509,NA
"PTI98_003451",3.82600098400727,0.231463754040196,0.870529410003117,0.265888494266227,0.790325086490592,NA
"PTI98_003469",4.05635005601869,0.61158891954593,0.86426357396302,0.707641670863822,0.479167808285508,NA
"PTI98_003475",4.75931078021484,0.384368552211822,0.915778073028396,0.419718011964132,0.674691465300275,NA
"PTI98_003603",3.84971139317441,-0.550016300337261,0.929311915889806,-0.59185327437734,0.55394884518881,NA
"PTI98_003638",3.55377923739457,-0.767631823133823,1.02836611248458,-0.746457719497574,0.455390963251673,NA
"PTI98_003702",3.39217369871427,0.741816352105756,0.809789096626891,0.916061175923126,0.359634809338073,NA
"PTI98_003708",4.09324411131674,-0.0905369115067054,0.789894583216464,-0.11461898008977,0.908747134923773,NA
"PTI98_003710",3.22152169742494,2.65850225429229,1.03361450539083,2.572044258693,0.0101099966318075,NA
"PTI98_003712",4.07153683315884,-0.355410526854821,0.871155569034146,-0.407975956864819,0.683291326583946,NA
"PTI98_003757",4.09339537052713,0.0669228570751561,0.772283157087335,0.0866558547353998,0.930945067176546,NA
"PTI98_003786",2.90679581419976,-0.609268245957838,1.12402824429448,-0.542039979022286,0.58779096502416,NA
"PTI98_003816",4.88412972853526,-0.227014026489501,0.882483498015479,-0.257244500322111,0.796990033272483,NA
"PTI98_003862",4.11252514027366,0.612272979172927,1.27653578163577,0.479636362709982,0.631485985364564,NA
"PTI98_003893",2.67619946002179,0.967116029106824,0.911777102514197,1.06069348137832,0.288829223373713,NA
"PTI98_003910",3.58475539246113,0.0536909991687679,1.02353866607318,0.052456249039183,0.958165155517778,NA
"PTI98_003974",4.54605295299299,-0.259863293651302,0.798305881592029,-0.325518450563169,0.744788720816838,NA
"PTI98_003980",4.3409545223283,-4.11526724539378,1.77370674771463,-2.32015086524093,0.0203327175294404,NA
"PTI98_003989",4.23016244430377,0.327625273129078,0.890991345677803,0.367708704151154,0.713090449624063,NA
"PTI98_004010",4.50694221234092,-0.312521539328095,0.770058344626293,-0.405841377486483,0.684859153878385,NA
"PTI98_004031",4.42102134036121,-0.0524134665497272,0.831431965712944,-0.063039994504882,0.949734656629403,NA
"PTI98_004067",2.83266856040851,0.240591004911416,1.06391922117753,0.226136533791667,0.82109523060241,NA
"PTI98_000115",3.69888166462069,2.5067301002389,1.00052574895949,2.50541288202307,0.0122308524686542,NA
"PTI98_000159",4.74753077707552,-0.332283555144496,0.917254384812298,-0.362258889841658,0.717158575924858,NA
"PTI98_000163",3.15747094065354,0.0176196284799075,0.939929644734599,0.0187456886572426,0.985043980370216,NA
"PTI98_000164",3.288191202652,-2.43735316899762,1.39611997561242,-1.74580495342347,0.0808448499510908,NA
"PTI98_000212",4.8554953222752,-0.304133924406244,0.843320381300163,-0.360638650683806,0.718369591967786,NA
"PTI98_000224",4.1161472875138,0.513284354189237,0.851937198859288,0.602490834860252,0.546847462129583,NA
"PTI98_000233",3.77669391753897,0.100224506815106,0.883099185109802,0.113491789489812,0.909640672064097,NA
"PTI98_000242",4.29836375449356,0.314703092014207,0.977241164132062,0.32203216929949,0.747428323998779,NA
"PTI98_000246",4.27440520298216,-0.818107620424372,0.842893892466247,-0.970593840739132,0.331750574314017,NA
"PTI98_000277",4.23006505371164,-0.437077651463583,0.924548960708353,-0.472746896095921,0.636393764631425,NA
"PTI98_000296",4.67831237059852,-1.01896409603897,0.79543499851699,-1.28101491377514,0.200188427759574,NA
"PTI98_000315",4.78857838775501,-0.226067962922177,0.821462231918393,-0.27520189503324,0.783161131136018,NA
"PTI98_000334",3.99017312788647,0.180154357293538,0.860139571502843,0.209447819007758,0.834098666295633,NA
"PTI98_000360",2.41270536352028,0.854892538480204,1.07086468055714,0.798319856842629,0.424684897773627,NA
"PTI98_000364",2.57742175947416,-1.49719693092471,1.02139296366789,-1.46583830531608,0.142692342749042,NA
"PTI98_000378",3.5195405863402,1.61608409382941,0.998188935364617,1.61901623688013,0.105443769628311,NA
"PTI98_000380",3.91139064497753,-1.01511490894575,0.959745030725661,-1.05769227914441,0.290195756362713,NA
"PTI98_000390",4.86681298051526,-0.288641088534152,0.721261170493635,-0.400189418677017,0.68901700757986,NA
"PTI98_000397",3.44685437986843,-2.63576378830505,1.19363922273755,-2.20817457913294,0.0272321057427659,NA
"PTI98_000430",4.69347994713762,1.33085446694322,1.09044261199794,1.220471808695,0.222286070147708,NA
"PTI98_000443",4.71902274466221,-0.954724629693648,1.09456596273195,-0.872240378561314,0.383077255725807,NA
"PTI98_000463",3.06825276602067,0.231682960883565,0.927651222736628,0.249752229291615,0.802778964633155,NA
"PTI98_000464",3.52133511685398,-0.959519825282124,1.03861035457522,-0.923849662248511,0.355564594420325,NA
"PTI98_000471",3.39818554954769,1.09439125935998,0.871761583916533,1.25537908477596,0.209341178238601,NA
"PTI98_000473",4.3415763584278,-1.0001064347935,1.04290039055806,-0.958966401631451,0.337575671371758,NA
"PTI98_000475",3.43691057208794,-0.973433913636955,0.922566068970546,-1.05513734612326,0.29136251389222,NA
"PTI98_000530",3.26752150286146,0.0416325258349633,0.887940555801248,0.0468866137073731,0.962603597075014,NA
"PTI98_000554",2.9781630628187,-1.42727891508145,0.929902854106273,-1.5348688400932,0.124816048897728,NA
"PTI98_000580",3.66302185320633,-1.06972046144562,0.891864289136098,-1.19942066800522,0.230364415046699,NA
"PTI98_000581",4.43809243243634,-0.35482209290203,0.8719871368775,-0.40691207231865,0.684072568966198,NA
"PTI98_000583",4.69636720310342,-1.29270369602358,0.908807626498958,-1.42241730629344,0.154905142011365,NA
"PTI98_000588",2.75804718065858,0.25957198169118,0.847728041556841,0.306197234214973,0.759454478118626,NA
"PTI98_000590",3.73350271866051,-0.654462758226793,0.936752803397193,-0.698650439959552,0.484770513275758,NA
"PTI98_000607",4.2556221703859,0.212820284190261,0.895673865534483,0.237609125798555,0.812184271843818,NA
"PTI98_000629",4.35940297611116,-0.410491563108456,0.794636042400381,-0.516578082550185,0.60545071886683,NA
"PTI98_000634",3.00508113259087,-1.37393406627261,1.01902625108807,-1.34828132720388,0.177567915578359,NA
"PTI98_000653",3.36348767745025,-0.194948184026723,0.847532214817358,-0.230018612411958,0.818077306838771,NA
"PTI98_000668",2.99827054417645,-0.355591410692571,0.904638143531994,-0.39307585384829,0.694263457525644,NA
"PTI98_000680",4.7680026133092,-0.39071855641476,0.811105602554429,-0.481711080757257,0.630011203397865,NA
"PTI98_000706",3.57554838270722,0.396661170412948,0.964432522843473,0.411289707696145,0.680860115631798,NA
"PTI98_000724",4.54937657678532,0.140453869777323,0.893931334622016,0.157119304735762,0.875150823562399,NA
"PTI98_000737",3.70298399200302,0.299822918486777,1.08833898958527,0.275486701621366,0.782942341278452,NA
"PTI98_000740",3.67244798217933,-1.13751118677158,0.874844319572049,-1.30024412495245,0.193517311748844,NA
"PTI98_000748",4.15135470532575,0.851376065733586,0.935527652845882,0.910049064978137,0.362796634665217,NA
"PTI98_000749",2.96267466522928,0.150044422199901,0.899119792238888,0.166879233996481,0.867465072882548,NA
"PTI98_000759",4.35116326648871,0.988043818389026,0.851770091305476,1.15998886140119,0.246053341132032,NA
"PTI98_000769",3.44092231665658,-0.19174085414929,0.99586062598155,-0.192537840282925,0.847320930094727,NA
"PTI98_000771",2.20289677117213,0.287347909819431,0.983817026481385,0.292074544437525,0.770229629104673,NA
"PTI98_000786",3.63597474677542,0.371385917227961,0.965868175612323,0.3845099430805,0.70060052777193,NA
"PTI98_000847",4.25230036870966,-0.597084964841296,0.889952720149965,-0.670917624411196,0.50227300809754,NA
"PTI98_000892",5.07983481591415,0.147781118518021,0.81846122080816,0.180559707364143,0.85671318483134,NA
"PTI98_000907",1.63457911531902,-0.396084828265214,1.2589221329222,-0.314622181870634,0.75304853517363,NA
"PTI98_000928",4.70896314672946,-0.219927866292036,0.741811884290917,-0.296473905243862,0.766868192276034,NA
"PTI98_000953",4.21737798659277,-0.513961419516606,0.849545903973283,-0.604983694362877,0.545189830943891,NA
"PTI98_000976",2.69361046225512,-0.0183129951980949,1.00605504629639,-0.0182027765434018,0.985477087642933,NA
"PTI98_000997",3.548375915913,-0.233385167947945,0.813673644958981,-0.28682896317689,0.77424328489969,NA
"PTI98_001008",4.19623745919865,-0.646669772121907,0.92200073212299,-0.701376636255907,0.483067998645711,NA
"PTI98_001023",4.59049151207044,-0.264902440004133,0.796426421944319,-0.332613826845957,0.739425804805429,NA
"PTI98_001025",2.76160142812251,-0.192185280420463,0.893126298143494,-0.215182646418486,0.829624920175437,NA
"PTI98_001029",4.40004525578513,-0.254470115942277,0.907018914609614,-0.280556570368548,0.779050530390301,NA
"PTI98_001038",3.15240929965266,0.0616496312240746,0.95815263685812,0.0643421818743097,0.948697766739739,NA
"PTI98_001102",4.20839443247711,0.428308202604735,0.760140757018143,0.563459068140076,0.573122324850301,NA
"PTI98_001113",2.87654194764819,0.976022522036253,0.974474686094776,1.00158837983538,0.316542435503664,NA
"PTI98_001118",3.89742962159703,-3.09540527507476,1.12680209350229,-2.74707093013445,0.00601301287934387,NA
"PTI98_001125",3.56638271442685,0.752306833140735,0.936405048525882,0.803398950406173,0.421744181497581,NA
"PTI98_001127",2.99969608582251,0.773324819827931,1.16198005284989,0.665523317660454,0.505715834522938,NA
"PTI98_001128",4.64323740230406,-0.773416085115279,0.951479951020327,-0.812855892849766,0.416300685442401,NA
"PTI98_001131",1.31566995285571,-0.0225440784045723,1.4016714017056,-0.0160837114727032,0.987167608197443,NA
"PTI98_001152",4.27368349025683,-1.28762338971197,0.894600969266042,-1.43932706753981,0.150057877333095,NA
"PTI98_001154",4.99207626001185,-0.948752194020294,0.850436358201686,-1.11560634122758,0.264590676570596,NA
"PTI98_001157",2.87371896553412,1.21933883685936,0.996728262649127,1.22334128824497,0.221200818729749,NA
"PTI98_001180",4.80577523616425,0.258268704258777,0.871371868421475,0.296393208936893,0.76692981095361,NA
"PTI98_001184",4.19273385698838,2.17838227275966,1.74499707489795,1.24835869589469,0.2118997279155,NA
"PTI98_001191",4.21471518776016,0.488899902622031,0.790024103031825,0.618841755265202,0.536020611810088,NA
"PTI98_001192",4.55612888599095,0.0330429989735782,0.834813127338322,0.0395813121421926,0.96842692651249,NA
"PTI98_001195",3.71931257422656,-0.879594280661276,0.880543022097643,-0.998922549594332,0.317832211677109,NA
"PTI98_001198",3.69348483883425,0.89432262130475,0.80974480051959,1.10444997081906,0.26939799423092,NA
"PTI98_001202",3.28229981747544,0.144942107312525,0.863258985919025,0.16790106987212,0.86666110844194,NA
"PTI98_001209",3.37554751812962,-0.494586318231138,0.959222166218195,-0.515611852654617,0.60612553037455,NA
"PTI98_001213",2.31264869302138,0.297293090414691,1.16149146230517,0.255958050543621,0.797983229315254,NA
"PTI98_001229",5.01009148278891,0.725318496937668,0.710316856185191,1.0211196462844,0.307197756138819,NA
"PTI98_001237",3.42101010510066,-0.407618772398116,0.954550071325899,-0.427027124760381,0.669359571138674,NA
"PTI98_001243",4.38341549363053,0.590225217281531,0.908625134540363,0.649580552908766,0.515963198175337,NA
"PTI98_001250",1.55998015628299,-0.862039429602742,1.18287952894366,-0.728763503391225,0.466146340138987,NA
"PTI98_001251",2.99201545349857,-0.911154796828252,1.00657464852255,-0.905203402614641,0.365357639593432,NA
"PTI98_001258",3.40979829547684,0.603419933101755,0.904382481637768,0.667217626782208,0.504633133530801,NA
"PTI98_001262",3.5844839016066,-0.129126569637676,0.944127626141477,-0.136768129712927,0.89121407567807,NA
"PTI98_001277",3.29050754018326,-0.476625393105076,0.862519484937816,-0.552596667586517,0.580539624384999,NA
"PTI98_001297",2.08467272028585,0.191462810359324,1.20515474521004,0.15886989709853,0.87377137807242,NA
"PTI98_001307",3.14324150941547,-0.333762240511341,0.991449056709829,-0.336640837219561,0.736387667559615,NA
"PTI98_001310",3.26723270508405,1.18647697294266,0.913139517518525,1.29933810790156,0.193827921816451,NA
"PTI98_001324",4.66316485290383,-0.354321475098465,0.808541768051051,-0.438222846486384,0.661224748569246,NA
"PTI98_001328",5.09529381815903,-0.55391323479868,0.782265444736901,-0.708088588758995,0.478890245539258,NA
"PTI98_001336",2.84168903522801,1.39779554257788,0.982278082514277,1.42301408069702,0.154732073445784,NA
"PTI98_001341",4.26076595971982,0.223036425929423,0.774379130784979,0.288019675457077,0.773331677709012,NA
"PTI98_001359",4.21980629275093,-0.625473999535144,0.948217732046865,-0.659631199033758,0.509490527905101,NA
"PTI98_001369",3.5582878506505,0.457315250061005,0.859924677804018,0.53180849656373,0.594858637446295,NA
"PTI98_001375",5.00676781670961,-0.7730553273124,0.881461642953992,-0.877015277399597,0.380478340093971,NA
"PTI98_001385",3.08277330450752,1.00508705707917,0.898095327148344,1.11913181896909,0.263083907150453,NA
"PTI98_001401",4.73733863164282,-0.0462767556724923,0.816052545294239,-0.0567080587387992,0.954777754402996,NA
"PTI98_001407",4.38189009704926,-0.225634374431301,0.84189652585557,-0.268007252081249,0.788693736526653,NA
"PTI98_001413",3.22578307992166,0.414772274915131,0.837439935305737,0.495285998945947,0.620398252618655,NA
"PTI98_001421",3.98085060743545,-0.741406291300688,0.925718761503266,-0.800897985579038,0.423190706399178,NA
"PTI98_001428",4.96933678601453,0.397812037067401,0.911097934503908,0.436629282102378,0.662380223019576,NA
"PTI98_001434",1.80710911236419,-0.580208800177836,1.10473361239479,-0.525202450317492,0.599442461732865,NA
"PTI98_001444",5.09532918898185,-0.380618440370207,0.769953604886849,-0.49433944844786,0.621066469721549,NA
"PTI98_001450",2.32395655822676,-0.0127768202980737,1.09115651006909,-0.0117094295641097,0.990657440429687,NA
"PTI98_001453",5.03128906816763,-0.165039107278405,0.765735298324056,-0.215530233018671,0.829353943353961,NA
"PTI98_001454",4.83129061759553,0.078836847172546,0.774026744151349,0.101852872356476,0.918873457754203,NA
"PTI98_001462",4.40032545798696,0.0887885900922099,0.852232044774392,0.104183585487817,0.917023659962429,NA
"PTI98_001473",2.80718464231234,0.506836315315042,0.88016613450674,0.575841645621916,0.564722221493967,NA
"PTI98_001480",4.62104748930939,-0.330550591746041,0.768335722388825,-0.430216352193453,0.667038268042123,NA
"PTI98_001492",2.27352566352164,0.585649349874624,1.06043880533391,0.552270764638998,0.580762857541248,NA
"PTI98_001496",4.35572670884326,-0.576525124950752,0.876699292594119,-0.657608748884509,0.51078957129201,NA
"PTI98_001498",2.72052898313767,0.0260259070410121,0.913074588793333,0.0285035936389452,0.977260501885695,NA
"PTI98_001502",2.90728016173048,0.855113330754865,1.07668069345552,0.794212560838671,0.427071697299117,NA
"PTI98_001506",3.94599738664666,-0.220562797464518,0.952083764682683,-0.231663227172063,0.816799594882858,NA
"PTI98_001524",3.11014499266664,0.105450277152796,0.912785347640127,0.115525821514798,0.908028354884456,NA
"PTI98_001525",4.0806548304595,1.18230873411127,0.809646393859875,1.46027789795342,0.144213713874574,NA
"PTI98_001527",3.99954125190617,-0.757316058025706,1.01361834018286,-0.747141234529242,0.454978312103929,NA
"PTI98_001528",3.04246411554389,-0.388858777859207,0.849515865785393,-0.457741630875487,0.647138074912833,NA
"PTI98_001553",3.49818995069327,0.0368655756022588,0.857193042263892,0.0430073201538067,0.965695698615412,NA
"PTI98_001558",4.21114383128627,0.639506873989558,0.794202405285305,0.805219009327761,0.420693308751008,NA
"PTI98_001560",3.32312582692574,-0.00637009776059282,0.869209767427204,-0.00732860812119936,0.99415266906986,NA
"PTI98_001562",4.76968267608119,0.882685518855877,0.828362419731381,1.06557890342504,0.286614040030967,NA
"PTI98_001566",4.44127003212375,-0.265481263912029,0.811735200696569,-0.327054024125372,0.743627024623614,NA
"PTI98_001569",3.55016401735082,-1.087385895603,0.905111627704767,-1.20138319111031,0.229602593342164,NA
"PTI98_001576",5.14471367658563,-0.12392041136,0.795954128576865,-0.155687880633982,0.876279050531137,NA
"PTI98_001582",2.2350089633232,-0.106080144872484,1.05068810765202,-0.100962544545729,0.919580193321115,NA
"PTI98_001600",3.00169491753063,-0.141331189216069,0.885100651870678,-0.159678098662974,0.873134654247321,NA
"PTI98_001603",5.1911553677805,-1.21993591119956,0.796477302352913,-1.53166437712122,0.125605277309863,NA
"PTI98_001606",1.97077952182766,-0.0307104899120309,1.2055526371605,-0.02547420076519,0.979676726614678,NA
"PTI98_001609",4.39869651156314,0.255941703884027,1.05364018810069,0.242911865715175,0.80807367332539,NA
"PTI98_001620",2.9347011051189,-0.253243528120412,1.00973224923438,-0.250802654181275,0.801966689413287,NA
"PTI98_001629",5.16416632535313,-0.406380068169404,0.817450288160193,-0.497131231165175,0.619096512165419,NA
"PTI98_001634",2.08824325131374,-0.367791132429343,1.07171920458458,-0.343178633783935,0.731464077506682,NA
"PTI98_001638",2.91747717667934,-0.530436828173668,1.06895811636635,-0.496218532842759,0.619740236803134,NA
"PTI98_001649",4.31370775718488,-0.215893465571239,0.83007809659924,-0.260088136834035,0.794795788553327,NA
"PTI98_001651",4.08152690872225,1.20218163101578,0.875006549320929,1.37391158037476,0.1694691340458,NA
"PTI98_001655",4.03216333098388,1.35446762143849,0.992505567718111,1.36469523748121,0.172348857137621,NA
"PTI98_001666",4.70534846598747,-0.731568081618868,0.866419457190996,-0.844357863327161,0.398469460918387,NA
"PTI98_001675",3.92573218001547,0.43508446780363,0.802672304026478,0.542044948631088,0.587787541588053,NA
"PTI98_001676",3.347426347987,-0.229104745519045,0.831984215966848,-0.275371504798085,0.783030833992687,NA
"PTI98_001688",2.76332168245399,-0.321491447273979,0.98475058644735,-0.326469922129026,0.74406884241481,NA
"PTI98_001689",2.79772547434447,-0.756691665555821,0.984579440586356,-0.768543028996402,0.442164637268935,NA
"PTI98_001695",2.26540530539538,-0.406379730624997,1.14240267077667,-0.355723722484576,0.722047477611587,NA
"PTI98_001698",4.11645617739162,0.158221405973895,0.855947681647786,0.184849389006233,0.853347168488103,NA
"PTI98_001706",3.71563368294422,-0.875139317477922,1.05695829577076,-0.827979042294898,0.407682368915308,NA
"PTI98_001718",2.67444986574698,-0.910514758637363,1.03878375284403,-0.876520022713595,0.380747396228486,NA
"PTI98_001721",3.84125671189725,-0.212651230872669,0.832772659565988,-0.255353280910417,0.798450251301987,NA
"PTI98_001744",3.48728968152056,-0.481593059164807,0.914025702626362,-0.526892250164298,0.598268415921755,NA
"PTI98_001769",4.61598563797766,0.222693620374367,0.746266482637021,0.29841032065041,0.765390012965323,NA
"PTI98_001775",3.0494483239095,-1.49150687514647,1.0563506744501,-1.41194293828883,0.157966763389738,NA
"PTI98_001779",4.1353080340766,0.356715731262623,0.792358170350299,0.450195056491839,0.652569800500171,NA
"PTI98_001783",2.10905224667718,-0.555513101039771,1.0551619143905,-0.526471902997615,0.598560368852828,NA
"PTI98_001785",2.30286517376251,-0.354386635856546,1.19083958694265,-0.2975939326693,0.76601310591048,NA
"PTI98_001798",4.33681855084334,0.0430803102301673,0.797861735081684,0.0539947065211203,0.956939381675394,NA
"PTI98_001813",4.59643763448922,0.239392402883226,0.724489843530508,0.330428928743354,0.741075885926249,NA
"PTI98_001816",4.60135432517186,-0.722154782114514,0.804918957831545,-0.897177007807099,0.369624471936091,NA
"PTI98_001824",2.67567203717598,-0.622789180360226,1.12148253131339,-0.555326688531534,0.57867122719989,NA
"PTI98_001826",2.60541128327041,-0.870951256091928,1.0722952932229,-0.812230792764363,0.416659213554698,NA
"PTI98_001830",3.50960534352102,-0.29188138163568,0.898350473542906,-0.324908140232354,0.745250595846799,NA
"PTI98_001867",3.51284820429039,0.595670092760988,0.934678036979346,0.63729976440449,0.523929604391497,NA
"PTI98_001869",2.98247142886313,0.0798976892887218,0.921024138889445,0.0867487462218537,0.930871228549077,NA
"PTI98_001900",4.1401054841944,0.320134509341304,0.815573356025213,0.392526934550087,0.694668914029358,NA
"PTI98_001908",3.56409652168506,-0.251422419202932,1.01667438234472,-0.247298863401167,0.80467693835139,NA
"PTI98_001915",5.19991779590545,0.117928169977173,0.756727126737455,0.155839754926729,0.876159333531612,NA
"PTI98_001943",2.67528837887406,-1.45775197209124,1.10819044173785,-1.31543452929013,0.188363907270991,NA
"PTI98_001952",3.31115966884443,-0.771208086787666,0.838024805114153,-0.920268805984346,0.357432305955497,NA
"PTI98_001967",3.66429941780137,0.418173653658589,0.968731065824846,0.431671563358532,0.665980137989605,NA
"PTI98_001971",3.69276508348388,-1.21519684144112,0.831732993922362,-1.46104200545224,0.144003914143907,NA
"PTI98_001994",4.80525968214192,1.32734623959896,0.752667259066246,1.76352328816011,0.0778122730650049,NA
"PTI98_001999",3.90791027745309,0.529210383168386,0.888238965212932,0.595797306687082,0.551310643204015,NA
"PTI98_002003",3.36496715414331,-1.45302456548307,0.869269157310129,-1.67154736051986,0.0946136122073535,NA
"PTI98_002083",4.41246007880082,-0.272932626634957,0.810070383567417,-0.336924583556562,0.736173752716418,NA
"PTI98_002174",3.40792150663379,0.291983613884124,0.809048267452843,0.360897644343751,0.718175964624817,NA
"PTI98_004228",2.82679209699949,0.242323147449246,0.985732681762173,0.245830489272254,0.805813454129289,NA
"PTI98_004242",2.57470695017668,0.359830188636282,0.907489880596528,0.396511516359557,0.69172771378409,NA
"PTI98_004311",2.8196740767992,0.136289728291741,1.0998750424875,0.123913829323289,0.90138350312443,NA
"PTI98_004371",4.8930880489663,-0.661734826683914,0.806005852614809,-0.821004989650066,0.411643426090919,NA
"PTI98_004417",4.75305865668584,-0.836140485539436,0.899697604125715,-0.9293572437063,0.352703978154957,NA
"PTI98_004430",4.59690171460061,-0.339145585485171,0.803599421244891,-0.422033138052521,0.67300082980552,NA
"PTI98_004455",4.99063766499646,0.215117651065328,0.913274261077032,0.235545509419742,0.813785360861247,NA
"PTI98_004463",4.28011232394036,0.00426363256929558,0.826882974286285,0.00515627084107723,0.995885909334904,NA
"PTI98_004554",2.21833706237553,-0.16047835946675,0.970747497797455,-0.165314213872157,0.868696671691715,NA
"PTI98_004605",4.11116806287742,-0.572106438201439,0.76295086475686,-0.749860134680835,0.453338946537945,NA
"PTI98_004612",3.9963867170651,0.703083179819246,0.859496547852638,0.818017456353753,0.413347219641523,NA
"PTI98_004643",3.20040454453683,-0.614359974574042,1.00143191773358,-0.613481519507036,0.53955799867869,NA
"PTI98_004648",2.82004205184932,-0.476461820216731,1.03408122560451,-0.460758602341125,0.644971805517201,NA
"PTI98_004676",3.39824587967047,0.0913676910283258,0.867915431933936,0.105272573417361,0.916159525268797,NA
"PTI98_004763",2.87362494063977,-0.333675925174693,0.961322191146327,-0.347101032565161,0.728515417797973,NA
"PTI98_004764",4.8255167842667,0.859252213618153,0.70373648611179,1.22098573908765,0.222091419360848,NA
"PTI98_004810",4.16274978598876,-0.9838525041683,0.773272353906975,-1.27232339187786,0.203258240683913,NA
"PTI98_004812",3.52774896873736,-0.762653312289478,0.975104879205892,-0.782124393542743,0.434141472135004,NA
"PTI98_004815",4.65944767881325,-0.325361798919945,0.864488574128766,-0.37636333047877,0.706646803341507,NA
"PTI98_004820",4.47245483682114,0.0826018629692185,0.881457446473776,0.0937105509740294,0.925339088698283,NA
"PTI98_004823",3.40069064776666,-0.280325458868454,0.854225545568153,-0.328163282312059,0.742788208385681,NA
"PTI98_004838",4.56918621021688,0.539454512449114,0.801909746106317,0.672712253552775,0.501130370454499,NA
"PTI98_004846",2.84858477061935,0.563309844574374,0.868181049796684,0.648839138686906,0.516442356653658,NA
"PTI98_004854",4.22616982370627,-0.539611436227206,0.850322341277388,-0.634596328983407,0.525691723016557,NA
"PTI98_004860",4.83398647484432,0.17493910876018,0.888519553532801,0.196888304893925,NA,NA
"PTI98_004864",5.08399722407495,0.856494122193502,0.765052690838597,1.1195230504381,0.262917062845296,NA
"PTI98_004870",4.1382912883769,1.50125979017954,0.880493655651728,1.70502056493335,0.0881905890515991,NA
"PTI98_004875",4.52137158961261,-0.620642150178322,0.733258591783158,-0.846416471805707,0.397320452731429,NA
"PTI98_004881",4.45095431274946,0.263648379336361,0.873298508688146,0.301899495663182,0.762728680235444,NA
"PTI98_004882",3.38997361837011,0.2813802415549,0.9562565166457,0.294251842112312,0.768565468846097,NA
"PTI98_004887",4.48123485472514,0.558081003054453,0.857194865089517,0.651055000190853,0.515010983542186,NA
"PTI98_004893",3.97135598511364,-0.614314547770168,0.879636805133875,-0.698372946862624,0.48494399034237,NA
"PTI98_004904",3.66393974167606,-0.14068521280419,0.829668309591716,-0.169568020349508,0.865349874338798,NA
"PTI98_004925",2.63401823611982,0.828350408201554,1.07320305176743,0.771848725958582,0.44020402864098,NA
"PTI98_004927",3.37543106081386,-0.03537121093662,0.796863247202805,-0.0443880566217379,0.96459508170162,NA
"PTI98_004928",2.66475850846431,0.523614901193262,0.914970247512093,0.572275330937842,0.567135459651079,NA
"PTI98_004930",4.56333147089934,-0.68011923484719,0.812222735624865,-0.837355573805695,0.402392729814348,NA
"PTI98_004931",5.03263813785781,0.494448324989338,0.737502097535604,0.670436499965979,0.502579573384182,NA
"PTI98_004934",4.68268490814093,-0.00630615438086569,0.826552001876902,-0.00762947082161306,0.993912622080916,NA
"PTI98_004944",3.02790358611,0.56781790162524,0.937929655271694,0.605394976514266,0.544916588067791,NA
"PTI98_004950",3.74246217435879,0.331098710550354,0.922884038348013,0.358765236792945,0.719770720704686,NA
"PTI98_004971",2.75595149803807,-0.350848720747772,1.29528419104762,-0.270866210807381,0.786493933699886,NA
"PTI98_004994",3.95197771101379,-0.559420019997662,0.880302671799763,-0.635485995804077,0.525111497399662,NA
"PTI98_005011",5.04215843972217,-1.14102457676005,1.16196279023392,-0.981980306383434,0.3261095503943,NA
"PTI98_005020",3.43858251701992,-1.43432456661837,0.904171663737322,-1.58634098384559,0.112661980072012,NA
"PTI98_005031",4.64329798063634,-0.411111681014191,0.773422031000281,-0.531548966199595,0.5950384187647,NA
"PTI98_005040",3.69511193320203,0.594255653138079,0.964034828829798,0.616425501824889,0.537613726497107,NA
"PTI98_005048",2.43092772377986,-0.155208462654717,0.947840274226525,-0.163749596714882,0.86992827194203,NA
"PTI98_005060",4.12856205659986,0.348733064716056,0.932411798804438,0.374011853092389,0.708395497633444,NA
"PTI98_005071",3.61541842462981,0.888824584195533,0.993726482793089,0.894435842846106,0.371088742204355,NA
"PTI98_005116",3.74971836716568,-0.210941788096362,0.900716721309845,-0.234193263104525,0.814834944874593,NA
"PTI98_005117",5.13320924543258,-0.646754019642769,0.764947826644437,-0.845487753694074,0.397838567308641,NA
"PTI98_005121",4.55304655727444,-0.808616726379349,0.799405906226671,-1.01152208168708,0.311766617884303,NA
"PTI98_005130",3.22222133274965,0.104427970504153,0.816370697910893,0.127917342907317,0.898214386143243,NA
"PTI98_005151",3.62914837558282,0.58550855089239,0.981049062734801,0.596818827042359,0.550628346710264,NA
"PTI98_005156",4.09488249707136,-0.478363983779918,0.920369227893828,-0.519752257335467,0.603236259142402,NA
"PTI98_005164",2.27180237946932,-0.336018676384882,1.09095782018545,-0.308003361970277,0.758079774140133,NA
"PTI98_005201",2.31347557031835,-0.166167676456017,0.94453808519376,-0.175924802885984,0.860353019354459,NA
"PTI98_005203",5.02826416941756,0.790046172282946,0.817411021728798,0.966522534296178,0.333782776578978,NA
"PTI98_005208",5.16745616767743,-0.579290310430895,0.740080384578704,-0.782739716525064,0.433779974324342,NA
"PTI98_005213",4.9568700191908,-1.54551283545624,0.932801755595255,-1.65685026447017,0.097549751804456,NA
"PTI98_005216",2.76064327073561,0.330701686342172,0.986513937527608,0.335222518164289,0.737457236741322,NA
"PTI98_005237",3.1548496586047,-0.511641700072738,0.999687265566996,-0.51180175810537,0.608789759790499,NA
"PTI98_005253",4.12347171190823,-0.0223197688080765,0.784798977683819,-0.0284401094327988,0.977311134426924,NA
"PTI98_005259",3.83319099469289,0.15289875603818,0.79316997203308,0.192769218993837,0.847139711000743,NA
"PTI98_005273",3.39844697634565,0.226501035948545,0.938261825922406,0.241404935904615,0.809241287565174,NA
"PTI98_005277",3.65470120776812,1.03688676936897,0.787212702649525,1.31716214166656,0.187784280910745,NA
"PTI98_005287",2.85621054835626,-1.12855837207355,0.990914750053196,-1.13890561424478,0.254742523723239,NA
"PTI98_005292",3.23759101713801,-0.67082433004523,0.850576518895702,-0.788670172691996,0.430304805390377,NA
"PTI98_005296",3.49492230787724,-1.34242473273772,0.951181495825448,-1.41132343157365,0.158149268482746,NA
"PTI98_005300",3.44978126404426,-0.868482469307436,1.01424737824105,-0.856282685998752,0.39184143580876,NA
"PTI98_005301",3.1735259730593,0.731528046536082,0.901210518026673,0.811717164750658,0.416953942783751,NA
"PTI98_005327",2.65823112497173,-0.852815484304408,1.00955275969638,-0.844745830382249,0.398252764980942,NA
"PTI98_005345",3.87727968371722,-0.0377405486134367,0.849443374086245,-0.0444297404215255,0.964561855620907,NA
"PTI98_005356",3.40021178278646,-0.36797929401082,0.926246340145536,-0.397280159782333,0.691160876295758,NA
"PTI98_005357",3.47849900807566,0.14426250015965,0.851027752929314,0.16951562350709,0.865391084413699,NA
"PTI98_005396",7.66465536014229,-0.719963002421494,0.822647963243358,-0.875177517711198,NA,NA
"PTI98_005404",5.03462757539418,-0.504130632465276,0.927090935569463,-0.543776897306859,0.586595008606547,NA
"PTI98_005406",2.22224872104313,-0.0492645024242192,1.08939207254488,-0.0452220129609854,0.963930348391483,NA
"PTI98_005414",3.0778697438629,-0.5378660988929,0.951478712279034,-0.565294937187375,0.571873171732757,NA
"PTI98_005415",4.96887513548814,-0.196191237243248,0.719217548666451,-0.272784274531426,0.785019048399615,NA
"PTI98_005420",3.43569070205505,-0.156489729141926,1.01215567215176,-0.154610336579195,0.877128520581126,NA
"PTI98_005451",3.55880535211009,-1.25555602366585,0.858472654131531,-1.46254632296473,0.143591560120888,NA
"PTI98_005454",4.23899252121913,-0.180274637980331,0.770897507156823,-0.233850331991874,0.815101173419456,NA
"PTI98_005460",2.8997885197651,-2.07318604438685,1.29527322420454,-1.60057816810044,0.10947038093689,NA
"PTI98_005470",3.69139935467595,-0.67991321044393,0.776823917359536,-0.875247524245893,0.381439239873506,NA
"PTI98_005484",3.51701619691361,-0.134092167708978,0.81589689496996,-0.164349403136183,0.869456092311875,NA
"PTI98_005503",3.2158055853696,-0.187812077183219,0.906538749722112,-0.207174902607076,0.835873266915693,NA
"PTI98_005512",2.5403027721895,1.29631279472674,0.940703358988487,1.37802505151106,0.168195553699104,NA
"PTI98_005513",2.78060449750396,-0.43200385519124,0.885156271666305,-0.488053769734912,0.625511755546447,NA
"PTI98_005523",4.97950863131206,-0.492614151215639,0.807416497345388,-0.610111575420181,0.541787899247105,NA
"PTI98_005553",2.379550754543,-0.415426614077804,1.01994577510933,-0.407302647077755,0.683785718849916,NA
"PTI98_005579",4.54368831912379,0.375290180862743,0.75403390045809,0.497709957914023,0.618688488391248,NA
"PTI98_005586",3.16257185394206,0.798382877102069,0.980882705950097,0.813943269933323,0.415677450899596,NA
"PTI98_005596",4.20694444523102,-0.120393781669973,0.804605932517893,-0.149630740719521,0.881055953629064,NA
"PTI98_005633",2.47053182221248,-0.894012521650779,1.22370728831223,-0.730577099760372,0.465037503905567,NA
"PTI98_007240",4.29188308566405,-0.466645984308867,0.889996614895283,-0.524323324941828,0.600053676318713,NA
"PTI98_007339",4.30910700039677,0.0225933360842169,0.925186206433497,0.0244203122864445,0.980517346294692,NA
"PTI98_007343",5.17934372142482,0.360779267512935,0.856271624663267,0.421337408739678,0.673508717354212,NA
"PTI98_007386",2.49051997266515,-0.0654907970034952,0.95675911386172,-0.0684506643884038,0.945426892021781,NA
"PTI98_007424",2.85215446842882,-0.707851028608959,0.944040688590106,-0.749809872777954,0.453369221764512,NA
"PTI98_007426",3.01591630085259,0.0736289813968965,0.8999219112802,0.0818170782086573,0.934792175158871,NA
"PTI98_007427",4.76212038812104,-0.651058433006721,0.835033261193636,-0.779679640636192,0.435579465473978,NA
"PTI98_007432",3.9610082394724,0.619456088447169,0.829763368413384,0.746545475527137,0.455337971466615,NA
"PTI98_007452",3.84765377467589,0.343554176724982,1.25529238122908,0.273684586843904,0.784327023590678,NA
"PTI98_007461",3.08597740649775,-0.61960927608019,0.930751053522183,-0.665708917261432,0.505597172666101,NA
"PTI98_007468",2.08861487370568,0.247568321796114,1.12835486795822,0.219406437483708,0.82633345581017,NA
"PTI98_007480",2.28150204088836,-0.00120810525337706,1.01345184469703,-0.00119206971668025,0.999048866202925,NA
"PTI98_007484",3.03229063091111,-0.20672801742433,0.963201342868072,-0.214625964711352,0.830058948736114,NA
"PTI98_007501",4.47437355932462,0.146712045348137,0.824157676980258,0.178014534652756,0.858711561051661,NA
"PTI98_007507",2.59305999929385,0.608673915596014,1.09477436518935,0.555981154610556,0.578223737844126,NA
"PTI98_007516",4.65161854148295,-0.137677756229233,0.846130454082943,-0.162714573816459,0.870743171673348,NA
"PTI98_007518",4.80278445593862,-0.525548036187604,0.896602556563685,-0.586154960567832,0.557771385279176,NA
"PTI98_007535",3.16196759456325,0.0861959064859673,0.99681345941515,0.0864714512748856,0.93109164962969,NA
"PTI98_007545",2.61306617942599,-0.483842805903755,1.02496178885562,-0.472059359836206,0.636884419440457,NA
"PTI98_007555",3.32302846915106,0.421762064694041,0.82199720208484,0.513094282589189,0.607885370717358,NA
"PTI98_007586",4.10749311383207,-0.402034039848877,0.776064917418796,-0.51804176535392,0.604429129587974,NA
"PTI98_007591",3.54802834403978,-0.329945711625754,1.11511391582408,-0.295885206832812,0.767317748751395,NA
"PTI98_007600",2.98309255925304,0.23358573017291,0.849329578499937,0.275023661115704,0.783298060055711,NA
"PTI98_007611",4.47112368907615,-0.159383514822859,0.878553423640204,-0.181415848523438,0.856041179954166,NA
"PTI98_007635",2.60749480475455,0.04389068374088,1.03053336351714,0.0425902598544546,0.966028159956527,NA
"PTI98_007637",2.54883970182154,-0.404349411186485,0.995147954924867,-0.406320898500981,0.684506831919579,NA
"PTI98_007645",3.99805883737281,0.899396190257015,0.882172570474092,1.01952409353837,0.307954220783701,NA
"PTI98_007647",4.97141227182294,1.00930516582985,0.860464539101556,1.17297706060462,0.240805004864453,NA
"PTI98_007659",4.23613157584277,0.0207077362055538,0.929898660165764,0.0222688095946524,0.982233529047574,NA
"PTI98_007662",4.35901669032433,0.803075633616132,0.847032329192171,0.948105055661852,0.343075974766346,NA
"PTI98_007669",2.92467432583102,0.16067338860809,0.972696035909406,0.165183554447069,0.868799509099846,NA
"PTI98_007675",2.39637543989758,0.486784047087852,1.35550778707577,0.359115640447914,0.719508581595614,NA
"PTI98_007676",4.56941305765172,-0.94859947862985,0.93723477290691,-1.01212578326313,0.311477915943558,NA
"PTI98_007680",3.32010168277369,0.401433808128287,0.868412345487006,0.462261747215446,0.643893627873725,NA
"PTI98_007687",4.00862770151414,-1.1656357592674,1.00805352264581,-1.15632328351772,NA,NA
"PTI98_007691",2.77974169711048,-0.3497858847203,1.03882938421558,-0.336711581357919,0.736334332019906,NA
"PTI98_007702",3.82289338208179,-0.862897950560652,0.882492212148941,-0.977796674782461,0.328174895976844,NA
"PTI98_007715",3.00595323267068,-1.01340711603937,0.987058434444769,-1.02669414563022,0.304564506851514,NA
"PTI98_007717",4.04418401722033,-0.432814138118147,0.820586778655832,-0.527444688820263,0.597884816921089,NA
"PTI98_007721",2.62488681402683,-1.02678326655001,1.05844448708395,-0.970087027784357,0.332003114497251,NA
"PTI98_007737",4.26094430142943,-0.00813159657783355,0.877274494896697,-0.00926915876973157,0.992604387228004,NA
"PTI98_007754",4.2175467400843,0.36122499827449,0.866443262130745,0.416905542535088,0.676747499335904,NA
"PTI98_007762",4.81428824525184,-0.663942224894726,0.81883234746309,-0.810840249474455,0.417457416972617,NA
"PTI98_007772",3.48547661969005,-0.529097283737055,1.03736409458683,-0.51004009729852,0.610023370566225,NA
"PTI98_007786",3.58115495743095,1.52911879130337,0.948420595411658,1.61227919206,0.106901199173908,NA
"PTI98_007789",4.52837638096953,0.39585992252213,0.859004725118301,0.460835558812104,0.644916587923859,NA
"PTI98_007790",2.94944152963447,0.00200988384239107,1.01282346921358,0.00198443648225457,0.998416649808118,NA
"PTI98_007800",4.45903079310961,0.12363918150045,0.73555523004018,0.168089596064317,0.866512794037053,NA
"PTI98_007803",3.40555186182475,-0.650260927172028,0.95825962197031,-0.67858533560561,0.497400637015364,NA
"PTI98_007804",4.34912850876107,-1.20450201940993,0.864906684882593,-1.39263811976831,0.163729249619679,NA
"PTI98_007805",3.71763165944635,-0.673429797851079,0.900481876426935,-0.747854915773778,0.45454767386783,NA
"PTI98_007833",3.4669680617678,0.0609038179947596,0.950077252482219,0.0641040692592515,0.948887361712472,NA
"PTI98_007836",3.28762367322709,-0.704108453146235,0.894474949572957,-0.787175150609184,0.431179341695158,NA
"PTI98_007849",3.72313621140452,-0.350931444663519,0.973931310895162,-0.360324635564874,0.718604378392636,NA
"PTI98_007868",3.22081542943325,1.65978834119399,1.06247408931984,1.56219182931466,0.118242804869193,NA
"PTI98_007878",4.34177168428294,-0.822974014550566,0.974789576688861,-0.844258119117381,0.398525183733046,NA
"PTI98_007879",2.52609137375301,0.868656658101713,1.15507718922753,0.752033427898127,0.452030956474608,NA
"PTI98_007901",15.3075960821847,-2.90607676910039,2.37230967987528,-1.22499890876522,NA,NA
"PTI98_007927",4.3179366813552,-1.06740963687414,0.873676670341797,-1.22174446578337,0.221804275332652,NA
"PTI98_007980",4.90530590073412,1.60935111922005,1.062649464003,1.51447036274561,0.12990658512164,NA
"PTI98_008012",2.12313684336139,1.03136857601552,1.16904470564535,0.882231937782202,0.37765139411665,NA
"PTI98_008014",1.96477563719578,-0.473490633871977,1.11007640507526,-0.426538778508563,0.669715297391385,NA
"PTI98_008034",3.32223590779505,0.77402935155502,0.908537265991435,0.851951131261926,0.394241215957067,NA
"PTI98_008051",4.37096594390422,-0.668836470593842,0.973780554754426,-0.686845169918713,0.492180301891307,NA
"PTI98_008083",5.01741303941222,-0.0961336805530852,0.744487412887271,-0.129127341697101,0.897256887571372,NA
"PTI98_008101",3.55404686503808,-0.153989265808412,0.914932490804687,-0.168306697331273,0.866342005314861,NA
"PTI98_008108",4.48514329234439,0.137568508516931,0.864379522182424,0.159152900996071,0.873548410353814,NA
"PTI98_008132",4.35983427917113,-0.494790954921992,0.835976052670266,-0.591872163492645,0.553936195359083,NA
"PTI98_008149",3.03581018002625,0.0248583798086188,0.901330771454529,0.0275796417873356,0.977997418988985,NA
"PTI98_008209",3.86282427204894,-0.853317950963874,0.914285218517513,-0.933317014954594,0.350656312592016,NA
"PTI98_008226",2.36837059638685,0.12239964357954,1.08660691377132,0.112643902802647,0.910312877130362,NA
"PTI98_008236",2.39822493763832,-0.232709003092974,1.16088844172174,-0.200457679419943,0.841122653129464,NA
"PTI98_005704",3.30060842980397,-0.626668662773428,0.894274069139737,-0.700756831042035,0.483454782729461,NA
"PTI98_005733",3.46297412964993,-0.242131695593838,0.936037847850097,-0.258677249162487,0.795884274771025,NA
"PTI98_005802",3.67743444201169,-0.603406190808991,0.989609360548002,-0.609741797990726,0.542032861626393,NA
"PTI98_005837",4.24804265427385,0.222519020874566,0.797828815632016,0.278905720769553,0.780317178147798,NA
"PTI98_005851",4.32595267140336,-0.110263252983496,0.988436953915057,-0.111553147165087,0.911177723202025,NA
"PTI98_005877",4.38006666084724,-0.12981065998143,0.832013144410598,-0.156019962969922,0.876017285739583,NA
"PTI98_005906",4.06386310640334,-2.32513481832735,1.37128388599263,-1.69558968939845,0.0899636117523352,NA
"PTI98_005922",2.70140213496449,-0.696199931517052,1.02072371210532,-0.682065012559657,0.495197842771527,NA
"PTI98_005972",3.49805190102139,-0.244617150719074,0.81786048350102,-0.299093984431109,0.764868336053505,NA
"PTI98_005977",4.16878458602973,-0.00404519989475688,0.794949793703304,-0.00508862311406129,0.99593988370372,NA
"PTI98_006013",4.68003240232365,2.45401528085097,0.886515551123349,2.76815818711964,0.00563740858360624,NA
"PTI98_006032",4.81280090967285,-0.00258715104547254,0.879786027488776,-0.00294065939289488,0.997653696653431,NA
"PTI98_006065",2.22666208252366,-0.230523685729671,1.03405626460716,-0.22293147251252,0.823588841180803,NA
"PTI98_006070",2.33971739424633,-0.728773286395475,0.973536328198942,-0.748583555935418,0.454108246417685,NA
"PTI98_006095",4.36252938902043,-1.54645629417766,1.0252527729699,-1.50836587322555,0.13146091229382,NA
"PTI98_006103",2.99863386116107,1.22989230881898,1.00345835170043,1.22565356771893,0.220329070299149,NA
"PTI98_006182",2.51074697240923,-0.0518427890343977,1.08441997177895,-0.0478069294033302,0.961870114007569,NA
"PTI98_006183",4.79537069003034,-0.139524457671055,0.76462816664873,-0.182473604500568,0.855211067149404,NA
"PTI98_006186",4.05198126044652,-1.134566377258,0.96008748970061,-1.18173227901532,0.237311946118597,NA
"PTI98_006196",1.85804168772777,-0.360906001010345,1.1426799870396,-0.315841709930846,0.752122657403085,NA
"PTI98_006197",3.43595238651227,-0.303635606829048,0.852696732151233,-0.356088624924149,0.721774195655255,NA
"PTI98_006236",4.27354323040446,-0.128484340714967,0.792754156436708,-0.162073373783976,0.871248073597446,NA
"PTI98_006241",4.70909758095373,0.930012617825376,0.793092570854081,1.17264068786301,0.240939925701808,NA
"PTI98_006245",3.92975524496342,-0.209247297853801,0.99762096080282,-0.209746292505133,0.833865692886352,NA
"PTI98_006260",3.38889020745182,1.24240641485905,1.06441513246808,1.16721979701497,0.243121618040547,NA
"PTI98_006273",5.04301211660233,-0.615962634806343,0.957376845076035,-0.643385765985831,0.519973817195071,NA
"PTI98_006276",2.3883072692722,-0.402856828006276,1.11060741290513,-0.362735583542056,0.716802415713,NA
"PTI98_006314",3.1711588539194,1.07032281946086,1.16899990465974,0.915588457445081,0.359882787609196,NA
"PTI98_006324",2.57587806034365,0.512069939558306,1.06526650242338,0.480696556583161,0.630732178817323,NA
"PTI98_006329",4.79068360068926,-0.241182625275733,0.800934344544546,-0.301126586615389,0.763317968188054,NA
"PTI98_006341",4.67358672398943,-0.197034077657429,0.798053964024587,-0.246893175824585,0.804990897779282,NA
"PTI98_006342",4.91474531202354,-0.268336993111334,0.735977369136269,-0.364599516730045,0.715410375638714,NA
"PTI98_006343",3.88958659396715,-0.925180101205921,0.943809513044828,-0.980261470581276,0.326957068349636,NA
"PTI98_006365",3.80840157929924,1.09750708868714,0.8457615980669,1.29765538089651,0.194405782498089,NA
"PTI98_006380",3.50663128806648,-0.277931746851272,0.903955550734089,-0.307461740376026,0.758491940299212,NA
"PTI98_006400",3.236028818423,0.0347627198465427,0.8535544158297,0.0407270107234481,0.967513528012075,NA
"PTI98_006401",3.25615824653364,-1.44035304482523,0.930356553262772,-1.54817315982125,0.121580611667378,NA
"PTI98_006403",2.13211585308201,0.108596029770172,1.04938779735762,0.103485127274797,0.917577952832552,NA
"PTI98_006407",4.57762002587534,-1.04400892997503,0.868963908122331,-1.20144107277244,0.229580151802062,NA
"PTI98_006410",3.94365046267609,0.23184684046455,0.88442139159866,0.262145220216202,0.793209484732896,NA
"PTI98_006433",5.11498559526552,-0.371522874482261,0.707773905789129,-0.524917450959192,0.599640577510971,NA
"PTI98_006446",3.24290668015638,0.513783029463804,1.17242635107505,0.438222007713057,0.661225356541775,NA
"PTI98_006450",3.93896076782671,0.531509098767679,0.838709130021207,0.633722800602206,0.526261742232215,NA
"PTI98_006453",4.58372911662452,0.40151847495248,0.825796147295684,0.48621984525766,0.626811302361127,NA
"PTI98_006462",2.00929450605375,-1.0766553224523,1.03732042859512,-1.03791971388287,0.299307434683883,NA
"PTI98_006468",2.31208968080002,-0.22734452399862,1.15930802481918,-0.19610364038848,0.844529046965876,NA
"PTI98_006484",2.86066713475747,0.539099431040354,0.838397749223671,0.643011543792362,0.520216609438005,NA
"PTI98_006486",3.47822510315855,0.447740476086739,1.0700993724049,0.418410184729392,0.675647241389287,NA
"PTI98_006509",3.76626481920654,-0.683290518346119,0.88407235663565,-0.772889812940641,0.439587594119844,NA
"PTI98_006510",3.51203670947153,-0.435505125899316,0.848448547020708,-0.513295859163851,0.607744380093873,NA
"PTI98_006515",5.07251639607515,-0.0700518266923457,0.819349723758233,-0.0854968576434354,0.93186639356331,NA
"PTI98_006529",3.62225440827277,-0.544110404262695,0.867997193385464,-0.626857331347458,0.530752758747559,NA
"PTI98_006533",4.72797719259755,-0.832960886362099,0.958298004983784,-0.8692086198971,0.384733033489572,NA
"PTI98_006535",4.96977241315433,0.943614383257478,0.794787917848849,1.18725305464059,0.235127819389084,NA
"PTI98_006536",3.29748609006966,-0.943286163670859,1.02922154113836,-0.91650449001247,0.359402353548364,NA
"PTI98_006540",3.25257449787361,0.445562031103291,0.942435350754431,0.472777289971788,0.63637207796144,NA
"PTI98_006576",4.67098151168254,-0.716276190628347,0.903225547454401,-0.793020295591791,0.427765998208321,NA
"PTI98_006586",4.94190167948961,-0.443100074115483,0.728086058673216,-0.608582005982836,0.542801534483165,NA
"PTI98_006592",3.13078606669575,-0.997893541300074,1.01952711475991,-0.978780776747727,0.327688309934904,NA
"PTI98_006593",2.99169343204544,0.371819176893423,1.09558369042421,0.339379985429916,0.734323494168725,NA
"PTI98_006614",2.25448072107717,0.189793993578889,1.06449897138074,0.178294201010558,0.858491932774459,NA
"PTI98_006621",2.01114372565856,-0.682748657702458,1.07908181367813,-0.632712597921799,0.526921341551009,NA
"PTI98_006630",3.69701541859699,0.406135108705332,0.839627809541263,0.483708500469068,0.628592759601804,NA
"PTI98_006637",4.03344552844482,-0.25211175872327,0.912547286218941,-0.276272542289696,0.782338743588053,NA
"PTI98_006639",4.90108666579022,-1.52222637298708,0.878152649934396,-1.73344164377435,0.0830172012501342,NA
"PTI98_006644",2.87310867006903,0.722594724986949,0.99525113843166,0.726042600790822,0.467812655079247,NA
"PTI98_006645",2.43015554474496,-0.0988836264890638,1.05937874419895,-0.0933411464318502,0.925632544624951,NA
"PTI98_006676",4.56903730644721,0.793983185936624,0.824984515600175,0.962421925409112,0.335837704411016,NA
"PTI98_006678",5.17696702680859,-0.151861719850732,0.77890209050544,-0.194968946292321,0.845417258340843,NA
"PTI98_006695",3.93760843657876,0.539744064635022,0.926255105408493,0.582716426050884,0.560084213586988,NA
"PTI98_006704",4.91397960152385,-0.79023823872966,0.844289355302773,-0.935980341060051,0.349283309619726,NA
"PTI98_006722",3.42506892962968,-0.0156323114362646,0.989889609511571,-0.0157919744646858,0.987400351089179,NA
"PTI98_006737",3.25936477958899,-0.234130634248164,0.870033939123314,-0.269105173625852,0.787848749269007,NA
"PTI98_006738",3.22597567890257,-0.377947129940178,0.970330997207705,-0.389503304571107,0.69690386659002,NA
"PTI98_006766",4.13446311709714,0.23422340919146,0.76460177307327,0.306333855661901,0.759350464348568,NA
"PTI98_006779",4.20620386568628,1.17495414063915,0.922396260702589,1.27380627035954,0.202732082409178,NA
"PTI98_006781",4.3516249512535,0.473571234727553,0.793309548160007,0.596956428705477,0.550536471225053,NA
"PTI98_006784",3.3490022977815,1.05251894755541,0.995348950269491,1.05743714028175,0.290312128722293,NA
"PTI98_006790",3.58583418067644,-0.601538622132022,0.911656755737261,-0.659830159044404,0.509362827081184,NA
"PTI98_006796",3.94381888342786,-0.321507239860288,0.976559311395583,-0.329224488577994,0.741986014527443,NA
"PTI98_006824",4.82119013327287,-0.8920336856676,1.05630621931942,-0.844483985185979,0.398399008760243,NA
"PTI98_006850",4.16229733474901,0.0260526790522374,0.769333001428967,0.033863982181769,0.972985614759744,NA
"PTI98_006886",4.30270648493919,0.948728084858361,0.858369803095346,1.10526731187092,0.269043777557854,NA
"PTI98_006887",4.61812897735098,0.293898016474266,0.740512755146397,0.396884475563372,0.691452652745105,NA
"PTI98_006923",3.54183265513234,0.888221334500971,0.91323397003027,0.972610922994389,0.330746711790857,NA
"PTI98_006929",2.57858808216382,-0.27454407183862,1.05261799339393,-0.260820234464559,0.794231139544254,NA
"PTI98_006932",4.16811038410677,-0.708965383964359,0.852002460307723,-0.832116592372629,0.405343137126749,NA
"PTI98_006936",3.99171834288946,0.455461106008227,0.842903548803431,0.540347832981355,0.588957176816025,NA
"PTI98_006975",3.98979777669448,-0.368366848131285,0.820920135895556,-0.448724342386154,0.653630522314977,NA
"PTI98_006980",2.81213900155979,-0.524795632889015,1.09461923844681,-0.479432129873457,0.631631240652066,NA
"PTI98_006996",2.75139531771502,-0.793848501112972,0.96974092195232,-0.818619162234348,0.413003730681942,NA
"PTI98_007018",4.82969394304378,1.10056417019082,0.876813687642104,1.25518589148672,0.209411285948489,NA
"PTI98_007038",4.20076802842631,-0.791843097039876,0.806868960928967,-0.981377566102194,0.326406584888092,NA
"PTI98_007042",2.68903159539524,-0.608682314533713,1.05297201193569,-0.578061247245088,0.563222769422931,NA
"PTI98_007067",4.33423091678498,-0.591710522626009,0.944479370061571,-0.626493856173306,0.530991065445778,NA
"PTI98_008318",4.60979941037129,0.615349276997394,0.778275292622593,0.79065760256094,0.429143823228036,NA
"PTI98_008328",4.88290882192197,-0.496624156599794,0.853796593813203,-0.581665656900532,0.560791908517473,NA
"PTI98_008339",3.78226752583573,0.165172327268639,0.93190452272433,0.177241684358151,0.85931855456975,NA
"PTI98_008377",3.39874952059602,-1.11642314383148,0.968799201638384,-1.15237826573705,0.249165668158516,NA
"PTI98_008397",4.22695217383035,-0.318901802782842,0.801296917384205,-0.397982066153307,0.690643405339949,NA
"PTI98_008411",4.209353695412,-0.0776994636674249,0.73516677160587,-0.105689575030304,0.915828651942724,NA
"PTI98_008433",4.90365915414608,0.581784427532999,0.842491474775853,0.690552302250636,0.489846930914508,NA
"PTI98_008437",4.46010520142181,-1.89122396112395,1.08868124467574,-1.73716959888223,0.0823572393236753,NA
"PTI98_008509",4.12658300821059,-1.39526171241973,1.04616678028382,-1.33368955955684,0.182305617820652,NA
"PTI98_008514",2.86697847184562,-1.47636632311272,1.14209630049688,-1.29268111845772,0.19612137079904,NA
"PTI98_008515",2.65574254905419,1.28973542402651,1.31858055200434,0.978124106309635,0.328012946512139,NA
"PTI98_008521",3.29388097009032,-1.04738888192123,0.969829422727049,-1.07997226870689,0.280154529301333,NA
"PTI98_008522",1.09165788740461,-0.800937123344129,1.57666126977876,-0.507995686008394,0.611456368607072,NA
"PTI98_008534",2.78893501088034,-1.00189211424231,1.04857435983484,-0.955480271709213,0.33933487735778,NA
"PTI98_008545",3.01179171149776,-1.17073554371019,1.1099104429355,-1.0548018096071,0.29151597682142,NA
"PTI98_008568",4.12086885388983,0.451760198842478,2.34460094985384,0.192681061086596,0.847208756573697,NA
"PTI98_008571",4.33819172435132,0.112907677427251,0.781136591760401,0.144542809309185,0.885071854416041,NA
"PTI98_008572",1.98975923419194,-0.16571299645574,1.14184325644317,-0.145127621957443,0.884610109988855,NA
"PTI98_008576",3.9427655518265,0.700978087903373,1.03955823952688,0.674303816034781,0.500118178450631,NA
"PTI98_008580",3.07235952406876,0.314971608683076,0.850744111206727,0.370230724531621,0.711210585665149,NA
"PTI98_008586",4.98125045847225,-0.0721459538590077,0.78304928915118,-0.092134626591914,0.926591077402452,NA
"PTI98_008589",4.92996892919259,-0.248830956600491,0.820585255094557,-0.303235958793603,0.761710047131376,NA
"PTI98_008591",2.85529505188516,0.313324229539679,0.942458772795341,0.332454043173004,0.739546436263157,NA
"PTI98_008603",2.17523279572151,0.00683108364607424,1.04117693256897,0.00656092488451449,0.994765176886221,NA
"PTI98_008637",3.5835889305918,-0.506685183276202,0.82465401309232,-0.614421533433414,0.538936809869405,NA
"PTI98_008649",4.73389176462878,-0.0826411995764589,0.801818393770466,-0.103067228462854,0.917909614369614,NA
"PTI98_008652",3.74226190080062,0.795704490252045,1.10034432790765,0.723141356819741,0.469593043071031,NA
"PTI98_008654",3.80043280217363,0.741098534330509,0.929418459664246,0.797378755096205,0.425231093910354,NA
"PTI98_008673",2.66458306011681,1.19895678382386,0.951185254400318,1.26048714304318,0.207493683056315,NA
"PTI98_008692",3.67374652070636,0.00875859049911734,0.76959007235034,0.011380851720668,0.990919590145226,NA
"PTI98_008701",4.67788558188991,-0.311000000118245,0.785047803428568,-0.3961542198577,0.691991261581582,NA
"PTI98_008708",3.10219241628934,0.013534270881811,0.811163437090698,0.0166850110137518,0.986687904976286,NA
"PTI98_008710",2.96090707273207,0.0757747300281008,0.944954343432853,0.0801887737272306,0.936087118676662,NA
"PTI98_008721",3.37795806123997,-1.67238032321,1.22380373691514,-1.36654291269415,0.171768621363845,NA
"PTI98_008740",3.6244459264452,2.12063604264037,1.03829841953733,2.04241478435971,0.0411104044501527,NA
"PTI98_008745",4.85627051658382,-0.631432162402542,0.719088305132424,-0.878101003584338,0.379888908408404,NA
"PTI98_008748",2.86395186709936,-0.871254702468342,0.970416660175142,-0.897815070807933,0.369284148618576,NA
"PTI98_008789",4.59855565508828,-0.0156578792151967,0.760284691498309,-0.0205947579772248,0.983568922108715,NA
"PTI98_008832",2.67374161536551,-0.977233458607998,1.08521504708515,-0.900497520037903,0.367855544485123,NA
"PTI98_008837",4.51607754573435,1.84547683462399,0.824237871716904,2.23900999693187,0.0251552657037323,NA
"PTI98_008860",4.29798909759464,-0.269925161649998,0.884113526970516,-0.305305996815723,0.760133109045269,NA
"PTI98_008868",3.16486448954983,-0.284641639049672,0.998764339185931,-0.284993794714053,0.775648895982829,NA
"PTI98_008887",2.0132156397888,-1.34076716255506,1.37865083726913,-0.972521197035565,0.330791324840094,NA
"PTI98_008888",4.27431571305717,0.446693959690292,0.80801070510242,0.552831734616277,0.58037863589718,NA
"PTI98_008891",3.32566030031628,-1.05853303897713,0.845714912602457,-1.2516428683039,0.210700026611477,NA
"PTI98_008905",3.93432581755105,-1.09893606019951,0.987631632499003,-1.11269832196329,0.265838016475449,NA
"PTI98_008908",2.2498036178699,0.29257597555616,1.1110634028786,0.263329684694987,0.792296481754079,NA
"PTI98_008909",4.30368490744741,0.342240273837225,0.751807115472511,0.455223509852161,0.648948448575481,NA
"PTI98_008912",4.48254568223866,-0.0343292216532708,0.807273884242975,-0.0425248757866894,0.966080281673298,NA
"PTI98_008925",3.70169073081888,0.103744220476369,0.77353060007045,0.134117797624192,0.893309426320576,NA
"PTI98_008927",3.59479425140542,-0.656311984485881,1.04353477028503,-0.628931592098861,0.529393842320932,NA
"PTI98_008956",4.32923666838025,0.717044784072362,0.940520009223117,0.76239184391691,0.445826172624629,NA
"PTI98_009084",3.89957680713464,-0.237942637814185,0.944580108186673,-0.251903079211532,0.801115979456971,NA
"PTI98_009214",2.79404102715564,1.39779277005441,0.958678727180832,1.45804087482454,0.144829276769827,NA
"PTI98_009226",3.39909363457584,0.306374417179575,0.96441375091514,0.31767943674471,0.750728110905687,NA
"PTI98_009524",4.30037943765624,-0.252531248138233,0.859658476791046,-0.293757643245592,0.768943103515077,NA
"PTI98_009601",4.81046990174847,0.592462066101649,0.834711308734968,0.709780806731304,0.477840073010997,NA
"PTI98_009606",3.55921819700065,0.677006314901903,0.882492686922313,0.767152323112113,0.44299095578769,NA
"PTI98_009612",3.39113044257909,-0.968482616339533,1.07890761433956,-0.897651108832312,0.369371582322944,NA
"PTI98_009629",2.9170924653252,0.049248470451975,1.02304019594661,0.0481393308367575,0.961605201050674,NA
"PTI98_009634",3.10394740268046,-0.0515009905089147,1.07634177063323,-0.0478481760292697,0.961837241580482,NA
"PTI98_009649",5.10774626877672,-0.53122393370181,0.844543112551953,-0.629007478489301,0.529344160222869,NA
"PTI98_009666",4.68250998430617,-1.10155483801219,0.907298529317835,-1.21410407095051,0.224707985660962,NA
"PTI98_009690",2.81333937536633,1.10782860896648,0.858574761012779,1.29031117530136,0.196942638320068,NA
"PTI98_009708",5.09461975438916,-1.56711171769763,0.816368507929102,-1.91961314342337,0.0549067826208649,NA
"PTI98_009712",5.09534933566361,-1.52141978092583,0.937132686099089,-1.62348384971918,0.104486013047494,NA
"PTI98_009723",4.66400018017719,-1.0488979061739,0.836612920774494,-1.2537433741794,0.209935297084504,NA
"PTI98_009731",1.86071956102913,0.0630063453060798,1.16483861757616,0.0540901927145804,0.956863305889996,NA
"PTI98_009739",4.94234247158245,0.396581225416472,0.739402791189804,0.536353432989233,0.59171430838155,NA
"PTI98_009749",2.78098086837377,0.738978276746213,0.9798196490629,0.754198262356722,0.450730180850169,NA
"PTI98_009759",4.80255311136582,-0.20324292777263,1.08762749212732,-0.186868141200717,0.851764018796865,NA
"PTI98_009760",2.00492564243586,0.669920075898533,1.18683715679167,0.564458293258617,0.572442276418165,NA
"PTI98_009763",3.14013608737291,0.348476477565812,1.03940156024102,0.335266456099033,0.737424095042312,NA
"PTI98_009772",3.72430713894187,0.822292656943883,0.868061899579151,0.947274217820806,0.343499064993522,NA
"PTI98_009810",3.38297576950297,-0.322102858232209,0.879837483784167,-0.366093584518416,0.714295244540184,NA
"PTI98_009817",3.40124859956539,-2.00975568695748,0.991946252499569,-2.02607316867539,0.0427572871866771,NA
"PTI98_009825",3.47367578383454,0.196489449617599,0.865819976615756,0.226940305056971,0.820470160675276,NA
"PTI98_009826",4.30013861172631,0.470249673739606,0.97069564447539,0.48444605311251,0.628069341438694,NA
"PTI98_009828",2.59411314377735,-0.397025574348542,0.884854423745595,-0.448690274574128,0.65365510131775,NA
"PTI98_009861",2.22583178539346,-1.66069693724015,1.28200375499111,-1.29539163264905,0.195185163039106,NA
"PTI98_009863",3.74646849261346,0.853527654136449,0.88869655973057,0.960426418658824,0.336840647176246,NA
"PTI98_009871",3.91352617914206,0.144271668219797,0.871529725713231,0.165538436571088,0.868520199120501,NA
"PTI98_009877",4.35355345062948,-0.706599102025703,0.860465424562033,-0.82118244598306,0.411542353824756,NA
"PTI98_009887",4.17211614419752,-0.806089710738214,0.843135310402492,-0.956062094414486,0.339040864017869,NA
"PTI98_009888",3.26305277143278,1.44528296222897,1.05075911712179,1.37546554550757,0.168987160365218,NA
"PTI98_009903",4.02060540567965,0.850177063750582,0.800144478528172,1.0625294388264,0.287995400820685,NA
"PTI98_009916",4.02247337250871,-0.659423740820955,0.793296043926577,-0.831245467400803,0.405834974154537,NA
"PTI98_009917",2.84817010111694,0.00707355223949369,1.04189874358802,0.00678909758076325,0.994583125470848,NA
"PTI98_009923",4.72592363086365,0.101203866739411,0.831136695061978,0.121765610086394,0.903084650408865,NA
"PTI98_009924",4.50874726255014,1.30798561695519,0.861725405344924,1.51786823139053,0.129047620059574,NA
"PTI98_009933",4.9504400654064,0.0344869159254533,0.864911930006535,0.039873326669448,0.968194116420414,NA
"PTI98_009944",4.04798977189258,0.579085119013422,0.829731857180296,0.697918386527118,0.485228235078263,NA
"PTI98_009978",5.18546869039889,-0.945723085271042,1.114187354812,-0.848800770522668,0.395992161357032,NA
"PTI98_009990",3.36522278827029,-0.0512435932956807,0.880322123601883,-0.0582100482559895,0.953581316944846,NA
"PTI98_010004",4.60431801391351,-0.709162312250706,0.913597438610672,-0.776230626619472,0.437612825794174,NA
"PTI98_010006",4.11029605937918,-1.024629277771,0.90044548091814,-1.13791373212983,0.255156506608067,NA
"PTI98_010010",2.60054390919872,0.0517044099609635,0.896320365224273,0.0576851893218182,0.953999391259227,NA
"PTI98_010012",4.59737996389464,0.729088857796731,0.804589810185247,0.906162181731915,0.364850016767736,NA
"PTI98_010027",3.07197205555121,0.472326132263983,0.900313415433074,0.524624118853968,0.599844516706538,NA
"PTI98_010032",3.09381612171099,-0.522228384172348,1.00531706962031,-0.51946634544819,0.603435575920484,NA
"PTI98_010042",2.75956171668621,0.91264026201024,1.08191678567208,0.843540163251388,0.398926413344312,NA
"PTI98_010045",3.46651012065416,0.166906987073779,0.850579417204723,0.196227399461756,0.844432183258748,NA
"PTI98_010061",4.07116499521993,0.016422739578751,0.788766304999537,0.0208207925144073,0.983388611305531,NA
"PTI98_010070",2.91148790861288,0.00826069871173065,0.984982240717768,0.00838664736301334,0.993308501994283,NA
"PTI98_010079",3.49232603177168,0.00302302545293194,0.855489916975497,0.00353367747877095,0.997180539164543,NA
"PTI98_010092",5.17786882026325,0.23790705348036,0.733065495017164,0.324537241348113,0.745531332121799,NA
"PTI98_010108",2.59185362186163,-0.0346980587088973,1.03398358514272,-0.033557649470913,0.973229894057978,NA
"PTI98_010111",4.20256252101518,-0.643444503611347,1.07905964580332,-0.596301146200611,0.550974065482687,NA
"PTI98_010117",2.71536372983261,-0.700079250929858,0.921155432948791,-0.760001217914737,0.447253856873321,NA
"PTI98_010119",4.22839608581698,-0.255036818014526,0.784202832335847,-0.325217925131521,0.745016143152105,NA
"PTI98_010145",4.63461725780476,-1.17488305369317,0.783639222769213,-1.49926524803262,0.133804834057712,NA
"PTI98_010161",4.56203984279022,-0.610351976885651,0.791242843412492,-0.771383882921847,0.440479425333439,NA
"PTI98_010168",4.3007213934368,-0.351551635318733,0.826939512406712,-0.425123760618939,0.670746457634444,NA
"PTI98_010174",4.07291549823676,1.58892079106176,0.984988851752776,1.61313581187674,0.106715004985658,NA
"PTI98_010200",2.54174835824696,-0.183225833073394,1.16622761098635,-0.157109839749402,0.875158282891643,NA
"PTI98_010203",4.03199138505785,1.8266389734897,0.883334747686413,2.06788986652449,0.0386503805220114,NA
"PTI98_010212",2.24259056203414,-0.924262689435275,1.04547699365734,-0.884058372439145,0.376664703033424,NA
"PTI98_010247",4.10426267942949,0.538800292966566,0.853443720022581,0.631324925505703,0.527828092516863,NA
"PTI98_010258",2.09888428130963,0.366225075073655,1.05345605672485,0.347641529739961,0.728109413135597,NA
"PTI98_010285",4.28286685859177,0.226831541442911,1.04696980898985,0.216655284130652,0.828476998330464,NA
"PTI98_010290",4.65347572317189,-0.746674122323889,0.920248355039026,-0.811383273042878,0.41714560192323,NA
"PTI98_010302",1.97539928768514,0.0935566278203414,1.12289926510336,0.0833170264936718,0.933599462180509,NA
"PTI98_010317",3.62401758970383,0.029160039703589,0.815930894743499,0.0357383693783968,0.971490975742329,NA
"PTI98_010326",3.28787597448255,-0.411175267970569,0.898758587563246,-0.457492449763807,0.647317127931514,NA
"PTI98_010331",4.33475474850067,0.271922246061902,0.7547530801693,0.360279743410795,0.718637946044154,NA
"PTI98_010334",4.34258730240916,0.311853221171507,0.781343301556087,0.399124457265372,0.689801502124254,NA
"PTI98_010347",3.16481445849676,-0.865841254893985,0.938285108387505,-0.922791214689511,0.356116019990677,NA
"PTI98_010353",2.89509726236668,-2.4571449502791,1.86018430131928,-1.32091478706515,0.186529778664786,NA
"PTI98_010358",3.07134193955711,0.890801603843822,1.12604133610374,0.791091388284307,0.428890664139923,NA
"PTI98_010359",4.80198926308072,0.226028805935169,0.87561906231319,0.258136004186628,0.796301945603594,NA
"PTI98_010396",3.20290273858105,0.0743253554285066,0.91432903361056,0.081289505961553,0.935211719400629,NA
"PTI98_010404",3.17048556354428,-0.685851141182977,1.04412543847561,-0.656866613827832,NA,NA
"PTI98_010406",5.15594491604606,-0.759791888893206,0.792564225658745,-0.958650244731523,0.337734971585049,NA
"PTI98_010442",3.89179346226452,-0.679524028943711,0.979977121226496,-0.693408054356666,0.488053509088259,NA
"PTI98_010453",2.8301225938548,-0.396430506602406,0.96744518158752,-0.409770511184816,0.681974300041509,NA
"PTI98_010720",4.26592816069297,-0.788165428571755,0.803900808014322,-0.980426217655592,0.326875773469805,NA
"PTI98_010729",3.01928484096858,1.35201345028573,0.978394078226325,1.38187002596818,0.167011612870554,NA
"PTI98_010732",4.65328505261549,-0.39533784579969,0.747801700253937,-0.528666684851668,0.597036691870371,NA
"PTI98_010776",4.76194869837805,-1.27078199722647,0.903334251154697,-1.40676830929645,0.159496102602266,NA
"PTI98_010799",4.17639869087799,-0.23780473424733,0.834158466061215,-0.285083403121487,0.775580245079256,NA
"PTI98_010830",4.99952816206848,0.536656581309679,1.66787737862283,0.321760213423361,0.747634357729883,NA
"PTI98_010837",3.2827503426008,0.894944361222498,1.09793997018763,0.815112288032976,0.415008038493878,NA
"PTI98_010838",2.76544307962795,-0.398815314870433,0.995669761986028,-0.400549790801048,0.688751618252401,NA
"PTI98_010854",3.24729419890562,0.557427310873335,0.870533623131345,0.64032829526819,0.521959189003728,NA
"PTI98_010856",3.72074829051125,-0.890844653390125,1.11941748005267,-0.795810918861304,0.426141944335473,NA
"PTI98_010864",2.35671698119771,0.537486990411319,1.05763479116147,0.508197153595018,0.611315086850759,NA
"PTI98_010874",3.78186409805231,-0.0816576397809066,0.808193498146241,-0.101037239186167,0.919520898824268,NA
"PTI98_010890",4.6416655860768,-0.59833501605642,0.887882112288864,-0.67389015700967,0.50038115037985,NA
"PTI98_010892",3.42071421699206,-0.330654235929642,0.878244958526259,-0.376494317125938,0.706549439519433,NA
"PTI98_010913",4.61430062613673,-1.13081672479574,0.956218880886573,-1.18259192262266,0.236970915270583,NA
"PTI98_010919",3.75904787571684,-0.0891455774235361,0.95258275363572,-0.0935830268638546,0.925440393036145,NA
"PTI98_010926",4.51641147429745,-0.32662209959451,0.844861380919495,-0.386598449131424,0.699053506262016,NA
"PTI98_010964",3.57834219058794,0.0657625072465088,1.16356569983209,0.0565180868222555,0.954929087353464,NA
"PTI98_010968",3.56957018308982,-0.338400196987015,0.82290876955354,-0.411224438853179,0.680907969753045,NA
"PTI98_010969",5.10831907684906,-0.663282197643021,0.810860504691305,-0.81799790938829,0.413358381030593,NA
"PTI98_010973",3.62441907554962,-0.900481565972203,0.957485624425113,-0.940464841456876,0.346979175790586,NA
"PTI98_010981",3.66150047513461,-0.282800515491725,0.818572953494101,-0.345479916340485,0.729733606328392,NA
"PTI98_011004",4.71611768725016,-0.60715873195177,0.9126635700467,-0.665260181164788,0.50588409419416,NA
"PTI98_011024",4.31882374216957,-0.212506046230358,0.928192751101464,-0.228946030852085,0.818910863123755,NA
"PTI98_011028",3.43284329435569,-1.05326960189022,0.870196241192789,-1.21038169556615,0.226132462367952,NA
"PTI98_011031",4.75461507584166,1.12791945420953,0.976350285890873,1.15524056325784,0.24799192806763,NA
"PTI98_011046",2.90309036338493,-0.462938449421729,0.872645955643478,-0.53049973637976,0.595765491741091,NA
"PTI98_011057",5.06761033029401,-0.187813483140547,0.833650078606711,-0.225290548109157,0.821753252199746,NA
"PTI98_011061",3.25054278476384,0.0581062133357169,0.82909082578352,0.0700842555829808,0.944126598110639,NA
"PTI98_011068",4.96011927509022,-0.211362366414033,0.79403997960068,-0.266186050884146,0.790095925390988,NA
"PTI98_011079",3.17025573777334,-0.427400530721344,0.8005846928861,-0.53386048286855,0.593438064209228,NA
"PTI98_011094",2.35173310770348,0.428677181066101,1.01590841732352,0.421964395368904,0.67305100583832,NA
"PTI98_011097",4.9567199789542,-0.491736928446495,0.817857437809083,-0.601250176025524,0.547673369305697,NA
"PTI98_011104",2.97599038843718,-0.67734595989093,0.938486798943691,-0.721742661328122,0.470452707977489,NA
"PTI98_011120",4.55806114927981,0.889981772404496,0.867518346306892,1.02589389168913,0.304941602191267,NA
"PTI98_011133",4.17066325543585,0.215390443192409,0.797658175190002,0.270028503301058,0.787138325377021,NA
"PTI98_011137",3.98494381580964,-0.930041085991863,0.892129365291057,-1.04249576594582,0.297181887475088,NA
"PTI98_011138",4.22769131031179,-0.738305829146468,0.879652755848226,-0.839315086820297,0.401292519323059,NA
"PTI98_011151",4.91758003640285,0.0967317457172885,0.846476806776362,0.114275719007201,0.909019229816532,NA
"PTI98_011153",3.23055699453719,0.266219373946098,0.874018970805916,0.304592214629646,0.760676750263435,NA
"PTI98_011163",3.19806550466815,0.269976648299476,0.97332884491336,0.277374547883155,0.781492523033417,NA
"PTI98_011174",3.41960425288094,0.0527212817295753,0.828957565394872,0.063599494027733,0.94928913463569,NA
"PTI98_011195",3.86686233004402,-0.531071655619741,0.913235018698472,-0.581527914223675,0.560884710548015,NA
"PTI98_011239",3.91342575442804,0.0522146388058696,0.916621799052629,0.0569642123499963,0.954573703236257,NA
"PTI98_011243",2.71996671022455,-0.449658143881038,0.958382089576687,-0.469184627688159,0.63893767241593,NA
"PTI98_011253",3.13125267764605,-1.69168994819209,1.11493697857962,-1.51729647566917,0.129191847630364,NA
"PTI98_011260",2.9192951840353,-0.649481962280237,1.0353741751036,-0.627292024369113,0.530467830495505,NA
"PTI98_011273",4.1874409421132,-0.575796386316886,0.932110697976239,-0.617733910325278,0.536750754956046,NA
"PTI98_011280",2.90174412117391,0.690683356821299,1.02023176931205,0.676986717721048,0.498414381691326,NA
"PTI98_011291",1.82170448936425,-0.842655289580576,1.14258415945647,-0.737499537873367,0.460818624134089,NA
"PTI98_011295",3.48837519639906,0.626582645205907,0.920557366830147,0.680655728565277,0.496089355464278,NA
"PTI98_011303",2.58349622969276,0.132495449809048,1.04751673557698,0.12648528210489,0.899347798654932,NA
"PTI98_011309",3.0507315304315,0.272448664124614,0.830297423005907,0.32813381876855,0.74281048464702,NA
"PTI98_011333",2.7705023247755,0.741537818033525,0.910584559090578,0.814353604649431,0.415442409183566,NA
"PTI98_011373",3.43451549935617,0.37646608659327,1.04738938330878,0.359432788409582,0.71927134970975,NA
"PTI98_011376",4.18560579321221,1.0679994564307,0.896735906895056,1.19098549329717,0.23365927987488,NA
"PTI98_011383",4.17393435683317,-0.288084067542944,0.927229274362983,-0.310693455769999,0.756033672756456,NA
"PTI98_011389",4.5299967547929,-0.303268327068599,0.871504605863453,-0.347982471955076,0.72785334717883,NA
"PTI98_011392",4.15151536710702,-0.523880643533641,0.835336274080228,-0.627149400533905,0.530561307585279,NA
"PTI98_011443",4.66066647002664,-0.285583685753302,0.800164652440774,-0.356906150355648,0.72116206518866,NA
"PTI98_011467",3.08597316346418,-0.319835879474538,0.960612706336815,-0.33294987393431,0.739172121145557,NA
"PTI98_011470",4.00079844982937,0.118622935648857,0.853524516170037,0.138980115276766,0.889465862250593,NA
"PTI98_011489",5.14599634298098,0.95207520131219,0.7646943785507,1.24504014677946,0.213116993296707,NA
"PTI98_011491",4.28958706260781,0.408059116041251,0.805421604696084,0.506640390153461,0.612407163008546,NA
"PTI98_011492",5.00140325444229,0.776787333276032,0.773751436832027,1.00392360685808,0.315415436929488,NA
"PTI98_011502",3.79834257463342,-1.31509417561067,0.941429671214465,-1.39691175647159,0.162440108813808,NA
"PTI98_011521",3.92199890688234,-0.82160443602817,0.893478436752244,-0.919557095316891,0.357804256235194,NA
"PTI98_011524",3.68609873526075,-0.16740692031949,0.818613221068931,-0.204500631080564,0.837962298883926,NA
"PTI98_011552",4.49075053531072,-0.369476225698435,0.756942284388119,-0.488116773654816,0.625467130647475,NA
"PTI98_011606",4.92783341817724,-0.429789398671144,0.7777170752689,-0.552629500287803,0.580517137257233,NA
"PTI98_011638",3.44271999239109,0.588045541175834,0.983437635686982,0.597948990191995,NA,NA
"PTI98_011653",3.2300556432484,0.623131604306487,0.938019963171581,0.664305269367178,0.506494949165331,NA
"PTI98_011668",2.84889250206101,-0.170174113159306,0.970761897948078,-0.175299538969347,0.860844274010707,NA
"PTI98_011704",3.96694134036216,0.370257155125219,0.819232615132796,0.451956072409545,0.651300628359096,NA
"PTI98_011714",3.99514212419617,-0.365074411658336,0.81017858784449,-0.45060980027827,0.652270802042414,NA
"PTI98_011719",2.7067822037097,-0.224885182803806,0.988517104546591,-0.227497512961048,0.820036902912519,NA
"PTI98_011724",4.78828761410331,-1.10683662335372,0.927647159845167,-1.19316553886551,0.232804548044394,NA
"PTI98_011786",4.06359505577502,0.739917069517505,0.834830696670501,0.886307933415083,0.375451615160506,NA
"PTI98_011787",3.76460617246658,0.610745658731163,0.848707539949784,0.719618514014025,0.471759909696518,NA
"PTI98_011811",2.63009948389904,0.0778328888188522,0.9673580816552,0.0804592325167493,0.935872018811591,NA
"PTI98_011812",4.44244275018685,1.42527688180519,0.894034527366836,1.594207872489,0.110889483842956,NA
"PTI98_011813",2.54347876078116,0.508445658274822,1.00687674208293,0.504973088585798,0.613577737707838,NA
"PTI98_011894",4.75213472463269,-0.310854838518238,0.742316320062289,-0.418763309005726,0.675389122248759,NA
"PTI98_011900",2.59318494439973,0.00976975254521763,1.01389644991515,0.00963584845970729,0.992311824257923,NA
"PTI98_011905",2.85704896552324,-0.69476184881572,1.0454686705643,-0.664545833248849,0.506341024443454,NA
"PTI98_011910",3.6260009467006,-0.00738290151468868,0.866556445744638,-0.00851981605000295,0.993202252551238,NA
"PTI98_011924",4.89930215974844,0.475545009740254,1.03241486394196,0.460614261135811,0.645075378097992,NA
"PTI98_011971",4.71846259700504,0.943818329495014,0.754327726935751,1.25120461013546,0.210859836694123,NA
"PTI98_011984",1.76952443579044,0.31745386617111,1.2586047501131,0.252226813972046,0.800865753380589,NA
"PTI98_011986",4.34796619055503,0.475056139592807,0.752049946387711,0.631681634809794,0.527594930952263,NA
"PTI98_011987",3.07794143853292,-0.653855228285127,0.906444066133911,-0.7213409549625,0.47069976489408,NA
"PTI98_011998",4.13807329525553,-0.456469982698448,0.894281466317122,-0.510432117729451,0.609748760497904,NA
"PTI98_012032",4.07269789237818,-1.21467036580283,1.02713191539608,-1.18258458100236,0.236973826311522,NA
"PTI98_012044",4.63637271107053,-1.38885093098248,0.999054551483301,-1.39016526066615,0.164478699800547,NA
"PTI98_012053",3.90173910907048,-1.23771690808119,0.867096048615471,-1.42742768815231,0.153456654675679,NA
"PTI98_012063",3.31315934304872,-0.755406890750268,1.12369013670597,-0.67225551428679,0.501421044944394,NA
"PTI98_012085",2.70485995822626,-0.381597862192395,1.29057899630259,-0.295679585120821,0.767474789161893,NA
"PTI98_012090",3.67326088967265,-0.115092443679163,0.76963305340002,-0.149541970905118,0.881125993682646,NA
"PTI98_012117",4.16445392997155,0.968260413613631,0.897649900226609,1.07866152869754,0.280738641639723,NA
"PTI98_012123",5.02466778824985,0.0159104628415034,0.73192369844693,0.0217378708672282,0.982657054319294,NA
"PTI98_012130",4.29673562490892,-0.00993789232711546,0.844183724206583,-0.0117721913395757,0.990607367229372,NA
"PTI98_012209",4.38164334588135,0.108738174517782,0.78319650619626,0.138838942280129,0.889577420490191,NA
"PTI98_012241",4.70820159282979,-0.108753081368866,0.785795840513779,-0.138398647284465,0.889925366039927,NA
"PTI98_012242",4.71667006172155,-1.9060525949311,0.82530914192976,-2.30950137117628,0.0209157756819413,NA
"PTI98_012245",2.05426381768945,-1.12108749118808,1.12059626348154,-1.00043836279179,0.317098412435811,NA
"PTI98_012305",4.06760820190483,-0.28516323823218,0.904551851544491,-0.315253611769489,0.75256910290929,NA
"PTI98_012390",4.62062856698141,-0.532883710788254,0.866558517277924,-0.614942557442254,0.538592656377677,NA
"PTI98_012397",2.46763563090392,-0.178890086442616,1.1068374771308,-0.161622722521416,0.871602962585338,NA
"PTI98_012433",5.08148426397611,-2.28024601901721,0.845228122186971,-2.69778768495922,0.00698019433421387,NA
"PTI98_012440",3.28205891321413,-1.29025595474217,1.08770673683024,-1.18621675406938,0.235536711488817,NA
"PTI98_012452",4.64021796264558,-0.519729135493075,0.950297710364075,-0.546911909630886,0.584439253185325,NA
"PTI98_012510",3.83554097608016,0.065490646631424,0.833247861587826,0.0785968373283623,0.937353303204651,NA
"PTI98_012516",4.33265675511701,-0.745669903424872,0.871457009703422,-0.855658850777552,0.392186507408081,NA
"PTI98_012527",5.15397632569941,-2.61066901168842,1.21619816932186,-2.1465819284567,0.0318265798881134,NA
"PTI98_012563",2.13625032524864,-0.615071229859292,1.26196147948337,-0.487393030499707,0.625979831622113,NA
"PTI98_012572",4.04071703890135,-1.84641999793822,0.926976636823988,-1.99187328416866,0.0463849629038278,NA
"PTI98_012601",1.41434072191291,0.395789991092762,1.41125541566116,0.280452416125778,NA,NA
"PTI98_012612",4.41730876028983,0.204771558895012,0.778213440030333,0.263130329498075,0.792450127833241,NA
"PTI98_012614",4.26166178221724,-0.118243993891635,0.902213868024284,-0.131059827478126,0.895727980010846,NA
"PTI98_012629",3.88247348563308,-1.03178774395789,0.81794619593079,-1.26143718143191,0.207151379383527,NA
"PTI98_012639",4.73148680462247,-0.387814010435839,0.988717835116878,-0.392239319107655,0.694881394632287,NA
"PTI98_012671",3.59479467492227,-0.00469322790180458,0.80963718996142,-0.00579670494388754,0.995374924523558,NA
"PTI98_012677",4.23643202196517,-0.216830812690248,1.02860183824447,-0.210801502222002,0.833042166280816,NA
"PTI98_012690",3.55930972124069,0.726999598894314,0.867867080969586,0.837685418465355,0.402207404975569,NA
"PTI98_012698",2.28521727274618,-0.477004303456324,1.03675836292093,-0.460092072093275,0.645450134339574,NA
"PTI98_012699",3.28686179043492,-0.707723654402078,1.03099140370011,-0.686449617195777,0.492429625181305,NA
"PTI98_012716",2.30964848777644,-0.692625590532629,1.18589058447068,-0.584055223645933,0.559183158621471,NA
"PTI98_012736",4.88607142220751,-3.39428673364967,1.03899737674042,-3.2668867214067,0.0010873718073635,NA
"PTI98_012739",3.25466398362937,-0.137247231923419,0.848989762496889,-0.161659466328279,0.871574025777386,NA
"PTI98_012740",5.08502882394252,0.332934495189245,0.75690673712812,0.439861978838339,0.660037074910618,NA
"PTI98_012748",5.03967774230307,-0.175284505517142,0.879234471949914,-0.199360365305521,0.84198086203488,NA
"PTI98_012753",2.07233876780016,0.681914387958231,1.19228887754494,0.571937221592112,0.567364506187729,NA
"PTI98_012783",3.08056129149027,0.0780953630845217,1.04749752251334,0.0745542222354299,0.940569398065183,NA
"PTI98_012793",3.27911150288808,1.10111992072138,0.916957812582625,1.20084032832444,0.229813144891848,NA
"PTI98_012813",4.99760542722931,-0.852504921260868,1.00980163693056,-0.844230084486873,0.398540846324284,NA
"PTI98_012829",4.77024753088523,0.999045288203649,2.001278175419,0.499203609210639,0.617635952221133,NA
"PTI98_012843",4.47100577520849,-1.23325023209322,0.845544554342065,-1.45852779224961,0.144695120326014,NA
"PTI98_012901",4.25359112840979,2.45476987072921,0.900734520620124,2.72529787027502,0.00642434992195033,NA
"PTI98_012927",4.56550297657062,0.491448019960067,0.859448505733544,0.571817877024073,0.567445364752955,NA
"PTI98_012964",2.5846318344017,0.791880166438025,1.01157173579486,0.782821562146346,0.433731903727972,NA
"PTI98_012966",4.36280793104682,-0.466636552007936,0.899620572689573,-0.518703735968203,0.603967356025998,NA
"PTI98_012983",3.63920394339508,1.31056825043497,0.944962874376763,1.38689919569521,0.165472503152407,NA
"PTI98_012984",5.06739339022198,0.139993659242642,0.793752298925716,0.176369453584088,0.860003700977994,NA
"PTI98_013090",3.01935999333355,0.236399550730042,1.08026382266445,0.218835015826937,0.826778569208896,NA
"PTI98_013139",3.57321046475022,-0.488073180580952,0.882044777967725,-0.553342860558051,0.580028657342011,NA
"PTI98_013165",4.16977347607135,0.258094069569757,0.885740005716162,0.291388068625257,0.770754538697156,NA
"PTI98_013192",5.08156446592468,-1.6913900632318,1.23662570317284,-1.3677461651429,0.171391544085824,NA
"PTI98_013249",3.68430917673872,0.606777565648241,0.95531074322657,0.635162505970408,0.525322434055744,NA
"PTI98_013267",3.50495413508236,0.0471957361293531,0.933937119385156,0.050534168896107,0.95969672133647,NA
"PTI98_013371",3.8443747697446,-0.305558035778382,0.922045391830385,-0.331391532874329,0.74034875971293,NA
"PTI98_013429",4.79486996147365,-0.524097029377302,0.949167429623464,-0.552164995363581,0.580835314769186,NA
"PTI98_013430",3.81979269403475,0.547137111527618,0.865622198726429,0.632073798861222,0.527338655162139,NA
"PTI98_013433",3.0605976094902,0.0109461507808887,1.0146869588366,0.0107877120973735,0.991392818014526,NA
"PTI98_013452",4.23629703505666,0.487807750246938,0.844303434564288,0.577763550729456,0.563423766795888,NA
"PTI98_013454",2.83208308553579,-0.421421927273591,0.85604158326488,-0.492291420781591,0.622513344162793,NA
"PTI98_013465",4.64648615468477,0.0103549616273972,0.95582058618671,0.0108335829726254,0.991356220490016,NA
"PTI98_013486",3.09284785459982,0.259748288182227,1.00209892990698,0.259204236657889,0.79547766240956,NA
"PTI98_013498",4.00492152646669,0.17043851405325,0.892957993359878,0.19086957653176,0.848627776349257,NA
"PTI98_013504",4.43252003326853,0.258431046999502,0.822596313692723,0.314165092521966,0.753395653542711,NA
"PTI98_013529",5.13918074099637,-1.35303358128636,0.91126050376564,-1.48479339957692,0.137598560901559,NA
"PTI98_013554",3.9651891819182,-0.192151707550571,0.754425291507027,-0.254699450977753,0.798955240320176,NA
"rRNA_CM057210.1_2080283",114.321110259644,3.13048283254714,1.60593301274457,1.94932341990846,NA,NA
