"","baseMean","log2FoldChange","lfcSE","stat","pvalue","padj"
"PTI98_002052",43.0537923527377,6.36839205541417,1.13258635854419,5.62287547203021,1.87804786233327e-08,2.02265754773293e-05
"PTI98_000185",7.18240259725929,-6.50145524731585,1.21485294254968,-5.35163970848266,8.71608065012641e-08,2.06616226695993e-05
"PTI98_007076",17.0191599373244,-4.0939931194912,0.755905969972353,-5.41600844830071,6.09442226332249e-08,2.06616226695993e-05
"PTI98_008791",67.8155020902365,8.51308824656316,1.59591946985676,5.33428434664517,9.59221108152244e-08,2.06616226695993e-05
"PTI98_012703",8.07098782225297,-4.45739257553195,0.824779815652686,-5.40434245714974,6.50465651791111e-08,2.06616226695993e-05
"PTI98_011128",17.9259643798269,6.23841950652772,1.17867152270682,5.29275492479974,1.20487340199897e-07,2.16274775658816e-05
"PTI98_011332",39.6263760016498,7.94706448079101,1.54053340541069,5.15864469597297,2.48743834688076e-07,3.82710157084369e-05
"PTI98_012427",24.7029229084477,-4.69942013612836,0.959957551042063,-4.89544577364592,9.8083136136704e-07,0.000132044422024038
"PTI98_001293",12.4092053824738,5.14115038727683,1.05845344064818,4.85722866008019,1.19040098739118e-06,0.000142451318157811
"PTI98_006470",30.6202794834407,4.74048981761078,0.989663460795037,4.79000185962463,1.66779767519463e-06,0.000179621809618461
"PTI98_005620",8.70402314084739,4.34469596293155,0.911276728186961,4.76770209152118,1.86339044667195e-06,0.000182442864642336
"PTI98_000442",38.3020835757281,-3.24321653642535,0.685318371684453,-4.73242316334496,2.2185529642669e-06,0.000199115128542954
"PTI98_006764",6.67711300656627,-4.93969753757967,1.05140322715159,-4.69819514532217,2.62470591278594e-06,0.000217446789851573
"PTI98_008389",9.64814611060002,3.90236315429799,0.861844608663368,4.52791966796678,5.95672169689028e-06,0.000400961829221927
"PTI98_009953",6.98372005715899,-5.52446665870267,1.21822802352074,-4.53483793841541,5.76477321088206e-06,0.000400961829221927
"PTI98_012609",7.89162403403272,-4.60307311573204,1.01099923057203,-4.55299368836074,5.28878604792587e-06,0.000400961829221927
"PTI98_005957",8.6773400534199,4.68832988457823,1.0495444537071,4.46701411075876,7.93188998500377e-06,0.00050250855963818
"PTI98_003634",51.406190107221,3.01760490670643,0.68718754145038,4.39123925375228,1.12706438119832e-05,0.00067436018808366
"PTI98_002556",9.6254361053809,5.50566955732898,1.27062732451809,4.33303255100164,1.47069354933795e-05,0.000754255691731893
"PTI98_011177",5.5015539942043,-4.57360619231432,1.05098185954491,-4.35174608465151,1.35057620456595e-05,0.000754255691731893
"PTI98_012052",189.071225819512,4.53158921165565,1.04336899612985,4.34322778275431,1.40404423567958e-05,0.000754255691731893
"PTI98_000546",18.5878320916107,3.96291511335655,0.921356890168945,4.30117271129311,1.69896571403291e-05,0.000831720942733385
"PTI98_010297",9.61388475160558,3.68400431491664,0.888612827926815,4.14579240715175,3.38640534100773e-05,0.00158572110968057
"PTI98_000531",7.01262627529348,-3.85669532697938,0.937906790699734,-4.11202410007295,3.92205345633481e-05,0.00176002148853024
"PTI98_003276",109.829730470849,3.52969979429617,0.870265838476332,4.05588687759592,4.9944428792981e-05,0.00215160599240162
"PTI98_010841",21.3364391396075,3.39213635763433,0.84219226417287,4.02774580334788,5.63141803170479e-05,0.0023327066231331
"PTI98_000513",25.5008072231533,6.70851478747688,1.69206859605614,3.9646825212128,7.3493695008049e-05,0.00293158183420995
"PTI98_007893",26.4862389923392,3.93806389899591,1.00163545160586,3.9316339020172,8.43704814629036e-05,0.00324525030484097
"PTI98_013289",8.73960437094366,4.29560617874785,1.0972259757053,3.91496945375053,9.04156540111222e-05,0.00335785032310271
"PTI98_006583",26.9305129126196,-1.96453782914616,0.511902552434964,-3.83771837003245,0.000124182787772579,0.00445816208103557
"PTI98_010455",10.7738076191325,-2.79578924595991,0.731752327178902,-3.82067694507841,0.000133085883360719,0.00462366117353207
"PTI98_008643",21.6894317567165,7.66346402242944,2.02279196216682,3.78855767956498,0.000151524415911916,0.00509974362303543
"PTI98_013639",47.7501303282397,1.51340460751284,0.407774030780467,3.71138055215588,0.000206131933914031,0.0067273967522852
"PTI98_011071",10.5359056284305,-3.7423758347341,1.02180182734651,-3.66252607362483,0.00024974032379693,0.00791089202144981
"PTI98_007539",18.3671760478758,-3.27462424948522,0.901051535835206,-3.63422525710463,0.000278817189624192,0.0081269904672958
"PTI98_008161",16.5062329637355,3.85621527903671,1.0611865468416,3.63387124583696,0.000279200229609976,0.0081269904672958
"PTI98_006682",110.589236487336,2.55411822476094,0.701455052070173,3.64117161494965,0.000271400142356328,0.0081269904672958
"PTI98_011702",62.8809981910177,2.68937132663015,0.746771062960807,3.60133307250457,0.000316589669905106,0.00897281774967892
"PTI98_005572",5.46073505199506,-4.13560851087723,1.16305615550109,-3.5558115498692,0.000376814114369803,0.0104058666968276
"PTI98_009955",78.0990519668502,-1.79618576855768,0.506330477934274,-3.54745733633446,0.000388968743772926,0.010472983426086
"PTI98_003984",13.8399846203329,-4.00799505144408,1.13688787636665,-3.5254092639752,0.000422828998620891,0.0108425436074929
"PTI98_005278",22.8048876536056,4.85805787569757,1.3771859208039,3.52752508017349,0.000419464020877182,0.0108425436074929
"PTI98_012854",8.41287491132638,-2.08927354234552,0.600058177597931,-3.48178496743268,0.000498083492749904,0.012475253992829
"PTI98_001366",6.23599262044359,2.77655918829747,0.802848165053,3.45838641620882,0.000543421357037767,0.0133014727620381
"PTI98_001186",18.9852192425128,1.77242654153307,0.515257432252776,3.43988544480335,0.000581960453932674,0.0139282535307887
"PTI98_012737",8.39324955035011,-3.74250026852551,1.09012680783879,-3.43308708823073,0.000596750386462194,0.0139717427439083
"PTI98_003327",63.0666468567,2.68836731153513,0.789221941167172,3.40635145996996,0.000658373654031424,0.0147722588623301
"PTI98_003749",23.1284495197517,2.96002767523109,0.868689029674436,3.40746524258565,0.000655692588768989,0.0147722588623301
"PTI98_005336",130.01227334664,4.57894663246269,1.37946625908962,3.31936109512715,0.000902236787491848,0.0198307963291576
"PTI98_006179",23.5471904990566,2.82235932990404,0.859754605175448,3.28274988341363,0.00102799830771677,0.0219278977309234
"PTI98_012975",79.899745248184,2.30997215211134,0.704277164029965,3.27991914276104,0.00103836841622757,0.0219278977309234
"PTI98_004577",8.34537668816766,-2.8430729673639,0.872412610535606,-3.25886275946703,0.00111859765886469,0.0227307486527788
"PTI98_007684",16.4969906629409,3.00136617625186,0.92051384019563,3.26053345989236,0.00111202845848321,0.0227307486527788
"PTI98_000468",116.209133823957,11.3890044882687,3.51814440220252,3.23721916619985,0.00120700674528937,0.0236353866304845
"PTI98_001697",22.7130385525452,-2.03296571638075,0.62787948959797,-3.23782787949078,0.00120443450588401,0.0236353866304845
"PTI98_000470",15.1121330018874,2.10666024067943,0.651844536869321,3.23184459103899,0.00122993927947271,0.0236543679284305
"PTI98_011375",6.82675530951299,2.51679179578736,0.782039242228406,3.21824233348676,0.00128978796727505,0.024370204223776
"PTI98_011666",7.78296635252429,2.47350248922846,0.772870639685497,3.20040943751595,0.00137232488395811,0.0254826534486703
"PTI98_007482",12.2173464651915,-2.3952939321712,0.753023864608129,-3.18090042659896,0.00146818083102128,0.0268005212713546
"PTI98_008503",11.2881012596793,-2.36993214489101,0.746421652415418,-3.17505814203262,0.00149806481293544,0.0268902633921911
"PTI98_002430",18.8624243340465,7.34939468045327,2.34380187545861,3.13567232683232,0.00171460660312087,0.0302726444518225
"PTI98_002899",7.1331851599735,-2.3255430809871,0.744215005345012,-3.12482691733553,0.00177909708214589,0.0309046380237277
"PTI98_003860",19.6833005127214,2.18736599906269,0.7014765277852,3.11823120578096,0.00181940015067434,0.03110307876629
"PTI98_006534",18.5385474814865,2.3022123046787,0.739529246986568,3.11307810213017,0.0018514701432699,0.0311567710047139
"PTI98_003981",5.52188239485099,-3.37075219481698,1.08595342357334,-3.10395650646369,0.00190951399535271,0.031639178046075
"PTI98_005833",8.29883359340145,-2.22083379781935,0.723265845972641,-3.07056362495977,0.00213655159425858,0.0348646373790378
"PTI98_006437",15.8895595238297,2.33730123336753,0.768195612553469,3.04258602258659,0.00234554766241676,0.0375961258562998
"PTI98_013286",15.7335772668754,-2.70902606921585,0.891424273721591,-3.03898620340008,0.00237375724997993,0.0375961258562998
"PTI98_003882",10.3761939060214,2.1080707194754,0.697468097282183,3.02246185551697,0.00250727679883545,0.0391353204687794
"PTI98_004077",51.8575751351145,-3.20099105922115,1.06316633703461,-3.01080926635559,0.00260552462254661,0.0400878574068957
"PTI98_006565",15.4605053846495,2.26951723067429,0.757150999162103,2.99744335434522,0.00272254449850752,0.0412983158435577
"PTI98_005339",20.7218853186001,1.46440481829204,0.490398403582976,2.98615331451474,0.00282510967063684,0.0419396713625989
"PTI98_013506",53.1424493646999,1.96439390185428,0.658252933945967,2.9842539251265,0.00284270752968404,0.0419396713625989
"PTI98_011640",13.5588391368071,1.48968553216482,0.500034584999655,2.97916499548895,0.00289035093913667,0.042066323803381
"PTI98_006915",34.4541457568458,-1.56751770084367,0.526992767944516,-2.97445770832419,0.00293506911512801,0.0421475924932382
"PTI98_009647",10.0114240821138,-3.42534351084476,1.15598325139579,-2.96314285411041,0.00304515209538855,0.0431056077112175
"PTI98_009865",30.4649361036633,1.59013960151122,0.538031366400934,2.95547750709811,0.00312185459746979,0.0431056077112175
"PTI98_010524",12.6041324347538,2.99133093876971,1.0112640226489,2.95801182655964,0.00309630244317521,0.0431056077112175
"PTI98_002756",12.8058070602459,2.02058567710353,0.685686112819759,2.94680851679238,0.00321071955206632,0.0437714551591827
"PTI98_007318",20.9548410313537,2.33902649540006,0.795211419544232,2.94138946940758,0.00326743427884625,0.0439878339789677
"PTI98_011371",43.3879093696006,-1.74872390600192,0.59826361522402,-2.92299892806803,0.00346677709888384,0.0460952954999741
"PTI98_006216",7.91246158515212,1.85119204952216,0.648975445211928,2.85248396249821,0.00433790012615932,0.0569746150716291
"PTI98_001564",15.3304038161735,2.71136531695597,0.96283927102428,2.81601031298981,0.0048624105789785,0.0623430499233314
"PTI98_004859",22.2033323466556,-1.50927001109447,0.535353078096918,-2.81920488149549,0.00481427783870207,0.0623430499233314
"PTI98_007850",8.13607863319131,-3.36082479844974,1.2006883447696,-2.79908172098951,0.00512481654980112,0.0649344402839507
"PTI98_003095",35.8223037202386,-1.42224882207361,0.509334791608032,-2.79236534693299,0.00523242402660845,0.0655269846122942
"PTI98_011095",13.7015244570822,-1.87056509187994,0.674537905156712,-2.77310597014613,0.00555240365132469,0.0687349279595022
"PTI98_009758",24.5521960119338,4.46978055140069,1.61495455511566,2.7677438583283,0.0056445799205694,0.0690819610733323
"PTI98_001343",43.0471764236618,1.31417627248208,0.476632722978322,2.75720950141699,0.00582969874016235,0.070545904979268
"PTI98_004337",9.13187800034704,1.84086778237366,0.672005124713675,2.73936569034054,0.00615578607254346,0.0736642400014367
"PTI98_005255",30.461103512559,-2.16025223207816,0.793847909318075,-2.72124194914595,0.00650371406316563,0.0769725279783449
"PTI98_002678",21.945163795892,-1.63059692847371,0.605378682757882,-2.6935156042253,0.00707028357983874,0.0793474276320066
"PTI98_001316",12.5075752249909,-2.00878844743743,0.7457727368514,-2.69356648235546,0.00706920455237337,0.0793474276320066
"PTI98_006187",23.2035701826414,-1.79410584965123,0.662730168318887,-2.70714377497292,0.00678648594586364,0.0793474276320066
"PTI98_008671",20.1428911390144,1.67007436293121,0.62006193329885,2.69339927714331,0.00707275120953819,0.0793474276320066
"PTI98_010242",21.452373674891,-1.96476916497642,0.727868497403881,-2.69934634069787,0.00694758311604838,0.0793474276320066
"PTI98_001833",6.88701925870993,-1.82137910402129,0.677333701121835,-2.68904249265116,0.00716572970375843,0.0795617617623488
"PTI98_001828",11.5472433887039,1.72606940340699,0.646070797499926,2.67164126607531,0.00754812938607041,0.0821144984727053
"PTI98_006154",15.3971121897028,-1.89873503605492,0.709908114157114,-2.67462083921849,0.00748138091197201,0.0821144984727053
"PTI98_005027",26.5562697266506,-1.52548251761016,0.57406302245437,-2.65734328451963,0.00787591989622669,0.0848236572823614
"PTI98_002886",14.5562886112229,-1.86199678931696,0.703505940376615,-2.64673925613216,0.00812719910569486,0.0866633013547858
"PTI98_003912",8.94233413299874,-1.71338641468045,0.648898942158857,-2.64045185368941,0.00827955559216628,0.0874223663996381
"PTI98_002067",9.66389168400818,-1.67678555196208,0.63851225965261,-2.62608200017077,0.00863740066440762,0.0898473615653768
"PTI98_006078",11.6080442671527,-1.9886258625029,0.757698397771419,-2.62456126125111,0.00867606834057492,0.0898473615653768
"PTI98_003313",11.3712431418327,1.96917328311192,0.751925265112169,2.61884175792147,0.00882288645447741,0.0904597092297532
"PTI98_004083",8.15952585953193,-4.65421351575813,1.78148879113475,-2.6125415657505,0.00898717631159108,0.0904597092297532
"PTI98_000565",9.68924023339806,-1.78222312480319,0.681393230219587,-2.61555742816648,0.00890819394800576,0.0904597092297532
"PTI98_011112",42.0309697942565,-1.66359583893793,0.643290616258928,-2.58607198191793,0.00970766549595479,0.0961169414822052
"PTI98_012708",6.73947812112855,-2.18991234843514,0.847043205682845,-2.58536085732455,0.00972771274053887,0.0961169414822052
"PTI98_008420",8.58518704216463,1.84553166089564,0.714903887600096,2.58151017627141,0.00983690912209094,0.0963122829499268
"PTI98_008168",17.4209414820411,1.32065996697799,0.51231975737379,2.57780409201441,0.0099430351744152,0.0964743142598664
"PTI98_004729",7.15721745143594,2.52663710626601,0.981446089950493,2.57440233563257,0.0100413430990717,0.0965582724794666
"PTI98_003716",37.5958357909839,1.31692248914943,0.513878675221614,2.56271091339117,0.0103858484663521,0.0989872460023116
"PTI98_003299",20.4716983991123,-1.27142536116322,0.505358068629299,-2.51589009870122,0.0118732200164235,0.109294512458873
"PTI98_001073",13.1202259256036,5.41487940601376,2.15166970404418,2.5165941574751,0.0118495233739057,0.109294512458873
"PTI98_008528",20.8075404975283,1.2036648287078,0.478397488022755,2.51603501030622,0.0118683392668945,0.109294512458873
"PTI98_012654",12.295067533332,1.67097541615609,0.661830941588636,2.52477681406847,0.0115771788032963,0.109294512458873
"PTI98_006191",8.54387530481158,-1.56340618835998,0.623352829958347,-2.50805982298091,0.0121396112717052,0.110799672369716
"PTI98_006169",11.6501546039044,-1.93702963592639,0.780157528993699,-2.48286988709179,0.0130328681942472,0.116969992043369
"PTI98_012555",35.7950446773942,2.00604581904662,0.807242983317766,2.4850582296817,0.0129530245172662,0.116969992043369
"PTI98_006370",23.6288076947279,-1.30330469933063,0.528332886156066,-2.46682486265987,0.0136317012959793,0.121333407403055
"PTI98_000669",15.0522159249464,-1.67509208149065,0.68614928497971,-2.44129392562172,0.0146347381218081,0.128143194773881
"PTI98_005126",19.8882195697113,1.34472247368963,0.550345454030713,2.44341524735223,0.0145489863930378,0.128143194773881
"PTI98_001674",12.7155708546892,1.48477052652317,0.611438732516536,2.42832265534146,0.0151688416555937,0.131748729540923
"PTI98_007889",13.1210840108715,-2.22365308250458,0.917790486913044,-2.4228330040593,0.0154000041469772,0.132686435730355
"PTI98_003151",8.59117023875549,-1.63167736567,0.675553632399331,-2.41531876584669,0.0157214441536328,0.134380915503671
"PTI98_007391",14.0429470556143,-1.2672203124917,0.533269420095381,-2.37632285808747,0.0174861552031932,0.148288103573536
"PTI98_002594",22.398948850368,1.43659634493581,0.608798977372653,2.35972200731285,0.018288634179703,0.148420965668957
"PTI98_003092",9.61269738830062,-1.45781315134092,0.617606023405018,-2.36042573435996,0.0182539728389151,0.148420965668957
"PTI98_003218",22.7864676715137,-1.13872892965044,0.483555743242845,-2.3549072584969,0.0185273290553965,0.148420965668957
"PTI98_001537",48.7753232928082,-1.08782534497702,0.462013595538224,-2.35453102567199,0.0185460954119575,0.148420965668957
"PTI98_007590",45.6994050858251,1.13702226835046,0.483423417735474,2.35202149220795,0.0186716960591258,0.148420965668957
"PTI98_006786",13.1942303341984,-1.2915675346525,0.549986371143573,-2.34836280027625,0.018856144611368,0.148420965668957
"PTI98_008611",49.1095256372779,1.10036789029127,0.463873225084627,2.37213063998364,0.0176858361782385,0.148420965668957
"PTI98_010927",20.7548050716143,1.57066756323307,0.663400345163519,2.36760136572724,0.0179038148353327,0.148420965668957
"PTI98_010974",40.1857086230463,1.1855285825119,0.504932860301035,2.34789350371275,0.0188799185669889,0.148420965668957
"PTI98_012617",10.6684887478448,-2.60144273907205,1.10445901040343,-2.35539998729496,0.0185027770554055,0.148420965668957
"PTI98_005377",32.08515897371,1.07269913438842,0.457436494423733,2.34502307416416,0.0190259021119248,0.148484757786543
"PTI98_011372",7.74958386377088,2.08907362273332,0.893532584415166,2.33799377792211,0.019387570918303,0.150218804884981
"PTI98_001332",53.1766846721427,1.13935752212877,0.490502299772721,2.32283828772404,0.0201878413761191,0.153225244687125
"PTI98_004261",9.32683188897856,2.41236590417906,1.03672550965642,2.32690898575317,0.019970109855931,0.153225244687125
"PTI98_013580",10.988933082112,-1.50165324247882,0.646548813685223,-2.32256747007182,0.0202023999494631,0.153225244687125
"PTI98_002730",5.97683846502204,-2.62901318602738,1.13770657289882,-2.31080073601823,0.0208438638474183,0.156984904641046
"PTI98_004435",36.5811739801815,0.903677175592401,0.392309399231702,2.30348081733999,0.021251805238205,0.158906508089765
"PTI98_007704",53.1982512485686,1.0385867757927,0.451852430555811,2.29850877313012,0.0215328491400594,0.158906508089765
"PTI98_012857",11.0370720739152,-1.56442415126029,0.680671507827374,-2.29835410072291,0.0215416436221965,0.158906508089765
"PTI98_007760",7.80891137254721,-1.54591131732216,0.674362227125553,-2.2924049644826,0.0218822858228053,0.160321236946675
"PTI98_001963",10.7544637504371,-1.564153473371,0.687704440981573,-2.27445597288634,0.0229385853578569,0.164765604012393
"PTI98_002043",10.836763812817,1.80193709177195,0.792989719963203,2.27233348227461,0.0230663759762885,0.164765604012393
"PTI98_004542",43.0166507969123,0.987404044534516,0.435035201993639,2.26971068090475,0.023225142932392,0.164765604012393
"PTI98_004848",14.2743570858924,-1.28884784123048,0.567143830534015,-2.2725237794034,0.0230548934158715,0.164765604012393
"PTI98_012650",7.78009829634099,-1.41186539888693,0.622175857000475,-2.26923848458789,0.0232538271215262,0.164765604012393
"PTI98_013621",60.9798262205548,1.32995058679124,0.587958015364126,2.26198223689083,0.0236985007924236,0.165963779949411
"PTI98_008556",6.14603513058118,-1.81164307781653,0.801096398524617,-2.26145452801066,0.0237311254523764,0.165963779949411
"PTI98_003430",9.27947791012053,1.47923035231068,0.656029342305157,2.25482346126922,0.0241444120380633,0.167581650525577
"PTI98_003635",6.62007205831484,1.5247636056324,0.676906570874881,2.25254661608868,0.0242877503240299,0.167581650525577
"PTI98_007350",50.8872323469373,1.53825754630824,0.683841742658352,2.24943499402135,0.0244848343016236,0.167581650525577
"PTI98_006168",6.29375277532964,-2.02605465014787,0.902300939137628,-2.24543116632935,0.0247404665121325,0.167581650525577
"PTI98_008889",19.1504084813315,-2.1018236490447,0.935283627383892,-2.24725803756853,0.0246235409803222,0.167581650525577
"PTI98_005983",9.26858131793019,-1.36756061478339,0.610317690240407,-2.2407356638224,0.025043202519672,0.168572056960542
"PTI98_001647",21.9671875210509,-1.3456631652921,0.602600954616547,-2.23309165872195,0.0255429005634744,0.170867726129577
"PTI98_006904",7.73131410063384,1.81190221665023,0.81316965986625,2.22819702465074,0.0258673794025209,0.171970170472315
"PTI98_005995",14.1912755153636,-1.31523895080753,0.590934779177873,-2.22569223736896,0.0260348030782349,0.172021367578276
"PTI98_001111",14.8486349826356,-1.2097602120714,0.545749557897064,-2.21669480912265,0.0266439537509393,0.17497279384001
"PTI98_002762",7.76567609961183,1.35474314975025,0.616114496876663,2.19884965638368,0.0278886143140004,0.182036591613203
"PTI98_001005",19.1404770716618,2.02287911142188,0.921584052452757,2.19500229635927,0.0281634330170632,0.182722996140826
"PTI98_003392",7.20680730576808,1.31411331509291,0.599344745186059,2.19258335982401,0.0283374111058789,0.182750848868453
"PTI98_005129",22.8000538774781,1.2189152085207,0.557408666846143,2.18675324052174,0.0287605426593504,0.184375621691193
"PTI98_000582",16.9391011039243,-1.39160117869077,0.637459126229665,-2.18304377713059,0.0290325863200534,0.185018316370991
"PTI98_010687",16.8175868243765,-1.70486753194751,0.787429202228034,-2.1651057988751,0.0303795839966296,0.192463599790413
"PTI98_000558",10.747763604759,2.01098634892096,0.930307723630033,2.16163565865513,0.0306462706323527,0.192986614364735
"PTI98_007419",20.8749791347389,-1.19159267055752,0.55182107188656,-2.15938232747024,0.0308205178001248,0.192986614364735
"PTI98_001290",9.13257798540626,-1.61019500328175,0.749112374712419,-2.14947057028646,0.0315971165579264,0.19670574874501
"PTI98_010713",9.13670678706842,1.41533493834855,0.662916865065441,2.13501121020481,0.0327600944443285,0.202773688026102
"PTI98_010955",8.68545096654682,-1.37077859386401,0.644038038044797,-2.1284124739363,0.0333028998159164,0.204955560581383
"PTI98_007495",11.4569819423018,-1.31310365829239,0.620280128880919,-2.11695264309278,0.0342638671705418,0.2096715053561
"PTI98_012705",8.91637210531666,1.25211043354087,0.593706430906499,2.10897232766888,0.03494697028772,0.212643429377822
"PTI98_012036",7.55561922996296,1.21498685068208,0.580248600519551,2.09390742105054,0.0362682280738017,0.218217215840695
"PTI98_012734",9.3058790175404,-1.89473414546685,0.90482283108896,-2.09403883320067,0.0362565210909377,0.218217215840695
"PTI98_000235",16.3658351115887,1.37502981435248,0.659430062720019,2.08517914497369,0.0370530422134123,0.218236137660514
"PTI98_001221",17.6955237131542,-1.22452289086495,0.587488131912158,-2.08433638800391,0.0371295796431106,0.218236137660514
"PTI98_010430",8.58019604724892,-2.50861076219839,1.20453713826116,-2.08263463409668,0.0372845397674416,0.218236137660514
"PTI98_010510",11.369124186258,-1.30136024344059,0.623970076817774,-2.08561322375824,0.037013672528582,0.218236137660514
"PTI98_012735",12.3713260465764,-1.45616300810972,0.696329427923156,-2.09119843240406,0.0365102798019432,0.218236137660514
"PTI98_004096",9.80908905004611,-1.44785056268752,0.698994285121364,-2.07133390573592,0.0383276028251219,0.221929184100303
"PTI98_005488",20.0544276689008,1.16158505671873,0.560661961039815,2.07180999860313,0.0382831638707137,0.221929184100303
"PTI98_002958",6.51128770954958,1.51077717561064,0.730303168846372,2.0686986446973,0.0385743744788037,0.222111789604541
"PTI98_008858",14.0583994454944,1.16985299184655,0.566075410990907,2.06660273372189,0.038771603013606,0.222111789604541
"PTI98_001185",14.295298590248,3.58195796893471,1.73540726420994,2.06404458642475,0.0390134891708267,0.222314962100425
"PTI98_003884",13.3094790902076,1.36664944311821,0.66353003755695,2.05966477139464,0.0394305994559098,0.223509240073762
"PTI98_008835",39.1901357796939,-1.33287786506287,0.648561145695491,-2.05513061321851,0.0398663907744784,0.22362553575059
"PTI98_009974",40.5575077418874,1.06261460162387,0.516973916808733,2.05545109158188,0.039835455002539,0.22362553575059
"PTI98_004701",41.581689679547,0.965043511277641,0.470942444193946,2.04917505987252,0.0404449998974149,0.225018730063873
"PTI98_007449",7.81625355078777,-1.45732997606059,0.711825499341443,-2.04731353036504,0.040627310256985,0.225018730063873
"PTI98_010162",20.4288126693816,-1.58298760655802,0.773988935289753,-2.04523286365251,0.0408319059658655,0.225018730063873
"PTI98_011048",12.2183357469051,1.04511429379391,0.511300606023787,2.04403100931448,0.0409504838370651,0.225018730063873
"PTI98_001637",8.93620846154237,-1.58239950615865,0.776515976965061,-2.03781963681329,0.0415679737999072,0.226104584760101
"PTI98_013553",43.1023086163181,-1.05601521479713,0.518044497431488,-2.03846430187551,0.0415035213167595,0.226104584760101
"PTI98_002423",104.41100347688,1.12607001925491,0.556189582005607,2.02461544711845,0.0429068668412637,0.231622796968897
"PTI98_005634",56.9465209004761,0.977731373668174,0.483167280443598,2.02358771639196,0.0430125899663691,0.231622796968897
"PTI98_001274",39.2868608713543,0.991276684678475,0.490927567141641,2.01919132480184,0.0434673376510421,0.232907077861554
"PTI98_005088",41.8367478801079,1.00529965618454,0.498870468135919,2.01515166840992,0.0438887598700324,0.234000962277351
"PTI98_011739",24.0535807032013,1.22021859042515,0.608219508918551,2.00621415875787,0.0448334038844841,0.237859980214726
"PTI98_007542",8.46471758856435,-1.29065855322997,0.645492791763624,-1.99949336336292,0.04555499922367,0.240503598842611
"PTI98_000575",7.66963494095969,1.8014767793411,0.902259675697536,1.99662783106026,0.0458656272075739,0.240962343914913
"PTI98_003211",16.3784015082709,-1.30881966179672,0.657625592552453,-1.99022008361442,0.0465666968810327,0.24345792495569
"PTI98_011225",13.0428367787171,1.35472108067941,0.685807544097643,1.97536625593977,0.0482265992839445,0.249711766484655
"PTI98_012733",13.689879344789,-1.41984421782319,0.71805770201982,-1.97734000182621,0.048003210929745,0.249711766484655
"PTI98_001223",45.1815545465346,0.946809383672576,0.481236139234172,1.96745278768819,0.0491310337567102,0.251938131849193
"PTI98_001300",16.7157914186442,1.23161738658159,0.626623247038566,1.96548307520067,0.0493583526649765,0.251938131849193
"PTI98_009968",9.59370107011542,-1.38654363364252,0.704194600687031,-1.96897793918012,0.0489556244584048,0.251938131849193
"PTI98_006322",10.9493146044948,1.26015958399062,0.645391177037909,1.95255161338625,0.0508727494291666,0.258443165732134
"PTI98_005555",75.479172094897,0.995802203086242,0.512613660443977,1.94259786643956,0.0520647649049737,0.263257050716698
"PTI98_004685",11.9358505488751,-1.15883483531054,0.597495728438452,-1.93948639321514,0.0524421397915676,0.263926096053824
"PTI98_003009",28.3231439654865,1.0718076230483,0.556732395284298,1.92517559985166,0.0542073935795562,0.26997505572933
"PTI98_007881",28.4662750646669,0.895818601704691,0.466410087754113,1.92066729520859,0.0547736652444679,0.26997505572933
"PTI98_006325",22.4793723732526,-0.944549257325451,0.492032924328452,-1.91968709942452,0.0548974347304766,0.26997505572933
"PTI98_008398",29.6949536575626,0.952140219577138,0.495295082552764,1.92236961988353,0.0545592654580816,0.26997505572933
"PTI98_010033",34.3054394724583,0.820696133636701,0.425745157633354,1.92766991925126,0.0538961959388027,0.26997505572933
"PTI98_001925",10.3442829498673,-1.08906665338302,0.568303035315408,-1.91634847204114,0.0553207549093296,0.270820241078855
"PTI98_010051",35.7579304172952,1.12400187855293,0.588498351011173,1.90994907058217,0.056139771072421,0.273586124185508
"PTI98_002242",11.9113503617025,-1.18836449583516,0.624165985041274,-1.90392383486995,0.0569201044206227,0.275408324867228
"PTI98_001894",7.46915018776477,1.25532755578653,0.659616175087045,1.90311821207367,0.0570251220477176,0.275408324867228
"PTI98_012674",729.442161488651,-1.57670519480535,0.833036618100512,-1.89272015244726,0.0583950949671706,0.280765702141262
"PTI98_003033",24.7609042706045,1.03585346051676,0.548617858701311,1.8881147306594,0.0590105497064978,0.281213991300434
"PTI98_000082",8.14747097312749,1.28973058198226,0.682587640201916,1.88947251022704,0.0588285428885038,0.281213991300434
"PTI98_001196",35.538585442308,-1.08469973194094,0.57586501745793,-1.88360066865875,0.0596190113516581,0.282862005399717
"PTI98_004711",10.4760273688965,-1.33467350395591,0.720494835528546,-1.85244007054792,0.0639626557711133,0.296930087351246
"PTI98_004981",31.0379283055765,-1.11107062957502,0.599579243386476,-1.85308387812025,0.0638703372204742,0.296930087351246
"PTI98_005568",10.3637026511567,-1.36949546840685,0.739109301518641,-1.85289978842502,0.0638967234534681,0.296930087351246
"PTI98_009978",5.18047293128652,-1.95856245281972,1.05545347576788,-1.85565967405129,0.0635020821426478,0.296930087351246
"PTI98_012152",67.3666694093412,-1.1201284189481,0.60278226852038,-1.8582637171754,0.0631315735881509,0.296930087351246
"PTI98_007237",32.6338451630477,-1.32836373264029,0.71790182885884,-1.85034175877756,0.0642643075538419,0.297050039637286
"PTI98_004356",11.0267829764191,1.27714243306705,0.692129846168498,1.8452353126181,0.0650033157469178,0.299181927604404
"PTI98_005897",10.8915154384695,1.16877171692214,0.634683626500718,1.84150286555536,0.0655479010463458,0.30040463585921
"PTI98_001793",13.1769912042769,1.71982480497987,0.934971321676513,1.83944123750878,0.0658503134459456,0.300511811785099
"PTI98_004982",22.0884422836202,0.996018843600292,0.543146575665419,1.83379383802623,0.0666846027758856,0.303035093627126
"PTI98_010558",7.7190707230678,-1.28252025130169,0.700994176047214,-1.82957333331013,0.0673137642989223,0.304608924999745
"PTI98_003337",76.6380276417787,0.800173842847603,0.43885774494333,1.82331029147254,0.0682564084760735,0.307582225643227
"PTI98_010114",10.8815685576356,-0.939241417250919,0.516157002136099,-1.81968163439399,0.0688075017387046,0.308773664052437
"PTI98_000597",16.8208261774342,-1.3242371476532,0.729006110506887,-1.81649663640329,0.0692942234411355,0.30966754624939
"PTI98_010028",10.1434761605137,1.05112205723667,0.579922735948,1.81252086197035,0.0699057534271621,0.310370176953922
"PTI98_012764",7.80875397408846,-1.46540014228209,0.808839917847648,-1.81173073923153,0.0700278115132805,0.310370176953922
"PTI98_001993",28.2002456929516,-0.986461916962584,0.545292924389224,-1.8090495453751,0.0704433064960257,0.310932135640244
"PTI98_003625",26.707563734024,1.07165262418111,0.593510429412586,1.8056171738073,0.0709781582130254,0.312014189369095
"PTI98_013132",23.1721268669217,0.984109673426557,0.547289710648732,1.79815124289481,0.0721530436497541,0.315889544759289
"PTI98_001693",43.2000767548233,0.871281685118277,0.485753116575427,1.79367183737458,0.0728655629487115,0.317717454638714
"PTI98_002010",15.1559871784112,-1.03436431584085,0.577320006869109,-1.79166546028841,0.0731865704548324,0.317830388628446
"PTI98_003263",33.1242173414368,0.834905564535031,0.470120875042641,1.77593808073148,0.0757431234649273,0.318648980547299
"PTI98_000206",50.0830125549525,-0.902041629041809,0.508435128438332,-1.77415284386908,0.0760378718669042,0.318648980547299
"PTI98_000400",9.86582569588238,1.34474487598671,0.757581886195124,1.77504887655187,0.0758898172111301,0.318648980547299
"PTI98_007523",6.89790348613632,-1.1658949608575,0.656137696211852,-1.77690592628449,0.075583719173863,0.318648980547299
"PTI98_008431",8.27943315739423,1.32751923279574,0.74524593727567,1.78131696718621,0.0748606841918417,0.318648980547299
"PTI98_010336",13.3164120468625,-1.11958148028864,0.628899626658059,-1.78022284134281,0.0750394987063131,0.318648980547299
"PTI98_010992",29.502778479716,0.79681925789523,0.448579684772478,1.77631597003636,0.0756808524315696,0.318648980547299
"PTI98_012755",37.5074736025046,0.906239213058926,0.508015898726673,1.78387962922103,0.0744432266882081,0.318648980547299
"PTI98_012801",8.07495088742316,1.23044442166478,0.691534456189762,1.77929589863725,0.0751912630238187,0.318648980547299
"PTI98_003742",13.9985923665793,1.15870768393178,0.654207060988075,1.77116352456016,0.0765335128848611,0.319482920065874
"PTI98_008016",8.58642231405757,-1.31108038592103,0.742125232340148,-1.76665652747959,0.0772857679766126,0.321377498497343
"PTI98_011020",9.58187729121013,-1.14343106816816,0.653778162864367,-1.7489587953787,0.0802981421649795,0.331345207324456
"PTI98_011732",12.0148093512608,1.25745211105808,0.718858005195184,1.74923573497197,0.08025027941977,0.331345207324456
"PTI98_000512",53.2044753165167,0.971006709753571,0.562654053350289,1.72576151184155,0.0843903266545085,0.340405924370433
"PTI98_000746",9.46409962667915,-1.32744719609167,0.768878529988588,-1.72647192543063,0.084262545822543,0.340405924370433
"PTI98_000747",54.0269037386376,-0.75837398260801,0.438710928086849,-1.72864165001579,0.0838732504653885,0.340405924370433
"PTI98_006312",32.841583206512,0.759636197572999,0.438578081343581,1.73204323217854,0.0832658653351227,0.340405924370433
"PTI98_009747",17.5027692499251,1.23114786675423,0.709768701470216,1.73457615728057,0.0828159056388439,0.340405924370433
"PTI98_011070",34.7970433804353,-2.92237067766231,1.69148033564699,-1.72770006016329,0.0840420127707198,0.340405924370433
"PTI98_004844",5.80357284260755,-1.35537603536181,0.794216760834941,-1.70655682705176,0.0879044554481635,0.353257830289821
"PTI98_005359",6.57571792886575,-1.41301450350172,0.82921092149925,-1.70404714514243,0.0883722798477528,0.353817640877434
"PTI98_001370",41.282754549644,0.860059454326758,0.506299444924727,1.69871696077926,0.0893725261505743,0.355181589166674
"PTI98_009997",30.3686783345144,-1.79518666302958,1.05602562110069,-1.69994612551016,0.0891410596732774,0.355181589166674
"PTI98_010704",10.8274833139824,0.959305431568576,0.56681167366001,1.69245884682325,0.0905585203290635,0.358571788214711
"PTI98_001361",11.154566760004,1.002184793259,0.595717082497363,1.68231669479351,0.0925074455024969,0.359377800404228
"PTI98_005284",55.9976410349778,0.880605402683032,0.524191502496575,1.67993070946202,0.0929707979936929,0.359377800404228
"PTI98_007610",32.9506788432615,0.842402462725001,0.501624518163027,1.67934866064745,0.0930841126202241,0.359377800404228
"PTI98_005912",72.0092257481121,0.715675697729335,0.42510760546813,1.68351656974293,0.0922751344578961,0.359377800404228
"PTI98_006432",10.0770327767483,-1.16053478549285,0.691583368516639,-1.67808371098057,0.093330758189436,0.359377800404228
"PTI98_010312",13.3458810248513,-1.05234758408164,0.624867209149432,-1.6841139504089,0.0921596488054204,0.359377800404228
"PTI98_011741",5.19430857686215,-1.62652788483366,0.969575202120942,-1.6775675381091,0.0934315544226406,0.359377800404228
"PTI98_012670",24.1011716861864,0.835204363888138,0.496444779288416,1.68237112914207,0.0924968961604749,0.359377800404228
"PTI98_000819",12.3283007154861,-0.866502927888317,0.519562722394915,-1.66775422973801,0.0953645252461175,0.364211325142087
"PTI98_010044",11.1841840973433,-0.989737181124032,0.593310686143347,-1.66816004538456,0.0952839600185107,0.364211325142087
"PTI98_004961",50.3017076647836,0.813796001682375,0.491753665080409,1.65488548326184,0.0979477294725643,0.372755140077568
"PTI98_003914",8.93499858154766,-1.33177089245273,0.806511414008592,-1.65127345914852,0.0986827491792017,0.374230003049296
"PTI98_007014",9.1651959793473,-1.41724489244177,0.861829583586978,-1.64446071408122,0.100081072834106,0.375565559032518
"PTI98_008951",11.7424137029385,0.911475838960148,0.554200744008183,1.64466729576727,0.100038440662278,0.375565559032518
"PTI98_010727",23.7418398600765,-0.930430096063753,0.564803104058226,-1.64735301449022,0.0994855069651587,0.375565559032518
"PTI98_000586",24.8962754610536,0.939176179264538,0.572382475104604,1.64081924257535,0.10083494263502,0.376085452969792
"PTI98_013487",20.6765607576042,-0.963677039209971,0.587457744737612,-1.64041932861128,0.100918009199879,0.376085452969792
"PTI98_002669",6.58664347939519,1.03789884297288,0.635623439151236,1.63288321204582,0.102493561589314,0.379331841346016
"PTI98_010371",28.14303697961,0.864670934615533,0.529070143197848,1.63432192447909,0.102191272452878,0.379331841346016
"PTI98_003431",9.72774277180892,1.04611333591032,0.645245913558365,1.62126301605116,0.104961243160614,0.387134448232811
"PTI98_001352",8.80908228717495,1.05243987436982,0.650947420545523,1.61678169565189,0.105925411903256,0.388823232802053
"PTI98_001845",12.0406540856401,-0.859029632686502,0.53164901643353,-1.61578335731559,0.106141161043457,0.388823232802053
"PTI98_000887",202.973878002236,-1.2117150572071,0.750996545141024,-1.61347620711032,0.106641088350285,0.389330346282228
"PTI98_001208",14.1568676151767,-0.888170806861516,0.552247231757408,-1.60828476049595,0.107772826754384,0.389790325383555
"PTI98_012078",8.67682152376767,-2.62856016645318,1.63230879348446,-1.61033266312438,0.10732525221131,0.389790325383555
"PTI98_012472",11.8485021439913,-1.4272426910049,0.887633268824712,-1.60791933012456,0.107852847692014,0.389790325383555
"PTI98_004345",24.9619311878194,0.791859514246055,0.494871193086573,1.60013257047178,0.109569176863295,0.394668907965783
"PTI98_004833",6.35040708385725,1.15059951461555,0.722056254084268,1.59350397992851,0.111047176204153,0.398659362572909
"PTI98_011099",36.0221161024486,-1.29246402160585,0.812079227371857,-1.59154917161059,0.111486038578208,0.398905194514054
"PTI98_006760",10.9697131580348,-0.913546480716293,0.575358208620027,-1.58778734191939,0.112334434743288,0.400609888140798
"PTI98_012636",7.40708419593293,1.38411224172318,0.874025737595583,1.58360581638114,0.113283449502021,0.402660973972529
"PTI98_003811",42.5091892421765,-0.751420267904701,0.475200916821715,-1.58126855674106,0.113816645825516,0.403225419585793
"PTI98_006087",9.61810543766002,1.02247907850816,0.647528276458499,1.57904931055732,0.114324747049261,0.40369754941657
"PTI98_005250",30.5474871287534,-1.02971778457605,0.654420231908451,-1.57348097501988,0.11560749017029,0.405567644669064
"PTI98_011242",14.8180063484297,-0.885619928577418,0.562300643877403,-1.57499362346544,0.115257916410893,0.405567644669064
"PTI98_000142",11.187783618406,-1.1212919453649,0.714001608968977,-1.57043335936462,0.116314326656219,0.406722499379051
"PTI98_006138",29.5949915426845,0.693563400696468,0.442555909270199,1.56717690616807,0.117073346882961,0.408051762436727
"PTI98_003621",8.4206252495806,1.03101348375243,0.659774981209545,1.56267441645377,0.118129194868888,0.40984161138196
"PTI98_004030",13.5252424378002,-1.19340443854722,0.764937700943213,-1.56013285405554,0.118728489091153,0.40984161138196
"PTI98_001319",48.3285184961122,0.75055803524767,0.480879620641677,1.56080233603191,0.118570396108093,0.40984161138196
"PTI98_005131",25.8342588960321,-0.878751048438221,0.568233553145744,-1.546461034505,0.121993263604683,0.419765958154134
"PTI98_001685",8.57324787886303,-1.09226382393743,0.707239500606122,-1.54440443866799,0.122490385425792,0.42013422007509
"PTI98_005797",22.690616675629,0.775293786627317,0.502572853945984,1.54264954929429,0.122915828916827,0.42025507220134
"PTI98_004488",24.5230039093978,0.971571575612814,0.632098810633764,1.53705648431561,0.124279477939421,0.420822259584161
"PTI98_007882",9.97676834276866,-0.87465671084559,0.570638907401435,-1.53276739370714,0.125333177210174,0.420822259584161
"PTI98_006339",58.3981198162408,-0.78036953582705,0.509249831163267,-1.5323903673065,0.125426133079402,0.420822259584161
"PTI98_010286",9.37287189800565,-0.907171115111919,0.590177390682646,-1.53711600856585,0.124264903410952,0.420822259584161
"PTI98_011955",11.7039701468358,-1.25160395462878,0.81362174125844,-1.53831183602949,0.123972387126583,0.420822259584161
"PTI98_013192",5.08099314726463,-1.85156447858673,1.20600669489633,-1.53528540631019,0.124713737282902,0.420822259584161
"PTI98_003545",18.3633692112681,-1.45611730297581,0.952613493803863,-1.52854994438659,0.126376053105703,0.421210256610779
"PTI98_005188",36.2845368426549,-1.004734891048,0.657041762872448,-1.52917964705244,0.126219914730179,0.421210256610779
"PTI98_006225",10.2734547932015,-0.948943462788,0.621367799582465,-1.52718480652788,0.126715063270095,0.421210256610779
"PTI98_000359",20.2997229824823,-0.955113829396334,0.6310727917213,-1.51347648310298,0.130158670303419,0.42868773063236
"PTI98_001422",23.5509666271785,-0.722425069326743,0.477131889287465,-1.51409932043233,0.130000651009566,0.42868773063236
"PTI98_001518",8.13201823217684,1.0483276457253,0.691740644792123,1.51549233606237,0.129647769707532,0.42868773063236
"PTI98_005891",14.0481037509021,0.842999234425168,0.558208900615624,1.51018594202898,0.130995984772872,0.430130108537753
"PTI98_001296",7.54592506370346,-1.1563598188957,0.771773899500319,-1.49831423379876,0.134051627662775,0.438825541011578
"PTI98_009804",16.7842879050207,0.853142493730644,0.570887449233239,1.49441452054429,0.135067308622501,0.440810579958889
"PTI98_002629",8.62491191047089,1.09683451658368,0.739734887825153,1.48274001217978,0.138143499506592,0.445773872972224
"PTI98_003426",9.30443761503397,0.886419050307788,0.597977009174417,1.48236309541667,0.138243708052668,0.445773872972224
"PTI98_001272",19.2003231897125,-1.62041964160346,1.0926709630275,-1.48298956999252,0.138077181910778,0.445773872972224
"PTI98_010206",10.3627152082348,1.00970167543997,0.681126506798202,1.48239962086678,0.138233994805094,0.445773872972224
"PTI98_000564",31.9870729413615,0.813074942376335,0.550671950290361,1.47651417862779,0.139805911797333,0.449465573151424
"PTI98_008806",16.2154378752977,-0.960167398174277,0.65157508159698,-1.47360975779023,0.140586692591814,0.450630559289834
"PTI98_000705",14.145474741967,-1.34794139026303,0.922902449101226,-1.46054590230607,0.14414010170104,0.453770521931647
"PTI98_001870",11.7906699814461,-0.838345768758424,0.572646766984477,-1.46398411218333,0.143198289434132,0.453770521931647
"PTI98_007815",14.5722240341172,-0.972853472904461,0.667412049765511,-1.45765044734548,0.144936916940099,0.453770521931647
"PTI98_006541",20.5504876760689,0.992240004661196,0.678180864619084,1.46309053591259,0.143442607183263,0.453770521931647
"PTI98_008699",34.4590819836923,0.69787204215334,0.47672051664462,1.46390184140864,0.143220770199376,0.453770521931647
"PTI98_010773",10.1085070544318,0.810901204397055,0.555905371787777,1.45870366711734,0.144646686353028,0.453770521931647
"PTI98_010893",32.7401587794242,-0.734332055357678,0.500344576427367,-1.46765267368553,0.142198592253369,0.453770521931647
"PTI98_011915",31.8402347219874,0.880364067359508,0.603282859277707,1.45928904463412,0.144485569411344,0.453770521931647
"PTI98_002519",12.8767542330095,0.803800081616388,0.556553543200494,1.44424573598811,0.148669863853005,0.454879100482063
"PTI98_003111",35.8311379224453,0.709011936326524,0.490785451786427,1.44464741924555,0.148556946116495,0.454879100482063
"PTI98_000195",8.20819514071454,-1.06565869089269,0.73502266742109,-1.44983105709063,0.147105636601045,0.454879100482063
"PTI98_005352",8.4177990711246,0.875133991088298,0.602731544179019,1.45194655819834,0.146516465473178,0.454879100482063
"PTI98_007028",7.18726438801316,-1.30633633640568,0.903707190109685,-1.44553053323293,0.148308923015403,0.454879100482063
"PTI98_011026",9.56712013328105,-0.913865609107555,0.62980102079097,-1.45103862797781,0.146769104282483,0.454879100482063
"PTI98_011348",9.46232583800228,-0.905368746324616,0.626331321134772,-1.44551089139896,0.148314435995117,0.454879100482063
"PTI98_013183",22.2556237080099,0.810843661614058,0.557684182024025,1.45394774990969,0.145960792882963,0.454879100482063
"PTI98_001230",53.9658006334347,0.733221698982233,0.508761775886485,1.44118865397197,0.149531392895221,0.455939283576508
"PTI98_006235",9.72459760391775,-0.765876784755403,0.531853202537908,-1.44001536721181,0.149863051426262,0.455939283576508
"PTI98_008672",6.45954685768165,1.05061263169193,0.731161303526061,1.4369095117935,0.150743706854997,0.457326682486851
"PTI98_001526",41.0331990569039,-0.656031686123158,0.457957935161281,-1.43251516297478,0.151996441790274,0.459831932045294
"PTI98_003314",38.2735489906287,0.882775997144136,0.619518978415936,1.42493777898674,0.154175187816017,0.461240770216251
"PTI98_001516",14.7263374084308,0.896904527566299,0.629173267132936,1.42552866502638,0.154004440126618,0.461240770216251
"PTI98_006449",38.2223070992066,0.775850291163627,0.543413460073332,1.42773476950484,0.153368214417661,0.461240770216251
"PTI98_008855",10.2532521626629,-0.915680185923121,0.64134511430405,-1.42774953063572,0.153363964148734,0.461240770216251
"PTI98_000780",12.8951692812787,-0.88485338133283,0.62369792757085,-1.41872105424354,0.155980356510421,0.464063104866638
"PTI98_007500",9.21768928663912,0.838897371295413,0.590784636309172,1.41997154248337,0.155615966007789,0.464063104866638
"PTI98_000474",17.0836630743604,0.74169967430945,0.52654311414074,1.40862097402949,0.158947273577016,0.466726542690795
"PTI98_000753",29.4610130202256,-0.736092069310279,0.52121761419304,-1.41225478430907,0.157874954732789,0.466726542690795
"PTI98_001404",60.7356654536227,0.664774704347231,0.47204068701925,1.4082995865145,0.159042378057123,0.466726542690795
"PTI98_004867",111.982909308368,-0.576748287984029,0.408799865359123,-1.41083287167271,0.158293899425586,0.466726542690795
"PTI98_012381",8.31579376724746,-1.16479882949994,0.824157797401217,-1.41332015928606,0.157561609180825,0.466726542690795
"PTI98_011819",22.6587871009238,0.724200152670146,0.515470464110386,1.40493045303768,0.160041959930573,0.468383670775073
"PTI98_002652",7.50966615839958,-0.920928902945477,0.659905557875533,-1.39554651715659,0.16285109756076,0.469598618346594
"PTI98_003448",7.23524501581662,-1.12800488497419,0.80871599405245,-1.39480966528409,0.163073243511259,0.469598618346594
"PTI98_001078",11.7720498589571,-0.924880824487462,0.661243218574063,-1.39869990119811,0.161902993879179,0.469598618346594
"PTI98_010039",14.4734551550423,0.79535328118624,0.570065115266189,1.39519725008055,0.162956366057252,0.469598618346594
"PTI98_011980",14.0443477254228,-1.01766722763226,0.72613045254456,-1.40149366283438,0.161066501271148,0.469598618346594
"PTI98_012407",10.394711893464,0.765969313711178,0.548482313273335,1.39652509328858,0.162556429563637,0.469598618346594
"PTI98_005781",18.7961770288358,-0.881462249891746,0.63265530684607,-1.39327409468204,0.163536921201211,0.469678037689879
"PTI98_010728",45.0360093859885,0.622413918140904,0.447411013272935,1.39114572434812,0.164181241829866,0.470274461305229
"PTI98_007674",6.33099766744768,-1.01777564181061,0.736232953030407,-1.38240978975655,0.166845911878599,0.474124134810688
"PTI98_006316",46.0554258621081,0.672070421629725,0.485201560229051,1.38513656327168,0.166010713600561,0.474124134810688
"PTI98_010158",26.5930030833474,0.761663605593746,0.550933089670671,1.38249747541764,0.16681900510636,0.474124134810688
"PTI98_006291",13.5878729482506,-0.656908546711695,0.478538982158575,-1.37273779400068,0.169833875358385,0.481344957265738
"PTI98_006657",5.59922762774551,1.2310578157007,0.899189937774914,1.36907427895268,0.170976057441531,0.482045062472589
"PTI98_009822",13.9289941081225,-0.678595220561655,0.495461363926006,-1.36962288075201,0.170804653371771,0.482045062472589
"PTI98_003091",17.2689318389468,-0.774012020208081,0.567974914126958,-1.36275740522418,0.172958979344424,0.486362456276618
"PTI98_005328",9.56948660853302,-0.725763378092858,0.533354666870956,-1.36075190332675,0.173592106039705,0.486871609908236
"PTI98_003965",39.1847895130568,0.702351304798981,0.520006289657544,1.35065924925932,0.176804611783265,0.49214418008468
"PTI98_000703",6.37370865492594,-0.997624204385023,0.739465349502661,-1.34911555363073,0.177299853178139,0.49214418008468
"PTI98_001954",21.2946203331385,-0.683137206684829,0.505071372300223,-1.35255578547968,0.176197585682198,0.49214418008468
"PTI98_008483",7.61692856575062,-0.903884516477682,0.669981098571564,-1.34911942800299,0.177298608927693,0.49214418008468
"PTI98_008399",35.5024368596359,0.64249972556948,0.478457701958387,1.34285585317082,0.179318653731882,0.49646835493377
"PTI98_006361",26.5536271135707,0.736650683070124,0.549618226355992,1.34029522265695,0.180149384041926,0.497489452854241
"PTI98_011215",9.83997069737583,-0.967110913715359,0.72290062943723,-1.33781999120438,0.180955123469425,0.498436490988672
"PTI98_005098",10.4869455946583,-0.881551282552033,0.660837499529957,-1.33399100865049,0.182206803271073,0.499647547734106
"PTI98_008113",16.4013615891112,0.690073699859992,0.517834902550295,1.33261334155237,0.182658724640301,0.499647547734106
"PTI98_012829",4.75360467211451,2.65218916201184,1.99079810535192,1.33222407379326,0.182786568066144,0.499647547734106
"PTI98_005177",28.8417761643727,-0.788066381028379,0.592435808614597,-1.33021395663314,0.183447787020468,0.500185485116567
"PTI98_001716",13.3011991780482,0.865111165036693,0.652893470209193,1.32504183991839,0.18515727450087,0.502303235862563
"PTI98_004697",35.3090748485414,0.674861626316602,0.508779936563682,1.32643128751232,0.184696881017346,0.502303235862563
"PTI98_001301",15.4231587360485,-0.775332305408459,0.586389227217791,-1.32221444293432,0.186096753009441,0.503583424600925
"PTI98_002744",9.88054805695078,0.786015535059645,0.597354609931264,1.31582735278479,0.188231996376419,0.506814650243509
"PTI98_003427",17.6592370723406,0.68825602491052,0.522680123165611,1.31678247250364,0.187911549645503,0.506814650243509
"PTI98_003207",27.7923453179128,-0.696281295469306,0.5319213074732,-1.30899305157913,0.190536704431495,0.509201068666799
"PTI98_001563",11.847413088188,-1.89618957831933,1.44810638130488,-1.30942698878979,0.190389754333134,0.509201068666799
"PTI98_005925",13.2249722394912,-0.713065289728032,0.543965888150498,-1.31086398110822,0.189903721755589,0.509201068666799
"PTI98_011981",67.0423173513795,-0.508457442980885,0.389345053313937,-1.3059301477009,0.191576313194741,0.510712102254296
"PTI98_004895",8.55276308141339,0.900319562415629,0.691469827025227,1.30203738070379,0.192903607450664,0.511717204986121
"PTI98_007963",52.2888900301009,0.718619906608,0.551833411029211,1.30224066220949,0.192834128948805,0.511717204986121
"PTI98_007596",7.53659038122207,-0.827631681602808,0.637062556505218,-1.29913722467541,0.193896840214418,0.51308819879835
"PTI98_005122",16.2690927921224,-0.862296521700592,0.666091965274478,-1.29456076135863,0.195471795820487,0.515514975845283
"PTI98_007808",15.4963621978308,-0.72498065118034,0.561596392043643,-1.29092825639806,0.196728556241793,0.515514975845283
"PTI98_006071",10.0647416976431,-0.931337439293464,0.720468910166386,-1.292682343612,0.196120946890521,0.515514975845283
"PTI98_012730",34.7430316641644,0.577826583989971,0.447288141178169,1.29184418452937,0.196411110348868,0.515514975845283
"PTI98_001846",32.7370638247655,-0.707882634342156,0.551200765861612,-1.28425553479707,0.199052559488248,0.518209322067401
"PTI98_004450",8.20635528892409,-0.786586669711501,0.613342168069982,-1.28245979269071,0.199681400796631,0.518209322067401
"PTI98_011703",8.9203720335896,-2.3765569618601,1.84987657695688,-1.28471109449347,0.198893259885186,0.518209322067401
"PTI98_013610",186.168763255585,0.836024714303114,0.651374957151616,1.28347690546617,0.199325045569257,0.518209322067401
"PTI98_002463",14.9245810213473,0.780954104655816,0.610486820246395,1.27923171927056,0.20081546916732,0.519899664166356
"PTI98_005263",26.9490988978348,0.637173872897897,0.498848582850699,1.27728913101593,0.201500189447343,0.52042135260141
"PTI98_007471",12.4327701103542,0.681825390826342,0.535003658111119,1.27443126881336,0.202510616534305,0.521779746429299
"PTI98_008833",11.4103401861455,0.932225111079781,0.733980936907416,1.2700944455147,0.204050989949728,0.524493833355267
"PTI98_006668",7.40649098288086,-0.859363431194025,0.680718013669383,-1.26243674170111,0.206791675309792,0.53027293883011
"PTI98_000100",15.0263052267208,-1.12157454459381,0.896370902637446,-1.25123934890538,0.210847166063343,0.531808894262812
"PTI98_001144",8.90550049705185,-0.820035399725368,0.655094259870565,-1.25178230059197,0.210649201246325,0.531808894262812
"PTI98_005745",12.2587841006298,0.886362655916007,0.705872011545933,1.25569882559132,0.209225185182119,0.531808894262812
"PTI98_006204",7.80785533803053,-0.969631389815129,0.773742551175383,-1.25317056473393,0.210143639837314,0.531808894262812
"PTI98_006864",14.8008638165866,-0.646224515046766,0.516393783095309,-1.2514180770598,0.210781985400995,0.531808894262812
"PTI98_008660",9.06889102632521,0.867644324142241,0.689471907908002,1.258418674047,0.208240381888955,0.531808894262812
"PTI98_009897",26.3087767524924,0.591026290592727,0.469948721568086,1.25763995829298,0.208521995476814,0.531808894262812
"PTI98_005622",9.68438329974571,0.958940249659088,0.768237284279573,1.24823445735044,0.21194520870089,0.533329415352474
"PTI98_005592",12.1602477607456,-0.986546169867039,0.795813915360666,-1.23966941369696,0.215097694676395,0.538744691084831
"PTI98_009698",291.944336984043,-1.10960851143644,0.894902294884826,-1.23992140569853,0.215004465598553,0.538744691084831
"PTI98_003450",13.7678684831435,0.937182986861689,0.759423272935729,1.23407198628347,0.217176081186818,0.539028193167886
"PTI98_003526",8.04505679611693,0.801936040987069,0.652627190525053,1.22878122859376,0.21915384134491,0.539028193167886
"PTI98_000791",46.5147070223623,0.723060032468489,0.589285115363806,1.22701221126567,0.219818001305975,0.539028193167886
"PTI98_001789",12.4486111233867,0.765709899049469,0.62227434035257,1.23050212646665,0.218509131195071,0.539028193167886
"PTI98_005065",17.9539703811469,0.76881797992176,0.623866682547919,1.23234338590073,0.217820839440734,0.539028193167886
"PTI98_005736",15.0737666692949,-0.70722228922088,0.574035688066843,-1.23201798062863,0.217942367530566,0.539028193167886
"PTI98_006317",25.0756891484039,0.59410726248705,0.485659878445656,1.22329903880155,0.221216770083756,0.539028193167886
"PTI98_006800",30.417016845401,-0.764458776711771,0.622899098764912,-1.2272594040151,0.219725108528482,0.539028193167886
"PTI98_008953",6.84309155198608,1.06540638226112,0.870830765308041,1.22343677406051,0.221164770924005,0.539028193167886
"PTI98_010031",14.9335554413984,-0.858022655740828,0.698818180511844,-1.22781959552394,0.219514697952101,0.539028193167886
"PTI98_010147",8.7628225934784,-0.749561371966385,0.606841737404913,-1.23518427584067,0.216761929956617,0.539028193167886
"PTI98_012511",8.92192216640545,-0.710482370078126,0.580251295955266,-1.22443909221859,0.220786629830056,0.539028193167886
"PTI98_001238",96.0163910918843,0.481436347639888,0.394150614403723,1.22145273924845,0.221914649257224,0.539508075056503
"PTI98_004742",13.2000118993911,0.937369572034901,0.770939121607528,1.21588014638606,0.224030582101133,0.542390685695542
"PTI98_008737",25.0197064721855,0.620955991183577,0.511345234591382,1.21435763780958,0.224611184605582,0.542390685695542
"PTI98_010910",14.5842636407734,-0.733414449260117,0.603921363464299,-1.21442044217976,0.224587213170008,0.542390685695542
"PTI98_002513",10.5171246290864,0.706355446940662,0.584049120229869,1.20941102807013,0.226504973915495,0.543666131360023
"PTI98_000511",26.8897524423726,0.575446200210965,0.475959418377735,1.20902366460637,0.22665375392818,0.543666131360023
"PTI98_007898",43.4515872451648,-2.28147235793455,1.88508552323096,-1.21027525267087,0.226173290435978,0.543666131360023
"PTI98_007767",9.37633978294032,-0.871252110446578,0.723156350127789,-1.20479079011423,0.228284076303871,0.545688010512492
"PTI98_006819",17.4101950201188,0.708827395049063,0.589675717711001,1.20206305560721,0.229339098726895,0.545688010512492
"PTI98_009589",12.5842491037549,-0.648962689780787,0.539456694168931,-1.20299311658475,0.228978984270359,0.545688010512492
"PTI98_010985",8.08397292644507,-0.918211723067736,0.764165479832923,-1.20158754523758,0.229523369324196,0.545688010512492
"PTI98_010571",7.08100275539224,-1.03562284572079,0.863216709655693,-1.19972520705011,0.230246079957617,0.546200502454524
"PTI98_002696",7.83667640948144,-0.765046793898039,0.642485446039071,-1.1907612827879,0.233747312221234,0.548425052880987
"PTI98_003859",19.0878297496896,-0.704037723983194,0.591334407682096,-1.19059150767646,0.23381398709629,0.548425052880987
"PTI98_001683",6.40070735509969,0.803570482111296,0.675547586695424,1.18950981091076,0.234239112651118,0.548425052880987
"PTI98_007473",11.7222419997992,0.732988504266994,0.613047590891613,1.19564698590682,0.231834347545147,0.548425052880987
"PTI98_009996",8.19692061258668,-0.771860893126696,0.647065248600255,-1.19286408101254,0.232922608484288,0.548425052880987
"PTI98_011498",35.5895995825921,0.623322677658802,0.522284579533096,1.19345410928278,0.232691574506028,0.548425052880987
"PTI98_001497",23.1797893953486,-0.747032156149313,0.629354183235747,-1.18698210967398,0.235234677329927,0.549561274369482
"PTI98_011639",70.5459629914785,-0.390004818167735,0.329821553983006,-1.18247219885402,0.237018390342498,0.55252988398024
"PTI98_005281",106.285442620575,0.475731313183219,0.403681106021119,1.1784829809655,0.238604113306319,0.555025118857246
"PTI98_013283",11.5609183955382,1.92039404101273,1.63218958133919,1.17657535801513,0.239365038041796,0.55559514217891
"PTI98_002869",17.8759434668861,-0.751658708550819,0.641376971113893,-1.17194527150764,0.241219029563998,0.556301702013759
"PTI98_001658",19.3021094012242,-0.618631981800139,0.526788486131823,-1.17434605745224,0.240256442226485,0.556301702013759
"PTI98_004756",19.2923561313895,0.735113830199396,0.627026316197671,1.17238114447441,0.241044066271022,0.556301702013759
"PTI98_003999",9.18518606309598,0.723371752381925,0.618094145407575,1.17032616755321,0.241869735228568,0.556610480429845
"PTI98_013276",6.19363648400709,-1.00984489424517,0.86533930954116,-1.16699297386667,0.243213206989713,0.558508793023286
"PTI98_006501",20.9764763885687,0.864203449846531,0.741861751786704,1.16491172076897,0.244054728618733,0.559248814302927
"PTI98_000955",21.9547594349752,0.54269341887957,0.467956928794662,1.1597080532121,0.246167690256253,0.562892998738821
"PTI98_005260",10.3941940112542,0.694349575270629,0.600395505633376,1.15648696360266,0.247482028846243,0.563505592108675
"PTI98_011953",35.7639861591527,-0.634353654755376,0.548330749233195,-1.15688141809023,0.247320811528074,0.563505592108675
"PTI98_003959",45.7220563119074,0.570755185321088,0.495170182472918,1.15264449581898,0.249056331874043,0.56505761418643
"PTI98_000481",13.9018639413724,-0.842724658573759,0.73136477777078,-1.15226311710335,0.249212968188073,0.56505761418643
"PTI98_001115",47.8873129619265,-0.572032935250292,0.497689523485893,-1.1493770880361,0.250400523504155,0.565369735459067
"PTI98_006149",45.0912897238176,0.74466288105429,0.64739590033548,1.15024343013047,0.250043623122385,0.565369735459067
"PTI98_000547",52.3918223221866,1.68925833054633,1.47847626137912,1.14256709740513,0.253218372928125,0.566745992655662
"PTI98_004926",21.1662809696048,-0.777568221450961,0.678975446476529,-1.14520815956758,0.252122939122634,0.566745992655662
"PTI98_007431",17.0449314062932,0.643157753643242,0.563307797337836,1.14175191020393,0.253557156770641,0.566745992655662
"PTI98_008370",32.2299473499956,-0.598985662034056,0.524379112269499,-1.14227597556596,0.253339324113283,0.566745992655662
"PTI98_008598",17.1013004718674,0.552295707988855,0.483812185010884,1.14154981023562,0.253641196341717,0.566745992655662
"PTI98_002809",8.99160565459894,-0.805047955973358,0.710000931877734,-1.1338688723186,0.256849555891077,0.568447600331463
"PTI98_002907",21.1874399355985,-0.603026962357798,0.531347830535349,-1.13490058244941,0.256416975869256,0.568447600331463
"PTI98_001817",23.2654567180044,0.637781163018592,0.561172470556991,1.13651541456687,0.255740918033576,0.568447600331463
"PTI98_004858",15.5051984387766,-0.768208660565227,0.67845590645574,-1.13228973799986,0.257512643019715,0.568447600331463
"PTI98_010962",11.013678654876,-0.733137519471829,0.648278203160225,-1.1308995364921,0.258097378423477,0.568447600331463
"PTI98_011286",29.5505463019479,-0.582184505064184,0.512026882664202,-1.13701941201785,0.255530170733669,0.568447600331463
"PTI98_011318",59.3298575913556,0.52484976562328,0.463860053454578,1.13148300163914,0.257851853975476,0.568447600331463
"PTI98_003524",24.170650258125,0.672911810370058,0.59601012117473,1.12902748873418,0.258886237808937,0.569021383918827
"PTI98_010272",10.9252890494301,-0.558802847905106,0.49627566419221,-1.12599284676727,0.260168547132902,0.570675204199869
"PTI98_005642",10.4398005182991,-0.641206401234179,0.570811159889348,-1.123324921255,0.261299523308416,0.570830804468892
"PTI98_013450",15.2355748758461,-0.646863245717362,0.575727665923472,-1.12355768882461,0.261200714291458,0.570830804468892
"PTI98_001225",10.7116940485974,-0.652832898673061,0.58526009594729,-1.11545773100488,0.2646543221397,0.574968873517162
"PTI98_001337",14.4276969677403,-0.651933645448693,0.583860565285857,-1.11659133055083,0.264169100113731,0.574968873517162
"PTI98_006872",8.30002505118233,-0.896440874591339,0.803890136629388,-1.11512859002103,0.264795321508368,0.574968873517162
"PTI98_000814",11.4694404765052,-0.724778705619203,0.651990350308214,-1.1116402340565,0.266292866206785,0.575898427519493
"PTI98_005582",6.74047319014989,-0.75978008876761,0.682774035622683,-1.11278409712036,0.265801166993227,0.575898427519493
"PTI98_002681",8.4858595279358,-0.721440769333796,0.654629939569858,-1.1020589278392,0.270436053801751,0.583686633155283
"PTI98_006037",11.3669568354923,0.601241373976837,0.547084999820592,1.09899078602777,0.271772084904049,0.585397070883322
"PTI98_004819",40.0780783428552,-0.692342682848834,0.633786896608908,-1.09239033901337,0.27466156758559,0.589677351749351
"PTI98_010208",6.91589334993229,0.61012407960597,0.558746307023274,1.09195187858406,0.274854253090227,0.589677351749351
"PTI98_002311",10.8872710946035,-0.710047701782554,0.66004390985976,-1.07575828088985,0.282035374813152,0.592857338444464
"PTI98_000399",9.9438666544056,-0.96750040179983,0.899191069727565,-1.07596753834862,0.281941774521308,0.592857338444464
"PTI98_001508",12.6732702386988,-0.65966686633712,0.612179052152871,-1.07757177253493,0.281224904890442,0.592857338444464
"PTI98_001549",8.32581333916057,-0.606391611478614,0.55972659493717,-1.08337109039223,0.278643742272126,0.592857338444464
"PTI98_001590",26.4221621966869,-0.567446743481177,0.525447546075989,-1.0799303331395,0.280173204485109,0.592857338444464
"PTI98_004429",7.61168904537822,-0.905648993735275,0.844422854005489,-1.07250649297252,0.283492599163323,0.592857338444464
"PTI98_004628",28.3073930621601,0.539025807434322,0.501942236527823,1.07388015633636,0.282876398204908,0.592857338444464
"PTI98_004871",13.1707709083196,-0.616033748791152,0.567770316379311,-1.08500520548453,0.277919349748137,0.592857338444464
"PTI98_007450",9.94419571176921,-0.722277588906217,0.668037118312397,-1.08119379763035,0.279610916418527,0.592857338444464
"PTI98_008017",7.99303462238429,-0.736257206305462,0.680207867623096,-1.08240030930284,0.279074690916719,0.592857338444464
"PTI98_006123",6.7165037625762,-1.03020408049603,0.95943888986662,-1.07375685035996,0.282931673962793,0.592857338444464
"PTI98_006283",19.4179415487304,0.684049984548735,0.631780327512652,1.082733910443,0.278926547777581,0.592857338444464
"PTI98_011781",7.99812953667733,-1.07191189992709,0.999298398598793,-1.07266448283127,0.283421681489625,0.592857338444464
"PTI98_010946",12.6256858788113,0.510793563879308,0.47742975979108,1.06988212067641,0.284672371884016,0.594170822711405
"PTI98_010109",11.1815627350793,-0.598837902134658,0.560860999223035,-1.06771179127134,0.285650537936389,0.595059244405205
"PTI98_006304",17.2609028095054,-0.609053292784308,0.571695466265509,-1.06534567566686,0.286719530349525,0.596133077579997
"PTI98_000578",8.44065624079962,-0.897381327706791,0.849838684143106,-1.05594313891656,0.290994193688797,0.603855003088313
"PTI98_001374",56.7476747106655,0.415249467745965,0.39394125106415,1.05408983350755,0.291841790277583,0.604449246401841
"PTI98_002984",9.78875519897469,0.679394732478753,0.652608307267136,1.04104517964809,0.297854580363179,0.614539047990697
"PTI98_008811",20.1156432193896,-0.716162055249928,0.687394190764482,-1.04185060751452,0.297480946837399,0.614539047990697
"PTI98_011926",6.93592743018548,0.720006404913498,0.693536667020348,1.03816631355177,0.29919263275952,0.616119436868076
"PTI98_001583",7.53319386602285,-0.702708396085067,0.680251152019562,-1.03301316579742,0.301597737407902,0.619886952649448
"PTI98_005621",7.41293822757759,-0.746416354248162,0.725026521941854,-1.02950213772735,0.303243775756199,0.621201686919548
"PTI98_011921",8.98085338693222,-0.646834272929419,0.628489443602716,-1.02918876285582,0.303390981726725,0.621201686919548
"PTI98_006441",56.820510713098,-0.477065878752745,0.465034214480578,-1.02587264312499,0.304951619152018,0.623212322251846
"PTI98_003162",9.27994659030743,0.638519927275718,0.625919656514666,1.02013081172624,0.307666425604367,0.626378201382747
"PTI98_001215",50.2825386677865,-0.448142670293212,0.439824091064903,-1.01891342333742,0.308244070408498,0.626378201382747
"PTI98_006458",11.9338559094173,-0.694217719407888,0.681333479963962,-1.01891032779515,0.308245540141928,0.626378201382747
"PTI98_002804",54.1104230874197,0.459483577301058,0.456645954357436,1.00621405471032,0.314312612734663,0.627198097920011
"PTI98_003051",16.1767249171893,0.48813924678978,0.485869391605855,1.00467173940804,0.315054940552206,0.627198097920011
"PTI98_000851",46.7470791138482,0.529160604409471,0.520691071495475,1.01626594611978,0.309502760370902,0.627198097920011
"PTI98_001088",10.6728552708786,-0.562443875911848,0.558682506990475,-1.00673256970517,0.314063306168062,0.627198097920011
"PTI98_001093",6.76540501904065,-0.768589391077307,0.762555923978815,-1.00791216343453,0.313496631798778,0.627198097920011
"PTI98_001367",191.747100078114,0.486429290385867,0.481745660771016,1.00972220405131,0.31262840136261,0.627198097920011
"PTI98_001918",7.44520621448843,0.88169784938526,0.873568701334624,1.00930567686115,0.312828058421955,0.627198097920011
"PTI98_004839",7.33158486596622,-0.688694475278744,0.679899089884455,-1.01293630999827,0.311090583475634,0.627198097920011
"PTI98_007361",47.1948613532928,0.470582355591756,0.46435181982373,1.01341770507197,0.31086068607727,0.627198097920011
"PTI98_007534",16.4331499672278,0.596190836161001,0.59272064545973,1.00585468167484,0.314485478784722,0.627198097920011
"PTI98_010754",7.46901646204903,-0.743994360704965,0.733361115731607,-1.01449933020072,0.310344548863165,0.627198097920011
"PTI98_010832",5.42919778609143,-0.867320010521585,0.864712864788083,-1.00301504214829,0.315853603623258,0.62762791716282
"PTI98_011037",8.4919710412278,-0.63668549543792,0.635722411790358,-1.0015149436762,0.316577919160791,0.627908690490187
"PTI98_001383",13.9202882156377,0.468358565727336,0.468337889264542,1.0000441486014,0.317289142996404,0.628162512880748
"PTI98_000860",7.29497780621028,-0.993381291329025,0.998753747098458,-0.994620840437354,0.31992070761191,0.628837324375494
"PTI98_005111",51.7538167528378,0.516980831903315,0.519478326651253,0.995192302315983,0.319642744926016,0.628837324375494
"PTI98_009229",5.69196028435336,-0.743072592778145,0.747160484989996,-0.994528762837471,0.319965509524392,0.628837324375494
"PTI98_010310",7.02447184931004,-0.943341453867759,0.94750807191057,-0.995602551401585,0.319443294616603,0.628837324375494
"PTI98_004694",7.09300727581117,0.681496944346311,0.688236057942913,0.990208136410718,0.322072396442078,0.630321772288807
"PTI98_004869",21.6401920124958,-0.714532087987116,0.722371434365056,-0.989147762487548,0.322590851997914,0.630321772288807
"PTI98_006431",14.7922011259672,0.474576443760109,0.480250408557077,0.988185403498114,0.323061855434932,0.630321772288807
"PTI98_009455",11.6222616830418,0.520792844250619,0.526402212864746,0.989343949404012,0.322494888026257,0.630321772288807
"PTI98_001712",45.0978843677561,-0.457060905373332,0.463543271429455,-0.986015618269827,0.324125448779115,0.630818720184321
"PTI98_011884",7.85464971596214,-0.672184682497518,0.682229097348878,-0.985277064712731,0.324487995340867,0.630818720184321
"PTI98_003329",26.3292101563286,0.479596826978358,0.490141956327041,0.978485560738966,0.327834229351644,0.635119862093264
"PTI98_008047",8.78373212087143,-1.05548069209405,1.0787898929909,-0.978393196814045,0.327879891665603,0.635119862093264
"PTI98_001604",11.018301997046,0.640751267209149,0.65980168791544,0.97112705066506,0.331485014833396,0.635247973266134
"PTI98_005161",21.3990510384986,0.565819757983928,0.581950649693243,0.972281340835657,0.33091060393829,0.635247973266134
"PTI98_005166",24.7590077052086,-0.556770911218912,0.57130233745249,-0.974564385123338,0.329776387140054,0.635247973266134
"PTI98_005193",7.85087027071241,0.638709603627037,0.656878250120278,0.972340922400896,0.330880971774167,0.635247973266134
"PTI98_005849",25.4895380604413,0.476200358937777,0.490213835633039,0.971413543077245,0.331342387138404,0.635247973266134
"PTI98_011087",15.0309246759948,-0.585627090634101,0.601961680424436,-0.972864402633043,0.330620699069401,0.635247973266134
"PTI98_002459",6.02947178096253,-0.734890725772633,0.757897831414837,-0.969643526226676,0.332224209090366,0.635533700160434
"PTI98_002745",37.4960523084136,0.59739624169649,0.617477506275868,0.967478548813069,0.33330485975011,0.636470450267497
"PTI98_012059",9.23807665481167,-0.58193140437633,0.604899397011775,-0.962030061942684,0.336034503369947,0.640547186069793
"PTI98_001188",6.80419911773525,0.63578545286988,0.665430481273104,0.955449849026292,0.339350255395746,0.644585934852237
"PTI98_006571",10.1744125284275,0.536943138255502,0.561617594977004,0.956065378039816,0.339039205162531,0.644585934852237
"PTI98_004622",22.3368414255822,-0.592202198287243,0.621887984364623,-0.952265059265118,0.340962573348235,0.64616127459975
"PTI98_007602",33.9557658385788,0.439128168627947,0.462552287732421,0.949358981188254,0.342438065058222,0.64616127459975
"PTI98_006572",9.79797636637308,-0.710502416421223,0.749366663584729,-0.94813720832257,0.343059608258967,0.64616127459975
"PTI98_006878",17.4701715828221,0.531649423660681,0.561450797576177,0.946920773745179,0.343679151456327,0.64616127459975
"PTI98_007036",9.07662487338739,-0.820642357118883,0.866823158416239,-0.94672407993606,0.343779396792625,0.64616127459975
"PTI98_011667",51.8589341241405,0.479626693552427,0.505532737889379,0.948754962052288,0.342745253064256,0.64616127459975
"PTI98_000202",5.72245526720707,-0.730205680768958,0.774077694665352,-0.943323500730298,0.34551545888906,0.648292942898114
"PTI98_010711",20.3262714098098,-0.864938788154289,0.921489643446413,-0.938631046269145,0.347920207120139,0.650538303938177
"PTI98_012772",101.649354726827,-0.407975831726218,0.434346660881108,-0.939286216448874,0.347583813484866,0.650538303938177
"PTI98_003995",7.12749197232599,0.69737233186221,0.747033599020158,0.933522043422028,0.350550494503536,0.653853695004905
"PTI98_006773",8.53875689958515,-0.814264802587225,0.872896961860991,-0.932830377655612,0.350907554050915,0.653853695004905
"PTI98_003875",9.7280197468489,0.663767789134839,0.714268659028839,0.929297093949685,0.352735140845088,0.654613148479615
"PTI98_004991",15.880627908064,-0.654303037959692,0.705946460059212,-0.926845129168594,0.354006949815556,0.654613148479615
"PTI98_005226",15.017627765817,-0.601492049829004,0.649435568615409,-0.926176635368739,0.354354192723877,0.654613148479615
"PTI98_008075",26.1267478736086,-0.453156514220739,0.488407567683499,-0.927824514206539,0.353498605721697,0.654613148479615
"PTI98_012213",14.2798279537928,-0.603678550404454,0.65152940838933,-0.926556104193102,0.354157054768414,0.654613148479615
"PTI98_001052",7.25229612181701,-0.58611562711733,0.634737550734853,-0.923398381644142,0.355799634795305,0.655036250725715
"PTI98_009870",10.9084767340125,0.521788542758019,0.564622407689193,0.92413715015938,0.355414913242677,0.655036250725715
"PTI98_001747",9.43074064004805,-0.61292372036555,0.665343027120738,-0.92121461468976,0.356938389528104,0.656011340480833
"PTI98_001396",11.7982385336147,-0.496745286330847,0.541453112855271,-0.917429920591528,0.358917399891287,0.658524769476858
"PTI98_010950",9.12087020124141,-0.539727198234572,0.590904643119749,-0.913391364442526,0.361036745687276,0.661286692355777
"PTI98_007560",18.5293964786151,0.417854973462331,0.462260044362773,0.903939197337173,0.366027643123724,0.669289934879882
"PTI98_011716",10.219192173671,-0.555286637059743,0.619264863002461,-0.896686814051544,0.369886058681636,0.675198788474783
"PTI98_006439",45.2567122125206,0.445082215801509,0.500377681192433,0.889492542394873,0.373738429402072,0.678779575828046
"PTI98_009981",11.2996527482161,-0.541154787595885,0.607670332880754,-0.890540081215513,0.373175956571561,0.678779575828046
"PTI98_010527",8.62621654931401,-0.530238038662126,0.595496018856635,-0.89041407813304,0.373243585802723,0.678779575828046
"PTI98_004615",11.6347505803898,-0.507091330730652,0.573207583227392,-0.884655656290381,0.376342378971552,0.682358151771652
"PTI98_012295",26.214665018452,-0.600862560190236,0.681858809272923,-0.881212579523531,0.378202771850761,0.684578798795411
"PTI98_010812",19.4821109715927,-0.532908733770214,0.60671947314399,-0.878344535422124,0.379756774123548,0.686238331763526
"PTI98_009766",14.7370335112474,-0.479455790258918,0.550376277208915,-0.871141817177057,0.383676723800939,0.691632088273412
"PTI98_012550",21.4990762269382,-0.464052409729191,0.533085821861307,-0.870502254419222,0.384025987732126,0.691632088273412
"PTI98_003352",10.1705902487819,0.448978578030161,0.517063373170275,0.868324080426225,0.38521694317621,0.691741791174797
"PTI98_008924",34.4689270370963,0.41159658440348,0.474808253001496,0.866869060934758,0.38601375719225,0.691741791174797
"PTI98_011157",7.39095930550404,0.800951662904818,0.923767461946637,0.86704900951695,0.385915157235967,0.691741791174797
"PTI98_004489",11.0895675048197,0.51195076021465,0.591893295958084,0.864937588769218,0.387073045014679,0.692487823057822
"PTI98_007916",8.09620822926414,0.643825529397878,0.74744254557209,0.861371262864219,0.38903359813645,0.694841103139232
"PTI98_005988",6.74251662104025,-0.651531179949381,0.758749109253251,-0.858691195816503,0.390510909107492,0.695736973863777
"PTI98_006785",48.0119918942271,0.47228629456169,0.550374380444507,0.858118239770265,0.390827176590144,0.695736973863777
"PTI98_004666",11.5223489470851,-0.546260273541138,0.639823331193475,-0.853767355626417,0.393233905377713,0.697017208116638
"PTI98_006672",73.9017199803933,0.316220622847764,0.369637542599669,0.855488380925211,0.392280834081146,0.697017208116638
"PTI98_013574",7.09148959163658,-0.640836360120855,0.751001404511665,-0.853309136668733,0.39348789464709,0.697017208116638
"PTI98_011799",7.85105381619234,0.54484435246395,0.641876311542786,0.848830752383408,0.395975475572928,0.700271900151138
"PTI98_003395",9.90195538923311,0.489441744671474,0.584908055282991,0.836784072728613,0.402713951683862,0.705459575711048
"PTI98_003411",16.0002127298143,0.609398338734044,0.731507372993711,0.833072038959863,0.404804101940044,0.705459575711048
"PTI98_000572",9.03821146170177,0.564653368617655,0.677177642661054,0.833833447895267,0.404374844221283,0.705459575711048
"PTI98_001114",34.6125714563926,-0.421981346839064,0.506476296639192,-0.833170968985502,0.404748312995933,0.705459575711048
"PTI98_005095",23.7531392878316,-0.477014355322662,0.566465707412941,-0.842088672059593,0.399738321533059,0.705459575711048
"PTI98_007356",13.6868034534522,0.700069658516024,0.838524696112467,0.834882576221854,0.403783825957274,0.705459575711048
"PTI98_007814",12.1337488981806,0.567879950593868,0.676485768637242,0.839455871684992,0.401213542249787,0.705459575711048
"PTI98_008495",6.01450934566369,0.708867772216167,0.850116179662923,0.833848112968793,0.404366579201375,0.705459575711048
"PTI98_010054",7.17471527677164,0.533281331695086,0.635094133912626,0.839688643334962,0.401082983177067,0.705459575711048
"PTI98_003899",9.26331633869198,0.503043913433729,0.605188526029188,0.831218524142123,0.405850191995031,0.705826041753164
"PTI98_006477",10.7072234000931,0.652775938733408,0.786119039217555,0.830377978611399,0.406325112244161,0.705826041753164
"PTI98_011377",9.03996347530394,0.470601959655164,0.567569974104799,0.829152317998185,0.407018222288624,0.705891506288
"PTI98_012043",22.6777300748949,0.642454196636974,0.776774861335296,0.827079027161844,0.408192270666656,0.706789510463004
"PTI98_001565",11.7396809304141,-0.649725592635459,0.786676592723322,-0.825911942271265,0.408854045659669,0.706799048435736
"PTI98_001992",10.5795148586879,0.487842375160875,0.593589461703913,0.821851475867701,0.411161432707452,0.708629754029237
"PTI98_010708",14.9608037263116,-0.548128443598271,0.667039722304705,-0.821732837295535,0.411228965894404,0.708629754029237
"PTI98_002712",9.20536705960183,0.559113636449587,0.690074617670592,0.810221999378741,0.417812595782073,0.708841513340487
"PTI98_000342",8.31007774909585,0.580018265617371,0.712648427577437,0.813891174346759,0.415707297121408,0.708841513340487
"PTI98_001451",15.0413297577668,0.497926797180079,0.60874676060918,0.817953916800801,0.413383501612431,0.708841513340487
"PTI98_004698",10.638132863671,-0.474776786479236,0.581557434105593,-0.816388474526889,0.414277986401731,0.708841513340487
"PTI98_005258",8.63905460621151,0.523283727407297,0.644661019821189,0.811719200196782,0.416952774564638,0.708841513340487
"PTI98_005815",13.5691950452742,-0.597241171130044,0.732811691619656,-0.814999512098429,0.415072589361427,0.708841513340487
"PTI98_006713",8.23702685039981,-0.553601269115383,0.676573028207094,-0.818243184453298,0.41321834099826,0.708841513340487
"PTI98_008557",8.91262954964414,-0.557233167761589,0.687932292101043,-0.810011645273578,0.417933482795923,0.708841513340487
"PTI98_008631",12.1729702536572,0.521293289902205,0.640184796686936,0.814285644707568,0.415481331542413,0.708841513340487
"PTI98_010825",9.6144262260023,-0.537013096272253,0.662027826094631,-0.81116393466442,0.417271533895811,0.708841513340487
"PTI98_001083",11.3480820739763,-0.518244798848441,0.642952957509439,-0.806038439975343,0.420220685017068,0.709259025381272
"PTI98_004835",62.3745306436123,-0.322546568860768,0.401242499065189,-0.803869404692261,0.421472401340775,0.709259025381272
"PTI98_005084",28.7624528314287,-0.494896881874352,0.614619659103656,-0.80520835047173,0.420699458524257,0.709259025381272
"PTI98_007897",94.6494101594952,-1.46743336775795,1.82469561930627,-0.804207207071531,0.421277317212068,0.709259025381272
"PTI98_006977",11.350173429203,-0.472092619775262,0.584347675471968,-0.807896804576079,0.419149990970865,0.709259025381272
"PTI98_012725",34.0349808931066,0.415664631297003,0.51813901463692,0.802226081331234,0.42242219207316,0.709748363280488
"PTI98_007705",103.345152441468,0.373802932715842,0.4683026110327,0.798208090045735,0.42474974346648,0.710780552508064
"PTI98_010764",38.0700274753841,0.407295749100725,0.510556539337282,0.797748569882988,0.425016412084674,0.710780552508064
"PTI98_012965",11.1746882791484,0.454832983285183,0.569683329657421,0.79839616082622,0.424640630483226,0.710780552508064
"PTI98_006436",51.1999832228945,0.569445818415392,0.715749078218812,0.795594204371866,0.4262679363003,0.711768321543292
"PTI98_012469",11.5642424440533,-0.490352296232528,0.619381807071887,-0.791680173091711,0.428547185928194,0.714466438459234
"PTI98_007711",12.6896233337268,0.404380454392797,0.511761537017735,0.790173596767949,0.429426393454581,0.714825696677872
"PTI98_006201",10.4919999708243,0.416055034505007,0.527417943289207,0.788852635369793,0.430198141570568,0.715005244554787
"PTI98_012967",21.3158018620404,0.441842273917511,0.561785410819721,0.786496525911564,0.431576653576866,0.716191149310146
"PTI98_001347",7.78759305389733,0.628171060561713,0.803488550363171,0.7818046197146,0.434329405669375,0.718544961453021
"PTI98_008451",25.7222219773118,-0.775928072702937,0.991742717561737,-0.782388475320097,0.433986304678311,0.718544961453021
"PTI98_004959",21.4939046932073,0.331525352406033,0.42610011088812,0.778045684416828,0.436542081457807,0.721097886089047
"PTI98_003311",26.9779592386396,-0.47315029354244,0.615433913970432,-0.768807637671349,0.442007514133763,0.721508168445369
"PTI98_001181",14.659970816486,0.466720131082847,0.608151711749112,0.76744029831061,0.442819776548179,0.721508168445369
"PTI98_005382",17.5262977607752,-0.394865715173363,0.512621194126088,-0.770287533363747,0.441129349792357,0.721508168445369
"PTI98_013637",16.9886645776259,0.366532793644464,0.474185465107209,0.772973489521856,0.439538070183137,0.721508168445369
"PTI98_008578",21.0255291416432,0.611675804348777,0.796951213939342,0.767519759867425,0.442772549386218,0.721508168445369
"PTI98_008987",9.02250372274565,0.430828979289337,0.555367014946437,0.775755433244247,0.437893402705004,0.721508168445369
"PTI98_010055",8.66167587700495,-0.502896756284527,0.655018488987618,-0.767759635398678,0.442629999293938,0.721508168445369
"PTI98_012743",9.65989342824522,0.444791623411906,0.57666786049589,0.771313357101989,0.44052121705129,0.721508168445369
"PTI98_013108",6.62214613572887,0.522808196568205,0.679864133438661,0.768989230133249,0.441899704049309,0.721508168445369
"PTI98_002458",71.2035108278292,-0.363797992552899,0.477054534471582,-0.762592044022527,0.445706730844297,0.722930947468837
"PTI98_003030",6.37221310199276,-0.710674300875001,0.931698158735071,-0.762773108664135,0.445598721213832,0.722930947468837
"PTI98_001922",10.159368798515,0.416128372165935,0.545512802544304,0.76282054284535,0.445570427992696,0.722930947468837
"PTI98_004796",7.29160700136294,-0.548823029074406,0.720766015243787,-0.761444099010101,0.446391856000132,0.722953426935552
"PTI98_001440",9.77201412183242,-0.613593581757235,0.810486047936325,-0.75706865444455,0.449008732200097,0.726099706575832
"PTI98_002703",28.5798347009457,0.373148026453398,0.495638591318617,0.752863140581245,0.451532159623611,0.726863773626433
"PTI98_000560",12.8647000597131,-0.41852659452674,0.556869667939167,-0.751570104501472,0.45230962722722,0.726863773626433
"PTI98_004809",16.8769458244759,-0.550124243435287,0.733308102531063,-0.750195233813038,0.453137128944477,0.726863773626433
"PTI98_004945",12.289475476014,-0.448432838935457,0.600734312116947,-0.746474489454764,0.455380836386123,0.726863773626433
"PTI98_005076",10.2024646485214,-0.445575266515481,0.590755587987233,-0.754246384758888,0.450701289830728,0.726863773626433
"PTI98_007798",8.77857746687346,0.570745187557429,0.764788874662137,0.746278099049975,0.455499438510629,0.726863773626433
"PTI98_006520",12.3962050674868,0.513577535910351,0.688270475814145,0.746185626083767,0.455555289877291,0.726863773626433
"PTI98_009956",10.7104713806953,-0.526741408788284,0.702975858491119,-0.749302273222997,0.453675037989146,0.726863773626433
"PTI98_011808",18.3424858560812,-0.460781755715992,0.612753396981708,-0.751985640529623,0.452059694202635,0.726863773626433
"PTI98_007474",44.5261388522991,0.309086455903974,0.416163933141196,0.742703610980885,0.457661143077681,0.72914356670808
"PTI98_003961",27.8242559533814,0.41622442513305,0.564620994347978,0.737174900153517,0.461015995174378,0.733403584642253
"PTI98_001619",33.9577456761332,0.42098840004984,0.574683545544078,0.732556905994711,0.463828722910062,0.736789874003151
"PTI98_006176",12.2929369302156,-0.363236443505116,0.49737974906482,-0.730300025660631,0.465206812555033,0.737890629045318
"PTI98_008877",12.1653243516476,-0.401032465804761,0.550019982542921,-0.729123447389417,0.465926153001782,0.737944804092528
"PTI98_011297",8.96776911413797,0.455355664133011,0.628220454091303,0.724834190239262,0.468553757893985,0.740786026601676
"PTI98_013448",14.0609573978847,-0.66789753609366,0.922572605702584,-0.723951190361894,0.469095701153522,0.740786026601676
"PTI98_010586",5.65069970521891,-0.97282630358873,1.34674612527626,-0.722353148325691,0.470077384204983,0.741249403790287
"PTI98_001595",27.1597883994719,-0.441884207516226,0.620059063264397,-0.712648574459759,0.476063245917206,0.749590812650338
"PTI98_002767",10.874294863408,-0.467666753880945,0.657494524756914,-0.711286157179558,0.476906927926311,0.749823009308959
"PTI98_006958",22.7673924363342,0.507595627507899,0.716289062692296,0.708646346769575,0.478543967649697,0.750206482035988
"PTI98_012782",21.4196755325995,0.473259485572365,0.667069964189929,0.709460043141168,0.47803903871018,0.750206482035988
"PTI98_007552",31.3536900184266,0.32764261103605,0.463441304435442,0.706977578175038,0.479580411716846,0.750738522411399
"PTI98_013161",77.5809922137948,-0.286358170262103,0.406510101106636,-0.704430638949819,0.481164630970696,0.752125264957096
"PTI98_006838",7.54745503943432,-0.448687955970446,0.638408895476241,-0.7028222180954,0.482166549187494,0.752599091992654
"PTI98_010449",424.627390418566,-0.464093342814624,0.664727271297828,-0.698171058799075,0.4850702234369,0.756035644922636
"PTI98_006714",11.6214167319757,0.391364634399351,0.563440999311725,0.694597366676236,0.487307662993179,0.758425365670021
"PTI98_000820",54.0433732014023,-0.301307767860187,0.434738295510083,-0.69307850486615,0.488260286325279,0.758811440652707
"PTI98_011460",8.86767934495785,-0.728563823552751,1.05557247830593,-0.690207293697168,0.490063837270549,0.759422665813499
"PTI98_011938",21.1951433854047,0.414977123460451,0.600781110631038,0.690729312418919,0.489735664944304,0.759422665813499
"PTI98_001046",17.0944357773851,-0.423924547096611,0.619115580286173,-0.684726019817917,0.493516826567376,0.763526181208881
"PTI98_006027",13.1258208119237,-0.410838935722738,0.600856757722357,-0.683755205284015,0.494129757012619,0.763526181208881
"PTI98_009834",36.1111553072581,-0.491812160220056,0.724472602659195,-0.678855430025714,0.497229468324136,0.767215096540249
"PTI98_007447",10.4488897800176,-0.403099756982879,0.596087140668096,-0.676243001201273,0.49888637496805,0.768670423234034
"PTI98_001456",162.49242607332,-0.365589602348165,0.541644172106484,-0.674962680621794,0.499699475525809,0.768823335916138
"PTI98_001234",118.837870073685,-0.323223202099055,0.480963611654444,-0.672032549379806,0.501562974981216,0.770589620620214
"PTI98_006038",15.8707035301812,0.362468834451843,0.540898832143669,0.670123159658749,0.502779282315569,0.771357958766193
"PTI98_008608",12.8043867835413,0.399707295510973,0.598195365470402,0.668188552742557,0.504013241615919,0.772151153940747
"PTI98_010744",189.312954871244,0.35171600155686,0.527688806179724,0.666521626833733,0.505077744944426,0.772291390687264
"PTI98_011465",8.800806669539,-0.434684439988018,0.65287537917872,-0.66580001919329,0.505538932622582,0.772291390687264
"PTI98_008382",63.0196109452463,-0.479610052071053,0.729858384775814,-0.657127549775799,0.511098905827958,0.77957260712261
"PTI98_010081",8.43441596009849,-0.408388088751213,0.622437726491142,-0.656110758345919,0.511752862800079,0.77957260712261
"PTI98_012665",6.77713688729912,0.437097279859406,0.668677239887768,0.653674529034022,0.51332151659922,0.780857730758983
"PTI98_002807",9.00546001995,0.409073704380139,0.631115636992432,0.648175517135926,0.516871435113891,0.784043007912198
"PTI98_003500",7.2858298011099,0.398506815950719,0.613890729761599,0.649149427790638,0.516241796080675,0.784043007912198
"PTI98_003000",7.75103079366836,-0.431373500977017,0.66780439952232,-0.645957860244075,0.518306646380954,0.784172856035071
"PTI98_000708",8.38811817318647,0.38660794885638,0.599025153904404,0.645395183051156,0.518671124182493,0.784172856035071
"PTI98_008115",37.5754441813147,-0.346761154920485,0.537889779154409,-0.64466953706689,0.519141361516254,0.784172856035071
"PTI98_012802",10.1967996777715,-0.389375278359967,0.610105924023417,-0.638209306004086,0.523337440204576,0.788566757032098
"PTI98_013137",9.91100286571527,0.401789024600403,0.629825425997586,0.637937129902315,0.523514606571913,0.788566757032098
"PTI98_008913",12.7587217917893,0.393700528080074,0.619128421524732,0.635894774642239,0.52484500871542,0.788893689655933
"PTI98_013053",24.3651601650901,0.498860422775025,0.785167490776557,0.635355422422845,0.525196634617738,0.788893689655933
"PTI98_002223",12.616586074898,0.323779544498418,0.519851471538639,0.622830870402474,0.533395669778994,0.789103209274693
"PTI98_002536",10.7374397579822,-0.493014023263495,0.790282892644651,-0.623844990005594,0.532729390005582,0.789103209274693
"PTI98_002647",10.4113822349102,-0.385463280457701,0.608677411415565,-0.633280081088029,0.526550758513563,0.789103209274693
"PTI98_002887",6.90491493272921,-0.444421997685957,0.709828509542195,-0.626097700658131,0.531250860298506,0.789103209274693
"PTI98_001106",8.46330811286942,-0.400583114359987,0.641939221998212,-0.624020313189561,0.532614244832602,0.789103209274693
"PTI98_001158",7.99872634085794,0.371731840329295,0.595602159650678,0.62412775760806,0.532543685911373,0.789103209274693
"PTI98_008532",13.1104765291251,-0.326061883415763,0.516942881063701,-0.630750311803952,0.528203796815045,0.789103209274693
"PTI98_008842",12.3119343882802,0.346721209970891,0.554975763473423,0.624750183324888,0.532135031060486,0.789103209274693
"PTI98_011976",14.2619093598378,0.342095957195617,0.542207526984036,0.630931774589121,0.528085134825445,0.789103209274693
"PTI98_013462",14.12766326668,0.459567268619929,0.734970131467932,0.625287000033661,0.531782710574872,0.789103209274693
"PTI98_013609",321.69561135144,0.3947687469789,0.633621936740161,0.623035163539151,0.533261414670951,0.789103209274693
"PTI98_010718",8.08050032648969,-0.397601566360171,0.646148945382526,-0.61534042452826,0.538329926319308,0.795310467278319
"PTI98_003470",27.5009127587007,0.343764357997541,0.560233049289926,0.613609565578556,0.539473360985493,0.795907958604624
"PTI98_001075",11.320786816938,0.367400516437664,0.599987209884865,0.612347247382434,0.540308036037813,0.79604891219251
"PTI98_001672",12.7641125324999,-0.415968768958579,0.683935251146284,-0.608199048464617,0.543055465639249,0.798510135131153
"PTI98_008704",32.5343948691005,-0.567187377082166,0.936806875300991,-0.605447496208791,0.54488170053832,0.798510135131153
"PTI98_010156",23.7911727015106,-0.304133657948989,0.502406833472178,-0.605353346504256,0.544944242638252,0.798510135131153
"PTI98_012742",14.5713468333435,-0.338104441557835,0.558157068264993,-0.605751428731016,0.544679827495111,0.798510135131153
"PTI98_000659",13.8583969719831,-0.336839186395872,0.564195442151153,-0.597025713486054,0.550490213210188,0.804447706414345
"PTI98_011103",6.81704442682249,-0.451045074855538,0.755306212285393,-0.59716849606039,0.550394890395126,0.804447706414345
"PTI98_001405",23.9902520376635,-0.277307396222405,0.466452906826143,-0.5945024506531,0.55217610368261,0.805817972447386
"PTI98_000967",7.25434971624798,-0.51521685082145,0.875009658213185,-0.5888127587912,0.555986886006492,0.807016024174931
"PTI98_005325",9.24396505343674,-0.354314200497934,0.601754749921924,-0.588801668028222,0.555994326776043,0.807016024174931
"PTI98_005393",6.03521528000627,-0.426065339269663,0.720867657693346,-0.591045158875625,0.55449016353048,0.807016024174931
"PTI98_012181",19.9407025343591,-0.451946628716613,0.766297366326366,-0.589779697251535,0.5553383558832,0.807016024174931
"PTI98_000189",13.7096438674266,0.355437802114995,0.605036209486541,0.587465339333384,0.556891222353792,0.807162649128529
"PTI98_012702",6.52497416329008,-0.36667657837201,0.625281298065661,-0.586418591930291,0.557594253436978,0.807162649128529
"PTI98_006574",10.1253023558418,-0.485349412673297,0.829536503051006,-0.5850850576053,0.55849052556609,0.80737489400628
"PTI98_000549",7.65116237972992,0.373282377582304,0.644311316837273,0.579350956327499,0.562352389177786,0.81057331550418
"PTI98_005204",9.47112486065926,-0.330718705023967,0.571733315245263,-0.5784492458378,0.56296085422203,0.81057331550418
"PTI98_007576",21.2476677736345,0.295309606585068,0.509686933712884,0.579394108524315,0.562323278480557,0.81057331550418
"PTI98_008471",45.9657017554392,-0.321267006226004,0.560625074198612,-0.573051440278943,0.566609864959377,0.814738083526367
"PTI98_013243",9.37565161758925,-0.372986610099744,0.653176995634849,-0.571034516819171,0.567976245440913,0.815613888453151
"PTI98_008575",6.10841047586403,-0.396806281463191,0.697703115449529,-0.568732276919145,0.569537840033337,0.816767315200938
"PTI98_003413",31.106901675537,-0.374296625833147,0.662097476499863,-0.565319517319177,0.57185645582238,0.816829446844435
"PTI98_004606",17.4788353577122,-0.335498255212207,0.591738233398776,-0.566970725020083,0.570734071388429,0.816829446844435
"PTI98_004947",11.2753272707751,-0.409930625129339,0.723776033332863,-0.566377727709053,0.571137031936869,0.816829446844435
"PTI98_006710",9.1573254273118,0.312724652528804,0.557141314912223,0.561302212129204,0.574591533810235,0.819649115117382
"PTI98_010807",47.8939280500592,-0.246709982949505,0.442264635150278,-0.557833395079566,0.576958156391364,0.820850639938572
"PTI98_011983",11.0136824273025,-0.340788893817303,0.610589061634998,-0.55813134435255,0.57675469836408,0.820850639938572
"PTI98_005231",11.1754345735276,0.305819325253909,0.549694405205063,0.556344256659887,0.577975538038811,0.821213264469393
"PTI98_003366",35.842027459672,-0.245788312563886,0.45211235613732,-0.543644315903707,0.586686257864022,0.821231215651929
"PTI98_003802",38.7754068981164,0.300737818544291,0.56071029421638,0.536351519931674,0.591715630287288,0.821231215651929
"PTI98_000396",14.2508532416638,-0.340872426785945,0.615118800989472,-0.554157060778539,0.579471361950289,0.821231215651929
"PTI98_000561",9.54073180882088,-0.376515333890059,0.698107700795773,-0.539337029889327,0.589654322305939,0.821231215651929
"PTI98_001353",11.0196074221109,-0.281961644221912,0.527259668546585,-0.53476808685017,0.592810233295097,0.821231215651929
"PTI98_001402",17.2750037856754,0.305641191123053,0.564713122041432,0.541232670525104,0.588347221539169,0.821231215651929
"PTI98_001596",21.8495369669048,-0.264813592782041,0.495767364916796,-0.534148900314333,0.59323851975599,0.821231215651929
"PTI98_004866",64.3333938834643,-0.2656713796225,0.486585091744969,-0.545991614066434,0.58507170165268,0.821231215651929
"PTI98_005324",8.11366911863817,-0.306307506754691,0.572196593857258,-0.535318647547041,0.592429533873623,0.821231215651929
"PTI98_005543",17.1588151596249,0.290035067246942,0.530364223712881,0.546860165673535,0.584474804393373,0.821231215651929
"PTI98_006376",8.91078055298543,-0.374868548958249,0.676797625237932,-0.553885733311286,0.579657049468014,0.821231215651929
"PTI98_007099",8.78310771924358,-0.509968737735404,0.948009652101006,-0.537936229452091,0.590621075247301,0.821231215651929
"PTI98_008434",32.345356830711,-0.331935803769463,0.601641115727002,-0.551717286423092,0.581142064579406,0.821231215651929
"PTI98_008663",177.519741358081,0.249232786594762,0.463411219524186,0.537822081326959,0.590699885933735,0.821231215651929
"PTI98_009669",92.3684310607062,-0.307684121054374,0.574576686581953,-0.535497050680437,0.59230619647875,0.821231215651929
"PTI98_010101",19.5765408634784,0.337505748370437,0.614001691572656,0.549682114891208,0.582537426123596,0.821231215651929
"PTI98_010287",14.3490135851591,-0.333715892152853,0.617859862628121,-0.540115829394327,0.589117154809169,0.821231215651929
"PTI98_010448",15.5537501351,0.511394077308014,0.945249775494583,0.541014756697972,0.588497411501062,0.821231215651929
"PTI98_011067",11.808032769765,-0.439744589419825,0.819381967379149,-0.536678383131104,0.591489790412261,0.821231215651929
"PTI98_013438",32.5298282379976,-0.329348820705073,0.605841212284705,-0.543622345305722,0.586701379781085,0.821231215651929
"PTI98_006943",10.0168124937759,-0.358051249058753,0.673448234340818,-0.53166855416767,0.594955574961551,0.82255090402258
"PTI98_004335",27.7688540554334,-1.04366525731419,1.99211307083943,-0.523898604246602,0.600349065650648,0.828943517571471
"PTI98_003389",23.5319737986808,0.244250372537644,0.467619256772088,0.522327446956891,0.601442362133977,0.829019736891519
"PTI98_003579",10.4124560170017,-0.448040005658922,0.858960346100622,-0.521607321796479,0.601943764391056,0.829019736891519
"PTI98_002178",44.2713025811607,0.268330374095531,0.517988491002621,0.518023814730227,0.604441653684642,0.829128323245165
"PTI98_010990",34.2699345190102,0.236312213152222,0.457015010546833,0.517077574474998,0.605102007493686,0.829128323245165
"PTI98_011628",8.55136393536301,-0.333192194159963,0.642562514511851,-0.518536619605155,0.60408391712105,0.829128323245165
"PTI98_012180",18.4973995975809,-0.305189148330631,0.586497144916774,-0.520359137253666,0.602813285183122,0.829128323245165
"PTI98_007599",6.80207799743271,-0.353669811895108,0.687879225150547,-0.514145214688966,0.607150467543843,0.830878085825564
"PTI98_006906",9.59969557728856,-0.318365985721137,0.621052748360639,-0.512623100954809,0.608214990651821,0.831278610319811
"PTI98_010204",57.4002785799638,0.252537682337234,0.494949607050398,0.510229079364678,0.609890981889098,0.831690523361249
"PTI98_012711",9.15659139975615,0.289120241834941,0.566917298597637,0.509986628649589,0.61006082957789,0.831690523361249
"PTI98_006457",8.6117295363744,0.330998766681867,0.650807064072563,0.508597378477382,0.611034466877019,0.831964754521554
"PTI98_002867",10.9908040986431,-0.331222904979125,0.658853088983207,-0.50272649626686,0.615156578223872,0.836519740842311
"PTI98_003147",7.56155255193936,-0.337213401074144,0.673341706057537,-0.500805754404479,0.616507835410066,0.837300048848223
"PTI98_003367",8.92739294049158,-0.298959867203715,0.603956480010879,-0.495002333940237,0.62059847301802,0.841492690723734
"PTI98_000815",26.669240263428,-0.314862593155551,0.638531419051262,-0.493104307417445,0.621938887480123,0.841492690723734
"PTI98_004682",11.1368788614219,-0.290486122968524,0.588177551524066,-0.493874888995383,0.621394539798874,0.841492690723734
"PTI98_003972",7.34650666597267,-0.374421656719267,0.768510887692063,-0.487204101745004,0.626113698878463,0.84326471203442
"PTI98_000011",11.4284358581066,-0.320367534824809,0.65688440882072,-0.487707624846741,0.625756950174526,0.84326471203442
"PTI98_000595",10.6990432382249,0.315669614020698,0.64866146714261,0.486647704558805,0.626508010937103,0.84326471203442
"PTI98_005011",5.09457223188792,0.571131854329568,1.18661663402554,0.481311181684713,0.630295351149219,0.84326471203442
"PTI98_005272",27.0071512559134,0.217596263850494,0.446578976962982,0.48725147191273,0.626080133140378,0.84326471203442
"PTI98_005508",18.2948309870366,0.456084266147044,0.943429177776495,0.48343243657352,0.628788721607204,0.84326471203442
"PTI98_006253",9.70753444099065,-0.312031381817862,0.647826114318363,-0.481659159643755,0.630048092784641,0.84326471203442
"PTI98_010086",17.3795601867064,0.235950677386956,0.488467540757421,0.48304269516269,0.629065421317564,0.84326471203442
"PTI98_012757",9.76387508744643,0.274574950923809,0.568171203154228,0.483260942123595,0.628910468901649,0.84326471203442
"PTI98_006231",48.9265424535453,-0.309277967588,0.644188478037802,-0.480104780094889,0.63115288944201,0.843364344825117
"PTI98_011755",22.064778476227,-0.721831595069865,1.50726600445468,-0.478901264233727,0.632008871540615,0.843461653840449
"PTI98_005181",92.9024380857427,0.156987484102657,0.332528258632627,0.4721026860941,0.63685349529546,0.848875265387636
"PTI98_002435",45.6023959296958,-0.426449905430491,0.914999020855966,-0.466065969154321,0.641168281261485,0.849370527575177
"PTI98_001701",18.7070190190521,-0.289397472561913,0.618202871039374,-0.4681270277431,0.639693752185342,0.849370527575177
"PTI98_006353",10.0926582355857,0.270389458958501,0.578710191489526,0.46722774703959,0.640336943861927,0.849370527575177
"PTI98_006667",13.7797549243754,0.256161350723405,0.54811895543993,0.467346272521821,0.640252155520555,0.849370527575177
"PTI98_011370",15.9503246346997,0.320105474952112,0.686683414400599,0.466161652137076,0.641099796033728,0.849370527575177
"PTI98_012684",11.7758736285607,-0.259486530393202,0.559505909765766,-0.463777997451063,0.642806808735972,0.850495003696121
"PTI98_010829",8.64474269715604,-0.276157301459079,0.598125614646309,-0.461704522757112,0.644293227281483,0.851415712616144
"PTI98_006135",10.5562003966298,-0.26840330056811,0.584136179608744,-0.459487547489162,0.645884092303273,0.85247201888557
"PTI98_003397",8.60565447788878,0.31073137525003,0.679302113673059,0.457427364048483,0.647363899661602,0.853121968913349
"PTI98_000151",88.0389768081297,-0.184671258766105,0.407127555416342,-0.453595577870563,0.650119936919528,0.853121968913349
"PTI98_000951",17.9638236087255,0.253383274806357,0.560342089406793,0.452193900113058,0.65112930217899,0.853121968913349
"PTI98_008838",13.1181504100416,0.372689088291481,0.819236592079604,0.454922414226424,0.649165056918462,0.853121968913349
"PTI98_012411",61.1551793487682,-0.320090960025041,0.706713855628615,-0.45292866055431,0.650600112309467,0.853121968913349
"PTI98_012868",7.22297268237298,-0.321008283903958,0.704306905606355,-0.455778981220685,0.648548920111867,0.853121968913349
"PTI98_006104",9.0185503079695,-0.269324369883623,0.600152559735402,-0.448759845333933,0.65360490830048,0.855325013656885
"PTI98_003476",24.2005617476462,-0.252730899826059,0.574314436147736,-0.440056672650044,0.65989606154605,0.858185746564159
"PTI98_000101",8.98276007757868,0.354056137057925,0.800681459689906,0.442193500015657,0.658349189259257,0.858185746564159
"PTI98_000883",10.2745075837374,-0.254931516534294,0.578720325346219,-0.440509008184189,0.65956848937929,0.858185746564159
"PTI98_007041",12.9376905633481,0.265560402723519,0.600338424414182,0.442351167148191,0.658235110133573,0.858185746564159
"PTI98_009087",45.9017445625442,0.164958347553059,0.375653527084851,0.439123648946331,0.66057194419841,0.858185746564159
"PTI98_010071",8.5435613425305,-0.258917611780495,0.58679826204493,-0.441237864062846,0.659040804148921,0.858185746564159
"PTI98_001679",14.5939487435986,-0.229316153355257,0.523586306451749,-0.437972022051707,0.661406564934436,0.858234783655888
"PTI98_008048",9.99080599647115,-0.646941956891714,1.48222539123362,-0.436466653936674,0.662498188021333,0.858616785197324
"PTI98_002336",11.3414353011207,0.289608467976533,0.676105798759192,0.428347854001593,0.668397883582549,0.862328479386501
"PTI98_003243",164.368107553735,-0.235683391077603,0.55050960865605,-0.428118578444022,0.668564791353508,0.862328479386501
"PTI98_006255",142.837733359747,-0.184996812286885,0.429630129421383,-0.430595527683394,0.66676249364273,0.862328479386501
"PTI98_012902",7.74725446300058,-0.26104670603655,0.608419863120971,-0.429056843570944,0.667881857870918,0.862328479386501
"PTI98_009711",11.8803699042005,-0.261552308008568,0.620421133485983,-0.421572209410364,0.673337294469821,0.867445294430619
"PTI98_008960",24.960767108109,-0.278651708089235,0.670256865313164,-0.415738685435233,0.677601229966424,0.869817073508746
"PTI98_012545",53.565368942134,0.227936475908809,0.546424266157658,0.417141935352928,0.676574593153407,0.869817073508746
"PTI98_013006",19.5361830421525,0.73131232062966,1.75558893902544,0.416562387910477,0.676998525253364,0.869817073508746
"PTI98_000961",7.95368152809017,-0.294675336524793,0.712394343654997,-0.413640758309418,0.679137218987692,0.869824675422952
"PTI98_007661",7.40629774486986,0.300668982288537,0.727088796707354,0.413524432847991,0.679222425283847,0.869824675422952
"PTI98_003699",107.365892468756,0.17610979625027,0.428708798352107,0.410791187228277,0.681225655795988,0.871353956404132
"PTI98_010248",17.3852870948517,0.359180187589395,0.881559372182584,0.407437319508191,0.683686821851971,0.873464658522625
"PTI98_004586",8.14726293441272,-0.235150980513576,0.584441351109253,-0.402351715988723,0.687425199262433,0.87409319906215
"PTI98_007536",9.59272407907432,0.228867211469901,0.567450543534936,0.403325389458915,0.68670886624591,0.87409319906215
"PTI98_010289",22.2768740870449,0.258758365826644,0.640524977895352,0.4039785718847,0.686228476556406,0.87409319906215
"PTI98_013573",77.4641991263264,-0.171181097177686,0.424900206708932,-0.402873650035548,0.687041176670351,0.87409319906215
"PTI98_003122",18.1842234936784,-0.218517673457025,0.547592955582831,-0.399051286597442,0.689855414912673,0.876148917288855
"PTI98_003342",28.2773783876911,0.206276368631592,0.523845705218546,0.393773140786817,0.693748536152634,0.877501964851572
"PTI98_001368",8.71541524776416,0.233991719588594,0.592247397086638,0.395091174295805,0.692775602042495,0.877501964851572
"PTI98_007806",43.2056131663928,-0.270327444973268,0.687525295312877,-0.393189089646874,0.694179827347762,0.877501964851572
"PTI98_012796",21.8767586418298,0.182873890704898,0.462979009180804,0.394993913500476,0.692847379848778,0.877501964851572
"PTI98_000608",13.6040096696635,-0.233851866115424,0.600579828187581,-0.389376824095371,0.696997413668168,0.878456922153368
"PTI98_008225",6.63351946945268,-0.27176627658029,0.695282591482605,-0.390871682837307,0.695892086006705,0.878456922153368
"PTI98_008746",17.4324082702687,-0.203901324339152,0.525851908391788,-0.387754272800383,0.698197887988192,0.878456922153368
"PTI98_009995",52.6035252792959,-0.165425246657524,0.426384214962091,-0.387972258007328,0.698036563645112,0.878456922153368
"PTI98_001267",13.2137948729083,-0.208244597268638,0.54147877050901,-0.384584971028283,0.700544930676745,0.880036870041643
"PTI98_005391",23.896805358957,0.182173960791618,0.474593812700589,0.383852372105296,0.701087868612563,0.880036870041643
"PTI98_011388",13.4264209433438,0.186439133415996,0.489034216262883,0.381239445453802,0.703025582043115,0.881441853155338
"PTI98_007936",15.3713681811261,-0.197663736062356,0.524994717600551,-0.376506142701326,0.706540649674875,0.883791265621185
"PTI98_013556",12.5974038148189,-0.2104502688856,0.557923112213498,-0.377202994962267,0.706022754751504,0.883791265621185
"PTI98_007771",23.9837025865614,-0.227861138910878,0.61944162438862,-0.367849253165338,0.712985641190517,0.887138352477299
"PTI98_007946",12.8563410167407,0.209577832601258,0.570240359209454,0.367525428911773,0.713227127454741,0.887138352477299
"PTI98_010559",15.6795626300193,-0.344943712541764,0.93571829495128,-0.36864055603372,0.712395662005038,0.887138352477299
"PTI98_010655",6.16165153731051,-0.255652343890681,0.6958784125104,-0.367380765511045,0.713335016940892,0.887138352477299
"PTI98_012013",79.5068008294958,-0.213447728380492,0.579421478983461,-0.368380766199702,0.712589337018241,0.887138352477299
"PTI98_002483",21.6815753470282,-0.174279831877326,0.478271428501735,-0.364395239797799,0.715562889587717,0.888882620629724
"PTI98_011183",5.04686554116648,-0.303952257983284,0.838798135362875,-0.362366396834908,0.71707824703582,0.889738792693063
"PTI98_010144",6.74105217040178,-0.240270291442856,0.665678186337014,-0.360940611205808,0.718143843737696,0.890035580788836
"PTI98_010885",7.83909621681511,-0.229290613880094,0.641936280585855,-0.357185940122958,0.720952610759159,0.892489611250131
"PTI98_000720",8.04172667288173,-0.210060841362713,0.599840156668447,-0.350194696082711,0.726192586976757,0.894810279768206
"PTI98_001391",61.8641302612221,-0.154054751398213,0.441574853330657,-0.348875734739485,0.727182602868207,0.894810279768206
"PTI98_001847",17.1721828673113,-0.201263686220656,0.573368378305278,-0.351019857103973,0.725573451299891,0.894810279768206
"PTI98_005418",121.828907509018,-0.191092440990521,0.542371402813947,-0.352327648543212,0.724592555299696,0.894810279768206
"PTI98_012265",8.15274454576149,0.285150973522837,0.812965319897826,0.350754166928885,0.725772784674389,0.894810279768206
"PTI98_013196",13.0926767729247,0.259034327050559,0.744271996213671,0.348037180450617,0.727812260981382,0.894810279768206
"PTI98_001397",7.82911555510318,-0.228363571182699,0.658439903677185,-0.346825230225808,0.728722621294356,0.894907939719523
"PTI98_001335",12.4151100014883,0.205988988095005,0.60179176865237,0.342292797650405,0.732130555230024,0.898069029593093
"PTI98_005397",11.8705580867847,-0.206773640689412,0.613007588281174,-0.337310083337123,0.735883159264653,0.901645236095599
"PTI98_011152",7.55609611146547,-0.210214483332938,0.626230056119085,-0.335682519992243,0.737110288743497,0.902122478382666
"PTI98_006836",7.79848449826997,-0.24050290083175,0.719560704999349,-0.334235734609726,0.738201680670875,0.902432701569276
"PTI98_002562",15.353099160787,0.163140416212808,0.506110282715868,0.322341635379094,0.747193894491875,0.904188566705337
"PTI98_003304",202.344657583546,0.143947798596343,0.445845830499221,0.322864516721311,0.746797849894714,0.904188566705337
"PTI98_001137",10.3527388387834,0.201161876903027,0.623813730597224,0.322471063133605,0.747095856157924,0.904188566705337
"PTI98_004720",19.00464568561,-0.152201933921463,0.461786856973477,-0.329593472882675,0.741707155155258,0.904188566705337
"PTI98_005077",11.9579309769485,0.233047950567339,0.704606725934638,0.330748972426013,0.740834107524545,0.904188566705337
"PTI98_008526",22.7614131438076,-0.161613322279869,0.500697513586983,-0.322776362762569,0.746864615425815,0.904188566705337
"PTI98_010315",47.2471344760818,-0.684653682181837,2.08392234097507,-0.32854088116426,0.742502739371394,0.904188566705337
"PTI98_012529",8.43199969340347,-0.207974936551772,0.640280487649378,-0.324818482779786,0.745318455176909,0.904188566705337
"PTI98_012747",19.3778285795561,0.177036986630533,0.545833676887187,0.324342366781306,0.74567884775488,0.904188566705337
"PTI98_003093",19.7402982891979,0.190538154020332,0.609016176270167,0.312862221800504,0.754385340346334,0.904960965719691
"PTI98_000813",7.51259843580393,-0.208371839940763,0.663917758141136,-0.313851885095183,0.753633535281557,0.904960965719691
"PTI98_001321",10.5868803158168,0.179562779133191,0.574343789716986,0.312639889815249,0.754554268538795,0.904960965719691
"PTI98_005481",7.85189392541478,0.18975781072354,0.598673762306716,0.316963633068526,0.751271197121411,0.904960965719691
"PTI98_007354",28.7955816878253,0.313802734887967,0.994486996674227,0.315542320751693,0.752349923655727,0.904960965719691
"PTI98_008088",16.2878712481283,0.198319819438139,0.624123081733712,0.317757546936477,0.750668855520103,0.904960965719691
"PTI98_008970",23.4090356091472,-0.279967527076643,0.891758267518089,-0.313950021294267,0.753558998102908,0.904960965719691
"PTI98_011293",8.03273147677216,-0.211285092370204,0.661309050011734,-0.319495238068275,0.749351001802666,0.904960965719691
"PTI98_002623",41.0121622110699,-0.131028806533465,0.424281929767069,-0.308824857578545,0.757454759182395,0.906309041673831
"PTI98_002857",20.840743628194,-0.143402137734969,0.463479604660818,-0.309403340066955,0.757014729956502,0.906309041673831
"PTI98_007668",22.7550981653806,-0.128529022944171,0.41866599969158,-0.306996562985423,0.758845988329028,0.906309041673831
"PTI98_011030",44.0313890848644,0.536547468702251,1.74921595254329,0.306735979581099,0.759044341309002,0.906309041673831
"PTI98_012824",12.8232990940637,0.325708964955764,1.06828662038054,0.304889117528909,0.760450604366175,0.906982614509824
"PTI98_012238",12.2813748439773,0.183151551088846,0.60942251522464,0.300532957863124,0.763770660868593,0.909934736455171
"PTI98_008259",108.593606895032,-0.194862465745939,0.651901991273232,-0.298913745247737,0.76500585913327,0.910399237885671
"PTI98_004611",12.4111226349603,0.208024726755926,0.706104668232832,0.294608910144369,0.768292654817556,0.910620337206761
"PTI98_012125",7.54696917501692,-0.202549329198285,0.688378883584184,-0.294241055367171,0.768573710790108,0.910620337206761
"PTI98_012653",83.5228903397307,-0.152978869232872,0.518611057728215,-0.294978032097887,0.7680106612858,0.910620337206761
"PTI98_012846",15.0595463090941,-0.211569962025542,0.711098952179838,-0.297525346334691,0.766065460054212,0.910620337206761
"PTI98_003294",9.37797811860829,0.180879102570455,0.62281060208068,0.290423929788889,0.771491938904574,0.912071150603981
"PTI98_010705",50.6942765973145,0.106755570457004,0.36652337304018,0.291265382536193,0.770848360942773,0.912071150603981
"PTI98_001246",11.0750573687441,0.175918284566975,0.612284630648818,0.287314552352164,0.773871481027725,0.91388112397682
"PTI98_004688",13.5245323533486,0.215286018384688,0.756139476092003,0.284717337464462,0.775860706797785,0.915226704513927
"PTI98_003031",22.0174078810843,-0.467738181083723,1.72101387829057,-0.271780598043936,0.785790724397946,0.919887619757161
"PTI98_006211",7.70291851639591,-0.202893003034783,0.742445352509461,-0.273276682720157,0.784640537889125,0.919887619757161
"PTI98_008322",12.8964689318967,-0.195954703532821,0.717662247444384,-0.273045857199012,0.784817965413296,0.919887619757161
"PTI98_008736",17.3200968397082,-0.134881120002252,0.485260899525141,-0.277955879268743,0.781046227834407,0.919887619757161
"PTI98_009691",7.57670731615499,-0.169841919171372,0.620892914368823,-0.273544624589615,0.784434594359371,0.919887619757161
"PTI98_012623",9.05667122954795,0.205922110338778,0.751589874276408,0.273982017835231,0.784098440783037,0.919887619757161
"PTI98_013233",11.7231926819463,-0.176153645747758,0.646348564135398,-0.272536608762167,0.785209446456975,0.919887619757161
"PTI98_004352",7.40175160783119,-0.219953032402187,0.815407426098845,-0.269746172725589,0.787355536043199,0.920718688728041
"PTI98_002508",12.86336711811,0.159671533209928,0.633087180066587,0.252210972259989,0.80087799752637,0.921702018120443
"PTI98_003037",55.6502044777285,0.125045898201568,0.489837743548901,0.255280242995576,0.798506658344072,0.921702018120443
"PTI98_003609",8.21667339938715,0.157847060164321,0.621251978645001,0.254078965685708,0.799434553209925,0.921702018120443
"PTI98_000738",17.1763195408031,0.141600382734804,0.551181449693778,0.256903389643236,0.797253353828019,0.921702018120443
"PTI98_001120",23.1109768448838,-0.121938514765343,0.466553880671469,-0.261359983952654,0.793814912981313,0.921702018120443
"PTI98_005163",20.2967589196169,0.12461805706118,0.483920706572971,0.25751751344492,0.79677929730393,0.921702018120443
"PTI98_007371",27.1098906733091,0.145005458199506,0.545658018317722,0.265744208518298,0.790436213655365,0.921702018120443
"PTI98_008121",20.5336825293152,0.134680639697954,0.531892720228899,0.253210157943118,0.80010581734069,0.921702018120443
"PTI98_006006",96.3972357772897,0.198840775845223,0.787105008189151,0.252622933123859,0.800559606638213,0.921702018120443
"PTI98_006374",8.81322518279734,0.152269214650845,0.604219479479149,0.252009774299406,0.80103350878434,0.921702018120443
"PTI98_008600",37.6718101048194,0.136983104008217,0.535610238394865,0.255751466623813,0.798142751745066,0.921702018120443
"PTI98_010405",14.4189578177292,-0.15403647039488,0.591185519713605,-0.26055521534002,0.794435529883066,0.921702018120443
"PTI98_012475",13.841277177837,-0.188550277305373,0.708768765016206,-0.266025093954389,0.790219882966075,0.921702018120443
"PTI98_012515",7.67997006690802,-0.15707067155157,0.61255114062195,-0.256420502934806,0.797626157908768,0.921702018120443
"PTI98_012519",18.0666845147642,0.172092779020383,0.671506168708441,0.256278776040705,0.797735584399082,0.921702018120443
"PTI98_011319",15.4485097793027,0.145248971173206,0.584275295396925,0.248596804139274,0.803672680835543,0.923751843393681
"PTI98_003297",7.81825336951779,0.178823422727676,0.742841647559231,0.240728859663751,0.809765269839874,0.928058227476964
"PTI98_003822",9.53064646132498,0.192534184794929,0.794855373610864,0.24222543016887,0.808605491252135,0.928058227476964
"PTI98_012567",10.3900531582619,0.2140972679257,0.890512214544061,0.240420360809219,0.810004395383794,0.928058227476964
"PTI98_004464",16.8439165833464,-0.175674609979191,0.737431629630476,-0.238224945771883,0.811706630060521,0.928663552059068
"PTI98_010293",17.1663371920586,0.124845108926351,0.52563034307966,0.237515034225166,0.812257257232723,0.928663552059068
"PTI98_002893",24.0566383841136,0.108815285789809,0.469520425089978,0.231758364439536,0.81672569697848,0.93147469523389
"PTI98_003406",27.269485986716,0.146692983580525,0.638094678793932,0.229892190697767,0.818175544745831,0.93147469523389
"PTI98_000602",13.6705942082901,-0.146601578963607,0.63467709833367,-0.230986086229526,0.817325611350224,0.93147469523389
"PTI98_012502",69.5268644214201,0.126293509636833,0.545182580862117,0.231653603893801,0.816807069858188,0.93147469523389
"PTI98_003923",9.2239167741131,0.141574469862505,0.618881511509186,0.228758602785315,0.819056543800732,0.931493028166197
"PTI98_006423",243.039486792849,0.0985768755922624,0.443684330877055,0.222177951151442,0.824175357616935,0.936325801849619
"PTI98_000430",4.69605942376062,0.21871657782651,0.997776248771745,0.219204033064276,0.82649111395126,0.936979926026849
"PTI98_011690",52.5881906384893,-0.110172514248095,0.500478779991471,-0.220134236760193,0.825766611649594,0.936979926026849
"PTI98_002693",10.3828859867223,0.133683645357078,0.620580984431702,0.21541692174068,0.829442278046075,0.937028989584363
"PTI98_001962",8.58568683825786,-0.152098571749362,0.705844073849544,-0.215484662100858,0.829389469064082,0.937028989584363
"PTI98_008635",7.96943429796436,0.135993092647719,0.624667924746759,0.217704619142805,0.82765926444629,0.937028989584363
"PTI98_010693",7.1290447215473,0.165556299379033,0.771166593883984,0.2146829241464,0.830014536734895,0.937028989584363
"PTI98_002515",8.10939531908793,-0.144256592648318,0.718905623029405,-0.20066137755389,0.840963361647175,0.939152331193325
"PTI98_001143",6.72121649159409,-0.145265587962167,0.698386442208161,-0.208001729676862,0.835227616804637,0.939152331193325
"PTI98_001792",115.247616145416,-0.10116087664041,0.500229872667722,-0.202228779542732,0.839737875091034,0.939152331193325
"PTI98_007299",11.5841032444819,0.169363215673073,0.845657241957686,0.200274067636433,0.841266242705088,0.939152331193325
"PTI98_007673",11.2334962285207,-0.127398862978143,0.615473496146166,-0.206993256047354,0.836015125341303,0.939152331193325
"PTI98_005779",10.7645250491679,-0.12137638442724,0.606908631283588,-0.19999119829707,0.841487464811103,0.939152331193325
"PTI98_006839",9.40881487066017,-0.136042991421167,0.679124415801971,-0.200321160976836,0.841229413885546,0.939152331193325
"PTI98_009750",9.22876522525622,0.140939678507398,0.69894674619988,0.201645803880876,0.840193634353979,0.939152331193325
"PTI98_010133",7.57324093869983,-0.149579629078166,0.726598419111425,-0.205862860617135,0.836898036968802,0.939152331193325
"PTI98_010243",14.4123347001906,0.121863304796804,0.58539101404049,0.208174197884724,0.835092954356502,0.939152331193325
"PTI98_012756",12.8264134885657,0.100856473294618,0.489491038761126,0.206043554034983,0.836756889946948,0.939152331193325
"PTI98_003277",10.6630682936089,0.0960480951342439,0.520539723166188,0.1845163603462,0.853608393803745,0.941652643063395
"PTI98_003349",8.82115347325061,0.1267801630302,0.685116077293605,0.185049172296491,0.85319046760924,0.941652643063395
"PTI98_003461",8.84371903029517,0.142977267547628,0.759289331342475,0.18830406492718,0.850638299005764,0.941652643063395
"PTI98_001494",8.99507210325305,0.110948502586424,0.601978267467531,0.184306491749569,0.853773021487653,0.941652643063395
"PTI98_001778",8.18837112471555,0.112531794834078,0.623555743686576,0.180467898778014,0.856785253677192,0.941652643063395
"PTI98_001868",8.94429513504183,0.11320519588137,0.613377424467989,0.18456042130921,0.853573831775276,0.941652643063395
"PTI98_005252",8.24702420534412,0.10648443674956,0.5869170527672,0.181430129261889,0.856029971557892,0.941652643063395
"PTI98_007966",16.1953328973792,0.0883118834492182,0.478229381355503,0.184664278047713,0.853492366226034,0.941652643063395
"PTI98_006861",13.1607783143319,0.149822534008091,0.782048511380892,0.191577033684961,0.848073533737696,0.941652643063395
"PTI98_009688",9.48072587398206,-0.115869323594486,0.633057784798251,-0.183031196167049,0.85477354106351,0.941652643063395
"PTI98_010211",7.72057425312204,-0.134382618682546,0.722598235058861,-0.185971418365835,0.852467175146795,0.941652643063395
"PTI98_010806",8.4301976286223,-0.122099946638834,0.626631864560706,-0.194851161494047,0.845509468738608,0.941652643063395
"PTI98_011334",9.94788194387785,0.104856881102683,0.56770952828185,0.184701640326573,0.853463059520184,0.941652643063395
"PTI98_012825",10.2158908414367,-0.120744877275554,0.61964565212525,-0.194861170834371,0.845501632625973,0.941652643063395
"PTI98_012844",13.7355391767457,-0.0943015520387251,0.522751187070622,-0.180394716207474,0.856842702137536,0.941652643063395
"PTI98_004929",11.2858529758708,0.0977196232839184,0.547403313976252,0.178514855114958,0.85831865587419,0.942313142075946
"PTI98_010532",18.2411991306266,-0.0907604411097506,0.52079060791437,-0.174274343143826,0.861649861885493,0.945007027750179
"PTI98_009722",11.2512515307566,0.0942606326654747,0.545384293270068,0.172833420083108,0.862782366905624,0.945286479305552
"PTI98_011296",9.97657723574075,0.109153593782724,0.65215265910995,0.167374298422237,0.867075546784681,0.949024760047867
"PTI98_003734",8.83745401127742,-0.108919138758687,0.678745874262136,-0.160471161430031,0.872509937059322,0.949299199231779
"PTI98_006060",7.92719506318261,-0.117091319497826,0.715890793835756,-0.163560309066762,0.870077292605882,0.949299199231779
"PTI98_006503",12.4274489108732,-0.105449945006922,0.653316424010188,-0.161407154529575,0.871772732058225,0.949299199231779
"PTI98_006699",9.74517714199579,0.105025591353688,0.663176075362148,0.158367581786384,0.874167157367098,0.949299199231779
"PTI98_006719",7.84864456768374,0.123089452438928,0.766228402473071,0.160643291271436,0.872374356171731,0.949299199231779
"PTI98_006736",10.7924084851267,-0.0978070579374291,0.627517208924312,-0.155863546921828,0.876140579420973,0.949299199231779
"PTI98_009088",10.1318412485813,-0.108685444852012,0.659708747378551,-0.164747618223784,0.869142635115782,0.949299199231779
"PTI98_011551",24.0999929936639,-0.0729213650421675,0.464499265940992,-0.156989193286327,0.87525336500292,0.949299199231779
"PTI98_011978",34.0420072313932,0.082767533026123,0.528359564742661,0.156650013644468,0.875520683904246,0.949299199231779
"PTI98_012625",43.2419904433823,-0.0764700009826474,0.479915805125583,-0.159340451316533,0.873400652312611,0.949299199231779
"PTI98_004543",9.88101620192674,0.101880129315753,0.674578167441638,0.151027907858531,0.879953701111268,0.950330206245004
"PTI98_007938",10.8280497923339,0.111625752455039,0.737226343111467,0.151413135868046,0.87964982800226,0.950330206245004
"PTI98_011268",6.87262134968436,0.0952487612812623,0.627842988755398,0.151707931739555,0.879417300966303,0.950330206245004
"PTI98_012715",48.5997728018614,-0.0970158019700581,0.645991757884676,-0.150181176131008,0.880621676724711,0.950330206245004
"PTI98_003424",35.042805695461,0.0748752187498014,0.524932764024128,0.14263773168931,0.886576296572683,0.955798469878658
"PTI98_011656",14.0195916930517,0.0687988833875608,0.491423767231796,0.139999096452145,0.888660704284538,0.957087578514448
"PTI98_005464",11.6560639051241,0.0762306220109797,0.559446464215732,0.136260798641108,0.891615112933564,0.959310166462986
"PTI98_006428",11.3022319129474,0.0703582585085531,0.522000344542051,0.134785846875787,0.892781196273735,0.959606136114583
"PTI98_000827",41.9330676681252,0.0569294416745071,0.431593638756696,0.131905191741253,0.895059282097883,0.961095560139003
"PTI98_010698",14.924902564707,-0.0828163035161303,0.644152595545976,-0.128566280860727,0.897700848795887,0.962971926447381
"PTI98_000992",29.6536768474515,-0.0551395760197091,0.480476977499325,-0.114760079258504,0.908635292072772,0.965589446042704
"PTI98_001547",24.5747393046148,-0.0514654299248567,0.420879160013312,-0.122280775135621,0.90267665695087,0.965589446042704
"PTI98_004852",14.2577389233799,-0.0693062418498198,0.571064456858166,-0.121363255964349,0.903403319198528,0.965589446042704
"PTI98_005254",19.3194757972314,0.0594951650670141,0.507799131757531,0.11716279399907,0.906731049894691,0.965589446042704
"PTI98_005614",14.7483128885079,-0.0761140220948281,0.665441603681687,-0.11438121943941,0.908935600996565,0.965589446042704
"PTI98_007415",11.5072572416407,0.166126580472513,1.45306911995187,0.114328064777824,0.908977735879139,0.965589446042704
"PTI98_007644",7.90621021513447,-0.0996516718599982,0.823555791364398,-0.121001725572112,0.903689668429897,0.965589446042704
"PTI98_006521",6.71121315876175,-0.1074623647106,0.91638800516422,-0.11726731919777,0.90664822181419,0.965589446042704
"PTI98_008695",16.0223630279565,0.0649374226239628,0.542410772628131,0.119720009079692,0.904704949408088,0.965589446042704
"PTI98_009771",6.27877110210423,0.12583891034438,1.10224865082436,0.114165628826369,0.909106497945499,0.965589446042704
"PTI98_000435",12.372349034467,0.0657602886670553,0.58884310601846,0.111677096997368,0.911079439660274,0.965780075309168
"PTI98_004553",25.8605634385619,-0.0567992531872061,0.50581077904449,-0.112293481160096,0.910590710393645,0.965780075309168
"PTI98_001475",15.5804690080403,-0.0538937961262024,0.500424926258177,-0.107696066479306,0.914236789861008,0.967223008526823
"PTI98_006651",8.10658528044213,-0.0692613614624461,0.636587578022037,-0.108800994322966,0.913360335146386,0.967223008526823
"PTI98_002852",43.4203414616557,0.055330260999898,0.535338107692223,0.103355730154201,0.917680646133346,0.969913695667923
"PTI98_001068",10.1193513228914,-0.0675230731129654,0.68252929031521,-0.0989306599307723,0.921193325206005,0.970847562964336
"PTI98_008689",20.4936917026658,0.0804364425704522,0.82329453630007,0.0977006879359821,0.922169969278102,0.970847562964336
"PTI98_010154",43.1727393552382,0.0447529155178401,0.452189241133226,0.0989694390023199,0.921162535087857,0.970847562964336
"PTI98_012008",56.9131501912336,0.0526868711116953,0.53463903717548,0.0985466220163088,0.921498253078481,0.970847562964336
"PTI98_007588",6.89549820250066,0.0669890503417149,0.703500081243564,0.0952225196950932,0.924138083129085,0.970957552790917
"PTI98_009118",35.4540995100398,0.0472921898945668,0.493017865039145,0.0959238868368632,0.923581023104366,0.970957552790917
"PTI98_009707",51.6112263379482,-0.0411576404231799,0.437085716677456,-0.0941637734951467,0.92497906143313,0.970957552790917
"PTI98_010454",11.6198713842076,-0.0548489260301646,0.602100218412136,-0.0910960075297974,0.927416304983849,0.972568023824348
"PTI98_003194",22.4440621223507,0.0534243270071768,0.613312634477841,0.0871078207163643,0.930585808985289,0.973995059550201
"PTI98_013170",20.1546554514286,-0.0392951359910182,0.447285884590408,-0.0878523945082725,0.929993993916019,0.973995059550201
"PTI98_002655",9.55642089514472,0.0514342059137206,0.619096200113311,0.0830795050984109,0.93378832206232,0.975451040602443
"PTI98_005824",7.56317771640202,0.0554024722286853,0.665779694948394,0.0832144216007965,0.93368104573283,0.975451040602443
"PTI98_001039",12.7700423029674,0.0660977828448744,0.832088705224824,0.0794359813200628,0.936685850097416,0.976477220954332
"PTI98_006088",10.720412724461,0.0565108026487383,0.719299357526543,0.0785636773582867,0.93737967947213,0.976477220954332
"PTI98_011777",9.1442986019027,-0.0516245330888809,0.658273431218931,-0.0784241481435568,0.937490665243063,0.976477220954332
"PTI98_006290",7.22880331693601,-0.0592005423393077,0.769844444657095,-0.0768993564221626,0.938703609533456,0.976795929920321
"PTI98_006756",66.7255510877157,0.0423648098197644,0.568681655952713,0.0744965296072203,0.940615302468077,0.9778404254422
"PTI98_002982",11.6076180539449,-0.037748423064582,0.564033889255422,-0.0669258067355022,0.946640768288716,0.982960963469243
"PTI98_010314",15.7363626054409,0.0547702531758539,0.829669973241203,0.0660145056978348,0.947366276769799,0.982960963469243
"PTI98_012869",9.29059613583136,0.0476565858803783,0.748256019525221,0.0636902138263011,0.949216897162327,0.983933203314559
"PTI98_000996",10.8543791438395,-0.0308273100080704,0.497972169090194,-0.0619056885536246,0.950637937378496,0.984458710150616
"PTI98_000875",13.235319767757,0.0334056372267923,0.615289651176849,0.0542925387464233,0.956702094005202,0.985998234682874
"PTI98_001190",11.3302185407715,-0.0287370620120972,0.525337877643994,-0.0547020560195956,0.956375831350511,0.985998234682874
"PTI98_001552",20.9893784830951,-0.0299783286921664,0.510218344523029,-0.0587558817003947,0.95314654901735,0.985998234682874
"PTI98_001765",23.7502842599006,0.0292572727532735,0.536447466840141,0.0545389335615822,0.956505790236904,0.985998234682874
"PTI98_011911",26.3323836279677,0.0253123118353193,0.45048478791341,0.0561890490299634,0.955191204989345,0.985998234682874
"PTI98_000110",10.958170757827,-0.0325625924277458,0.6515606088615,-0.0499763060947528,0.960141269719131,0.986710064396474
"PTI98_000984",14.7863031498356,0.0342418779799154,0.659555681778197,0.051916584036692,0.958595159945436,0.986710064396474
"PTI98_006243",9.24080291306614,-0.0290818790426856,0.573023485527061,-0.0507516354516192,0.959523430492041,0.986710064396474
"PTI98_005804",13.93053444032,0.024983810557834,0.594793627498437,0.0420041664920151,0.96649537666992,0.992293156028126
"PTI98_002274",10.0799657927949,-0.0304210928767094,0.958107722565923,-0.0317512239597007,0.974670444644716,0.996216905283574
"PTI98_007556",20.3848990104164,0.0178486195966433,0.596741915168484,0.0299101154836826,0.976138738470554,0.996216905283574
"PTI98_008062",13.9224609459741,-0.0146045177556021,0.464377539312149,-0.0314496643770386,0.974910934273954,0.996216905283574
"PTI98_006688",9.96282650487695,0.0209089047837733,0.746855166093214,0.0279959297773187,0.977665397443125,0.996216905283574
"PTI98_008809",19.2650497329862,-0.0239270305505459,0.821468323196679,-0.029127149367654,0.976763182916221,0.996216905283574
"PTI98_010152",7.50185667170502,0.0201692971737748,0.722107380145526,0.0279311605563567,0.977717055603284,0.996216905283574
"PTI98_012177",11.7215056399257,-0.0186676846447479,0.545698821574269,-0.0342087684757943,0.972710674402202,0.996216905283574
"PTI98_012978",7.62423062802985,0.0181654279537552,0.623209289438643,0.0291481983044857,0.97674639542234,0.996216905283574
"PTI98_002403",6.61637712975598,-0.0161173670840169,0.700963265350061,-0.0229931693723891,0.981655721561455,0.996514185016073
"PTI98_003911",7.64357920419436,-0.01547539804944,0.617794139946632,-0.0250494413086806,0.980015527502767,0.996514185016073
"PTI98_000714",24.0764454696423,-0.0104054387397107,0.487411326782276,-0.0213483728587186,0.982967756656992,0.996514185016073
"PTI98_006334",20.9704252981706,-0.01332314393798,0.646584794511997,-0.0206054086812164,0.983560425879374,0.996514185016073
"PTI98_008413",11.8424721419407,0.0134056230870898,0.591592954056222,0.022660214248961,0.981921312109617,0.996514185016073
"PTI98_011657",10.80904268798,-0.0125495855755337,0.5429618232175,-0.0231132006688186,0.981559975888646,0.996514185016073
"PTI98_009077",10.6431755703484,-0.00906146557560228,0.539661011895516,-0.0167910324738387,0.986603323939208,0.998657687859517
"PTI98_002980",20.5557638900975,-0.00586041139963518,0.523715095194937,-0.0111900753929077,0.991071797938452,0.999866210153331
"PTI98_003315",26.0237631821281,-0.000968462123537787,0.477363291822336,-0.00202877376649696,0.998381273844776,0.999866210153331
"PTI98_000217",15.6693138007144,-0.00212727312962839,0.512982416507054,-0.0041468733843027,0.996691283234154,0.999866210153331
"PTI98_001759",14.7445251351866,0.0015193593563298,0.537138886096838,0.00282861545804353,0.997743094407187,0.999866210153331
"PTI98_001844",10.1967379324838,0.0074137139003769,0.708069371086344,0.0104703214163925,0.991646044832881,0.999866210153331
"PTI98_006950",36.5024162822134,-0.000541198116679756,0.489658167680449,-0.00110525699845559,0.99911813268476,0.999866210153331
"PTI98_008910",9.23293648839334,-0.0037869389823859,0.604517599804014,-0.00626439823028087,0.995001766060046,0.999866210153331
"PTI98_011262",96.4786986099193,-0.00400461429853356,0.580071052545653,-0.00690366168240811,0.99449171868525,0.999866210153331
"PTI98_012624",39.0432692974547,0.00288431033870865,0.646206739719386,0.00446344824562053,0.996438695381819,0.999866210153331
"PTI98_012678",8.3147199897639,0.00113995002659144,0.794817526988665,0.00143422859698424,0.998855651538127,0.999866210153331
"PTI98_012979",8.97008959843608,0.0095788980212408,0.744246837480557,0.012870592844798,0.989731036194211,0.999866210153331
"PTI98_013003",7.34940551946297,0.000315606624130738,0.919322378877224,0.000343303536803043,0.999726083413696,0.999866210153331
"PTI98_013005",46.0868973893339,-0.000175454605532871,1.04636131744174,-0.000167680707044715,0.999866210153331,0.999866210153331
"PTI98_005396",7.6332728391581,-1.11403903816902,0.770572737105551,-1.44572859189595,NA,NA
"PTI98_007901",15.2937863511075,-4.67077578888653,2.34377893811303,-1.99283973114246,NA,NA
