"","GPNJ7M_10_sample_2B","GPNJ7M_11_sample_2C","GPNJ7M_12_sample_2D","GPNJ7M_13_sample_2E","GPNJ7M_14_sample_2F","GPNJ7M_15_sample_2G","GPNJ7M_16_sample_2H","GPNJ7M_1_sample_1A","GPNJ7M_2_sample_1B","GPNJ7M_3_sample_1C","GPNJ7M_4_sample_1D","GPNJ7M_5_sample_1E","GPNJ7M_6_sample_1F","GPNJ7M_7_sample_1G","GPNJ7M_8_sample_1H","GPNJ7M_9_sample_2A"
"PTI98_002223",11.3475642967382,3.93449477494817,4.16080415996083,15.6631501593053,12.8182601489493,22.7746889121206,16.1166420225277,8.19294962710204,15.4376027354022,11.0589116985859,18.5770953055522,21.3194859655829,10.806916417885,9.37929259996823,14.1730865004053,6.10443187333413
"PTI98_002242",11.3475642967382,14.4264808414766,13.3145733118746,5.22105005310177,6.99177826306325,2.16901799163053,10.9362928010009,20.2918403554969,8.82148727737271,22.1178233971719,8.57404398717793,11.8441588697683,12.6080691541992,26.3928931301432,12.4723161203566,3.05221593666707
"PTI98_002274",30.2601714579686,6.55749129158028,6.65728665593732,20.8842002124071,3.49588913153163,1.08450899581527,1.06896095047377,28.580056838728,2.20537181934318,11.0589116985859,12.8610659807669,9.47532709581464,4.50288184078543,0.872492334880765,3.40154076009726,18.3132956200024
"PTI98_002311",0,10.4919860665285,9.98592998390598,10.4421001062035,13.9835565261265,6.5070539748916,10.6484956220272,18.9581043696896,4.41074363868635,11.0589116985859,5.71602932478529,8.29091120883781,9.00576368157085,32.7184625580287,15.8738568804539,6.10443187333413
"PTI98_002336",7.56504286449215,3.27874564579014,3.32864332796866,5.22105005310177,6.99177826306325,29.2817428870122,7.07158782621112,7.62134849032748,15.4376027354022,33.1767350957578,15.7190806431595,10.6597429827915,2.70172910447126,11.9967696046105,15.3069334204377,6.10443187333413
"PTI98_002403",0,6.55749129158028,3.32864332796866,10.4421001062035,6.99177826306325,7.59156297070686,10.0729012640798,10.6698878864585,6.61611545802953,0,10.0030513183743,5.92207943488415,1.80115273631417,13.9598773580922,11.9053926603404,0
"PTI98_002423",34.0426928902147,53.7714285909583,92.3698523511303,41.7684004248141,142.16615801562,196.296128242563,318.18033829679,59.2559845122961,178.635117366797,55.2945584929297,108.60455717092,113.703925149776,42.327089303383,86.1586180694756,83.9046720823991,64.0965346700084
"PTI98_002430",0,0.655749129158029,0,0,74.5789681393414,35.7887968619038,163.797708718751,0,17.6429745547454,0,1.42900733119632,0,1.80115273631417,0,0,6.10443187333413
"PTI98_002435",128.605728696366,30.8202090704273,49.9296499195299,88.75785090273,5.82648188588605,6.5070539748916,3.78247720936874,90.8845807471551,2.20537181934318,33.1767350957578,40.012205273497,33.1636448353512,63.040345770996,17.0136005301749,10.771545740308,125.14085340335
"PTI98_002458",102.128078670644,51.1484320743262,60.7477407354281,104.421001062035,26.8018166750758,43.3803598326106,75.4850886565327,80.9768277097294,41.9020645675204,55.2945584929297,90.0274618653683,85.2779438623317,45.0288184078543,101.863480097329,77.1015905622046,97.6709099733462
"PTI98_002459",7.56504286449215,4.5902439041062,2.4964824959765,10.4421001062035,2.33059275435442,3.2535269874458,7.7294099495796,6.38287936064926,0,0,2.85801466239264,11.8441588697683,5.40345820894251,11.9967696046105,7.37000498021073,12.2088637466683
"PTI98_002463",15.1300857289843,7.21324042073831,16.6432166398433,10.4421001062035,22.140631166367,36.873305857719,23.517140910423,6.28761250452017,17.6429745547454,0,21.4351099679448,13.0285747567451,3.60230547262834,21.1579391208586,17.5746272605025,6.10443187333413
"PTI98_002483",18.9126071612304,20.3282230038989,29.957789951718,10.4421001062035,33.7935949381391,17.3521439330443,19.5702081702122,25.7220511548552,19.8483463740886,0,17.1480879743559,30.7948130613976,21.61383283577,22.6848007068999,22.1100149406322,36.6265912400048
"PTI98_002508",7.56504286449215,6.55749129158028,7.48944748792949,10.4421001062035,30.2977058066074,6.5070539748916,28.4508068356866,14.7663627000095,13.2322309160591,0,10.0030513183743,14.212990643722,6.3040345770996,26.174770046423,23.8107853206808,0
"PTI98_002513",7.56504286449215,12.4592334540025,7.48944748792949,10.4421001062035,15.1488529033037,10.8450899581527,14.0609478870012,6.28761250452017,30.8752054708045,0,14.2900733119632,8.29091120883781,10.806916417885,5.67120017672497,7.93692844022694,6.10443187333413
"PTI98_002515",0,18.3609756164248,11.6502516478903,10.4421001062035,6.99177826306325,8.67607196652213,8.09943489397436,7.71661534645657,0,0,4.28702199358896,3.55324766093049,8.10518731341377,15.0504927766932,8.50385190024315,18.3132956200024
"PTI98_002519",7.56504286449215,9.1804878082124,7.48944748792949,5.22105005310177,26.8018166750758,18.4366529288595,25.3672656323969,12.3846912967821,13.2322309160591,22.1178233971719,2.85801466239264,8.29091120883781,6.3040345770996,14.6142466092528,17.0077038004863,9.1566478100012
"PTI98_002536",7.56504286449215,40.6564460077978,20.8040207998041,10.4421001062035,4.66118550870884,4.33803598326106,9.90844573323767,21.3397757729169,6.61611545802953,0,5.71602932478529,7.10649532186098,11.7074927860421,15.2686158604134,5.6692346001621,0
"PTI98_002556",0,0.655749129158029,6.65728665593732,0,41.9506695783795,48.802904811687,13.4853535290538,0.476334280645467,35.2859491094908,0,4.28702199358896,1.18441588697683,0,0.654369251160574,0.56692346001621,0
"PTI98_002562",3.78252143224607,9.83623693737043,9.98592998390598,5.22105005310177,31.4630021837846,13.0141079497832,25.8606322249232,15.7190312613004,8.82148727737271,22.1178233971719,14.2900733119632,11.8441588697683,16.2103746268275,22.0304314557393,23.2438618606646,12.2088637466683
"PTI98_002594",22.6951285934764,11.1477351956865,12.4824124798825,10.4421001062035,23.3059275435442,13.0141079497832,88.8882144201654,20.5776409238842,17.6429745547454,44.2356467943438,21.4351099679448,10.6597429827915,17.1109509949846,13.9598773580922,12.4723161203566,18.3132956200024
"PTI98_002623",34.0426928902147,30.1644599412693,60.7477407354281,41.7684004248141,69.9177826306325,36.873305857719,36.0979890198451,34.5818687748609,28.6698336514613,11.0589116985859,38.5831979423007,63.9584578967488,49.5317002486397,43.1883705765979,46.4877237213292,30.5221593666707
"PTI98_002629",18.9126071612304,1.96724738747409,9.98592998390598,5.22105005310177,9.32237101741767,14.0986169455985,14.1431756524222,5.33494394322923,24.2590900127749,0,11.4320586495706,1.18441588697683,6.3040345770996,9.37929259996823,3.40154076009726,3.05221593666707
"PTI98_002647",3.78252143224607,14.4264808414766,12.4824124798825,5.22105005310177,2.33059275435442,9.7605809623374,14.0609478870012,17.5291015277532,13.2322309160591,0,15.7190806431595,7.10649532186098,10.806916417885,13.7417542743721,14.1730865004053,12.2088637466683
"PTI98_002652",0,8.52473867905437,9.98592998390598,5.22105005310177,2.33059275435442,3.2535269874458,8.26389042481648,13.3373598580731,6.61611545802953,11.0589116985859,2.85801466239264,7.10649532186098,10.806916417885,11.9967696046105,9.63769882027558,9.1566478100012
"PTI98_002655",3.78252143224607,30.1644599412693,19.1396991358198,5.22105005310177,6.99177826306325,13.0141079497832,8.67502925192178,6.19234564839107,8.82148727737271,0,8.57404398717793,4.73766354790732,8.10518731341377,13.5236311906519,6.80308152019452,9.1566478100012
"PTI98_002669",3.78252143224607,6.55749129158028,4.16080415996083,10.4421001062035,4.66118550870884,10.8450899581527,8.18166265939542,8.47875019548932,15.4376027354022,11.0589116985859,2.85801466239264,2.36883177395366,6.3040345770996,4.36246167440383,2.83461730008105,3.05221593666707
"PTI98_002678",41.6077357547068,11.8034843248445,19.971859967812,0,10.4876673945949,4.33803598326106,14.4309728313959,50.6819674606777,17.6429745547454,22.1178233971719,31.4381612863191,21.3194859655829,20.713256467613,36.426554981272,32.8815606809402,15.2610796833353
"PTI98_002681",7.56504286449215,13.1149825831606,9.98592998390598,5.22105005310177,2.33059275435442,8.67607196652213,3.98804662292139,10.6698878864585,6.61611545802953,22.1178233971719,14.2900733119632,3.55324766093049,8.10518731341377,7.6343079302067,11.9053926603404,0
"PTI98_002693",26.4776500257225,9.83623693737043,4.99296499195299,5.22105005310177,12.8182601489493,14.0986169455985,8.46945983836913,19.1486380819478,11.0268590967159,0,10.0030513183743,8.29091120883781,9.00576368157085,14.3961235255326,6.23615806017831,6.10443187333413
"PTI98_002696",3.78252143224607,2.62299651663211,8.32160831992165,5.22105005310177,4.66118550870884,7.59156297070686,7.11270170892165,15.337963836784,2.20537181934318,0,15.7190806431595,10.6597429827915,9.00576368157085,9.81553876740861,14.1730865004053,9.1566478100012
"PTI98_002703",18.9126071612304,10.4919860665285,22.4683424637885,20.8842002124071,52.4383369729744,42.2958508367954,39.8393523465033,23.6261803200152,41.9020645675204,22.1178233971719,15.7190806431595,20.1350700786061,50.4322766167968,17.2317236138951,37.4169483610699,21.3655115566695
"PTI98_002712",3.78252143224607,15.0822299706347,2.4964824959765,0,19.8100384120126,19.5211619246748,9.78510408510608,4.95387651871286,19.8483463740886,0,5.71602932478529,14.212990643722,9.00576368157085,9.37929259996823,4.53538768012968,9.1566478100012
"PTI98_002730",7.56504286449215,12.4592334540025,1.66432166398433,15.6631501593053,0,1.08450899581527,0.0822277654210595,8.28821648323113,2.20537181934318,0,1.42900733119632,16.5818224176756,5.40345820894251,9.37929259996823,10.771545740308,3.05221593666707
"PTI98_002744",11.3475642967382,13.7707317123186,5.82512582394516,5.22105005310177,23.3059275435442,10.8450899581527,17.1033752075804,6.85921364129473,11.0268590967159,0,12.8610659807669,5.92207943488415,6.3040345770996,15.922985111574,5.6692346001621,6.10443187333413
"PTI98_002745",52.955300051445,23.606968649689,21.6361816317963,20.8842002124071,23.3059275435442,63.9860307531007,52.6257698694781,11.3367558793621,88.2148727737271,44.2356467943438,34.2961759487117,28.4259812874439,42.327089303383,12.4330157720509,27.7792495407943,51.8876709233401
"PTI98_002756",3.78252143224607,20.3282230038989,9.98592998390598,10.4421001062035,22.140631166367,17.3521439330443,35.3579391310556,5.04914337484195,33.0805772901477,11.0589116985859,10.0030513183743,8.29091120883781,7.20461094525668,4.36246167440383,3.40154076009726,3.05221593666707
"PTI98_002762",0,4.5902439041062,9.15376915191382,5.22105005310177,12.8182601489493,13.0141079497832,18.7890443987121,7.14501420968201,17.6429745547454,0,7.14503665598161,7.10649532186098,8.10518731341377,4.58058475812402,2.83461730008105,6.10443187333413
"PTI98_002767",11.3475642967382,7.21324042073831,4.16080415996083,5.22105005310177,12.8182601489493,3.2535269874458,12.0052537514747,18.0054358083987,4.41074363868635,0,30.0091539551228,15.3974065306988,8.10518731341377,10.9061541860096,15.8738568804539,15.2610796833353
"PTI98_002804",45.3902571869529,53.7714285909583,43.2723632635926,52.2105005310177,59.4301152360377,68.3240667363618,94.0685636416921,37.0588070342174,101.447103689786,0,42.8702199358896,43.8233878181427,57.6368875620535,43.4064936603181,58.9600398416859,64.0965346700084
"PTI98_002807",15.1300857289843,3.93449477494817,11.6502516478903,10.4421001062035,17.4794456576581,3.2535269874458,16.4866669669224,7.81188220258566,6.61611545802953,0,8.57404398717793,5.92207943488415,11.7074927860421,13.3055081069317,5.6692346001621,6.10443187333413
"PTI98_002809",3.78252143224607,11.1477351956865,8.32160831992165,10.4421001062035,8.15707464024046,11.9295989539679,2.83685790702655,17.9101689522696,8.82148727737271,0,5.71602932478529,3.55324766093049,18.0115273631417,16.5773543627345,13.606163040389,3.05221593666707
"PTI98_002852",26.4776500257225,66.8864111741189,64.0763840633967,41.7684004248141,58.2648188588605,26.0282158995664,32.8499922857133,40.774214423252,22.0537181934318,110.589116985859,31.4381612863191,30.7948130613976,60.3386166665247,28.1378777999047,32.8815606809402,21.3655115566695
"PTI98_002857",18.9126071612304,17.7052264872668,18.3075383038276,31.3263003186106,16.3141492804809,11.9295989539679,20.8447385342386,18.9581043696896,22.0537181934318,33.1767350957578,12.8610659807669,29.6103971744207,18.9121037312988,22.0304314557393,13.0392395803728,27.4699434300036
"PTI98_002867",11.3475642967382,18.3609756164248,4.99296499195299,20.8842002124071,2.33059275435442,8.67607196652213,9.37396525800079,7.2402810658111,24.2590900127749,11.0589116985859,5.71602932478529,13.0285747567451,16.2103746268275,7.19806176276631,9.07077536025936,6.10443187333413
"PTI98_002869",15.1300857289843,8.52473867905437,4.16080415996083,36.5473503717124,5.82648188588605,19.5211619246748,16.7744641458961,8.6692839077475,17.6429745547454,0,14.2900733119632,8.29091120883781,47.7305475123255,20.9398160371384,43.6531064212482,18.3132956200024
"PTI98_002886",18.9126071612304,6.55749129158028,19.1396991358198,0,6.99177826306325,8.67607196652213,7.07158782621112,38.5830767322828,4.41074363868635,0,8.57404398717793,21.3194859655829,18.9121037312988,31.6278471394277,23.8107853206808,18.3132956200024
"PTI98_002887",0,3.93449477494817,4.16080415996083,10.4421001062035,2.33059275435442,5.42254497907633,6.61933511639529,15.337963836784,4.41074363868635,11.0589116985859,7.14503665598161,2.36883177395366,15.3097982586705,9.37929259996823,3.40154076009726,9.1566478100012
"PTI98_002893",22.6951285934764,20.9839721330569,27.4613074557415,26.1052502655088,15.1488529033037,42.2958508367954,25.5728350459495,21.9113769096915,41.9020645675204,11.0589116985859,17.1480879743559,22.5039018525598,22.5144092039271,32.7184625580287,22.6769384006484,12.2088637466683
"PTI98_002899",11.3475642967382,6.55749129158028,9.15376915191382,5.22105005310177,1.16529637717721,3.2535269874458,1.97346637010543,10.7651547425876,2.20537181934318,0,4.28702199358896,8.29091120883781,11.7074927860421,7.85243101392689,18.1415507205187,12.2088637466683
"PTI98_002907",26.4776500257225,7.86898954989634,14.978894975859,31.3263003186106,12.8182601489493,15.1831259414137,22.4070660772387,39.1546778690574,17.6429745547454,0,18.5770953055522,26.0571495134902,33.3213256218122,31.8459702231479,26.0784791607457,15.2610796833353
"PTI98_002958",7.56504286449215,12.4592334540025,8.32160831992165,0,5.82648188588605,11.9295989539679,9.16839584444814,3.04853939613099,11.0268590967159,11.0589116985859,8.57404398717793,4.73766354790732,2.70172910447126,1.30873850232115,3.40154076009726,3.05221593666707
"PTI98_002980",15.1300857289843,23.606968649689,25.7969857917571,15.6631501593053,15.1488529033037,28.1972338911969,21.5436745403176,10.7651547425876,44.1074363868635,11.0589116985859,21.4351099679448,18.9506541916293,31.520172885498,15.0504927766932,18.7084741805349,12.2088637466683
"PTI98_002982",7.56504286449215,7.21324042073831,8.32160831992165,10.4421001062035,16.3141492804809,6.5070539748916,12.5397342267116,14.0042278509767,19.8483463740886,0,10.0030513183743,10.6597429827915,18.9121037312988,10.4699080185692,8.50385190024315,24.4177274933365
"PTI98_002984",11.3475642967382,4.5902439041062,3.32864332796866,41.7684004248141,8.15707464024046,9.7605809623374,8.71614313463231,13.6231604264604,4.41074363868635,0,10.0030513183743,11.8441588697683,6.3040345770996,8.72492334880765,7.93692844022694,6.10443187333413
"PTI98_003000",15.1300857289843,14.4264808414766,6.65728665593732,0,9.32237101741767,5.42254497907633,7.97609324584277,10.9556884548457,6.61611545802953,0,2.85801466239264,7.10649532186098,8.10518731341377,14.6142466092528,5.6692346001621,9.1566478100012
"PTI98_003009",18.9126071612304,46.55818817022,34.1185941116788,20.8842002124071,23.3059275435442,60.7325037656549,28.6563762492392,16.290632398075,55.1342954835794,44.2356467943438,11.4320586495706,20.1350700786061,16.2103746268275,18.3223390324961,10.771545740308,27.4699434300036
"PTI98_003030",0,3.93449477494817,4.16080415996083,0,1.16529637717721,5.42254497907633,11.100748331843,11.1462221671039,0,0,4.28702199358896,14.212990643722,5.40345820894251,4.79870784184421,11.9053926603404,24.4177274933365
"PTI98_003031",102.128078670644,0.655749129158029,1.66432166398433,36.5473503717124,0,0,0.452252709815827,40.5836807109938,0,22.1178233971719,30.0091539551228,18.9506541916293,4.50288184078543,3.27184625580287,18.1415507205187,73.2531824800096
"PTI98_003033",30.2601714579686,22.951219520531,16.6432166398433,41.7684004248141,20.9753347891898,61.8170127614702,19.1179554603963,15.8142981174295,52.9289236642363,0,21.4351099679448,20.1350700786061,11.7074927860421,19.1948313673768,17.0077038004863,24.4177274933365
"PTI98_003037",26.4776500257225,85.9031359197017,49.0974890875378,15.6631501593053,58.2648188588605,78.0846476986992,64.9188207999265,43.9180206755121,99.241731870443,55.2945584929297,42.8702199358896,48.56105136605,74.7478385570381,36.426554981272,49.8892644814265,61.0443187333413
"PTI98_003051",18.9126071612304,9.83623693737043,13.3145733118746,15.6631501593053,26.8018166750758,10.8450899581527,23.1882298487388,12.194157584524,24.2590900127749,11.0589116985859,14.2900733119632,17.7662383046524,10.806916417885,12.6511388557711,15.8738568804539,21.3655115566695
"PTI98_003091",11.3475642967382,7.21324042073831,19.1396991358198,26.1052502655088,11.6529637717721,7.59156297070686,11.1418622145536,28.7705905509862,8.82148727737271,11.0589116985859,18.5770953055522,20.1350700786061,21.61383283577,14.832369692973,27.7792495407943,30.5221593666707
"PTI98_003092",7.56504286449215,9.1804878082124,13.3145733118746,0,3.49588913153163,4.33803598326106,5.42703251778993,22.7687786148533,6.61611545802953,11.0589116985859,14.2900733119632,8.29091120883781,9.90634004972794,13.0873850232115,15.3069334204377,9.1566478100012
"PTI98_003093",26.4776500257225,9.1804878082124,4.99296499195299,31.3263003186106,18.6447420348353,14.0986169455985,19.4879804047911,26.7699865722753,6.61611545802953,11.0589116985859,47.1572419294786,20.1350700786061,12.6080691541992,16.3592312790143,20.4092445605836,30.5221593666707
"PTI98_003095",34.0426928902147,54.4271777201164,63.2442232314046,20.8842002124071,13.9835565261265,13.0141079497832,21.5025606576071,19.4344386503351,35.2859491094908,11.0589116985859,65.7343372350308,36.7168924962817,33.3213256218122,44.7152321626392,69.1646621219777,36.6265912400048
"PTI98_003111",26.4776500257225,29.5087108121113,46.6010065915613,41.7684004248141,43.1159659555567,80.2536656903297,45.1019293334512,17.9101689522696,33.0805772901477,22.1178233971719,41.4412126046933,24.8727336265134,17.1109509949846,53.8764016788873,31.7477137609078,18.3132956200024
"PTI98_003122",18.9126071612304,26.8857142954792,14.1467341438668,20.8842002124071,16.3141492804809,17.3521439330443,14.9654533066328,22.9593123271115,17.6429745547454,11.0589116985859,21.4351099679448,20.1350700786061,5.40345820894251,35.335939562671,15.3069334204377,12.2088637466683
"PTI98_003147",7.56504286449215,2.62299651663211,1.66432166398433,10.4421001062035,11.6529637717721,6.5070539748916,6.57822123368476,15.337963836784,6.61611545802953,0,11.4320586495706,8.29091120883781,2.70172910447126,17.6679697813355,11.9053926603404,0
"PTI98_003151",7.56504286449215,7.86898954989634,8.32160831992165,5.22105005310177,2.33059275435442,4.33803598326106,5.09812145610569,24.0072477445315,6.61611545802953,0,11.4320586495706,5.92207943488415,11.7074927860421,18.1042159487759,15.8738568804539,3.05221593666707
"PTI98_003162",3.78252143224607,1.96724738747409,6.65728665593732,15.6631501593053,9.32237101741767,21.6901799163053,17.226716855712,11.0509553109748,4.41074363868635,0,14.2900733119632,4.73766354790732,5.40345820894251,17.8860928650557,11.3384692003242,3.05221593666707
"PTI98_003194",11.3475642967382,16.3937282289507,12.4824124798825,5.22105005310177,34.9588913153163,32.535269874458,42.7995519016615,26.1031185793716,33.0805772901477,0,11.4320586495706,26.0571495134902,7.20461094525668,51.9132939254055,32.314637220924,15.2610796833353
"PTI98_003207",34.0426928902147,19.6724738747409,15.8110558078511,20.8842002124071,18.6447420348353,23.8591979079359,29.8075649651341,54.6831754180996,17.6429745547454,0,31.4381612863191,40.2701401572122,19.8126800994559,50.6045554230844,43.086182961232,24.4177274933365
"PTI98_003211",11.3475642967382,24.9184669080051,34.1185941116788,15.6631501593053,4.66118550870884,11.9295989539679,8.34611819023754,24.1977814567897,0,0,17.1480879743559,18.9506541916293,19.8126800994559,30.5372317208268,22.1100149406322,18.3132956200024
"PTI98_003218",15.1300857289843,35.4104529745335,21.6361816317963,20.8842002124071,16.3141492804809,9.7605809623374,13.7731507080275,34.7724024871191,11.0268590967159,22.1178233971719,17.1480879743559,27.2415654004671,36.0230547262834,29.664739385946,32.314637220924,21.3655115566695
"PTI98_003243",185.343550180058,162.625784031191,237.165837117767,250.610402548885,216.745126154961,66.1550487447312,45.8830931049512,164.525860534944,79.3933854963544,77.4123818901016,237.215216978589,243.989672717227,146.793948009605,98.8097569252467,179.147813365122,238.072843060031
"PTI98_003263",26.4776500257225,56.3944251075905,41.6080415996083,46.9894504779159,41.9506695783795,56.3944677823938,28.2863513048445,17.7196352400114,48.5181800255499,11.0589116985859,24.2931246303375,27.2415654004671,33.3213256218122,20.2854467859778,15.8738568804539,33.5743753033377
"PTI98_003276",15.1300857289843,21.6397212622149,42.4402024316004,15.6631501593053,290.158797917125,142.0706784518,897.88608451526,16.7669666787204,134.527680979934,22.1178233971719,22.8641172991411,10.6597429827915,73.847262188881,9.37929259996823,23.8107853206808,18.3132956200024
"PTI98_003277",11.3475642967382,3.93449477494817,7.48944748792949,10.4421001062035,9.32237101741767,14.0986169455985,13.1564424673695,10.9556884548457,15.4376027354022,11.0589116985859,7.14503665598161,7.10649532186098,9.90634004972794,13.9598773580922,13.0392395803728,12.2088637466683
"PTI98_003294",7.56504286449215,7.21324042073831,13.3145733118746,0,6.99177826306325,22.7746889121206,7.97609324584277,14.0994947071058,8.82148727737271,0,12.8610659807669,4.73766354790732,8.10518731341377,10.9061541860096,12.4723161203566,12.2088637466683
"PTI98_003297",7.56504286449215,3.27874564579014,8.32160831992165,10.4421001062035,13.9835565261265,3.2535269874458,5.50926028321099,5.23967708710014,22.0537181934318,11.0589116985859,7.14503665598161,1.18441588697683,11.7074927860421,4.14433859068363,10.2046222802918,0
"PTI98_003299",30.2601714579686,17.0494773581087,14.1467341438668,5.22105005310177,9.32237101741767,8.67607196652213,14.7598838930802,40.2026132864774,17.6429745547454,22.1178233971719,22.8641172991411,27.2415654004671,18.0115273631417,30.3191086371066,28.3461730008105,21.3655115566695
"PTI98_003304",173.995985883319,154.101045352137,232.172872125814,120.084151221341,346.093024021631,155.084786401583,269.254817871259,296.37518941761,253.617759224465,110.589116985859,131.468674470062,142.12990643722,285.482708705796,231.646714910843,155.337028044442,180.080740263357
"PTI98_003311",64.3028643481832,14.4264808414766,14.978894975859,31.3263003186106,17.4794456576581,15.1831259414137,15.0887949547644,18.0054358083987,30.8752054708045,11.0589116985859,37.1541906111044,29.6103971744207,42.327089303383,9.16116951624804,22.6769384006484,57.9921027966743
"PTI98_003313",0,5.24599303326423,8.32160831992165,0,18.6447420348353,41.2113418409801,39.0170746922927,3.62014053290555,24.2590900127749,0,14.2900733119632,5.92207943488415,8.10518731341377,4.79870784184421,8.50385190024315,0
"PTI98_003314",26.4776500257225,19.0167247455828,29.957789951718,15.6631501593053,85.0666355339363,28.1972338911969,109.897408485246,36.5824727535719,52.9289236642363,11.0589116985859,22.8641172991411,13.0285747567451,71.1455330844097,22.4666776231797,28.3461730008105,39.6788071766719
"PTI98_003315",30.2601714579686,24.9184669080051,22.4683424637885,15.6631501593053,29.1324094294302,24.9437069037511,31.4932341562658,32.4859979400209,17.6429745547454,22.1178233971719,10.0030513183743,29.6103971744207,23.4149855720842,34.6815703115104,18.7084741805349,48.8354549866731
"PTI98_003327",15.1300857289843,13.7707317123186,19.1396991358198,10.4421001062035,108.37256307748,120.380498535495,451.800457106012,20.4823740677551,108.063219147816,0,17.1480879743559,21.3194859655829,45.9293947760114,14.6142466092528,27.2123260807781,15.2610796833353
"PTI98_003329",26.4776500257225,12.4592334540025,22.4683424637885,20.8842002124071,27.967113052253,47.7183958158717,25.2439239842653,14.5758289877513,46.3128082062067,33.1767350957578,30.0091539551228,29.6103971744207,14.4092218905134,23.993539209221,21.543091480616,24.4177274933365
"PTI98_003337",94.5630358061518,56.3944251075905,42.4402024316004,57.4315505841194,88.5625246654679,90.0142466526671,165.360036261751,49.7292988993868,88.2148727737271,121.648028684445,51.4442639230676,56.8519625748878,73.847262188881,50.6045554230844,56.692346001621,82.4098302900108
"PTI98_003342",26.4776500257225,30.1644599412693,27.4613074557415,20.8842002124071,11.6529637717721,27.1127248953816,62.780898898979,35.4392704800228,30.8752054708045,22.1178233971719,34.2961759487117,37.9013083832585,25.2161383083984,25.9566469627028,24.9446322407133,9.1566478100012
"PTI98_003349",0,7.21324042073831,5.82512582394516,5.22105005310177,12.8182601489493,7.59156297070686,11.2240899799746,9.24088504452206,11.0268590967159,33.1767350957578,2.85801466239264,4.73766354790732,9.00576368157085,14.3961235255326,6.80308152019452,0
"PTI98_003352",7.56504286449215,4.5902439041062,9.98592998390598,20.8842002124071,9.32237101741767,14.0986169455985,14.3898589486854,8.09768277097294,11.0268590967159,0,7.14503665598161,11.8441588697683,8.10518731341377,11.3424003534499,9.07077536025936,15.2610796833353
"PTI98_003366",49.172778619199,16.3937282289507,32.4542724476944,46.9894504779159,24.4712239207214,39.0423238493496,33.0966755819765,38.773610444541,30.8752054708045,11.0589116985859,41.4412126046933,46.1922195920964,27.9178674128696,51.258924674245,38.5507952811023,45.783239050006
"PTI98_003367",0,11.1477351956865,6.65728665593732,5.22105005310177,9.32237101741767,6.5070539748916,10.4429262084746,12.4799581529112,11.0268590967159,11.0589116985859,1.42900733119632,8.29091120883781,14.4092218905134,9.37929259996823,10.2046222802918,15.2610796833353
"PTI98_003389",22.6951285934764,13.7707317123186,22.4683424637885,20.8842002124071,43.1159659555567,39.0423238493496,26.1073155211864,21.9113769096915,17.6429745547454,11.0589116985859,18.5770953055522,28.4259812874439,15.3097982586705,42.5340013254373,23.8107853206808,9.1566478100012
"PTI98_003392",11.3475642967382,3.27874564579014,4.16080415996083,10.4421001062035,20.9753347891898,5.42254497907633,15.4999337818697,3.33433996451827,6.61611545802953,0,5.71602932478529,7.10649532186098,5.40345820894251,4.79870784184421,5.10231114014589,6.10443187333413
"PTI98_003395",3.78252143224607,10.4919860665285,4.99296499195299,5.22105005310177,15.1488529033037,16.267634937229,12.9508730538169,10.9556884548457,8.82148727737271,11.0589116985859,10.0030513183743,7.10649532186098,9.00576368157085,17.0136005301749,3.40154076009726,12.2088637466683
"PTI98_003397",3.78252143224607,7.86898954989634,9.98592998390598,20.8842002124071,8.15707464024046,7.59156297070686,8.8394847827639,11.7178233038785,4.41074363868635,0,1.42900733119632,7.10649532186098,5.40345820894251,8.94304643252784,10.2046222802918,21.3655115566695
"PTI98_003406",3.78252143224607,17.0494773581087,14.1467341438668,5.22105005310177,61.7607079903921,16.267634937229,66.9334010527425,16.5764329664623,24.2590900127749,33.1767350957578,15.7190806431595,17.7662383046524,23.4149855720842,25.9566469627028,75.9677436421722,18.3132956200024
"PTI98_003411",0,5.90174216242226,12.4824124798825,0,29.1324094294302,34.7042878660885,44.3207655619511,12.0036238722658,26.4644618321181,0,5.71602932478529,5.92207943488415,39.6253601989118,9.59741568368842,20.9761680205998,9.1566478100012
"PTI98_003413",41.6077357547068,26.2299651663211,19.1396991358198,93.9789009558318,15.1488529033037,9.7605809623374,13.6909229426064,27.0557871406625,17.6429745547454,33.1767350957578,17.1480879743559,29.6103971744207,79.2507203978235,20.2854467859778,20.4092445605836,33.5743753033377
"PTI98_003424",45.3902571869529,18.3609756164248,33.2864332796866,20.8842002124071,32.6282985609619,73.7466117154381,29.643109434292,32.2954642277627,63.9557827609521,0,22.8641172991411,41.454556044189,49.5317002486397,27.9197547161845,35.149254521005,33.5743753033377
"PTI98_003426",18.9126071612304,9.1804878082124,4.99296499195299,5.22105005310177,16.3141492804809,8.67607196652213,14.7598838930802,9.52668561290935,8.82148727737271,0,11.4320586495706,7.10649532186098,2.70172910447126,9.16116951624804,6.80308152019452,15.2610796833353
"PTI98_003427",22.6951285934764,9.1804878082124,11.6502516478903,5.22105005310177,23.3059275435442,34.7042878660885,25.7372905767916,10.5746210303294,28.6698336514613,11.0589116985859,14.2900733119632,21.3194859655829,13.5086455223563,13.7417542743721,12.4723161203566,24.4177274933365
"PTI98_003430",0,5.90174216242226,7.48944748792949,5.22105005310177,15.1488529033037,26.0282158995664,22.9826604351861,3.14380625226008,22.0537181934318,0,7.14503665598161,9.47532709581464,3.60230547262834,5.67120017672497,8.50385190024315,6.10443187333413
"PTI98_003431",11.3475642967382,5.90174216242226,9.15376915191382,5.22105005310177,18.6447420348353,16.267634937229,14.4720867141065,8.00241591484385,28.6698336514613,0,8.57404398717793,14.212990643722,2.70172910447126,5.67120017672497,6.80308152019452,0
"PTI98_003448",3.78252143224607,18.3609756164248,16.6432166398433,0,5.82648188588605,2.16901799163053,4.23472991918457,6.57341307290745,2.20537181934318,22.1178233971719,1.42900733119632,4.73766354790732,13.5086455223563,5.67120017672497,8.50385190024315,0
"PTI98_003450",64.3028643481832,1.96724738747409,5.82512582394516,15.6631501593053,10.4876673945949,11.9295989539679,13.6498090598959,12.4799581529112,8.82148727737271,11.0589116985859,12.8610659807669,5.92207943488415,7.20461094525668,3.48996933952306,10.2046222802918,24.4177274933365
"PTI98_003461",0,3.93449477494817,9.15376915191382,5.22105005310177,11.6529637717721,5.42254497907633,28.245237422134,16.290632398075,8.82148727737271,0,2.85801466239264,7.10649532186098,9.90634004972794,14.1780004418124,18.7084741805349,0
"PTI98_003470",45.3902571869529,6.55749129158028,14.1467341438668,31.3263003186106,38.4547804468479,28.1972338911969,31.8632591006606,38.9641441567992,41.9020645675204,0,27.1511392927301,33.1636448353512,14.4092218905134,27.7016316324643,27.2123260807781,33.5743753033377
"PTI98_003476",26.4776500257225,7.86898954989634,11.6502516478903,52.2105005310177,10.4876673945949,17.3521439330443,24.133849151081,26.8652534284044,15.4376027354022,22.1178233971719,18.5770953055522,26.0571495134902,17.1109509949846,37.5171703998729,30.6138668408754,42.7310231133389
"PTI98_003500",0,3.93449477494817,4.99296499195299,0,5.82648188588605,15.1831259414137,10.1962429122114,7.3355479219402,13.2322309160591,11.0589116985859,10.0030513183743,11.8441588697683,3.60230547262834,5.88932326044517,7.37000498021073,6.10443187333413
"PTI98_003524",41.6077357547068,7.21324042073831,7.48944748792949,46.9894504779159,9.32237101741767,39.0423238493496,24.2983046819231,20.4823740677551,26.4644618321181,33.1767350957578,22.8641172991411,17.7662383046524,15.3097982586705,17.6679697813355,20.4092445605836,36.6265912400048
"PTI98_003526",11.3475642967382,11.8034843248445,7.48944748792949,10.4421001062035,8.15707464024046,10.8450899581527,6.33153793742158,3.71540738903464,8.82148727737271,22.1178233971719,8.57404398717793,3.55324766093049,5.40345820894251,5.0168309255644,5.10231114014589,0
"PTI98_003545",52.955300051445,7.86898954989634,11.6502516478903,36.5473503717124,3.49588913153163,2.16901799163053,1.43898589486854,16.3858992542041,2.20537181934318,0,15.7190806431595,35.5324766093049,2.70172910447126,26.3928931301432,23.8107853206808,54.9398868600072
"PTI98_003579",15.1300857289843,8.52473867905437,5.82512582394516,41.7684004248141,0,5.42254497907633,5.59148804863205,3.71540738903464,2.20537181934318,0,20.0061026367485,15.3974065306988,7.20461094525668,14.6142466092528,18.1415507205187,3.05221593666707
"PTI98_003609",15.1300857289843,11.1477351956865,8.32160831992165,5.22105005310177,13.9835565261265,5.42254497907633,12.8275314056853,10.0982867496839,4.41074363868635,0,5.71602932478529,9.47532709581464,4.50288184078543,10.251784934849,11.9053926603404,3.05221593666707
"PTI98_003621",3.78252143224607,4.5902439041062,8.32160831992165,10.4421001062035,12.8182601489493,23.8591979079359,17.0622613248699,3.14380625226008,6.61611545802953,0,11.4320586495706,14.212990643722,2.70172910447126,11.7786465208903,3.96846422011347,0
"PTI98_003625",22.6951285934764,37.3777003620076,18.3075383038276,20.8842002124071,20.9753347891898,63.9860307531007,37.4136332665821,15.9095649735586,66.1611545802953,22.1178233971719,15.7190806431595,16.5818224176756,27.0172910447126,18.9767082836566,7.93692844022694,15.2610796833353
"PTI98_003634",18.9126071612304,21.6397212622149,11.6502516478903,20.8842002124071,150.32323265586,69.408575732177,260.497560853917,19.339171794206,108.063219147816,33.1767350957578,14.2900733119632,20.1350700786061,20.713256467613,13.3055081069317,9.63769882027558,30.5221593666707
"PTI98_003635",3.78252143224607,5.90174216242226,0.832160831992165,5.22105005310177,13.9835565261265,15.1831259414137,19.9813469973175,4.09647481355102,11.0268590967159,0,5.71602932478529,5.92207943488415,4.50288184078543,8.07055409764708,1.70077038004863,0
"PTI98_003699",192.90859304455,74.7554007240152,94.8663348471068,125.305201274442,85.0666355339363,75.9156297070686,116.557857484352,136.136337408475,112.473962786502,66.3534701915156,104.317535177331,55.667546687911,123.378962437521,70.8900022090622,103.18006972295,180.080740263357
"PTI98_003716",37.8252143224607,41.9679442661138,38.2793982716396,26.1052502655088,64.0913007447465,79.1691566945144,51.762378332557,19.1486380819478,83.8041291350407,22.1178233971719,24.2931246303375,21.3194859655829,29.7190201491838,23.5572930417807,17.0077038004863,21.3655115566695
"PTI98_003734",11.3475642967382,4.5902439041062,6.65728665593732,0,8.15707464024046,11.9295989539679,9.82621796781661,12.6704918651694,6.61611545802953,0,5.71602932478529,5.92207943488415,7.20461094525668,13.0873850232115,10.2046222802918,27.4699434300036
"PTI98_003742",7.56504286449215,19.6724738747409,9.98592998390598,0,17.4794456576581,29.2817428870122,34.8645725385292,12.0988907283949,26.4644618321181,0,10.0030513183743,20.1350700786061,4.50288184078543,11.5605234371701,5.10231114014589,15.2610796833353
"PTI98_003749",7.56504286449215,2.62299651663211,0.832160831992165,0,45.4465587099112,32.535269874458,173.582812803857,18.0054358083987,48.5181800255499,0,7.14503665598161,9.47532709581464,13.5086455223563,7.4161848464865,3.40154076009726,0
"PTI98_003802",30.2601714579686,97.0508711153882,74.0623140473027,10.4421001062035,43.1159659555567,67.2395577405465,31.739917452529,28.3895231264698,39.6966927481772,33.1767350957578,20.0061026367485,30.7948130613976,46.8299711441684,26.8291392975835,25.5115557007295,15.2610796833353
"PTI98_003811",79.4329500771675,28.8529616829533,59.0834190714437,41.7684004248141,17.4794456576581,40.1268328451648,18.5834749851595,45.0612229490612,35.2859491094908,33.1767350957578,34.2961759487117,55.667546687911,25.2161383083984,46.6783399161209,58.3931163816697,61.0443187333413
"PTI98_003822",3.78252143224607,42.6236933952719,9.98592998390598,10.4421001062035,18.6447420348353,5.42254497907633,4.23472991918457,11.0509553109748,2.20537181934318,0,2.85801466239264,5.92207943488415,10.806916417885,10.251784934849,5.10231114014589,9.1566478100012
"PTI98_003859",7.56504286449215,29.5087108121113,28.2934682877336,5.22105005310177,29.1324094294302,6.5070539748916,19.4879804047911,21.8161100535624,22.0537181934318,11.0589116985859,5.71602932478529,21.3194859655829,31.520172885498,22.2485545394595,31.7477137609078,12.2088637466683
"PTI98_003860",11.3475642967382,45.246689911904,19.1396991358198,10.4421001062035,52.4383369729744,9.7605809623374,64.7954791517949,8.95508447613478,28.6698336514613,11.0589116985859,2.85801466239264,5.92207943488415,10.806916417885,6.10744634416536,9.07077536025936,18.3132956200024
"PTI98_003875",15.1300857289843,4.5902439041062,4.99296499195299,0,6.99177826306325,21.6901799163053,14.1020617697117,4.85860966258377,17.6429745547454,11.0589116985859,5.71602932478529,10.6597429827915,1.80115273631417,6.76181559532593,11.3384692003242,18.3132956200024
"PTI98_003882",15.1300857289843,1.31149825831606,4.16080415996083,5.22105005310177,25.6365202978986,18.4366529288595,51.7212644498464,7.81188220258566,6.61611545802953,0,4.28702199358896,5.92207943488415,9.90634004972794,5.88932326044517,3.96846422011347,0
"PTI98_003884",3.78252143224607,13.7707317123186,14.978894975859,5.22105005310177,31.4630021837846,24.9437069037511,13.1975563500801,6.47814621677835,44.1074363868635,0,8.57404398717793,9.47532709581464,9.00576368157085,5.88932326044517,6.80308152019452,15.2610796833353
"PTI98_003899",7.56504286449215,3.27874564579014,4.16080415996083,5.22105005310177,10.4876673945949,8.67607196652213,16.1988697879487,6.76394678516563,11.0268590967159,11.0589116985859,12.8610659807669,11.8441588697683,5.40345820894251,7.4161848464865,7.93692844022694,18.3132956200024
"PTI98_003911",0,3.93449477494817,4.16080415996083,10.4421001062035,5.82648188588605,9.7605809623374,7.48272665331642,10.8604215987167,11.0268590967159,11.0589116985859,10.0030513183743,10.6597429827915,5.40345820894251,13.3055081069317,2.26769384006484,6.10443187333413
"PTI98_003912",15.1300857289843,8.52473867905437,3.32864332796866,0,4.66118550870884,5.42254497907633,5.13923533881622,13.3373598580731,6.61611545802953,0,11.4320586495706,17.7662383046524,10.806916417885,22.6848007068999,9.07077536025936,9.1566478100012
"PTI98_003914",30.2601714579686,3.27874564579014,8.32160831992165,5.22105005310177,4.66118550870884,1.08450899581527,3.49468003039503,23.8167140322734,2.20537181934318,11.0589116985859,4.28702199358896,8.29091120883781,5.40345820894251,11.9967696046105,7.37000498021073,12.2088637466683
"PTI98_003923",3.78252143224607,9.1804878082124,12.4824124798825,10.4421001062035,13.9835565261265,13.0141079497832,11.6352288070799,5.8112782238747,13.2322309160591,0,7.14503665598161,10.6597429827915,1.80115273631417,15.4867389441336,15.8738568804539,3.05221593666707
"PTI98_003959",41.6077357547068,105.575609794443,74.8944748792949,31.3263003186106,51.2730405957972,69.408575732177,35.0290280693714,31.9143968032463,72.7772700383248,33.1767350957578,17.1480879743559,33.1636448353512,29.7190201491838,37.0809242324325,27.7792495407943,39.6788071766719
"PTI98_003961",34.0426928902147,15.0822299706347,17.4753774718355,52.2105005310177,46.6118550870884,19.5211619246748,16.7744641458961,21.5303094851751,17.6429745547454,22.1178233971719,31.4381612863191,27.2415654004671,18.0115273631417,11.9967696046105,38.5507952811023,54.9398868600072
"PTI98_003965",52.955300051445,45.902439041062,49.0974890875378,20.8842002124071,32.6282985609619,98.6903186191892,32.3977395758975,22.6735117587242,68.3665263996385,22.1178233971719,24.2931246303375,39.0857242702354,21.61383283577,28.7922470510653,27.7792495407943,39.6788071766719
"PTI98_003972",0,19.0167247455828,12.4824124798825,10.4421001062035,3.49588913153163,7.59156297070686,4.15250215376351,6.00181193613289,6.61611545802953,11.0589116985859,2.85801466239264,7.10649532186098,0.900576368157085,14.6142466092528,5.10231114014589,6.10443187333413
"PTI98_003981",11.3475642967382,3.93449477494817,2.4964824959765,0,0,3.2535269874458,0.411138827105298,2.76273882774371,2.20537181934318,0,5.71602932478529,15.3974065306988,7.20461094525668,0.218123083720191,18.1415507205187,15.2610796833353
"PTI98_003984",0,1.31149825831606,0,0,6.99177826306325,0,0.534480475236887,13.4326267142022,4.41074363868635,44.2356467943438,18.5770953055522,30.7948130613976,0,62.1650788602545,32.8815606809402,6.10443187333413
"PTI98_003995",0,1.31149825831606,4.16080415996083,10.4421001062035,8.15707464024046,3.2535269874458,19.0357276949753,7.43081477806929,6.61611545802953,0,15.7190806431595,1.18441588697683,7.20461094525668,6.54369251160574,10.771545740308,12.2088637466683
"PTI98_003999",0,3.93449477494817,4.99296499195299,5.22105005310177,9.32237101741767,19.5211619246748,20.4335997071333,14.6710958438804,19.8483463740886,0,2.85801466239264,11.8441588697683,8.10518731341377,7.4161848464865,9.63769882027558,9.1566478100012
"PTI98_004030",15.1300857289843,12.4592334540025,11.6502516478903,0,13.9835565261265,6.5070539748916,10.8129511528693,39.5357452935738,0,0,7.14503665598161,15.3974065306988,15.3097982586705,24.6479084603816,25.5115557007295,18.3132956200024
"PTI98_004077",64.3028643481832,2.62299651663211,11.6502516478903,41.7684004248141,1.16529637717721,3.2535269874458,2.71351625889496,166.240663945268,8.82148727737271,22.1178233971719,47.1572419294786,188.322126029316,12.6080691541992,126.075142390271,36.2831014410375,94.6186940366791
"PTI98_004083",0,34.7547038453755,21.6361816317963,5.22105005310177,0,0,0.205569413552649,17.1480341032368,0,0,0,18.9506541916293,19.8126800994559,8.07055409764708,1.70077038004863,3.05221593666707
"PTI98_004096",15.1300857289843,3.27874564579014,4.99296499195299,10.4421001062035,1.16529637717721,2.16901799163053,9.33285137529026,18.6723038013023,6.61611545802953,0,11.4320586495706,16.5818224176756,18.0115273631417,13.3055081069317,13.606163040389,12.2088637466683
"PTI98_000011",3.78252143224607,11.8034843248445,15.8110558078511,10.4421001062035,9.32237101741767,7.59156297070686,12.1285953996063,28.7705905509862,11.0268590967159,11.0589116985859,2.85801466239264,5.92207943488415,18.0115273631417,17.2317236138951,7.93692844022694,9.1566478100012
"PTI98_000082",0,18.3609756164248,8.32160831992165,0,17.4794456576581,14.0986169455985,13.1975563500801,4.3822753819383,17.6429745547454,0,7.14503665598161,5.92207943488415,2.70172910447126,4.58058475812402,7.37000498021073,9.1566478100012
"PTI98_000100",18.9126071612304,3.93449477494817,10.8180908158981,36.5473503717124,0,7.59156297070686,3.12465508600026,29.1516579755026,2.20537181934318,0,27.1511392927301,21.3194859655829,34.2219019899692,13.3055081069317,10.771545740308,21.3655115566695
"PTI98_000101",18.9126071612304,8.52473867905437,4.99296499195299,5.22105005310177,5.82648188588605,10.8450899581527,8.38723207294807,2.38167140322734,13.2322309160591,11.0589116985859,25.7221319615338,11.8441588697683,0.900576368157085,2.6174770046423,10.2046222802918,3.05221593666707
"PTI98_000110",7.56504286449215,11.1477351956865,10.8180908158981,5.22105005310177,15.1488529033037,19.5211619246748,15.911072608975,6.85921364129473,15.4376027354022,0,4.28702199358896,10.6597429827915,3.60230547262834,12.6511388557711,33.4484841409564,3.05221593666707
"PTI98_000142",22.6951285934764,21.6397212622149,18.3075383038276,15.6631501593053,2.33059275435442,4.33803598326106,5.50926028321099,20.5776409238842,2.20537181934318,11.0589116985859,7.14503665598161,8.29091120883781,13.5086455223563,14.3961235255326,11.3384692003242,0
"PTI98_000151",151.300857289843,80.6571428864375,102.355782335036,135.747301380646,59.4301152360377,70.4930847279923,51.4745811535833,74.4986814929511,44.1074363868635,66.3534701915156,75.737388553405,100.675350393031,70.2449567162527,73.5074792137045,96.3769882027558,155.66301277002
"PTI98_000185",18.9126071612304,24.2627177788471,5.82512582394516,0,0,0,0,0.0952668561290934,0,0,1.42900733119632,7.10649532186098,0.900576368157085,3.92621550696344,40.2515656611509,12.2088637466683
"PTI98_000189",22.6951285934764,2.62299651663211,5.82512582394516,15.6631501593053,16.3141492804809,9.7605809623374,31.3698925081342,8.09768277097294,8.82148727737271,11.0589116985859,12.8610659807669,8.29091120883781,16.2103746268275,19.1948313673768,15.3069334204377,15.2610796833353
"PTI98_000195",3.78252143224607,3.93449477494817,9.98592998390598,15.6631501593053,3.49588913153163,3.2535269874458,4.07027438834245,16.6716998225914,2.20537181934318,11.0589116985859,2.85801466239264,17.7662383046524,5.40345820894251,7.6343079302067,11.3384692003242,12.2088637466683
"PTI98_000202",3.78252143224607,3.93449477494817,4.99296499195299,15.6631501593053,3.49588913153163,1.08450899581527,3.78247720936874,12.5752250090403,2.20537181934318,0,10.0030513183743,5.92207943488415,2.70172910447126,11.5605234371701,6.80308152019452,3.05221593666707
"PTI98_000206",30.2601714579686,72.1324042073831,45.7688457595691,41.7684004248141,24.4712239207214,24.9437069037511,38.3592525689243,32.9623322206663,52.9289236642363,22.1178233971719,114.320586495706,37.9013083832585,86.4553313430802,68.0544021206997,44.7869533412806,64.0965346700084
"PTI98_000217",22.6951285934764,24.2627177788471,12.4824124798825,0,17.4794456576581,20.6056709204901,15.129908837475,10.8604215987167,22.0537181934318,22.1178233971719,10.0030513183743,14.212990643722,17.1109509949846,17.0136005301749,12.4723161203566,12.2088637466683
"PTI98_000235",18.9126071612304,5.24599303326423,9.15376915191382,5.22105005310177,19.8100384120126,9.7605809623374,56.9016136713732,10.5746210303294,30.8752054708045,22.1178233971719,15.7190806431595,8.29091120883781,10.806916417885,6.54369251160574,13.606163040389,18.3132956200024
"PTI98_000342",0,28.1972125537952,11.6502516478903,10.4421001062035,4.66118550870884,6.5070539748916,12.4575064612905,4.57280909419649,13.2322309160591,0,12.8610659807669,3.55324766093049,4.50288184078543,7.4161848464865,6.80308152019452,6.10443187333413
"PTI98_000359",11.3475642967382,27.5414634246372,45.7688457595691,20.8842002124071,19.8100384120126,6.5070539748916,10.1551290295009,13.1468261458149,8.82148727737271,44.2356467943438,7.14503665598161,18.9506541916293,36.9236310944405,18.5404621162163,28.9130964608267,6.10443187333413
"PTI98_000396",15.1300857289843,15.0822299706347,12.4824124798825,5.22105005310177,6.99177826306325,17.3521439330443,14.1431756524222,9.14561818839297,19.8483463740886,0,41.4412126046933,13.0285747567451,7.20461094525668,23.993539209221,14.7400099604215,12.2088637466683
"PTI98_000399",15.1300857289843,34.0989547162175,19.971859967812,20.8842002124071,1.16529637717721,2.16901799163053,3.57690779581609,12.9562924335567,0,0,2.85801466239264,4.73766354790732,13.5086455223563,15.4867389441336,3.40154076009726,9.1566478100012
"PTI98_000400",0,5.24599303326423,9.15376915191382,5.22105005310177,23.3059275435442,14.0986169455985,45.4719542778459,12.3846912967821,2.20537181934318,0,4.28702199358896,8.29091120883781,4.50288184078543,14.6142466092528,9.07077536025936,0
"PTI98_000430",0,6.55749129158028,9.98592998390598,0,4.66118550870884,1.08450899581527,14.513200596817,2.00060397871096,2.20537181934318,11.0589116985859,1.42900733119632,1.18441588697683,15.3097982586705,1.74498466976153,3.40154076009726,0
"PTI98_000435",3.78252143224607,14.4264808414766,18.3075383038276,0,17.4794456576581,16.267634937229,16.8155780286067,12.0036238722658,24.2590900127749,0,4.28702199358896,11.8441588697683,18.0115273631417,16.1411081952942,9.07077536025936,15.2610796833353
"PTI98_000442",52.955300051445,68.853658561593,23.3005032957806,15.6631501593053,6.99177826306325,5.42254497907633,3.41245226497397,63.257192469718,2.20537181934318,66.3534701915156,30.0091539551228,43.8233878181427,56.7363111938964,79.1786793904295,54.9915756215724,39.6788071766719
"PTI98_000468",0,0.655749129158029,0,0,1333.09905549073,110.619917573157,140.938389931696,0,273.466105598554,0,0,0,0,0,0.56692346001621,0
"PTI98_000470",7.56504286449215,10.4919860665285,12.4824124798825,10.4421001062035,34.9588913153163,31.4507608786427,41.4016798895035,5.62074451161651,28.6698336514613,11.0589116985859,17.1480879743559,1.18441588697683,4.50288184078543,8.72492334880765,13.0392395803728,3.05221593666707
"PTI98_000474",7.56504286449215,18.3609756164248,10.8180908158981,15.6631501593053,13.9835565261265,39.0423238493496,17.7200834482383,14.290028419364,37.491320928834,22.1178233971719,14.2900733119632,15.3974065306988,11.7074927860421,14.3961235255326,11.3384692003242,9.1566478100012
"PTI98_000481",15.1300857289843,17.0494773581087,19.971859967812,0,23.3059275435442,10.8450899581527,10.4840400911851,13.3373598580731,6.61611545802953,0,8.57404398717793,3.55324766093049,55.8357348257393,17.2317236138951,11.3384692003242,9.1566478100012
"PTI98_000511",18.9126071612304,32.7874564579014,22.4683424637885,15.6631501593053,26.8018166750758,45.5493778242412,35.3990530137661,22.7687786148533,61.750410941609,11.0589116985859,31.4381612863191,26.0571495134902,16.2103746268275,24.6479084603816,20.4092445605836,18.3132956200024
"PTI98_000512",30.2601714579686,84.5916376613857,62.4120623994124,83.5368008496283,54.7689297273288,120.380498535495,50.5700757339516,27.9131888458244,110.268590967159,11.0589116985859,40.012205273497,43.8233878181427,45.9293947760114,35.1178164789508,32.314637220924,18.3132956200024
"PTI98_000513",0,2.62299651663211,5.82512582394516,0,50.10774421862,28.1972338911969,290.017328640077,1.23846912967821,26.4644618321181,0,0,1.18441588697683,0,0.654369251160574,1.70077038004863,0
"PTI98_000531",7.56504286449215,24.9184669080051,4.16080415996083,0,0,2.16901799163053,0.781163771500066,2.00060397871096,2.20537181934318,0,10.0030513183743,10.6597429827915,3.60230547262834,13.0873850232115,24.9446322407133,6.10443187333413
"PTI98_000546",3.78252143224607,3.27874564579014,9.15376915191382,0,69.9177826306325,15.1831259414137,138.265987555512,4.09647481355102,33.0805772901477,0,2.85801466239264,2.36883177395366,6.3040345770996,4.36246167440383,1.70077038004863,3.05221593666707
"PTI98_000547",3.78252143224607,0,0,5.22105005310177,131.678490621025,155.084786401583,38.0714553899506,39.2499447251865,187.45660464417,55.2945584929297,115.749593826902,98.3065186190769,0,3.05372317208268,2.26769384006484,3.05221593666707
"PTI98_000549",0,4.5902439041062,12.4824124798825,0,11.6529637717721,9.7605809623374,11.8819121033431,6.95448049742382,6.61611545802953,11.0589116985859,10.0030513183743,13.0285747567451,4.50288184078543,4.14433859068363,9.63769882027558,6.10443187333413
"PTI98_000558",0,0.655749129158029,3.32864332796866,0,4.66118550870884,10.8450899581527,70.9625615583744,14.7663627000095,15.4376027354022,22.1178233971719,5.71602932478529,1.18441588697683,15.3097982586705,4.14433859068363,2.83461730008105,0
"PTI98_000560",3.78252143224607,4.5902439041062,4.16080415996083,20.8842002124071,15.1488529033037,10.8450899581527,10.401812325764,13.5278935703313,6.61611545802953,22.1178233971719,12.8610659807669,13.0285747567451,7.20461094525668,18.9767082836566,29.4800199208429,12.2088637466683
"PTI98_000561",0,6.55749129158028,3.32864332796866,0,3.49588913153163,13.0141079497832,18.4190194543173,18.0054358083987,6.61611545802953,0,14.2900733119632,11.8441588697683,10.806916417885,18.5404621162163,12.4723161203566,15.2610796833353
"PTI98_000564",22.6951285934764,36.7219512328496,24.1326641277728,15.6631501593053,40.7853732012023,58.5634857740244,40.4149467044508,14.9568964122677,66.1611545802953,33.1767350957578,40.012205273497,28.4259812874439,36.9236310944405,10.0336618511288,18.7084741805349,24.4177274933365
"PTI98_000565",0,9.1804878082124,9.98592998390598,10.4421001062035,2.33059275435442,5.42254497907633,4.5636409808688,20.9587083484006,2.20537181934318,11.0589116985859,4.28702199358896,14.212990643722,14.4092218905134,20.9398160371384,15.8738568804539,9.1566478100012
"PTI98_000572",7.56504286449215,3.93449477494817,4.16080415996083,5.22105005310177,23.3059275435442,3.2535269874458,10.3606984430535,12.6704918651694,2.20537181934318,22.1178233971719,11.4320586495706,2.36883177395366,10.806916417885,9.81553876740861,6.23615806017831,9.1566478100012
"PTI98_000575",0,3.27874564579014,14.978894975859,0,17.4794456576581,3.2535269874458,35.2757113656345,6.38287936064926,6.61611545802953,11.0589116985859,4.28702199358896,0,2.70172910447126,4.14433859068363,10.2046222802918,3.05221593666707
"PTI98_000578",26.4776500257225,4.5902439041062,2.4964824959765,20.8842002124071,1.16529637717721,1.08450899581527,3.65913556123715,10.2888204619421,0,11.0589116985859,8.57404398717793,8.29091120883781,9.00576368157085,6.76181559532593,8.50385190024315,12.2088637466683
"PTI98_000582",26.4776500257225,9.1804878082124,8.32160831992165,0,4.66118550870884,10.8450899581527,7.89386548042171,34.2960682064736,6.61611545802953,66.3534701915156,17.1480879743559,15.3974065306988,18.9121037312988,16.1411081952942,22.6769384006484,6.10443187333413
"PTI98_000586",3.78252143224607,22.295470391373,16.6432166398433,15.6631501593053,18.6447420348353,58.5634857740244,49.0899759563725,15.337963836784,63.9557827609521,11.0589116985859,27.1511392927301,16.5818224176756,24.3155619402413,17.6679697813355,19.2753976405512,18.3132956200024
"PTI98_000595",3.78252143224607,19.0167247455828,10.8180908158981,10.4421001062035,8.15707464024046,8.67607196652213,16.3222114360803,4.19174166968011,22.0537181934318,0,21.4351099679448,11.8441588697683,10.806916417885,9.37929259996823,5.10231114014589,9.1566478100012
"PTI98_000597",7.56504286449215,17.7052264872668,29.957789951718,15.6631501593053,20.9753347891898,3.2535269874458,5.09812145610569,14.5758289877513,0,22.1178233971719,14.2900733119632,21.3194859655829,7.20461094525668,28.7922470510653,45.3538768012968,15.2610796833353
"PTI98_000602",7.56504286449215,43.2794425244299,16.6432166398433,20.8842002124071,11.6529637717721,7.59156297070686,9.00394031360602,6.38287936064926,13.2322309160591,0,21.4351099679448,18.9506541916293,9.00576368157085,13.5236311906519,7.37000498021073,12.2088637466683
"PTI98_000608",34.0426928902147,14.4264808414766,14.1467341438668,15.6631501593053,6.99177826306325,10.8450899581527,5.05700757339516,8.38348333936022,19.8483463740886,22.1178233971719,14.2900733119632,9.47532709581464,16.2103746268275,5.45307709300478,8.50385190024315,12.2088637466683
"PTI98_000659",15.1300857289843,32.1317073287434,14.978894975859,0,11.6529637717721,11.9295989539679,10.4429262084746,12.3846912967821,11.0268590967159,22.1178233971719,24.2931246303375,10.6597429827915,11.7074927860421,15.2686158604134,11.9053926603404,6.10443187333413
"PTI98_000669",18.9126071612304,5.90174216242226,2.4964824959765,10.4421001062035,3.49588913153163,5.42254497907633,9.37396525800079,23.0545791832406,4.41074363868635,33.1767350957578,22.8641172991411,28.4259812874439,6.3040345770996,22.0304314557393,32.314637220924,12.2088637466683
"PTI98_000703",11.3475642967382,9.83623693737043,5.82512582394516,10.4421001062035,1.16529637717721,4.33803598326106,2.6312884934739,5.33494394322923,6.61611545802953,11.0589116985859,7.14503665598161,1.18441588697683,11.7074927860421,6.54369251160574,6.80308152019452,0
"PTI98_000705",3.78252143224607,2.62299651663211,9.15376915191382,5.22105005310177,23.3059275435442,5.42254497907633,16.7333502631856,11.8130901600076,2.20537181934318,0,7.14503665598161,2.36883177395366,99.9639768654365,3.48996933952306,30.0469433808591,3.05221593666707
"PTI98_000708",0,4.5902439041062,4.16080415996083,10.4421001062035,13.9835565261265,13.0141079497832,10.401812325764,5.62074451161651,4.41074363868635,0,12.8610659807669,11.8441588697683,4.50288184078543,11.5605234371701,8.50385190024315,18.3132956200024
"PTI98_000714",22.6951285934764,17.0494773581087,25.7969857917571,10.4421001062035,51.2730405957972,30.3662518828274,27.8340985950286,24.483582025177,24.2590900127749,0,14.2900733119632,26.0571495134902,36.9236310944405,29.4466163022258,35.149254521005,9.1566478100012
"PTI98_000720",11.3475642967382,3.93449477494817,10.8180908158981,0,10.4876673945949,5.42254497907633,6.37265182013211,8.47875019548932,11.0268590967159,11.0589116985859,7.14503665598161,5.92207943488415,11.7074927860421,7.6343079302067,5.10231114014589,12.2088637466683
"PTI98_000738",18.9126071612304,14.4264808414766,17.4753774718355,0,24.4712239207214,10.8450899581527,27.2996181197918,19.0533712258187,8.82148727737271,11.0589116985859,20.0061026367485,16.5818224176756,18.0115273631417,18.7585851999365,12.4723161203566,36.6265912400048
"PTI98_000746",18.9126071612304,5.24599303326423,5.82512582394516,10.4421001062035,1.16529637717721,5.42254497907633,4.02916050563192,28.4847899825989,0,11.0589116985859,14.2900733119632,7.10649532186098,17.1109509949846,11.3424003534499,7.93692844022694,3.05221593666707
"PTI98_000747",56.7378214836911,38.0334494911656,68.2371882233575,57.4315505841194,38.4547804468479,42.2958508367954,27.5874152987655,86.0259710845714,28.6698336514613,66.3534701915156,40.012205273497,60.4052102358183,55.8357348257393,61.0744634416536,88.4400597625288,48.8354549866731
"PTI98_000753",37.8252143224607,17.0494773581087,20.8040207998041,31.3263003186106,25.6365202978986,18.4366529288595,19.7757775837648,61.3518553471362,19.8483463740886,11.0589116985859,22.8641172991411,48.56105136605,21.61383283577,36.8628011487123,44.7869533412806,33.5743753033377
"PTI98_000780",15.1300857289843,13.1149825831606,17.4753774718355,10.4421001062035,1.16529637717721,5.42254497907633,8.0172071285533,18.9581043696896,4.41074363868635,44.2356467943438,8.57404398717793,8.29091120883781,14.4092218905134,8.94304643252784,12.4723161203566,15.2610796833353
"PTI98_000791",30.2601714579686,137.707317123186,99.0271390070677,26.1052502655088,48.9424478414428,72.6621027196228,37.5369749147137,27.532121421308,57.3396673029226,55.2945584929297,18.5770953055522,40.2701401572122,23.4149855720842,31.4097240557075,19.8423211005674,18.3132956200024
"PTI98_000813",0,18.3609756164248,13.3145733118746,5.22105005310177,4.66118550870884,3.2535269874458,6.37265182013211,12.0036238722658,6.61611545802953,11.0589116985859,4.28702199358896,5.92207943488415,2.70172910447126,7.4161848464865,6.80308152019452,12.2088637466683
"PTI98_000814",11.3475642967382,8.52473867905437,9.98592998390598,0,9.32237101741767,11.9295989539679,8.26389042481648,31.4380625226008,4.41074363868635,0,14.2900733119632,8.29091120883781,18.9121037312988,13.7417542743721,14.7400099604215,18.3132956200024
"PTI98_000815",37.8252143224607,15.7379790997927,19.1396991358198,57.4315505841194,11.6529637717721,15.1831259414137,9.62064855426397,36.0108716167973,11.0268590967159,11.0589116985859,32.8671686175154,30.7948130613976,16.2103746268275,22.4666776231797,29.4800199208429,70.2009665433425
"PTI98_000819",15.1300857289843,11.8034843248445,12.4824124798825,0,9.32237101741767,11.9295989539679,12.5397342267116,15.1474301245259,11.0268590967159,0,14.2900733119632,17.7662383046524,15.3097982586705,18.1042159487759,23.2438618606646,9.1566478100012
"PTI98_000820",68.0853857804293,45.246689911904,57.4190974074594,62.6526006372212,43.1159659555567,22.7746889121206,42.3061853091351,82.6916311200531,39.6966927481772,77.4123818901016,32.8671686175154,58.0363784618646,49.5317002486397,45.58772449752,48.7554175613941,88.514262163345
"PTI98_000827",45.3902571869529,36.7219512328496,39.1115591036318,41.7684004248141,54.7689297273288,43.3803598326106,33.9600671188976,39.9168127180901,28.6698336514613,55.2945584929297,41.4412126046933,34.3480607223281,76.5489912933523,29.664739385946,27.2123260807781,42.7310231133389
"PTI98_000851",15.1300857289843,85.9031359197017,72.3979923833184,26.1052502655088,52.4383369729744,68.3240667363618,72.9771418111903,35.2487367677646,59.5450391222658,33.1767350957578,42.8702199358896,55.667546687911,46.8299711441684,31.4097240557075,25.5115557007295,24.4177274933365
"PTI98_000860",0,3.93449477494817,0.832160831992165,0,17.4794456576581,6.5070539748916,4.48141321544774,1.04793541742003,15.4376027354022,0,5.71602932478529,2.36883177395366,41.4265129352259,2.18123083720191,15.3069334204377,0
"PTI98_000875",11.3475642967382,17.0494773581087,16.6432166398433,5.22105005310177,15.1488529033037,4.33803598326106,24.133849151081,22.1019106219497,17.6429745547454,0,5.71602932478529,11.8441588697683,15.3097982586705,12.2148926883307,14.7400099604215,18.3132956200024
"PTI98_000883",3.78252143224607,17.0494773581087,14.1467341438668,0,6.99177826306325,15.1831259414137,9.53842078884291,7.52608163419838,8.82148727737271,0,15.7190806431595,7.10649532186098,15.3097982586705,9.37929259996823,12.4723161203566,21.3655115566695
"PTI98_000887",340.426928902147,154.756794481295,130.64925062277,334.147203398513,102.546081191594,26.0282158995664,23.3937992622914,345.532887180222,28.6698336514613,121.648028684445,251.505290290553,357.693597867002,173.811239054317,185.404621162163,375.303330530731,296.064945856706
"PTI98_000951",7.56504286449215,35.4104529745335,31.6221116157023,5.22105005310177,26.8018166750758,24.9437069037511,19.5702081702122,15.6237644051713,17.6429745547454,0,24.2931246303375,24.8727336265134,10.806916417885,17.4498466976153,16.4407803404701,9.1566478100012
"PTI98_000955",15.1300857289843,26.2299651663211,24.1326641277728,15.6631501593053,32.6282985609619,29.2817428870122,23.9693936202389,13.242093001944,35.2859491094908,11.0589116985859,27.1511392927301,16.5818224176756,27.0172910447126,17.0136005301749,12.4723161203566,24.4177274933365
"PTI98_000961",0,2.62299651663211,12.4824124798825,0,12.8182601489493,6.5070539748916,8.46945983836913,7.2402810658111,6.61611545802953,0,21.4351099679448,8.29091120883781,18.0115273631417,5.67120017672497,7.93692844022694,9.1566478100012
"PTI98_000967",0,1.31149825831606,1.66432166398433,0,4.66118550870884,13.0141079497832,11.4707732762378,12.4799581529112,11.0268590967159,11.0589116985859,1.42900733119632,26.0571495134902,0,11.1242772697298,10.771545740308,0
"PTI98_000984",26.4776500257225,7.21324042073831,9.15376915191382,10.4421001062035,20.9753347891898,11.9295989539679,19.5290942875016,22.1019106219497,17.6429745547454,0,4.28702199358896,33.1636448353512,6.3040345770996,10.6880311022894,15.3069334204377,21.3655115566695
"PTI98_000992",34.0426928902147,38.0334494911656,46.6010065915613,31.3263003186106,40.7853732012023,22.7746889121206,13.2797841155011,20.6729077800133,26.4644618321181,33.1767350957578,17.1480879743559,18.9506541916293,45.0288184078543,22.4666776231797,20.9761680205998,42.7310231133389
"PTI98_000996",7.56504286449215,11.1477351956865,11.6502516478903,10.4421001062035,12.8182601489493,10.8450899581527,10.401812325764,14.0042278509767,19.8483463740886,0,7.14503665598161,11.8441588697683,10.806916417885,10.4699080185692,12.4723161203566,12.2088637466683
"PTI98_001005",0,0.655749129158029,0.832160831992165,0,32.6282985609619,74.8311207112534,80.8298934089015,7.43081477806929,30.8752054708045,0,31.4381612863191,9.47532709581464,0,24.2116622929412,13.0392395803728,0
"PTI98_001039",3.78252143224607,13.1149825831606,55.7547757434751,10.4421001062035,29.1324094294302,4.33803598326106,7.93497936313224,5.90654508000379,6.61611545802953,0,5.71602932478529,1.18441588697683,20.713256467613,4.79870784184421,22.6769384006484,12.2088637466683
"PTI98_001046",7.56504286449215,35.4104529745335,49.9296499195299,26.1052502655088,15.1488529033037,6.5070539748916,8.30500430752701,20.387107211626,6.61611545802953,11.0589116985859,12.8610659807669,14.212990643722,15.3097982586705,16.7954774464547,18.1415507205187,9.1566478100012
"PTI98_001052",3.78252143224607,3.93449477494817,4.99296499195299,0,5.82648188588605,4.33803598326106,8.88059866547443,10.9556884548457,11.0268590967159,0,12.8610659807669,10.6597429827915,7.20461094525668,6.32556942788555,13.0392395803728,12.2088637466683
"PTI98_001068",0,3.93449477494817,9.15376915191382,5.22105005310177,15.1488529033037,26.0282158995664,5.46814640050046,7.62134849032748,8.82148727737271,0,15.7190806431595,15.3974065306988,3.60230547262834,13.9598773580922,22.6769384006484,9.1566478100012
"PTI98_001073",0,0,0,0,24.4712239207214,50.9719228033175,55.0514889493994,0.0952668561290934,74.982641857668,0,1.42900733119632,0,0,0.654369251160574,2.26769384006484,0
"PTI98_001075",7.56504286449215,9.83623693737043,11.6502516478903,10.4421001062035,6.99177826306325,9.7605809623374,31.82214521795,12.3846912967821,6.61611545802953,0,11.4320586495706,8.29091120883781,18.0115273631417,12.2148926883307,11.9053926603404,12.2088637466683
"PTI98_001078",7.56504286449215,25.5742160371631,15.8110558078511,15.6631501593053,4.66118550870884,7.59156297070686,8.38723207294807,10.8604215987167,2.20537181934318,11.0589116985859,10.0030513183743,2.36883177395366,12.6080691541992,21.5941852882989,23.2438618606646,9.1566478100012
"PTI98_001083",7.56504286449215,7.21324042073831,4.16080415996083,15.6631501593053,6.99177826306325,10.8450899581527,3.12465508600026,11.5272895916203,8.82148727737271,33.1767350957578,11.4320586495706,5.92207943488415,15.3097982586705,9.59741568368842,11.9053926603404,18.3132956200024
"PTI98_001088",7.56504286449215,10.4919860665285,5.82512582394516,10.4421001062035,5.82648188588605,14.0986169455985,5.13923533881622,15.0521632683968,6.61611545802953,11.0589116985859,12.8610659807669,10.6597429827915,12.6080691541992,12.8692619394913,11.3384692003242,18.3132956200024
"PTI98_001093",7.56504286449215,20.3282230038989,9.15376915191382,5.22105005310177,3.49588913153163,4.33803598326106,2.87797178973708,1.90533712258187,11.0268590967159,0,11.4320586495706,3.55324766093049,12.6080691541992,5.23495400928459,3.40154076009726,6.10443187333413
"PTI98_001106",0,9.1804878082124,4.99296499195299,10.4421001062035,11.6529637717721,4.33803598326106,7.89386548042171,13.242093001944,4.41074363868635,0,10.0030513183743,8.29091120883781,18.9121037312988,8.28867718136727,8.50385190024315,15.2610796833353
"PTI98_001111",11.3475642967382,6.55749129158028,8.32160831992165,5.22105005310177,10.4876673945949,6.5070539748916,13.0742147019485,30.7711945296972,6.61611545802953,11.0589116985859,24.2931246303375,21.3194859655829,25.2161383083984,25.3022777115422,19.2753976405512,12.2088637466683
"PTI98_001114",26.4776500257225,44.5909407827459,44.1045240955848,20.8842002124071,44.2812623327339,15.1831259414137,47.650990061504,47.5381612084176,15.4376027354022,22.1178233971719,25.7221319615338,35.5324766093049,36.9236310944405,57.8026171858507,48.1884941013779,21.3655115566695
"PTI98_001115",86.9979929416597,30.1644599412693,28.2934682877336,62.6526006372212,20.9753347891898,32.535269874458,36.7146972605031,72.1170100897237,19.8483463740886,66.3534701915156,40.012205273497,45.0078037051195,61.2391930346818,55.6213863486488,52.7238817815076,54.9398868600072
"PTI98_001120",15.1300857289843,54.4271777201164,25.7969857917571,15.6631501593053,19.8100384120126,17.3521439330443,19.4879804047911,16.0048318296877,30.8752054708045,22.1178233971719,18.5770953055522,20.1350700786061,24.3155619402413,20.0673237022576,16.4407803404701,33.5743753033377
"PTI98_001137",7.56504286449215,14.4264808414766,12.4824124798825,0,23.3059275435442,10.8450899581527,6.37265182013211,8.19294962710204,17.6429745547454,0,15.7190806431595,14.212990643722,13.5086455223563,6.54369251160574,5.6692346001621,9.1566478100012
"PTI98_001143",3.78252143224607,4.5902439041062,8.32160831992165,0,6.99177826306325,15.1831259414137,6.29042405471105,6.66867992903654,4.41074363868635,0,14.2900733119632,4.73766354790732,2.70172910447126,11.7786465208903,14.7400099604215,3.05221593666707
"PTI98_001144",15.1300857289843,12.4592334540025,13.3145733118746,10.4421001062035,11.6529637717721,5.42254497907633,3.08354120328973,9.33615190065116,2.20537181934318,0,7.14503665598161,9.47532709581464,8.10518731341377,10.4699080185692,18.1415507205187,6.10443187333413
"PTI98_001158",3.78252143224607,13.1149825831606,20.8040207998041,0,12.8182601489493,7.59156297070686,8.22277654210595,6.28761250452017,11.0268590967159,0,7.14503665598161,3.55324766093049,7.20461094525668,7.4161848464865,6.80308152019452,12.2088637466683
"PTI98_001181",7.56504286449215,33.4432055870595,41.6080415996083,10.4421001062035,12.8182601489493,14.0986169455985,16.6922363804751,11.6225564477494,8.82148727737271,0,24.2931246303375,8.29091120883781,16.2103746268275,11.3424003534499,5.10231114014589,12.2088637466683
"PTI98_001185",0,1.31149825831606,14.978894975859,0,113.033748586189,7.59156297070686,27.7518708296076,0.666867992903654,50.7235518448931,0,0,5.92207943488415,0.900576368157085,1.30873850232115,4.53538768012968,0
"PTI98_001186",7.56504286449215,11.1477351956865,19.1396991358198,31.3263003186106,45.4465587099112,31.4507608786427,35.933533489003,8.95508447613478,37.491320928834,11.0589116985859,12.8610659807669,10.6597429827915,8.10518731341377,11.5605234371701,11.9053926603404,9.1566478100012
"PTI98_001188",0,5.24599303326423,10.8180908158981,0,9.32237101741767,13.0141079497832,7.44161277060589,5.8112782238747,6.61611545802953,11.0589116985859,7.14503665598161,3.55324766093049,1.80115273631417,9.16116951624804,5.6692346001621,12.2088637466683
"PTI98_001190",7.56504286449215,16.3937282289507,20.8040207998041,15.6631501593053,9.32237101741767,7.59156297070686,13.8553784734485,8.57401705161841,11.0268590967159,11.0589116985859,7.14503665598161,8.29091120883781,16.2103746268275,10.9061541860096,10.771545740308,6.10443187333413
"PTI98_001196",56.7378214836911,41.3121951369558,39.9437199356239,52.2105005310177,9.32237101741767,20.6056709204901,17.925652861791,58.0175153826179,17.6429745547454,0,28.5801466239264,42.6389719311659,27.0172910447126,66.5275405346584,50.4561879414427,39.6788071766719
"PTI98_001208",22.6951285934764,17.0494773581087,9.98592998390598,5.22105005310177,8.15707464024046,8.67607196652213,14.513200596817,22.4829780464661,15.4376027354022,0,12.8610659807669,28.4259812874439,13.5086455223563,19.412954451097,15.8738568804539,12.2088637466683
"PTI98_001215",102.128078670644,46.55818817022,33.2864332796866,52.2105005310177,33.7935949381391,23.8591979079359,44.0740822656879,56.7790462529397,46.3128082062067,33.1767350957578,45.7282345982823,58.0363784618646,37.8242074625976,49.9501861719238,58.3931163816697,82.4098302900108
"PTI98_001221",18.9126071612304,29.5087108121113,39.1115591036318,10.4421001062035,11.6529637717721,8.67607196652213,4.93366592526357,18.1007026645278,4.41074363868635,33.1767350957578,7.14503665598161,9.47532709581464,22.5144092039271,15.922985111574,27.7792495407943,21.3655115566695
"PTI98_001223",34.0426928902147,62.2961672700127,38.2793982716396,52.2105005310177,46.6118550870884,97.6058096233739,39.3048718712665,25.1504500180807,74.982641857668,66.3534701915156,35.725183279908,40.2701401572122,26.1167146765555,30.9734778882672,25.5115557007295,27.4699434300036
"PTI98_001225",11.3475642967382,9.83623693737043,9.15376915191382,0,8.15707464024046,11.9295989539679,12.1697092823168,21.8161100535624,8.82148727737271,0,11.4320586495706,11.8441588697683,19.8126800994559,15.922985111574,13.0392395803728,6.10443187333413
"PTI98_001230",64.3028643481832,87.8703833071758,59.9155799034359,52.2105005310177,37.2894840696707,96.5213006275587,55.3804000110836,33.0575990767954,110.268590967159,55.2945584929297,40.012205273497,52.1142990269805,29.7190201491838,37.2990473161527,27.7792495407943,24.4177274933365
"PTI98_001234",147.518335857597,95.0836237279141,73.2301532153106,219.284102230274,108.37256307748,57.4789767782091,63.7265182013211,112.224356520072,63.9557827609521,88.4712935886875,155.761799100399,156.342897080941,131.484149750934,98.3735107578063,153.069334204377,177.02852432669
"PTI98_001238",90.7805143739058,67.5421603032769,147.292467262613,73.0947007434247,132.843786998202,174.605948326258,104.059237140351,59.160717656167,68.3665263996385,99.5302052872734,95.7434911901535,91.2000232972159,81.0518731341377,81.5780333113515,99.2116055028368,70.2009665433425
"PTI98_001246",0,19.6724738747409,14.1467341438668,5.22105005310177,12.8182601489493,8.67607196652213,10.401812325764,8.09768277097294,17.6429745547454,22.1178233971719,5.71602932478529,7.10649532186098,4.50288184078543,9.16116951624804,13.606163040389,18.3132956200024
"PTI98_001267",15.1300857289843,15.0822299706347,14.1467341438668,5.22105005310177,13.9835565261265,4.33803598326106,20.3102580590017,15.337963836784,6.61611545802953,11.0589116985859,12.8610659807669,16.5818224176756,15.3097982586705,13.5236311906519,13.606163040389,18.3132956200024
"PTI98_001272",0,17.0494773581087,4.99296499195299,0,15.1488529033037,9.7605809623374,24.8738990398705,7.90714905871476,30.8752054708045,11.0589116985859,11.4320586495706,5.92207943488415,155.799711691176,1.52686158604134,1.70077038004863,9.1566478100012
"PTI98_001274",11.3475642967382,60.9846690116966,49.0974890875378,52.2105005310177,39.6200768240251,82.4226836819602,37.0024944394768,22.5782449025951,63.9557827609521,33.1767350957578,34.2961759487117,23.6883177395366,27.0172910447126,27.9197547161845,26.6454026207619,36.6265912400048
"PTI98_001290",7.56504286449215,3.93449477494817,3.32864332796866,0,2.33059275435442,8.67607196652213,8.22277654210595,18.1959695206568,2.20537181934318,0,8.57404398717793,8.29091120883781,15.3097982586705,17.2317236138951,30.0469433808591,12.2088637466683
"PTI98_001293",0,5.24599303326423,0.832160831992165,5.22105005310177,20.9753347891898,16.267634937229,105.703792448772,1.71480341032368,22.0537181934318,11.0589116985859,1.42900733119632,3.55324766093049,0,0.872492334880765,0.56692346001621,3.05221593666707
"PTI98_001296",22.6951285934764,3.93449477494817,4.16080415996083,5.22105005310177,2.33059275435442,9.7605809623374,3.24799673413185,13.7184272825895,2.20537181934318,0,4.28702199358896,9.47532709581464,7.20461094525668,15.0504927766932,11.3384692003242,6.10443187333413
"PTI98_001300",7.56504286449215,38.0334494911656,49.0974890875378,15.6631501593053,36.1241876924935,17.3521439330443,17.308944621133,5.8112782238747,8.82148727737271,11.0589116985859,5.71602932478529,7.10649532186098,2.70172910447126,8.07055409764708,18.7084741805349,18.3132956200024
"PTI98_001301",22.6951285934764,13.7707317123186,14.1467341438668,5.22105005310177,20.9753347891898,10.8450899581527,19.0768415776858,18.0054358083987,6.61611545802953,0,8.57404398717793,20.1350700786061,18.0115273631417,37.2990473161527,28.3461730008105,3.05221593666707
"PTI98_001316",22.6951285934764,11.8034843248445,11.6502516478903,15.6631501593053,2.33059275435442,2.16901799163053,2.67240237618443,17.8149020961405,2.20537181934318,11.0589116985859,17.1480879743559,18.9506541916293,3.60230547262834,14.3961235255326,21.543091480616,24.4177274933365
"PTI98_001319",52.955300051445,62.2961672700127,56.5869365754672,41.7684004248141,44.2812623327339,77.0001387028839,41.7305909511877,40.1073464303483,119.090078244532,33.1767350957578,38.5831979423007,42.6389719311659,22.5144092039271,37.9534165673133,19.8423211005674,42.7310231133389
"PTI98_001321",7.56504286449215,17.7052264872668,5.82512582394516,5.22105005310177,10.4876673945949,13.0141079497832,13.7731507080275,12.6704918651694,13.2322309160591,11.0589116985859,10.0030513183743,8.29091120883781,3.60230547262834,14.1780004418124,13.606163040389,9.1566478100012
"PTI98_001332",49.172778619199,60.9846690116966,48.2653282555456,73.0947007434247,54.7689297273288,119.295989539679,51.063442326478,30.7711945296972,105.857847328473,55.2945584929297,42.8702199358896,45.0078037051195,24.3155619402413,40.1346474045152,25.5115557007295,24.4177274933365
"PTI98_001335",26.4776500257225,5.24599303326423,9.98592998390598,31.3263003186106,5.82648188588605,6.5070539748916,14.3076311832644,13.4326267142022,13.2322309160591,11.0589116985859,5.71602932478529,10.6597429827915,13.5086455223563,8.94304643252784,10.2046222802918,12.2088637466683
"PTI98_001337",18.9126071612304,3.27874564579014,7.48944748792949,15.6631501593053,9.32237101741767,6.5070539748916,10.8129511528693,21.3397757729169,13.2322309160591,22.1178233971719,12.8610659807669,13.0285747567451,15.3097982586705,15.922985111574,17.5746272605025,27.4699434300036
"PTI98_001343",30.2601714579686,71.4766550782251,57.4190974074594,52.2105005310177,74.5789681393414,56.3944677823938,41.1549965932403,25.0551831619516,83.8041291350407,44.2356467943438,31.4381612863191,24.8727336265134,23.4149855720842,23.7754161255009,18.1415507205187,30.5221593666707
"PTI98_001347",7.56504286449215,6.55749129158028,5.82512582394516,0,26.8018166750758,4.33803598326106,19.9813469973175,8.57401705161841,8.82148727737271,0,0,11.8441588697683,2.70172910447126,13.0873850232115,8.50385190024315,0
"PTI98_001352",7.56504286449215,10.4919860665285,3.32864332796866,26.1052502655088,9.32237101741767,9.7605809623374,12.8275314056853,13.9089609948476,0,11.0589116985859,11.4320586495706,7.10649532186098,6.3040345770996,7.19806176276631,4.53538768012968,0
"PTI98_001353",18.9126071612304,10.4919860665285,8.32160831992165,15.6631501593053,6.99177826306325,9.7605809623374,9.62064855426397,12.3846912967821,13.2322309160591,11.0589116985859,11.4320586495706,4.73766354790732,12.6080691541992,13.3055081069317,14.7400099604215,3.05221593666707
"PTI98_001361",3.78252143224607,8.52473867905437,11.6502516478903,5.22105005310177,6.99177826306325,32.535269874458,26.312884934739,12.194157584524,15.4376027354022,0,11.4320586495706,9.47532709581464,6.3040345770996,12.8692619394913,9.63769882027558,6.10443187333413
"PTI98_001366",0,4.5902439041062,3.32864332796866,0,16.3141492804809,16.267634937229,25.9839738730548,2.47693825935643,11.0268590967159,0,5.71602932478529,0,0.900576368157085,4.79870784184421,2.26769384006484,6.10443187333413
"PTI98_001367",151.300857289843,220.987456526256,214.697494653979,104.421001062035,150.32323265586,367.648549581375,281.465641036287,129.467657479438,361.680978372281,110.589116985859,208.635070354663,171.74030361164,221.541786566643,123.893911553069,136.628553863907,112.931989656681
"PTI98_001368",11.3475642967382,9.83623693737043,2.4964824959765,10.4421001062035,9.32237101741767,9.7605809623374,13.814264590738,5.62074451161651,4.41074363868635,11.0589116985859,4.28702199358896,3.55324766093049,17.1109509949846,8.72492334880765,8.50385190024315,9.1566478100012
"PTI98_001370",30.2601714579686,68.853658561593,64.0763840633967,36.5473503717124,45.4465587099112,85.676210669406,46.3764596974776,29.1516579755026,70.5718982189817,11.0589116985859,34.2961759487117,35.5324766093049,25.2161383083984,35.335939562671,23.8107853206808,18.3132956200024
"PTI98_001374",49.172778619199,44.5909407827459,53.2582932474986,67.873650690323,44.2812623327339,86.7607196652213,55.6270833073468,66.305731865849,92.6256164124134,44.2356467943438,62.8763225726381,55.667546687911,36.9236310944405,64.1281866137362,31.7477137609078,51.8876709233401
"PTI98_001383",7.56504286449215,16.3937282289507,11.6502516478903,10.4421001062035,22.140631166367,27.1127248953816,17.6789695655278,12.4799581529112,13.2322309160591,11.0589116985859,8.57404398717793,15.3974065306988,11.7074927860421,17.0136005301749,14.1730865004053,6.10443187333413
"PTI98_001391",56.7378214836911,36.7219512328496,71.5658315513262,41.7684004248141,67.5871898762781,66.1550487447312,69.5235756635058,47.1570937839013,50.7235518448931,33.1767350957578,87.1694472029756,62.774042009772,49.5317002486397,50.6045554230844,116.219309303323,82.4098302900108
"PTI98_001396",11.3475642967382,11.1477351956865,6.65728665593732,15.6631501593053,12.8182601489493,5.42254497907633,14.6365422449486,12.0988907283949,8.82148727737271,0,7.14503665598161,22.5039018525598,11.7074927860421,14.832369692973,18.7084741805349,15.2610796833353
"PTI98_001397",7.56504286449215,3.93449477494817,4.99296499195299,10.4421001062035,5.82648188588605,1.08450899581527,6.53710735097423,8.28821648323113,4.41074363868635,22.1178233971719,10.0030513183743,3.55324766093049,7.20461094525668,6.10744634416536,7.93692844022694,15.2610796833353
"PTI98_001402",7.56504286449215,24.2627177788471,19.971859967812,0,25.6365202978986,31.4507608786427,16.2399836706593,9.43141875678025,17.6429745547454,33.1767350957578,17.1480879743559,17.7662383046524,11.7074927860421,20.503569869698,14.7400099604215,9.1566478100012
"PTI98_001404",45.3902571869529,78.6898954989634,97.3628173430833,78.3157507965265,96.7195993057084,94.3522826359281,44.7730182717669,33.2481327890536,90.4202445930703,44.2356467943438,31.4381612863191,41.454556044189,67.5432276117814,38.825908902194,49.3223410214103,39.6788071766719
"PTI98_001405",30.2601714579686,22.295470391373,15.8110558078511,15.6631501593053,15.1488529033037,29.2817428870122,23.7638242066862,21.435042629046,19.8483463740886,22.1178233971719,22.8641172991411,15.3974065306988,41.4265129352259,26.174770046423,22.6769384006484,39.6788071766719
"PTI98_001422",22.6951285934764,32.7874564579014,34.9507549436709,20.8842002124071,22.140631166367,15.1831259414137,10.7307233874483,32.7717985084081,28.6698336514613,11.0589116985859,30.0091539551228,23.6883177395366,30.6195965173409,28.7922470510653,22.6769384006484,9.1566478100012
"PTI98_001440",3.78252143224607,13.7707317123186,14.1467341438668,0,15.1488529033037,1.08450899581527,13.4031257636327,14.5758289877513,2.20537181934318,0,1.42900733119632,10.6597429827915,13.5086455223563,11.7786465208903,16.4407803404701,24.4177274933365
"PTI98_001451",15.1300857289843,25.5742160371631,27.4613074557415,10.4421001062035,10.4876673945949,30.3662518828274,11.3885455108167,9.33615190065116,30.8752054708045,11.0589116985859,4.28702199358896,7.10649532186098,15.3097982586705,11.3424003534499,11.3384692003242,9.1566478100012
"PTI98_001456",374.469621792361,77.3783972406474,106.516586494997,161.852551646155,110.703155831835,101.943845606635,112.282013682457,165.669062808493,101.447103689786,77.4123818901016,231.499187653804,220.30135497769,80.1512967659806,133.491327236757,187.651665265366,357.109264590047
"PTI98_001475",7.56504286449215,15.7379790997927,15.8110558078511,5.22105005310177,16.3141492804809,17.3521439330443,19.2412971085279,18.2912363767859,24.2590900127749,22.1178233971719,8.57404398717793,20.1350700786061,9.90634004972794,21.8123083720191,14.7400099604215,12.2088637466683
"PTI98_001494",7.56504286449215,9.83623693737043,14.1467341438668,0,11.6529637717721,21.6901799163053,6.33153793742158,5.04914337484195,13.2322309160591,0,7.14503665598161,15.3974065306988,8.10518731341377,9.16116951624804,8.50385190024315,6.10443187333413
"PTI98_001497",7.56504286449215,10.4919860665285,14.978894975859,26.1052502655088,6.99177826306325,24.9437069037511,19.1179554603963,54.9689759864869,15.4376027354022,11.0589116985859,28.5801466239264,17.7662383046524,11.7074927860421,56.2757555998094,37.4169483610699,27.4699434300036
"PTI98_013621",15.1300857289843,61.6404181408547,86.5447265271852,20.8842002124071,132.843786998202,68.3240667363618,172.637193501514,23.5309134638861,72.7772700383248,44.2356467943438,32.8671686175154,33.1636448353512,54.9351584575822,27.2653854650239,46.4877237213292,82.4098302900108
"PTI98_001508",15.1300857289843,9.1804878082124,11.6502516478903,10.4421001062035,15.1488529033037,9.7605809623374,9.20950972715867,16.4811661103332,4.41074363868635,0,11.4320586495706,15.3974065306988,5.40345820894251,22.2485545394595,25.5115557007295,21.3655115566695
"PTI98_001516",3.78252143224607,3.93449477494817,0.832160831992165,15.6631501593053,29.1324094294302,22.7746889121206,44.6496766236353,22.0066437658206,11.0268590967159,11.0589116985859,5.71602932478529,13.0285747567451,3.60230547262834,19.8492006185374,25.5115557007295,3.05221593666707
"PTI98_001518",0,1.96724738747409,2.4964824959765,0,17.4794456576581,9.7605809623374,25.531721163239,9.33615190065116,13.2322309160591,0,5.71602932478529,9.47532709581464,4.50288184078543,7.4161848464865,7.93692844022694,15.2610796833353
"PTI98_001526",45.3902571869529,45.246689911904,45.7688457595691,46.9894504779159,45.4465587099112,29.2817428870122,21.0503079477912,40.774214423252,11.0268590967159,44.2356467943438,42.8702199358896,49.7454672530268,62.1397694028389,40.3527704882354,61.7946571417669,24.4177274933365
"PTI98_001537",56.7378214836911,47.213937299378,38.2793982716396,46.9894504779159,24.4712239207214,36.873305857719,30.0953621441078,74.8797489174675,26.4644618321181,44.2356467943438,34.2961759487117,60.4052102358183,38.7247838307547,106.225941771733,74.8338967221398,39.6788071766719
"PTI98_001547",26.4776500257225,15.7379790997927,19.1396991358198,36.5473503717124,23.3059275435442,20.6056709204901,19.5290942875016,34.9629361993773,24.2590900127749,22.1178233971719,32.8671686175154,31.9792289483744,22.5144092039271,24.2116622929412,17.5746272605025,21.3655115566695
"PTI98_001549",15.1300857289843,8.52473867905437,7.48944748792949,5.22105005310177,10.4876673945949,4.33803598326106,6.4959934682637,8.7645507638766,2.20537181934318,11.0589116985859,7.14503665598161,7.10649532186098,8.10518731341377,11.9967696046105,13.0392395803728,6.10443187333413
"PTI98_001552",3.78252143224607,24.2627177788471,17.4753774718355,36.5473503717124,27.967113052253,16.267634937229,25.3672656323969,25.3409837303389,8.82148727737271,0,24.2931246303375,30.7948130613976,25.2161383083984,25.084154627822,23.2438618606646,21.3655115566695
"PTI98_001563",0,0,1.66432166398433,0,3.49588913153163,5.42254497907633,20.5158274725544,30.7711945296972,0,0,8.57404398717793,14.212990643722,68.4438039799385,1.30873850232115,35.149254521005,0
"PTI98_001564",0,0,3.32864332796866,0,51.2730405957972,72.6621027196228,54.1469835297677,3.81067424516374,17.6429745547454,11.0589116985859,2.85801466239264,2.36883177395366,19.8126800994559,0.654369251160574,5.6692346001621,0
"PTI98_001565",3.78252143224607,3.93449477494817,2.4964824959765,5.22105005310177,12.8182601489493,11.9295989539679,15.6643893127118,11.4320227354912,6.61611545802953,22.1178233971719,11.4320586495706,7.10649532186098,50.4322766167968,1.09061541860096,18.7084741805349,3.05221593666707
"PTI98_001583",0,5.90174216242226,4.99296499195299,10.4421001062035,5.82648188588605,6.5070539748916,9.2506236098692,12.9562924335567,2.20537181934318,0,10.0030513183743,4.73766354790732,8.10518731341377,16.1411081952942,20.4092445605836,3.05221593666707
"PTI98_001590",45.3902571869529,11.8034843248445,27.4613074557415,26.1052502655088,22.140631166367,8.67607196652213,18.9946138122648,37.725675027121,22.0537181934318,33.1767350957578,21.4351099679448,26.0571495134902,29.7190201491838,15.4867389441336,36.8500249010537,39.6788071766719
"PTI98_001595",41.6077357547068,7.86898954989634,16.6432166398433,46.9894504779159,8.15707464024046,35.7887968619038,19.7757775837648,28.9611242632444,6.61611545802953,22.1178233971719,20.0061026367485,29.6103971744207,20.713256467613,34.4634472277902,55.5584990815886,39.6788071766719
"PTI98_001596",22.6951285934764,15.7379790997927,20.8040207998041,36.5473503717124,15.1488529033037,11.9295989539679,20.8858524169491,28.3895231264698,4.41074363868635,33.1767350957578,20.0061026367485,21.3194859655829,27.0172910447126,24.2116622929412,19.8423211005674,27.4699434300036
"PTI98_001604",3.78252143224607,21.6397212622149,18.3075383038276,15.6631501593053,8.15707464024046,28.1972338911969,16.4044392015014,6.19234564839107,6.61611545802953,0,7.14503665598161,16.5818224176756,5.40345820894251,14.832369692973,7.37000498021073,0
"PTI98_001619",26.4776500257225,66.8864111741189,84.0482440312087,36.5473503717124,43.1159659555567,41.2113418409801,21.5847884230281,16.9575003909786,39.6966927481772,33.1767350957578,21.4351099679448,31.9792289483744,33.3213256218122,18.1042159487759,22.6769384006484,6.10443187333413
"PTI98_001637",7.56504286449215,5.90174216242226,12.4824124798825,5.22105005310177,2.33059275435442,3.2535269874458,4.07027438834245,7.71661534645657,13.2322309160591,22.1178233971719,12.8610659807669,1.18441588697683,28.8184437810267,5.23495400928459,7.93692844022694,3.05221593666707
"PTI98_001647",30.2601714579686,19.0167247455828,37.4472374396474,5.22105005310177,15.1488529033037,5.42254497907633,13.4442396463432,44.5848886684157,4.41074363868635,33.1767350957578,17.1480879743559,18.9506541916293,20.713256467613,32.5003394743085,35.7161779810212,18.3132956200024
"PTI98_001658",11.3475642967382,11.8034843248445,19.971859967812,15.6631501593053,8.15707464024046,11.9295989539679,19.4879804047911,42.4890178335757,17.6429745547454,11.0589116985859,25.7221319615338,13.0285747567451,27.9178674128696,22.4666776231797,22.6769384006484,27.4699434300036
"PTI98_001672",7.56504286449215,10.4919860665285,4.16080415996083,5.22105005310177,16.3141492804809,13.0141079497832,17.0622613248699,23.3403797516279,13.2322309160591,0,2.85801466239264,7.10649532186098,10.806916417885,26.3928931301432,28.3461730008105,18.3132956200024
"PTI98_001674",0,11.1477351956865,14.1467341438668,10.4421001062035,26.8018166750758,18.4366529288595,29.9720204959762,8.28821648323113,22.0537181934318,11.0589116985859,11.4320586495706,2.36883177395366,4.50288184078543,12.8692619394913,10.771545740308,9.1566478100012
"PTI98_001679",22.6951285934764,19.0167247455828,15.8110558078511,15.6631501593053,15.1488529033037,2.16901799163053,13.4442396463432,15.0521632683968,8.82148727737271,11.0589116985859,17.1480879743559,15.3974065306988,11.7074927860421,11.7786465208903,14.1730865004053,24.4177274933365
"PTI98_001683",3.78252143224607,3.93449477494817,9.98592998390598,10.4421001062035,3.49588913153163,4.33803598326106,11.5941149243694,7.14501420968201,2.20537181934318,11.0589116985859,5.71602932478529,1.18441588697683,4.50288184078543,4.58058475812402,6.23615806017831,12.2088637466683
"PTI98_001685",3.78252143224607,15.7379790997927,16.6432166398433,0,12.8182601489493,3.2535269874458,3.82359109207927,14.9568964122677,6.61611545802953,0,4.28702199358896,5.92207943488415,12.6080691541992,13.9598773580922,13.606163040389,9.1566478100012
"PTI98_001693",26.4776500257225,34.7547038453755,27.4613074557415,26.1052502655088,41.9506695783795,87.8452286610365,71.085903206506,35.9156047606682,99.241731870443,44.2356467943438,44.299227267086,34.3480607223281,49.5317002486397,23.3391699580605,23.2438618606646,21.3655115566695
"PTI98_001697",7.56504286449215,19.0167247455828,11.6502516478903,5.22105005310177,20.9753347891898,4.33803598326106,8.18166265939542,36.2966721851846,8.82148727737271,33.1767350957578,35.725183279908,36.7168924962817,16.2103746268275,70.671879125342,39.6846422011347,9.1566478100012
"PTI98_001701",11.3475642967382,36.7219512328496,44.9366849275769,5.22105005310177,27.967113052253,18.4366529288595,18.007880627212,15.8142981174295,6.61611545802953,0,2.85801466239264,13.0285747567451,25.2161383083984,29.664739385946,22.1100149406322,21.3655115566695
"PTI98_001712",102.128078670644,45.246689911904,43.2723632635926,41.7684004248141,26.8018166750758,28.1972338911969,35.234597482924,60.2086530735871,17.6429745547454,44.2356467943438,45.7282345982823,48.56105136605,27.0172910447126,56.9301248509699,43.6531064212482,54.9398868600072
"PTI98_001716",22.6951285934764,7.21324042073831,10.8180908158981,5.22105005310177,10.4876673945949,13.0141079497832,41.0316549451087,18.7675706574314,13.2322309160591,0,8.57404398717793,9.47532709581464,18.0115273631417,9.16116951624804,6.80308152019452,18.3132956200024
"PTI98_001747",3.78252143224607,13.7707317123186,29.957789951718,0,10.4876673945949,5.42254497907633,10.9774066837114,9.62195246903844,6.61611545802953,0,4.28702199358896,14.212990643722,14.4092218905134,10.4699080185692,10.771545740308,6.10443187333413
"PTI98_001759",3.78252143224607,24.2627177788471,24.1326641277728,5.22105005310177,16.3141492804809,20.6056709204901,15.9521864916855,14.3852952754931,15.4376027354022,0,21.4351099679448,15.3974065306988,11.7074927860421,22.0304314557393,13.0392395803728,12.2088637466683
"PTI98_001765",15.1300857289843,26.2299651663211,24.1326641277728,26.1052502655088,25.6365202978986,22.7746889121206,30.424273205792,34.2008013503445,19.8483463740886,0,7.14503665598161,17.7662383046524,23.4149855720842,29.664739385946,31.7477137609078,45.783239050006
"PTI98_001778",3.78252143224607,14.4264808414766,10.8180908158981,5.22105005310177,10.4876673945949,13.0141079497832,5.83817134489523,6.76394678516563,11.0268590967159,11.0589116985859,5.71602932478529,9.47532709581464,9.90634004972794,8.94304643252784,4.53538768012968,0
"PTI98_001789",3.78252143224607,17.7052264872668,14.1467341438668,0,17.4794456576581,22.7746889121206,23.1471159660283,5.62074451161651,24.2590900127749,11.0589116985859,4.28702199358896,15.3974065306988,9.90634004972794,10.0336618511288,7.37000498021073,12.2088637466683
"PTI98_001792",132.388250128613,106.887108052759,111.50955148695,140.968351433748,201.596273251657,62.9015217572854,62.9042405471105,137.755873962669,63.9557827609521,22.1178233971719,164.335843087577,119.62600458466,105.367435074379,110.806526529857,160.439339184588,140.401933086685
"PTI98_001793",0,17.0494773581087,7.48944748792949,5.22105005310177,37.2894840696707,7.59156297070686,11.7585704552115,1.61953655419459,37.491320928834,55.2945584929297,10.0030513183743,4.73766354790732,9.00576368157085,1.74498466976153,4.53538768012968,0
"PTI98_001817",18.9126071612304,17.7052264872668,31.6221116157023,10.4421001062035,23.3059275435442,52.0564317991328,15.0887949547644,14.1947615632349,52.9289236642363,33.1767350957578,22.8641172991411,18.9506541916293,18.9121037312988,15.7048620278538,14.1730865004053,12.2088637466683
"PTI98_001828",3.78252143224607,22.295470391373,19.1396991358198,10.4421001062035,18.6447420348353,14.0986169455985,24.5038740954757,5.90654508000379,24.2590900127749,0,10.0030513183743,4.73766354790732,10.806916417885,4.14433859068363,2.83461730008105,9.1566478100012
"PTI98_001833",7.56504286449215,5.90174216242226,9.15376915191382,0,3.49588913153163,2.16901799163053,3.16576896871079,12.0036238722658,4.41074363868635,11.0589116985859,7.14503665598161,3.55324766093049,7.20461094525668,13.0873850232115,14.1730865004053,6.10443187333413
"PTI98_001844",0,19.0167247455828,19.1396991358198,0,18.6447420348353,9.7605809623374,11.8819121033431,17.2433009593659,4.41074363868635,0,11.4320586495706,9.47532709581464,19.8126800994559,8.28867718136727,7.93692844022694,6.10443187333413
"PTI98_001845",3.78252143224607,8.52473867905437,9.98592998390598,0,11.6529637717721,8.67607196652213,7.81163771500066,16.3858992542041,11.0268590967159,11.0589116985859,20.0061026367485,13.0285747567451,14.4092218905134,13.7417542743721,18.1415507205187,24.4177274933365
"PTI98_001846",56.7378214836911,20.3282230038989,21.6361816317963,20.8842002124071,23.3059275435442,15.1831259414137,18.2545639234752,79.2620242994057,11.0268590967159,77.4123818901016,30.0091539551228,26.0571495134902,40.5259365670688,28.1378777999047,30.6138668408754,24.4177274933365
"PTI98_001847",11.3475642967382,11.8034843248445,12.4824124798825,10.4421001062035,26.8018166750758,16.267634937229,10.319584560343,13.3373598580731,13.2322309160591,44.2356467943438,20.0061026367485,10.6597429827915,36.9236310944405,9.59741568368842,18.1415507205187,9.1566478100012
"PTI98_001868",11.3475642967382,3.93449477494817,8.32160831992165,5.22105005310177,3.49588913153163,10.8450899581527,8.55168760379019,6.19234564839107,11.0268590967159,22.1178233971719,11.4320586495706,9.47532709581464,7.20461094525668,7.19806176276631,4.53538768012968,12.2088637466683
"PTI98_001870",7.56504286449215,14.4264808414766,14.978894975859,5.22105005310177,15.1488529033037,4.33803598326106,8.63391536921125,21.1492420606587,13.2322309160591,0,15.7190806431595,9.47532709581464,17.1109509949846,15.7048620278538,19.8423211005674,6.10443187333413
"PTI98_001894",3.78252143224607,5.24599303326423,8.32160831992165,15.6631501593053,12.8182601489493,3.2535269874458,18.2545639234752,4.47754223806739,4.41074363868635,11.0589116985859,7.14503665598161,5.92207943488415,9.90634004972794,3.92621550696344,2.26769384006484,3.05221593666707
"PTI98_001918",0,1.96724738747409,1.66432166398433,0,16.3141492804809,7.59156297070686,17.3500585038436,13.0515592896858,24.2590900127749,11.0589116985859,1.42900733119632,9.47532709581464,0,11.5605234371701,3.40154076009726,0
"PTI98_001922",7.56504286449215,15.0822299706347,12.4824124798825,5.22105005310177,9.32237101741767,11.9295989539679,18.0901083926331,9.71721932516753,6.61611545802953,0,15.7190806431595,13.0285747567451,7.20461094525668,8.72492334880765,9.63769882027558,12.2088637466683
"PTI98_001925",15.1300857289843,7.21324042073831,7.48944748792949,15.6631501593053,4.66118550870884,5.42254497907633,7.3182711224743,15.337963836784,6.61611545802953,0,11.4320586495706,16.5818224176756,15.3097982586705,12.8692619394913,15.3069334204377,9.1566478100012
"PTI98_001954",34.0426928902147,24.2627177788471,14.978894975859,15.6631501593053,12.8182601489493,11.9295989539679,17.0622613248699,26.8652534284044,15.4376027354022,11.0589116985859,12.8610659807669,18.9506541916293,19.8126800994559,28.1378777999047,24.9446322407133,51.8876709233401
"PTI98_001962",3.78252143224607,14.4264808414766,19.971859967812,5.22105005310177,4.66118550870884,2.16901799163053,11.018520566422,6.09707879226198,2.20537181934318,11.0589116985859,10.0030513183743,2.36883177395366,8.10518731341377,4.36246167440383,13.606163040389,18.3132956200024
"PTI98_001963",3.78252143224607,5.24599303326423,12.4824124798825,0,2.33059275435442,6.5070539748916,5.55037416592152,26.6747197161462,8.82148727737271,22.1178233971719,4.28702199358896,11.8441588697683,11.7074927860421,14.6142466092528,14.7400099604215,21.3655115566695
"PTI98_001992",22.6951285934764,5.24599303326423,7.48944748792949,5.22105005310177,10.4876673945949,7.59156297070686,15.6643893127118,8.6692839077475,13.2322309160591,22.1178233971719,7.14503665598161,10.6597429827915,5.40345820894251,8.07055409764708,7.37000498021073,12.2088637466683
"PTI98_001993",41.6077357547068,48.5254355576941,41.6080415996083,31.3263003186106,15.1488529033037,10.8450899581527,12.3341648131589,45.6328240858358,6.61611545802953,11.0589116985859,22.8641172991411,31.9792289483744,28.8184437810267,39.6984012370748,20.4092445605836,42.7310231133389
"PTI98_002010",18.9126071612304,13.7707317123186,9.15376915191382,15.6631501593053,6.99177826306325,5.42254497907633,10.1551290295009,30.9617282419554,8.82148727737271,11.0589116985859,15.7190806431595,22.5039018525598,12.6080691541992,24.4297853766614,11.9053926603404,24.4177274933365
"PTI98_002043",11.3475642967382,3.27874564579014,4.99296499195299,5.22105005310177,33.7935949381391,11.9295989539679,42.4295269572667,3.14380625226008,22.0537181934318,0,4.28702199358896,3.55324766093049,1.80115273631417,4.36246167440383,18.1415507205187,3.05221593666707
"PTI98_002052",0,1.31149825831606,2.4964824959765,0,217.910422532138,101.943845606635,222.960585939203,2.38167140322734,114.679334605845,11.0589116985859,1.42900733119632,2.36883177395366,0.900576368157085,2.18123083720191,1.13384692003242,6.10443187333413
"PTI98_002067",7.56504286449215,9.1804878082124,10.8180908158981,5.22105005310177,5.82648188588605,5.42254497907633,5.18034922152675,9.05035133226388,4.41074363868635,0,14.2900733119632,17.7662383046524,4.50288184078543,15.0504927766932,31.1807903008916,9.1566478100012
"PTI98_002178",22.6951285934764,69.509407690751,64.9085448953889,26.1052502655088,38.4547804468479,59.6479947698396,39.345985753977,27.7226551335662,66.1611545802953,99.5302052872734,32.8671686175154,40.2701401572122,43.2276656715401,32.7184625580287,23.8107853206808,21.3655115566695
"PTI98_004261",0,2.62299651663211,9.98592998390598,0,30.2977058066074,18.4366529288595,27.2585042370812,1.14320227354912,26.4644618321181,0,18.5770953055522,1.18441588697683,0,3.05372317208268,10.2046222802918,0
"PTI98_004335",41.6077357547068,0,0,104.421001062035,1.16529637717721,0,0.123341648131589,0.762134849032748,2.20537181934318,22.1178233971719,18.5770953055522,13.0285747567451,2.70172910447126,38.3896627347537,156.470874964474,42.7310231133389
"PTI98_004337",3.78252143224607,4.5902439041062,4.16080415996083,0,39.6200768240251,11.9295989539679,15.2943643683171,5.8112782238747,13.2322309160591,11.0589116985859,8.57404398717793,10.6597429827915,5.40345820894251,3.05372317208268,2.83461730008105,6.10443187333413
"PTI98_004345",18.9126071612304,13.7707317123186,27.4613074557415,5.22105005310177,53.6036333501516,44.4648688284259,47.4043067652408,13.9089609948476,30.8752054708045,11.0589116985859,24.2931246303375,23.6883177395366,16.2103746268275,26.6110162138633,26.6454026207619,15.2610796833353
"PTI98_004352",0,13.7707317123186,2.4964824959765,15.6631501593053,9.32237101741767,5.42254497907633,4.07027438834245,5.8112782238747,0,22.1178233971719,4.28702199358896,13.0285747567451,11.7074927860421,6.76181559532593,3.96846422011347,0
"PTI98_004356",3.78252143224607,32.1317073287434,9.15376915191382,0,10.4876673945949,22.7746889121206,23.8049380893967,7.14501420968201,22.0537181934318,0,5.71602932478529,8.29091120883781,8.10518731341377,5.67120017672497,5.10231114014589,12.2088637466683
"PTI98_004429",7.56504286449215,3.93449477494817,2.4964824959765,0,11.6529637717721,1.08450899581527,7.35938500518483,12.9562924335567,0,0,10.0030513183743,7.10649532186098,14.4092218905134,15.0504927766932,6.80308152019452,21.3655115566695
"PTI98_004435",34.0426928902147,41.9679442661138,49.0974890875378,31.3263003186106,51.2730405957972,42.2958508367954,62.8631266644,31.9143968032463,17.6429745547454,44.2356467943438,25.7221319615338,23.6883177395366,25.2161383083984,32.5003394743085,22.6769384006484,48.8354549866731
"PTI98_004450",7.56504286449215,17.0494773581087,8.32160831992165,0,4.66118550870884,4.33803598326106,7.07158782621112,7.52608163419838,4.41074363868635,11.0589116985859,8.57404398717793,7.10649532186098,9.90634004972794,12.2148926883307,6.23615806017831,15.2610796833353
"PTI98_004464",7.56504286449215,45.246689911904,27.4613074557415,0,23.3059275435442,17.3521439330443,18.9946138122648,24.3883151690479,15.4376027354022,0,8.57404398717793,5.92207943488415,17.1109509949846,39.916524320795,9.07077536025936,9.1566478100012
"PTI98_004488",15.1300857289843,32.7874564579014,42.4402024316004,20.8842002124071,18.6447420348353,59.6479947698396,20.1046886454491,12.0988907283949,66.1611545802953,11.0589116985859,18.5770953055522,23.6883177395366,16.2103746268275,13.0873850232115,9.63769882027558,12.2088637466683
"PTI98_004489",7.56504286449215,12.4592334540025,11.6502516478903,10.4421001062035,8.15707464024046,15.1831259414137,12.7864175229748,5.52547765548742,30.8752054708045,11.0589116985859,8.57404398717793,8.29091120883781,11.7074927860421,7.19806176276631,6.80308152019452,9.1566478100012
"PTI98_004542",37.8252143224607,49.1811846868521,40.7758807676161,36.5473503717124,40.7853732012023,90.0142466526671,45.2663848642933,35.72507104841,68.3665263996385,66.3534701915156,34.2961759487117,34.3480607223281,19.8126800994559,29.8828624696662,25.5115557007295,33.5743753033377
"PTI98_004543",26.4776500257225,3.27874564579014,4.99296499195299,5.22105005310177,4.66118550870884,26.0282158995664,7.77052383229013,9.24088504452206,6.61611545802953,11.0589116985859,4.28702199358896,8.29091120883781,12.6080691541992,10.6880311022894,10.771545740308,6.10443187333413
"PTI98_004553",34.0426928902147,37.3777003620076,11.6502516478903,31.3263003186106,34.9588913153163,19.5211619246748,19.5702081702122,32.0096636593754,11.0268590967159,11.0589116985859,37.1541906111044,30.7948130613976,30.6195965173409,24.2116622929412,20.9761680205998,27.4699434300036
"PTI98_004577",7.56504286449215,2.62299651663211,0.832160831992165,0,0,4.33803598326106,4.2758438018951,11.8130901600076,2.20537181934318,0,12.8610659807669,16.5818224176756,16.2103746268275,41.8796320742767,6.23615806017831,6.10443187333413
"PTI98_004586",3.78252143224607,6.55749129158028,5.82512582394516,15.6631501593053,5.82648188588605,5.42254497907633,7.68829606686907,12.8610255774276,6.61611545802953,0,15.7190806431595,10.6597429827915,9.00576368157085,10.4699080185692,5.10231114014589,9.1566478100012
"PTI98_004606",18.9126071612304,6.55749129158028,14.1467341438668,36.5473503717124,13.9835565261265,10.8450899581527,11.799684337922,30.9617282419554,6.61611545802953,11.0589116985859,18.5770953055522,11.8441588697683,14.4092218905134,28.7922470510653,23.2438618606646,21.3655115566695
"PTI98_004611",11.3475642967382,7.21324042073831,39.9437199356239,10.4421001062035,16.3141492804809,16.267634937229,16.6922363804751,9.71721932516753,11.0268590967159,0,7.14503665598161,8.29091120883781,5.40345820894251,14.3961235255326,24.377708780697,0
"PTI98_004615",15.1300857289843,13.1149825831606,9.15376915191382,15.6631501593053,3.49588913153163,10.8450899581527,12.1285953996063,15.1474301245259,15.4376027354022,0,8.57404398717793,23.6883177395366,13.5086455223563,13.7417542743721,7.37000498021073,9.1566478100012
"PTI98_004622",49.172778619199,20.3282230038989,44.1045240955848,31.3263003186106,8.15707464024046,5.42254497907633,9.57953467155344,28.7705905509862,2.20537181934318,44.2356467943438,17.1480879743559,20.1350700786061,12.6080691541992,20.0673237022576,13.606163040389,30.5221593666707
"PTI98_004628",26.4776500257225,25.5742160371631,37.4472374396474,10.4421001062035,20.9753347891898,70.4930847279923,26.3951127001601,23.7214471761443,28.6698336514613,44.2356467943438,24.2931246303375,21.3194859655829,27.0172910447126,27.4835085487441,17.0077038004863,21.3655115566695
"PTI98_004666",15.1300857289843,7.86898954989634,4.99296499195299,20.8842002124071,3.49588913153163,3.2535269874458,9.78510408510608,26.9605202845334,6.61611545802953,11.0589116985859,14.2900733119632,8.29091120883781,9.90634004972794,13.5236311906519,13.0392395803728,15.2610796833353
"PTI98_004682",22.6951285934764,25.5742160371631,13.3145733118746,10.4421001062035,15.1488529033037,3.2535269874458,6.4959934682637,9.24088504452206,8.82148727737271,11.0589116985859,2.85801466239264,9.47532709581464,8.10518731341377,8.94304643252784,13.606163040389,9.1566478100012
"PTI98_004685",11.3475642967382,18.3609756164248,20.8040207998041,10.4421001062035,4.66118550870884,7.59156297070686,7.60606830144801,16.6716998225914,0,11.0589116985859,7.14503665598161,13.0285747567451,11.7074927860421,19.6310775348172,18.7084741805349,12.2088637466683
"PTI98_004688",45.3902571869529,1.96724738747409,5.82512582394516,20.8842002124071,3.49588913153163,13.0141079497832,8.96282643089549,14.6710958438804,11.0268590967159,11.0589116985859,18.5770953055522,14.212990643722,10.806916417885,4.14433859068363,7.93692844022694,24.4177274933365
"PTI98_004694",3.78252143224607,2.62299651663211,9.15376915191382,0,8.15707464024046,16.267634937229,7.56495441873748,4.2870085258092,13.2322309160591,11.0589116985859,14.2900733119632,5.92207943488415,7.20461094525668,3.70809242324325,6.23615806017831,0
"PTI98_004697",26.4776500257225,43.9351916535879,25.7969857917571,15.6631501593053,34.9588913153163,74.8311207112534,37.1258360876084,20.9587083484006,79.3933854963544,33.1767350957578,35.725183279908,27.2415654004671,29.7190201491838,29.0103701347854,20.4092445605836,30.5221593666707
"PTI98_004698",11.3475642967382,9.1804878082124,10.8180908158981,15.6631501593053,11.6529637717721,4.33803598326106,7.11270170892165,18.2912363767859,8.82148727737271,0,12.8610659807669,14.212990643722,16.2103746268275,10.6880311022894,6.80308152019452,12.2088637466683
"PTI98_004701",45.3902571869529,76.0668989823313,51.5939715835142,26.1052502655088,52.4383369729744,95.4367916317434,46.5409152283197,30.3901271051808,52.9289236642363,22.1178233971719,25.7221319615338,28.4259812874439,29.7190201491838,35.335939562671,22.6769384006484,24.4177274933365
"PTI98_004711",3.78252143224607,25.5742160371631,34.1185941116788,0,8.15707464024046,5.42254497907633,4.81032427713198,13.6231604264604,4.41074363868635,0,2.85801466239264,8.29091120883781,15.3097982586705,16.5773543627345,12.4723161203566,12.2088637466683
"PTI98_004720",18.9126071612304,13.7707317123186,13.3145733118746,36.5473503717124,18.6447420348353,9.7605809623374,21.420332892186,20.2918403554969,11.0268590967159,22.1178233971719,12.8610659807669,17.7662383046524,27.0172910447126,22.4666776231797,19.8423211005674,18.3132956200024
"PTI98_004729",3.78252143224607,1.31149825831606,0,5.22105005310177,24.4712239207214,4.33803598326106,31.6165758043974,2.28640454709824,11.0268590967159,11.0589116985859,0,9.47532709581464,0.900576368157085,0.654369251160574,2.26769384006484,6.10443187333413
"PTI98_004742",11.3475642967382,51.1484320743262,32.4542724476944,0,15.1488529033037,13.0141079497832,15.5821615472908,5.62074451161651,24.2590900127749,0,17.1480879743559,4.73766354790732,9.00576368157085,7.19806176276631,4.53538768012968,0
"PTI98_004756",15.1300857289843,51.8041812034842,21.6361816317963,5.22105005310177,26.8018166750758,34.7042878660885,15.9933003743961,13.1468261458149,35.2859491094908,22.1178233971719,11.4320586495706,11.8441588697683,13.5086455223563,13.9598773580922,13.0392395803728,3.05221593666707
"PTI98_004796",0,11.1477351956865,14.1467341438668,15.6631501593053,5.82648188588605,3.2535269874458,4.76921039442145,8.85981762000569,6.61611545802953,11.0589116985859,1.42900733119632,7.10649532186098,7.20461094525668,9.37929259996823,10.2046222802918,0
"PTI98_004809",41.6077357547068,4.5902439041062,8.32160831992165,41.7684004248141,9.32237101741767,10.8450899581527,8.30500430752701,9.05035133226388,2.20537181934318,0,21.4351099679448,20.1350700786061,34.2219019899692,22.4666776231797,11.3384692003242,24.4177274933365
"PTI98_004819",102.128078670644,17.7052264872668,17.4753774718355,57.4315505841194,13.9835565261265,16.267634937229,24.9561268052916,71.6406758090783,17.6429745547454,33.1767350957578,37.1541906111044,60.4052102358183,27.0172910447126,39.916524320795,40.2515656611509,64.0965346700084
"PTI98_004833",3.78252143224607,0.655749129158029,0,0,8.15707464024046,13.0141079497832,25.1205823361337,6.19234564839107,11.0268590967159,0,10.0030513183743,3.55324766093049,8.10518731341377,9.16116951624804,2.83461730008105,0
"PTI98_004835",45.3902571869529,65.5749129158028,46.6010065915613,26.1052502655088,58.2648188588605,66.1550487447312,66.275578929374,53.063638863905,83.8041291350407,55.2945584929297,88.5984545341719,82.9091120883781,68.4438039799385,89.8667104927188,43.6531064212482,57.9921027966743
"PTI98_004839",3.78252143224607,17.7052264872668,4.16080415996083,5.22105005310177,2.33059275435442,7.59156297070686,5.92039911031629,5.33494394322923,6.61611545802953,11.0589116985859,7.14503665598161,11.8441588697683,3.60230547262834,12.6511388557711,6.23615806017831,6.10443187333413
"PTI98_004844",11.3475642967382,5.90174216242226,6.65728665593732,0,1.16529637717721,5.42254497907633,2.91908567244761,12.0988907283949,2.20537181934318,0,4.28702199358896,8.29091120883781,3.60230547262834,12.2148926883307,4.53538768012968,12.2088637466683
"PTI98_004848",7.56504286449215,11.1477351956865,19.971859967812,10.4421001062035,8.15707464024046,4.33803598326106,7.03047394350059,29.1516579755026,8.82148727737271,22.1178233971719,15.7190806431595,24.8727336265134,15.3097982586705,19.412954451097,9.07077536025936,15.2610796833353
"PTI98_004852",15.1300857289843,23.606968649689,27.4613074557415,15.6631501593053,13.9835565261265,8.67607196652213,6.66044899910582,11.4320227354912,6.61611545802953,33.1767350957578,14.2900733119632,10.6597429827915,13.5086455223563,12.4330157720509,5.6692346001621,9.1566478100012
"PTI98_004858",45.3902571869529,3.27874564579014,9.15376915191382,20.8842002124071,8.15707464024046,3.2535269874458,8.55168760379019,16.4811661103332,15.4376027354022,22.1178233971719,17.1480879743559,22.5039018525598,10.806916417885,9.59741568368842,17.0077038004863,18.3132956200024
"PTI98_004859",18.9126071612304,4.5902439041062,15.8110558078511,15.6631501593053,11.6529637717721,14.0986169455985,8.71614313463231,44.6801555245448,15.4376027354022,22.1178233971719,30.0091539551228,24.8727336265134,34.2219019899692,40.7890166556758,32.314637220924,21.3655115566695
"PTI98_004866",30.2601714579686,79.3456446281214,94.8663348471068,26.1052502655088,87.3972282882907,91.0987556484823,47.9387872404777,61.8281896277816,74.982641857668,33.1767350957578,42.8702199358896,75.8026167665171,49.5317002486397,119.531449878665,65.7631213618804,48.8354549866731
"PTI98_004867",223.168764502518,62.9519163991707,90.705530687146,109.642051115137,65.2565971219237,97.6058096233739,79.3086797486119,112.224356520072,110.268590967159,99.5302052872734,90.0274618653683,148.051985872104,109.870316915164,109.715911111256,149.100869984263,134.297501213351
"PTI98_004869",45.3902571869529,13.7707317123186,12.4824124798825,31.3263003186106,8.15707464024046,18.4366529288595,5.83817134489523,31.5333293787299,2.20537181934318,22.1178233971719,32.8671686175154,13.0285747567451,37.8242074625976,33.3728318091893,7.37000498021073,30.5221593666707
"PTI98_004871",7.56504286449215,19.6724738747409,11.6502516478903,10.4421001062035,17.4794456576581,6.5070539748916,12.2108231650273,12.194157584524,2.20537181934318,22.1178233971719,11.4320586495706,14.212990643722,14.4092218905134,28.3560008836249,14.1730865004053,6.10443187333413
"PTI98_004895",0,18.3609756164248,18.3075383038276,15.6631501593053,11.6529637717721,10.8450899581527,9.53842078884291,4.2870085258092,13.2322309160591,0,11.4320586495706,3.55324766093049,5.40345820894251,7.19806176276631,7.37000498021073,0
"PTI98_004926",30.2601714579686,13.7707317123186,9.15376915191382,46.9894504779159,3.49588913153163,8.67607196652213,12.7453036402642,33.5339333574409,2.20537181934318,33.1767350957578,21.4351099679448,29.6103971744207,17.1109509949846,25.084154627822,30.0469433808591,21.3655115566695
"PTI98_004929",3.78252143224607,16.3937282289507,11.6502516478903,0,16.3141492804809,13.0141079497832,18.3367916888963,11.6225564477494,13.2322309160591,0,8.57404398717793,9.47532709581464,18.0115273631417,12.4330157720509,12.4723161203566,15.2610796833353
"PTI98_004945",11.3475642967382,26.2299651663211,17.4753774718355,5.22105005310177,2.33059275435442,11.9295989539679,12.3341648131589,9.52668561290935,11.0268590967159,11.0589116985859,17.1480879743559,18.9506541916293,7.20461094525668,15.2686158604134,7.37000498021073,12.2088637466683
"PTI98_004947",7.56504286449215,41.3121951369558,6.65728665593732,10.4421001062035,3.49588913153163,6.5070539748916,7.60606830144801,9.52668561290935,22.0537181934318,11.0589116985859,10.0030513183743,10.6597429827915,9.00576368157085,13.0873850232115,2.26769384006484,9.1566478100012
"PTI98_004959",30.2601714579686,21.6397212622149,27.4613074557415,20.8842002124071,22.140631166367,24.9437069037511,27.2996181197918,16.0048318296877,11.0268590967159,11.0589116985859,27.1511392927301,26.0571495134902,20.713256467613,15.2686158604134,17.5746272605025,24.4177274933365
"PTI98_004961",34.0426928902147,121.969338023393,89.0412090231617,41.7684004248141,60.5954116132149,80.2536656903297,45.0608154507406,33.8197339258282,74.982641857668,22.1178233971719,34.2961759487117,29.6103971744207,29.7190201491838,41.4433859068363,29.4800199208429,36.6265912400048
"PTI98_004981",37.8252143224607,47.213937299378,49.9296499195299,20.8842002124071,11.6529637717721,13.0141079497832,21.7492439538702,82.1200299832785,17.6429745547454,11.0589116985859,31.4381612863191,27.2415654004671,25.2161383083984,49.077693837043,41.3854125811834,9.1566478100012
"PTI98_004982",3.78252143224607,8.52473867905437,26.6291466237493,15.6631501593053,27.967113052253,43.3803598326106,58.1350301526891,14.0994947071058,33.0805772901477,11.0589116985859,12.8610659807669,20.1350700786061,13.5086455223563,19.412954451097,23.8107853206808,21.3655115566695
"PTI98_004991",15.1300857289843,14.4264808414766,16.6432166398433,41.7684004248141,15.1488529033037,2.16901799163053,8.79837090005337,28.6753236948571,6.61611545802953,0,7.14503665598161,14.212990643722,25.2161383083984,28.5741239673451,20.4092445605836,9.1566478100012
"PTI98_005011",15.1300857289843,0,0,15.6631501593053,1.16529637717721,1.08450899581527,0.986733185052714,7.43081477806929,0,11.0589116985859,8.57404398717793,2.36883177395366,2.70172910447126,0.872492334880765,2.26769384006484,12.2088637466683
"PTI98_005027",30.2601714579686,36.7219512328496,43.2723632635926,20.8842002124071,9.32237101741767,13.0141079497832,6.41376570284264,54.6831754180996,11.0268590967159,33.1767350957578,28.5801466239264,29.6103971744207,34.2219019899692,41.4433859068363,17.0077038004863,15.2610796833353
"PTI98_005065",11.3475642967382,38.0334494911656,15.8110558078511,36.5473503717124,17.4794456576581,33.6197788702732,16.610008615054,8.28821648323113,33.0805772901477,0,14.2900733119632,22.5039018525598,9.90634004972794,13.0873850232115,13.606163040389,3.05221593666707
"PTI98_005076",18.9126071612304,17.0494773581087,8.32160831992165,5.22105005310177,3.49588913153163,8.67607196652213,7.11270170892165,6.47814621677835,13.2322309160591,22.1178233971719,8.57404398717793,10.6597429827915,6.3040345770996,11.1242772697298,6.80308152019452,9.1566478100012
"PTI98_005077",18.9126071612304,5.90174216242226,6.65728665593732,5.22105005310177,6.99177826306325,30.3662518828274,8.26389042481648,5.62074451161651,30.8752054708045,0,17.1480879743559,22.5039018525598,6.3040345770996,10.0336618511288,7.37000498021073,9.1566478100012
"PTI98_005084",15.1300857289843,34.0989547162175,24.1326641277728,36.5473503717124,11.6529637717721,18.4366529288595,27.5463014160549,12.9562924335567,46.3128082062067,0,75.737388553405,15.3974065306988,49.5317002486397,27.0472623813037,35.149254521005,30.5221593666707
"PTI98_005088",26.4776500257225,28.1972125537952,38.2793982716396,41.7684004248141,66.4218934991009,29.2817428870122,76.0606830144801,25.9125848671134,57.3396673029226,22.1178233971719,68.5923518974234,28.4259812874439,31.520172885498,20.7216929534182,28.9130964608267,79.3576143533437
"PTI98_005095",22.6951285934764,34.7547038453755,13.3145733118746,15.6631501593053,15.1488529033037,13.0141079497832,34.0834087670292,36.2966721851846,24.2590900127749,33.1767350957578,17.1480879743559,18.9506541916293,43.2276656715401,35.7721857301114,16.4407803404701,6.10443187333413
"PTI98_005098",15.1300857289843,3.93449477494817,10.8180908158981,5.22105005310177,5.82648188588605,6.5070539748916,12.1697092823168,13.5278935703313,2.20537181934318,0,20.0061026367485,18.9506541916293,6.3040345770996,18.5404621162163,16.4407803404701,12.2088637466683
"PTI98_005111",22.6951285934764,104.919860665285,75.726635711287,57.4315505841194,51.2730405957972,77.0001387028839,24.6683296263179,28.8658574071153,92.6256164124134,55.2945584929297,47.1572419294786,39.0857242702354,36.9236310944405,36.8628011487123,31.7477137609078,45.783239050006
"PTI98_005122",7.56504286449215,30.1644599412693,39.1115591036318,5.22105005310177,22.140631166367,8.67607196652213,11.3063177453957,24.5788488813061,6.61611545802953,0,8.57404398717793,16.5818224176756,20.713256467613,28.5741239673451,24.377708780697,6.10443187333413
"PTI98_005126",26.4776500257225,17.0494773581087,9.15376915191382,26.1052502655088,19.8100384120126,55.3099587865786,23.1060020833177,11.5272895916203,33.0805772901477,11.0589116985859,15.7190806431595,14.212990643722,5.40345820894251,16.3592312790143,12.4723161203566,21.3655115566695
"PTI98_005129",18.9126071612304,31.4759581995854,22.4683424637885,26.1052502655088,32.6282985609619,67.2395577405465,30.4653870885026,16.8622335348495,28.6698336514613,0,14.2900733119632,4.73766354790732,18.9121037312988,25.3022777115422,17.5746272605025,9.1566478100012
"PTI98_005131",49.172778619199,11.1477351956865,18.3075383038276,41.7684004248141,6.99177826306325,14.0986169455985,17.226716855712,28.4847899825989,8.82148727737271,22.1178233971719,32.8671686175154,33.1636448353512,33.3213256218122,27.7016316324643,34.5823310609888,33.5743753033377
"PTI98_005161",15.1300857289843,10.4919860665285,21.6361816317963,15.6631501593053,17.4794456576581,49.8874138075022,24.2983046819231,11.1462221671039,59.5450391222658,11.0589116985859,21.4351099679448,18.9506541916293,21.61383283577,12.2148926883307,22.6769384006484,9.1566478100012
"PTI98_005163",15.1300857289843,17.0494773581087,8.32160831992165,5.22105005310177,44.2812623327339,35.7887968619038,24.7094435090284,18.2912363767859,19.8483463740886,0,18.5770953055522,24.8727336265134,27.0172910447126,25.3022777115422,31.1807903008916,9.1566478100012
"PTI98_005166",18.9126071612304,3.93449477494817,4.99296499195299,5.22105005310177,22.140631166367,24.9437069037511,30.9587536810289,29.2469248316317,39.6966927481772,44.2356467943438,15.7190806431595,46.1922195920964,36.0230547262834,32.7184625580287,19.8423211005674,21.3655115566695
"PTI98_005177",18.9126071612304,49.1811846868521,43.2723632635926,10.4421001062035,11.6529637717721,44.4648688284259,21.9136994847124,29.0563911193735,19.8483463740886,0,21.4351099679448,69.8805373316329,16.2103746268275,46.8964629998411,27.7792495407943,30.5221593666707
"PTI98_005181",60.5203429159372,67.5421603032769,107.348747326989,93.9789009558318,116.529637717721,105.197372594081,97.5221297893766,88.693443056186,127.911565521904,77.4123818901016,74.3083812222087,92.3844391841927,86.4553313430802,100.554741595008,92.4085239826423,97.6709099733462
"PTI98_005188",105.91060010289,13.1149825831606,14.978894975859,57.4315505841194,15.1488529033037,7.59156297070686,29.4786539034498,31.7238630909881,15.4376027354022,11.0589116985859,32.8671686175154,47.3766354790732,56.7363111938964,46.2420937486806,52.7238817815076,42.7310231133389
"PTI98_005193",3.78252143224607,9.1804878082124,17.4753774718355,10.4421001062035,15.1488529033037,7.59156297070686,6.0848546411584,4.47754223806739,4.41074363868635,11.0589116985859,8.57404398717793,3.55324766093049,9.00576368157085,3.27184625580287,8.50385190024315,3.05221593666707
"PTI98_005204",3.78252143224607,10.4919860665285,7.48944748792949,20.8842002124071,8.15707464024046,8.67607196652213,5.05700757339516,7.90714905871476,8.82148727737271,11.0589116985859,8.57404398717793,9.47532709581464,10.806916417885,14.3961235255326,6.80308152019452,9.1566478100012
"PTI98_005226",7.56504286449215,15.0822299706347,30.7899507837101,5.22105005310177,26.8018166750758,7.59156297070686,13.5675812944748,25.436250586468,8.82148727737271,0,7.14503665598161,23.6883177395366,22.5144092039271,18.9767082836566,20.9761680205998,6.10443187333413
"PTI98_005231",3.78252143224607,15.7379790997927,9.98592998390598,5.22105005310177,13.9835565261265,10.8450899581527,10.5662678566061,9.24088504452206,15.4376027354022,22.1178233971719,12.8610659807669,13.0285747567451,11.7074927860421,6.97993867904612,5.10231114014589,12.2088637466683
"PTI98_005250",86.9979929416597,20.9839721330569,55.7547757434751,36.5473503717124,11.6529637717721,18.4366529288595,7.44161277060589,38.3925430200247,8.82148727737271,11.0589116985859,28.5801466239264,31.9792289483744,50.4322766167968,10.9061541860096,40.2515656611509,30.5221593666707
"PTI98_005252",11.3475642967382,8.52473867905437,11.6502516478903,0,9.32237101741767,16.267634937229,8.18166265939542,5.23967708710014,13.2322309160591,0,10.0030513183743,9.47532709581464,7.20461094525668,12.2148926883307,6.23615806017831,3.05221593666707
"PTI98_005254",18.9126071612304,20.3282230038989,19.971859967812,10.4421001062035,25.6365202978986,19.5211619246748,18.2545639234752,15.4332306929131,4.41074363868635,44.2356467943438,25.7221319615338,11.8441588697683,23.4149855720842,17.2317236138951,21.543091480616,12.2088637466683
"PTI98_005255",18.9126071612304,22.951219520531,13.3145733118746,36.5473503717124,13.9835565261265,5.42254497907633,5.30369086965834,55.6358439793906,8.82148727737271,33.1767350957578,24.2931246303375,8.29091120883781,165.706051740904,34.24532414407,25.5115557007295,15.2610796833353
"PTI98_005258",0,9.83623693737043,4.99296499195299,15.6631501593053,12.8182601489493,5.42254497907633,16.4455530842119,10.3840873180712,13.2322309160591,0,2.85801466239264,3.55324766093049,14.4092218905134,9.59741568368842,6.80308152019452,12.2088637466683
"PTI98_005260",7.56504286449215,11.1477351956865,3.32864332796866,15.6631501593053,10.4876673945949,14.0986169455985,19.4879804047911,11.1462221671039,11.0268590967159,11.0589116985859,8.57404398717793,14.212990643722,16.2103746268275,4.14433859068363,5.10231114014589,3.05221593666707
"PTI98_005263",26.4776500257225,34.0989547162175,14.1467341438668,26.1052502655088,33.7935949381391,39.0423238493496,44.937473802609,21.435042629046,28.6698336514613,33.1767350957578,14.2900733119632,17.7662383046524,46.8299711441684,16.7954774464547,15.3069334204377,18.3132956200024
"PTI98_005272",15.1300857289843,29.5087108121113,48.2653282555456,26.1052502655088,31.4630021837846,42.2958508367954,34.5767753595555,17.4338346716241,28.6698336514613,0,15.7190806431595,33.1636448353512,22.5144092039271,27.7016316324643,35.149254521005,24.4177274933365
"PTI98_005278",3.78252143224607,2.62299651663211,0,5.22105005310177,59.4301152360377,15.1831259414137,230.402198709809,1.61953655419459,22.0537181934318,11.0589116985859,0,0,0.900576368157085,2.18123083720191,7.37000498021073,3.05221593666707
"PTI98_005281",109.693121535136,217.052961751307,187.236187198237,93.9789009558318,132.843786998202,130.141079497832,72.1959780396903,84.7875019548932,119.090078244532,66.3534701915156,95.7434911901535,75.8026167665171,93.6599422883369,80.0511717253102,59.5269633017021,82.4098302900108
"PTI98_005284",49.172778619199,64.2634146574868,51.5939715835142,57.4315505841194,79.2401536480502,117.126971548049,60.4785214671893,39.2499447251865,121.295450063875,0,31.4381612863191,55.667546687911,45.9293947760114,46.2420937486806,24.9446322407133,51.8876709233401
"PTI98_005324",11.3475642967382,9.1804878082124,5.82512582394516,0,9.32237101741767,13.0141079497832,9.2506236098692,8.38348333936022,4.41074363868635,0,8.57404398717793,9.47532709581464,8.10518731341377,15.4867389441336,11.3384692003242,6.10443187333413
"PTI98_005325",3.78252143224607,8.52473867905437,11.6502516478903,5.22105005310177,9.32237101741767,11.9295989539679,7.07158782621112,4.09647481355102,24.2590900127749,0,11.4320586495706,10.6597429827915,12.6080691541992,10.4699080185692,10.771545740308,6.10443187333413
"PTI98_005328",11.3475642967382,3.93449477494817,8.32160831992165,5.22105005310177,5.82648188588605,10.8450899581527,6.61933511639529,8.95508447613478,17.6429745547454,11.0589116985859,8.57404398717793,14.212990643722,10.806916417885,12.8692619394913,10.771545740308,6.10443187333413
"PTI98_005336",3.78252143224607,11.8034843248445,84.8804048632009,15.6631501593053,616.441783526744,202.803182217455,582.09035141568,5.14441023097105,467.538825700754,0,21.4351099679448,20.1350700786061,3.60230547262834,8.50680026508746,27.2123260807781,9.1566478100012
"PTI98_005339",11.3475642967382,11.1477351956865,14.1467341438668,36.5473503717124,25.6365202978986,17.3521439330443,40.2504911736086,29.9137928245353,17.6429745547454,55.2945584929297,21.4351099679448,5.92207943488415,10.806916417885,14.1780004418124,10.771545740308,9.1566478100012
"PTI98_005352",18.9126071612304,4.5902439041062,3.32864332796866,15.6631501593053,10.4876673945949,11.9295989539679,10.7307233874483,7.81188220258566,8.82148727737271,0,4.28702199358896,7.10649532186098,7.20461094525668,4.79870784184421,6.80308152019452,12.2088637466683
"PTI98_005359",15.1300857289843,2.62299651663211,0.832160831992165,10.4421001062035,1.16529637717721,2.16901799163053,3.57690779581609,9.43141875678025,6.61611545802953,0,2.85801466239264,8.29091120883781,10.806916417885,10.9061541860096,5.10231114014589,15.2610796833353
"PTI98_005377",7.56504286449215,27.5414634246372,34.1185941116788,41.7684004248141,86.2319319111135,42.2958508367954,51.1045562091885,22.8640454709824,30.8752054708045,33.1767350957578,14.2900733119632,24.8727336265134,22.5144092039271,27.7016316324643,31.1807903008916,15.2610796833353
"PTI98_005382",18.9126071612304,10.4919860665285,19.1396991358198,15.6631501593053,10.4876673945949,7.59156297070686,16.1988697879487,17.5291015277532,11.0268590967159,44.2356467943438,24.2931246303375,15.3974065306988,24.3155619402413,12.6511388557711,14.1730865004053,18.3132956200024
"PTI98_005391",11.3475642967382,16.3937282289507,24.1326641277728,20.8842002124071,36.1241876924935,34.7042878660885,25.4494933978179,13.6231604264604,30.8752054708045,11.0589116985859,32.8671686175154,41.454556044189,15.3097982586705,24.8660315441018,24.9446322407133,18.3132956200024
"PTI98_005393",0,13.1149825831606,9.98592998390598,0,6.99177826306325,10.8450899581527,4.93366592526357,5.90654508000379,0,0,7.14503665598161,7.10649532186098,12.6080691541992,8.07055409764708,6.80308152019452,3.05221593666707
"PTI98_005396",7.56504286449215,6.55749129158028,5.82512582394516,5.22105005310177,8.15707464024046,2.16901799163053,5.87928522760576,21.435042629046,2.20537181934318,0,1.42900733119632,8.29091120883781,10.806916417885,11.5605234371701,15.8738568804539,9.1566478100012
"PTI98_005397",15.1300857289843,8.52473867905437,9.98592998390598,31.3263003186106,5.82648188588605,9.7605809623374,11.8819121033431,12.6704918651694,2.20537181934318,0,10.0030513183743,16.5818224176756,13.5086455223563,18.7585851999365,8.50385190024315,15.2610796833353
"PTI98_005418",117.258164399628,70.8209059490671,114.838194814919,26.1052502655088,186.447420348353,161.591840376475,115.447782651168,102.98347147555,200.688835560229,22.1178233971719,150.045769775614,124.363668132567,225.144092039271,106.444064855453,115.085462383291,109.879773720014
"PTI98_005464",18.9126071612304,7.21324042073831,8.32160831992165,10.4421001062035,12.8182601489493,7.59156297070686,14.4720867141065,24.1977814567897,6.61611545802953,11.0589116985859,11.4320586495706,10.6597429827915,11.7074927860421,13.9598773580922,7.93692844022694,9.1566478100012
"PTI98_005481",7.56504286449215,4.5902439041062,10.8180908158981,0,13.9835565261265,13.0141079497832,11.3063177453957,6.95448049742382,4.41074363868635,0,14.2900733119632,10.6597429827915,8.10518731341377,9.16116951624804,10.771545740308,0
"PTI98_005488",11.3475642967382,8.52473867905437,5.82512582394516,15.6631501593053,38.4547804468479,55.3099587865786,39.0993024577138,17.1480341032368,48.5181800255499,0,8.57404398717793,14.212990643722,19.8126800994559,12.6511388557711,22.6769384006484,3.05221593666707
"PTI98_005508",0,1.96724738747409,8.32160831992165,10.4421001062035,38.4547804468479,17.3521439330443,33.836725470766,46.2044252226103,41.9020645675204,11.0589116985859,1.42900733119632,2.36883177395366,63.9409221391531,4.79870784184421,4.53538768012968,6.10443187333413
"PTI98_005543",3.78252143224607,30.1644599412693,19.971859967812,10.4421001062035,12.8182601489493,31.4507608786427,20.1869164108701,12.4799581529112,26.4644618321181,11.0589116985859,18.5770953055522,14.212990643722,20.713256467613,15.2686158604134,14.7400099604215,12.2088637466683
"PTI98_005555",75.6504286449215,70.8209059490671,74.8944748792949,78.3157507965265,54.7689297273288,196.296128242563,73.7171916999799,42.1079504090593,169.813630089425,66.3534701915156,47.1572419294786,43.8233878181427,54.9351584575822,57.5844941021305,46.4877237213292,54.9398868600072
"PTI98_005568",15.1300857289843,27.5414634246372,0.832160831992165,5.22105005310177,3.49588913153163,4.33803598326106,5.63260193134258,10.0030198935548,11.0268590967159,0,21.4351099679448,16.5818224176756,7.20461094525668,14.3961235255326,10.771545740308,12.2088637466683
"PTI98_005572",11.3475642967382,1.96724738747409,0.832160831992165,5.22105005310177,0,0,0.205569413552649,6.95448049742382,0,11.0589116985859,8.57404398717793,17.7662383046524,3.60230547262834,4.79870784184421,2.83461730008105,12.2088637466683
"PTI98_005582",3.78252143224607,12.4592334540025,6.65728665593732,0,12.8182601489493,4.33803598326106,4.35807156731615,7.04974735355291,6.61611545802953,0,10.0030513183743,4.73766354790732,12.6080691541992,12.2148926883307,10.2046222802918,0
"PTI98_005592",30.2601714579686,7.21324042073831,3.32864332796866,20.8842002124071,4.66118550870884,4.33803598326106,11.6352288070799,26.7699865722753,2.20537181934318,0,10.0030513183743,13.0285747567451,15.3097982586705,25.084154627822,19.8423211005674,0
"PTI98_005614",22.6951285934764,19.6724738747409,8.32160831992165,36.5473503717124,10.4876673945949,8.67607196652213,6.74267676452688,14.0994947071058,4.41074363868635,11.0589116985859,11.4320586495706,7.10649532186098,29.7190201491838,6.76181559532593,10.771545740308,27.4699434300036
"PTI98_005620",3.78252143224607,7.21324042073831,15.8110558078511,5.22105005310177,43.1159659555567,14.0986169455985,15.5410476645803,3.81067424516374,19.8483463740886,0,7.14503665598161,0,1.80115273631417,1.30873850232115,0.56692346001621,0
"PTI98_005621",0,9.83623693737043,13.3145733118746,10.4421001062035,2.33059275435442,6.5070539748916,6.53710735097423,5.8112782238747,6.61611545802953,0,15.7190806431595,3.55324766093049,5.40345820894251,11.3424003534499,18.1415507205187,3.05221593666707
"PTI98_005622",3.78252143224607,5.90174216242226,5.82512582394516,15.6631501593053,11.6529637717721,0,36.5913556123715,15.0521632683968,8.82148727737271,0,8.57404398717793,3.55324766093049,11.7074927860421,9.59741568368842,9.07077536025936,9.1566478100012
"PTI98_005634",56.7378214836911,62.9519163991707,41.6080415996083,93.9789009558318,60.5954116132149,95.4367916317434,47.9799011231882,27.532121421308,121.295450063875,77.4123818901016,41.4412126046933,34.3480607223281,35.1224783581263,46.8964629998411,31.1807903008916,36.6265912400048
"PTI98_005642",11.3475642967382,7.86898954989634,10.8180908158981,5.22105005310177,9.32237101741767,7.59156297070686,9.74399020239555,9.43141875678025,17.6429745547454,11.0589116985859,10.0030513183743,5.92207943488415,26.1167146765555,11.1242772697298,10.771545740308,3.05221593666707
"PTI98_007237",60.5203429159372,8.52473867905437,19.971859967812,36.5473503717124,5.82648188588605,19.5211619246748,4.81032427713198,63.6382598942344,24.2590900127749,11.0589116985859,41.4412126046933,29.6103971744207,41.4265129352259,25.5204007952624,47.0546471813455,82.4098302900108
"PTI98_007299",11.3475642967382,38.6891986203237,39.9437199356239,10.4421001062035,17.4794456576581,4.33803598326106,5.75594357947417,13.3373598580731,11.0268590967159,0,0,10.6597429827915,5.40345820894251,5.0168309255644,11.9053926603404,0
"PTI98_007318",0,10.4919860665285,17.4753774718355,15.6631501593053,66.4218934991009,17.3521439330443,90.4505419631655,10.6698878864585,52.9289236642363,0,2.85801466239264,4.73766354790732,18.0115273631417,8.07055409764708,7.93692844022694,12.2088637466683
"PTI98_007350",124.82320726412,19.6724738747409,8.32160831992165,156.631501593053,64.0913007447465,42.2958508367954,103.154731720719,36.2966721851846,37.491320928834,11.0589116985859,37.1541906111044,45.0078037051195,29.7190201491838,40.5708935719556,9.07077536025936,48.8354549866731
"PTI98_007354",75.6504286449215,3.27874564579014,0.832160831992165,135.747301380646,4.66118550870884,8.67607196652213,5.67371581405311,13.4326267142022,8.82148727737271,22.1178233971719,30.0091539551228,26.0571495134902,36.0230547262834,15.7048620278538,37.4169483610699,36.6265912400048
"PTI98_007356",3.78252143224607,0.655749129158029,4.16080415996083,5.22105005310177,4.66118550870884,16.267634937229,45.9653208703723,18.4817700890441,59.5450391222658,0,11.4320586495706,10.6597429827915,23.4149855720842,2.83560008836249,11.9053926603404,0
"PTI98_007361",30.2601714579686,90.4933798238079,53.2582932474986,57.4315505841194,34.9588913153163,72.6621027196228,37.4547471492926,34.5818687748609,74.982641857668,44.2356467943438,38.5831979423007,34.3480607223281,43.2276656715401,42.0977551579969,23.8107853206808,42.7310231133389
"PTI98_007371",18.9126071612304,12.4592334540025,11.6502516478903,73.0947007434247,26.8018166750758,17.3521439330443,21.7492439538702,54.6831754180996,17.6429745547454,22.1178233971719,17.1480879743559,31.9792289483744,25.2161383083984,27.7016316324643,27.7792495407943,27.4699434300036
"PTI98_007391",11.3475642967382,17.0494773581087,19.971859967812,0,11.6529637717721,10.8450899581527,5.30369086965834,15.0521632683968,13.2322309160591,22.1178233971719,11.4320586495706,13.0285747567451,26.1167146765555,12.6511388557711,22.6769384006484,12.2088637466683
"PTI98_007415",22.6951285934764,27.5414634246372,3.32864332796866,41.7684004248141,1.16529637717721,2.16901799163053,0.370024944394768,21.0539752045296,2.20537181934318,11.0589116985859,0,11.8441588697683,17.1109509949846,6.54369251160574,0,15.2610796833353
"PTI98_007419",41.6077357547068,19.0167247455828,21.6361816317963,5.22105005310177,19.8100384120126,13.0141079497832,12.6630758748432,25.531517442597,11.0268590967159,11.0589116985859,5.71602932478529,22.5039018525598,21.61383283577,30.9734778882672,48.1884941013779,24.4177274933365
"PTI98_007431",15.1300857289843,22.295470391373,20.8040207998041,20.8842002124071,30.2977058066074,21.6901799163053,15.3765921337381,7.90714905871476,35.2859491094908,11.0589116985859,12.8610659807669,10.6597429827915,19.8126800994559,11.9967696046105,13.606163040389,3.05221593666707
"PTI98_007447",3.78252143224607,7.21324042073831,9.98592998390598,10.4421001062035,5.82648188588605,16.267634937229,8.26389042481648,17.6243683838823,13.2322309160591,0,14.2900733119632,3.55324766093049,15.3097982586705,19.1948313673768,13.0392395803728,9.1566478100012
"PTI98_007449",18.9126071612304,3.93449477494817,8.32160831992165,5.22105005310177,4.66118550870884,5.42254497907633,3.65913556123715,12.0988907283949,0,0,7.14503665598161,10.6597429827915,17.1109509949846,10.4699080185692,11.3384692003242,6.10443187333413
"PTI98_007450",15.1300857289843,3.93449477494817,10.8180908158981,10.4421001062035,9.32237101741767,4.33803598326106,9.74399020239555,24.7693825935643,6.61611545802953,0,10.0030513183743,8.29091120883781,13.5086455223563,17.4498466976153,14.7400099604215,0
"PTI98_007471",11.3475642967382,9.83623693737043,17.4753774718355,15.6631501593053,11.6529637717721,27.1127248953816,14.0198340042907,10.8604215987167,24.2590900127749,0,7.14503665598161,13.0285747567451,11.7074927860421,8.50680026508746,10.2046222802918,6.10443187333413
"PTI98_007473",3.78252143224607,11.1477351956865,21.6361816317963,15.6631501593053,20.9753347891898,18.4366529288595,14.9243394239223,5.8112782238747,8.82148727737271,0,21.4351099679448,13.0285747567451,4.50288184078543,12.4330157720509,11.9053926603404,3.05221593666707
"PTI98_007474",22.6951285934764,40.6564460077978,76.5587965432792,46.9894504779159,50.10774421862,46.6338868200564,58.9573078068997,33.5339333574409,37.491320928834,33.1767350957578,42.8702199358896,55.667546687911,43.2276656715401,26.3928931301432,42.5192595012158,54.9398868600072
"PTI98_007482",22.6951285934764,15.7379790997927,7.48944748792949,10.4421001062035,1.16529637717721,2.16901799163053,5.3859186350794,6.85921364129473,0,22.1178233971719,10.0030513183743,9.47532709581464,28.8184437810267,9.59741568368842,37.4169483610699,6.10443187333413
"PTI98_007495",3.78252143224607,21.6397212622149,5.82512582394516,10.4421001062035,2.33059275435442,8.67607196652213,4.35807156731615,20.6729077800133,11.0268590967159,11.0589116985859,17.1480879743559,14.212990643722,11.7074927860421,17.4498466976153,10.771545740308,12.2088637466683
"PTI98_007500",11.3475642967382,8.52473867905437,16.6432166398433,10.4421001062035,12.8182601489493,13.0141079497832,5.7970574621847,6.85921364129473,13.2322309160591,11.0589116985859,4.28702199358896,2.36883177395366,5.40345820894251,6.10744634416536,7.37000498021073,12.2088637466683
"PTI98_007523",15.1300857289843,3.93449477494817,6.65728665593732,10.4421001062035,1.16529637717721,5.42254497907633,4.9747798079741,7.3355479219402,6.61611545802953,0,2.85801466239264,13.0285747567451,12.6080691541992,8.07055409764708,9.07077536025936,3.05221593666707
"PTI98_007534",15.1300857289843,37.3777003620076,19.1396991358198,10.4421001062035,9.32237101741767,18.4366529288595,28.9852873109235,17.1480341032368,13.2322309160591,11.0589116985859,27.1511392927301,8.29091120883781,6.3040345770996,19.8492006185374,11.9053926603404,9.1566478100012
"PTI98_007536",11.3475642967382,7.86898954989634,10.8180908158981,0,10.4876673945949,15.1831259414137,11.9641398687642,7.14501420968201,24.2590900127749,0,10.0030513183743,10.6597429827915,10.806916417885,7.19806176276631,9.63769882027558,6.10443187333413
"PTI98_007539",37.8252143224607,18.3609756164248,15.8110558078511,15.6631501593053,0,0,1.76789695655278,33.9150007819573,2.20537181934318,11.0589116985859,57.1602932478529,24.8727336265134,12.6080691541992,17.4498466976153,23.8107853206808,21.3655115566695
"PTI98_007542",7.56504286449215,9.83623693737043,9.15376915191382,0,1.16529637717721,8.67607196652213,3.37133838226344,15.8142981174295,13.2322309160591,11.0589116985859,7.14503665598161,4.73766354790732,6.3040345770996,11.5605234371701,13.606163040389,12.2088637466683
"PTI98_007552",22.6951285934764,26.2299651663211,17.4753774718355,10.4421001062035,36.1241876924935,61.8170127614702,56.2437915480047,20.0060397871096,35.2859491094908,22.1178233971719,31.4381612863191,41.454556044189,20.713256467613,42.5340013254373,35.7161779810212,21.3655115566695
"PTI98_007556",7.56504286449215,54.4271777201164,32.4542724476944,0,25.6365202978986,29.2817428870122,14.9654533066328,10.8604215987167,28.6698336514613,0,15.7190806431595,17.7662383046524,27.0172910447126,14.832369692973,16.4407803404701,30.5221593666707
"PTI98_013639",45.3902571869529,40.0006968786397,46.6010065915613,36.5473503717124,71.0830790078098,91.0987556484823,101.304606998745,28.8658574071153,63.9557827609521,44.2356467943438,35.725183279908,27.2415654004671,34.2219019899692,25.084154627822,23.8107853206808,48.8354549866731
"PTI98_007560",22.6951285934764,21.6397212622149,20.8040207998041,36.5473503717124,19.8100384120126,26.0282158995664,19.2001832258174,17.1480341032368,11.0268590967159,0,14.2900733119632,22.5039018525598,19.8126800994559,14.3961235255326,15.3069334204377,15.2610796833353
"PTI98_007576",30.2601714579686,15.7379790997927,6.65728665593732,10.4421001062035,23.3059275435442,29.2817428870122,24.6683296263179,18.2912363767859,22.0537181934318,22.1178233971719,27.1511392927301,15.3974065306988,27.9178674128696,17.2317236138951,15.8738568804539,33.5743753033377
"PTI98_007588",3.78252143224607,11.1477351956865,9.15376915191382,10.4421001062035,2.33059275435442,9.7605809623374,4.31695768460563,5.52547765548742,15.4376027354022,11.0589116985859,5.71602932478529,2.36883177395366,7.20461094525668,6.97993867904612,5.10231114014589,0
"PTI98_007590",49.172778619199,41.3121951369558,73.2301532153106,88.75785090273,47.7771514642656,90.0142466526671,30.3831593230815,24.1977814567897,50.7235518448931,55.2945584929297,42.8702199358896,23.6883177395366,36.9236310944405,24.6479084603816,27.7792495407943,24.4177274933365
"PTI98_007596",11.3475642967382,6.55749129158028,4.99296499195299,5.22105005310177,8.15707464024046,5.42254497907633,5.09812145610569,15.0521632683968,8.82148727737271,0,8.57404398717793,3.55324766093049,14.4092218905134,10.9061541860096,12.4723161203566,0
"PTI98_007599",0,11.1477351956865,12.4824124798825,5.22105005310177,4.66118550870884,11.9295989539679,3.61802167852662,7.43081477806929,2.20537181934318,11.0589116985859,4.28702199358896,4.73766354790732,12.6080691541992,5.88932326044517,8.50385190024315,3.05221593666707
"PTI98_007602",22.6951285934764,34.7547038453755,45.7688457595691,31.3263003186106,52.4383369729744,44.4648688284259,58.9573078068997,26.484186003888,19.8483463740886,22.1178233971719,21.4351099679448,13.0285747567451,49.5317002486397,33.1547087254691,45.920800261313,21.3655115566695
"PTI98_007610",30.2601714579686,53.7714285909583,55.7547757434751,20.8842002124071,34.9588913153163,69.408575732177,36.0979890198451,20.8634414922715,50.7235518448931,22.1178233971719,24.2931246303375,23.6883177395366,23.4149855720842,28.1378777999047,17.5746272605025,15.2610796833353
"PTI98_007644",22.6951285934764,3.93449477494817,0,5.22105005310177,4.66118550870884,8.67607196652213,11.9641398687642,5.71601136774561,0,11.0589116985859,7.14503665598161,14.212990643722,13.5086455223563,4.58058475812402,3.96846422011347,9.1566478100012
"PTI98_007661",0,7.21324042073831,2.4964824959765,0,8.15707464024046,26.0282158995664,9.74399020239555,8.00241591484385,11.0268590967159,0,4.28702199358896,11.8441588697683,2.70172910447126,16.5773543627345,7.37000498021073,3.05221593666707
"PTI98_007668",26.4776500257225,16.3937282289507,19.1396991358198,26.1052502655088,12.8182601489493,21.6901799163053,22.119268898265,25.0551831619516,19.8483463740886,33.1767350957578,22.8641172991411,18.9506541916293,25.2161383083984,21.5941852882989,22.1100149406322,30.5221593666707
"PTI98_007673",0,17.7052264872668,19.971859967812,20.8842002124071,5.82648188588605,15.1831259414137,8.75725701734284,7.52608163419838,6.61611545802953,11.0589116985859,14.2900733119632,9.47532709581464,12.6080691541992,13.7417542743721,13.0392395803728,3.05221593666707
"PTI98_007674",7.56504286449215,11.1477351956865,15.8110558078511,5.22105005310177,2.33059275435442,6.5070539748916,3.53579391310556,6.47814621677835,0,0,10.0030513183743,5.92207943488415,8.10518731341377,12.4330157720509,6.23615806017831,0
"PTI98_007684",7.56504286449215,1.31149825831606,0.832160831992165,0,90.8931174198223,28.1972338911969,61.3419130041104,3.23907310838918,39.6966927481772,0,8.57404398717793,4.73766354790732,0.900576368157085,11.5605234371701,5.10231114014589,0
"PTI98_007704",30.2601714579686,56.3944251075905,55.7547757434751,57.4315505841194,60.5954116132149,99.7748276150045,44.3207655619511,36.0108716167973,112.473962786502,77.4123818901016,47.1572419294786,31.9792289483744,36.0230547262834,33.1547087254691,26.6454026207619,45.783239050006
"PTI98_007705",71.8679072126754,114.100348473497,108.180908158981,99.1999510089336,99.0501920600628,186.535547280226,76.595163489717,65.1625295922999,220.537181934318,99.5302052872734,72.8793738910124,80.5402803144244,126.981267910149,64.3463096974564,85.6054424624478,82.4098302900108
"PTI98_007711",26.4776500257225,25.5742160371631,14.1467341438668,10.4421001062035,18.6447420348353,13.0141079497832,11.8407982206326,8.00241591484385,13.2322309160591,0,7.14503665598161,11.8441588697683,14.4092218905134,9.81553876740861,6.23615806017831,12.2088637466683
"PTI98_007760",3.78252143224607,8.52473867905437,8.32160831992165,0,2.33059275435442,3.2535269874458,7.97609324584277,11.5272895916203,4.41074363868635,0,10.0030513183743,15.3974065306988,15.3097982586705,11.3424003534499,13.606163040389,9.1566478100012
"PTI98_007767",7.56504286449215,5.24599303326423,29.1256291197258,0,6.99177826306325,10.8450899581527,9.70287631968502,5.71601136774561,2.20537181934318,0,11.4320586495706,9.47532709581464,10.806916417885,11.7786465208903,26.0784791607457,3.05221593666707
"PTI98_007771",0,43.2794425244299,31.6221116157023,26.1052502655088,16.3141492804809,39.0423238493496,19.9402331146069,20.0060397871096,17.6429745547454,11.0589116985859,22.8641172991411,9.47532709581464,54.0345820894251,23.993539209221,30.0469433808591,18.3132956200024
"PTI98_007798",0,3.93449477494817,14.978894975859,0,19.8100384120126,9.7605809623374,18.4601333370279,5.52547765548742,15.4376027354022,0,11.4320586495706,8.29091120883781,0.900576368157085,15.0504927766932,10.771545740308,6.10443187333413
"PTI98_007806",45.3902571869529,76.0668989823313,49.0974890875378,62.6526006372212,12.8182601489493,18.4366529288595,59.4917882821366,20.2918403554969,37.491320928834,44.2356467943438,10.0030513183743,103.044182166984,6.3040345770996,44.9333552463594,27.7792495407943,73.2531824800096
"PTI98_007808",11.3475642967382,6.55749129158028,11.6502516478903,10.4421001062035,9.32237101741767,15.1831259414137,8.4283459556586,35.8203379045391,11.0268590967159,33.1767350957578,14.2900733119632,13.0285747567451,9.00576368157085,26.6110162138633,19.8423211005674,12.2088637466683
"PTI98_007814",3.78252143224607,9.1804878082124,4.16080415996083,15.6631501593053,9.32237101741767,32.535269874458,5.55037416592152,12.2894244406531,24.2590900127749,0,15.7190806431595,3.55324766093049,10.806916417885,11.7786465208903,14.1730865004053,21.3655115566695
"PTI98_007815",22.6951285934764,39.3449477494817,18.3075383038276,15.6631501593053,2.33059275435442,5.42254497907633,17.7611973309489,5.43021079935833,4.41074363868635,11.0589116985859,8.57404398717793,14.212990643722,13.5086455223563,30.9734778882672,20.4092445605836,3.05221593666707
"PTI98_007850",0,28.1972125537952,9.98592998390598,0,2.33059275435442,0,0.863391536921125,2.09587083484006,0,33.1767350957578,10.0030513183743,14.212990643722,0,18.3223390324961,7.93692844022694,3.05221593666707
"PTI98_007881",22.6951285934764,20.9839721330569,19.971859967812,20.8842002124071,55.934226104506,46.6338868200564,63.9320876148738,17.9101689522696,44.1074363868635,0,21.4351099679448,30.7948130613976,21.61383283577,34.0272010603498,19.2753976405512,15.2610796833353
"PTI98_007882",7.56504286449215,6.55749129158028,9.15376915191382,10.4421001062035,9.32237101741767,5.42254497907633,6.0848546411584,20.2918403554969,8.82148727737271,0,15.7190806431595,9.47532709581464,9.90634004972794,15.2686158604134,16.4407803404701,9.1566478100012
"PTI98_007889",30.2601714579686,6.55749129158028,4.16080415996083,15.6631501593053,8.15707464024046,1.08450899581527,3.98804662292139,1.23846912967821,2.20537181934318,11.0589116985859,7.14503665598161,34.3480607223281,0.900576368157085,20.9398160371384,56.1254225416048,6.10443187333413
"PTI98_007893",7.56504286449215,0,2.4964824959765,5.22105005310177,52.4383369729744,21.6901799163053,222.590560994808,2.57220511548552,50.7235518448931,22.1178233971719,4.28702199358896,2.36883177395366,4.50288184078543,3.92621550696344,9.07077536025936,12.2088637466683
"PTI98_007897",416.077357547068,48.5254355576941,23.3005032957806,167.073601699257,0,2.16901799163053,0.698936006079006,1.90533712258187,0,143.765852081617,14.2900733119632,43.8233878181427,15.3097982586705,7.6343079302067,391.744110871201,238.072843060031
"PTI98_007898",166.430943018827,22.295470391373,5.82512582394516,62.6526006372212,0,0,0.164455530842119,0.952668561290934,0,44.2356467943438,5.71602932478529,26.0571495134902,5.40345820894251,5.88932326044517,248.879398947116,100.723125910013
"PTI98_007901",18.9126071612304,15.7379790997927,8.32160831992165,10.4421001062035,0,0,0.123341648131589,0,0,44.2356467943438,2.85801466239264,0,0.900576368157085,0.218123083720191,133.793936563826,9.1566478100012
"PTI98_007916",7.56504286449215,17.0494773581087,5.82512582394516,0,4.66118550870884,9.7605809623374,15.5821615472908,5.90654508000379,22.0537181934318,0,11.4320586495706,4.73766354790732,11.7074927860421,5.45307709300478,1.70077038004863,6.10443187333413
"PTI98_007936",15.1300857289843,10.4919860665285,11.6502516478903,15.6631501593053,9.32237101741767,15.1831259414137,13.1564424673695,18.386503232915,8.82148727737271,33.1767350957578,10.0030513183743,15.3974065306988,15.3097982586705,8.28867718136727,21.543091480616,24.4177274933365
"PTI98_007938",0,7.86898954989634,9.15376915191382,0,32.6282985609619,10.8450899581527,9.74399020239555,7.3355479219402,4.41074363868635,11.0589116985859,18.5770953055522,13.0285747567451,1.80115273631417,14.3961235255326,23.2438618606646,9.1566478100012
"PTI98_007946",7.56504286449215,18.3609756164248,8.32160831992165,10.4421001062035,17.4794456576581,9.7605809623374,12.9919869365274,32.1049305155045,19.8483463740886,11.0589116985859,7.14503665598161,9.47532709581464,11.7074927860421,11.9967696046105,11.3384692003242,6.10443187333413
"PTI98_007963",30.2601714579686,91.149128952966,73.2301532153106,15.6631501593053,66.4218934991009,107.366390585711,48.7199510119778,31.7238630909881,86.0095009543839,66.3534701915156,45.7282345982823,43.8233878181427,36.9236310944405,45.58772449752,23.2438618606646,24.4177274933365
"PTI98_007966",7.56504286449215,19.6724738747409,16.6432166398433,10.4421001062035,17.4794456576581,24.9437069037511,21.9548133674229,10.7651547425876,17.6429745547454,11.0589116985859,20.0061026367485,20.1350700786061,14.4092218905134,21.5941852882989,18.7084741805349,6.10443187333413
"PTI98_008016",11.3475642967382,9.1804878082124,4.99296499195299,10.4421001062035,2.33059275435442,4.33803598326106,4.52252709815827,22.4829780464661,8.82148727737271,0,2.85801466239264,9.47532709581464,4.50288184078543,18.5404621162163,11.3384692003242,12.2088637466683
"PTI98_008017",11.3475642967382,15.7379790997927,3.32864332796866,5.22105005310177,10.4876673945949,4.33803598326106,3.65913556123715,11.0509553109748,6.61611545802953,0,7.14503665598161,9.47532709581464,4.50288184078543,14.832369692973,7.93692844022694,12.2088637466683
"PTI98_008047",3.78252143224607,20.9839721330569,25.7969857917571,20.8842002124071,2.33059275435442,2.16901799163053,0.287797178973708,5.71601136774561,2.20537181934318,11.0589116985859,2.85801466239264,2.36883177395366,29.7190201491838,0.872492334880765,3.40154076009726,6.10443187333413
"PTI98_008048",7.56504286449215,7.21324042073831,0,26.1052502655088,2.33059275435442,0,0.370024944394768,20.1013066432387,0,22.1178233971719,10.0030513183743,3.55324766093049,25.2161383083984,3.27184625580287,4.53538768012968,27.4699434300036
"PTI98_008062",11.3475642967382,11.1477351956865,12.4824124798825,15.6631501593053,12.8182601489493,17.3521439330443,21.1736495959228,12.2894244406531,15.4376027354022,0,11.4320586495706,13.0285747567451,21.61383283577,21.1579391208586,13.606163040389,12.2088637466683
"PTI98_008075",52.955300051445,17.0494773581087,26.6291466237493,20.8842002124071,16.3141492804809,18.4366529288595,24.0516213856599,39.6310121497029,22.0537181934318,0,32.8671686175154,28.4259812874439,29.7190201491838,25.7385238789826,26.6454026207619,36.6265912400048
"PTI98_008088",15.1300857289843,11.1477351956865,5.82512582394516,10.4421001062035,15.1488529033037,26.0282158995664,16.8566919113172,14.8616295561386,15.4376027354022,0,34.2961759487117,22.5039018525598,4.50288184078543,18.9767082836566,15.8738568804539,33.5743753033377
"PTI98_008113",18.9126071612304,17.7052264872668,13.3145733118746,10.4421001062035,20.9753347891898,27.1127248953816,25.2439239842653,7.2402810658111,24.2590900127749,11.0589116985859,15.7190806431595,18.9506541916293,6.3040345770996,17.4498466976153,12.4723161203566,15.2610796833353
"PTI98_008115",18.9126071612304,30.1644599412693,16.6432166398433,15.6631501593053,52.4383369729744,46.6338868200564,33.836725470766,82.2152968394076,44.1074363868635,11.0589116985859,21.4351099679448,34.3480607223281,37.8242074625976,76.9974485532275,45.3538768012968,33.5743753033377
"PTI98_008121",22.6951285934764,11.8034843248445,27.4613074557415,36.5473503717124,19.8100384120126,16.267634937229,12.9919869365274,22.2924443342079,6.61611545802953,33.1767350957578,22.8641172991411,15.3974065306988,9.00576368157085,19.1948313673768,24.9446322407133,27.4699434300036
"PTI98_008161",0,4.5902439041062,23.3005032957806,0,76.9095608936958,37.9578148535343,43.9507406175563,1.33373598580731,50.7235518448931,11.0589116985859,2.85801466239264,3.55324766093049,1.80115273631417,1.52686158604134,4.53538768012968,0
"PTI98_008168",11.3475642967382,13.1149825831606,14.1467341438668,20.8842002124071,30.2977058066074,35.7887968619038,22.2426105463966,8.6692839077475,30.8752054708045,0,18.5770953055522,13.0285747567451,14.4092218905134,9.37929259996823,8.50385190024315,27.4699434300036
"PTI98_008225",11.3475642967382,14.4264808414766,7.48944748792949,0,6.99177826306325,3.2535269874458,5.67371581405311,4.85860966258377,13.2322309160591,0,5.71602932478529,2.36883177395366,13.5086455223563,4.14433859068363,3.96846422011347,9.1566478100012
"PTI98_008259",306.384236011932,53.7714285909583,50.7618107515221,261.052502655088,34.9588913153163,73.7466117154381,49.2133176045041,84.3111676742477,44.1074363868635,55.2945584929297,100.030513183743,175.293551272571,80.1512967659806,89.8667104927188,116.786232763339,161.767444643355
"PTI98_005736",11.3475642967382,5.90174216242226,4.16080415996083,15.6631501593053,6.99177826306325,8.67607196652213,20.8447385342386,23.6261803200152,17.6429745547454,11.0589116985859,10.0030513183743,26.0571495134902,12.6080691541992,26.174770046423,22.1100149406322,18.3132956200024
"PTI98_005745",3.78252143224607,7.21324042073831,2.4964824959765,10.4421001062035,33.7935949381391,17.3521439330443,27.4640736506339,17.6243683838823,13.2322309160591,0,5.71602932478529,3.55324766093049,5.40345820894251,30.9734778882672,7.93692844022694,9.1566478100012
"PTI98_005779",0,11.8034843248445,12.4824124798825,10.4421001062035,10.4876673945949,6.5070539748916,12.7453036402642,13.5278935703313,4.41074363868635,33.1767350957578,2.85801466239264,11.8441588697683,10.806916417885,11.7786465208903,10.2046222802918,9.1566478100012
"PTI98_005781",22.6951285934764,25.5742160371631,65.740705727381,10.4421001062035,16.3141492804809,9.7605809623374,11.1829760972641,17.338567815495,4.41074363868635,11.0589116985859,11.4320586495706,10.6597429827915,36.0230547262834,15.922985111574,26.0784791607457,6.10443187333413
"PTI98_005797",15.1300857289843,18.3609756164248,34.9507549436709,26.1052502655088,25.6365202978986,36.873305857719,24.3394185646336,14.1947615632349,48.5181800255499,11.0589116985859,28.5801466239264,20.1350700786061,18.9121037312988,13.3055081069317,14.7400099604215,12.2088637466683
"PTI98_005804",15.1300857289843,17.7052264872668,12.4824124798825,31.3263003186106,5.82648188588605,20.6056709204901,10.8540650355799,13.0515592896858,4.41074363868635,0,12.8610659807669,22.5039018525598,15.3097982586705,15.7048620278538,6.80308152019452,18.3132956200024
"PTI98_005815",7.56504286449215,3.27874564579014,9.15376915191382,10.4421001062035,13.9835565261265,5.42254497907633,18.2956778061857,19.5297055064642,8.82148727737271,0,5.71602932478529,14.212990643722,10.806916417885,15.0504927766932,35.149254521005,39.6788071766719
"PTI98_005824",7.56504286449215,11.1477351956865,6.65728665593732,10.4421001062035,3.49588913153163,14.0986169455985,3.8647049747898,6.85921364129473,17.6429745547454,0,2.85801466239264,7.10649532186098,7.20461094525668,8.94304643252784,3.96846422011347,9.1566478100012
"PTI98_005833",7.56504286449215,18.3609756164248,16.6432166398433,0,1.16529637717721,4.33803598326106,2.59017461076338,10.0982867496839,2.20537181934318,11.0589116985859,8.57404398717793,20.1350700786061,5.40345820894251,13.0873850232115,8.50385190024315,3.05221593666707
"PTI98_005849",22.6951285934764,34.0989547162175,34.1185941116788,31.3263003186106,19.8100384120126,43.3803598326106,27.5874152987655,14.5758289877513,39.6966927481772,0,27.1511392927301,35.5324766093049,19.8126800994559,18.3223390324961,15.3069334204377,24.4177274933365
"PTI98_005891",7.56504286449215,16.3937282289507,20.8040207998041,15.6631501593053,15.1488529033037,19.5211619246748,29.3141983726077,6.47814621677835,8.82148727737271,22.1178233971719,12.8610659807669,9.47532709581464,15.3097982586705,8.07055409764708,14.1730865004053,3.05221593666707
"PTI98_005897",7.56504286449215,14.4264808414766,9.98592998390598,0,27.967113052253,16.267634937229,20.022460880028,8.00241591484385,17.6429745547454,11.0589116985859,10.0030513183743,4.73766354790732,6.3040345770996,6.10744634416536,14.1730865004053,0
"PTI98_005912",75.6504286449215,93.7721254695981,115.670355646911,83.5368008496283,57.0995224816832,134.479115481093,53.2013642274255,39.8215458619611,94.8309882317566,44.2356467943438,62.8763225726381,55.667546687911,58.5374639302105,44.2789859951988,40.8184891211671,97.6709099733462
"PTI98_005925",11.3475642967382,7.21324042073831,12.4824124798825,5.22105005310177,8.15707464024046,13.0141079497832,12.6219619921326,11.5272895916203,24.2590900127749,11.0589116985859,7.14503665598161,22.5039018525598,24.3155619402413,9.59741568368842,15.8738568804539,15.2610796833353
"PTI98_005957",0,17.7052264872668,28.2934682877336,5.22105005310177,32.6282985609619,4.33803598326106,42.141729778293,1.61953655419459,2.20537181934318,0,1.42900733119632,0,0.900576368157085,0.654369251160574,1.70077038004863,0
"PTI98_005983",7.56504286449215,8.52473867905437,16.6432166398433,0,8.15707464024046,5.42254497907633,3.33022449955291,13.6231604264604,4.41074363868635,11.0589116985859,7.14503665598161,5.92207943488415,14.4092218905134,12.6511388557711,14.1730865004053,15.2610796833353
"PTI98_005988",7.56504286449215,10.4919860665285,12.4824124798825,0,12.8182601489493,4.33803598326106,4.68698262900039,9.52668561290935,4.41074363868635,0,1.42900733119632,2.36883177395366,10.806916417885,14.832369692973,9.07077536025936,3.05221593666707
"PTI98_005995",11.3475642967382,11.8034843248445,15.8110558078511,10.4421001062035,8.15707464024046,8.67607196652213,6.70156288181635,28.0084557019535,4.41074363868635,11.0589116985859,20.0061026367485,9.47532709581464,18.0115273631417,16.3592312790143,34.5823310609888,12.2088637466683
"PTI98_006006",18.9126071612304,32.1317073287434,59.0834190714437,120.084151221341,467.283847248061,58.5634857740244,24.216076916502,37.1540738903464,39.6966927481772,11.0589116985859,77.1663958846014,94.7532709581464,338.616714427064,38.6077858184739,112.817768543226,12.2088637466683
"PTI98_006027",18.9126071612304,7.86898954989634,7.48944748792949,10.4421001062035,18.6447420348353,9.7605809623374,4.48141321544774,13.8136941387185,6.61611545802953,22.1178233971719,8.57404398717793,11.8441588697683,11.7074927860421,14.3961235255326,15.8738568804539,27.4699434300036
"PTI98_006037",3.78252143224607,5.90174216242226,4.99296499195299,5.22105005310177,18.6447420348353,13.0141079497832,25.6550628113706,13.3373598580731,19.8483463740886,0,10.0030513183743,8.29091120883781,14.4092218905134,10.4699080185692,13.0392395803728,15.2610796833353
"PTI98_006038",18.9126071612304,5.90174216242226,9.15376915191382,26.1052502655088,16.3141492804809,10.8450899581527,29.1908567244761,12.4799581529112,22.0537181934318,11.0589116985859,10.0030513183743,17.7662383046524,8.10518731341377,15.0504927766932,22.6769384006484,18.3132956200024
"PTI98_006060",0,22.951219520531,18.3075383038276,10.4421001062035,5.82648188588605,4.33803598326106,6.37265182013211,5.23967708710014,8.82148727737271,11.0589116985859,0,8.29091120883781,9.00576368157085,6.10744634416536,3.96846422011347,6.10443187333413
"PTI98_006071",11.3475642967382,13.7707317123186,27.4613074557415,0,11.6529637717721,1.08450899581527,7.81163771500066,19.339171794206,6.61611545802953,0,10.0030513183743,7.10649532186098,9.90634004972794,16.3592312790143,12.4723161203566,6.10443187333413
"PTI98_006078",18.9126071612304,20.9839721330569,4.99296499195299,5.22105005310177,5.82648188588605,1.08450899581527,1.48009977757907,11.4320227354912,4.41074363868635,11.0589116985859,7.14503665598161,9.47532709581464,9.00576368157085,10.9061541860096,11.9053926603404,51.8876709233401
"PTI98_006087",7.56504286449215,28.8529616829533,9.98592998390598,0,13.9835565261265,14.0986169455985,17.3911723865541,5.14441023097105,15.4376027354022,0,5.71602932478529,5.92207943488415,9.90634004972794,3.92621550696344,6.80308152019452,9.1566478100012
"PTI98_006088",0,18.3609756164248,9.98592998390598,5.22105005310177,15.1488529033037,7.59156297070686,9.00394031360602,6.09707879226198,11.0268590967159,33.1767350957578,2.85801466239264,4.73766354790732,20.713256467613,6.10744634416536,6.23615806017831,15.2610796833353
"PTI98_006104",11.3475642967382,4.5902439041062,5.82512582394516,10.4421001062035,4.66118550870884,7.59156297070686,7.7294099495796,11.0509553109748,6.61611545802953,22.1178233971719,8.57404398717793,3.55324766093049,16.2103746268275,9.16116951624804,5.6692346001621,9.1566478100012
"PTI98_006123",18.9126071612304,5.24599303326423,1.66432166398433,20.8842002124071,1.16529637717721,1.08450899581527,1.19230259860536,5.14441023097105,2.20537181934318,11.0589116985859,1.42900733119632,2.36883177395366,15.3097982586705,3.27184625580287,7.37000498021073,9.1566478100012
"PTI98_006135",15.1300857289843,8.52473867905437,13.3145733118746,5.22105005310177,18.6447420348353,3.2535269874458,8.51057372107966,14.0994947071058,6.61611545802953,11.0589116985859,11.4320586495706,4.73766354790732,13.5086455223563,12.6511388557711,13.0392395803728,9.1566478100012
"PTI98_006138",26.4776500257225,23.606968649689,29.1256291197258,46.9894504779159,22.140631166367,59.6479947698396,29.026401193634,22.5782449025951,33.0805772901477,11.0589116985859,31.4381612863191,30.7948130613976,22.5144092039271,22.4666776231797,19.8423211005674,42.7310231133389
"PTI98_006149",30.2601714579686,64.2634146574868,66.5728665593732,20.8842002124071,54.7689297273288,88.9297376568518,37.8247720936874,26.7699865722753,141.143796437963,33.1767350957578,27.1511392927301,33.1636448353512,31.520172885498,29.4466163022258,29.4800199208429,6.10443187333413
"PTI98_006154",22.6951285934764,11.8034843248445,3.32864332796866,5.22105005310177,2.33059275435442,5.42254497907633,10.9774066837114,20.7681746361424,8.82148727737271,11.0589116985859,30.0091539551228,9.47532709581464,26.1167146765555,13.7417542743721,49.3223410214103,15.2610796833353
"PTI98_006168",11.3475642967382,2.62299651663211,3.32864332796866,5.22105005310177,1.16529637717721,1.08450899581527,1.76789695655278,20.4823740677551,0,22.1178233971719,4.28702199358896,3.55324766093049,8.10518731341377,12.2148926883307,3.40154076009726,0
"PTI98_006169",11.3475642967382,9.1804878082124,8.32160831992165,15.6631501593053,2.33059275435442,4.33803598326106,2.6312884934739,31.1522619542136,11.0268590967159,0,12.8610659807669,13.0285747567451,4.50288184078543,38.1715396510335,9.63769882027558,12.2088637466683
"PTI98_006176",7.56504286449215,20.9839721330569,15.8110558078511,5.22105005310177,16.3141492804809,10.8450899581527,10.1140151467903,11.5272895916203,11.0268590967159,0,11.4320586495706,10.6597429827915,16.2103746268275,15.922985111574,14.7400099604215,18.3132956200024
"PTI98_006179",7.56504286449215,85.2473867905437,118.166838142887,41.7684004248141,16.3141492804809,24.9437069037511,13.1564424673695,4.76334280645467,22.0537181934318,22.1178233971719,1.42900733119632,4.73766354790732,1.80115273631417,2.6174770046423,3.96846422011347,6.10443187333413
"PTI98_006187",18.9126071612304,26.2299651663211,25.7969857917571,10.4421001062035,9.32237101741767,3.2535269874458,5.09812145610569,69.5448049742382,4.41074363868635,33.1767350957578,40.012205273497,15.3974065306988,11.7074927860421,31.6278471394277,26.6454026207619,39.6788071766719
"PTI98_006191",3.78252143224607,7.21324042073831,9.98592998390598,5.22105005310177,5.82648188588605,4.33803598326106,4.68698262900039,11.9083570161367,2.20537181934318,0,11.4320586495706,8.29091120883781,19.8126800994559,12.2148926883307,17.5746272605025,12.2088637466683
"PTI98_006201",3.78252143224607,9.83623693737043,5.82512582394516,5.22105005310177,15.1488529033037,10.8450899581527,18.1723361580542,12.0988907283949,19.8483463740886,11.0589116985859,5.71602932478529,9.47532709581464,9.00576368157085,11.3424003534499,11.3384692003242,9.1566478100012
"PTI98_006204",3.78252143224607,5.90174216242226,4.16080415996083,0,6.99177826306325,4.33803598326106,4.48141321544774,11.1462221671039,2.20537181934318,0,11.4320586495706,11.8441588697683,13.5086455223563,5.88932326044517,5.6692346001621,33.5743753033377
"PTI98_006211",3.78252143224607,9.83623693737043,4.99296499195299,10.4421001062035,4.66118550870884,0,14.1842895351328,16.0048318296877,6.61611545802953,11.0589116985859,4.28702199358896,4.73766354790732,11.7074927860421,9.37929259996823,8.50385190024315,3.05221593666707
"PTI98_006216",11.3475642967382,14.4264808414766,12.4824124798825,0,13.9835565261265,13.0141079497832,25.2439239842653,3.52487367677646,4.41074363868635,0,8.57404398717793,2.36883177395366,5.40345820894251,4.79870784184421,3.96846422011347,3.05221593666707
"PTI98_006225",3.78252143224607,17.7052264872668,19.1396991358198,10.4421001062035,10.4876673945949,7.59156297070686,5.59148804863205,8.28821648323113,4.41074363868635,0,8.57404398717793,11.8441588697683,10.806916417885,27.4835085487441,9.07077536025936,9.1566478100012
"PTI98_006231",64.3028643481832,14.4264808414766,14.978894975859,10.4421001062035,54.7689297273288,32.535269874458,68.9068674228479,85.4543699477968,37.491320928834,33.1767350957578,34.2961759487117,40.2701401572122,63.040345770996,56.0576325160892,56.692346001621,115.984205593349
"PTI98_006235",3.78252143224607,5.24599303326423,8.32160831992165,5.22105005310177,6.99177826306325,9.7605809623374,7.3182711224743,17.1480341032368,13.2322309160591,11.0589116985859,5.71602932478529,14.212990643722,15.3097982586705,11.7786465208903,11.3384692003242,9.1566478100012
"PTI98_006243",3.78252143224607,12.4592334540025,11.6502516478903,10.4421001062035,10.4876673945949,8.67607196652213,7.60606830144801,6.47814621677835,2.20537181934318,22.1178233971719,4.28702199358896,9.47532709581464,6.3040345770996,12.8692619394913,6.80308152019452,12.2088637466683
"PTI98_006253",22.6951285934764,5.90174216242226,6.65728665593732,5.22105005310177,16.3141492804809,4.33803598326106,9.45619302342185,10.193553605813,6.61611545802953,0,2.85801466239264,14.212990643722,9.90634004972794,9.59741568368842,13.0392395803728,18.3132956200024
"PTI98_006255",234.516328799257,70.8209059490671,94.8663348471068,120.084151221341,129.34789786667,92.1832646442976,152.90252980046,196.440257338191,152.170655534679,99.5302052872734,157.190806431595,176.477967159548,129.68299701462,117.132095957743,142.297788464069,219.759547440029
"PTI98_006283",0,20.9839721330569,27.4613074557415,15.6631501593053,27.967113052253,43.3803598326106,27.0529348235286,7.81188220258566,37.491320928834,11.0589116985859,15.7190806431595,20.1350700786061,12.6080691541992,18.7585851999365,21.543091480616,3.05221593666707
"PTI98_006290",11.3475642967382,5.24599303326423,14.978894975859,15.6631501593053,3.49588913153163,2.16901799163053,6.0848546411584,4.76334280645467,6.61611545802953,11.0589116985859,7.14503665598161,3.55324766093049,13.5086455223563,1.30873850232115,5.6692346001621,3.05221593666707
"PTI98_006291",11.3475642967382,8.52473867905437,7.48944748792949,10.4421001062035,10.4876673945949,16.267634937229,10.3606984430535,16.8622335348495,15.4376027354022,22.1178233971719,10.0030513183743,13.0285747567451,25.2161383083984,16.3592312790143,20.4092445605836,3.05221593666707
"PTI98_006304",3.78252143224607,20.3282230038989,23.3005032957806,10.4421001062035,16.3141492804809,24.9437069037511,14.0609478870012,23.8167140322734,17.6429745547454,0,15.7190806431595,22.5039018525598,17.1109509949846,28.5741239673451,34.5823310609888,3.05221593666707
"PTI98_006312",18.9126071612304,33.4432055870595,49.0974890875378,31.3263003186106,51.2730405957972,56.3944677823938,39.0993024577138,18.386503232915,46.3128082062067,22.1178233971719,27.1511392927301,31.9792289483744,22.5144092039271,29.2284932185056,23.8107853206808,24.4177274933365
"PTI98_006316",30.2601714579686,70.165156819909,57.4190974074594,41.7684004248141,52.4383369729744,80.2536656903297,41.2372243586614,24.0072477445315,88.2148727737271,44.2356467943438,35.725183279908,42.6389719311659,38.7247838307547,31.8459702231479,24.377708780697,33.5743753033377
"PTI98_006317",49.172778619199,16.3937282289507,22.4683424637885,26.1052502655088,23.3059275435442,41.2113418409801,39.0993024577138,20.1013066432387,28.6698336514613,0,17.1480879743559,27.2415654004671,29.7190201491838,14.3961235255326,18.7084741805349,27.4699434300036
"PTI98_006322",18.9126071612304,15.0822299706347,7.48944748792949,5.22105005310177,13.9835565261265,7.59156297070686,31.6576896871079,6.76394678516563,11.0268590967159,0,14.2900733119632,3.55324766093049,11.7074927860421,4.14433859068363,8.50385190024315,15.2610796833353
"PTI98_006325",26.4776500257225,30.8202090704273,17.4753774718355,26.1052502655088,8.15707464024046,11.9295989539679,17.5967418001067,33.4386665013118,13.2322309160591,22.1178233971719,18.5770953055522,20.1350700786061,23.4149855720842,31.4097240557075,37.4169483610699,21.3655115566695
"PTI98_006334",34.0426928902147,5.90174216242226,14.1467341438668,36.5473503717124,10.4876673945949,39.0423238493496,7.11270170892165,21.9113769096915,15.4376027354022,11.0589116985859,22.8641172991411,17.7662383046524,10.806916417885,24.4297853766614,33.4484841409564,30.5221593666707
"PTI98_006339",113.475642967382,33.4432055870595,43.2723632635926,93.9789009558318,19.8100384120126,31.4507608786427,29.725337199713,76.404018615533,37.491320928834,77.4123818901016,51.4442639230676,79.3558644274476,59.4380402983676,69.7993867904612,62.9285040617993,54.9398868600072
"PTI98_006353",15.1300857289843,17.7052264872668,11.6502516478903,15.6631501593053,6.99177826306325,11.9295989539679,7.81163771500066,12.5752250090403,6.61611545802953,0,5.71602932478529,7.10649532186098,6.3040345770996,7.19806176276631,10.771545740308,18.3132956200024
"PTI98_006361",18.9126071612304,24.2627177788471,14.978894975859,20.8842002124071,17.4794456576581,67.2395577405465,32.6855367548712,13.0515592896858,61.750410941609,22.1178233971719,21.4351099679448,24.8727336265134,19.8126800994559,22.2485545394595,18.7084741805349,24.4177274933365
"PTI98_006370",22.6951285934764,23.606968649689,20.8040207998041,31.3263003186106,13.9835565261265,6.5070539748916,9.37396525800079,37.8209418832501,13.2322309160591,44.2356467943438,22.8641172991411,23.6883177395366,27.0172910447126,32.0640933068681,39.6846422011347,9.1566478100012
"PTI98_006374",3.78252143224607,3.93449477494817,9.98592998390598,0,12.8182601489493,8.67607196652213,11.717456572501,6.38287936064926,8.82148727737271,11.0589116985859,14.2900733119632,8.29091120883781,5.40345820894251,12.6511388557711,7.93692844022694,15.2610796833353
"PTI98_006376",11.3475642967382,19.6724738747409,3.32864332796866,0,3.49588913153163,8.67607196652213,6.70156288181635,9.24088504452206,11.0268590967159,0,17.1480879743559,8.29091120883781,10.806916417885,5.23495400928459,6.23615806017831,21.3655115566695
"PTI98_006423",355.557014631131,398.695470528081,305.403025341125,323.70510329231,182.951531216822,151.831259414137,223.207269235466,357.727044764746,218.331810114975,210.119322273133,98.6015058525462,267.677990456763,199.027377362716,239.71726900849,108.849304323112,247.229490870032
"PTI98_006428",3.78252143224607,5.90174216242226,7.48944748792949,10.4421001062035,15.1488529033037,17.3521439330443,10.1140151467903,7.14501420968201,13.2322309160591,11.0589116985859,18.5770953055522,14.212990643722,11.7074927860421,8.50680026508746,17.0077038004863,9.1566478100012
"PTI98_006431",11.3475642967382,7.21324042073831,9.98592998390598,0,20.9753347891898,24.9437069037511,19.8168914664753,20.6729077800133,15.4376027354022,22.1178233971719,21.4351099679448,9.47532709581464,15.3097982586705,14.6142466092528,14.1730865004053,9.1566478100012
"PTI98_006432",11.3475642967382,16.3937282289507,29.1256291197258,0,5.82648188588605,7.59156297070686,4.31695768460563,20.9587083484006,4.41074363868635,0,10.0030513183743,13.0285747567451,6.3040345770996,12.2148926883307,13.606163040389,6.10443187333413
"PTI98_006436",15.1300857289843,152.133797964663,158.942718910504,15.6631501593053,54.7689297273288,31.4507608786427,71.0036754410849,39.1546778690574,72.7772700383248,22.1178233971719,15.7190806431595,65.1428737837256,12.6080691541992,31.8459702231479,11.9053926603404,48.8354549866731
"PTI98_006437",3.78252143224607,4.5902439041062,6.65728665593732,10.4421001062035,65.2565971219237,16.267634937229,27.7518708296076,5.62074451161651,57.3396673029226,22.1178233971719,7.14503665598161,5.92207943488415,1.80115273631417,4.58058475812402,11.9053926603404,3.05221593666707
"PTI98_006439",34.0426928902147,83.9358885322277,69.9015098873419,31.3263003186106,31.4630021837846,83.5071926777755,40.3327189390297,32.58126479615,66.1611545802953,44.2356467943438,48.5862492606749,31.9792289483744,40.5259365670688,37.7352934835931,29.4800199208429,18.3132956200024
"PTI98_006441",94.5630358061518,42.6236933952719,40.7758807676161,62.6526006372212,50.10774421862,26.0282158995664,41.7305909511877,85.644903660055,39.6966927481772,22.1178233971719,60.0183079102455,53.2987149139573,67.5432276117814,58.6751095207315,62.9285040617993,100.723125910013
"PTI98_006449",11.3475642967382,46.55818817022,39.1115591036318,52.2105005310177,46.6118550870884,75.9156297070686,32.7266506375817,22.387711190337,86.0095009543839,22.1178233971719,24.2931246303375,47.3766354790732,30.6195965173409,23.3391699580605,20.4092445605836,30.5221593666707
"PTI98_006457",11.3475642967382,2.62299651663211,7.48944748792949,26.1052502655088,3.49588913153163,9.7605809623374,9.04505419631655,12.0988907283949,8.82148727737271,0,5.71602932478529,10.6597429827915,7.20461094525668,9.16116951624804,5.10231114014589,9.1566478100012
"PTI98_006458",7.56504286449215,12.4592334540025,19.971859967812,15.6631501593053,12.8182601489493,8.67607196652213,6.37265182013211,24.5788488813061,2.20537181934318,11.0589116985859,2.85801466239264,11.8441588697683,15.3097982586705,20.0673237022576,16.4407803404701,3.05221593666707
"PTI98_006470",3.78252143224607,31.4759581995854,60.7477407354281,0,135.174379752556,26.0282158995664,169.306969001962,3.23907310838918,35.2859491094908,0,2.85801466239264,3.55324766093049,3.60230547262834,1.74498466976153,3.96846422011347,9.1566478100012
"PTI98_006477",3.78252143224607,2.62299651663211,16.6432166398433,15.6631501593053,12.8182601489493,3.2535269874458,42.1828436610035,7.3355479219402,13.2322309160591,0,4.28702199358896,7.10649532186098,23.4149855720842,7.6343079302067,11.3384692003242,0
"PTI98_006501",3.78252143224607,5.24599303326423,17.4753774718355,0,57.0995224816832,35.7887968619038,44.9785876853196,16.1000986858168,33.0805772901477,0,11.4320586495706,35.5324766093049,4.50288184078543,15.7048620278538,24.377708780697,30.5221593666707
"PTI98_006503",15.1300857289843,6.55749129158028,4.16080415996083,5.22105005310177,6.99177826306325,9.7605809623374,21.9548133674229,13.6231604264604,15.4376027354022,11.0589116985859,15.7190806431595,10.6597429827915,9.00576368157085,25.9566469627028,6.23615806017831,21.3655115566695
"PTI98_006520",3.78252143224607,6.55749129158028,6.65728665593732,10.4421001062035,20.9753347891898,11.9295989539679,18.2956778061857,11.4320227354912,8.82148727737271,0,8.57404398717793,16.5818224176756,3.60230547262834,9.59741568368842,15.3069334204377,45.783239050006
"PTI98_006521",0,0.655749129158029,0.832160831992165,0,16.3141492804809,5.42254497907633,10.6896095047377,7.04974735355291,8.82148727737271,0,0,11.8441588697683,12.6080691541992,3.48996933952306,11.3384692003242,18.3132956200024
"PTI98_006534",0,21.6397212622149,41.6080415996083,10.4421001062035,82.7360427795818,17.3521439330443,28.2041235394234,7.71661534645657,19.8483463740886,11.0589116985859,20.0061026367485,10.6597429827915,9.90634004972794,4.79870784184421,4.53538768012968,6.10443187333413
"PTI98_006541",0,17.7052264872668,22.4683424637885,10.4421001062035,71.0830790078098,20.6056709204901,29.643109434292,16.4811661103332,37.491320928834,22.1178233971719,2.85801466239264,14.212990643722,24.3155619402413,15.4867389441336,14.7400099604215,9.1566478100012
"PTI98_006565",7.56504286449215,12.4592334540025,25.7969857917571,0,59.4301152360377,15.1831259414137,54.5170084741625,4.00120795742192,19.8483463740886,0,11.4320586495706,2.36883177395366,7.20461094525668,4.79870784184421,13.606163040389,9.1566478100012
"PTI98_006571",15.1300857289843,8.52473867905437,7.48944748792949,31.3263003186106,11.6529637717721,7.59156297070686,11.3474316281062,8.19294962710204,11.0268590967159,0,5.71602932478529,7.10649532186098,12.6080691541992,10.251784934849,5.6692346001621,9.1566478100012
"PTI98_006572",0,17.7052264872668,14.1467341438668,0,9.32237101741767,13.0141079497832,10.0729012640798,10.7651547425876,13.2322309160591,0,7.14503665598161,9.47532709581464,3.60230547262834,31.6278471394277,13.606163040389,3.05221593666707
"PTI98_006574",22.6951285934764,20.3282230038989,10.8180908158981,20.8842002124071,1.16529637717721,8.67607196652213,2.67240237618443,6.95448049742382,8.82148727737271,11.0589116985859,0,17.7662383046524,0.900576368157085,10.251784934849,6.80308152019452,12.2088637466683
"PTI98_006583",34.0426928902147,33.4432055870595,24.1326641277728,10.4421001062035,9.32237101741767,6.5070539748916,8.55168760379019,47.4428943522885,11.0268590967159,66.3534701915156,21.4351099679448,31.9792289483744,26.1167146765555,35.7721857301114,36.8500249010537,27.4699434300036
"PTI98_006651",15.1300857289843,15.0822299706347,8.32160831992165,15.6631501593053,8.15707464024046,9.7605809623374,4.5636409808688,6.66867992903654,4.41074363868635,0,2.85801466239264,3.55324766093049,10.806916417885,10.6880311022894,7.93692844022694,6.10443187333413
"PTI98_006657",0,0,1.66432166398433,0,15.1488529033037,19.5211619246748,17.7611973309489,0.857401705161841,11.0268590967159,0,0,4.73766354790732,0.900576368157085,7.19806176276631,10.771545740308,0
"PTI98_006667",3.78252143224607,28.8529616829533,24.964824959765,5.22105005310177,23.3059275435442,16.267634937229,9.90844573323767,9.43141875678025,11.0268590967159,11.0589116985859,8.57404398717793,17.7662383046524,13.5086455223563,8.28867718136727,10.2046222802918,18.3132956200024
"PTI98_006668",0,3.27874564579014,7.48944748792949,10.4421001062035,6.99177826306325,4.33803598326106,7.44161277060589,13.4326267142022,2.20537181934318,11.0589116985859,2.85801466239264,7.10649532186098,13.5086455223563,17.0136005301749,11.3384692003242,0
"PTI98_006672",79.4329500771675,76.7226481114893,97.3628173430833,62.6526006372212,72.248375384987,104.112863598266,65.1243902134791,98.2201286690953,97.0363600510998,33.1767350957578,78.5954032157977,47.3766354790732,58.5374639302105,79.6149255578698,58.9600398416859,73.2531824800096
"PTI98_006682",34.0426928902147,44.5909407827459,20.8040207998041,26.1052502655088,397.366064617428,78.0846476986992,755.426480923274,39.4404784374447,33.0805772901477,66.3534701915156,27.1511392927301,40.2701401572122,100.864553233594,33.3728318091893,41.9523360411996,30.5221593666707
"PTI98_006688",11.3475642967382,15.0822299706347,5.82512582394516,20.8842002124071,9.32237101741767,2.16901799163053,16.1166420225277,18.7675706574314,8.82148727737271,0,7.14503665598161,2.36883177395366,13.5086455223563,16.1411081952942,11.9053926603404,0
"PTI98_006699",11.3475642967382,9.1804878082124,10.8180908158981,5.22105005310177,11.6529637717721,4.33803598326106,14.6365422449486,18.6723038013023,8.82148727737271,11.0589116985859,5.71602932478529,8.29091120883781,4.50288184078543,18.5404621162163,3.96846422011347,9.1566478100012
"PTI98_006710",3.78252143224607,5.90174216242226,6.65728665593732,20.8842002124071,13.9835565261265,4.33803598326106,8.59280148650072,10.8604215987167,6.61611545802953,11.0589116985859,8.57404398717793,10.6597429827915,6.3040345770996,8.72492334880765,7.37000498021073,12.2088637466683
"PTI98_006713",3.78252143224607,5.24599303326423,11.6502516478903,10.4421001062035,5.82648188588605,8.67607196652213,2.79574402431602,8.09768277097294,4.41074363868635,0,15.7190806431595,9.47532709581464,4.50288184078543,9.59741568368842,10.2046222802918,21.3655115566695
"PTI98_006714",15.1300857289843,11.8034843248445,8.32160831992165,15.6631501593053,19.8100384120126,11.9295989539679,18.3367916888963,13.3373598580731,8.82148727737271,0,7.14503665598161,14.212990643722,5.40345820894251,20.2854467859778,9.63769882027558,6.10443187333413
"PTI98_006719",3.78252143224607,11.8034843248445,20.8040207998041,5.22105005310177,20.9753347891898,2.16901799163053,3.41245226497397,5.8112782238747,6.61611545802953,11.0589116985859,1.42900733119632,7.10649532186098,9.90634004972794,3.92621550696344,8.50385190024315,3.05221593666707
"PTI98_006736",0,20.9839721330569,20.8040207998041,10.4421001062035,10.4876673945949,14.0986169455985,6.4959934682637,8.95508447613478,6.61611545802953,22.1178233971719,2.85801466239264,9.47532709581464,12.6080691541992,11.5605234371701,9.07077536025936,6.10443187333413
"PTI98_006756",105.91060010289,37.3777003620076,49.0974890875378,78.3157507965265,58.2648188588605,28.1972338911969,140.609478870012,83.3584991129568,26.4644618321181,33.1767350957578,54.3022785854602,45.0078037051195,94.560518656494,41.2252628231162,118.487003143388,73.2531824800096
"PTI98_006760",11.3475642967382,7.21324042073831,10.8180908158981,5.22105005310177,8.15707464024046,2.16901799163053,12.7453036402642,14.3852952754931,8.82148727737271,11.0589116985859,12.8610659807669,11.8441588697683,23.4149855720842,14.3961235255326,11.9053926603404,9.1566478100012
"PTI98_006764",15.1300857289843,4.5902439041062,1.66432166398433,5.22105005310177,0,0,0.328911061684238,12.6704918651694,0,0,7.14503665598161,16.5818224176756,11.7074927860421,10.0336618511288,18.7084741805349,3.05221593666707
"PTI98_006773",0,7.21324042073831,2.4964824959765,15.6631501593053,6.99177826306325,13.0141079497832,4.07027438834245,11.7178233038785,2.20537181934318,0,2.85801466239264,1.18441588697683,44.1282420396972,7.6343079302067,11.3384692003242,6.10443187333413
"PTI98_006785",15.1300857289843,114.756097602655,101.523621503044,41.7684004248141,50.10774421862,81.338174686145,32.2743979277659,26.8652534284044,61.750410941609,11.0589116985859,42.8702199358896,40.2701401572122,42.327089303383,33.5909548929095,32.8815606809402,39.6788071766719
"PTI98_006786",7.56504286449215,21.6397212622149,24.1326641277728,5.22105005310177,10.4876673945949,6.5070539748916,8.67502925192178,15.0521632683968,11.0268590967159,0,10.0030513183743,24.8727336265134,21.61383283577,14.1780004418124,20.9761680205998,9.1566478100012
"PTI98_006800",26.4776500257225,30.1644599412693,43.2723632635926,20.8842002124071,31.4630021837846,21.6901799163053,26.5184543482917,68.5921364129473,17.6429745547454,0,10.0030513183743,27.2415654004671,28.8184437810267,73.0712330462641,42.5192595012158,18.3132956200024
"PTI98_006819",3.78252143224607,6.55749129158028,12.4824124798825,10.4421001062035,19.8100384120126,36.873305857719,52.9957948138729,22.387711190337,8.82148727737271,11.0589116985859,7.14503665598161,13.0285747567451,10.806916417885,30.5372317208268,22.6769384006484,9.1566478100012
"PTI98_006836",11.3475642967382,19.6724738747409,8.32160831992165,0,10.4876673945949,3.2535269874458,8.55168760379019,9.52668561290935,8.82148727737271,11.0589116985859,1.42900733119632,9.47532709581464,11.7074927860421,5.45307709300478,5.6692346001621,0
"PTI98_006838",3.78252143224607,4.5902439041062,1.66432166398433,10.4421001062035,6.99177826306325,7.59156297070686,4.07027438834245,5.90654508000379,4.41074363868635,11.0589116985859,12.8610659807669,13.0285747567451,5.40345820894251,6.54369251160574,10.2046222802918,12.2088637466683
"PTI98_006839",7.56504286449215,6.55749129158028,12.4824124798825,5.22105005310177,18.6447420348353,6.5070539748916,9.78510408510608,14.6710958438804,8.82148727737271,0,1.42900733119632,7.10649532186098,21.61383283577,11.1242772697298,6.80308152019452,12.2088637466683
"PTI98_006861",3.78252143224607,20.9839721330569,38.2793982716396,0,18.6447420348353,14.0986169455985,16.9389196767383,6.00181193613289,17.6429745547454,0,14.2900733119632,7.10649532186098,0.900576368157085,25.5204007952624,14.1730865004053,12.2088637466683
"PTI98_006864",18.9126071612304,13.1149825831606,9.15376915191382,15.6631501593053,13.9835565261265,14.0986169455985,9.53842078884291,21.8161100535624,8.82148727737271,0,17.1480879743559,22.5039018525598,22.5144092039271,18.9767082836566,15.3069334204377,15.2610796833353
"PTI98_006872",3.78252143224607,2.62299651663211,7.48944748792949,15.6631501593053,2.33059275435442,1.08450899581527,6.00262687573735,16.1000986858168,0,11.0589116985859,5.71602932478529,8.29091120883781,9.00576368157085,9.59741568368842,9.63769882027558,24.4177274933365
"PTI98_006878",37.8252143224607,17.0494773581087,9.98592998390598,36.5473503717124,18.6447420348353,13.0141079497832,18.2956778061857,8.00241591484385,19.8483463740886,22.1178233971719,14.2900733119632,13.0285747567451,9.00576368157085,10.0336618511288,22.6769384006484,9.1566478100012
"PTI98_006904",7.56504286449215,11.8034843248445,19.971859967812,0,9.32237101741767,14.0986169455985,28.4096929529761,4.19174166968011,8.82148727737271,0,2.85801466239264,7.10649532186098,0,5.0168309255644,4.53538768012968,0
"PTI98_006906",3.78252143224607,7.21324042073831,8.32160831992165,10.4421001062035,9.32237101741767,9.7605809623374,10.2373567949219,17.0527672471077,4.41074363868635,0,12.8610659807669,9.47532709581464,10.806916417885,22.0304314557393,5.6692346001621,12.2088637466683
"PTI98_006915",56.7378214836911,38.6891986203237,26.6291466237493,36.5473503717124,13.9835565261265,11.9295989539679,10.1962429122114,57.7317148142306,19.8483463740886,44.2356467943438,22.8641172991411,34.3480607223281,35.1224783581263,66.3094174509382,42.5192595012158,33.5743753033377
"PTI98_006943",26.4776500257225,9.1804878082124,2.4964824959765,5.22105005310177,12.8182601489493,3.2535269874458,7.60606830144801,9.14561818839297,6.61611545802953,22.1178233971719,4.28702199358896,10.6597429827915,12.6080691541992,10.4699080185692,5.10231114014589,12.2088637466683
"PTI98_006950",49.172778619199,26.2299651663211,22.4683424637885,62.6526006372212,44.2812623327339,21.6901799163053,57.4772080293206,39.1546778690574,24.2590900127749,0,25.7221319615338,40.2701401572122,63.9409221391531,31.6278471394277,47.6215706413617,27.4699434300036
"PTI98_006958",34.0426928902147,5.24599303326423,12.4824124798825,10.4421001062035,17.4794456576581,30.3662518828274,37.8247720936874,10.3840873180712,48.5181800255499,0,21.4351099679448,18.9506541916293,29.7190201491838,10.251784934849,13.0392395803728,64.0965346700084
"PTI98_006977",11.3475642967382,7.21324042073831,9.98592998390598,15.6631501593053,5.82648188588605,3.2535269874458,8.09943489397436,21.6255763413042,11.0268590967159,33.1767350957578,7.14503665598161,7.10649532186098,7.20461094525668,12.4330157720509,11.3384692003242,9.1566478100012
"PTI98_007014",18.9126071612304,5.90174216242226,6.65728665593732,15.6631501593053,1.16529637717721,1.08450899581527,2.17903578365808,13.9089609948476,0,33.1767350957578,8.57404398717793,2.36883177395366,6.3040345770996,10.251784934849,11.3384692003242,9.1566478100012
"PTI98_007028",3.78252143224607,8.52473867905437,29.1256291197258,0,2.33059275435442,3.2535269874458,6.0848546411584,4.47754223806739,0,0,18.5770953055522,2.36883177395366,7.20461094525668,13.7417542743721,12.4723161203566,3.05221593666707
"PTI98_007036",11.3475642967382,30.8202090704273,7.48944748792949,15.6631501593053,6.99177826306325,0,1.27453036402642,14.8616295561386,2.20537181934318,0,14.2900733119632,8.29091120883781,6.3040345770996,8.94304643252784,4.53538768012968,12.2088637466683
"PTI98_007041",0,5.90174216242226,0.832160831992165,15.6631501593053,19.8100384120126,23.8591979079359,19.7757775837648,10.4793541742003,19.8483463740886,11.0589116985859,7.14503665598161,3.55324766093049,26.1167146765555,14.1780004418124,22.6769384006484,6.10443187333413
"PTI98_007076",11.3475642967382,36.7219512328496,33.2864332796866,0,1.16529637717721,1.08450899581527,2.38460519721073,16.3858992542041,2.20537181934318,22.1178233971719,18.5770953055522,36.7168924962817,31.520172885498,23.7754161255009,28.9130964608267,6.10443187333413
"PTI98_013637",15.1300857289843,8.52473867905437,24.1326641277728,15.6631501593053,26.8018166750758,16.267634937229,26.312884934739,14.4805621316222,19.8483463740886,11.0589116985859,12.8610659807669,11.8441588697683,18.9121037312988,16.7954774464547,20.9761680205998,12.2088637466683
"PTI98_007099",3.78252143224607,0,1.66432166398433,0,2.33059275435442,17.3521439330443,14.3076311832644,9.81248618129663,35.2859491094908,0,1.42900733119632,30.7948130613976,2.70172910447126,14.832369692973,6.23615806017831,0
"PTI98_008322",34.0426928902147,4.5902439041062,5.82512582394516,15.6631501593053,6.99177826306325,8.67607196652213,15.1710227201855,27.1510539967916,0,11.0589116985859,10.0030513183743,10.6597429827915,13.5086455223563,15.2686158604134,12.4723161203566,15.2610796833353
"PTI98_008370",49.172778619199,17.7052264872668,24.964824959765,36.5473503717124,10.4876673945949,16.267634937229,39.428213519398,53.6352400006796,28.6698336514613,33.1767350957578,22.8641172991411,36.7168924962817,24.3155619402413,50.3864323393642,40.8184891211671,30.5221593666707
"PTI98_008382",15.1300857289843,110.821602827707,163.935683902457,10.4421001062035,120.025526849253,30.3662518828274,26.6006821137128,48.5860966258377,63.9557827609521,77.4123818901016,52.8732712542639,80.5402803144244,17.1109509949846,86.3767411531958,82.7708251623667,21.3655115566695
"PTI98_008389",0,0,1.66432166398433,5.22105005310177,20.9753347891898,15.1831259414137,61.8352795966368,4.47754223806739,19.8483463740886,11.0589116985859,4.28702199358896,1.18441588697683,0,2.18123083720191,3.40154076009726,3.05221593666707
"PTI98_008398",26.4776500257225,33.4432055870595,34.1185941116788,15.6631501593053,31.4630021837846,82.4226836819602,31.9454868660816,19.339171794206,37.491320928834,22.1178233971719,38.5831979423007,22.5039018525598,18.0115273631417,22.4666776231797,23.8107853206808,15.2610796833353
"PTI98_008399",22.6951285934764,57.7059233659065,38.2793982716396,26.1052502655088,29.1324094294302,73.7466117154381,39.0170746922927,21.0539752045296,57.3396673029226,33.1767350957578,31.4381612863191,28.4259812874439,29.7190201491838,28.3560008836249,24.377708780697,27.4699434300036
"PTI98_008413",7.56504286449215,9.1804878082124,6.65728665593732,10.4421001062035,12.8182601489493,15.1831259414137,14.513200596817,18.386503232915,11.0268590967159,0,5.71602932478529,7.10649532186098,14.4092218905134,12.2148926883307,19.8423211005674,24.4177274933365
"PTI98_008420",3.78252143224607,1.31149825831606,0.832160831992165,5.22105005310177,18.6447420348353,23.8591979079359,20.4747135898438,8.09768277097294,30.8752054708045,0,1.42900733119632,4.73766354790732,2.70172910447126,6.10744634416536,6.23615806017831,3.05221593666707
"PTI98_008431",3.78252143224607,1.31149825831606,0.832160831992165,0,15.1488529033037,21.6901799163053,26.7651376445549,9.43141875678025,24.2590900127749,0,1.42900733119632,7.10649532186098,2.70172910447126,6.10744634416536,11.9053926603404,0
"PTI98_008434",22.6951285934764,36.0662021036916,23.3005032957806,10.4421001062035,37.2894840696707,17.3521439330443,77.0474161995328,20.1013066432387,8.82148727737271,22.1178233971719,24.2931246303375,39.0857242702354,17.1109509949846,43.6246167440383,90.7077536025937,27.4699434300036
"PTI98_008451",3.78252143224607,38.0334494911656,104.020103999021,15.6631501593053,5.82648188588605,33.6197788702732,12.7041897575537,15.6237644051713,11.0268590967159,0,51.4442639230676,7.10649532186098,94.560518656494,8.28867718136727,6.80308152019452,3.05221593666707
"PTI98_008471",34.0426928902147,80.0013937572795,75.726635711287,46.9894504779159,25.6365202978986,39.0423238493496,62.1230767756105,72.5933443703692,15.4376027354022,0,35.725183279908,42.6389719311659,52.233429353111,61.510709609094,61.2277336817507,30.5221593666707
"PTI98_008483",0,7.21324042073831,9.98592998390598,0,13.9835565261265,8.67607196652213,4.19361603647404,5.62074451161651,4.41074363868635,0,7.14503665598161,5.92207943488415,16.2103746268275,9.16116951624804,23.2438618606646,6.10443187333413
"PTI98_008495",0,0.655749129158029,1.66432166398433,0,2.33059275435442,21.6901799163053,3.98804662292139,6.19234564839107,17.6429745547454,11.0589116985859,10.0030513183743,4.73766354790732,0,6.97993867904612,6.23615806017831,3.05221593666707
"PTI98_008503",3.78252143224607,5.90174216242226,7.48944748792949,0,6.99177826306325,3.2535269874458,2.42571907992126,27.0557871406625,0,22.1178233971719,8.57404398717793,11.8441588697683,22.5144092039271,20.2854467859778,17.0077038004863,21.3655115566695
"PTI98_008526",15.1300857289843,11.1477351956865,16.6432166398433,20.8842002124071,23.3059275435442,19.5211619246748,31.3698925081342,37.8209418832501,13.2322309160591,11.0589116985859,25.7221319615338,18.9506541916293,21.61383283577,39.4802781533546,27.7792495407943,30.5221593666707
"PTI98_008528",7.56504286449215,11.8034843248445,20.8040207998041,20.8842002124071,62.9260043675693,42.2958508367954,34.2478642978713,10.5746210303294,22.0537181934318,0,18.5770953055522,18.9506541916293,15.3097982586705,16.7954774464547,20.9761680205998,9.1566478100012
"PTI98_008532",15.1300857289843,13.1149825831606,14.978894975859,10.4421001062035,13.9835565261265,5.42254497907633,13.115328584659,15.242696980655,6.61611545802953,11.0589116985859,11.4320586495706,14.212990643722,8.10518731341377,15.4867389441336,17.0077038004863,24.4177274933365
"PTI98_008556",0,4.5902439041062,8.32160831992165,0,2.33059275435442,1.08450899581527,5.50926028321099,14.0994947071058,4.41074363868635,0,10.0030513183743,17.7662383046524,5.40345820894251,11.5605234371701,10.2046222802918,3.05221593666707
"PTI98_008557",7.56504286449215,11.1477351956865,19.971859967812,10.4421001062035,5.82648188588605,6.5070539748916,4.11138827105298,3.90594110129283,8.82148727737271,22.1178233971719,7.14503665598161,11.8441588697683,8.10518731341377,5.45307709300478,9.63769882027558,0
"PTI98_008575",11.3475642967382,4.5902439041062,6.65728665593732,0,4.66118550870884,6.5070539748916,7.23604335705324,11.0509553109748,11.0268590967159,0,1.42900733119632,5.92207943488415,12.6080691541992,6.54369251160574,5.10231114014589,3.05221593666707
"PTI98_008578",15.1300857289843,24.9184669080051,57.4190974074594,5.22105005310177,37.2894840696707,13.0141079497832,56.6960442578205,7.62134849032748,15.4376027354022,0,11.4320586495706,9.47532709581464,3.60230547262834,7.19806176276631,56.692346001621,15.2610796833353
"PTI98_008598",26.4776500257225,13.7707317123186,13.3145733118746,20.8842002124071,11.6529637717721,26.0282158995664,18.1723361580542,15.242696980655,28.6698336514613,0,22.8641172991411,15.3974065306988,12.6080691541992,12.2148926883307,11.9053926603404,24.4177274933365
"PTI98_008600",22.6951285934764,70.165156819909,65.740705727381,46.9894504779159,19.8100384120126,57.4789767782091,24.133849151081,22.387711190337,44.1074363868635,44.2356467943438,38.5831979423007,42.6389719311659,21.61383283577,31.1916009719874,35.7161779810212,15.2610796833353
"PTI98_008608",11.3475642967382,10.4919860665285,5.82512582394516,10.4421001062035,15.1488529033037,10.8450899581527,28.6563762492392,20.4823740677551,6.61611545802953,0,10.0030513183743,16.5818224176756,10.806916417885,12.6511388557711,13.606163040389,21.3655115566695
"PTI98_008611",49.172778619199,53.1156794618003,70.7336707193341,36.5473503717124,67.5871898762781,92.1832646442976,52.5024282213465,29.1516579755026,101.447103689786,33.1767350957578,32.8671686175154,29.6103971744207,29.7190201491838,33.5909548929095,25.5115557007295,48.8354549866731
"PTI98_008631",3.78252143224607,6.55749129158028,4.16080415996083,10.4421001062035,10.4876673945949,8.67607196652213,28.8619456627919,12.194157584524,39.6966927481772,11.0589116985859,10.0030513183743,21.3194859655829,9.90634004972794,7.19806176276631,7.37000498021073,3.05221593666707
"PTI98_008635",3.78252143224607,15.0822299706347,8.32160831992165,15.6631501593053,6.99177826306325,9.7605809623374,8.67502925192178,6.09707879226198,2.20537181934318,11.0589116985859,5.71602932478529,11.8441588697683,6.3040345770996,10.9061541860096,5.10231114014589,0
"PTI98_008643",0,60.9846690116966,89.0412090231617,0,31.4630021837846,36.873305857719,93.3696276356131,0.190533712258187,22.0537181934318,11.0589116985859,1.42900733119632,0,0,0,0.56692346001621,0
"PTI98_008660",18.9126071612304,1.31149825831606,2.4964824959765,10.4421001062035,16.3141492804809,15.1831259414137,12.498620344001,4.85860966258377,11.0268590967159,0,14.2900733119632,9.47532709581464,13.5086455223563,4.14433859068363,4.53538768012968,6.10443187333413
"PTI98_008663",105.91060010289,305.579094187641,208.872368830033,99.1999510089336,295.985279803011,151.831259414137,241.626288689783,146.806225294933,205.099579198915,165.883675478789,97.1724985213499,138.576658776289,267.471181342654,127.383880892592,139.463171163988,143.454149023352
"PTI98_008671",3.78252143224607,17.7052264872668,49.0974890875378,20.8842002124071,47.7771514642656,33.6197788702732,33.7133838226344,16.1000986858168,17.6429745547454,11.0589116985859,7.14503665598161,3.55324766093049,6.3040345770996,11.5605234371701,20.9761680205998,21.3655115566695
"PTI98_008672",0,12.4592334540025,16.6432166398433,0,12.8182601489493,16.267634937229,8.96282643089549,2.47693825935643,6.61611545802953,0,7.14503665598161,3.55324766093049,4.50288184078543,5.67120017672497,6.23615806017831,0
"PTI98_008689",45.3902571869529,13.1149825831606,1.66432166398433,52.2105005310177,12.8182601489493,7.59156297070686,30.9998675637394,3.62014053290555,11.0268590967159,0,25.7221319615338,37.9013083832585,4.50288184078543,25.3022777115422,25.5115557007295,30.5221593666707
"PTI98_008695",11.3475642967382,13.1149825831606,15.8110558078511,5.22105005310177,11.6529637717721,39.0423238493496,21.3792190094755,13.1468261458149,8.82148727737271,22.1178233971719,11.4320586495706,26.0571495134902,13.5086455223563,24.2116622929412,16.4407803404701,3.05221593666707
"PTI98_008699",45.3902571869529,44.5909407827459,30.7899507837101,10.4421001062035,44.2812623327339,71.5775937238076,43.2518046114773,29.2469248316317,52.9289236642363,11.0589116985859,25.7221319615338,30.7948130613976,35.1224783581263,27.4835085487441,18.1415507205187,30.5221593666707
"PTI98_008704",52.955300051445,70.8209059490671,19.971859967812,104.421001062035,2.33059275435442,5.42254497907633,1.72678307384225,34.3913350626027,4.41074363868635,11.0589116985859,28.5801466239264,26.0571495134902,69.3443803480956,38.825908902194,13.606163040389,36.6265912400048
"PTI98_008736",11.3475642967382,26.2299651663211,17.4753774718355,20.8842002124071,16.3141492804809,20.6056709204901,14.2254034178433,20.5776409238842,11.0268590967159,11.0589116985859,20.0061026367485,21.3194859655829,14.4092218905134,26.3928931301432,13.0392395803728,12.2088637466683
"PTI98_008737",18.9126071612304,15.7379790997927,17.4753774718355,10.4421001062035,24.4712239207214,60.7325037656549,37.9892276245295,21.2445089167878,28.6698336514613,33.1767350957578,21.4351099679448,29.6103971744207,8.10518731341377,30.755354804547,23.2438618606646,18.3132956200024
"PTI98_008746",7.56504286449215,22.951219520531,24.1326641277728,20.8842002124071,12.8182601489493,17.3521439330443,15.3354782510276,27.4368545651789,13.2322309160591,11.0589116985859,21.4351099679448,7.10649532186098,27.0172910447126,21.3760622045787,17.0077038004863,12.2088637466683
"PTI98_008791",7.56504286449215,1.96724738747409,0.832160831992165,10.4421001062035,111.868452209012,111.704426568972,767.966215149985,0,52.9289236642363,11.0589116985859,2.85801466239264,0,1.80115273631417,0.436246167440383,0.56692346001621,3.05221593666707
"PTI98_008806",3.78252143224607,19.0167247455828,17.4753774718355,0,11.6529637717721,21.6901799163053,7.23604335705324,20.5776409238842,4.41074363868635,22.1178233971719,21.4351099679448,16.5818224176756,7.20461094525668,27.2653854650239,34.5823310609888,24.4177274933365
"PTI98_008809",37.8252143224607,10.4919860665285,5.82512582394516,62.6526006372212,1.16529637717721,10.8450899581527,9.33285137529026,14.1947615632349,6.61611545802953,0,15.7190806431595,13.0285747567451,25.2161383083984,18.9767082836566,15.3069334204377,61.0443187333413
"PTI98_008811",15.1300857289843,24.9184669080051,13.3145733118746,57.4315505841194,4.66118550870884,7.59156297070686,12.6630758748432,13.1468261458149,0,11.0589116985859,11.4320586495706,16.5818224176756,31.520172885498,30.9734778882672,31.7477137609078,39.6788071766719
"PTI98_008833",0,4.5902439041062,0.832160831992165,0,39.6200768240251,32.535269874458,13.6909229426064,7.81188220258566,26.4644618321181,0,10.0030513183743,13.0285747567451,4.50288184078543,17.0136005301749,12.4723161203566,0
"PTI98_008835",68.0853857804293,9.83623693737043,19.971859967812,46.9894504779159,8.15707464024046,22.7746889121206,22.4481799599493,82.4058305516658,17.6429745547454,22.1178233971719,41.4412126046933,68.6961214446561,52.233429353111,85.9404949857554,27.7792495407943,30.5221593666707
"PTI98_008838",0,13.7707317123186,11.6502516478903,0,18.6447420348353,35.7887968619038,25.8195183422127,25.531517442597,6.61611545802953,0,5.71602932478529,28.4259812874439,9.00576368157085,22.6848007068999,6.23615806017831,0
"PTI98_008842",7.56504286449215,5.90174216242226,10.8180908158981,15.6631501593053,9.32237101741767,22.7746889121206,19.7346637010543,11.241489023233,13.2322309160591,0,10.0030513183743,21.3194859655829,15.3097982586705,13.7417542743721,5.10231114014589,15.2610796833353
"PTI98_008855",3.78252143224607,5.24599303326423,8.32160831992165,15.6631501593053,3.49588913153163,10.8450899581527,6.61933511639529,21.0539752045296,4.41074363868635,11.0589116985859,5.71602932478529,9.47532709581464,9.90634004972794,23.993539209221,15.3069334204377,9.1566478100012
"PTI98_008858",11.3475642967382,3.27874564579014,7.48944748792949,10.4421001062035,15.1488529033037,35.7887968619038,30.0953621441078,11.4320227354912,19.8483463740886,22.1178233971719,12.8610659807669,10.6597429827915,4.50288184078543,17.2317236138951,9.63769882027558,3.05221593666707
"PTI98_008877",7.56504286449215,12.4592334540025,16.6432166398433,20.8842002124071,12.8182601489493,5.42254497907633,10.1551290295009,18.5770369451732,8.82148727737271,11.0589116985859,7.14503665598161,14.212990643722,10.806916417885,14.3961235255326,17.5746272605025,6.10443187333413
"PTI98_008889",7.56504286449215,3.27874564579014,4.16080415996083,26.1052502655088,2.33059275435442,0,3.12465508600026,50.3009000361613,2.20537181934318,88.4712935886875,14.2900733119632,13.0285747567451,48.6311238804826,11.9967696046105,18.7084741805349,12.2088637466683
"PTI98_008910",3.78252143224607,21.6397212622149,11.6502516478903,5.22105005310177,13.9835565261265,11.9295989539679,6.82490452994794,7.62134849032748,13.2322309160591,0,4.28702199358896,4.73766354790732,13.5086455223563,12.2148926883307,7.93692844022694,9.1566478100012
"PTI98_008913",15.1300857289843,19.6724738747409,9.98592998390598,10.4421001062035,16.3141492804809,18.4366529288595,10.1140151467903,10.0982867496839,11.0268590967159,22.1178233971719,11.4320586495706,5.92207943488415,25.2161383083984,8.72492334880765,3.40154076009726,6.10443187333413
"PTI98_008924",45.3902571869529,11.1477351956865,28.2934682877336,36.5473503717124,30.2977058066074,40.1268328451648,40.127149525477,30.2948602490517,59.5450391222658,33.1767350957578,38.5831979423007,40.2701401572122,20.713256467613,23.993539209221,27.2123260807781,45.783239050006
"PTI98_008951",11.3475642967382,5.24599303326423,12.4824124798825,15.6631501593053,12.8182601489493,11.9295989539679,21.0503079477912,7.43081477806929,4.41074363868635,22.1178233971719,17.1480879743559,11.8441588697683,6.3040345770996,8.50680026508746,7.37000498021073,12.2088637466683
"PTI98_008953",0,1.96724738747409,9.98592998390598,10.4421001062035,0,15.1831259414137,26.5184543482917,5.8112782238747,11.0268590967159,0,2.85801466239264,2.36883177395366,8.10518731341377,7.85243101392689,7.37000498021073,0
"PTI98_008960",41.6077357547068,6.55749129158028,10.8180908158981,31.3263003186106,26.8018166750758,26.0282158995664,28.944173428213,27.532121421308,13.2322309160591,0,20.0061026367485,50.9298831400037,4.50288184078543,47.1145860835613,33.4484841409564,30.5221593666707
"PTI98_008970",26.4776500257225,7.21324042073831,35.7829157756631,36.5473503717124,29.1324094294302,20.6056709204901,1.56232754300013,2.9532725400019,26.4644618321181,33.1767350957578,37.1541906111044,33.1636448353512,58.5374639302105,6.54369251160574,3.96846422011347,15.2610796833353
"PTI98_008987",11.3475642967382,9.83623693737043,5.82512582394516,10.4421001062035,12.8182601489493,14.0986169455985,8.38723207294807,8.7645507638766,6.61611545802953,0,8.57404398717793,3.55324766093049,9.90634004972794,8.72492334880765,10.2046222802918,15.2610796833353
"PTI98_009077",7.56504286449215,12.4592334540025,8.32160831992165,5.22105005310177,11.6529637717721,20.6056709204901,11.018520566422,11.5272895916203,13.2322309160591,0,11.4320586495706,14.212990643722,8.10518731341377,19.1948313673768,9.63769882027558,6.10443187333413
"PTI98_009087",41.6077357547068,24.9184669080051,33.2864332796866,73.0947007434247,45.4465587099112,53.140940794948,33.5078144090818,59.6370519368125,52.9289236642363,44.2356467943438,54.3022785854602,46.1922195920964,44.1282420396972,39.6984012370748,42.5192595012158,45.783239050006
"PTI98_009088",0,6.55749129158028,8.32160831992165,15.6631501593053,13.9835565261265,4.33803598326106,10.6484956220272,7.71661534645657,2.20537181934318,33.1767350957578,5.71602932478529,3.55324766093049,16.2103746268275,13.5236311906519,11.3384692003242,9.1566478100012
"PTI98_009118",34.0426928902147,51.1484320743262,51.5939715835142,57.4315505841194,46.6118550870884,21.6901799163053,30.2598176749499,50.1103663239032,26.4644618321181,11.0589116985859,20.0061026367485,24.8727336265134,40.5259365670688,47.5508322510017,29.4800199208429,24.4177274933365
"PTI98_009229",0,0,0.832160831992165,0,5.82648188588605,11.9295989539679,3.57690779581609,9.71721932516753,0,11.0589116985859,10.0030513183743,4.73766354790732,9.00576368157085,17.0136005301749,7.37000498021073,0
"PTI98_009455",7.56504286449215,7.21324042073831,9.15376915191382,10.4421001062035,10.4876673945949,20.6056709204901,14.8832255412118,6.85921364129473,17.6429745547454,11.0589116985859,11.4320586495706,10.6597429827915,6.3040345770996,11.9967696046105,11.3384692003242,18.3132956200024
"PTI98_009589",15.1300857289843,11.1477351956865,4.99296499195299,5.22105005310177,13.9835565261265,17.3521439330443,10.2784706776324,12.5752250090403,15.4376027354022,0,11.4320586495706,9.47532709581464,30.6195965173409,18.3223390324961,19.2753976405512,6.10443187333413
"PTI98_009647",15.1300857289843,10.4919860665285,10.8180908158981,15.6631501593053,0,0,0.123341648131589,12.9562924335567,0,33.1767350957578,7.14503665598161,3.55324766093049,22.5144092039271,10.0336618511288,12.4723161203566,6.10443187333413
"PTI98_009669",200.473635909042,39.3449477494817,52.4261324155064,93.9789009558318,74.5789681393414,59.6479947698396,90.9027946729813,106.508345152326,46.3128082062067,66.3534701915156,132.897681801258,97.1221027321,31.520172885498,91.3935720787602,172.344731844928,122.088637466683
"PTI98_009688",30.2601714579686,3.93449477494817,6.65728665593732,5.22105005310177,6.99177826306325,6.5070539748916,10.5662678566061,10.7651547425876,11.0268590967159,0,10.0030513183743,8.29091120883781,8.10518731341377,9.59741568368842,8.50385190024315,15.2610796833353
"PTI98_009691",0,7.86898954989634,4.99296499195299,10.4421001062035,4.66118550870884,5.42254497907633,8.92171254818496,13.9089609948476,2.20537181934318,11.0589116985859,14.2900733119632,4.73766354790732,9.90634004972794,10.4699080185692,6.23615806017831,6.10443187333413
"PTI98_009698",631.681079185094,93.11637634044,38.2793982716396,438.568204460548,108.37256307748,18.4366529288595,37.331405501161,473.190474393207,63.9557827609521,110.589116985859,523.016683217854,511.66766317399,249.459653979513,257.821484957266,257.950174307376,857.672678203446
"PTI98_009707",49.172778619199,30.8202090704273,59.9155799034359,52.2105005310177,38.4547804468479,50.9719228033175,85.599103803323,63.8287936064926,44.1074363868635,11.0589116985859,50.0152565918713,59.2207943488415,41.4265129352259,71.3262483765026,65.7631213618804,51.8876709233401
"PTI98_009711",3.78252143224607,22.295470391373,14.1467341438668,20.8842002124071,11.6529637717721,7.59156297070686,10.401812325764,7.2402810658111,8.82148727737271,0,25.7221319615338,10.6597429827915,15.3097982586705,12.6511388557711,15.8738568804539,3.05221593666707
"PTI98_009722",3.78252143224607,15.7379790997927,14.978894975859,0,15.1488529033037,16.267634937229,11.8819121033431,12.0988907283949,15.4376027354022,0,17.1480879743559,10.6597429827915,8.10518731341377,16.3592312790143,10.2046222802918,12.2088637466683
"PTI98_009747",3.78252143224607,21.6397212622149,12.4824124798825,20.8842002124071,38.4547804468479,14.0986169455985,15.828844843554,8.19294962710204,19.8483463740886,77.4123818901016,7.14503665598161,4.73766354790732,10.806916417885,10.9061541860096,10.771545740308,3.05221593666707
"PTI98_009750",3.78252143224607,19.0167247455828,12.4824124798825,5.22105005310177,20.9753347891898,6.5070539748916,15.6643893127118,8.7645507638766,2.20537181934318,0,2.85801466239264,7.10649532186098,16.2103746268275,8.50680026508746,15.3069334204377,3.05221593666707
"PTI98_009758",0,5.90174216242226,64.9085448953889,5.22105005310177,154.984418164569,26.0282158995664,62.4931017200052,1.4290028419364,55.1342954835794,0,5.71602932478529,0,0.900576368157085,2.18123083720191,7.93692844022694,0
"PTI98_009766",18.9126071612304,11.1477351956865,9.15376915191382,10.4421001062035,10.4876673945949,7.59156297070686,22.1603827809755,24.7693825935643,8.82148727737271,11.0589116985859,14.2900733119632,20.1350700786061,27.9178674128696,16.1411081952942,13.606163040389,9.1566478100012
"PTI98_009771",30.2601714579686,0.655749129158029,0.832160831992165,15.6631501593053,0,0,4.31695768460563,11.1462221671039,4.41074363868635,11.0589116985859,2.85801466239264,4.73766354790732,2.70172910447126,4.58058475812402,1.13384692003242,6.10443187333413
"PTI98_009804",7.56504286449215,15.7379790997927,14.1467341438668,10.4421001062035,29.1324094294302,11.9295989539679,44.4852210927932,19.1486380819478,22.0537181934318,11.0589116985859,7.14503665598161,7.10649532186098,23.4149855720842,14.3961235255326,12.4723161203566,18.3132956200024
"PTI98_009822",18.9126071612304,22.295470391373,27.4613074557415,5.22105005310177,11.6529637717721,7.59156297070686,10.7718372701588,11.7178233038785,17.6429745547454,0,14.2900733119632,20.1350700786061,15.3097982586705,11.7786465208903,15.8738568804539,12.2088637466683
"PTI98_009834",11.3475642967382,9.83623693737043,7.48944748792949,36.5473503717124,72.248375384987,29.2817428870122,35.4812807791872,19.8155060748514,50.7235518448931,22.1178233971719,12.8610659807669,9.47532709581464,173.811239054317,18.1042159487759,44.2200298812644,24.4177274933365
"PTI98_009865",7.56504286449215,19.0167247455828,31.6221116157023,15.6631501593053,72.248375384987,57.4789767782091,73.4705084037167,14.1947615632349,46.3128082062067,11.0589116985859,35.725183279908,21.3194859655829,10.806916417885,21.3760622045787,22.1100149406322,27.4699434300036
"PTI98_009870",18.9126071612304,11.8034843248445,6.65728665593732,15.6631501593053,10.4876673945949,8.67607196652213,14.1842895351328,7.04974735355291,15.4376027354022,0,20.0061026367485,8.29091120883781,10.806916417885,9.81553876740861,4.53538768012968,12.2088637466683
"PTI98_009897",15.1300857289843,15.0822299706347,18.3075383038276,15.6631501593053,29.1324094294302,52.0564317991328,46.0064347530828,25.531517442597,26.4644618321181,44.2356467943438,27.1511392927301,23.6883177395366,14.4092218905134,23.993539209221,37.9838718210861,6.10443187333413
"PTI98_009953",11.3475642967382,9.83623693737043,0.832160831992165,0,1.16529637717721,0,0.0822277654210595,1.61953655419459,0,22.1178233971719,1.42900733119632,22.5039018525598,0.900576368157085,8.50680026508746,28.3461730008105,3.05221593666707
"PTI98_009955",173.995985883319,82.6243902739116,91.5376915191382,73.0947007434247,23.3059275435442,15.1831259414137,21.0503079477912,90.2177127542515,33.0805772901477,66.3534701915156,72.8793738910124,120.810420471637,122.478386069364,65.6550481997776,93.5423709026747,103.77534184668
"PTI98_009956",0,20.3282230038989,17.4753774718355,15.6631501593053,13.9835565261265,8.67607196652213,7.03047394350059,9.43141875678025,0,11.0589116985859,7.14503665598161,9.47532709581464,18.9121037312988,11.7786465208903,20.4092445605836,0
"PTI98_009968",18.9126071612304,3.27874564579014,4.16080415996083,5.22105005310177,2.33059275435442,2.16901799163053,7.52384053602695,21.8161100535624,11.0268590967159,0,12.8610659807669,11.8441588697683,11.7074927860421,14.6142466092528,10.771545740308,15.2610796833353
"PTI98_009974",11.3475642967382,36.0662021036916,29.1256291197258,62.6526006372212,41.9506695783795,98.6903186191892,61.2185713559788,26.3889191477589,77.1880136770112,0,31.4381612863191,41.454556044189,20.713256467613,33.1547087254691,31.7477137609078,45.783239050006
"PTI98_009978",7.56504286449215,0.655749129158029,1.66432166398433,0,3.49588913153163,1.08450899581527,3.57690779581609,13.0515592896858,0,0,0,7.10649532186098,16.2103746268275,4.36246167440383,11.9053926603404,12.2088637466683
"PTI98_009981",3.78252143224607,7.86898954989634,16.6432166398433,5.22105005310177,16.3141492804809,8.67607196652213,7.60606830144801,23.1498460393697,11.0268590967159,11.0589116985859,4.28702199358896,9.47532709581464,13.5086455223563,19.412954451097,13.606163040389,9.1566478100012
"PTI98_009995",26.4776500257225,76.0668989823313,59.9155799034359,36.5473503717124,57.0995224816832,62.9015217572854,43.4162601423194,41.7268829845429,74.982641857668,22.1178233971719,44.299227267086,50.9298831400037,82.8530258704519,50.3864323393642,44.7869533412806,67.1487506066755
"PTI98_009996",7.56504286449215,9.1804878082124,13.3145733118746,10.4421001062035,4.66118550870884,7.59156297070686,5.18034922152675,7.14501420968201,4.41074363868635,11.0589116985859,7.14503665598161,8.29091120883781,19.8126800994559,4.58058475812402,10.771545740308,0
"PTI98_009997",60.5203429159372,0,1.66432166398433,5.22105005310177,10.4876673945949,5.42254497907633,20.2280302935806,84.8827688110223,6.61611545802953,22.1178233971719,15.7190806431595,40.2701401572122,75.6484149251952,20.503569869698,15.8738568804539,100.723125910013
"PTI98_010028",22.6951285934764,7.21324042073831,2.4964824959765,20.8842002124071,8.15707464024046,19.5211619246748,18.2134500407647,7.3355479219402,11.0268590967159,0,7.14503665598161,8.29091120883781,7.20461094525668,8.07055409764708,7.93692844022694,6.10443187333413
"PTI98_010031",18.9126071612304,16.3937282289507,23.3005032957806,5.22105005310177,6.99177826306325,13.0141079497832,12.6630758748432,42.1079504090593,2.20537181934318,0,12.8610659807669,16.5818224176756,13.5086455223563,31.6278471394277,11.3384692003242,12.2088637466683
"PTI98_010033",34.0426928902147,31.4759581995854,27.4613074557415,46.9894504779159,32.6282985609619,71.5775937238076,37.4136332665821,22.0066437658206,50.7235518448931,33.1767350957578,37.1541906111044,26.0571495134902,27.9178674128696,28.1378777999047,23.8107853206808,18.3132956200024
"PTI98_010039",15.1300857289843,14.4264808414766,16.6432166398433,5.22105005310177,30.2977058066074,26.0282158995664,23.434913145002,5.90654508000379,24.2590900127749,0,14.2900733119632,17.7662383046524,7.20461094525668,13.7417542743721,14.1730865004053,3.05221593666707
"PTI98_010044",15.1300857289843,12.4592334540025,9.15376915191382,15.6631501593053,4.66118550870884,6.5070539748916,5.83817134489523,15.242696980655,4.41074363868635,22.1178233971719,7.14503665598161,8.29091120883781,13.5086455223563,21.1579391208586,8.50385190024315,9.1566478100012
"PTI98_010051",18.9126071612304,66.8864111741189,118.99899897488,46.9894504779159,51.2730405957972,50.9719228033175,36.9613805567663,24.1977814567897,11.0268590967159,11.0589116985859,32.8671686175154,14.212990643722,11.7074927860421,27.7016316324643,30.0469433808591,18.3132956200024
"PTI98_010054",0,12.4592334540025,10.8180908158981,10.4421001062035,5.82648188588605,10.8450899581527,7.97609324584277,6.76394678516563,17.6429745547454,0,2.85801466239264,5.92207943488415,5.40345820894251,7.19806176276631,4.53538768012968,6.10443187333413
"PTI98_010055",0,5.90174216242226,4.99296499195299,0,10.4876673945949,8.67607196652213,11.5118871589483,18.1007026645278,11.0268590967159,0,5.71602932478529,5.92207943488415,13.5086455223563,19.1948313673768,11.3384692003242,12.2088637466683
"PTI98_010071",0,13.1149825831606,11.6502516478903,0,5.82648188588605,13.0141079497832,7.15381559163218,7.71661534645657,13.2322309160591,11.0589116985859,8.57404398717793,10.6597429827915,6.3040345770996,9.59741568368842,9.63769882027558,9.1566478100012
"PTI98_010081",11.3475642967382,12.4592334540025,11.6502516478903,5.22105005310177,1.16529637717721,13.0141079497832,7.07158782621112,7.04974735355291,8.82148727737271,11.0589116985859,8.57404398717793,10.6597429827915,10.806916417885,6.97993867904612,9.07077536025936,0
"PTI98_010086",18.9126071612304,11.8034843248445,12.4824124798825,15.6631501593053,13.9835565261265,31.4507608786427,30.5065009712131,15.7190312613004,8.82148727737271,0,21.4351099679448,23.6883177395366,16.2103746268275,23.993539209221,18.1415507205187,15.2610796833353
"PTI98_010101",22.6951285934764,36.7219512328496,14.978894975859,26.1052502655088,19.8100384120126,26.0282158995664,30.0542482613973,27.3415877090498,13.2322309160591,0,4.28702199358896,18.9506541916293,9.90634004972794,34.4634472277902,16.4407803404701,12.2088637466683
"PTI98_010109",7.56504286449215,11.1477351956865,8.32160831992165,10.4421001062035,13.9835565261265,9.7605809623374,9.33285137529026,18.2912363767859,11.0268590967159,0,8.57404398717793,7.10649532186098,21.61383283577,16.3592312790143,19.2753976405512,6.10443187333413
"PTI98_010114",11.3475642967382,5.90174216242226,10.8180908158981,15.6631501593053,4.66118550870884,9.7605809623374,8.63391536921125,10.5746210303294,4.41074363868635,11.0589116985859,11.4320586495706,20.1350700786061,16.2103746268275,15.7048620278538,14.7400099604215,3.05221593666707
"PTI98_010133",11.3475642967382,9.83623693737043,15.8110558078511,5.22105005310177,4.66118550870884,3.2535269874458,5.92039911031629,12.194157584524,4.41074363868635,0,2.85801466239264,1.18441588697683,8.10518731341377,4.58058475812402,7.37000498021073,24.4177274933365
"PTI98_010144",0,3.27874564579014,6.65728665593732,0,6.99177826306325,15.1831259414137,5.59148804863205,6.76394678516563,8.82148727737271,11.0589116985859,1.42900733119632,9.47532709581464,3.60230547262834,11.5605234371701,11.3384692003242,6.10443187333413
"PTI98_010147",11.3475642967382,7.86898954989634,9.98592998390598,5.22105005310177,4.66118550870884,7.59156297070686,7.60606830144801,14.7663627000095,6.61611545802953,0,8.57404398717793,5.92207943488415,9.00576368157085,10.6880311022894,18.1415507205187,12.2088637466683
"PTI98_010152",11.3475642967382,1.31149825831606,2.4964824959765,0,4.66118550870884,14.0986169455985,8.67502925192178,7.81188220258566,11.0268590967159,11.0589116985859,14.2900733119632,3.55324766093049,2.70172910447126,8.07055409764708,15.8738568804539,3.05221593666707
"PTI98_010154",71.8679072126754,24.2627177788471,22.4683424637885,41.7684004248141,36.1241876924935,34.7042878660885,58.751738393347,44.0132875316412,57.3396673029226,33.1767350957578,45.7282345982823,50.9298831400037,27.0172910447126,45.3696014137998,45.3538768012968,51.8876709233401
"PTI98_010156",22.6951285934764,17.7052264872668,29.957789951718,26.1052502655088,24.4712239207214,16.267634937229,23.9282797375283,38.0114755955083,15.4376027354022,22.1178233971719,10.0030513183743,14.212990643722,36.9236310944405,31.1916009719874,27.2123260807781,24.4177274933365
"PTI98_010158",49.172778619199,20.3282230038989,12.4824124798825,57.4315505841194,17.4794456576581,24.9437069037511,56.5315887269784,26.8652534284044,17.6429745547454,11.0589116985859,18.5770953055522,23.6883177395366,37.8242074625976,15.922985111574,14.1730865004053,21.3655115566695
"PTI98_010162",15.1300857289843,5.90174216242226,2.4964824959765,20.8842002124071,15.1488529033037,7.59156297070686,10.2373567949219,35.1534699116355,22.0537181934318,11.0589116985859,1.42900733119632,33.1636448353512,82.8530258704519,17.0136005301749,19.2753976405512,27.4699434300036
"PTI98_010204",90.7805143739058,28.1972125537952,43.2723632635926,26.1052502655088,61.7607079903921,69.408575732177,95.4664356538501,50.3009000361613,46.3128082062067,22.1178233971719,97.1724985213499,55.667546687911,36.0230547262834,63.4738173625757,65.1961979018642,67.1487506066755
"PTI98_010206",11.3475642967382,25.5742160371631,8.32160831992165,15.6631501593053,10.4876673945949,17.3521439330443,11.2652038626852,4.47754223806739,8.82148727737271,22.1178233971719,4.28702199358896,4.73766354790732,9.00576368157085,8.94304643252784,3.40154076009726,0
"PTI98_010208",0,3.93449477494817,5.82512582394516,15.6631501593053,8.15707464024046,10.8450899581527,13.4442396463432,5.8112782238747,4.41074363868635,0,8.57404398717793,10.6597429827915,5.40345820894251,8.07055409764708,6.80308152019452,3.05221593666707
"PTI98_010211",18.9126071612304,9.1804878082124,4.99296499195299,0,6.99177826306325,14.0986169455985,5.05700757339516,8.47875019548932,2.20537181934318,0,12.8610659807669,8.29091120883781,1.80115273631417,6.76181559532593,14.7400099604215,9.1566478100012
"PTI98_010242",34.0426928902147,17.0494773581087,23.3005032957806,31.3263003186106,4.66118550870884,5.42254497907633,3.24799673413185,49.6340320432577,8.82148727737271,0,28.5801466239264,24.8727336265134,50.4322766167968,29.2284932185056,20.4092445605836,12.2088637466683
"PTI98_010243",18.9126071612304,6.55749129158028,11.6502516478903,36.5473503717124,10.4876673945949,15.1831259414137,10.1551290295009,13.3373598580731,2.20537181934318,11.0589116985859,14.2900733119632,13.0285747567451,9.00576368157085,17.8860928650557,15.8738568804539,24.4177274933365
"PTI98_010248",22.6951285934764,26.2299651663211,12.4824124798825,67.873650690323,5.82648188588605,3.2535269874458,2.67240237618443,19.0533712258187,0,11.0589116985859,7.14503665598161,9.47532709581464,18.0115273631417,6.54369251160574,17.0077038004863,48.8354549866731
"PTI98_010272",11.3475642967382,13.1149825831606,11.6502516478903,10.4421001062035,9.32237101741767,13.0141079497832,7.19492947434271,11.1462221671039,13.2322309160591,0,12.8610659807669,11.8441588697683,15.3097982586705,14.6142466092528,13.606163040389,6.10443187333413
"PTI98_010286",18.9126071612304,5.24599303326423,7.48944748792949,10.4421001062035,4.66118550870884,5.42254497907633,7.03047394350059,13.9089609948476,11.0268590967159,0,10.0030513183743,8.29091120883781,8.10518731341377,14.3961235255326,15.8738568804539,9.1566478100012
"PTI98_010287",15.1300857289843,3.27874564579014,7.48944748792949,5.22105005310177,13.9835565261265,15.1831259414137,12.2930509304484,17.8149020961405,13.2322309160591,11.0589116985859,15.7190806431595,17.7662383046524,8.10518731341377,18.5404621162163,18.1415507205187,36.6265912400048
"PTI98_010289",3.78252143224607,78.0341463698054,41.6080415996083,20.8842002124071,22.140631166367,22.7746889121206,17.8434250963699,7.81188220258566,24.2590900127749,22.1178233971719,12.8610659807669,16.5818224176756,27.9178674128696,14.832369692973,10.771545740308,12.2088637466683
"PTI98_010293",18.9126071612304,17.0494773581087,14.1467341438668,5.22105005310177,13.9835565261265,13.0141079497832,29.6019955515814,19.2439049380769,8.82148727737271,22.1178233971719,20.0061026367485,10.6597429827915,21.61383283577,13.5236311906519,19.2753976405512,27.4699434300036
"PTI98_010297",7.56504286449215,1.31149825831606,1.66432166398433,10.4421001062035,19.8100384120126,11.9295989539679,79.0208825696382,3.81067424516374,4.41074363868635,0,0,5.92207943488415,2.70172910447126,2.18123083720191,0,3.05221593666707
"PTI98_010310",18.9126071612304,1.31149825831606,2.4964824959765,15.6631501593053,2.33059275435442,1.08450899581527,2.79574402431602,7.43081477806929,2.20537181934318,0,10.0030513183743,7.10649532186098,17.1109509949846,3.92621550696344,1.70077038004863,18.3132956200024
"PTI98_010312",26.4776500257225,14.4264808414766,12.4824124798825,15.6631501593053,2.33059275435442,4.33803598326106,7.07158782621112,16.6716998225914,11.0268590967159,11.0589116985859,18.5770953055522,13.0285747567451,21.61383283577,4.36246167440383,13.0392395803728,21.3655115566695
"PTI98_010314",37.8252143224607,5.24599303326423,2.4964824959765,20.8842002124071,6.99177826306325,9.7605809623374,14.513200596817,44.3943549561575,8.82148727737271,11.0589116985859,20.0061026367485,3.55324766093049,34.2219019899692,6.10744634416536,4.53538768012968,21.3655115566695
"PTI98_010315",155.083378722089,24.2627177788471,3.32864332796866,198.399902017867,0,0,0.123341648131589,8.47875019548932,0,11.0589116985859,1.42900733119632,3.55324766093049,306.195965173409,1.52686158604134,2.83461730008105,39.6788071766719
"PTI98_010336",7.56504286449215,9.83623693737043,18.3075383038276,20.8842002124071,4.66118550870884,5.42254497907633,5.87928522760576,18.9581043696896,4.41074363868635,33.1767350957578,14.2900733119632,5.92207943488415,16.2103746268275,15.7048620278538,22.6769384006484,9.1566478100012
"PTI98_010371",11.3475642967382,19.6724738747409,49.9296499195299,15.6631501593053,54.7689297273288,46.6338868200564,52.1735171596623,14.6710958438804,15.4376027354022,33.1767350957578,21.4351099679448,15.3974065306988,24.3155619402413,17.6679697813355,39.6846422011347,18.3132956200024
"PTI98_010405",7.56504286449215,27.5414634246372,9.98592998390598,10.4421001062035,19.8100384120126,10.8450899581527,13.7731507080275,23.3403797516279,13.2322309160591,11.0589116985859,7.14503665598161,7.10649532186098,10.806916417885,24.6479084603816,18.1415507205187,15.2610796833353
"PTI98_010430",30.2601714579686,3.27874564579014,0,5.22105005310177,0,0,4.81032427713198,16.5764329664623,0,11.0589116985859,2.85801466239264,5.92207943488415,31.520172885498,15.4867389441336,1.13384692003242,9.1566478100012
"PTI98_010448",7.56504286449215,1.31149825831606,1.66432166398433,0,25.6365202978986,17.3521439330443,26.929593175397,39.2499447251865,13.2322309160591,0,5.71602932478529,18.9506541916293,6.3040345770996,15.0504927766932,11.9053926603404,57.9921027966743
"PTI98_010449",382.034664656853,280.660627279636,148.124628094605,224.505152283376,388.043693600011,237.507470083543,216.094567526544,1489.21149500999,747.621046757337,486.592114737781,147.187755113221,713.018363960051,65.7420748754672,398.51087395679,295.367122668446,573.816596093409
"PTI98_010454",15.1300857289843,6.55749129158028,4.99296499195299,15.6631501593053,12.8182601489493,7.59156297070686,9.00394031360602,9.52668561290935,22.0537181934318,11.0589116985859,12.8610659807669,3.55324766093049,21.61383283577,9.16116951624804,9.07077536025936,15.2610796833353
"PTI98_010455",7.56504286449215,2.62299651663211,1.66432166398433,5.22105005310177,3.49588913153163,4.33803598326106,1.60344142571066,26.9605202845334,4.41074363868635,11.0589116985859,12.8610659807669,10.6597429827915,29.7190201491838,20.0673237022576,20.9761680205998,9.1566478100012
"PTI98_010510",22.6951285934764,24.9184669080051,15.8110558078511,5.22105005310177,6.99177826306325,2.16901799163053,6.86601841265847,17.4338346716241,8.82148727737271,0,10.0030513183743,8.29091120883781,18.0115273631417,11.5605234371701,17.0077038004863,6.10443187333413
"PTI98_010524",3.78252143224607,1.31149825831606,0.832160831992165,5.22105005310177,27.967113052253,20.6056709204901,89.3815810126917,0.952668561290934,11.0268590967159,11.0589116985859,7.14503665598161,1.18441588697683,15.3097982586705,0,2.83461730008105,3.05221593666707
"PTI98_010527",0,17.0494773581087,14.1467341438668,5.22105005310177,4.66118550870884,5.42254497907633,8.71614313463231,6.00181193613289,8.82148727737271,11.0589116985859,10.0030513183743,9.47532709581464,9.00576368157085,11.3424003534499,7.93692844022694,9.1566478100012
"PTI98_010532",18.9126071612304,6.55749129158028,17.4753774718355,15.6631501593053,18.6447420348353,10.8450899581527,24.3805324473442,26.6747197161462,19.8483463740886,22.1178233971719,22.8641172991411,7.10649532186098,20.713256467613,20.0673237022576,27.7792495407943,12.2088637466683
"PTI98_010558",11.3475642967382,3.27874564579014,4.16080415996083,5.22105005310177,3.49588913153163,4.33803598326106,5.18034922152675,9.62195246903844,13.2322309160591,0,4.28702199358896,13.0285747567451,2.70172910447126,11.3424003534499,17.0077038004863,15.2610796833353
"PTI98_010559",56.7378214836911,2.62299651663211,0.832160831992165,15.6631501593053,2.33059275435442,13.0141079497832,13.6498090598959,17.8149020961405,2.20537181934318,0,27.1511392927301,24.8727336265134,11.7074927860421,7.6343079302067,11.9053926603404,42.7310231133389
"PTI98_010571",15.1300857289843,3.27874564579014,0,10.4421001062035,0,4.33803598326106,2.75463014160549,10.4793541742003,2.20537181934318,22.1178233971719,10.0030513183743,3.55324766093049,10.806916417885,6.97993867904612,5.10231114014589,6.10443187333413
"PTI98_010586",22.6951285934764,19.0167247455828,13.3145733118746,5.22105005310177,1.16529637717721,0,0.287797178973708,0.28580056838728,0,22.1178233971719,0,2.36883177395366,1.80115273631417,0.436246167440383,1.70077038004863,0
"PTI98_010655",11.3475642967382,4.5902439041062,4.99296499195299,10.4421001062035,1.16529637717721,5.42254497907633,6.20819628929,4.00120795742192,13.2322309160591,0,5.71602932478529,11.8441588697683,2.70172910447126,7.4161848464865,3.40154076009726,6.10443187333413
"PTI98_010687",22.6951285934764,7.21324042073831,11.6502516478903,20.8842002124071,5.82648188588605,4.33803598326106,3.98804662292139,53.6352400006796,2.20537181934318,0,30.0091539551228,16.5818224176756,8.10518731341377,27.9197547161845,35.7161779810212,18.3132956200024
"PTI98_010693",3.78252143224607,11.8034843248445,10.8180908158981,10.4421001062035,2.33059275435442,5.42254497907633,2.91908567244761,24.3883151690479,2.20537181934318,0,12.8610659807669,4.73766354790732,3.60230547262834,3.70809242324325,2.83461730008105,12.2088637466683
"PTI98_010698",3.78252143224607,30.1644599412693,30.7899507837101,5.22105005310177,22.140631166367,10.8450899581527,25.2028101015547,10.193553605813,11.0268590967159,0,14.2900733119632,10.6597429827915,14.4092218905134,26.6110162138633,20.4092445605836,3.05221593666707
"PTI98_010704",3.78252143224607,15.0822299706347,18.3075383038276,15.6631501593053,18.6447420348353,10.8450899581527,10.8951789182904,7.3355479219402,19.8483463740886,0,11.4320586495706,3.55324766093049,5.40345820894251,9.81553876740861,7.37000498021073,15.2610796833353
"PTI98_010705",56.7378214836911,68.853658561593,79.8874398712479,62.6526006372212,50.10774421862,32.535269874458,51.9268338633991,42.2032172651884,41.9020645675204,44.2356467943438,40.012205273497,36.7168924962817,63.040345770996,40.1346474045152,39.1177187411185,61.0443187333413
"PTI98_010708",22.6951285934764,18.3609756164248,8.32160831992165,0,10.4876673945949,27.1127248953816,6.45487958555317,9.05035133226388,17.6429745547454,11.0589116985859,25.7221319615338,22.5039018525598,5.40345820894251,12.8692619394913,29.4800199208429,12.2088637466683
"PTI98_010711",34.0426928902147,12.4592334540025,0,20.8842002124071,11.6529637717721,3.2535269874458,15.5410476645803,6.57341307290745,4.41074363868635,77.4123818901016,15.7190806431595,26.0571495134902,7.20461094525668,12.2148926883307,44.2200298812644,33.5743753033377
"PTI98_010713",15.1300857289843,3.27874564579014,11.6502516478903,5.22105005310177,11.6529637717721,9.7605809623374,33.4255866436607,5.90654508000379,6.61611545802953,0,5.71602932478529,4.73766354790732,10.806916417885,6.10744634416536,3.96846422011347,12.2088637466683
"PTI98_010718",0,11.1477351956865,4.16080415996083,5.22105005310177,5.82648188588605,8.67607196652213,6.86601841265847,6.00181193613289,17.6429745547454,11.0589116985859,2.85801466239264,15.3974065306988,9.00576368157085,6.97993867904612,6.23615806017831,12.2088637466683
"PTI98_010727",30.2601714579686,8.52473867905437,19.1396991358198,15.6631501593053,17.4794456576581,11.9295989539679,17.308944621133,46.9665600716431,6.61611545802953,22.1178233971719,34.2961759487117,33.1636448353512,18.0115273631417,38.3896627347537,29.4800199208429,30.5221593666707
"PTI98_010728",34.0426928902147,80.0013937572795,54.9226149114829,36.5473503717124,36.1241876924935,90.0142466526671,49.7066841970305,31.9143968032463,59.5450391222658,22.1178233971719,44.299227267086,42.6389719311659,35.1224783581263,35.5540626463912,28.3461730008105,39.6788071766719
"PTI98_010744",132.388250128613,423.613937436086,350.339710268702,88.75785090273,230.728682681087,240.760997070989,135.881382358301,100.601800072323,357.270234733595,154.824763780203,134.326689132454,155.158481193965,181.916426367731,101.427233929889,112.817768543226,128.193069340017
"PTI98_010754",3.78252143224607,11.1477351956865,6.65728665593732,5.22105005310177,4.66118550870884,6.5070539748916,9.57953467155344,8.19294962710204,2.20537181934318,0,0,13.0285747567451,6.3040345770996,15.0504927766932,11.9053926603404,15.2610796833353
"PTI98_010764",34.0426928902147,83.9358885322277,70.7336707193341,26.1052502655088,23.3059275435442,58.5634857740244,27.4229597679234,19.6249723625933,59.5450391222658,22.1178233971719,37.1541906111044,31.9792289483744,27.0172910447126,30.1009855533864,14.7400099604215,42.7310231133389
"PTI98_010773",3.78252143224607,5.24599303326423,8.32160831992165,5.22105005310177,15.1488529033037,20.6056709204901,16.2810975533698,7.2402810658111,6.61611545802953,11.0589116985859,21.4351099679448,8.29091120883781,5.40345820894251,11.3424003534499,9.63769882027558,6.10443187333413
"PTI98_010806",15.1300857289843,5.24599303326423,3.32864332796866,10.4421001062035,5.82648188588605,6.5070539748916,4.48141321544774,6.66867992903654,13.2322309160591,22.1178233971719,7.14503665598161,5.92207943488415,7.20461094525668,5.67120017672497,6.80308152019452,9.1566478100012
"PTI98_010807",30.2601714579686,57.7059233659065,70.7336707193341,62.6526006372212,51.2730405957972,34.7042878660885,39.8393523465033,37.9162087393792,66.1611545802953,33.1767350957578,37.1541906111044,50.9298831400037,37.8242074625976,81.7961563950717,43.6531064212482,30.5221593666707
"PTI98_010812",45.3902571869529,10.4919860665285,10.8180908158981,15.6631501593053,13.9835565261265,10.8450899581527,16.2810975533698,26.9605202845334,6.61611545802953,11.0589116985859,31.4381612863191,21.3194859655829,9.90634004972794,18.1042159487759,32.314637220924,30.5221593666707
"PTI98_010825",3.78252143224607,5.24599303326423,6.65728665593732,10.4421001062035,10.4876673945949,5.42254497907633,8.38723207294807,17.6243683838823,13.2322309160591,0,10.0030513183743,2.36883177395366,8.10518731341377,12.4330157720509,24.377708780697,15.2610796833353
"PTI98_010829",11.3475642967382,9.1804878082124,6.65728665593732,0,11.6529637717721,10.8450899581527,8.55168760379019,12.6704918651694,11.0268590967159,0,8.57404398717793,9.47532709581464,5.40345820894251,18.3223390324961,8.50385190024315,6.10443187333413
"PTI98_010832",3.78252143224607,2.62299651663211,2.4964824959765,10.4421001062035,1.16529637717721,6.5070539748916,3.98804662292139,15.5284975490422,0,0,7.14503665598161,4.73766354790732,1.80115273631417,14.1780004418124,12.4723161203566,0
"PTI98_010841",3.78252143224607,53.1156794618003,45.7688457595691,10.4421001062035,61.7607079903921,34.7042878660885,63.4387210223474,6.66867992903654,22.0537181934318,11.0589116985859,12.8610659807669,0,3.60230547262834,5.88932326044517,6.23615806017831,0
"PTI98_010885",0,9.83623693737043,4.99296499195299,10.4421001062035,10.4876673945949,5.42254497907633,9.99067349865873,13.3373598580731,4.41074363868635,0,8.57404398717793,4.73766354790732,14.4092218905134,8.50680026508746,14.1730865004053,6.10443187333413
"PTI98_010893",41.6077357547068,63.6076655283288,104.852264831013,10.4421001062035,18.6447420348353,22.7746889121206,22.037041132844,25.0551831619516,19.8483463740886,22.1178233971719,22.8641172991411,34.3480607223281,42.327089303383,31.1916009719874,23.8107853206808,18.3132956200024
"PTI98_010910",45.3902571869529,7.86898954989634,9.15376915191382,15.6631501593053,8.15707464024046,15.1831259414137,8.22277654210595,9.33615190065116,11.0268590967159,0,18.5770953055522,10.6597429827915,22.5144092039271,18.9767082836566,20.4092445605836,12.2088637466683
"PTI98_010927",11.3475642967382,2.62299651663211,12.4824124798825,10.4421001062035,95.5543029285311,30.3662518828274,56.1615637825837,4.57280909419649,15.4376027354022,0,14.2900733119632,21.3194859655829,5.40345820894251,23.993539209221,15.8738568804539,12.2088637466683
"PTI98_010946",11.3475642967382,6.55749129158028,11.6502516478903,15.6631501593053,24.4712239207214,18.4366529288595,15.7055031954224,9.24088504452206,15.4376027354022,11.0589116985859,7.14503665598161,15.3974065306988,10.806916417885,15.2686158604134,10.771545740308,3.05221593666707
"PTI98_010950",7.56504286449215,15.0822299706347,9.15376915191382,15.6631501593053,2.33059275435442,7.59156297070686,8.05832101126383,10.2888204619421,8.82148727737271,0,8.57404398717793,13.0285747567451,15.3097982586705,8.50680026508746,6.80308152019452,9.1566478100012
"PTI98_010955",11.3475642967382,6.55749129158028,9.15376915191382,0,3.49588913153163,6.5070539748916,6.78379064723741,10.9556884548457,2.20537181934318,0,11.4320586495706,20.1350700786061,9.00576368157085,13.0873850232115,13.0392395803728,15.2610796833353
"PTI98_010962",7.56504286449215,9.1804878082124,9.98592998390598,0,10.4876673945949,14.0986169455985,7.85275159771119,18.2912363767859,6.61611545802953,11.0589116985859,2.85801466239264,13.0285747567451,5.40345820894251,17.6679697813355,23.8107853206808,18.3132956200024
"PTI98_010974",34.0426928902147,33.4432055870595,33.2864332796866,57.4315505841194,38.4547804468479,98.6903186191892,36.8380389086347,21.9113769096915,88.2148727737271,33.1767350957578,38.5831979423007,34.3480607223281,20.713256467613,28.7922470510653,17.5746272605025,27.4699434300036
"PTI98_010985",7.56504286449215,1.96724738747409,0,0,5.82648188588605,6.5070539748916,6.12596852386894,4.2870085258092,4.41074363868635,22.1178233971719,28.5801466239264,14.212990643722,12.6080691541992,7.19806176276631,7.93692844022694,0
"PTI98_010990",18.9126071612304,53.7714285909583,43.2723632635926,46.9894504779159,30.2977058066074,34.7042878660885,34.2067504151608,19.6249723625933,48.5181800255499,22.1178233971719,28.5801466239264,27.2415654004671,48.6311238804826,23.5572930417807,22.1100149406322,45.783239050006
"PTI98_010992",37.8252143224607,24.2627177788471,59.0834190714437,26.1052502655088,53.6036333501516,45.5493778242412,35.5223946618977,15.337963836784,22.0537181934318,11.0589116985859,25.7221319615338,24.8727336265134,21.61383283577,28.7922470510653,19.2753976405512,21.3655115566695
"PTI98_011020",7.56504286449215,6.55749129158028,7.48944748792949,5.22105005310177,4.66118550870884,5.42254497907633,9.16839584444814,15.7190312613004,0,0,17.1480879743559,18.9506541916293,11.7074927860421,14.832369692973,13.606163040389,15.2610796833353
"PTI98_011026",7.56504286449215,13.1149825831606,14.1467341438668,10.4421001062035,6.99177826306325,6.5070539748916,6.33153793742158,16.1000986858168,8.82148727737271,0,1.42900733119632,11.8441588697683,14.4092218905134,13.7417542743721,12.4723161203566,9.1566478100012
"PTI98_011030",173.995985883319,112.788850215181,5.82512582394516,172.294651752358,1.16529637717721,0,0.123341648131589,2.57220511548552,0,44.2356467943438,1.42900733119632,35.5324766093049,62.1397694028389,6.10744634416536,13.0392395803728,73.2531824800096
"PTI98_011037",0,5.24599303326423,8.32160831992165,5.22105005310177,4.66118550870884,10.8450899581527,10.4429262084746,12.2894244406531,6.61611545802953,0,5.71602932478529,7.10649532186098,12.6080691541992,19.6310775348172,11.9053926603404,15.2610796833353
"PTI98_011048",7.56504286449215,12.4592334540025,4.16080415996083,10.4421001062035,19.8100384120126,22.7746889121206,24.83278515716,8.28821648323113,8.82148727737271,11.0589116985859,10.0030513183743,11.8441588697683,5.40345820894251,11.9967696046105,10.771545740308,15.2610796833353
"PTI98_011067",7.56504286449215,5.24599303326423,4.99296499195299,0,18.6447420348353,10.8450899581527,24.9972406880021,10.9556884548457,4.41074363868635,0,14.2900733119632,17.7662383046524,0,21.1579391208586,41.9523360411996,6.10443187333413
"PTI98_011070",49.172778619199,50.4926829451682,2.4964824959765,46.9894504779159,0,0,0.246683296263179,16.9575003909786,0,11.0589116985859,0,55.667546687911,110.770893283321,19.412954451097,135.494706943874,57.9921027966743
"PTI98_011071",34.0426928902147,5.24599303326423,3.32864332796866,5.22105005310177,2.33059275435442,1.08450899581527,1.1100748331843,5.14441023097105,0,0,0,15.3974065306988,13.5086455223563,8.28867718136727,55.5584990815886,18.3132956200024
"PTI98_011087",15.1300857289843,17.7052264872668,24.1326641277728,15.6631501593053,16.3141492804809,4.33803598326106,9.78510408510608,26.9605202845334,6.61611545802953,11.0589116985859,14.2900733119632,4.73766354790732,19.8126800994559,22.2485545394595,16.4407803404701,15.2610796833353
"PTI98_011095",26.4776500257225,11.1477351956865,9.15376915191382,15.6631501593053,3.49588913153163,6.5070539748916,4.60475486357933,24.483582025177,2.20537181934318,11.0589116985859,4.28702199358896,23.6883177395366,23.4149855720842,25.5204007952624,15.3069334204377,12.2088637466683
"PTI98_011099",64.3028643481832,34.7547038453755,24.1326641277728,83.5368008496283,3.49588913153163,3.2535269874458,8.4283459556586,56.112178260036,8.82148727737271,22.1178233971719,15.7190806431595,68.6961214446561,18.9121037312988,53.4401555114469,61.7946571417669,48.8354549866731
"PTI98_011103",11.3475642967382,5.24599303326423,4.16080415996083,10.4421001062035,0,11.9295989539679,4.23472991918457,6.95448049742382,2.20537181934318,11.0589116985859,4.28702199358896,5.92207943488415,1.80115273631417,10.9061541860096,12.4723161203566,6.10443187333413
"PTI98_011112",49.172778619199,63.6076655283288,59.0834190714437,46.9894504779159,5.82648188588605,8.67607196652213,17.8023112136594,87.3597070703787,13.2322309160591,11.0589116985859,45.7282345982823,62.774042009772,81.9524495022948,29.2284932185056,44.2200298812644,45.783239050006
"PTI98_011128",3.78252143224607,0,0.832160831992165,0,68.7524862534553,30.3662518828274,144.597525492933,0.571601136774561,22.0537181934318,11.0589116985859,1.42900733119632,0,1.80115273631417,0.436246167440383,1.13384692003242,0
"PTI98_011152",3.78252143224607,2.62299651663211,5.82512582394516,10.4421001062035,5.82648188588605,9.7605809623374,5.26257698694781,12.3846912967821,4.41074363868635,22.1178233971719,7.14503665598161,3.55324766093049,6.3040345770996,10.6880311022894,10.771545740308,0
"PTI98_011157",7.56504286449215,19.6724738747409,23.3005032957806,15.6631501593053,2.33059275435442,7.59156297070686,1.85012472197384,1.04793541742003,2.20537181934318,11.0589116985859,7.14503665598161,1.18441588697683,9.00576368157085,1.96310775348172,0.56692346001621,6.10443187333413
"PTI98_011177",0,2.62299651663211,2.4964824959765,5.22105005310177,0,0,0.493366592526357,3.04853939613099,4.41074363868635,11.0589116985859,4.28702199358896,24.8727336265134,0.900576368157085,13.3055081069317,15.3069334204377,0
"PTI98_011183",7.56504286449215,6.55749129158028,3.32864332796866,10.4421001062035,4.66118550870884,2.16901799163053,2.26126354907914,2.00060397871096,2.20537181934318,11.0589116985859,10.0030513183743,2.36883177395366,10.806916417885,3.05372317208268,2.26769384006484,0
"PTI98_011215",7.56504286449215,8.52473867905437,5.82512582394516,0,5.82648188588605,7.59156297070686,8.14054877668489,26.3889191477589,2.20537181934318,0,11.4320586495706,9.47532709581464,9.90634004972794,17.6679697813355,12.4723161203566,24.4177274933365
"PTI98_011225",18.9126071612304,5.24599303326423,9.98592998390598,26.1052502655088,11.6529637717721,30.3662518828274,5.30369086965834,7.14501420968201,33.0805772901477,0,21.4351099679448,8.29091120883781,6.3040345770996,4.14433859068363,8.50385190024315,12.2088637466683
"PTI98_011242",22.6951285934764,24.9184669080051,14.1467341438668,5.22105005310177,2.33059275435442,8.67607196652213,10.5662678566061,14.4805621316222,15.4376027354022,33.1767350957578,17.1480879743559,9.47532709581464,21.61383283577,13.0873850232115,11.9053926603404,12.2088637466683
"PTI98_011262",143.735814425351,45.902439041062,38.2793982716396,57.4315505841194,103.711377568772,101.943845606635,112.980949688536,188.342574567218,123.500821883218,22.1178233971719,52.8732712542639,61.5896261227951,114.37319875595,81.7961563950717,124.15623774355,170.924092453356
"PTI98_011268",3.78252143224607,1.96724738747409,9.98592998390598,0,11.6529637717721,9.7605809623374,10.8129511528693,5.14441023097105,8.82148727737271,0,10.0030513183743,10.6597429827915,6.3040345770996,11.7786465208903,6.23615806017831,3.05221593666707
"PTI98_011286",64.3028643481832,46.55818817022,42.4402024316004,26.1052502655088,23.3059275435442,22.7746889121206,12.41639257858,47.1570937839013,22.0537181934318,0,21.4351099679448,34.3480607223281,27.9178674128696,32.0640933068681,25.5115557007295,24.4177274933365
"PTI98_011293",0,11.1477351956865,14.1467341438668,10.4421001062035,5.82648188588605,14.0986169455985,3.37133838226344,4.95387651871286,6.61611545802953,11.0589116985859,5.71602932478529,9.47532709581464,9.90634004972794,11.1242772697298,4.53538768012968,6.10443187333413
"PTI98_011296",11.3475642967382,11.1477351956865,9.15376915191382,5.22105005310177,20.9753347891898,6.5070539748916,12.2930509304484,16.290632398075,6.61611545802953,0,2.85801466239264,9.47532709581464,18.9121037312988,9.81553876740861,6.80308152019452,12.2088637466683
"PTI98_011297",3.78252143224607,3.27874564579014,9.98592998390598,20.8842002124071,12.8182601489493,4.33803598326106,14.1842895351328,13.8136941387185,13.2322309160591,0,2.85801466239264,8.29091120883781,8.10518731341377,10.251784934849,8.50385190024315,9.1566478100012
"PTI98_011318",37.8252143224607,64.2634146574868,53.2582932474986,46.9894504779159,44.2812623327339,73.7466117154381,82.5977903654543,34.7724024871191,116.884706425188,55.2945584929297,82.8824252093867,45.0078037051195,63.9409221391531,39.2621550696344,28.9130964608267,79.3576143533437
"PTI98_011319",18.9126071612304,22.295470391373,17.4753774718355,15.6631501593053,22.140631166367,14.0986169455985,14.9654533066328,22.387711190337,8.82148727737271,0,10.0030513183743,11.8441588697683,4.50288184078543,18.3223390324961,24.377708780697,21.3655115566695
"PTI98_011332",3.78252143224607,0,0.832160831992165,10.4421001062035,102.546081191594,63.9860307531007,401.929317378139,0.28580056838728,41.9020645675204,0,2.85801466239264,1.18441588697683,0,0.654369251160574,0.56692346001621,3.05221593666707
"PTI98_011334",3.78252143224607,15.0822299706347,16.6432166398433,15.6631501593053,8.15707464024046,10.8450899581527,9.29173749257973,10.2888204619421,8.82148727737271,11.0589116985859,10.0030513183743,8.29091120883781,7.20461094525668,14.1780004418124,6.80308152019452,3.05221593666707
"PTI98_011348",11.3475642967382,5.24599303326423,3.32864332796866,0,5.82648188588605,6.5070539748916,13.4442396463432,17.2433009593659,11.0268590967159,0,15.7190806431595,16.5818224176756,18.9121037312988,13.7417542743721,12.4723161203566,0
"PTI98_011370",0,50.4926829451682,20.8040207998041,0,18.6447420348353,18.4366529288595,23.3937992622914,9.05035133226388,22.0537181934318,11.0589116985859,14.2900733119632,22.5039018525598,10.806916417885,13.5236311906519,7.93692844022694,12.2088637466683
"PTI98_011371",30.2601714579686,73.4439024656992,74.0623140473027,15.6631501593053,31.4630021837846,16.267634937229,12.8275314056853,83.644299681344,8.82148727737271,33.1767350957578,25.7221319615338,58.0363784618646,40.5259365670688,82.4505256462323,74.2669732621236,33.5743753033377
"PTI98_011372",3.78252143224607,31.4759581995854,4.99296499195299,0,18.6447420348353,4.33803598326106,27.1762764716602,4.3822753819383,11.0268590967159,0,5.71602932478529,2.36883177395366,1.80115273631417,5.45307709300478,2.83461730008105,0
"PTI98_011375",11.3475642967382,3.93449477494817,2.4964824959765,0,17.4794456576581,28.1972338911969,23.6404825585546,1.81007026645278,6.61611545802953,0,1.42900733119632,3.55324766093049,0,5.88932326044517,2.83461730008105,0
"PTI98_011377",7.56504286449215,6.55749129158028,4.16080415996083,5.22105005310177,8.15707464024046,8.67607196652213,18.3367916888963,7.43081477806929,11.0268590967159,11.0589116985859,14.2900733119632,8.29091120883781,6.3040345770996,10.4699080185692,7.93692844022694,9.1566478100012
"PTI98_011388",7.56504286449215,7.86898954989634,14.1467341438668,15.6631501593053,20.9753347891898,13.0141079497832,17.6789695655278,14.4805621316222,15.4376027354022,11.0589116985859,11.4320586495706,13.0285747567451,9.90634004972794,12.6511388557711,23.8107853206808,6.10443187333413
"PTI98_011460",22.6951285934764,3.93449477494817,2.4964824959765,31.3263003186106,1.16529637717721,1.08450899581527,0.370024944394768,11.3367558793621,2.20537181934318,0,2.85801466239264,16.5818224176756,5.40345820894251,8.07055409764708,7.93692844022694,24.4177274933365
"PTI98_011465",18.9126071612304,9.1804878082124,9.98592998390598,10.4421001062035,0,8.67607196652213,9.78510408510608,9.14561818839297,6.61611545802953,0,4.28702199358896,8.29091120883781,12.6080691541992,10.251784934849,7.37000498021073,15.2610796833353
"PTI98_011498",11.3475642967382,59.6731707533806,43.2723632635926,36.5473503717124,45.4465587099112,52.0564317991328,48.3088121848725,28.4847899825989,66.1611545802953,0,34.2961759487117,33.1636448353512,21.61383283577,42.5340013254373,22.1100149406322,24.4177274933365
"PTI98_011551",22.6951285934764,13.1149825831606,14.1467341438668,41.7684004248141,13.9835565261265,19.5211619246748,24.7094435090284,31.628596234859,19.8483463740886,22.1178233971719,28.5801466239264,22.5039018525598,28.8184437810267,23.993539209221,21.543091480616,36.6265912400048
"PTI98_011628",7.56504286449215,6.55749129158028,13.3145733118746,10.4421001062035,5.82648188588605,9.7605809623374,7.23604335705324,16.3858992542041,8.82148727737271,0,2.85801466239264,9.47532709581464,6.3040345770996,14.6142466092528,8.50385190024315,9.1566478100012
"PTI98_011639",68.0853857804293,59.6731707533806,70.7336707193341,57.4315505841194,55.934226104506,70.4930847279923,55.5859694246362,87.5502407826369,48.5181800255499,77.4123818901016,81.4534178781903,76.9870326534939,72.9466858207239,82.4505256462323,81.0700547823181,82.4098302900108
"PTI98_011640",7.56504286449215,6.55749129158028,8.32160831992165,20.8842002124071,29.1324094294302,26.0282158995664,31.9043729833711,8.28821648323113,17.6429745547454,0,8.57404398717793,15.3974065306988,4.50288184078543,11.9967696046105,7.93692844022694,12.2088637466683
"PTI98_011656",11.3475642967382,17.7052264872668,10.8180908158981,15.6631501593053,25.6365202978986,7.59156297070686,14.4720867141065,9.43141875678025,8.82148727737271,11.0589116985859,14.2900733119632,15.3974065306988,11.7074927860421,17.8860928650557,14.1730865004053,18.3132956200024
"PTI98_011657",18.9126071612304,9.83623693737043,7.48944748792949,10.4421001062035,9.32237101741767,15.1831259414137,9.49730690613238,8.00241591484385,17.6429745547454,0,11.4320586495706,18.9506541916293,10.806916417885,10.0336618511288,6.23615806017831,9.1566478100012
"PTI98_011666",7.56504286449215,5.90174216242226,3.32864332796866,5.22105005310177,11.6529637717721,20.6056709204901,19.5290942875016,3.42960682064736,19.8483463740886,0,14.2900733119632,0,0.900576368157085,2.3993539209221,6.80308152019452,3.05221593666707
"PTI98_011667",37.8252143224607,36.0662021036916,50.7618107515221,26.1052502655088,67.5871898762781,82.4226836819602,66.7689455219003,27.2463208529207,121.295450063875,33.1767350957578,62.8763225726381,43.8233878181427,56.7363111938964,24.8660315441018,55.5584990815886,36.6265912400048
"PTI98_011690",60.5203429159372,19.6724738747409,41.6080415996083,67.873650690323,45.4465587099112,49.8874138075022,44.7319043890564,61.2565884910071,28.6698336514613,22.1178233971719,88.5984545341719,62.774042009772,42.327089303383,46.8964629998411,67.463891741929,91.566478100012
"PTI98_011702",3.78252143224607,31.4759581995854,23.3005032957806,15.6631501593053,61.7607079903921,109.535408577342,451.348204396196,21.7208431974333,86.0095009543839,33.1767350957578,48.5862492606749,27.2415654004671,41.4265129352259,11.7786465208903,20.9761680205998,18.3132956200024
"PTI98_011703",18.9126071612304,6.55749129158028,2.4964824959765,0,0,0,13.814264590738,0.28580056838728,0,11.0589116985859,8.57404398717793,2.36883177395366,0.900576368157085,3.48996933952306,74.2669732621236,0
"PTI98_011716",15.1300857289843,9.83623693737043,18.3075383038276,0,9.32237101741767,6.5070539748916,9.08616807902708,21.2445089167878,11.0268590967159,11.0589116985859,5.71602932478529,8.29091120883781,10.806916417885,15.0504927766932,9.07077536025936,3.05221593666707
"PTI98_011732",7.56504286449215,7.21324042073831,2.4964824959765,0,55.934226104506,8.67607196652213,33.4255866436607,7.2402810658111,15.4376027354022,0,8.57404398717793,7.10649532186098,4.50288184078543,18.5404621162163,12.4723161203566,3.05221593666707
"PTI98_011739",15.1300857289843,45.902439041062,39.1115591036318,20.8842002124071,13.9835565261265,37.9578148535343,51.7212644498464,11.0509553109748,41.9020645675204,0,28.5801466239264,24.8727336265134,13.5086455223563,9.81553876740861,9.07077536025936,21.3655115566695
"PTI98_011741",11.3475642967382,3.93449477494817,0.832160831992165,10.4421001062035,0,2.16901799163053,1.02784706776324,12.7657587212985,2.20537181934318,0,4.28702199358896,4.73766354790732,4.50288184078543,4.14433859068363,8.50385190024315,12.2088637466683
"PTI98_011755",34.0426928902147,0.655749129158029,2.4964824959765,57.4315505841194,0,4.33803598326106,2.01458025281596,33.0575990767954,0,11.0589116985859,25.7221319615338,54.4831308009342,4.50288184078543,13.9598773580922,23.8107853206808,85.4620462266779
"PTI98_011777",0,17.0494773581087,8.32160831992165,5.22105005310177,13.9835565261265,9.7605809623374,11.5941149243694,12.7657587212985,15.4376027354022,0,7.14503665598161,8.29091120883781,17.1109509949846,11.1242772697298,8.50385190024315,0
"PTI98_011781",15.1300857289843,3.93449477494817,11.6502516478903,0,2.33059275435442,2.16901799163053,2.3434913145002,35.3440036238937,2.20537181934318,0,4.28702199358896,1.18441588697683,10.806916417885,1.52686158604134,4.53538768012968,30.5221593666707
"PTI98_011799",3.78252143224607,1.31149825831606,4.16080415996083,0,11.6529637717721,24.9437069037511,11.5941149243694,6.19234564839107,4.41074363868635,11.0589116985859,10.0030513183743,13.0285747567451,4.50288184078543,13.3055081069317,5.6692346001621,0
"PTI98_011808",26.4776500257225,6.55749129158028,10.8180908158981,10.4421001062035,19.8100384120126,16.267634937229,16.1988697879487,16.1953655419459,19.8483463740886,22.1178233971719,27.1511392927301,20.1350700786061,34.2219019899692,31.6278471394277,3.40154076009726,12.2088637466683
"PTI98_011819",22.6951285934764,20.3282230038989,18.3075383038276,20.8842002124071,19.8100384120126,34.7042878660885,39.7160106983718,14.0994947071058,57.3396673029226,0,20.0061026367485,20.1350700786061,21.61383283577,16.7954774464547,14.7400099604215,21.3655115566695
"PTI98_011884",3.78252143224607,8.52473867905437,3.32864332796866,0,9.32237101741767,6.5070539748916,10.5251539738956,15.7190312613004,2.20537181934318,11.0589116985859,5.71602932478529,7.10649532186098,9.90634004972794,17.2317236138951,14.7400099604215,0
"PTI98_011911",34.0426928902147,20.3282230038989,19.1396991358198,36.5473503717124,22.140631166367,31.4507608786427,25.7372905767916,32.2954642277627,30.8752054708045,0,38.5831979423007,28.4259812874439,15.3097982586705,31.6278471394277,33.4484841409564,21.3655115566695
"PTI98_011915",7.56504286449215,78.6898954989634,45.7688457595691,26.1052502655088,43.1159659555567,50.9719228033175,46.2120041666355,15.0521632683968,52.9289236642363,0,28.5801466239264,22.5039018525598,35.1224783581263,20.7216929534182,14.7400099604215,21.3655115566695
"PTI98_011921",18.9126071612304,11.1477351956865,7.48944748792949,5.22105005310177,5.82648188588605,5.42254497907633,8.4283459556586,16.0048318296877,2.20537181934318,0,11.4320586495706,13.0285747567451,9.00576368157085,8.50680026508746,11.9053926603404,9.1566478100012
"PTI98_011926",0,3.27874564579014,5.82512582394516,5.22105005310177,4.66118550870884,22.7746889121206,10.3606984430535,3.71540738903464,0,11.0589116985859,10.0030513183743,10.6597429827915,5.40345820894251,8.50680026508746,3.40154076009726,6.10443187333413
"PTI98_011938",11.3475642967382,27.5414634246372,19.1396991358198,10.4421001062035,59.4301152360377,37.9578148535343,20.8447385342386,11.1462221671039,15.4376027354022,11.0589116985859,15.7190806431595,10.6597429827915,31.520172885498,29.664739385946,27.2123260807781,0
"PTI98_011953",49.172778619199,28.8529616829533,35.7829157756631,73.0947007434247,11.6529637717721,17.3521439330443,15.9521864916855,56.4932456845524,17.6429745547454,33.1767350957578,27.1511392927301,39.0857242702354,36.0230547262834,37.5171703998729,41.3854125811834,51.8876709233401
"PTI98_011955",34.0426928902147,9.1804878082124,6.65728665593732,0,8.15707464024046,2.16901799163053,8.0172071285533,29.7232591122772,6.61611545802953,0,2.85801466239264,10.6597429827915,17.1109509949846,17.2317236138951,7.37000498021073,27.4699434300036
"PTI98_011976",26.4776500257225,17.0494773581087,5.82512582394516,10.4421001062035,10.4876673945949,18.4366529288595,20.7625107688175,16.0048318296877,15.4376027354022,0,24.2931246303375,9.47532709581464,16.2103746268275,10.9061541860096,14.1730865004053,12.2088637466683
"PTI98_011978",18.9126071612304,24.9184669080051,79.0552790392557,26.1052502655088,43.1159659555567,23.8591979079359,36.632469495082,30.3901271051808,15.4376027354022,55.2945584929297,12.8610659807669,43.8233878181427,28.8184437810267,21.8123083720191,31.7477137609078,51.8876709233401
"PTI98_011980",26.4776500257225,33.4432055870595,22.4683424637885,26.1052502655088,3.49588913153163,4.33803598326106,2.75463014160549,18.6723038013023,4.41074363868635,22.1178233971719,8.57404398717793,10.6597429827915,11.7074927860421,13.9598773580922,12.4723161203566,3.05221593666707
"PTI98_011981",64.3028643481832,76.0668989823313,79.8874398712479,52.2105005310177,85.0666355339363,61.8170127614702,48.1032427713198,54.9689759864869,46.3128082062067,55.2945584929297,55.7312859166565,61.5896261227951,131.484149750934,81.3599102276314,78.8023609422532,39.6788071766719
"PTI98_011983",3.78252143224607,7.21324042073831,4.99296499195299,10.4421001062035,11.6529637717721,6.5070539748916,11.0596344491325,17.5291015277532,11.0268590967159,11.0589116985859,7.14503665598161,11.8441588697683,10.806916417885,20.503569869698,6.23615806017831,24.4177274933365
"PTI98_012008",26.4776500257225,53.1156794618003,85.712565695193,109.642051115137,58.2648188588605,54.2254497907633,34.6178892422661,85.2638362355386,44.1074363868635,44.2356467943438,34.2961759487117,54.4831308009342,21.61383283577,93.5748029159621,65.1961979018642,45.783239050006
"PTI98_012013",105.91060010289,70.8209059490671,52.4261324155064,167.073601699257,67.5871898762781,35.7887968619038,26.230657169318,103.174005187808,26.4644618321181,66.3534701915156,97.1724985213499,114.888341036752,60.3386166665247,53.8764016788873,95.8100647427395,128.193069340017
"PTI98_012036",3.78252143224607,4.5902439041062,4.99296499195299,0,15.1488529033037,26.0282158995664,15.828844843554,3.90594110129283,6.61611545802953,0,5.71602932478529,10.6597429827915,3.60230547262834,6.54369251160574,7.37000498021073,6.10443187333413
"PTI98_012043",3.78252143224607,70.8209059490671,37.4472374396474,10.4421001062035,53.6036333501516,33.6197788702732,21.420332892186,14.5758289877513,17.6429745547454,0,21.4351099679448,15.3974065306988,27.0172910447126,27.7016316324643,7.93692844022694,0
"PTI98_012052",11.3475642967382,33.4432055870595,133.977893950739,15.6631501593053,1210.74293588712,324.268189748765,546.485728988362,13.5278935703313,538.110723919735,33.1767350957578,61.4473152414418,22.5039018525598,3.60230547262834,11.3424003534499,53.2908052415238,12.2088637466683
"PTI98_012059",11.3475642967382,7.86898954989634,9.98592998390598,10.4421001062035,6.99177826306325,10.8450899581527,8.14054877668489,13.0515592896858,8.82148727737271,0,5.71602932478529,14.212990643722,5.40345820894251,21.1579391208586,10.771545740308,3.05221593666707
"PTI98_012078",15.1300857289843,0,6.65728665593732,15.6631501593053,0,0,0.205569413552649,1.61953655419459,2.20537181934318,0,12.8610659807669,10.6597429827915,2.70172910447126,3.48996933952306,49.3223410214103,18.3132956200024
"PTI98_012125",18.9126071612304,2.62299651663211,4.16080415996083,0,11.6529637717721,6.5070539748916,9.74399020239555,11.6225564477494,2.20537181934318,0,12.8610659807669,7.10649532186098,10.806916417885,8.72492334880765,10.771545740308,3.05221593666707
"PTI98_012152",64.3028643481832,110.821602827707,222.186942141908,67.873650690323,37.2894840696707,30.3662518828274,8.96282643089549,64.209861031009,24.2590900127749,22.1178233971719,44.299227267086,104.228598053961,32.4207492536551,65.6550481997776,87.3062128424964,91.566478100012
"PTI98_012177",3.78252143224607,5.24599303326423,8.32160831992165,26.1052502655088,12.8182601489493,9.7605809623374,10.5251539738956,14.0994947071058,19.8483463740886,0,8.57404398717793,20.1350700786061,9.90634004972794,10.6880311022894,12.4723161203566,15.2610796833353
"PTI98_012180",11.3475642967382,29.5087108121113,17.4753774718355,20.8842002124071,10.4876673945949,30.3662518828274,7.3182711224743,13.5278935703313,15.4376027354022,22.1178233971719,28.5801466239264,22.5039018525598,9.00576368157085,24.4297853766614,23.8107853206808,9.1566478100012
"PTI98_012181",11.3475642967382,64.9191637866448,48.2653282555456,5.22105005310177,8.15707464024046,21.6901799163053,23.8460519721073,6.09707879226198,8.82148727737271,11.0589116985859,14.2900733119632,9.47532709581464,39.6253601989118,34.24532414407,2.83461730008105,9.1566478100012
"PTI98_012213",22.6951285934764,5.90174216242226,3.32864332796866,15.6631501593053,8.15707464024046,14.0986169455985,5.26257698694781,14.0042278509767,13.2322309160591,11.0589116985859,28.5801466239264,16.5818224176756,9.90634004972794,11.5605234371701,20.9761680205998,27.4699434300036
"PTI98_012238",3.78252143224607,20.9839721330569,11.6502516478903,15.6631501593053,9.32237101741767,15.1831259414137,18.8301582814226,6.47814621677835,6.61611545802953,22.1178233971719,5.71602932478529,8.29091120883781,4.50288184078543,17.2317236138951,20.9761680205998,9.1566478100012
"PTI98_012265",0,3.27874564579014,7.48944748792949,10.4421001062035,4.66118550870884,5.42254497907633,24.0927352683704,16.8622335348495,4.41074363868635,0,11.4320586495706,5.92207943488415,17.1109509949846,1.52686158604134,14.7400099604215,3.05221593666707
"PTI98_012295",83.2154715094136,7.21324042073831,4.99296499195299,31.3263003186106,13.9835565261265,11.9295989539679,16.527780849633,26.1983854355007,17.6429745547454,33.1767350957578,25.7221319615338,30.7948130613976,22.5144092039271,17.4498466976153,34.0154076009726,42.7310231133389
"PTI98_012381",3.78252143224607,6.55749129158028,0,15.6631501593053,3.49588913153163,5.42254497907633,5.22146310423728,4.09647481355102,6.61611545802953,0,10.0030513183743,33.1636448353512,2.70172910447126,11.9967696046105,9.07077536025936,15.2610796833353
"PTI98_012407",7.56504286449215,13.1149825831606,3.32864332796866,20.8842002124071,6.99177826306325,13.0141079497832,18.2956778061857,8.38348333936022,11.0268590967159,11.0589116985859,7.14503665598161,7.10649532186098,9.00576368157085,9.81553876740861,7.37000498021073,12.2088637466683
"PTI98_012411",30.2601714579686,8.52473867905437,11.6502516478903,36.5473503717124,50.10774421862,96.5213006275587,90.4505419631655,115.272895916203,48.5181800255499,55.2945584929297,50.0152565918713,94.7532709581464,6.3040345770996,188.458344334245,56.1254225416048,39.6788071766719
"PTI98_012427",11.3475642967382,11.8034843248445,0.832160831992165,10.4421001062035,2.33059275435442,2.16901799163053,0.904505419631655,18.5770369451732,0,22.1178233971719,50.0152565918713,79.3558644274476,14.4092218905134,106.662187939174,61.2277336817507,3.05221593666707
"PTI98_012469",15.1300857289843,22.295470391373,14.1467341438668,10.4421001062035,15.1488529033037,8.67607196652213,5.75594357947417,10.5746210303294,17.6429745547454,0,11.4320586495706,9.47532709581464,23.4149855720842,10.6880311022894,10.2046222802918,0
"PTI98_012472",7.56504286449215,15.0822299706347,74.8944748792949,15.6631501593053,2.33059275435442,3.2535269874458,1.02784706776324,6.95448049742382,0,0,10.0030513183743,7.10649532186098,10.806916417885,8.28867718136727,11.3384692003242,15.2610796833353
"PTI98_012475",3.78252143224607,28.1972125537952,23.3005032957806,5.22105005310177,22.140631166367,18.4366529288595,9.49730690613238,15.0521632683968,19.8483463740886,0,1.42900733119632,4.73766354790732,26.1167146765555,15.2686158604134,19.2753976405512,9.1566478100012
"PTI98_012502",105.91060010289,15.7379790997927,34.1185941116788,46.9894504779159,71.0830790078098,88.9297376568518,107.636144936167,57.6364479581015,103.652475509129,55.2945584929297,67.1633445662271,94.7532709581464,29.7190201491838,69.3631406230208,100.345452422869,64.0965346700084
"PTI98_012511",15.1300857289843,9.1804878082124,10.8180908158981,5.22105005310177,4.66118550870884,6.5070539748916,4.48141321544774,11.241489023233,6.61611545802953,22.1178233971719,8.57404398717793,3.55324766093049,11.7074927860421,10.0336618511288,6.80308152019452,6.10443187333413
"PTI98_012515",11.3475642967382,15.0822299706347,10.8180908158981,5.22105005310177,10.4876673945949,9.7605809623374,5.30369086965834,5.62074451161651,11.0268590967159,0,2.85801466239264,13.0285747567451,8.10518731341377,7.4161848464865,6.80308152019452,0
"PTI98_012519",15.1300857289843,16.3937282289507,34.1185941116788,5.22105005310177,32.6282985609619,14.0986169455985,33.6311560572133,21.435042629046,24.2590900127749,0,5.71602932478529,16.5818224176756,6.3040345770996,32.5003394743085,24.9446322407133,6.10443187333413
"PTI98_012529",3.78252143224607,17.7052264872668,6.65728665593732,0,9.32237101741767,8.67607196652213,9.2506236098692,7.90714905871476,11.0268590967159,11.0589116985859,7.14503665598161,2.36883177395366,14.4092218905134,11.5605234371701,7.93692844022694,6.10443187333413
"PTI98_012545",41.6077357547068,25.5742160371631,59.0834190714437,41.7684004248141,116.529637717721,34.7042878660885,97.6865853202187,51.4441023097105,55.1342954835794,22.1178233971719,40.012205273497,49.7454672530268,36.0230547262834,44.2789859951988,123.022390823518,18.3132956200024
"PTI98_012550",15.1300857289843,49.8369338160102,21.6361816317963,10.4421001062035,13.9835565261265,28.1972338911969,19.4468665220806,15.8142981174295,26.4644618321181,0,15.7190806431595,37.9013083832585,27.9178674128696,25.9566469627028,14.1730865004053,21.3655115566695
"PTI98_012555",7.56504286449215,218.364460009623,163.103523070464,10.4421001062035,50.10774421862,43.3803598326106,14.7598838930802,6.19234564839107,11.0268590967159,0,5.71602932478529,4.73766354790732,8.10518731341377,8.50680026508746,8.50385190024315,12.2088637466683
"PTI98_012567",0,26.8857142954792,23.3005032957806,31.3263003186106,6.99177826306325,3.2535269874458,1.02784706776324,8.19294962710204,6.61611545802953,0,18.5770953055522,11.8441588697683,7.20461094525668,6.54369251160574,2.26769384006484,12.2088637466683
"PTI98_012609",11.3475642967382,28.1972125537952,1.66432166398433,0,2.33059275435442,0,0.328911061684238,2.76273882774371,2.20537181934318,0,5.71602932478529,13.0285747567451,3.60230547262834,14.1780004418124,31.7477137609078,9.1566478100012
"PTI98_012617",22.6951285934764,5.24599303326423,7.48944748792949,0,4.66118550870884,1.08450899581527,1.56232754300013,56.112178260036,2.20537181934318,0,2.85801466239264,34.3480607223281,13.5086455223563,1.96310775348172,1.70077038004863,15.2610796833353
"PTI98_012623",7.56504286449215,1.96724738747409,3.32864332796866,5.22105005310177,17.4794456576581,7.59156297070686,14.1842895351328,6.66867992903654,15.4376027354022,0,0,9.47532709581464,8.10518731341377,8.72492334880765,14.7400099604215,24.4177274933365
"PTI98_012624",34.0426928902147,110.165853698549,92.3698523511303,0,40.7853732012023,54.2254497907633,27.9163263604497,25.3409837303389,48.5181800255499,33.1767350957578,15.7190806431595,27.2415654004671,45.9293947760114,30.9734778882672,26.0784791607457,12.2088637466683
"PTI98_012625",15.1300857289843,38.0334494911656,74.8944748792949,41.7684004248141,67.5871898762781,29.2817428870122,39.428213519398,46.4902257909976,30.8752054708045,55.2945584929297,40.012205273497,48.56105136605,63.9409221391531,41.007139739396,35.149254521005,24.4177274933365
"PTI98_012636",0,25.5742160371631,14.1467341438668,0,18.6447420348353,2.16901799163053,9.29173749257973,6.76394678516563,11.0268590967159,11.0589116985859,4.28702199358896,0,6.3040345770996,3.92621550696344,2.26769384006484,3.05221593666707
"PTI98_012650",0,5.24599303326423,5.82512582394516,5.22105005310177,4.66118550870884,6.5070539748916,3.24799673413185,16.3858992542041,6.61611545802953,11.0589116985859,8.57404398717793,15.3974065306988,11.7074927860421,14.1780004418124,6.80308152019452,3.05221593666707
"PTI98_012653",37.8252143224607,264.922648179844,95.698495679099,46.9894504779159,86.2319319111135,70.4930847279923,60.6429769980314,43.822753819383,108.063219147816,66.3534701915156,74.3083812222087,84.0935279753549,86.4553313430802,53.2220324277267,74.8338967221398,82.4098302900108
"PTI98_012654",0,5.24599303326423,3.32864332796866,5.22105005310177,26.8018166750758,17.3521439330443,37.0847222048979,14.7663627000095,30.8752054708045,22.1178233971719,1.42900733119632,7.10649532186098,7.20461094525668,7.19806176276631,7.93692844022694,3.05221593666707
"PTI98_012665",3.78252143224607,2.62299651663211,4.16080415996083,10.4421001062035,5.82648188588605,10.8450899581527,9.62064855426397,13.4326267142022,6.61611545802953,0,2.85801466239264,4.73766354790732,5.40345820894251,8.50680026508746,7.37000498021073,12.2088637466683
"PTI98_012670",22.6951285934764,30.8202090704273,37.4472374396474,10.4421001062035,27.967113052253,30.3662518828274,35.0290280693714,18.4817700890441,41.9020645675204,11.0589116985859,37.1541906111044,14.212990643722,25.2161383083984,10.9061541860096,13.606163040389,18.3132956200024
"PTI98_012674",514.422914785466,227.544947817836,19.971859967812,276.715652814394,270.348759505113,535.747443932741,680.475872741978,452.422299757065,262.439246501838,508.709938134953,2153.51404811286,908.446985311228,108.969740547007,1856.66368862627,2394.11777164846,500.563413613399
"PTI98_012678",22.6951285934764,3.93449477494817,2.4964824959765,0,13.9835565261265,1.08450899581527,15.212136602896,9.71721932516753,8.82148727737271,11.0589116985859,8.57404398717793,8.29091120883781,5.40345820894251,5.88932326044517,15.8738568804539,0
"PTI98_012684",18.9126071612304,7.86898954989634,7.48944748792949,15.6631501593053,10.4876673945949,13.0141079497832,14.4309728313959,14.4805621316222,15.4376027354022,0,5.71602932478529,7.10649532186098,14.4092218905134,17.6679697813355,22.6769384006484,3.05221593666707
"PTI98_012702",11.3475642967382,7.21324042073831,9.98592998390598,10.4421001062035,3.49588913153163,4.33803598326106,6.57822123368476,7.62134849032748,4.41074363868635,0,4.28702199358896,4.73766354790732,6.3040345770996,6.76181559532593,10.771545740308,6.10443187333413
"PTI98_012703",7.56504286449215,5.90174216242226,4.16080415996083,0,0,2.16901799163053,0.534480475236887,9.43141875678025,0,11.0589116985859,12.8610659807669,18.9506541916293,6.3040345770996,17.0136005301749,20.9761680205998,12.2088637466683
"PTI98_012705",11.3475642967382,1.31149825831606,6.65728665593732,15.6631501593053,10.4876673945949,15.1831259414137,23.6815964412651,7.2402810658111,13.2322309160591,0,10.0030513183743,5.92207943488415,8.10518731341377,8.72492334880765,5.10231114014589,0
"PTI98_012708",11.3475642967382,5.24599303326423,1.66432166398433,5.22105005310177,1.16529637717721,0,4.68698262900039,15.1474301245259,4.41074363868635,0,5.71602932478529,3.55324766093049,20.713256467613,10.0336618511288,15.8738568804539,3.05221593666707
"PTI98_012711",3.78252143224607,19.6724738747409,8.32160831992165,10.4421001062035,13.9835565261265,11.9295989539679,8.05832101126383,6.19234564839107,6.61611545802953,11.0589116985859,4.28702199358896,9.47532709581464,11.7074927860421,8.07055409764708,6.80308152019452,6.10443187333413
"PTI98_012715",75.6504286449215,215.741463492991,82.3839223672244,62.6526006372212,6.99177826306325,16.267634937229,21.7081300711597,68.2110689884309,30.8752054708045,22.1178233971719,35.725183279908,29.6103971744207,29.7190201491838,31.4097240557075,11.9053926603404,36.6265912400048
"PTI98_012725",26.4776500257225,49.8369338160102,37.4472374396474,15.6631501593053,27.967113052253,57.4789767782091,43.9096267348458,22.1019106219497,66.1611545802953,33.1767350957578,40.012205273497,34.3480607223281,30.6195965173409,23.5572930417807,26.6454026207619,9.1566478100012
"PTI98_012730",26.4776500257225,48.5254355576941,42.4402024316004,20.8842002124071,39.6200768240251,78.0846476986992,30.9587536810289,26.1983854355007,44.1074363868635,22.1178233971719,31.4381612863191,30.7948130613976,29.7190201491838,30.9734778882672,26.0784791607457,27.4699434300036
"PTI98_012733",11.3475642967382,2.62299651663211,9.15376915191382,0,6.99177826306325,13.0141079497832,7.07158782621112,34.67713563099,11.0268590967159,0,12.8610659807669,28.4259812874439,13.5086455223563,13.0873850232115,27.7792495407943,27.4699434300036
"PTI98_012734",7.56504286449215,4.5902439041062,3.32864332796866,15.6631501593053,3.49588913153163,1.08450899581527,2.3434913145002,31.7238630909881,0,0,5.71602932478529,23.6883177395366,9.00576368157085,10.6880311022894,14.7400099604215,15.2610796833353
"PTI98_012735",3.78252143224607,9.83623693737043,4.99296499195299,10.4421001062035,0,6.5070539748916,7.68829606686907,34.3913350626027,15.4376027354022,11.0589116985859,8.57404398717793,23.6883177395366,9.90634004972794,14.3961235255326,15.8738568804539,21.3655115566695
"PTI98_012737",7.56504286449215,1.96724738747409,2.4964824959765,5.22105005310177,0,1.08450899581527,1.43898589486854,37.1540738903464,0,0,5.71602932478529,43.8233878181427,2.70172910447126,12.6511388557711,12.4723161203566,0
"PTI98_012742",7.56504286449215,12.4592334540025,23.3005032957806,5.22105005310177,15.1488529033037,13.0141079497832,12.5808481094221,22.0066437658206,11.0268590967159,0,21.4351099679448,7.10649532186098,21.61383283577,17.8860928650557,15.3069334204377,27.4699434300036
"PTI98_012743",7.56504286449215,17.7052264872668,15.8110558078511,10.4421001062035,9.32237101741767,6.5070539748916,13.6086951771854,5.33494394322923,13.2322309160591,0,11.4320586495706,7.10649532186098,13.5086455223563,5.67120017672497,5.10231114014589,12.2088637466683
"PTI98_012747",11.3475642967382,20.3282230038989,17.4753774718355,5.22105005310177,22.140631166367,26.0282158995664,14.1020617697117,13.242093001944,11.0268590967159,66.3534701915156,17.1480879743559,16.5818224176756,19.8126800994559,14.832369692973,13.0392395803728,21.3655115566695
"PTI98_012755",18.9126071612304,24.2627177788471,42.4402024316004,36.5473503717124,43.1159659555567,100.85933661082,49.7889119624515,26.7699865722753,66.1611545802953,0,28.5801466239264,45.0078037051195,25.2161383083984,30.3191086371066,25.5115557007295,36.6265912400048
"PTI98_012756",7.56504286449215,11.1477351956865,9.15376915191382,5.22105005310177,19.8100384120126,11.9295989539679,18.9946138122648,10.4793541742003,11.0268590967159,11.0589116985859,17.1480879743559,20.1350700786061,15.3097982586705,14.3961235255326,9.63769882027558,12.2088637466683
"PTI98_012757",7.56504286449215,12.4592334540025,10.8180908158981,5.22105005310177,17.4794456576581,9.7605809623374,11.3063177453957,10.0030198935548,6.61611545802953,0,7.14503665598161,16.5818224176756,4.50288184078543,9.37929259996823,9.07077536025936,18.3132956200024
"PTI98_012764",11.3475642967382,1.31149825831606,0.832160831992165,5.22105005310177,2.33059275435442,6.5070539748916,4.23472991918457,7.90714905871476,2.20537181934318,0,12.8610659807669,13.0285747567451,9.00576368157085,16.5773543627345,10.2046222802918,21.3655115566695
"PTI98_012772",177.778507315565,102.296864148652,184.739704702261,130.526251327544,87.3972282882907,59.6479947698396,45.3074987470038,60.4944536419743,70.5718982189817,99.5302052872734,94.3144838589572,103.044182166984,125.180115173835,59.329478771892,122.455467363501,103.77534184668
"PTI98_012782",11.3475642967382,30.8202090704273,16.6432166398433,10.4421001062035,12.8182601489493,47.7183958158717,28.0807818912918,9.05035133226388,28.6698336514613,11.0589116985859,48.5862492606749,11.8441588697683,40.5259365670688,14.3961235255326,8.50385190024315,12.2088637466683
"PTI98_012796",11.3475642967382,15.0822299706347,22.4683424637885,20.8842002124071,23.3059275435442,41.2113418409801,28.5741484838182,26.0078517232425,15.4376027354022,0,18.5770953055522,21.3194859655829,25.2161383083984,27.2653854650239,28.9130964608267,24.4177274933365
"PTI98_012801",0,20.9839721330569,11.6502516478903,0,11.6529637717721,13.0141079497832,15.6232754300013,5.23967708710014,17.6429745547454,0,7.14503665598161,4.73766354790732,7.20461094525668,4.79870784184421,3.40154076009726,6.10443187333413
"PTI98_012802",7.56504286449215,6.55749129158028,8.32160831992165,10.4421001062035,15.1488529033037,3.2535269874458,14.2665173005538,12.7657587212985,4.41074363868635,11.0589116985859,5.71602932478529,10.6597429827915,8.10518731341377,11.5605234371701,27.2123260807781,6.10443187333413
"PTI98_012824",0,11.8034843248445,105.684425663005,0,15.1488529033037,14.0986169455985,8.4283459556586,4.2870085258092,2.20537181934318,0,2.85801466239264,2.36883177395366,0,5.88932326044517,23.2438618606646,9.1566478100012
"PTI98_012825",0,16.3937282289507,14.978894975859,0,22.140631166367,11.9295989539679,12.0052537514747,9.62195246903844,8.82148727737271,0,8.57404398717793,15.3974065306988,11.7074927860421,16.3592312790143,12.4723161203566,3.05221593666707
"PTI98_012829",0,0,0,0,15.1488529033037,14.0986169455985,9.41507914071132,1.5242696980655,17.6429745547454,0,0,0,0,2.6174770046423,3.40154076009726,12.2088637466683
"PTI98_012844",7.56504286449215,22.295470391373,21.6361816317963,10.4421001062035,15.1488529033037,16.267634937229,12.7864175229748,16.6716998225914,15.4376027354022,0,10.0030513183743,13.0285747567451,18.0115273631417,19.1948313673768,9.07077536025936,12.2088637466683
"PTI98_012846",22.6951285934764,2.62299651663211,3.32864332796866,0,39.6200768240251,8.67607196652213,15.5410476645803,16.3858992542041,11.0268590967159,11.0589116985859,27.1511392927301,27.2415654004671,8.10518731341377,25.7385238789826,18.7084741805349,3.05221593666707
"PTI98_012854",7.56504286449215,11.1477351956865,3.32864332796866,5.22105005310177,3.49588913153163,2.16901799163053,3.4535661476845,9.62195246903844,6.61611545802953,11.0589116985859,8.57404398717793,16.5818224176756,9.00576368157085,13.0873850232115,17.5746272605025,6.10443187333413
"PTI98_012857",7.56504286449215,11.1477351956865,28.2934682877336,0,8.15707464024046,4.33803598326106,6.74267676452688,18.8628375135605,4.41074363868635,0,15.7190806431595,20.1350700786061,14.4092218905134,17.8860928650557,15.8738568804539,3.05221593666707
"PTI98_012868",0,20.9839721330569,12.4824124798825,10.4421001062035,5.82648188588605,6.5070539748916,5.50926028321099,8.7645507638766,2.20537181934318,0,4.28702199358896,11.8441588697683,6.3040345770996,8.07055409764708,6.23615806017831,6.10443187333413
"PTI98_012869",3.78252143224607,16.3937282289507,14.978894975859,0,5.82648188588605,13.0141079497832,17.7200834482383,5.52547765548742,8.82148727737271,0,20.0061026367485,18.9506541916293,10.806916417885,5.45307709300478,7.37000498021073,0
"PTI98_012902",7.56504286449215,5.90174216242226,1.66432166398433,5.22105005310177,8.15707464024046,4.33803598326106,13.1975563500801,11.8130901600076,6.61611545802953,0,11.4320586495706,11.8441588697683,9.90634004972794,11.1242772697298,9.07077536025936,6.10443187333413
"PTI98_012965",3.78252143224607,9.83623693737043,9.98592998390598,5.22105005310177,12.8182601489493,7.59156297070686,21.9548133674229,16.0048318296877,17.6429745547454,22.1178233971719,8.57404398717793,9.47532709581464,13.5086455223563,8.72492334880765,8.50385190024315,3.05221593666707
"PTI98_012967",22.6951285934764,9.83623693737043,9.98592998390598,41.7684004248141,26.8018166750758,11.9295989539679,34.1656365324502,28.7705905509862,15.4376027354022,0,18.5770953055522,18.9506541916293,20.713256467613,22.4666776231797,19.2753976405512,39.6788071766719
"PTI98_012975",49.172778619199,68.197909432435,104.852264831013,36.5473503717124,255.199906601809,48.802904811687,135.470243531196,36.3919390413137,55.1342954835794,11.0589116985859,74.3083812222087,22.5039018525598,38.7247838307547,6.76181559532593,30.0469433808591,305.221593666707
"PTI98_012978",3.78252143224607,13.1149825831606,9.98592998390598,0,9.32237101741767,3.2535269874458,10.7307233874483,7.3355479219402,8.82148727737271,11.0589116985859,10.0030513183743,7.10649532186098,5.40345820894251,9.16116951624804,6.80308152019452,6.10443187333413
"PTI98_012979",3.78252143224607,13.1149825831606,3.32864332796866,10.4421001062035,3.49588913153163,6.5070539748916,19.2412971085279,19.5297055064642,11.0268590967159,0,7.14503665598161,4.73766354790732,5.40345820894251,21.1579391208586,8.50385190024315,6.10443187333413
"PTI98_013003",0,2.62299651663211,11.6502516478903,10.4421001062035,10.4876673945949,1.08450899581527,6.0848546411584,9.62195246903844,2.20537181934318,0,10.0030513183743,4.73766354790732,0.900576368157085,3.27184625580287,17.0077038004863,27.4699434300036
"PTI98_013005",158.865900154335,7.21324042073831,7.48944748792949,151.410451539951,2.33059275435442,6.5070539748916,7.56495441873748,96.6958589710298,4.41074363868635,11.0589116985859,65.7343372350308,43.8233878181427,47.7305475123255,26.3928931301432,39.1177187411185,61.0443187333413
"PTI98_013006",94.5630358061518,1.31149825831606,0,78.3157507965265,0,0,0.781163771500066,13.9089609948476,2.20537181934318,11.0589116985859,28.5801466239264,26.0571495134902,6.3040345770996,4.36246167440383,8.50385190024315,36.6265912400048
"PTI98_013053",3.78252143224607,19.6724738747409,39.9437199356239,5.22105005310177,40.7853732012023,46.6338868200564,42.7995519016615,10.6698878864585,39.6966927481772,0,41.4412126046933,28.4259812874439,6.3040345770996,32.7184625580287,31.7477137609078,0
"PTI98_013108",3.78252143224607,13.1149825831606,10.8180908158981,0,9.32237101741767,13.0141079497832,7.68829606686907,6.66867992903654,13.2322309160591,0,4.28702199358896,9.47532709581464,3.60230547262834,6.97993867904612,3.96846422011347,0
"PTI98_013132",30.2601714579686,12.4592334540025,17.4753774718355,20.8842002124071,16.3141492804809,59.6479947698396,29.1908567244761,16.7669666787204,55.1342954835794,11.0589116985859,22.8641172991411,21.3194859655829,18.9121037312988,12.6511388557711,13.606163040389,12.2088637466683
"PTI98_013137",15.1300857289843,6.55749129158028,7.48944748792949,20.8842002124071,3.49588913153163,13.0141079497832,9.45619302342185,4.76334280645467,13.2322309160591,11.0589116985859,12.8610659807669,13.0285747567451,2.70172910447126,8.94304643252784,6.80308152019452,9.1566478100012
"PTI98_013161",83.2154715094136,129.182578444132,168.92864889441,57.4315505841194,45.4465587099112,73.7466117154381,59.8206993438208,65.8293975852036,90.4202445930703,66.3534701915156,57.1602932478529,80.5402803144244,55.8357348257393,84.413633399714,68.0308152019452,54.9398868600072
"PTI98_013170",15.1300857289843,11.1477351956865,17.4753774718355,20.8842002124071,19.8100384120126,21.6901799163053,26.3539988174496,27.0557871406625,19.8483463740886,11.0589116985859,21.4351099679448,26.0571495134902,12.6080691541992,29.2284932185056,24.377708780697,18.3132956200024
"PTI98_013183",7.56504286449215,9.83623693737043,15.8110558078511,31.3263003186106,27.967113052253,13.0141079497832,70.7158782621112,19.7202392187223,26.4644618321181,0,21.4351099679448,17.7662383046524,27.9178674128696,18.1042159487759,20.9761680205998,27.4699434300036
"PTI98_013192",3.78252143224607,4.5902439041062,0,15.6631501593053,0,0,0.657822123368476,4.00120795742192,0,0,14.2900733119632,14.212990643722,3.60230547262834,2.6174770046423,5.6692346001621,12.2088637466683
"PTI98_013196",26.4776500257225,6.55749129158028,5.82512582394516,0,11.6529637717721,6.5070539748916,22.8593187870546,7.3355479219402,19.8483463740886,11.0589116985859,41.4412126046933,9.47532709581464,14.4092218905134,3.27184625580287,13.606163040389,9.1566478100012
"PTI98_013233",15.1300857289843,27.5414634246372,8.32160831992165,15.6631501593053,18.6447420348353,2.16901799163053,9.74399020239555,15.7190312613004,6.61611545802953,0,10.0030513183743,9.47532709581464,15.3097982586705,13.3055081069317,10.771545740308,9.1566478100012
"PTI98_013243",0,5.24599303326423,1.66432166398433,0,4.66118550870884,15.1831259414137,11.9230259860536,15.5284975490422,17.6429745547454,22.1178233971719,5.71602932478529,5.92207943488415,12.6080691541992,18.5404621162163,10.2046222802918,3.05221593666707
"PTI98_013276",3.78252143224607,1.31149825831606,5.82512582394516,0,2.33059275435442,1.08450899581527,8.79837090005337,14.9568964122677,2.20537181934318,0,10.0030513183743,10.6597429827915,6.3040345770996,10.9061541860096,5.6692346001621,15.2610796833353
"PTI98_013283",0,13.1149825831606,59.9155799034359,0,31.4630021837846,4.33803598326106,33.7956115880555,1.23846912967821,11.0268590967159,0,11.4320586495706,0,0.900576368157085,1.30873850232115,16.4407803404701,0
"PTI98_013286",18.9126071612304,3.93449477494817,10.8180908158981,0,1.16529637717721,6.5070539748916,9.33285137529026,44.9659560929321,4.41074363868635,0,7.14503665598161,23.6883177395366,16.2103746268275,82.4505256462323,13.0392395803728,9.1566478100012
"PTI98_013289",0,3.27874564579014,0.832160831992165,0,16.3141492804809,18.4366529288595,67.1800843490056,0.571601136774561,19.8483463740886,0,7.14503665598161,3.55324766093049,1.80115273631417,0.872492334880765,0,0
"PTI98_013438",22.6951285934764,22.295470391373,8.32160831992165,15.6631501593053,8.15707464024046,49.8874138075022,41.1138827105298,36.677739609701,39.6966927481772,22.1178233971719,84.311432540583,20.1350700786061,70.2449567162527,32.5003394743085,28.3461730008105,18.3132956200024
"PTI98_013448",22.6951285934764,9.1804878082124,6.65728665593732,26.1052502655088,3.49588913153163,11.9295989539679,6.98936006079006,26.3889191477589,0,22.1178233971719,0,21.3194859655829,1.80115273631417,33.5909548929095,11.3384692003242,21.3655115566695
"PTI98_013450",22.6951285934764,15.7379790997927,19.1396991358198,0,11.6529637717721,5.42254497907633,18.9946138122648,23.435646607757,11.0268590967159,11.0589116985859,17.1480879743559,11.8441588697683,13.5086455223563,19.412954451097,24.377708780697,18.3132956200024
"PTI98_013462",30.2601714579686,9.1804878082124,5.82512582394516,20.8842002124071,18.6447420348353,6.5070539748916,15.0065671893434,20.387107211626,4.41074363868635,33.1767350957578,2.85801466239264,5.92207943488415,26.1167146765555,4.79870784184421,6.80308152019452,15.2610796833353
"PTI98_013487",37.8252143224607,19.6724738747409,23.3005032957806,5.22105005310177,12.8182601489493,16.267634937229,11.018520566422,44.2990881000284,4.41074363868635,11.0589116985859,21.4351099679448,17.7662383046524,19.8126800994559,35.5540626463912,19.8423211005674,30.5221593666707
"PTI98_013506",22.6951285934764,19.0167247455828,4.16080415996083,26.1052502655088,64.0913007447465,140.986169455985,289.647303695682,11.8130901600076,35.2859491094908,44.2356467943438,40.012205273497,29.6103971744207,57.6368875620535,18.5404621162163,31.1807903008916,15.2610796833353
"PTI98_013553",68.0853857804293,67.5421603032769,25.7969857917571,36.5473503717124,17.4794456576581,32.535269874458,20.9269662996597,39.5357452935738,24.2590900127749,33.1767350957578,35.725183279908,58.0363784618646,90.9582131838656,45.3696014137998,20.4092445605836,73.2531824800096
"PTI98_013556",7.56504286449215,19.6724738747409,14.978894975859,20.8842002124071,8.15707464024046,14.0986169455985,15.6643893127118,11.0509553109748,8.82148727737271,0,14.2900733119632,10.6597429827915,14.4092218905134,24.6479084603816,13.606163040389,3.05221593666707
"PTI98_013573",79.4329500771675,95.7393728570722,141.467341438668,73.0947007434247,74.5789681393414,60.7325037656549,40.5794022352929,61.5423890593944,74.982641857668,66.3534701915156,114.320586495706,43.8233878181427,105.367435074379,50.168309255644,74.8338967221398,82.4098302900108
"PTI98_013574",7.56504286449215,10.4919860665285,4.16080415996083,10.4421001062035,1.16529637717721,7.59156297070686,6.98936006079006,9.71721932516753,0,0,5.71602932478529,11.8441588697683,4.50288184078543,14.832369692973,6.23615806017831,12.2088637466683
"PTI98_013580",3.78252143224607,15.7379790997927,11.6502516478903,0,8.15707464024046,6.5070539748916,9.53842078884291,11.8130901600076,2.20537181934318,11.0589116985859,10.0030513183743,11.8441588697683,31.520172885498,27.0472623813037,11.9053926603404,3.05221593666707
"PTI98_013609",86.9979929416597,812.473171026797,444.373884283816,255.831452601987,607.119412509326,443.564179288444,196.935498183438,105.365142878777,498.414031171558,176.942587177375,251.505290290553,332.820864240489,335.914985322593,251.714038613101,225.068613626435,122.088637466683
"PTI98_013610",49.172778619199,518.697561164,291.256291197258,146.189401486849,354.250098661872,323.183680752949,161.988697879487,49.919832611645,258.028502863152,77.4123818901016,127.181652476473,184.768878368385,116.174351492264,125.20265005539,128.124701963664,67.1487506066755
