"gene","module"
"AAD021_012641","violet"
"AAD021_012652","purple"
"AAD021_012357","turquoise"
"AAD021_012358","saddlebrown"
"AAD021_012359","tan"
"AAD021_012360","turquoise"
"AAD021_012362","pink"
"AAD021_012364","pink"
"AAD021_012368","purple"
"AAD021_012370","darkolivegreen"
"AAD021_012371","midnightblue"
"AAD021_012373","darkmagenta"
"AAD021_012375","turquoise"
"AAD021_012376","darkred"
"AAD021_012378","lightcyan"
"AAD021_012379","greenyellow"
"AAD021_012380","greenyellow"
"AAD021_012381","red"
"AAD021_012382","brown"
"AAD021_012383","lightcyan"
"AAD021_012386","salmon"
"AAD021_012400","brown"
"AAD021_012402","blue"
"AAD021_012405","brown"
"AAD021_012406","magenta"
"AAD021_012414","magenta"
"AAD021_012415","tan"
"AAD021_012417","black"
"AAD021_012418","darkolivegreen"
"AAD021_012419","salmon"
"AAD021_012443","paleturquoise"
"AAD021_012453","magenta"
"AAD021_012455","tan"
"AAD021_012458","turquoise"
"AAD021_012463","tan"
"AAD021_012464","yellow"
"AAD021_012467","turquoise"
"AAD021_012473","lightgreen"
"AAD021_012477","turquoise"
"AAD021_012478","black"
"AAD021_012479","violet"
"AAD021_012480","turquoise"
"AAD021_012481","greenyellow"
"AAD021_012482","lightcyan"
"AAD021_012483","salmon"
"AAD021_012484","brown"
"AAD021_012486","mediumpurple3"
"AAD021_012487","darkgreen"
"AAD021_012492","brown"
"AAD021_012493","blue"
"AAD021_012506","lightyellow"
"AAD021_012507","darkolivegreen"
"AAD021_012509","lightcyan"
"AAD021_012513","brown"
"AAD021_012514","sienna3"
"AAD021_012517","sienna3"
"AAD021_012521","turquoise"
"AAD021_012527","green"
"AAD021_012529","red"
"AAD021_012534","magenta"
"AAD021_012535","turquoise"
"AAD021_012542","brown"
"AAD021_012543","lightgreen"
"AAD021_012545","saddlebrown"
"AAD021_012553","midnightblue"
"AAD021_012555","brown"
"AAD021_012556","lightgreen"
"AAD021_012558","purple"
"AAD021_012559","brown"
"AAD021_012568","paleturquoise"
"AAD021_012574","grey60"
"AAD021_012575","blue"
"AAD021_012576","royalblue"
"AAD021_012577","black"
"AAD021_012579","blue"
"AAD021_012580","darkolivegreen"
"AAD021_012584","blue"
"AAD021_012585","blue"
"AAD021_012588","orangered4"
"AAD021_012589","purple"
"AAD021_012603","blue"
"AAD021_012604","white"
"AAD021_012609","purple"
"AAD021_012615","cyan"
"AAD021_012135","black"
"AAD021_012136","turquoise"
"AAD021_012137","yellowgreen"
"AAD021_012138","white"
"AAD021_012141","green"
"AAD021_012142","blue"
"AAD021_012147","cyan"
"AAD021_012148","blue"
"AAD021_012150","turquoise"
"AAD021_012151","violet"
"AAD021_012152","turquoise"
"AAD021_012154","turquoise"
"AAD021_012155","blue"
"AAD021_012156","blue"
"AAD021_012157","blue"
"AAD021_012172","lightcyan"
"AAD021_012173","turquoise"
"AAD021_012187","greenyellow"
"AAD021_012191","grey"
"AAD021_012194","mediumpurple3"
"AAD021_012201","blue"
"AAD021_012206","steelblue"
"AAD021_012208","lightyellow"
"AAD021_012209","blue"
"AAD021_012211","royalblue"
"AAD021_012212","red"
"AAD021_012213","darkolivegreen"
"AAD021_012215","lightcyan"
"AAD021_012219","blue"
"AAD021_012220","darkturquoise"
"AAD021_012221","darkorange"
"AAD021_012222","white"
"AAD021_012227","turquoise"
"AAD021_012230","darkmagenta"
"AAD021_012233","brown"
"AAD021_012234","yellow"
"AAD021_012236","darkgreen"
"AAD021_012239","midnightblue"
"AAD021_012241","yellow"
"AAD021_012243","grey"
"AAD021_012244","magenta"
"AAD021_012245","purple"
"AAD021_012246","salmon"
"AAD021_012248","lightcyan"
"AAD021_012250","darkgrey"
"AAD021_012252","midnightblue"
"AAD021_012253","lightcyan"
"AAD021_012255","violet"
"AAD021_012256","midnightblue"
"AAD021_012257","yellow"
"AAD021_012258","brown"
"AAD021_012259","green"
"AAD021_012260","pink"
"AAD021_012270","midnightblue"
"AAD021_012271","sienna3"
"AAD021_012272","turquoise"
"AAD021_012274","blue"
"AAD021_012297","paleturquoise"
"AAD021_012306","yellow"
"AAD021_012313","salmon"
"AAD021_012319","blue"
"AAD021_012327","darkgreen"
"AAD021_012333","green"
"AAD021_012349","darkturquoise"
"AAD021_012352","green"
"AAD021_012354","darkorange"
"AAD021_011756","grey"
"AAD021_011760","yellow"
"AAD021_011762","magenta"
"AAD021_011771","brown"
"AAD021_011782","lightgreen"
"AAD021_011785","yellowgreen"
"AAD021_011786","blue"
"AAD021_011788","mediumpurple3"
"AAD021_011793","blue"
"AAD021_011802","purple"
"AAD021_011806","green"
"AAD021_011814","grey"
"AAD021_011815","midnightblue"
"AAD021_011817","orangered4"
"AAD021_011820","blue"
"AAD021_011824","lightsteelblue1"
"AAD021_011830","turquoise"
"AAD021_011834","purple"
"AAD021_011839","darkgreen"
"AAD021_011855","black"
"AAD021_011856","turquoise"
"AAD021_011860","lightcyan"
"AAD021_011863","greenyellow"
"AAD021_011868","lightgreen"
"AAD021_011869","blue"
"AAD021_011870","grey"
"AAD021_011871","sienna3"
"AAD021_011872","turquoise"
"AAD021_011874","tan"
"AAD021_011876","green"
"AAD021_011883","salmon"
"AAD021_011885","saddlebrown"
"AAD021_011886","green"
"AAD021_011888","royalblue"
"AAD021_011891","darkred"
"AAD021_011894","brown"
"AAD021_011904","pink"
"AAD021_011905","brown"
"AAD021_011908","grey"
"AAD021_011909","blue"
"AAD021_011910","turquoise"
"AAD021_011911","cyan"
"AAD021_011912","steelblue"
"AAD021_011913","mediumpurple3"
"AAD021_011950","pink"
"AAD021_011956","turquoise"
"AAD021_011958","turquoise"
"AAD021_011962","green"
"AAD021_011966","salmon"
"AAD021_011967","green"
"AAD021_011968","brown"
"AAD021_011970","turquoise"
"AAD021_011975","lightcyan"
"AAD021_011977","darkgrey"
"AAD021_011984","black"
"AAD021_011985","lightyellow"
"AAD021_011990","violet"
"AAD021_011995","paleturquoise"
"AAD021_012003","magenta"
"AAD021_012006","black"
"AAD021_012007","green"
"AAD021_012010","blue"
"AAD021_012014","blue"
"AAD021_012016","tan"
"AAD021_012017","tan"
"AAD021_012018","skyblue"
"AAD021_012019","cyan"
"AAD021_012020","tan"
"AAD021_012031","red"
"AAD021_012033","midnightblue"
"AAD021_012036","blue"
"AAD021_012037","green"
"AAD021_012039","green"
"AAD021_012073","salmon"
"AAD021_011365","lightgreen"
"AAD021_011496","turquoise"
"AAD021_011518","turquoise"
"AAD021_011545","grey"
"AAD021_011637","purple"
"AAD021_011639","cyan"
"AAD021_011641","lightsteelblue1"
"AAD021_011643","brown"
"AAD021_011644","orangered4"
"AAD021_011645","darkgreen"
"AAD021_011646","black"
"AAD021_011647","blue"
"AAD021_011649","darkgrey"
"AAD021_011651","darkorange"
"AAD021_011652","green"
"AAD021_011655","orange"
"AAD021_011657","brown"
"AAD021_011659","paleturquoise"
"AAD021_011662","salmon"
"AAD021_011663","yellowgreen"
"AAD021_011664","purple"
"AAD021_011667","cyan"
"AAD021_011668","yellow"
"AAD021_011669","yellow"
"AAD021_011678","lightcyan"
"AAD021_011679","pink"
"AAD021_011681","brown"
"AAD021_011682","pink"
"AAD021_011684","grey60"
"AAD021_011685","blue"
"AAD021_011686","royalblue"
"AAD021_011687","turquoise"
"AAD021_011688","turquoise"
"AAD021_011689","pink"
"AAD021_011690","grey60"
"AAD021_011693","skyblue3"
"AAD021_011696","cyan"
"AAD021_011699","salmon"
"AAD021_011700","blue"
"AAD021_011701","grey"
"AAD021_011706","blue"
"AAD021_011709","brown"
"AAD021_011710","yellowgreen"
"AAD021_011711","darkgreen"
"AAD021_011712","red"
"AAD021_011713","yellow"
"AAD021_011714","greenyellow"
"AAD021_011716","tan"
"AAD021_011717","grey"
"AAD021_011718","skyblue3"
"AAD021_011721","lightyellow"
"AAD021_011723","turquoise"
"AAD021_011724","turquoise"
"AAD021_011725","mediumpurple3"
"AAD021_011727","blue"
"AAD021_011728","green"
"AAD021_011731","lightsteelblue1"
"AAD021_011733","grey"
"AAD021_011735","black"
"AAD021_011738","red"
"AAD021_011739","green"
"AAD021_010859","turquoise"
"AAD021_010874","darkred"
"AAD021_010882","orangered4"
"AAD021_010890","green"
"AAD021_010894","greenyellow"
"AAD021_010898","darkmagenta"
"AAD021_010899","brown"
"AAD021_010900","brown"
"AAD021_010901","darkorange"
"AAD021_010902","brown"
"AAD021_010904","lightyellow"
"AAD021_010905","turquoise"
"AAD021_010908","grey"
"AAD021_010909","grey"
"AAD021_010911","darkmagenta"
"AAD021_010912","yellow"
"AAD021_010915","lightcyan"
"AAD021_010916","red"
"AAD021_010919","tan"
"AAD021_010920","purple"
"AAD021_010921","brown"
"AAD021_010922","brown"
"AAD021_010923","turquoise"
"AAD021_010928","red"
"AAD021_010935","yellow"
"AAD021_010937","lightsteelblue1"
"AAD021_010939","tan"
"AAD021_010940","tan"
"AAD021_010941","grey60"
"AAD021_010942","blue"
"AAD021_010943","orangered4"
"AAD021_010944","brown"
"AAD021_010950","turquoise"
"AAD021_010952","black"
"AAD021_010954","cyan"
"AAD021_010957","royalblue"
"AAD021_010958","red"
"AAD021_010960","mediumpurple3"
"AAD021_010962","skyblue3"
"AAD021_010971","grey"
"AAD021_010974","yellow"
"AAD021_010975","turquoise"
"AAD021_010976","green"
"AAD021_010978","pink"
"AAD021_010982","magenta"
"AAD021_010986","salmon"
"AAD021_010989","darkgreen"
"AAD021_010990","purple"
"AAD021_010993","turquoise"
"AAD021_010995","pink"
"AAD021_010996","purple"
"AAD021_011002","white"
"AAD021_011003","brown"
"AAD021_011004","orangered4"
"AAD021_011006","lightyellow"
"AAD021_011010","brown"
"AAD021_011013","darkgreen"
"AAD021_011014","darkgreen"
"AAD021_011015","darkmagenta"
"AAD021_011016","darkorange"
"AAD021_011017","pink"
"AAD021_011019","grey"
"AAD021_011020","magenta"
"AAD021_011022","white"
"AAD021_011024","green"
"AAD021_011028","black"
"AAD021_011030","saddlebrown"
"AAD021_011031","red"
"AAD021_011032","red"
"AAD021_011033","greenyellow"
"AAD021_011034","darkgrey"
"AAD021_011035","red"
"AAD021_011036","darkred"
"AAD021_011038","yellowgreen"
"AAD021_011039","orangered4"
"AAD021_011041","darkred"
"AAD021_011043","cyan"
"AAD021_011044","purple"
"AAD021_011045","lightcyan"
"AAD021_011046","lightcyan"
"AAD021_011047","lightcyan"
"AAD021_011048","turquoise"
"AAD021_011059","brown"
"AAD021_011060","grey"
"AAD021_011061","grey60"
"AAD021_011062","orange"
"AAD021_011063","yellow"
"AAD021_011064","turquoise"
"AAD021_011065","darkred"
"AAD021_011066","darkorange"
"AAD021_011072","green"
"AAD021_011073","turquoise"
"AAD021_011074","darkgrey"
"AAD021_011075","royalblue"
"AAD021_011089","skyblue3"
"AAD021_011090","greenyellow"
"AAD021_011091","lightyellow"
"AAD021_011092","red"
"AAD021_011093","tan"
"AAD021_011094","cyan"
"AAD021_011095","lightyellow"
"AAD021_011096","blue"
"AAD021_011097","turquoise"
"AAD021_011098","lightcyan"
"AAD021_011101","orangered4"
"AAD021_011106","greenyellow"
"AAD021_011113","green"
"AAD021_011116","brown"
"AAD021_011118","green"
"AAD021_011125","blue"
"AAD021_011127","blue"
"AAD021_011131","brown"
"AAD021_011135","salmon"
"AAD021_011136","red"
"AAD021_011140","turquoise"
"AAD021_011142","black"
"AAD021_011147","cyan"
"AAD021_011150","blue"
"AAD021_011151","tan"
"AAD021_011158","brown"
"AAD021_011164","blue"
"AAD021_011174","salmon"
"AAD021_011178","lightgreen"
"AAD021_011181","darkorange"
"AAD021_011198","tan"
"AAD021_011202","darkred"
"AAD021_011206","pink"
"AAD021_011208","yellow"
"AAD021_011209","pink"
"AAD021_011210","blue"
"AAD021_011213","brown"
"AAD021_011216","cyan"
"AAD021_011217","grey"
"AAD021_011231","black"
"AAD021_011232","blue"
"AAD021_011240","pink"
"AAD021_011242","blue"
"AAD021_011244","royalblue"
"AAD021_011248","saddlebrown"
"AAD021_011249","blue"
"AAD021_011252","steelblue"
"AAD021_011253","turquoise"
"AAD021_011254","white"
"AAD021_011259","turquoise"
"AAD021_011260","salmon"
"AAD021_011261","lightsteelblue1"
"AAD021_011262","lightcyan"
"AAD021_011265","tan"
"AAD021_011266","black"
"AAD021_011281","black"
"AAD021_011285","white"
"AAD021_011287","blue"
"AAD021_011307","purple"
"AAD021_010183","black"
"AAD021_010184","blue"
"AAD021_010185","darkorange"
"AAD021_010187","lightyellow"
"AAD021_010188","blue"
"AAD021_010193","midnightblue"
"AAD021_010208","black"
"AAD021_010209","brown"
"AAD021_010217","turquoise"
"AAD021_010221","lightyellow"
"AAD021_010222","turquoise"
"AAD021_010225","yellow"
"AAD021_010226","blue"
"AAD021_010227","magenta"
"AAD021_010228","black"
"AAD021_010229","purple"
"AAD021_010230","turquoise"
"AAD021_010231","brown"
"AAD021_010232","paleturquoise"
"AAD021_010243","green"
"AAD021_010244","cyan"
"AAD021_010245","paleturquoise"
"AAD021_010246","grey"
"AAD021_010247","turquoise"
"AAD021_010248","purple"
"AAD021_010249","yellow"
"AAD021_010251","red"
"AAD021_010254","skyblue"
"AAD021_010265","red"
"AAD021_010272","turquoise"
"AAD021_010273","lightcyan"
"AAD021_010274","turquoise"
"AAD021_010276","turquoise"
"AAD021_010280","darkorange"
"AAD021_010281","blue"
"AAD021_010287","green"
"AAD021_010288","darkmagenta"
"AAD021_010289","cyan"
"AAD021_010290","pink"
"AAD021_010291","darkred"
"AAD021_010293","lightyellow"
"AAD021_010294","blue"
"AAD021_010299","yellow"
"AAD021_010300","darkturquoise"
"AAD021_010306","orange"
"AAD021_010307","darkmagenta"
"AAD021_010310","lightyellow"
"AAD021_010346","yellow"
"AAD021_010347","darkturquoise"
"AAD021_010351","mediumpurple3"
"AAD021_010352","violet"
"AAD021_010353","purple"
"AAD021_010354","magenta"
"AAD021_010356","brown"
"AAD021_010359","sienna3"
"AAD021_010360","yellow"
"AAD021_010361","blue"
"AAD021_010368","lightcyan"
"AAD021_010373","greenyellow"
"AAD021_010374","grey60"
"AAD021_010376","midnightblue"
"AAD021_010377","pink"
"AAD021_010378","yellowgreen"
"AAD021_010379","purple"
"AAD021_010380","yellow"
"AAD021_010381","brown"
"AAD021_010383","black"
"AAD021_010384","darkgreen"
"AAD021_010388","turquoise"
"AAD021_010405","grey"
"AAD021_010406","red"
"AAD021_010408","turquoise"
"AAD021_010412","yellow"
"AAD021_010413","turquoise"
"AAD021_010416","yellow"
"AAD021_010421","red"
"AAD021_010422","lightcyan"
"AAD021_010426","turquoise"
"AAD021_010429","blue"
"AAD021_010431","brown"
"AAD021_010435","blue"
"AAD021_010436","blue"
"AAD021_010437","turquoise"
"AAD021_010438","pink"
"AAD021_010439","grey60"
"AAD021_010440","red"
"AAD021_010442","greenyellow"
"AAD021_010447","yellow"
"AAD021_010450","grey60"
"AAD021_010452","red"
"AAD021_010453","greenyellow"
"AAD021_010461","darkred"
"AAD021_010464","yellow"
"AAD021_010469","green"
"AAD021_010470","greenyellow"
"AAD021_010471","magenta"
"AAD021_010478","yellow"
"AAD021_010479","cyan"
"AAD021_010480","red"
"AAD021_010481","blue"
"AAD021_010484","blue"
"AAD021_010487","red"
"AAD021_010492","pink"
"AAD021_010496","saddlebrown"
"AAD021_010500","green"
"AAD021_010523","brown"
"AAD021_010524","midnightblue"
"AAD021_010525","saddlebrown"
"AAD021_010530","brown"
"AAD021_010531","brown"
"AAD021_010532","grey60"
"AAD021_010538","black"
"AAD021_010541","blue"
"AAD021_010556","purple"
"AAD021_010557","magenta"
"AAD021_010564","red"
"AAD021_010566","midnightblue"
"AAD021_010568","lightcyan"
"AAD021_010569","yellow"
"AAD021_010571","red"
"AAD021_010578","yellow"
"AAD021_010582","orangered4"
"AAD021_010584","lightcyan"
"AAD021_010589","green"
"AAD021_010590","brown"
"AAD021_010602","orange"
"AAD021_010608","plum1"
"AAD021_010610","grey60"
"AAD021_010615","green"
"AAD021_010617","purple"
"AAD021_010618","royalblue"
"AAD021_010620","white"
"AAD021_010621","yellowgreen"
"AAD021_010627","turquoise"
"AAD021_010628","magenta"
"AAD021_010629","brown"
"AAD021_010634","greenyellow"
"AAD021_010636","cyan"
"AAD021_010641","darkturquoise"
"AAD021_010652","pink"
"AAD021_010655","brown"
"AAD021_010656","lightgreen"
"AAD021_010662","blue"
"AAD021_010664","red"
"AAD021_010671","lightcyan"
"AAD021_010672","red"
"AAD021_010695","paleturquoise"
"AAD021_010696","cyan"
"AAD021_010700","lightyellow"
"AAD021_010702","darkmagenta"
"AAD021_010703","skyblue"
"AAD021_010720","blue"
"AAD021_010722","blue"
"AAD021_010732","grey60"
"AAD021_010733","blue"
"AAD021_010736","darkgrey"
"AAD021_010737","turquoise"
"AAD021_010738","brown"
"AAD021_010739","orange"
"AAD021_010740","orange"
"AAD021_010741","blue"
"AAD021_010742","green"
"AAD021_010743","brown"
"AAD021_010744","red"
"AAD021_010747","green"
"AAD021_010749","lightgreen"
"AAD021_010753","blue"
"AAD021_010756","brown"
"AAD021_010760","grey60"
"AAD021_010776","pink"
"AAD021_010779","salmon"
"AAD021_010780","green"
"AAD021_010785","blue"
"AAD021_010789","grey"
"AAD021_010790","turquoise"
"AAD021_010831","white"
"AAD021_009507","darkturquoise"
"AAD021_009511","darkturquoise"
"AAD021_009512","pink"
"AAD021_009515","green"
"AAD021_009516","blue"
"AAD021_009517","brown"
"AAD021_009526","red"
"AAD021_009528","tan"
"AAD021_009529","lightcyan"
"AAD021_009530","magenta"
"AAD021_009535","red"
"AAD021_009536","yellow"
"AAD021_009539","lightgreen"
"AAD021_009543","red"
"AAD021_009545","orange"
"AAD021_009558","purple"
"AAD021_009576","blue"
"AAD021_009577","darkred"
"AAD021_009581","blue"
"AAD021_009582","brown"
"AAD021_009587","salmon"
"AAD021_009588","turquoise"
"AAD021_009596","grey"
"AAD021_009597","royalblue"
"AAD021_009598","green"
"AAD021_009599","royalblue"
"AAD021_009600","lightyellow"
"AAD021_009601","blue"
"AAD021_009612","grey"
"AAD021_009613","black"
"AAD021_009620","blue"
"AAD021_009621","turquoise"
"AAD021_009622","brown"
"AAD021_009625","grey"
"AAD021_009627","blue"
"AAD021_009629","yellow"
"AAD021_009631","blue"
"AAD021_009638","midnightblue"
"AAD021_009639","salmon"
"AAD021_009640","turquoise"
"AAD021_009642","blue"
"AAD021_009643","steelblue"
"AAD021_009648","grey"
"AAD021_009662","grey"
"AAD021_009663","purple"
"AAD021_009664","darkgreen"
"AAD021_009665","blue"
"AAD021_009666","turquoise"
"AAD021_009669","turquoise"
"AAD021_009672","blue"
"AAD021_009681","magenta"
"AAD021_009682","black"
"AAD021_009683","greenyellow"
"AAD021_009689","grey"
"AAD021_009690","purple"
"AAD021_009691","darkgreen"
"AAD021_009692","turquoise"
"AAD021_009693","skyblue3"
"AAD021_009694","brown"
"AAD021_009695","tan"
"AAD021_009697","yellow"
"AAD021_009708","paleturquoise"
"AAD021_009712","purple"
"AAD021_009713","white"
"AAD021_009714","pink"
"AAD021_009719","yellow"
"AAD021_009723","pink"
"AAD021_009725","cyan"
"AAD021_009726","tan"
"AAD021_009727","green"
"AAD021_009728","black"
"AAD021_009729","orangered4"
"AAD021_009731","red"
"AAD021_009732","darkgrey"
"AAD021_009733","darkgreen"
"AAD021_009735","yellow"
"AAD021_009737","salmon"
"AAD021_009741","white"
"AAD021_009742","turquoise"
"AAD021_009743","turquoise"
"AAD021_009744","turquoise"
"AAD021_009745","blue"
"AAD021_009750","grey60"
"AAD021_009752","darkmagenta"
"AAD021_009753","purple"
"AAD021_009757","turquoise"
"AAD021_009770","blue"
"AAD021_009772","grey60"
"AAD021_009777","red"
"AAD021_009779","turquoise"
"AAD021_009782","greenyellow"
"AAD021_009784","brown"
"AAD021_009786","green"
"AAD021_009787","blue"
"AAD021_009788","pink"
"AAD021_009789","greenyellow"
"AAD021_009790","orange"
"AAD021_009791","turquoise"
"AAD021_009792","lightcyan"
"AAD021_009797","grey"
"AAD021_009798","skyblue3"
"AAD021_009814","midnightblue"
"AAD021_009815","royalblue"
"AAD021_009842","yellowgreen"
"AAD021_009847","midnightblue"
"AAD021_009862","blue"
"AAD021_009865","black"
"AAD021_009866","brown"
"AAD021_009867","blue"
"AAD021_009869","cyan"
"AAD021_009871","brown"
"AAD021_009872","tan"
"AAD021_009873","skyblue3"
"AAD021_009874","green"
"AAD021_009879","brown"
"AAD021_009880","magenta"
"AAD021_009884","skyblue3"
"AAD021_009887","yellowgreen"
"AAD021_009890","darkred"
"AAD021_009908","purple"
"AAD021_009909","greenyellow"
"AAD021_009912","blue"
"AAD021_009927","blue"
"AAD021_009929","turquoise"
"AAD021_009931","salmon"
"AAD021_009934","tan"
"AAD021_009935","greenyellow"
"AAD021_009936","brown"
"AAD021_009937","orange"
"AAD021_009939","skyblue"
"AAD021_009940","yellowgreen"
"AAD021_009944","green"
"AAD021_009960","blue"
"AAD021_009968","darkmagenta"
"AAD021_009973","lightyellow"
"AAD021_009975","yellow"
"AAD021_009976","pink"
"AAD021_009977","blue"
"AAD021_009978","magenta"
"AAD021_009979","blue"
"AAD021_009980","greenyellow"
"AAD021_009983","skyblue"
"AAD021_009984","lightcyan"
"AAD021_009988","turquoise"
"AAD021_009989","darkgrey"
"AAD021_009991","green"
"AAD021_009992","lightgreen"
"AAD021_009993","red"
"AAD021_009994","black"
"AAD021_009995","green"
"AAD021_009999","brown"
"AAD021_010000","turquoise"
"AAD021_010029","royalblue"
"AAD021_010030","purple"
"AAD021_010040","pink"
"AAD021_010042","sienna3"
"AAD021_010065","cyan"
"AAD021_010066","steelblue"
"AAD021_010068","darkgreen"
"AAD021_010069","white"
"AAD021_010075","cyan"
"AAD021_010079","royalblue"
"AAD021_010085","royalblue"
"AAD021_010086","green"
"AAD021_010091","darkmagenta"
"AAD021_010096","blue"
"AAD021_010109","black"
"AAD021_010112","salmon"
"AAD021_010133","tan"
"AAD021_007558","blue"
"AAD021_007559","plum1"
"AAD021_007560","grey60"
"AAD021_007561","magenta"
"AAD021_007589","green"
"AAD021_007609","plum1"
"AAD021_007611","magenta"
"AAD021_007616","darkturquoise"
"AAD021_007617","tan"
"AAD021_007619","turquoise"
"AAD021_007620","brown"
"AAD021_007621","yellow"
"AAD021_007622","blue"
"AAD021_007628","violet"
"AAD021_007638","turquoise"
"AAD021_007640","plum1"
"AAD021_007641","yellow"
"AAD021_007647","grey60"
"AAD021_007649","midnightblue"
"AAD021_007652","darkturquoise"
"AAD021_007657","darkturquoise"
"AAD021_007659","blue"
"AAD021_007660","darkgrey"
"AAD021_007663","blue"
"AAD021_007675","red"
"AAD021_007676","tan"
"AAD021_007678","blue"
"AAD021_007679","sienna3"
"AAD021_007680","darkgreen"
"AAD021_007684","yellowgreen"
"AAD021_007685","turquoise"
"AAD021_007686","pink"
"AAD021_007687","turquoise"
"AAD021_007695","turquoise"
"AAD021_007696","cyan"
"AAD021_007699","brown"
"AAD021_007700","purple"
"AAD021_007708","blue"
"AAD021_007712","yellow"
"AAD021_007714","lightgreen"
"AAD021_007719","grey"
"AAD021_007720","red"
"AAD021_007722","darkred"
"AAD021_007728","green"
"AAD021_007730","royalblue"
"AAD021_007731","greenyellow"
"AAD021_007734","green"
"AAD021_007736","turquoise"
"AAD021_007738","lightyellow"
"AAD021_007740","brown"
"AAD021_007743","turquoise"
"AAD021_007744","brown"
"AAD021_007750","tan"
"AAD021_007751","turquoise"
"AAD021_007752","midnightblue"
"AAD021_007754","cyan"
"AAD021_007755","lightgreen"
"AAD021_007756","pink"
"AAD021_007757","blue"
"AAD021_007758","turquoise"
"AAD021_007760","darkturquoise"
"AAD021_007763","green"
"AAD021_007764","plum1"
"AAD021_007766","mediumpurple3"
"AAD021_007771","magenta"
"AAD021_007774","darkturquoise"
"AAD021_007778","greenyellow"
"AAD021_007780","blue"
"AAD021_007781","brown"
"AAD021_007784","darkred"
"AAD021_007785","darkmagenta"
"AAD021_007787","turquoise"
"AAD021_007788","blue"
"AAD021_007789","lightgreen"
"AAD021_007792","tan"
"AAD021_007794","pink"
"AAD021_007796","pink"
"AAD021_007797","magenta"
"AAD021_007798","lightcyan"
"AAD021_007799","blue"
"AAD021_007800","darkred"
"AAD021_007801","plum1"
"AAD021_007802","black"
"AAD021_007805","tan"
"AAD021_007807","violet"
"AAD021_007811","turquoise"
"AAD021_007812","pink"
"AAD021_007815","blue"
"AAD021_007817","green"
"AAD021_007819","greenyellow"
"AAD021_007820","midnightblue"
"AAD021_007821","grey60"
"AAD021_007822","plum1"
"AAD021_007828","yellow"
"AAD021_007829","turquoise"
"AAD021_007831","midnightblue"
"AAD021_007837","blue"
"AAD021_007838","cyan"
"AAD021_007839","turquoise"
"AAD021_007840","magenta"
"AAD021_007841","turquoise"
"AAD021_007842","royalblue"
"AAD021_007843","darkgreen"
"AAD021_007845","royalblue"
"AAD021_007848","black"
"AAD021_007849","brown"
"AAD021_007850","yellow"
"AAD021_007852","turquoise"
"AAD021_007853","black"
"AAD021_007855","lightgreen"
"AAD021_007856","orange"
"AAD021_007860","paleturquoise"
"AAD021_007862","magenta"
"AAD021_007863","blue"
"AAD021_007864","royalblue"
"AAD021_007865","sienna3"
"AAD021_007866","violet"
"AAD021_007868","turquoise"
"AAD021_007869","blue"
"AAD021_007871","greenyellow"
"AAD021_007872","plum1"
"AAD021_007873","red"
"AAD021_007875","grey"
"AAD021_007876","brown"
"AAD021_007877","black"
"AAD021_007878","black"
"AAD021_007880","turquoise"
"AAD021_007883","purple"
"AAD021_007884","brown"
"AAD021_007885","greenyellow"
"AAD021_007888","turquoise"
"AAD021_007890","brown"
"AAD021_007891","brown"
"AAD021_007892","darkolivegreen"
"AAD021_007894","white"
"AAD021_007895","green"
"AAD021_007896","pink"
"AAD021_007897","blue"
"AAD021_007898","darkred"
"AAD021_007899","yellow"
"AAD021_007900","turquoise"
"AAD021_007901","pink"
"AAD021_007905","magenta"
"AAD021_007906","magenta"
"AAD021_007909","yellow"
"AAD021_007910","grey"
"AAD021_007911","skyblue"
"AAD021_007912","lightyellow"
"AAD021_007913","blue"
"AAD021_007914","red"
"AAD021_007915","purple"
"AAD021_007916","black"
"AAD021_007919","turquoise"
"AAD021_007920","turquoise"
"AAD021_007921","lightgreen"
"AAD021_007922","lightcyan"
"AAD021_007923","tan"
"AAD021_007924","blue"
"AAD021_007925","red"
"AAD021_007926","blue"
"AAD021_007929","grey60"
"AAD021_007930","lightgreen"
"AAD021_007931","magenta"
"AAD021_007933","magenta"
"AAD021_007934","yellow"
"AAD021_007935","blue"
"AAD021_007937","yellow"
"AAD021_007938","blue"
"AAD021_007940","brown"
"AAD021_007941","brown"
"AAD021_007945","green"
"AAD021_007946","darkmagenta"
"AAD021_007947","green"
"AAD021_007948","red"
"AAD021_007951","magenta"
"AAD021_007952","violet"
"AAD021_007954","yellowgreen"
"AAD021_007955","yellow"
"AAD021_007956","steelblue"
"AAD021_007957","darkorange"
"AAD021_007959","yellow"
"AAD021_007960","grey60"
"AAD021_007961","red"
"AAD021_007962","yellow"
"AAD021_007963","blue"
"AAD021_007964","red"
"AAD021_007967","black"
"AAD021_007970","green"
"AAD021_007971","mediumpurple3"
"AAD021_007977","turquoise"
"AAD021_007981","skyblue"
"AAD021_007982","violet"
"AAD021_007984","yellow"
"AAD021_007987","green"
"AAD021_007989","magenta"
"AAD021_007993","lightsteelblue1"
"AAD021_007994","orange"
"AAD021_007995","black"
"AAD021_007996","magenta"
"AAD021_007998","turquoise"
"AAD021_007999","turquoise"
"AAD021_008001","darkturquoise"
"AAD021_008002","plum1"
"AAD021_008003","black"
"AAD021_008004","sienna3"
"AAD021_008005","purple"
"AAD021_008006","black"
"AAD021_008008","orange"
"AAD021_008011","red"
"AAD021_008012","grey"
"AAD021_008013","darkmagenta"
"AAD021_008014","blue"
"AAD021_008018","tan"
"AAD021_008020","red"
"AAD021_008024","brown"
"AAD021_008025","magenta"
"AAD021_008027","blue"
"AAD021_008028","lightcyan"
"AAD021_008029","turquoise"
"AAD021_008030","saddlebrown"
"AAD021_008031","black"
"AAD021_008033","yellowgreen"
"AAD021_008034","brown"
"AAD021_008036","greenyellow"
"AAD021_008039","green"
"AAD021_008040","darkgrey"
"AAD021_008041","darkorange"
"AAD021_008043","yellow"
"AAD021_008045","magenta"
"AAD021_008046","purple"
"AAD021_008047","cyan"
"AAD021_008049","blue"
"AAD021_008050","orange"
"AAD021_008051","cyan"
"AAD021_008052","blue"
"AAD021_008054","darkgrey"
"AAD021_008058","lightgreen"
"AAD021_008063","salmon"
"AAD021_008065","midnightblue"
"AAD021_008066","blue"
"AAD021_008067","turquoise"
"AAD021_008068","yellow"
"AAD021_008070","royalblue"
"AAD021_008071","yellow"
"AAD021_008072","royalblue"
"AAD021_008073","skyblue"
"AAD021_008074","green"
"AAD021_008075","tan"
"AAD021_008077","darkmagenta"
"AAD021_008078","white"
"AAD021_008079","turquoise"
"AAD021_008080","blue"
"AAD021_008081","blue"
"AAD021_008082","yellow"
"AAD021_008084","darkgrey"
"AAD021_008094","black"
"AAD021_008095","turquoise"
"AAD021_008097","greenyellow"
"AAD021_008098","turquoise"
"AAD021_008100","magenta"
"AAD021_008101","turquoise"
"AAD021_008104","blue"
"AAD021_008105","tan"
"AAD021_008106","black"
"AAD021_008108","tan"
"AAD021_008109","grey"
"AAD021_008113","grey"
"AAD021_008114","turquoise"
"AAD021_008115","green"
"AAD021_008117","white"
"AAD021_008119","yellow"
"AAD021_008120","yellow"
"AAD021_008121","darkmagenta"
"AAD021_008122","lightcyan"
"AAD021_008123","grey"
"AAD021_008124","darkolivegreen"
"AAD021_008126","turquoise"
"AAD021_008127","blue"
"AAD021_008130","violet"
"AAD021_008131","black"
"AAD021_008132","yellow"
"AAD021_008133","brown"
"AAD021_008137","turquoise"
"AAD021_008141","blue"
"AAD021_008142","purple"
"AAD021_008144","cyan"
"AAD021_008145","cyan"
"AAD021_008146","green"
"AAD021_008148","blue"
"AAD021_008150","turquoise"
"AAD021_008151","blue"
"AAD021_008152","red"
"AAD021_008153","darkred"
"AAD021_008155","red"
"AAD021_008156","tan"
"AAD021_008157","midnightblue"
"AAD021_008158","lightcyan"
"AAD021_008161","plum1"
"AAD021_008164","blue"
"AAD021_008165","purple"
"AAD021_008166","lightcyan"
"AAD021_008167","grey"
"AAD021_008168","grey"
"AAD021_008169","turquoise"
"AAD021_008174","blue"
"AAD021_008176","blue"
"AAD021_008180","violet"
"AAD021_008181","salmon"
"AAD021_008182","blue"
"AAD021_008185","blue"
"AAD021_008187","tan"
"AAD021_008188","tan"
"AAD021_008189","red"
"AAD021_008190","tan"
"AAD021_008191","turquoise"
"AAD021_008192","magenta"
"AAD021_008194","pink"
"AAD021_008196","blue"
"AAD021_008197","orange"
"AAD021_008198","midnightblue"
"AAD021_008199","turquoise"
"AAD021_008200","black"
"AAD021_008201","blue"
"AAD021_008202","steelblue"
"AAD021_008203","brown"
"AAD021_008207","brown"
"AAD021_008208","blue"
"AAD021_008211","brown"
"AAD021_008212","pink"
"AAD021_008213","darkgreen"
"AAD021_008214","sienna3"
"AAD021_008216","green"
"AAD021_008217","blue"
"AAD021_008219","red"
"AAD021_008220","lightyellow"
"AAD021_008221","green"
"AAD021_008223","red"
"AAD021_008224","yellow"
"AAD021_008225","yellow"
"AAD021_008226","darkorange"
"AAD021_008227","grey"
"AAD021_008230","plum1"
"AAD021_008231","salmon"
"AAD021_008233","white"
"AAD021_008234","grey"
"AAD021_008235","darkred"
"AAD021_008237","blue"
"AAD021_008238","brown"
"AAD021_008239","saddlebrown"
"AAD021_008240","pink"
"AAD021_008241","skyblue"
"AAD021_008242","lightgreen"
"AAD021_008243","greenyellow"
"AAD021_008244","blue"
"AAD021_008245","grey"
"AAD021_008247","blue"
"AAD021_008250","yellow"
"AAD021_008252","turquoise"
"AAD021_008253","skyblue"
"AAD021_008254","white"
"AAD021_008255","lightgreen"
"AAD021_008256","darkturquoise"
"AAD021_008257","blue"
"AAD021_008258","blue"
"AAD021_008259","turquoise"
"AAD021_008261","yellowgreen"
"AAD021_008262","darkred"
"AAD021_008263","turquoise"
"AAD021_008264","greenyellow"
"AAD021_008267","turquoise"
"AAD021_008268","turquoise"
"AAD021_008269","darkorange"
"AAD021_008272","pink"
"AAD021_008273","darkturquoise"
"AAD021_008274","red"
"AAD021_008276","blue"
"AAD021_008277","blue"
"AAD021_008278","darkturquoise"
"AAD021_008279","skyblue3"
"AAD021_008284","saddlebrown"
"AAD021_008286","salmon"
"AAD021_008288","yellow"
"AAD021_008292","magenta"
"AAD021_008295","sienna3"
"AAD021_008296","royalblue"
"AAD021_008297","blue"
"AAD021_008299","magenta"
"AAD021_008300","blue"
"AAD021_008301","cyan"
"AAD021_008302","red"
"AAD021_008304","plum1"
"AAD021_008306","midnightblue"
"AAD021_008307","green"
"AAD021_008308","turquoise"
"AAD021_008309","darkorange"
"AAD021_008310","greenyellow"
"AAD021_008311","yellowgreen"
"AAD021_008312","green"
"AAD021_008313","midnightblue"
"AAD021_008314","brown"
"AAD021_008315","darkorange"
"AAD021_008316","black"
"AAD021_008317","blue"
"AAD021_008318","tan"
"AAD021_008319","green"
"AAD021_008320","grey60"
"AAD021_008321","turquoise"
"AAD021_008323","lightyellow"
"AAD021_008324","lightcyan"
"AAD021_008325","lightgreen"
"AAD021_008326","mediumpurple3"
"AAD021_008327","purple"
"AAD021_008328","blue"
"AAD021_008329","darkgreen"
"AAD021_008331","turquoise"
"AAD021_008332","darkorange"
"AAD021_008333","skyblue3"
"AAD021_008334","magenta"
"AAD021_008335","lightcyan"
"AAD021_008336","yellow"
"AAD021_008337","black"
"AAD021_008338","salmon"
"AAD021_008339","greenyellow"
"AAD021_008340","red"
"AAD021_008341","steelblue"
"AAD021_008343","turquoise"
"AAD021_008344","greenyellow"
"AAD021_008345","pink"
"AAD021_008349","lightcyan"
"AAD021_008350","pink"
"AAD021_008351","plum1"
"AAD021_008352","blue"
"AAD021_008353","blue"
"AAD021_008354","orange"
"AAD021_008355","darkgrey"
"AAD021_008356","black"
"AAD021_008357","midnightblue"
"AAD021_008358","pink"
"AAD021_008359","turquoise"
"AAD021_008360","lightgreen"
"AAD021_008361","tan"
"AAD021_008362","turquoise"
"AAD021_008363","sienna3"
"AAD021_008365","darkgreen"
"AAD021_008366","red"
"AAD021_008367","turquoise"
"AAD021_008369","darkolivegreen"
"AAD021_008371","grey"
"AAD021_008372","brown"
"AAD021_008373","orangered4"
"AAD021_008374","turquoise"
"AAD021_008375","grey"
"AAD021_008376","turquoise"
"AAD021_008377","magenta"
"AAD021_008379","yellow"
"AAD021_008380","brown"
"AAD021_008381","turquoise"
"AAD021_008383","darkgrey"
"AAD021_008384","green"
"AAD021_008385","turquoise"
"AAD021_008386","magenta"
"AAD021_008388","royalblue"
"AAD021_008389","green"
"AAD021_008392","brown"
"AAD021_008394","magenta"
"AAD021_008395","red"
"AAD021_008396","lightcyan"
"AAD021_008398","darkgreen"
"AAD021_008399","darkred"
"AAD021_008404","turquoise"
"AAD021_008405","purple"
"AAD021_008406","skyblue"
"AAD021_008407","greenyellow"
"AAD021_008408","darkolivegreen"
"AAD021_008409","magenta"
"AAD021_008410","violet"
"AAD021_008411","yellow"
"AAD021_008412","pink"
"AAD021_008413","purple"
"AAD021_008416","red"
"AAD021_008418","salmon"
"AAD021_008419","royalblue"
"AAD021_008421","purple"
"AAD021_008422","magenta"
"AAD021_008423","yellow"
"AAD021_008424","grey60"
"AAD021_008425","pink"
"AAD021_008426","green"
"AAD021_008427","purple"
"AAD021_008429","red"
"AAD021_008430","lightyellow"
"AAD021_008433","lightgreen"
"AAD021_008434","darkturquoise"
"AAD021_008435","yellow"
"AAD021_008436","turquoise"
"AAD021_008437","grey"
"AAD021_008438","mediumpurple3"
"AAD021_008439","red"
"AAD021_008441","grey60"
"AAD021_008442","tan"
"AAD021_008443","turquoise"
"AAD021_008444","brown"
"AAD021_008445","lightcyan"
"AAD021_008447","magenta"
"AAD021_008448","tan"
"AAD021_008449","green"
"AAD021_008450","cyan"
"AAD021_008451","blue"
"AAD021_008455","paleturquoise"
"AAD021_008458","greenyellow"
"AAD021_008463","green"
"AAD021_008464","yellow"
"AAD021_008465","steelblue"
"AAD021_008466","salmon"
"AAD021_008467","yellow"
"AAD021_008468","darkorange"
"AAD021_008470","yellow"
"AAD021_008471","pink"
"AAD021_008472","grey"
"AAD021_008473","midnightblue"
"AAD021_008475","black"
"AAD021_008476","green"
"AAD021_008477","turquoise"
"AAD021_008478","turquoise"
"AAD021_008481","lightcyan"
"AAD021_008482","plum1"
"AAD021_008483","tan"
"AAD021_008484","yellow"
"AAD021_008491","salmon"
"AAD021_008492","blue"
"AAD021_008493","saddlebrown"
"AAD021_008495","green"
"AAD021_008496","turquoise"
"AAD021_008498","turquoise"
"AAD021_008500","lightyellow"
"AAD021_008504","magenta"
"AAD021_008505","midnightblue"
"AAD021_008506","midnightblue"
"AAD021_008509","turquoise"
"AAD021_008510","turquoise"
"AAD021_008511","darkgrey"
"AAD021_008514","turquoise"
"AAD021_008515","tan"
"AAD021_008517","darkorange"
"AAD021_008522","blue"
"AAD021_008523","yellow"
"AAD021_008526","turquoise"
"AAD021_008528","darkgreen"
"AAD021_008530","tan"
"AAD021_008531","violet"
"AAD021_008532","green"
"AAD021_008533","lightyellow"
"AAD021_008535","grey60"
"AAD021_008538","red"
"AAD021_008539","brown"
"AAD021_008540","darkred"
"AAD021_008541","grey"
"AAD021_008542","yellowgreen"
"AAD021_008544","tan"
"AAD021_008545","saddlebrown"
"AAD021_008578","salmon"
"AAD021_008579","pink"
"AAD021_008581","magenta"
"AAD021_008583","magenta"
"AAD021_008585","brown"
"AAD021_008587","magenta"
"AAD021_008590","red"
"AAD021_008593","blue"
"AAD021_008602","cyan"
"AAD021_008605","mediumpurple3"
"AAD021_008606","greenyellow"
"AAD021_008608","darkred"
"AAD021_008610","greenyellow"
"AAD021_008614","darkmagenta"
"AAD021_008615","blue"
"AAD021_008616","blue"
"AAD021_008618","paleturquoise"
"AAD021_008620","yellow"
"AAD021_008622","darkgrey"
"AAD021_008624","brown"
"AAD021_008626","brown"
"AAD021_008630","lightyellow"
"AAD021_008631","salmon"
"AAD021_008632","lightyellow"
"AAD021_008639","blue"
"AAD021_008641","violet"
"AAD021_008646","black"
"AAD021_008652","lightsteelblue1"
"AAD021_008653","salmon"
"AAD021_008654","darkgreen"
"AAD021_008665","magenta"
"AAD021_008669","black"
"AAD021_008670","purple"
"AAD021_008676","lightsteelblue1"
"AAD021_008677","darkred"
"AAD021_008678","turquoise"
"AAD021_008680","turquoise"
"AAD021_008684","turquoise"
"AAD021_008687","darkolivegreen"
"AAD021_008691","darkturquoise"
"AAD021_008692","midnightblue"
"AAD021_008693","magenta"
"AAD021_008694","turquoise"
"AAD021_008695","grey"
"AAD021_008697","grey"
"AAD021_008698","pink"
"AAD021_008700","turquoise"
"AAD021_008702","grey"
"AAD021_008703","grey"
"AAD021_008705","green"
"AAD021_008706","violet"
"AAD021_008707","red"
"AAD021_008708","midnightblue"
"AAD021_008712","lightcyan"
"AAD021_008714","turquoise"
"AAD021_008718","black"
"AAD021_008723","blue"
"AAD021_008728","turquoise"
"AAD021_008729","black"
"AAD021_008733","salmon"
"AAD021_008738","yellow"
"AAD021_008739","tan"
"AAD021_008745","cyan"
"AAD021_008746","brown"
"AAD021_008747","blue"
"AAD021_008753","saddlebrown"
"AAD021_008755","steelblue"
"AAD021_008756","blue"
"AAD021_008757","turquoise"
"AAD021_008758","red"
"AAD021_008764","darkgreen"
"AAD021_008772","sienna3"
"AAD021_008773","darkred"
"AAD021_008776","darkmagenta"
"AAD021_008777","grey60"
"AAD021_008782","turquoise"
"AAD021_008784","darkmagenta"
"AAD021_008785","pink"
"AAD021_008787","turquoise"
"AAD021_008788","magenta"
"AAD021_008791","yellow"
"AAD021_008792","lightyellow"
"AAD021_008794","tan"
"AAD021_008795","blue"
"AAD021_008796","orange"
"AAD021_008797","darkred"
"AAD021_008798","sienna3"
"AAD021_008803","orange"
"AAD021_008804","purple"
"AAD021_008805","purple"
"AAD021_008806","black"
"AAD021_008807","blue"
"AAD021_008808","magenta"
"AAD021_008809","blue"
"AAD021_008810","orange"
"AAD021_008818","tan"
"AAD021_008820","yellow"
"AAD021_008821","white"
"AAD021_008822","turquoise"
"AAD021_008825","green"
"AAD021_008827","red"
"AAD021_008828","black"
"AAD021_008829","magenta"
"AAD021_008830","violet"
"AAD021_008835","white"
"AAD021_008837","grey"
"AAD021_008838","darkgrey"
"AAD021_008840","darkred"
"AAD021_008842","darkgrey"
"AAD021_008843","lightsteelblue1"
"AAD021_008844","turquoise"
"AAD021_008845","salmon"
"AAD021_008846","turquoise"
"AAD021_008852","brown"
"AAD021_008853","blue"
"AAD021_008854","lightgreen"
"AAD021_008855","turquoise"
"AAD021_008856","grey"
"AAD021_008857","brown"
"AAD021_008858","blue"
"AAD021_008862","white"
"AAD021_008864","darkgreen"
"AAD021_008865","darkgreen"
"AAD021_008867","darkturquoise"
"AAD021_008870","blue"
"AAD021_008875","magenta"
"AAD021_008879","lightcyan"
"AAD021_008886","brown"
"AAD021_008888","black"
"AAD021_008889","red"
"AAD021_008890","cyan"
"AAD021_008891","orange"
"AAD021_008892","brown"
"AAD021_008894","black"
"AAD021_008895","salmon"
"AAD021_008897","pink"
"AAD021_008903","lightcyan"
"AAD021_008904","pink"
"AAD021_008906","royalblue"
"AAD021_008907","green"
"AAD021_008909","darkorange"
"AAD021_008915","darkorange"
"AAD021_008918","grey"
"AAD021_008924","turquoise"
"AAD021_008925","grey60"
"AAD021_008927","pink"
"AAD021_008935","steelblue"
"AAD021_008939","brown"
"AAD021_008941","magenta"
"AAD021_008942","salmon"
"AAD021_008944","black"
"AAD021_008946","brown"
"AAD021_008949","grey60"
"AAD021_008951","red"
"AAD021_008955","greenyellow"
"AAD021_008956","red"
"AAD021_008957","royalblue"
"AAD021_008959","turquoise"
"AAD021_008960","black"
"AAD021_008962","lightyellow"
"AAD021_008964","tan"
"AAD021_008965","magenta"
"AAD021_008966","lightcyan"
"AAD021_008968","skyblue"
"AAD021_008974","darkgreen"
"AAD021_008975","violet"
"AAD021_008979","white"
"AAD021_008980","turquoise"
"AAD021_008982","turquoise"
"AAD021_008986","blue"
"AAD021_008987","turquoise"
"AAD021_008988","orange"
"AAD021_008991","pink"
"AAD021_008992","turquoise"
"AAD021_008993","purple"
"AAD021_008997","white"
"AAD021_008998","paleturquoise"
"AAD021_009000","greenyellow"
"AAD021_009002","brown"
"AAD021_009003","cyan"
"AAD021_009006","darkgreen"
"AAD021_009007","turquoise"
"AAD021_009008","brown"
"AAD021_009009","blue"
"AAD021_009013","lightsteelblue1"
"AAD021_009014","turquoise"
"AAD021_009015","turquoise"
"AAD021_009016","turquoise"
"AAD021_009017","blue"
"AAD021_009019","blue"
"AAD021_009021","blue"
"AAD021_009022","turquoise"
"AAD021_009025","blue"
"AAD021_009028","blue"
"AAD021_009034","darkgreen"
"AAD021_009035","turquoise"
"AAD021_009037","green"
"AAD021_009038","violet"
"AAD021_009039","green"
"AAD021_009043","blue"
"AAD021_009045","tan"
"AAD021_009048","pink"
"AAD021_009050","saddlebrown"
"AAD021_009051","blue"
"AAD021_009052","plum1"
"AAD021_009053","black"
"AAD021_009056","grey60"
"AAD021_009057","turquoise"
"AAD021_009061","grey"
"AAD021_009063","green"
"AAD021_009064","brown"
"AAD021_009066","turquoise"
"AAD021_009067","turquoise"
"AAD021_009068","skyblue"
"AAD021_009071","green"
"AAD021_009072","yellow"
"AAD021_009074","brown"
"AAD021_009075","red"
"AAD021_009076","brown"
"AAD021_009077","blue"
"AAD021_009078","turquoise"
"AAD021_009079","midnightblue"
"AAD021_009080","yellow"
"AAD021_009082","pink"
"AAD021_009083","royalblue"
"AAD021_009084","magenta"
"AAD021_009086","darkgreen"
"AAD021_009089","green"
"AAD021_009090","brown"
"AAD021_009091","cyan"
"AAD021_009092","greenyellow"
"AAD021_009093","brown"
"AAD021_009094","blue"
"AAD021_009095","yellow"
"AAD021_009097","lightgreen"
"AAD021_009098","magenta"
"AAD021_009099","lightyellow"
"AAD021_009101","yellow"
"AAD021_009102","grey"
"AAD021_009106","red"
"AAD021_009108","black"
"AAD021_009109","greenyellow"
"AAD021_009111","lightcyan"
"AAD021_009113","orange"
"AAD021_009114","darkgrey"
"AAD021_009115","lightcyan"
"AAD021_009116","grey60"
"AAD021_009117","purple"
"AAD021_009122","darkgrey"
"AAD021_009123","pink"
"AAD021_009124","yellow"
"AAD021_009125","salmon"
"AAD021_009127","pink"
"AAD021_009128","turquoise"
"AAD021_009129","lightcyan"
"AAD021_009131","red"
"AAD021_009134","paleturquoise"
"AAD021_009136","darkred"
"AAD021_009139","mediumpurple3"
"AAD021_009141","turquoise"
"AAD021_009142","cyan"
"AAD021_009143","tan"
"AAD021_009144","black"
"AAD021_009145","grey"
"AAD021_009146","lightyellow"
"AAD021_009147","tan"
"AAD021_009148","blue"
"AAD021_009150","pink"
"AAD021_009152","plum1"
"AAD021_009156","lightgreen"
"AAD021_009157","royalblue"
"AAD021_009158","greenyellow"
"AAD021_009160","orangered4"
"AAD021_009162","salmon"
"AAD021_009164","lightgreen"
"AAD021_009167","lightcyan"
"AAD021_009168","black"
"AAD021_009170","blue"
"AAD021_009172","blue"
"AAD021_009174","turquoise"
"AAD021_009175","darkred"
"AAD021_009177","greenyellow"
"AAD021_009179","green"
"AAD021_009181","grey"
"AAD021_009182","midnightblue"
"AAD021_009184","pink"
"AAD021_009185","orange"
"AAD021_009187","green"
"AAD021_009188","brown"
"AAD021_009190","salmon"
"AAD021_009193","darkorange"
"AAD021_009195","grey"
"AAD021_009196","greenyellow"
"AAD021_009198","blue"
"AAD021_009199","grey"
"AAD021_009201","salmon"
"AAD021_009208","turquoise"
"AAD021_009209","lightyellow"
"AAD021_009210","cyan"
"AAD021_009211","darkgrey"
"AAD021_009212","turquoise"
"AAD021_009213","greenyellow"
"AAD021_009215","violet"
"AAD021_009217","turquoise"
"AAD021_009221","skyblue"
"AAD021_009223","midnightblue"
"AAD021_009224","grey"
"AAD021_009225","cyan"
"AAD021_009229","turquoise"
"AAD021_009231","lightyellow"
"AAD021_009236","turquoise"
"AAD021_009240","red"
"AAD021_009243","blue"
"AAD021_009244","blue"
"AAD021_009245","brown"
"AAD021_009249","black"
"AAD021_009250","blue"
"AAD021_009251","turquoise"
"AAD021_009252","darkturquoise"
"AAD021_009253","turquoise"
"AAD021_009255","lightsteelblue1"
"AAD021_009256","turquoise"
"AAD021_009257","royalblue"
"AAD021_009262","turquoise"
"AAD021_009263","turquoise"
"AAD021_009264","turquoise"
"AAD021_009266","cyan"
"AAD021_009273","steelblue"
"AAD021_009274","white"
"AAD021_009277","lightcyan"
"AAD021_009281","greenyellow"
"AAD021_009283","greenyellow"
"AAD021_009284","tan"
"AAD021_009285","saddlebrown"
"AAD021_009286","tan"
"AAD021_009288","turquoise"
"AAD021_009292","grey60"
"AAD021_009293","brown"
"AAD021_009296","midnightblue"
"AAD021_009298","greenyellow"
"AAD021_009302","white"
"AAD021_009303","brown"
"AAD021_009304","grey"
"AAD021_009305","blue"
"AAD021_009306","red"
"AAD021_009307","darkgrey"
"AAD021_009309","cyan"
"AAD021_009310","cyan"
"AAD021_009314","grey60"
"AAD021_009316","royalblue"
"AAD021_009319","salmon"
"AAD021_009320","darkgreen"
"AAD021_009323","orange"
"AAD021_009324","brown"
"AAD021_009325","blue"
"AAD021_009326","mediumpurple3"
"AAD021_009329","green"
"AAD021_009332","turquoise"
"AAD021_009333","brown"
"AAD021_009334","cyan"
"AAD021_009343","green"
"AAD021_009344","tan"
"AAD021_009347","tan"
"AAD021_009348","darkorange"
"AAD021_009351","darkturquoise"
"AAD021_009352","midnightblue"
"AAD021_009355","darkmagenta"
"AAD021_009364","black"
"AAD021_009378","turquoise"
"AAD021_009380","grey"
"AAD021_009385","turquoise"
"AAD021_009390","brown"
"AAD021_009391","black"
"AAD021_009392","lightgreen"
"AAD021_009393","green"
"AAD021_009397","lightyellow"
"AAD021_009402","blue"
"AAD021_009403","grey"
"AAD021_009405","pink"
"AAD021_009406","purple"
"AAD021_009407","blue"
"AAD021_009410","red"
"AAD021_009411","turquoise"
"AAD021_009412","darkturquoise"
"AAD021_009413","blue"
"AAD021_009415","grey"
"AAD021_009416","black"
"AAD021_009417","greenyellow"
"AAD021_009418","blue"
"AAD021_009419","red"
"AAD021_009422","turquoise"
"AAD021_009427","turquoise"
"AAD021_009445","orangered4"
"AAD021_009448","blue"
"AAD021_009451","blue"
"AAD021_009452","lightcyan"
"AAD021_009453","black"
"AAD021_009457","lightcyan"
"AAD021_009458","grey"
"AAD021_009459","turquoise"
"AAD021_009461","red"
"AAD021_004773","cyan"
"AAD021_004776","turquoise"
"AAD021_004779","blue"
"AAD021_004839","lightgreen"
"AAD021_004840","salmon"
"AAD021_004841","skyblue"
"AAD021_004871","brown"
"AAD021_004877","lightyellow"
"AAD021_004878","yellow"
"AAD021_004879","yellow"
"AAD021_004880","midnightblue"
"AAD021_004881","orangered4"
"AAD021_004882","grey"
"AAD021_004883","turquoise"
"AAD021_004884","salmon"
"AAD021_004889","turquoise"
"AAD021_004905","orange"
"AAD021_004906","tan"
"AAD021_004912","darkturquoise"
"AAD021_004913","turquoise"
"AAD021_004914","red"
"AAD021_004915","turquoise"
"AAD021_004916","yellow"
"AAD021_004917","brown"
"AAD021_004921","darkturquoise"
"AAD021_004923","yellowgreen"
"AAD021_004924","midnightblue"
"AAD021_004937","greenyellow"
"AAD021_004939","brown"
"AAD021_004953","salmon"
"AAD021_004957","yellow"
"AAD021_004960","midnightblue"
"AAD021_004967","grey"
"AAD021_004969","turquoise"
"AAD021_004972","turquoise"
"AAD021_004986","greenyellow"
"AAD021_004990","salmon"
"AAD021_005003","grey60"
"AAD021_005006","paleturquoise"
"AAD021_005008","orange"
"AAD021_005009","cyan"
"AAD021_005010","orangered4"
"AAD021_005018","darkred"
"AAD021_005020","darkmagenta"
"AAD021_005021","plum1"
"AAD021_005023","salmon"
"AAD021_005024","turquoise"
"AAD021_005027","purple"
"AAD021_005034","greenyellow"
"AAD021_005036","brown"
"AAD021_005039","cyan"
"AAD021_005042","midnightblue"
"AAD021_005044","tan"
"AAD021_005045","lightyellow"
"AAD021_005046","pink"
"AAD021_005047","brown"
"AAD021_005054","turquoise"
"AAD021_005057","turquoise"
"AAD021_005058","steelblue"
"AAD021_005060","darkmagenta"
"AAD021_005062","magenta"
"AAD021_005064","brown"
"AAD021_005067","darkgrey"
"AAD021_005068","pink"
"AAD021_005070","skyblue"
"AAD021_005071","pink"
"AAD021_005072","grey"
"AAD021_005073","lightgreen"
"AAD021_005078","yellow"
"AAD021_005079","lightcyan"
"AAD021_005080","magenta"
"AAD021_005081","magenta"
"AAD021_005083","black"
"AAD021_005085","turquoise"
"AAD021_005087","black"
"AAD021_005088","yellow"
"AAD021_005090","pink"
"AAD021_005092","lightcyan"
"AAD021_005097","blue"
"AAD021_005100","turquoise"
"AAD021_005103","brown"
"AAD021_005104","brown"
"AAD021_005106","blue"
"AAD021_005108","turquoise"
"AAD021_005109","blue"
"AAD021_005111","blue"
"AAD021_005114","yellow"
"AAD021_005120","red"
"AAD021_005123","blue"
"AAD021_005125","lightcyan"
"AAD021_005127","darkmagenta"
"AAD021_005129","tan"
"AAD021_005130","brown"
"AAD021_005131","brown"
"AAD021_005132","salmon"
"AAD021_005134","lightgreen"
"AAD021_005135","turquoise"
"AAD021_005137","darkmagenta"
"AAD021_005138","green"
"AAD021_005139","darkmagenta"
"AAD021_005140","turquoise"
"AAD021_005142","cyan"
"AAD021_005143","turquoise"
"AAD021_005144","black"
"AAD021_005155","grey60"
"AAD021_005157","green"
"AAD021_005158","black"
"AAD021_005159","darkgreen"
"AAD021_005160","mediumpurple3"
"AAD021_005163","yellow"
"AAD021_005165","grey60"
"AAD021_005167","grey"
"AAD021_005168","blue"
"AAD021_005170","saddlebrown"
"AAD021_005172","grey"
"AAD021_005179","lightcyan"
"AAD021_005182","magenta"
"AAD021_005186","red"
"AAD021_005189","green"
"AAD021_005190","brown"
"AAD021_005191","purple"
"AAD021_005194","turquoise"
"AAD021_005195","darkgreen"
"AAD021_005196","green"
"AAD021_005198","yellowgreen"
"AAD021_005201","cyan"
"AAD021_005202","red"
"AAD021_005203","steelblue"
"AAD021_005205","midnightblue"
"AAD021_005232","black"
"AAD021_005233","blue"
"AAD021_005235","brown"
"AAD021_005238","steelblue"
"AAD021_005241","red"
"AAD021_005245","orangered4"
"AAD021_005247","blue"
"AAD021_005248","skyblue"
"AAD021_005249","pink"
"AAD021_005251","pink"
"AAD021_005254","turquoise"
"AAD021_005266","red"
"AAD021_005267","turquoise"
"AAD021_005269","salmon"
"AAD021_005270","brown"
"AAD021_005271","blue"
"AAD021_005272","greenyellow"
"AAD021_005273","brown"
"AAD021_005274","grey"
"AAD021_005275","salmon"
"AAD021_005277","paleturquoise"
"AAD021_005278","pink"
"AAD021_005281","purple"
"AAD021_005288","green"
"AAD021_005289","blue"
"AAD021_005292","darkgreen"
"AAD021_005294","brown"
"AAD021_005295","skyblue"
"AAD021_005296","brown"
"AAD021_005300","darkorange"
"AAD021_005302","yellow"
"AAD021_005303","grey"
"AAD021_005306","green"
"AAD021_005308","green"
"AAD021_005311","purple"
"AAD021_005312","blue"
"AAD021_005316","lightyellow"
"AAD021_005317","turquoise"
"AAD021_005318","blue"
"AAD021_005319","magenta"
"AAD021_005320","red"
"AAD021_005321","paleturquoise"
"AAD021_005322","darkmagenta"
"AAD021_005327","brown"
"AAD021_005330","black"
"AAD021_005332","green"
"AAD021_005333","greenyellow"
"AAD021_005334","black"
"AAD021_005335","salmon"
"AAD021_005336","violet"
"AAD021_005339","grey60"
"AAD021_005344","greenyellow"
"AAD021_005345","black"
"AAD021_005348","midnightblue"
"AAD021_005349","grey60"
"AAD021_005356","green"
"AAD021_005368","mediumpurple3"
"AAD021_005372","darkmagenta"
"AAD021_005375","greenyellow"
"AAD021_005381","brown"
"AAD021_005413","pink"
"AAD021_005415","darkred"
"AAD021_005416","lightyellow"
"AAD021_005443","brown"
"AAD021_005446","turquoise"
"AAD021_005447","skyblue"
"AAD021_005449","greenyellow"
"AAD021_005452","turquoise"
"AAD021_005455","steelblue"
"AAD021_005457","plum1"
"AAD021_005461","blue"
"AAD021_005469","black"
"AAD021_005497","midnightblue"
"AAD021_005499","green"
"AAD021_005506","blue"
"AAD021_005548","brown"
"AAD021_005556","red"
"AAD021_005557","green"
"AAD021_005558","turquoise"
"AAD021_005605","magenta"
"AAD021_005616","brown"
"AAD021_005646","mediumpurple3"
"AAD021_005647","darkturquoise"
"AAD021_005650","green"
"AAD021_006678","pink"
"AAD021_006679","pink"
"AAD021_006686","black"
"AAD021_006702","white"
"AAD021_006717","lightyellow"
"AAD021_006721","skyblue"
"AAD021_006722","darkolivegreen"
"AAD021_006726","violet"
"AAD021_006727","darkmagenta"
"AAD021_006729","turquoise"
"AAD021_006738","black"
"AAD021_006740","orange"
"AAD021_006742","pink"
"AAD021_006752","lightcyan"
"AAD021_006754","midnightblue"
"AAD021_006762","blue"
"AAD021_006763","turquoise"
"AAD021_006765","salmon"
"AAD021_006773","black"
"AAD021_006774","red"
"AAD021_006780","yellow"
"AAD021_006785","red"
"AAD021_006786","yellowgreen"
"AAD021_006787","red"
"AAD021_006788","lightsteelblue1"
"AAD021_006792","magenta"
"AAD021_006793","black"
"AAD021_006794","magenta"
"AAD021_006798","greenyellow"
"AAD021_006799","green"
"AAD021_006800","brown"
"AAD021_006802","darkturquoise"
"AAD021_006803","darkolivegreen"
"AAD021_006804","blue"
"AAD021_006805","yellow"
"AAD021_006809","green"
"AAD021_006816","turquoise"
"AAD021_006818","brown"
"AAD021_006820","mediumpurple3"
"AAD021_006821","purple"
"AAD021_006822","blue"
"AAD021_006835","mediumpurple3"
"AAD021_006837","salmon"
"AAD021_006838","lightsteelblue1"
"AAD021_006839","yellow"
"AAD021_006840","brown"
"AAD021_006871","green"
"AAD021_006872","yellow"
"AAD021_006880","greenyellow"
"AAD021_006881","grey"
"AAD021_006886","lightgreen"
"AAD021_006888","green"
"AAD021_006892","white"
"AAD021_006893","green"
"AAD021_006894","black"
"AAD021_006896","lightcyan"
"AAD021_006897","cyan"
"AAD021_006898","white"
"AAD021_006900","turquoise"
"AAD021_006902","purple"
"AAD021_006903","lightyellow"
"AAD021_006911","darkgrey"
"AAD021_006916","darkturquoise"
"AAD021_006923","greenyellow"
"AAD021_006924","grey60"
"AAD021_006926","turquoise"
"AAD021_006929","cyan"
"AAD021_006930","lightgreen"
"AAD021_006934","black"
"AAD021_006936","tan"
"AAD021_006937","magenta"
"AAD021_006938","plum1"
"AAD021_006939","turquoise"
"AAD021_006948","grey60"
"AAD021_006949","midnightblue"
"AAD021_006950","pink"
"AAD021_006956","darkgreen"
"AAD021_006957","green"
"AAD021_006960","blue"
"AAD021_006965","pink"
"AAD021_006966","saddlebrown"
"AAD021_006967","black"
"AAD021_006977","brown"
"AAD021_006980","turquoise"
"AAD021_006988","saddlebrown"
"AAD021_007011","pink"
"AAD021_007013","sienna3"
"AAD021_007014","grey60"
"AAD021_007017","sienna3"
"AAD021_007018","darkred"
"AAD021_007021","turquoise"
"AAD021_007023","red"
"AAD021_007033","green"
"AAD021_007034","darkred"
"AAD021_007035","midnightblue"
"AAD021_007038","saddlebrown"
"AAD021_007039","plum1"
"AAD021_007043","darkred"
"AAD021_007044","green"
"AAD021_007049","brown"
"AAD021_007055","green"
"AAD021_007059","salmon"
"AAD021_007061","lightyellow"
"AAD021_007063","green"
"AAD021_007066","darkturquoise"
"AAD021_007067","brown"
"AAD021_007071","salmon"
"AAD021_007074","purple"
"AAD021_007075","greenyellow"
"AAD021_007080","darkturquoise"
"AAD021_007081","blue"
"AAD021_007085","purple"
"AAD021_007087","magenta"
"AAD021_007088","pink"
"AAD021_007089","blue"
"AAD021_007091","lightyellow"
"AAD021_007093","cyan"
"AAD021_007098","yellow"
"AAD021_007099","magenta"
"AAD021_007100","grey"
"AAD021_007103","magenta"
"AAD021_007104","steelblue"
"AAD021_007105","mediumpurple3"
"AAD021_007108","turquoise"
"AAD021_007109","lightsteelblue1"
"AAD021_007110","green"
"AAD021_007111","blue"
"AAD021_007112","blue"
"AAD021_007114","green"
"AAD021_007115","darkgrey"
"AAD021_007117","brown"
"AAD021_007118","turquoise"
"AAD021_007119","pink"
"AAD021_007120","darkgrey"
"AAD021_007124","purple"
"AAD021_007126","turquoise"
"AAD021_007129","darkmagenta"
"AAD021_007130","turquoise"
"AAD021_007132","brown"
"AAD021_007133","turquoise"
"AAD021_007136","magenta"
"AAD021_007138","grey"
"AAD021_007140","greenyellow"
"AAD021_007142","steelblue"
"AAD021_007143","blue"
"AAD021_007145","turquoise"
"AAD021_007146","turquoise"
"AAD021_007147","turquoise"
"AAD021_007148","blue"
"AAD021_007151","turquoise"
"AAD021_007152","steelblue"
"AAD021_007156","lightgreen"
"AAD021_007164","salmon"
"AAD021_007166","darkolivegreen"
"AAD021_007169","blue"
"AAD021_007170","grey"
"AAD021_007172","turquoise"
"AAD021_007175","turquoise"
"AAD021_007176","yellow"
"AAD021_007178","saddlebrown"
"AAD021_007179","cyan"
"AAD021_007182","purple"
"AAD021_007183","purple"
"AAD021_007184","blue"
"AAD021_007186","lightgreen"
"AAD021_007193","yellow"
"AAD021_007194","black"
"AAD021_007196","greenyellow"
"AAD021_007197","steelblue"
"AAD021_007198","black"
"AAD021_007199","tan"
"AAD021_007201","cyan"
"AAD021_007202","green"
"AAD021_007203","magenta"
"AAD021_007204","green"
"AAD021_007207","brown"
"AAD021_007208","blue"
"AAD021_007209","tan"
"AAD021_007211","green"
"AAD021_007212","pink"
"AAD021_007215","brown"
"AAD021_007217","turquoise"
"AAD021_007231","magenta"
"AAD021_007232","brown"
"AAD021_007233","royalblue"
"AAD021_007234","white"
"AAD021_007236","grey"
"AAD021_007238","turquoise"
"AAD021_007240","salmon"
"AAD021_007243","blue"
"AAD021_007244","grey"
"AAD021_007245","mediumpurple3"
"AAD021_007250","turquoise"
"AAD021_007256","greenyellow"
"AAD021_007257","lightcyan"
"AAD021_007258","turquoise"
"AAD021_007260","tan"
"AAD021_007261","salmon"
"AAD021_007262","magenta"
"AAD021_007263","red"
"AAD021_007265","darkorange"
"AAD021_007270","darkolivegreen"
"AAD021_007271","salmon"
"AAD021_007278","green"
"AAD021_007281","turquoise"
"AAD021_007282","tan"
"AAD021_007283","red"
"AAD021_007285","cyan"
"AAD021_007296","yellow"
"AAD021_007299","tan"
"AAD021_007300","paleturquoise"
"AAD021_007305","skyblue"
"AAD021_007308","darkturquoise"
"AAD021_007309","skyblue3"
"AAD021_007312","darkred"
"AAD021_007315","lightgreen"
"AAD021_007323","darkred"
"AAD021_007324","paleturquoise"
"AAD021_007326","green"
"AAD021_007327","green"
"AAD021_007328","yellowgreen"
"AAD021_007329","greenyellow"
"AAD021_007332","pink"
"AAD021_007333","cyan"
"AAD021_007334","red"
"AAD021_007335","turquoise"
"AAD021_007336","brown"
"AAD021_007344","yellowgreen"
"AAD021_007345","skyblue3"
"AAD021_007346","blue"
"AAD021_007347","darkolivegreen"
"AAD021_007351","tan"
"AAD021_007352","brown"
"AAD021_007353","red"
"AAD021_007354","mediumpurple3"
"AAD021_007355","brown"
"AAD021_007356","cyan"
"AAD021_007361","yellow"
"AAD021_007364","grey"
"AAD021_007366","turquoise"
"AAD021_007368","black"
"AAD021_007371","midnightblue"
"AAD021_007375","cyan"
"AAD021_007376","yellow"
"AAD021_007382","purple"
"AAD021_007383","lightyellow"
"AAD021_007384","darkred"
"AAD021_007385","darkorange"
"AAD021_007387","brown"
"AAD021_007388","yellow"
"AAD021_007390","turquoise"
"AAD021_007391","grey"
"AAD021_007395","midnightblue"
"AAD021_007397","black"
"AAD021_007398","pink"
"AAD021_007399","brown"
"AAD021_007401","grey60"
"AAD021_007403","red"
"AAD021_007406","grey"
"AAD021_007408","lightcyan"
"AAD021_007409","yellow"
"AAD021_007413","turquoise"
"AAD021_007414","tan"
"AAD021_007415","lightsteelblue1"
"AAD021_007417","darkorange"
"AAD021_007418","blue"
"AAD021_007419","royalblue"
"AAD021_007420","darkgreen"
"AAD021_007424","salmon"
"AAD021_007425","darkred"
"AAD021_007427","brown"
"AAD021_007429","darkgrey"
"AAD021_007432","magenta"
"AAD021_007435","blue"
"AAD021_007438","red"
"AAD021_007439","grey"
"AAD021_007442","lightyellow"
"AAD021_007443","midnightblue"
"AAD021_007445","saddlebrown"
"AAD021_007446","yellowgreen"
"AAD021_007448","paleturquoise"
"AAD021_007452","skyblue"
"AAD021_007466","turquoise"
"AAD021_007480","darkred"
"AAD021_007481","brown"
"AAD021_007486","purple"
"AAD021_007488","green"
"AAD021_007495","steelblue"
"AAD021_007501","yellow"
"AAD021_007503","darkgreen"
"AAD021_007523","lightsteelblue1"
"AAD021_007524","turquoise"
"AAD021_007530","tan"
"AAD021_007531","brown"
"AAD021_007536","white"
"AAD021_007555","grey60"
"AAD021_007556","salmon"
"AAD021_005706","tan"
"AAD021_005708","lightgreen"
"AAD021_005740","cyan"
"AAD021_005742","red"
"AAD021_005743","magenta"
"AAD021_005745","turquoise"
"AAD021_005750","skyblue3"
"AAD021_005751","tan"
"AAD021_005752","orange"
"AAD021_005756","royalblue"
"AAD021_005757","midnightblue"
"AAD021_005766","paleturquoise"
"AAD021_005769","blue"
"AAD021_005775","turquoise"
"AAD021_005806","grey"
"AAD021_005808","turquoise"
"AAD021_005810","turquoise"
"AAD021_005820","black"
"AAD021_005821","blue"
"AAD021_005827","yellow"
"AAD021_005830","saddlebrown"
"AAD021_005831","darkgrey"
"AAD021_005834","brown"
"AAD021_005847","turquoise"
"AAD021_005851","royalblue"
"AAD021_005857","magenta"
"AAD021_005860","blue"
"AAD021_005861","magenta"
"AAD021_005862","brown"
"AAD021_005866","magenta"
"AAD021_005867","orange"
"AAD021_005869","turquoise"
"AAD021_005872","lightgreen"
"AAD021_005873","grey"
"AAD021_005875","orange"
"AAD021_005876","grey60"
"AAD021_005877","darkgreen"
"AAD021_005880","turquoise"
"AAD021_005882","violet"
"AAD021_005883","blue"
"AAD021_005886","pink"
"AAD021_005902","turquoise"
"AAD021_005924","sienna3"
"AAD021_005928","greenyellow"
"AAD021_005930","darkgrey"
"AAD021_005932","magenta"
"AAD021_005937","turquoise"
"AAD021_005939","black"
"AAD021_005940","lightsteelblue1"
"AAD021_005946","blue"
"AAD021_005948","darkgrey"
"AAD021_005949","pink"
"AAD021_005963","blue"
"AAD021_005966","blue"
"AAD021_005967","lightcyan"
"AAD021_005970","purple"
"AAD021_005971","turquoise"
"AAD021_005972","greenyellow"
"AAD021_005975","red"
"AAD021_005977","darkorange"
"AAD021_005983","greenyellow"
"AAD021_005986","black"
"AAD021_005998","lightcyan"
"AAD021_006001","purple"
"AAD021_006002","lightyellow"
"AAD021_006003","blue"
"AAD021_006004","green"
"AAD021_006009","orangered4"
"AAD021_006011","blue"
"AAD021_006014","red"
"AAD021_006023","lightsteelblue1"
"AAD021_006027","brown"
"AAD021_006028","grey"
"AAD021_006032","yellow"
"AAD021_006034","sienna3"
"AAD021_006035","midnightblue"
"AAD021_006039","cyan"
"AAD021_006047","red"
"AAD021_006052","blue"
"AAD021_006053","skyblue"
"AAD021_006055","blue"
"AAD021_006062","lightgreen"
"AAD021_006066","pink"
"AAD021_006068","brown"
"AAD021_006073","lightyellow"
"AAD021_006074","yellow"
"AAD021_006081","turquoise"
"AAD021_006086","blue"
"AAD021_006091","brown"
"AAD021_006096","grey"
"AAD021_006100","grey"
"AAD021_006101","blue"
"AAD021_006103","green"
"AAD021_006104","blue"
"AAD021_006105","purple"
"AAD021_006106","turquoise"
"AAD021_006109","darkgrey"
"AAD021_006111","steelblue"
"AAD021_006112","yellow"
"AAD021_006113","green"
"AAD021_006116","midnightblue"
"AAD021_006117","paleturquoise"
"AAD021_006118","greenyellow"
"AAD021_006120","darkolivegreen"
"AAD021_006129","brown"
"AAD021_006130","magenta"
"AAD021_006134","turquoise"
"AAD021_006135","midnightblue"
"AAD021_006136","purple"
"AAD021_006137","green"
"AAD021_006141","purple"
"AAD021_006145","darkturquoise"
"AAD021_006147","red"
"AAD021_006148","purple"
"AAD021_006149","white"
"AAD021_006150","green"
"AAD021_006151","turquoise"
"AAD021_006154","white"
"AAD021_006155","blue"
"AAD021_006156","green"
"AAD021_006158","red"
"AAD021_006163","blue"
"AAD021_006164","grey"
"AAD021_006166","mediumpurple3"
"AAD021_006168","blue"
"AAD021_006169","yellowgreen"
"AAD021_006170","midnightblue"
"AAD021_006172","magenta"
"AAD021_006174","darkorange"
"AAD021_006175","lightgreen"
"AAD021_006177","darkgreen"
"AAD021_006180","greenyellow"
"AAD021_006186","pink"
"AAD021_006187","turquoise"
"AAD021_006188","magenta"
"AAD021_006191","lightgreen"
"AAD021_006198","grey60"
"AAD021_006204","red"
"AAD021_006205","plum1"
"AAD021_006207","pink"
"AAD021_006208","green"
"AAD021_006209","blue"
"AAD021_006211","blue"
"AAD021_006214","lightyellow"
"AAD021_006215","blue"
"AAD021_006220","royalblue"
"AAD021_006227","paleturquoise"
"AAD021_006231","blue"
"AAD021_006233","tan"
"AAD021_006239","purple"
"AAD021_006244","turquoise"
"AAD021_006245","darkred"
"AAD021_006247","lightyellow"
"AAD021_006249","red"
"AAD021_006255","yellow"
"AAD021_006256","pink"
"AAD021_006261","turquoise"
"AAD021_006262","yellow"
"AAD021_006263","yellow"
"AAD021_006265","purple"
"AAD021_006266","magenta"
"AAD021_006270","tan"
"AAD021_006271","turquoise"
"AAD021_006274","lightyellow"
"AAD021_006275","salmon"
"AAD021_006278","turquoise"
"AAD021_006281","brown"
"AAD021_006284","brown"
"AAD021_006285","tan"
"AAD021_006289","purple"
"AAD021_006290","skyblue3"
"AAD021_006291","blue"
"AAD021_006292","greenyellow"
"AAD021_006295","green"
"AAD021_006296","purple"
"AAD021_006304","mediumpurple3"
"AAD021_006305","greenyellow"
"AAD021_006307","magenta"
"AAD021_006312","green"
"AAD021_006313","greenyellow"
"AAD021_006314","salmon"
"AAD021_006315","grey60"
"AAD021_006324","turquoise"
"AAD021_006326","green"
"AAD021_006332","green"
"AAD021_006338","lightyellow"
"AAD021_006339","turquoise"
"AAD021_006342","turquoise"
"AAD021_006343","grey60"
"AAD021_006345","paleturquoise"
"AAD021_006348","red"
"AAD021_006351","blue"
"AAD021_006352","magenta"
"AAD021_006353","magenta"
"AAD021_006354","skyblue3"
"AAD021_006355","green"
"AAD021_006356","royalblue"
"AAD021_006358","cyan"
"AAD021_006361","darkorange"
"AAD021_006362","yellow"
"AAD021_006363","steelblue"
"AAD021_006364","grey"
"AAD021_006365","darkorange"
"AAD021_006368","darkred"
"AAD021_006369","blue"
"AAD021_006372","brown"
"AAD021_006373","brown"
"AAD021_006379","turquoise"
"AAD021_006380","skyblue3"
"AAD021_006385","grey60"
"AAD021_006387","skyblue"
"AAD021_006388","blue"
"AAD021_006389","lightgreen"
"AAD021_006390","yellow"
"AAD021_006391","orange"
"AAD021_006393","darkgreen"
"AAD021_006394","grey"
"AAD021_006396","grey"
"AAD021_006398","purple"
"AAD021_006399","grey"
"AAD021_006400","blue"
"AAD021_006401","blue"
"AAD021_006402","yellow"
"AAD021_006403","turquoise"
"AAD021_006404","grey"
"AAD021_006405","darkred"
"AAD021_006406","darkturquoise"
"AAD021_006410","salmon"
"AAD021_006411","pink"
"AAD021_006416","blue"
"AAD021_006417","darkorange"
"AAD021_006418","royalblue"
"AAD021_006420","lightyellow"
"AAD021_006421","blue"
"AAD021_006422","lightyellow"
"AAD021_006423","grey"
"AAD021_006426","orangered4"
"AAD021_006431","grey60"
"AAD021_006432","lightgreen"
"AAD021_006433","paleturquoise"
"AAD021_006434","royalblue"
"AAD021_006435","orange"
"AAD021_006436","lightcyan"
"AAD021_006437","pink"
"AAD021_006439","purple"
"AAD021_006442","lightsteelblue1"
"AAD021_006444","black"
"AAD021_006446","purple"
"AAD021_006447","black"
"AAD021_006448","blue"
"AAD021_006450","turquoise"
"AAD021_006451","salmon"
"AAD021_006453","greenyellow"
"AAD021_006454","mediumpurple3"
"AAD021_006455","blue"
"AAD021_006456","yellow"
"AAD021_006457","purple"
"AAD021_006458","magenta"
"AAD021_006465","salmon"
"AAD021_006466","greenyellow"
"AAD021_006467","sienna3"
"AAD021_006470","mediumpurple3"
"AAD021_006471","midnightblue"
"AAD021_006473","blue"
"AAD021_006474","darkred"
"AAD021_006475","blue"
"AAD021_006476","turquoise"
"AAD021_006478","magenta"
"AAD021_006481","red"
"AAD021_006487","darkmagenta"
"AAD021_006489","orange"
"AAD021_006490","yellow"
"AAD021_006491","brown"
"AAD021_006494","turquoise"
"AAD021_006495","grey"
"AAD021_006496","green"
"AAD021_006497","green"
"AAD021_006499","greenyellow"
"AAD021_006500","green"
"AAD021_006501","black"
"AAD021_006502","yellowgreen"
"AAD021_006503","lightcyan"
"AAD021_006506","turquoise"
"AAD021_006509","turquoise"
"AAD021_006512","blue"
"AAD021_006513","sienna3"
"AAD021_006517","saddlebrown"
"AAD021_006519","greenyellow"
"AAD021_006522","turquoise"
"AAD021_006526","tan"
"AAD021_006530","turquoise"
"AAD021_006542","blue"
"AAD021_006543","grey"
"AAD021_006546","purple"
"AAD021_006547","magenta"
"AAD021_006549","yellow"
"AAD021_006550","lightyellow"
"AAD021_006551","yellow"
"AAD021_006553","plum1"
"AAD021_006556","greenyellow"
"AAD021_006557","pink"
"AAD021_006560","purple"
"AAD021_006561","tan"
"AAD021_006564","blue"
"AAD021_006565","white"
"AAD021_006567","blue"
"AAD021_006568","darkturquoise"
"AAD021_006569","greenyellow"
"AAD021_006571","sienna3"
"AAD021_006572","white"
"AAD021_006576","darkturquoise"
"AAD021_006577","green"
"AAD021_006595","brown"
"AAD021_006607","green"
"AAD021_006660","turquoise"
"AAD021_003454","black"
"AAD021_003455","cyan"
"AAD021_003458","salmon"
"AAD021_003488","turquoise"
"AAD021_003492","lightyellow"
"AAD021_003497","pink"
"AAD021_003508","green"
"AAD021_003510","grey"
"AAD021_003516","magenta"
"AAD021_003519","skyblue3"
"AAD021_003521","darkgrey"
"AAD021_003522","darkred"
"AAD021_003523","black"
"AAD021_003524","skyblue"
"AAD021_003527","grey60"
"AAD021_003528","brown"
"AAD021_003530","orange"
"AAD021_003534","purple"
"AAD021_003535","black"
"AAD021_003536","purple"
"AAD021_003538","turquoise"
"AAD021_003539","darkgreen"
"AAD021_003541","saddlebrown"
"AAD021_003542","grey"
"AAD021_003549","black"
"AAD021_003557","brown"
"AAD021_003562","orangered4"
"AAD021_003567","brown"
"AAD021_003568","midnightblue"
"AAD021_003571","grey60"
"AAD021_003573","green"
"AAD021_003575","turquoise"
"AAD021_003581","violet"
"AAD021_003582","brown"
"AAD021_003586","lightyellow"
"AAD021_003588","turquoise"
"AAD021_003590","green"
"AAD021_003592","green"
"AAD021_003594","yellow"
"AAD021_003596","tan"
"AAD021_003598","pink"
"AAD021_003599","blue"
"AAD021_003600","lightcyan"
"AAD021_003603","blue"
"AAD021_003605","grey"
"AAD021_003608","turquoise"
"AAD021_003610","tan"
"AAD021_003611","salmon"
"AAD021_003612","turquoise"
"AAD021_003613","lightyellow"
"AAD021_003615","brown"
"AAD021_003616","yellow"
"AAD021_003617","cyan"
"AAD021_003618","orangered4"
"AAD021_003620","midnightblue"
"AAD021_003621","greenyellow"
"AAD021_003623","red"
"AAD021_003624","blue"
"AAD021_003625","turquoise"
"AAD021_003626","turquoise"
"AAD021_003627","brown"
"AAD021_003637","greenyellow"
"AAD021_003638","darkgreen"
"AAD021_003639","magenta"
"AAD021_003640","paleturquoise"
"AAD021_003641","yellow"
"AAD021_003642","yellow"
"AAD021_003644","turquoise"
"AAD021_003646","grey60"
"AAD021_003649","blue"
"AAD021_003650","blue"
"AAD021_003652","royalblue"
"AAD021_003655","blue"
"AAD021_003657","blue"
"AAD021_003659","purple"
"AAD021_003660","green"
"AAD021_003661","tan"
"AAD021_003663","blue"
"AAD021_003664","green"
"AAD021_003665","grey"
"AAD021_003666","blue"
"AAD021_003671","saddlebrown"
"AAD021_003672","yellow"
"AAD021_003674","blue"
"AAD021_003675","midnightblue"
"AAD021_003676","midnightblue"
"AAD021_003677","salmon"
"AAD021_003678","lightsteelblue1"
"AAD021_003679","cyan"
"AAD021_003680","skyblue3"
"AAD021_003682","tan"
"AAD021_003685","lightcyan"
"AAD021_003687","brown"
"AAD021_003688","pink"
"AAD021_003689","blue"
"AAD021_003690","saddlebrown"
"AAD021_003693","red"
"AAD021_003694","green"
"AAD021_003695","blue"
"AAD021_003696","tan"
"AAD021_003697","plum1"
"AAD021_003698","turquoise"
"AAD021_003700","yellow"
"AAD021_003701","black"
"AAD021_003702","magenta"
"AAD021_003703","red"
"AAD021_003704","turquoise"
"AAD021_003706","green"
"AAD021_003707","grey60"
"AAD021_003708","paleturquoise"
"AAD021_003709","lightyellow"
"AAD021_003711","darkorange"
"AAD021_003712","lightsteelblue1"
"AAD021_003713","orangered4"
"AAD021_003717","brown"
"AAD021_003718","greenyellow"
"AAD021_003721","turquoise"
"AAD021_003722","lightyellow"
"AAD021_003723","blue"
"AAD021_003724","blue"
"AAD021_003725","tan"
"AAD021_003727","turquoise"
"AAD021_003728","green"
"AAD021_003730","brown"
"AAD021_003731","brown"
"AAD021_003732","blue"
"AAD021_003737","black"
"AAD021_003738","yellow"
"AAD021_003739","green"
"AAD021_003742","turquoise"
"AAD021_003745","turquoise"
"AAD021_003746","lightsteelblue1"
"AAD021_003747","greenyellow"
"AAD021_003749","turquoise"
"AAD021_003750","cyan"
"AAD021_003752","yellow"
"AAD021_003754","salmon"
"AAD021_003756","brown"
"AAD021_003757","red"
"AAD021_003760","green"
"AAD021_003763","green"
"AAD021_003764","sienna3"
"AAD021_003765","blue"
"AAD021_003766","midnightblue"
"AAD021_003770","green"
"AAD021_003774","cyan"
"AAD021_003775","black"
"AAD021_003777","blue"
"AAD021_003778","red"
"AAD021_003779","black"
"AAD021_003780","red"
"AAD021_003782","darkorange"
"AAD021_003783","mediumpurple3"
"AAD021_003784","yellow"
"AAD021_003785","turquoise"
"AAD021_003790","darkgrey"
"AAD021_003791","lightgreen"
"AAD021_003792","grey60"
"AAD021_003794","purple"
"AAD021_003795","salmon"
"AAD021_003797","green"
"AAD021_003798","purple"
"AAD021_003801","turquoise"
"AAD021_003803","brown"
"AAD021_003804","turquoise"
"AAD021_003805","turquoise"
"AAD021_003808","darkgrey"
"AAD021_003809","black"
"AAD021_003814","brown"
"AAD021_003816","brown"
"AAD021_003820","yellow"
"AAD021_003821","turquoise"
"AAD021_003830","brown"
"AAD021_003833","black"
"AAD021_003839","lightyellow"
"AAD021_003840","green"
"AAD021_003841","orange"
"AAD021_003844","royalblue"
"AAD021_003847","cyan"
"AAD021_003848","darkgrey"
"AAD021_003849","tan"
"AAD021_003850","blue"
"AAD021_003852","green"
"AAD021_003855","turquoise"
"AAD021_003856","grey"
"AAD021_003857","orangered4"
"AAD021_003859","red"
"AAD021_003861","yellow"
"AAD021_003862","violet"
"AAD021_003865","green"
"AAD021_003867","blue"
"AAD021_003869","violet"
"AAD021_003870","yellow"
"AAD021_003871","black"
"AAD021_003873","brown"
"AAD021_003874","grey"
"AAD021_003875","blue"
"AAD021_003876","orange"
"AAD021_003878","black"
"AAD021_003879","black"
"AAD021_003880","royalblue"
"AAD021_003882","cyan"
"AAD021_003885","darkred"
"AAD021_003886","pink"
"AAD021_003888","blue"
"AAD021_003889","black"
"AAD021_003890","yellowgreen"
"AAD021_003893","skyblue3"
"AAD021_003897","steelblue"
"AAD021_003899","magenta"
"AAD021_003900","turquoise"
"AAD021_003902","yellow"
"AAD021_003904","turquoise"
"AAD021_003906","darkorange"
"AAD021_003907","red"
"AAD021_003910","yellow"
"AAD021_003912","salmon"
"AAD021_003913","white"
"AAD021_003914","white"
"AAD021_003915","grey"
"AAD021_003916","magenta"
"AAD021_003918","grey"
"AAD021_003919","turquoise"
"AAD021_003920","royalblue"
"AAD021_003924","skyblue3"
"AAD021_003925","blue"
"AAD021_003926","purple"
"AAD021_003927","brown"
"AAD021_003931","turquoise"
"AAD021_003932","green"
"AAD021_003933","yellow"
"AAD021_003935","grey"
"AAD021_003936","red"
"AAD021_003938","purple"
"AAD021_003939","blue"
"AAD021_003940","black"
"AAD021_003941","blue"
"AAD021_003942","red"
"AAD021_003943","turquoise"
"AAD021_003944","red"
"AAD021_003945","darkgreen"
"AAD021_003946","salmon"
"AAD021_003947","red"
"AAD021_003950","royalblue"
"AAD021_003951","black"
"AAD021_003954","blue"
"AAD021_003955","skyblue"
"AAD021_003956","royalblue"
"AAD021_003958","royalblue"
"AAD021_003960","tan"
"AAD021_003961","blue"
"AAD021_003965","yellow"
"AAD021_003968","turquoise"
"AAD021_003969","brown"
"AAD021_003970","turquoise"
"AAD021_003971","purple"
"AAD021_003972","turquoise"
"AAD021_003973","greenyellow"
"AAD021_003974","saddlebrown"
"AAD021_003976","pink"
"AAD021_003977","yellow"
"AAD021_003978","darkgrey"
"AAD021_003983","turquoise"
"AAD021_003984","turquoise"
"AAD021_003985","blue"
"AAD021_003986","blue"
"AAD021_003987","turquoise"
"AAD021_003990","green"
"AAD021_003991","greenyellow"
"AAD021_003992","green"
"AAD021_003994","lightgreen"
"AAD021_003995","green"
"AAD021_003997","black"
"AAD021_004005","orangered4"
"AAD021_004006","pink"
"AAD021_004007","yellow"
"AAD021_004008","turquoise"
"AAD021_004011","lightgreen"
"AAD021_004012","sienna3"
"AAD021_004014","yellow"
"AAD021_004018","lightyellow"
"AAD021_004020","blue"
"AAD021_004021","grey"
"AAD021_004022","grey"
"AAD021_004029","grey"
"AAD021_004030","lightyellow"
"AAD021_004032","cyan"
"AAD021_004033","blue"
"AAD021_004034","royalblue"
"AAD021_004039","salmon"
"AAD021_004040","yellow"
"AAD021_004041","mediumpurple3"
"AAD021_004042","orangered4"
"AAD021_004044","yellow"
"AAD021_004045","yellow"
"AAD021_004048","darkred"
"AAD021_004049","yellow"
"AAD021_004051","darkgreen"
"AAD021_004052","blue"
"AAD021_004054","midnightblue"
"AAD021_004056","red"
"AAD021_004057","greenyellow"
"AAD021_004060","pink"
"AAD021_004061","darkred"
"AAD021_004062","salmon"
"AAD021_004064","pink"
"AAD021_004065","blue"
"AAD021_004069","purple"
"AAD021_004070","lightgreen"
"AAD021_004071","blue"
"AAD021_004073","greenyellow"
"AAD021_004074","blue"
"AAD021_004077","paleturquoise"
"AAD021_004078","yellow"
"AAD021_004082","blue"
"AAD021_004084","turquoise"
"AAD021_004085","yellow"
"AAD021_004087","turquoise"
"AAD021_004088","turquoise"
"AAD021_004090","green"
"AAD021_004092","blue"
"AAD021_004093","steelblue"
"AAD021_004094","blue"
"AAD021_004095","mediumpurple3"
"AAD021_004097","pink"
"AAD021_004098","greenyellow"
"AAD021_004099","plum1"
"AAD021_004101","lightyellow"
"AAD021_004103","purple"
"AAD021_004106","cyan"
"AAD021_004107","turquoise"
"AAD021_004108","magenta"
"AAD021_004121","purple"
"AAD021_004122","pink"
"AAD021_004123","lightgreen"
"AAD021_004124","darkorange"
"AAD021_004127","turquoise"
"AAD021_004129","purple"
"AAD021_004132","brown"
"AAD021_004133","black"
"AAD021_004134","darkorange"
"AAD021_004136","grey60"
"AAD021_004137","red"
"AAD021_004140","orange"
"AAD021_004142","yellowgreen"
"AAD021_004143","grey60"
"AAD021_004144","salmon"
"AAD021_004146","grey"
"AAD021_004147","brown"
"AAD021_004148","pink"
"AAD021_004149","pink"
"AAD021_004150","blue"
"AAD021_004151","turquoise"
"AAD021_004152","magenta"
"AAD021_004153","black"
"AAD021_004154","darkolivegreen"
"AAD021_004155","brown"
"AAD021_004157","yellow"
"AAD021_004158","green"
"AAD021_004159","grey60"
"AAD021_004161","greenyellow"
"AAD021_004163","turquoise"
"AAD021_004164","steelblue"
"AAD021_004166","yellow"
"AAD021_004169","yellow"
"AAD021_004170","turquoise"
"AAD021_004173","pink"
"AAD021_004174","green"
"AAD021_004177","skyblue"
"AAD021_004178","orangered4"
"AAD021_004179","turquoise"
"AAD021_004180","turquoise"
"AAD021_004182","green"
"AAD021_004184","yellow"
"AAD021_004185","pink"
"AAD021_004186","darkturquoise"
"AAD021_004189","midnightblue"
"AAD021_004190","greenyellow"
"AAD021_004192","turquoise"
"AAD021_004195","turquoise"
"AAD021_004196","turquoise"
"AAD021_004199","midnightblue"
"AAD021_004204","grey"
"AAD021_004207","royalblue"
"AAD021_004211","grey"
"AAD021_004212","darkgreen"
"AAD021_004213","salmon"
"AAD021_004215","darkgrey"
"AAD021_004218","grey"
"AAD021_004219","red"
"AAD021_004222","purple"
"AAD021_004224","black"
"AAD021_004227","orange"
"AAD021_004229","grey60"
"AAD021_004232","green"
"AAD021_004235","magenta"
"AAD021_004236","skyblue3"
"AAD021_004238","turquoise"
"AAD021_004239","turquoise"
"AAD021_004240","yellow"
"AAD021_004241","pink"
"AAD021_004242","royalblue"
"AAD021_004244","black"
"AAD021_004246","turquoise"
"AAD021_004247","lightgreen"
"AAD021_004248","magenta"
"AAD021_004251","grey"
"AAD021_004255","blue"
"AAD021_004256","lightgreen"
"AAD021_004257","turquoise"
"AAD021_004261","paleturquoise"
"AAD021_004262","turquoise"
"AAD021_004271","brown"
"AAD021_004272","green"
"AAD021_004277","grey"
"AAD021_004278","darkgrey"
"AAD021_004279","yellowgreen"
"AAD021_004280","lightcyan"
"AAD021_004281","turquoise"
"AAD021_004282","pink"
"AAD021_004285","greenyellow"
"AAD021_004286","orange"
"AAD021_004288","pink"
"AAD021_004291","cyan"
"AAD021_004292","paleturquoise"
"AAD021_004294","turquoise"
"AAD021_004296","brown"
"AAD021_004298","blue"
"AAD021_004304","pink"
"AAD021_004305","purple"
"AAD021_004313","purple"
"AAD021_004314","tan"
"AAD021_004316","red"
"AAD021_004317","lightgreen"
"AAD021_004321","blue"
"AAD021_004322","cyan"
"AAD021_004323","tan"
"AAD021_004325","salmon"
"AAD021_004330","darkturquoise"
"AAD021_004331","darkolivegreen"
"AAD021_004332","green"
"AAD021_004333","pink"
"AAD021_004334","pink"
"AAD021_004335","turquoise"
"AAD021_004339","magenta"
"AAD021_004340","turquoise"
"AAD021_004341","turquoise"
"AAD021_004342","pink"
"AAD021_004343","lightgreen"
"AAD021_004344","red"
"AAD021_004345","pink"
"AAD021_004346","magenta"
"AAD021_004348","tan"
"AAD021_004349","magenta"
"AAD021_004350","yellowgreen"
"AAD021_004351","cyan"
"AAD021_004352","black"
"AAD021_004353","turquoise"
"AAD021_004355","lightsteelblue1"
"AAD021_004356","green"
"AAD021_004357","green"
"AAD021_004358","darkgreen"
"AAD021_004359","greenyellow"
"AAD021_004360","purple"
"AAD021_004363","green"
"AAD021_004366","darkturquoise"
"AAD021_004367","turquoise"
"AAD021_004370","midnightblue"
"AAD021_004371","yellow"
"AAD021_004374","turquoise"
"AAD021_004377","cyan"
"AAD021_004378","red"
"AAD021_004381","brown"
"AAD021_004382","salmon"
"AAD021_004383","magenta"
"AAD021_004385","tan"
"AAD021_004386","yellow"
"AAD021_004387","blue"
"AAD021_004389","turquoise"
"AAD021_004390","green"
"AAD021_004391","cyan"
"AAD021_004392","turquoise"
"AAD021_004395","magenta"
"AAD021_004396","tan"
"AAD021_004399","turquoise"
"AAD021_004400","purple"
"AAD021_004401","pink"
"AAD021_004404","greenyellow"
"AAD021_004405","greenyellow"
"AAD021_004407","midnightblue"
"AAD021_004409","royalblue"
"AAD021_004411","grey"
"AAD021_004412","skyblue3"
"AAD021_004414","red"
"AAD021_004415","royalblue"
"AAD021_004420","red"
"AAD021_004421","magenta"
"AAD021_004422","green"
"AAD021_004423","grey60"
"AAD021_004424","turquoise"
"AAD021_004425","paleturquoise"
"AAD021_004427","orange"
"AAD021_004428","magenta"
"AAD021_004430","cyan"
"AAD021_004432","turquoise"
"AAD021_004433","magenta"
"AAD021_004438","sienna3"
"AAD021_004443","paleturquoise"
"AAD021_004445","turquoise"
"AAD021_004448","tan"
"AAD021_004449","red"
"AAD021_004452","blue"
"AAD021_004454","turquoise"
"AAD021_004460","grey"
"AAD021_004461","grey"
"AAD021_004467","brown"
"AAD021_004469","red"
"AAD021_004471","darkolivegreen"
"AAD021_004473","midnightblue"
"AAD021_004477","purple"
"AAD021_004478","darkturquoise"
"AAD021_004481","lightsteelblue1"
"AAD021_004482","white"
"AAD021_004484","green"
"AAD021_004485","purple"
"AAD021_004488","darkmagenta"
"AAD021_004489","lightyellow"
"AAD021_004490","magenta"
"AAD021_004500","greenyellow"
"AAD021_004502","mediumpurple3"
"AAD021_004505","yellow"
"AAD021_004507","lightcyan"
"AAD021_004514","skyblue"
"AAD021_004515","royalblue"
"AAD021_004516","yellow"
"AAD021_004517","greenyellow"
"AAD021_004518","green"
"AAD021_004521","steelblue"
"AAD021_004522","black"
"AAD021_004524","blue"
"AAD021_004525","lightcyan"
"AAD021_004535","darkgrey"
"AAD021_004537","white"
"AAD021_004540","white"
"AAD021_004542","blue"
"AAD021_004547","darkturquoise"
"AAD021_004549","pink"
"AAD021_004552","lightsteelblue1"
"AAD021_004553","black"
"AAD021_004554","brown"
"AAD021_004560","green"
"AAD021_004561","tan"
"AAD021_004574","red"
"AAD021_004575","turquoise"
"AAD021_004576","yellow"
"AAD021_004578","darkgreen"
"AAD021_004580","grey60"
"AAD021_004581","turquoise"
"AAD021_004582","green"
"AAD021_004583","turquoise"
"AAD021_004584","grey"
"AAD021_004585","greenyellow"
"AAD021_004586","grey"
"AAD021_004589","darkgrey"
"AAD021_004590","royalblue"
"AAD021_004594","darkolivegreen"
"AAD021_004599","tan"
"AAD021_004600","darkturquoise"
"AAD021_004601","lightgreen"
"AAD021_004602","turquoise"
"AAD021_004603","blue"
"AAD021_004605","brown"
"AAD021_004606","purple"
"AAD021_004610","paleturquoise"
"AAD021_004611","darkorange"
"AAD021_004612","skyblue3"
"AAD021_004616","plum1"
"AAD021_004617","greenyellow"
"AAD021_004622","darkgreen"
"AAD021_004623","turquoise"
"AAD021_004631","blue"
"AAD021_004633","tan"
"AAD021_004635","cyan"
"AAD021_004636","lightcyan"
"AAD021_004637","grey"
"AAD021_004638","midnightblue"
"AAD021_004639","saddlebrown"
"AAD021_004640","midnightblue"
"AAD021_004643","green"
"AAD021_004645","darkorange"
"AAD021_004650","orange"
"AAD021_004652","lightgreen"
"AAD021_004658","paleturquoise"
"AAD021_004666","white"
"AAD021_004667","brown"
"AAD021_004669","blue"
"AAD021_004673","purple"
"AAD021_004679","turquoise"
"AAD021_004683","skyblue3"
"AAD021_004684","skyblue3"
"AAD021_004685","steelblue"
"AAD021_004686","midnightblue"
"AAD021_004687","lightgreen"
"AAD021_004688","greenyellow"
"AAD021_004690","darkorange"
"AAD021_004691","turquoise"
"AAD021_004692","darkturquoise"
"AAD021_004697","pink"
"AAD021_004705","cyan"
"AAD021_004706","darkred"
"AAD021_004707","red"
"AAD021_004709","brown"
"AAD021_004710","blue"
"AAD021_004712","darkred"
"AAD021_004713","blue"
"AAD021_004714","darkorange"
"AAD021_004715","brown"
"AAD021_004717","turquoise"
"AAD021_004756","midnightblue"
"AAD021_004762","brown"
"AAD021_004764","plum1"
"AAD021_001792","yellow"
"AAD021_001793","grey60"
"AAD021_001794","salmon"
"AAD021_001795","black"
"AAD021_001796","blue"
"AAD021_001797","yellow"
"AAD021_001833","red"
"AAD021_001834","sienna3"
"AAD021_001848","violet"
"AAD021_001865","lightyellow"
"AAD021_001868","red"
"AAD021_001899","black"
"AAD021_001907","blue"
"AAD021_001915","brown"
"AAD021_001916","black"
"AAD021_001920","brown"
"AAD021_001921","orange"
"AAD021_001930","brown"
"AAD021_001932","pink"
"AAD021_001992","blue"
"AAD021_002003","purple"
"AAD021_002004","orange"
"AAD021_002008","brown"
"AAD021_002009","skyblue"
"AAD021_002010","lightgreen"
"AAD021_002011","turquoise"
"AAD021_002012","darkturquoise"
"AAD021_002015","darkmagenta"
"AAD021_002016","lightyellow"
"AAD021_002023","turquoise"
"AAD021_002027","brown"
"AAD021_002036","turquoise"
"AAD021_002041","black"
"AAD021_002044","blue"
"AAD021_002045","skyblue3"
"AAD021_002046","turquoise"
"AAD021_002047","orangered4"
"AAD021_002048","purple"
"AAD021_002049","turquoise"
"AAD021_002050","red"
"AAD021_002051","blue"
"AAD021_002052","lightyellow"
"AAD021_002053","turquoise"
"AAD021_002055","turquoise"
"AAD021_002057","black"
"AAD021_002061","paleturquoise"
"AAD021_002063","brown"
"AAD021_002066","lightgreen"
"AAD021_002073","salmon"
"AAD021_002074","darkgrey"
"AAD021_002075","darkolivegreen"
"AAD021_002077","greenyellow"
"AAD021_002079","violet"
"AAD021_002081","darkgreen"
"AAD021_002082","plum1"
"AAD021_002083","white"
"AAD021_002084","tan"
"AAD021_002092","green"
"AAD021_002093","brown"
"AAD021_002095","magenta"
"AAD021_002096","black"
"AAD021_002097","blue"
"AAD021_002098","green"
"AAD021_002100","violet"
"AAD021_002103","darkolivegreen"
"AAD021_002104","skyblue"
"AAD021_002105","brown"
"AAD021_002106","midnightblue"
"AAD021_002111","blue"
"AAD021_002112","green"
"AAD021_002115","tan"
"AAD021_002120","yellow"
"AAD021_002123","cyan"
"AAD021_002152","tan"
"AAD021_002153","magenta"
"AAD021_002154","grey"
"AAD021_002155","darkmagenta"
"AAD021_002157","sienna3"
"AAD021_002158","salmon"
"AAD021_002163","salmon"
"AAD021_002164","darkred"
"AAD021_002171","grey60"
"AAD021_002173","turquoise"
"AAD021_002174","turquoise"
"AAD021_002175","blue"
"AAD021_002176","blue"
"AAD021_002177","turquoise"
"AAD021_002178","mediumpurple3"
"AAD021_002180","lightyellow"
"AAD021_002187","purple"
"AAD021_002188","blue"
"AAD021_002191","yellow"
"AAD021_002192","blue"
"AAD021_002193","royalblue"
"AAD021_002200","turquoise"
"AAD021_002202","yellow"
"AAD021_002203","purple"
"AAD021_002204","tan"
"AAD021_002205","green"
"AAD021_002206","black"
"AAD021_002207","red"
"AAD021_002214","darkolivegreen"
"AAD021_002215","midnightblue"
"AAD021_002218","lightcyan"
"AAD021_002219","magenta"
"AAD021_002222","yellow"
"AAD021_002224","midnightblue"
"AAD021_002225","brown"
"AAD021_002227","yellow"
"AAD021_002233","orangered4"
"AAD021_002234","turquoise"
"AAD021_002237","skyblue"
"AAD021_002239","green"
"AAD021_002240","yellow"
"AAD021_002243","blue"
"AAD021_002246","blue"
"AAD021_002247","grey60"
"AAD021_002249","turquoise"
"AAD021_002250","turquoise"
"AAD021_002253","darkturquoise"
"AAD021_002254","black"
"AAD021_002255","brown"
"AAD021_002256","green"
"AAD021_002257","yellow"
"AAD021_002258","orange"
"AAD021_002259","cyan"
"AAD021_002266","red"
"AAD021_002269","tan"
"AAD021_002270","tan"
"AAD021_002272","green"
"AAD021_002275","pink"
"AAD021_002277","purple"
"AAD021_002280","turquoise"
"AAD021_002282","brown"
"AAD021_002283","midnightblue"
"AAD021_002284","white"
"AAD021_002287","pink"
"AAD021_002289","saddlebrown"
"AAD021_002290","red"
"AAD021_002291","black"
"AAD021_002292","turquoise"
"AAD021_002293","magenta"
"AAD021_002294","yellowgreen"
"AAD021_002295","turquoise"
"AAD021_002296","green"
"AAD021_002297","grey"
"AAD021_002299","blue"
"AAD021_002301","red"
"AAD021_002302","midnightblue"
"AAD021_002303","yellow"
"AAD021_002304","blue"
"AAD021_002305","lightyellow"
"AAD021_002306","blue"
"AAD021_002309","magenta"
"AAD021_002310","black"
"AAD021_002311","grey"
"AAD021_002312","turquoise"
"AAD021_002313","blue"
"AAD021_002315","yellowgreen"
"AAD021_002316","black"
"AAD021_002317","yellow"
"AAD021_002321","salmon"
"AAD021_002323","darkorange"
"AAD021_002324","green"
"AAD021_002325","cyan"
"AAD021_002326","steelblue"
"AAD021_002327","turquoise"
"AAD021_002329","yellow"
"AAD021_002330","lightcyan"
"AAD021_002331","darkolivegreen"
"AAD021_002334","skyblue"
"AAD021_002335","black"
"AAD021_002336","grey"
"AAD021_002337","brown"
"AAD021_002338","brown"
"AAD021_002339","pink"
"AAD021_002340","sienna3"
"AAD021_002343","lightcyan"
"AAD021_002344","pink"
"AAD021_002345","tan"
"AAD021_002349","steelblue"
"AAD021_002352","white"
"AAD021_002353","cyan"
"AAD021_002355","royalblue"
"AAD021_002356","darkturquoise"
"AAD021_002358","darkgreen"
"AAD021_002359","darkmagenta"
"AAD021_002360","purple"
"AAD021_002361","paleturquoise"
"AAD021_002362","turquoise"
"AAD021_002363","royalblue"
"AAD021_002364","royalblue"
"AAD021_002365","tan"
"AAD021_002367","purple"
"AAD021_002368","red"
"AAD021_002370","plum1"
"AAD021_002371","grey60"
"AAD021_002372","purple"
"AAD021_002374","grey60"
"AAD021_002375","green"
"AAD021_002376","turquoise"
"AAD021_002377","grey"
"AAD021_002383","darkred"
"AAD021_002390","skyblue3"
"AAD021_002391","tan"
"AAD021_002392","darkolivegreen"
"AAD021_002393","red"
"AAD021_002394","red"
"AAD021_002395","magenta"
"AAD021_002396","orange"
"AAD021_002398","purple"
"AAD021_002399","turquoise"
"AAD021_002400","darkred"
"AAD021_002401","violet"
"AAD021_002402","plum1"
"AAD021_002403","darkturquoise"
"AAD021_002405","tan"
"AAD021_002406","brown"
"AAD021_002408","plum1"
"AAD021_002412","turquoise"
"AAD021_002413","violet"
"AAD021_002418","pink"
"AAD021_002422","purple"
"AAD021_002423","blue"
"AAD021_002425","pink"
"AAD021_002426","lightcyan"
"AAD021_002427","grey60"
"AAD021_002428","brown"
"AAD021_002429","blue"
"AAD021_002430","brown"
"AAD021_002431","yellow"
"AAD021_002432","red"
"AAD021_002433","cyan"
"AAD021_002434","magenta"
"AAD021_002436","midnightblue"
"AAD021_002438","yellowgreen"
"AAD021_002439","grey"
"AAD021_002440","red"
"AAD021_002441","midnightblue"
"AAD021_002442","greenyellow"
"AAD021_002443","salmon"
"AAD021_002444","pink"
"AAD021_002448","green"
"AAD021_002449","red"
"AAD021_002450","turquoise"
"AAD021_002451","blue"
"AAD021_002454","turquoise"
"AAD021_002460","darkturquoise"
"AAD021_002461","pink"
"AAD021_002462","skyblue"
"AAD021_002463","turquoise"
"AAD021_002464","salmon"
"AAD021_002465","yellowgreen"
"AAD021_002469","orangered4"
"AAD021_002471","darkturquoise"
"AAD021_002472","darkturquoise"
"AAD021_002480","greenyellow"
"AAD021_002481","skyblue"
"AAD021_002482","salmon"
"AAD021_002483","black"
"AAD021_002487","pink"
"AAD021_002489","green"
"AAD021_002491","sienna3"
"AAD021_002492","darkgreen"
"AAD021_002493","red"
"AAD021_002494","darkred"
"AAD021_002495","green"
"AAD021_002496","brown"
"AAD021_002497","turquoise"
"AAD021_002500","steelblue"
"AAD021_002507","steelblue"
"AAD021_002508","sienna3"
"AAD021_002509","lightcyan"
"AAD021_002511","black"
"AAD021_002512","black"
"AAD021_002513","grey60"
"AAD021_002516","salmon"
"AAD021_002517","pink"
"AAD021_002518","paleturquoise"
"AAD021_002519","orange"
"AAD021_002521","salmon"
"AAD021_002522","turquoise"
"AAD021_002524","cyan"
"AAD021_002525","turquoise"
"AAD021_002526","brown"
"AAD021_002527","darkred"
"AAD021_002528","darkolivegreen"
"AAD021_002529","lightgreen"
"AAD021_002530","turquoise"
"AAD021_002532","yellow"
"AAD021_002533","red"
"AAD021_002534","skyblue3"
"AAD021_002536","darkgrey"
"AAD021_002538","magenta"
"AAD021_002541","tan"
"AAD021_002542","green"
"AAD021_002543","grey"
"AAD021_002545","turquoise"
"AAD021_002546","skyblue"
"AAD021_002549","lightgreen"
"AAD021_002551","red"
"AAD021_002552","cyan"
"AAD021_002553","orange"
"AAD021_002554","lightcyan"
"AAD021_002556","black"
"AAD021_002557","white"
"AAD021_002559","blue"
"AAD021_002561","sienna3"
"AAD021_002563","turquoise"
"AAD021_002565","orange"
"AAD021_002567","steelblue"
"AAD021_002568","yellow"
"AAD021_002570","yellow"
"AAD021_002571","purple"
"AAD021_002572","pink"
"AAD021_002573","magenta"
"AAD021_002574","red"
"AAD021_002575","darkred"
"AAD021_002577","yellowgreen"
"AAD021_002578","darkred"
"AAD021_002579","red"
"AAD021_002580","red"
"AAD021_002584","turquoise"
"AAD021_002586","darkmagenta"
"AAD021_002590","brown"
"AAD021_002592","lightgreen"
"AAD021_002593","tan"
"AAD021_002595","darkgreen"
"AAD021_002598","yellow"
"AAD021_002599","darkorange"
"AAD021_002600","yellow"
"AAD021_002601","brown"
"AAD021_002602","blue"
"AAD021_002605","darkgreen"
"AAD021_002606","pink"
"AAD021_002607","red"
"AAD021_002608","darkturquoise"
"AAD021_002611","plum1"
"AAD021_002612","purple"
"AAD021_002615","magenta"
"AAD021_002617","royalblue"
"AAD021_002620","blue"
"AAD021_002621","yellow"
"AAD021_002622","lightgreen"
"AAD021_002623","royalblue"
"AAD021_002626","blue"
"AAD021_002627","lightgreen"
"AAD021_002628","black"
"AAD021_002629","turquoise"
"AAD021_002630","brown"
"AAD021_002631","yellow"
"AAD021_002632","paleturquoise"
"AAD021_002634","midnightblue"
"AAD021_002635","cyan"
"AAD021_002636","steelblue"
"AAD021_002637","salmon"
"AAD021_002638","darkturquoise"
"AAD021_002639","orange"
"AAD021_002640","yellow"
"AAD021_002642","blue"
"AAD021_002643","yellowgreen"
"AAD021_002644","saddlebrown"
"AAD021_002648","lightgreen"
"AAD021_002650","royalblue"
"AAD021_002652","royalblue"
"AAD021_002653","violet"
"AAD021_002654","greenyellow"
"AAD021_002655","turquoise"
"AAD021_002656","magenta"
"AAD021_002657","turquoise"
"AAD021_002658","magenta"
"AAD021_002660","brown"
"AAD021_002662","blue"
"AAD021_002663","orange"
"AAD021_002664","cyan"
"AAD021_002669","purple"
"AAD021_002671","turquoise"
"AAD021_002674","yellow"
"AAD021_002675","salmon"
"AAD021_002676","violet"
"AAD021_002677","turquoise"
"AAD021_002679","brown"
"AAD021_002680","violet"
"AAD021_002681","midnightblue"
"AAD021_002685","black"
"AAD021_002686","turquoise"
"AAD021_002687","purple"
"AAD021_002689","lightsteelblue1"
"AAD021_002690","brown"
"AAD021_002693","darkmagenta"
"AAD021_002694","green"
"AAD021_002695","green"
"AAD021_002696","royalblue"
"AAD021_002699","skyblue"
"AAD021_002700","yellow"
"AAD021_002701","salmon"
"AAD021_002703","midnightblue"
"AAD021_002707","darkmagenta"
"AAD021_002708","turquoise"
"AAD021_002709","violet"
"AAD021_002711","midnightblue"
"AAD021_002713","darkgrey"
"AAD021_002714","yellow"
"AAD021_002715","brown"
"AAD021_002717","turquoise"
"AAD021_002719","blue"
"AAD021_002720","red"
"AAD021_002721","yellow"
"AAD021_002722","green"
"AAD021_002723","green"
"AAD021_002725","turquoise"
"AAD021_002728","darkturquoise"
"AAD021_002729","tan"
"AAD021_002731","cyan"
"AAD021_002732","salmon"
"AAD021_002735","turquoise"
"AAD021_002736","pink"
"AAD021_002737","tan"
"AAD021_002739","brown"
"AAD021_002740","pink"
"AAD021_002741","lightgreen"
"AAD021_002742","skyblue"
"AAD021_002744","blue"
"AAD021_002745","turquoise"
"AAD021_002748","blue"
"AAD021_002749","greenyellow"
"AAD021_002750","green"
"AAD021_002753","saddlebrown"
"AAD021_002754","brown"
"AAD021_002755","brown"
"AAD021_002757","purple"
"AAD021_002758","saddlebrown"
"AAD021_002759","darkolivegreen"
"AAD021_002760","green"
"AAD021_002761","darkred"
"AAD021_002770","cyan"
"AAD021_002774","turquoise"
"AAD021_002776","darkred"
"AAD021_002778","saddlebrown"
"AAD021_002779","green"
"AAD021_002782","red"
"AAD021_002783","blue"
"AAD021_002784","blue"
"AAD021_002786","orangered4"
"AAD021_002787","plum1"
"AAD021_002788","darkgrey"
"AAD021_002790","green"
"AAD021_002791","skyblue"
"AAD021_002792","black"
"AAD021_002793","black"
"AAD021_002797","yellow"
"AAD021_002803","skyblue3"
"AAD021_002806","pink"
"AAD021_002807","sienna3"
"AAD021_002808","steelblue"
"AAD021_002809","green"
"AAD021_002810","royalblue"
"AAD021_002811","lightyellow"
"AAD021_002814","saddlebrown"
"AAD021_002815","turquoise"
"AAD021_002817","white"
"AAD021_002818","blue"
"AAD021_002819","midnightblue"
"AAD021_002820","midnightblue"
"AAD021_002822","grey60"
"AAD021_002823","darkgrey"
"AAD021_002825","blue"
"AAD021_002826","grey60"
"AAD021_002831","purple"
"AAD021_002835","midnightblue"
"AAD021_002838","pink"
"AAD021_002840","saddlebrown"
"AAD021_002846","blue"
"AAD021_002848","tan"
"AAD021_002851","pink"
"AAD021_002852","paleturquoise"
"AAD021_002854","turquoise"
"AAD021_002856","cyan"
"AAD021_002858","brown"
"AAD021_002861","darkgrey"
"AAD021_002862","darkgrey"
"AAD021_002863","orange"
"AAD021_002864","red"
"AAD021_002865","darkgrey"
"AAD021_002866","tan"
"AAD021_002869","black"
"AAD021_002871","brown"
"AAD021_002874","black"
"AAD021_002876","greenyellow"
"AAD021_002877","red"
"AAD021_002879","purple"
"AAD021_002880","lightyellow"
"AAD021_002882","lightcyan"
"AAD021_002888","lightsteelblue1"
"AAD021_002889","midnightblue"
"AAD021_002893","brown"
"AAD021_002896","turquoise"
"AAD021_002897","turquoise"
"AAD021_002898","turquoise"
"AAD021_002900","salmon"
"AAD021_002902","turquoise"
"AAD021_002903","lightyellow"
"AAD021_002905","steelblue"
"AAD021_002912","green"
"AAD021_002917","salmon"
"AAD021_002919","darkgreen"
"AAD021_002920","yellow"
"AAD021_002924","magenta"
"AAD021_002926","white"
"AAD021_002927","grey"
"AAD021_002928","turquoise"
"AAD021_002931","saddlebrown"
"AAD021_002932","skyblue"
"AAD021_002933","steelblue"
"AAD021_002938","darkturquoise"
"AAD021_002939","pink"
"AAD021_002942","purple"
"AAD021_002943","skyblue"
"AAD021_002944","black"
"AAD021_002945","turquoise"
"AAD021_002951","green"
"AAD021_002953","darkturquoise"
"AAD021_002954","greenyellow"
"AAD021_002958","grey"
"AAD021_002959","brown"
"AAD021_002960","white"
"AAD021_002962","paleturquoise"
"AAD021_002964","brown"
"AAD021_002966","plum1"
"AAD021_002967","pink"
"AAD021_002968","yellow"
"AAD021_002977","grey"
"AAD021_002979","magenta"
"AAD021_002980","purple"
"AAD021_002986","salmon"
"AAD021_002988","cyan"
"AAD021_002989","turquoise"
"AAD021_002990","pink"
"AAD021_002993","blue"
"AAD021_002995","cyan"
"AAD021_002997","cyan"
"AAD021_002998","magenta"
"AAD021_003004","red"
"AAD021_003007","saddlebrown"
"AAD021_003008","turquoise"
"AAD021_003010","pink"
"AAD021_003013","turquoise"
"AAD021_003015","grey"
"AAD021_003016","blue"
"AAD021_003017","grey"
"AAD021_003021","yellow"
"AAD021_003022","black"
"AAD021_003023","turquoise"
"AAD021_003026","grey"
"AAD021_003031","cyan"
"AAD021_003032","purple"
"AAD021_003035","salmon"
"AAD021_003043","darkorange"
"AAD021_003048","pink"
"AAD021_003049","grey"
"AAD021_003051","yellow"
"AAD021_003052","red"
"AAD021_003054","magenta"
"AAD021_003057","tan"
"AAD021_003058","steelblue"
"AAD021_003062","brown"
"AAD021_003063","darkturquoise"
"AAD021_003064","lightyellow"
"AAD021_003070","grey"
"AAD021_003072","turquoise"
"AAD021_003073","orange"
"AAD021_003074","lightcyan"
"AAD021_003075","yellow"
"AAD021_003076","blue"
"AAD021_003077","turquoise"
"AAD021_003078","black"
"AAD021_003079","blue"
"AAD021_003080","blue"
"AAD021_003081","lightsteelblue1"
"AAD021_003082","blue"
"AAD021_003083","purple"
"AAD021_003087","brown"
"AAD021_003088","turquoise"
"AAD021_003091","darkolivegreen"
"AAD021_003092","lightgreen"
"AAD021_003095","plum1"
"AAD021_003096","steelblue"
"AAD021_003097","brown"
"AAD021_003098","turquoise"
"AAD021_003100","yellow"
"AAD021_003103","sienna3"
"AAD021_003107","paleturquoise"
"AAD021_003108","blue"
"AAD021_003109","skyblue"
"AAD021_003112","orange"
"AAD021_003115","darkolivegreen"
"AAD021_003117","green"
"AAD021_003118","turquoise"
"AAD021_003119","cyan"
"AAD021_003120","cyan"
"AAD021_003126","saddlebrown"
"AAD021_003127","green"
"AAD021_003128","turquoise"
"AAD021_003130","lightyellow"
"AAD021_003132","blue"
"AAD021_003133","lightgreen"
"AAD021_003134","darkred"
"AAD021_003135","midnightblue"
"AAD021_003136","blue"
"AAD021_003138","turquoise"
"AAD021_003142","turquoise"
"AAD021_003143","grey"
"AAD021_003144","darkturquoise"
"AAD021_003155","sienna3"
"AAD021_003156","salmon"
"AAD021_003159","blue"
"AAD021_003167","cyan"
"AAD021_003168","darkorange"
"AAD021_003172","purple"
"AAD021_003173","skyblue"
"AAD021_003174","green"
"AAD021_003175","turquoise"
"AAD021_003176","grey60"
"AAD021_003177","plum1"
"AAD021_003181","cyan"
"AAD021_003182","black"
"AAD021_003185","lightcyan"
"AAD021_003186","darkgreen"
"AAD021_003189","blue"
"AAD021_003192","darkred"
"AAD021_003193","yellow"
"AAD021_003194","grey60"
"AAD021_003201","grey"
"AAD021_003203","darkolivegreen"
"AAD021_003204","yellow"
"AAD021_003205","pink"
"AAD021_003207","darkorange"
"AAD021_003212","white"
"AAD021_003215","cyan"
"AAD021_003216","turquoise"
"AAD021_003217","royalblue"
"AAD021_003220","turquoise"
"AAD021_003221","white"
"AAD021_003223","black"
"AAD021_003226","red"
"AAD021_003231","blue"
"AAD021_003232","blue"
"AAD021_003233","purple"
"AAD021_003244","grey"
"AAD021_003248","yellow"
"AAD021_003249","lightcyan"
"AAD021_003250","green"
"AAD021_003253","salmon"
"AAD021_003254","lightcyan"
"AAD021_003259","turquoise"
"AAD021_003260","turquoise"
"AAD021_003261","yellow"
"AAD021_003262","grey"
"AAD021_003265","steelblue"
"AAD021_003266","grey"
"AAD021_003267","yellow"
"AAD021_003268","pink"
"AAD021_003270","turquoise"
"AAD021_003271","blue"
"AAD021_003272","black"
"AAD021_003273","pink"
"AAD021_003274","blue"
"AAD021_003276","turquoise"
"AAD021_003278","brown"
"AAD021_003279","lightcyan"
"AAD021_003285","royalblue"
"AAD021_003286","blue"
"AAD021_003287","yellow"
"AAD021_003289","blue"
"AAD021_003290","greenyellow"
"AAD021_003291","darkgrey"
"AAD021_003292","lightgreen"
"AAD021_003293","red"
"AAD021_003300","tan"
"AAD021_003303","magenta"
"AAD021_003305","steelblue"
"AAD021_003306","greenyellow"
"AAD021_003307","brown"
"AAD021_003313","purple"
"AAD021_003317","darkturquoise"
"AAD021_003318","blue"
"AAD021_003320","tan"
"AAD021_003322","grey60"
"AAD021_003323","royalblue"
"AAD021_003324","darkgrey"
"AAD021_003325","orangered4"
"AAD021_003330","brown"
"AAD021_003331","yellow"
"AAD021_003332","yellow"
"AAD021_003333","lightyellow"
"AAD021_003337","lightcyan"
"AAD021_003341","darkgrey"
"AAD021_003342","lightyellow"
"AAD021_003343","turquoise"
"AAD021_003344","black"
"AAD021_003350","white"
"AAD021_003351","red"
"AAD021_003352","turquoise"
"AAD021_003353","lightsteelblue1"
"AAD021_003356","tan"
"AAD021_003364","plum1"
"AAD021_003365","turquoise"
"AAD021_003366","salmon"
"AAD021_003367","pink"
"AAD021_003369","brown"
"AAD021_003370","brown"
"AAD021_003372","brown"
"AAD021_003374","lightgreen"
"AAD021_003376","salmon"
"AAD021_003377","tan"
"AAD021_003380","darkolivegreen"
"AAD021_003384","lightcyan"
"AAD021_003385","lightyellow"
"AAD021_003389","blue"
"AAD021_003390","pink"
"AAD021_003391","blue"
"AAD021_003393","lightgreen"
"AAD021_003401","cyan"
"AAD021_003404","brown"
"AAD021_003406","brown"
"AAD021_003411","blue"
"AAD021_003412","pink"
"AAD021_003414","magenta"
"AAD021_003415","green"
"AAD021_003418","yellow"
"AAD021_003420","black"
"AAD021_003424","saddlebrown"
"AAD021_003425","midnightblue"
"AAD021_003428","grey"
"AAD021_003429","red"
"AAD021_003431","turquoise"
"AAD021_003434","yellow"
"AAD021_003435","brown"
"AAD021_003436","steelblue"
"AAD021_003438","black"
"AAD021_000010","orangered4"
"AAD021_000016","salmon"
"AAD021_000030","red"
"AAD021_000031","turquoise"
"AAD021_000045","lightcyan"
"AAD021_000049","grey60"
"AAD021_000052","lightsteelblue1"
"AAD021_000054","tan"
"AAD021_000056","greenyellow"
"AAD021_000057","black"
"AAD021_000058","purple"
"AAD021_000062","pink"
"AAD021_000063","lightyellow"
"AAD021_000064","blue"
"AAD021_000066","violet"
"AAD021_000069","salmon"
"AAD021_000070","turquoise"
"AAD021_000072","darkred"
"AAD021_000074","darkturquoise"
"AAD021_000075","blue"
"AAD021_000082","tan"
"AAD021_000084","violet"
"AAD021_000091","darkturquoise"
"AAD021_000093","paleturquoise"
"AAD021_000097","brown"
"AAD021_000128","lightcyan"
"AAD021_000129","midnightblue"
"AAD021_000137","brown"
"AAD021_000138","turquoise"
"AAD021_000149","magenta"
"AAD021_000152","turquoise"
"AAD021_000153","grey"
"AAD021_000154","lightgreen"
"AAD021_000161","grey"
"AAD021_000162","blue"
"AAD021_000164","purple"
"AAD021_000165","red"
"AAD021_000167","darkgreen"
"AAD021_000172","brown"
"AAD021_000177","green"
"AAD021_000178","purple"
"AAD021_000179","red"
"AAD021_000180","greenyellow"
"AAD021_000181","red"
"AAD021_000182","cyan"
"AAD021_000183","brown"
"AAD021_000190","pink"
"AAD021_000197","turquoise"
"AAD021_000198","saddlebrown"
"AAD021_000199","brown"
"AAD021_000200","greenyellow"
"AAD021_000218","midnightblue"
"AAD021_000219","darkturquoise"
"AAD021_000221","skyblue3"
"AAD021_000224","brown"
"AAD021_000225","darkgreen"
"AAD021_000226","darkgrey"
"AAD021_000229","darkred"
"AAD021_000232","green"
"AAD021_000234","red"
"AAD021_000236","grey60"
"AAD021_000237","brown"
"AAD021_000239","brown"
"AAD021_000244","brown"
"AAD021_000245","brown"
"AAD021_000247","lightcyan"
"AAD021_000248","pink"
"AAD021_000251","brown"
"AAD021_000256","grey"
"AAD021_000258","grey"
"AAD021_000259","grey"
"AAD021_000261","royalblue"
"AAD021_000264","black"
"AAD021_000265","green"
"AAD021_000269","blue"
"AAD021_000279","darkgreen"
"AAD021_000280","darkred"
"AAD021_000281","turquoise"
"AAD021_000282","lightgreen"
"AAD021_000283","brown"
"AAD021_000285","turquoise"
"AAD021_000287","lightyellow"
"AAD021_000292","brown"
"AAD021_000299","brown"
"AAD021_000301","turquoise"
"AAD021_000303","midnightblue"
"AAD021_000305","paleturquoise"
"AAD021_000306","turquoise"
"AAD021_000316","purple"
"AAD021_000318","grey"
"AAD021_000319","sienna3"
"AAD021_000326","yellowgreen"
"AAD021_000327","skyblue3"
"AAD021_000328","grey"
"AAD021_000330","grey"
"AAD021_000331","white"
"AAD021_000332","yellow"
"AAD021_000333","blue"
"AAD021_000335","turquoise"
"AAD021_000339","darkturquoise"
"AAD021_000340","lightsteelblue1"
"AAD021_000341","black"
"AAD021_000342","grey60"
"AAD021_000344","red"
"AAD021_000345","lightsteelblue1"
"AAD021_000346","greenyellow"
"AAD021_000348","midnightblue"
"AAD021_000350","brown"
"AAD021_000351","grey"
"AAD021_000353","salmon"
"AAD021_000354","lightcyan"
"AAD021_000356","yellowgreen"
"AAD021_000362","turquoise"
"AAD021_000363","turquoise"
"AAD021_000365","paleturquoise"
"AAD021_000367","turquoise"
"AAD021_000372","red"
"AAD021_000373","brown"
"AAD021_000376","purple"
"AAD021_000378","grey60"
"AAD021_000379","brown"
"AAD021_000386","turquoise"
"AAD021_000388","black"
"AAD021_000389","lightyellow"
"AAD021_000390","lightgreen"
"AAD021_000391","magenta"
"AAD021_000392","magenta"
"AAD021_000396","red"
"AAD021_000399","blue"
"AAD021_000400","lightcyan"
"AAD021_000401","turquoise"
"AAD021_000402","steelblue"
"AAD021_000404","brown"
"AAD021_000406","paleturquoise"
"AAD021_000411","red"
"AAD021_000412","brown"
"AAD021_000427","greenyellow"
"AAD021_000429","blue"
"AAD021_000430","turquoise"
"AAD021_000432","tan"
"AAD021_000436","yellow"
"AAD021_000439","grey"
"AAD021_000440","magenta"
"AAD021_000442","purple"
"AAD021_000443","midnightblue"
"AAD021_000445","pink"
"AAD021_000446","turquoise"
"AAD021_000450","white"
"AAD021_000455","blue"
"AAD021_000456","lightcyan"
"AAD021_000462","grey"
"AAD021_000467","sienna3"
"AAD021_000468","brown"
"AAD021_000469","black"
"AAD021_000470","green"
"AAD021_000472","darkred"
"AAD021_000473","orangered4"
"AAD021_000474","blue"
"AAD021_000475","greenyellow"
"AAD021_000477","blue"
"AAD021_000479","darkolivegreen"
"AAD021_000487","purple"
"AAD021_000489","salmon"
"AAD021_000490","darkred"
"AAD021_000492","green"
"AAD021_000497","brown"
"AAD021_000501","blue"
"AAD021_000502","turquoise"
"AAD021_000503","black"
"AAD021_000504","blue"
"AAD021_000506","orange"
"AAD021_000507","green"
"AAD021_000509","pink"
"AAD021_000510","turquoise"
"AAD021_000514","plum1"
"AAD021_000515","tan"
"AAD021_000518","midnightblue"
"AAD021_000519","lightyellow"
"AAD021_000522","salmon"
"AAD021_000523","greenyellow"
"AAD021_000525","pink"
"AAD021_000527","sienna3"
"AAD021_000528","lightcyan"
"AAD021_000529","cyan"
"AAD021_000530","darkorange"
"AAD021_000535","darkolivegreen"
"AAD021_000536","yellow"
"AAD021_000537","turquoise"
"AAD021_000538","brown"
"AAD021_000540","turquoise"
"AAD021_000541","blue"
"AAD021_000543","grey"
"AAD021_000544","paleturquoise"
"AAD021_000545","yellow"
"AAD021_000546","black"
"AAD021_000547","royalblue"
"AAD021_000548","salmon"
"AAD021_000550","yellow"
"AAD021_000551","brown"
"AAD021_000552","grey"
"AAD021_000554","violet"
"AAD021_000555","darkgrey"
"AAD021_000556","grey60"
"AAD021_000557","midnightblue"
"AAD021_000561","salmon"
"AAD021_000562","grey60"
"AAD021_000563","turquoise"
"AAD021_000564","darkolivegreen"
"AAD021_000572","salmon"
"AAD021_000576","brown"
"AAD021_000577","purple"
"AAD021_000578","red"
"AAD021_000579","grey"
"AAD021_000581","grey"
"AAD021_000582","skyblue"
"AAD021_000583","saddlebrown"
"AAD021_000587","grey60"
"AAD021_000588","blue"
"AAD021_000589","cyan"
"AAD021_000591","yellow"
"AAD021_000594","green"
"AAD021_000597","darkgreen"
"AAD021_000603","grey"
"AAD021_000605","blue"
"AAD021_000606","sienna3"
"AAD021_000607","darkgrey"
"AAD021_000608","red"
"AAD021_000610","saddlebrown"
"AAD021_000611","black"
"AAD021_000612","blue"
"AAD021_000613","midnightblue"
"AAD021_000614","turquoise"
"AAD021_000615","magenta"
"AAD021_000616","darkgrey"
"AAD021_000617","royalblue"
"AAD021_000618","darkturquoise"
"AAD021_000620","lightcyan"
"AAD021_000623","white"
"AAD021_000625","royalblue"
"AAD021_000626","royalblue"
"AAD021_000632","blue"
"AAD021_000633","yellow"
"AAD021_000634","purple"
"AAD021_000635","purple"
"AAD021_000636","pink"
"AAD021_000637","grey"
"AAD021_000639","violet"
"AAD021_000641","lightcyan"
"AAD021_000642","blue"
"AAD021_000643","blue"
"AAD021_000644","blue"
"AAD021_000645","greenyellow"
"AAD021_000649","yellow"
"AAD021_000650","turquoise"
"AAD021_000654","blue"
"AAD021_000655","orange"
"AAD021_000658","red"
"AAD021_000659","brown"
"AAD021_000660","brown"
"AAD021_000661","blue"
"AAD021_000662","lightyellow"
"AAD021_000664","darkorange"
"AAD021_000671","brown"
"AAD021_000672","magenta"
"AAD021_000673","blue"
"AAD021_000677","darkmagenta"
"AAD021_000678","skyblue3"
"AAD021_000679","turquoise"
"AAD021_000680","blue"
"AAD021_000681","lightgreen"
"AAD021_000683","yellow"
"AAD021_000684","red"
"AAD021_000685","brown"
"AAD021_000686","darkred"
"AAD021_000687","turquoise"
"AAD021_000688","violet"
"AAD021_000690","steelblue"
"AAD021_000691","skyblue3"
"AAD021_000692","turquoise"
"AAD021_000693","midnightblue"
"AAD021_000694","blue"
"AAD021_000695","salmon"
"AAD021_000696","magenta"
"AAD021_000699","grey60"
"AAD021_000700","turquoise"
"AAD021_000702","midnightblue"
"AAD021_000703","yellow"
"AAD021_000704","yellowgreen"
"AAD021_000705","yellow"
"AAD021_000706","grey"
"AAD021_000707","greenyellow"
"AAD021_000713","darkolivegreen"
"AAD021_000714","red"
"AAD021_000719","lightcyan"
"AAD021_000720","black"
"AAD021_000722","turquoise"
"AAD021_000723","turquoise"
"AAD021_000724","yellow"
"AAD021_000725","midnightblue"
"AAD021_000726","grey"
"AAD021_000728","darkred"
"AAD021_000731","midnightblue"
"AAD021_000734","pink"
"AAD021_000735","darkred"
"AAD021_000740","salmon"
"AAD021_000742","green"
"AAD021_000743","blue"
"AAD021_000744","royalblue"
"AAD021_000745","blue"
"AAD021_000746","darkolivegreen"
"AAD021_000748","skyblue"
"AAD021_000750","purple"
"AAD021_000751","yellow"
"AAD021_000752","magenta"
"AAD021_000753","lightcyan"
"AAD021_000754","green"
"AAD021_000755","yellowgreen"
"AAD021_000760","orangered4"
"AAD021_000765","turquoise"
"AAD021_000767","blue"
"AAD021_000769","blue"
"AAD021_000770","cyan"
"AAD021_000772","grey"
"AAD021_000773","yellow"
"AAD021_000774","greenyellow"
"AAD021_000775","turquoise"
"AAD021_000777","turquoise"
"AAD021_000778","yellow"
"AAD021_000779","grey"
"AAD021_000780","magenta"
"AAD021_000788","grey60"
"AAD021_000790","brown"
"AAD021_000791","grey60"
"AAD021_000792","blue"
"AAD021_000794","turquoise"
"AAD021_000796","salmon"
"AAD021_000797","black"
"AAD021_000798","grey60"
"AAD021_000799","red"
"AAD021_000800","pink"
"AAD021_000802","saddlebrown"
"AAD021_000804","lightcyan"
"AAD021_000805","darkgreen"
"AAD021_000807","red"
"AAD021_000809","brown"
"AAD021_000810","orangered4"
"AAD021_000811","purple"
"AAD021_000814","darkturquoise"
"AAD021_000815","orangered4"
"AAD021_000816","white"
"AAD021_000818","pink"
"AAD021_000820","turquoise"
"AAD021_000821","green"
"AAD021_000822","blue"
"AAD021_000824","turquoise"
"AAD021_000826","turquoise"
"AAD021_000828","purple"
"AAD021_000829","white"
"AAD021_000833","lightgreen"
"AAD021_000835","orange"
"AAD021_000836","red"
"AAD021_000838","greenyellow"
"AAD021_000839","brown"
"AAD021_000843","darkgreen"
"AAD021_000844","sienna3"
"AAD021_000845","yellow"
"AAD021_000846","grey"
"AAD021_000847","skyblue3"
"AAD021_000849","lightyellow"
"AAD021_000851","magenta"
"AAD021_000853","darkgrey"
"AAD021_000854","lightgreen"
"AAD021_000856","saddlebrown"
"AAD021_000859","brown"
"AAD021_000860","darkturquoise"
"AAD021_000861","salmon"
"AAD021_000862","brown"
"AAD021_000876","black"
"AAD021_000879","black"
"AAD021_000882","darkred"
"AAD021_000884","orange"
"AAD021_000886","grey"
"AAD021_000888","blue"
"AAD021_000889","mediumpurple3"
"AAD021_000890","brown"
"AAD021_000893","skyblue"
"AAD021_000894","red"
"AAD021_000895","purple"
"AAD021_000898","greenyellow"
"AAD021_000899","midnightblue"
"AAD021_000900","darkred"
"AAD021_000902","lightgreen"
"AAD021_000905","grey"
"AAD021_000909","plum1"
"AAD021_000911","brown"
"AAD021_000914","lightcyan"
"AAD021_000915","magenta"
"AAD021_000916","tan"
"AAD021_000917","midnightblue"
"AAD021_000918","salmon"
"AAD021_000919","blue"
"AAD021_000920","darkred"
"AAD021_000921","cyan"
"AAD021_000922","turquoise"
"AAD021_000925","turquoise"
"AAD021_000927","darkturquoise"
"AAD021_000929","greenyellow"
"AAD021_000930","skyblue"
"AAD021_000931","blue"
"AAD021_000932","tan"
"AAD021_000933","turquoise"
"AAD021_000934","yellow"
"AAD021_000937","turquoise"
"AAD021_000938","blue"
"AAD021_000939","darkred"
"AAD021_000941","yellowgreen"
"AAD021_000942","blue"
"AAD021_000946","skyblue3"
"AAD021_000948","blue"
"AAD021_000950","red"
"AAD021_000953","red"
"AAD021_000954","pink"
"AAD021_000955","skyblue"
"AAD021_000958","brown"
"AAD021_000959","brown"
"AAD021_000960","darkred"
"AAD021_000961","grey"
"AAD021_000965","purple"
"AAD021_000966","tan"
"AAD021_000968","grey"
"AAD021_000969","midnightblue"
"AAD021_000970","skyblue3"
"AAD021_000971","greenyellow"
"AAD021_000972","royalblue"
"AAD021_000974","darkgrey"
"AAD021_000976","brown"
"AAD021_000977","turquoise"
"AAD021_000982","pink"
"AAD021_000983","yellow"
"AAD021_000986","yellow"
"AAD021_000988","green"
"AAD021_000991","midnightblue"
"AAD021_000992","magenta"
"AAD021_000993","orange"
"AAD021_000994","orange"
"AAD021_000995","brown"
"AAD021_000996","greenyellow"
"AAD021_000997","darkgreen"
"AAD021_000998","darkgreen"
"AAD021_000999","black"
"AAD021_001000","magenta"
"AAD021_001001","turquoise"
"AAD021_001002","steelblue"
"AAD021_001003","magenta"
"AAD021_001005","darkgreen"
"AAD021_001006","royalblue"
"AAD021_001007","yellow"
"AAD021_001010","red"
"AAD021_001011","red"
"AAD021_001012","grey60"
"AAD021_001013","brown"
"AAD021_001014","grey"
"AAD021_001015","blue"
"AAD021_001016","violet"
"AAD021_001020","magenta"
"AAD021_001021","lightgreen"
"AAD021_001022","green"
"AAD021_001023","purple"
"AAD021_001024","turquoise"
"AAD021_001025","steelblue"
"AAD021_001026","brown"
"AAD021_001027","grey"
"AAD021_001028","turquoise"
"AAD021_001029","brown"
"AAD021_001030","brown"
"AAD021_001031","black"
"AAD021_001032","yellow"
"AAD021_001033","white"
"AAD021_001034","skyblue3"
"AAD021_001038","greenyellow"
"AAD021_001041","tan"
"AAD021_001042","brown"
"AAD021_001045","yellow"
"AAD021_001047","darkmagenta"
"AAD021_001049","brown"
"AAD021_001052","darkolivegreen"
"AAD021_001053","brown"
"AAD021_001056","darkolivegreen"
"AAD021_001057","grey60"
"AAD021_001058","pink"
"AAD021_001061","darkgrey"
"AAD021_001062","grey60"
"AAD021_001064","lightgreen"
"AAD021_001066","greenyellow"
"AAD021_001067","darkturquoise"
"AAD021_001069","darkgreen"
"AAD021_001070","darkorange"
"AAD021_001071","turquoise"
"AAD021_001073","black"
"AAD021_001074","violet"
"AAD021_001075","black"
"AAD021_001076","darkred"
"AAD021_001077","black"
"AAD021_001078","greenyellow"
"AAD021_001079","turquoise"
"AAD021_001080","sienna3"
"AAD021_001081","cyan"
"AAD021_001082","brown"
"AAD021_001084","black"
"AAD021_001085","brown"
"AAD021_001086","brown"
"AAD021_001087","magenta"
"AAD021_001088","darkgreen"
"AAD021_001089","lightgreen"
"AAD021_001090","brown"
"AAD021_001091","midnightblue"
"AAD021_001092","grey"
"AAD021_001112","blue"
"AAD021_001113","mediumpurple3"
"AAD021_001118","magenta"
"AAD021_001119","tan"
"AAD021_001120","green"
"AAD021_001121","black"
"AAD021_001122","skyblue3"
"AAD021_001127","darkgreen"
"AAD021_001128","darkturquoise"
"AAD021_001129","brown"
"AAD021_001131","lightgreen"
"AAD021_001133","brown"
"AAD021_001134","purple"
"AAD021_001135","blue"
"AAD021_001136","darkturquoise"
"AAD021_001137","brown"
"AAD021_001140","turquoise"
"AAD021_001141","black"
"AAD021_001142","darkgrey"
"AAD021_001143","magenta"
"AAD021_001145","greenyellow"
"AAD021_001146","lightyellow"
"AAD021_001147","brown"
"AAD021_001148","brown"
"AAD021_001149","lightcyan"
"AAD021_001150","royalblue"
"AAD021_001151","darkgreen"
"AAD021_001152","darkgreen"
"AAD021_001153","skyblue"
"AAD021_001156","lightgreen"
"AAD021_001160","pink"
"AAD021_001162","brown"
"AAD021_001163","black"
"AAD021_001166","lightgreen"
"AAD021_001167","yellow"
"AAD021_001168","royalblue"
"AAD021_001170","red"
"AAD021_001171","greenyellow"
"AAD021_001172","pink"
"AAD021_001173","green"
"AAD021_001174","brown"
"AAD021_001178","orange"
"AAD021_001179","purple"
"AAD021_001181","green"
"AAD021_001182","brown"
"AAD021_001184","salmon"
"AAD021_001187","green"
"AAD021_001188","greenyellow"
"AAD021_001191","brown"
"AAD021_001192","royalblue"
"AAD021_001193","salmon"
"AAD021_001194","brown"
"AAD021_001195","brown"
"AAD021_001199","darkorange"
"AAD021_001202","pink"
"AAD021_001208","black"
"AAD021_001209","lightcyan"
"AAD021_001210","plum1"
"AAD021_001212","royalblue"
"AAD021_001213","brown"
"AAD021_001214","greenyellow"
"AAD021_001216","darkgreen"
"AAD021_001217","red"
"AAD021_001218","darkolivegreen"
"AAD021_001219","brown"
"AAD021_001223","greenyellow"
"AAD021_001225","yellow"
"AAD021_001226","yellow"
"AAD021_001227","turquoise"
"AAD021_001228","black"
"AAD021_001230","pink"
"AAD021_001232","saddlebrown"
"AAD021_001235","magenta"
"AAD021_001239","lightgreen"
"AAD021_001240","turquoise"
"AAD021_001241","blue"
"AAD021_001246","magenta"
"AAD021_001248","orange"
"AAD021_001249","brown"
"AAD021_001252","blue"
"AAD021_001254","black"
"AAD021_001256","darkorange"
"AAD021_001257","darkorange"
"AAD021_001258","yellow"
"AAD021_001259","red"
"AAD021_001260","sienna3"
"AAD021_001263","turquoise"
"AAD021_001264","yellow"
"AAD021_001266","purple"
"AAD021_001269","yellow"
"AAD021_001270","green"
"AAD021_001271","darkorange"
"AAD021_001273","pink"
"AAD021_001276","brown"
"AAD021_001277","purple"
"AAD021_001278","turquoise"
"AAD021_001280","greenyellow"
"AAD021_001282","lightsteelblue1"
"AAD021_001283","red"
"AAD021_001284","purple"
"AAD021_001286","brown"
"AAD021_001287","greenyellow"
"AAD021_001289","violet"
"AAD021_001293","yellow"
"AAD021_001294","pink"
"AAD021_001296","brown"
"AAD021_001298","grey"
"AAD021_001299","yellowgreen"
"AAD021_001300","midnightblue"
"AAD021_001303","cyan"
"AAD021_001304","brown"
"AAD021_001305","darkgreen"
"AAD021_001306","violet"
"AAD021_001308","yellow"
"AAD021_001309","yellow"
"AAD021_001310","lightcyan"
"AAD021_001311","yellow"
"AAD021_001312","purple"
"AAD021_001313","darkturquoise"
"AAD021_001314","purple"
"AAD021_001317","brown"
"AAD021_001318","brown"
"AAD021_001320","midnightblue"
"AAD021_001321","turquoise"
"AAD021_001322","green"
"AAD021_001325","yellow"
"AAD021_001328","red"
"AAD021_001329","red"
"AAD021_001330","magenta"
"AAD021_001333","black"
"AAD021_001334","turquoise"
"AAD021_001335","yellow"
"AAD021_001336","lightgreen"
"AAD021_001337","grey60"
"AAD021_001341","turquoise"
"AAD021_001342","brown"
"AAD021_001346","grey"
"AAD021_001356","darkgrey"
"AAD021_001357","skyblue3"
"AAD021_001359","green"
"AAD021_001360","turquoise"
"AAD021_001361","purple"
"AAD021_001364","magenta"
"AAD021_001368","magenta"
"AAD021_001371","darkgrey"
"AAD021_001373","brown"
"AAD021_001375","blue"
"AAD021_001379","greenyellow"
"AAD021_001380","darkgrey"
"AAD021_001382","lightyellow"
"AAD021_001383","brown"
"AAD021_001386","turquoise"
"AAD021_001388","pink"
"AAD021_001390","yellow"
"AAD021_001391","magenta"
"AAD021_001392","lightyellow"
"AAD021_001393","yellow"
"AAD021_001394","darkgrey"
"AAD021_001397","black"
"AAD021_001399","darkolivegreen"
"AAD021_001400","purple"
"AAD021_001401","red"
"AAD021_001404","yellow"
"AAD021_001406","turquoise"
"AAD021_001408","brown"
"AAD021_001409","brown"
"AAD021_001410","lightcyan"
"AAD021_001412","purple"
"AAD021_001413","greenyellow"
"AAD021_001414","magenta"
"AAD021_001415","brown"
"AAD021_001419","skyblue"
"AAD021_001420","mediumpurple3"
"AAD021_001424","cyan"
"AAD021_001425","darkgreen"
"AAD021_001427","grey60"
"AAD021_001428","turquoise"
"AAD021_001429","brown"
"AAD021_001430","black"
"AAD021_001431","pink"
"AAD021_001432","pink"
"AAD021_001433","darkmagenta"
"AAD021_001434","saddlebrown"
"AAD021_001435","green"
"AAD021_001437","sienna3"
"AAD021_001439","greenyellow"
"AAD021_001441","grey60"
"AAD021_001443","violet"
"AAD021_001444","lightgreen"
"AAD021_001449","brown"
"AAD021_001456","brown"
"AAD021_001457","saddlebrown"
"AAD021_001459","sienna3"
"AAD021_001460","midnightblue"
"AAD021_001461","turquoise"
"AAD021_001463","purple"
"AAD021_001464","royalblue"
"AAD021_001466","red"
"AAD021_001467","turquoise"
"AAD021_001469","paleturquoise"
"AAD021_001470","brown"
"AAD021_001472","turquoise"
"AAD021_001473","darkturquoise"
"AAD021_001474","blue"
"AAD021_001476","brown"
"AAD021_001477","red"
"AAD021_001478","blue"
"AAD021_001479","purple"
"AAD021_001480","brown"
"AAD021_001481","darkorange"
"AAD021_001482","greenyellow"
"AAD021_001483","yellowgreen"
"AAD021_001484","brown"
"AAD021_001486","red"
"AAD021_001488","green"
"AAD021_001490","salmon"
"AAD021_001492","grey"
"AAD021_001493","darkmagenta"
"AAD021_001495","yellow"
"AAD021_001496","greenyellow"
"AAD021_001501","brown"
"AAD021_001503","skyblue"
"AAD021_001505","turquoise"
"AAD021_001507","turquoise"
"AAD021_001508","magenta"
"AAD021_001510","greenyellow"
"AAD021_001511","magenta"
"AAD021_001514","magenta"
"AAD021_001515","black"
"AAD021_001516","darkolivegreen"
"AAD021_001518","red"
"AAD021_001520","blue"
"AAD021_001522","royalblue"
"AAD021_001523","yellow"
"AAD021_001526","darkred"
"AAD021_001527","royalblue"
"AAD021_001530","darkolivegreen"
"AAD021_001531","green"
"AAD021_001533","sienna3"
"AAD021_001535","darkmagenta"
"AAD021_001537","darkgreen"
"AAD021_001540","pink"
"AAD021_001542","brown"
"AAD021_001543","orange"
"AAD021_001546","darkorange"
"AAD021_001549","steelblue"
"AAD021_001551","black"
"AAD021_001553","darkorange"
"AAD021_001554","brown"
"AAD021_001559","black"
"AAD021_001560","greenyellow"
"AAD021_001561","black"
"AAD021_001562","greenyellow"
"AAD021_001565","blue"
"AAD021_001566","steelblue"
"AAD021_001568","skyblue3"
"AAD021_001569","brown"
"AAD021_001573","darkgreen"
"AAD021_001575","grey60"
"AAD021_001580","darkgreen"
"AAD021_001588","darkturquoise"
"AAD021_001589","salmon"
"AAD021_001590","greenyellow"
"AAD021_001595","tan"
"AAD021_001596","red"
"AAD021_001598","cyan"
"AAD021_001600","magenta"
"AAD021_001602","yellow"
"AAD021_001604","grey"
"AAD021_001605","red"
"AAD021_001606","grey60"
"AAD021_001608","yellow"
"AAD021_001616","turquoise"
"AAD021_001617","yellowgreen"
"AAD021_001619","darkolivegreen"
"AAD021_001621","magenta"
"AAD021_001622","purple"
"AAD021_001623","grey60"
"AAD021_001626","darkmagenta"
"AAD021_001633","lightsteelblue1"
"AAD021_001636","darkred"
"AAD021_001639","red"
"AAD021_001642","darkturquoise"
"AAD021_001644","black"
"AAD021_001646","blue"
"AAD021_001648","purple"
"AAD021_001650","darkgrey"
"AAD021_001656","darkolivegreen"
"AAD021_001657","yellow"
"AAD021_001663","black"
"AAD021_001664","turquoise"
"AAD021_001683","lightcyan"
"AAD021_001698","pink"
"AAD021_001730","lightyellow"
"AAD021_001731","blue"
"AAD021_001754","tan"
"AAD021_001768","grey60"
"AAD021_001770","magenta"
"AAD021_012694","saddlebrown"
"AAD021_012698","grey"
"AAD021_012704","saddlebrown"
