"","baseMean","log2FoldChange","lfcSE","stat","pvalue","padj"
"AAD021_003372",134.74740201539,25.2987535574645,3.56160027182221,7.10319845761943,1.21902155356188e-12,2.51606048655172e-09
"AAD021_010188",10.4301200826334,-6.59628048574335,1.26382569045931,-5.2192960908605,1.79604433066024e-07,0.000185351774924136
"AAD021_012155",5.96403364572744,-6.05850810619215,1.31221984339405,-4.61699168526659,3.89342863123891e-06,0.00148148827290363
"AAD021_004381",111.630690583605,3.20726772306158,0.697222228209613,4.60006522066497,4.22358681718446e-06,0.00148148827290363
"AAD021_004710",19.8979505216804,-3.42517940700654,0.726689495136968,-4.71340156962219,2.43615429243531e-06,0.00148148827290363
"AAD021_001429",14.6707998328397,4.95783809874322,1.07872738220373,4.5960065356039,4.30665195611519e-06,0.00148148827290363
"AAD021_001042",72.4409500096478,3.57038969172739,0.812449719023037,4.39459773094727,1.10978068005439e-05,0.00327226760518894
"AAD021_007760",21.2444759409157,2.83695896119991,0.659117408362121,4.30417847443847,1.67606510351217e-05,0.00405142389557434
"AAD021_005235",77.2626216597826,6.54669604266037,1.53351818578137,4.26906971391712,1.96289917421238e-05,0.00405142389557434
"AAD021_001915",59.777743530462,5.97435193356077,1.39906798853523,4.27023703102213,1.95265331983171e-05,0.00405142389557434
"AAD021_007481",19.1685009196654,7.62274296041207,1.82776927952095,4.17051705913886,3.0390930301404e-05,0.00522724001184148
"AAD021_006281",18.2606728110847,4.2902116144524,1.02818769565714,4.17259575520443,3.01148969947279e-05,0.00522724001184148
"AAD021_001484",13.4199411229781,4.37343993467662,1.05759102650428,4.1352846469702,3.5451493318817e-05,0.0056286063238491
"AAD021_002919",7.15150740933525,5.21558121835842,1.26786624645443,4.11366832498595,3.89420846747849e-05,0.005741175912054
"AAD021_000995",126.418201546129,3.54199592423314,0.884300202808215,4.00542249451607,6.19067304255447e-05,0.00851836610655495
"AAD021_007787",4.0025862293766,-3.69261936659677,0.92765273672292,-3.98060526360493,6.87400164459851e-05,0.00881141305523189
"AAD021_008339",19.9348914355386,3.71433394456154,0.936146729018089,3.96768351522998,7.25746230324332e-05,0.00881141305523189
"AAD021_004921",8.62769181700014,4.33792453458477,1.101890602813,3.9368014606083,8.25748692953139e-05,0.00946858501252933
"AAD021_003318",7.14955140815997,-3.71329815580097,0.962537532707644,-3.85782167408617,0.000114402063932125,0.0124276768397845
"AAD021_009021",78.3919790500688,-1.97107449107929,0.516001008278187,-3.81990434021913,0.000133503440630093,0.0131214810219291
"AAD021_003582",13.6340747418356,3.71312107466802,0.971332998383074,3.82270661127446,0.000131994797304477,0.0131214810219291
"AAD021_010221",23.9905670750787,-2.86853883095886,0.756845506249247,-3.79012467838341,0.000150571687866485,0.0139324630289235
"AAD021_005270",11.2852091277271,3.5936061080033,0.950058710635833,3.78250950996308,0.000155255159721531,0.0139324630289235
"AAD021_003293",9.7747923624651,4.51232237483474,1.21440177671637,3.71567504375334,0.000202661906204157,0.0174289239335575
"AAD021_011968",31.8788682259356,2.77358688010487,0.758011164010097,3.65903170268865,0.000253170023035078,0.0200978049055539
"AAD021_003663",5.12738993285933,-4.34818814700996,1.18717260287413,-3.66264192458876,0.00024962736673886,0.0200978049055539
"AAD021_006091",17.8319516391043,3.77790592996175,1.04006719019455,3.63236718317695,0.000280833129241944,0.0214681325464953
"AAD021_012222",6.17641466959112,-3.34515212524025,0.927326913490863,-3.60730620083875,0.000309392466534929,0.0228066446760033
"AAD021_011709",19.0682111634631,2.57768826000931,0.721365300599293,3.57334662184031,0.000352447721209358,0.0239720474484575
"AAD021_010671",12.9726596383545,-2.62549746243713,0.733054864998167,-3.58158384562893,0.000341517496066723,0.0239720474484575
"AAD021_000299",24.9587487424482,8.06198434221953,2.26496457539363,3.55943065503284,0.000371659650363681,0.0239720474484575
"AAD021_001317",84.6392352713349,2.34671236936944,0.659047861099133,3.56076168042741,0.000369780589625012,0.0239720474484575
"AAD021_008606",33.3307389513694,4.03267266966038,1.13870592494744,3.54145225848941,0.000397930863840892,0.0248443843614145
"AAD021_000660",8.13426280493739,3.43175795404407,0.971057885635346,3.53404056010393,0.000409258269519425,0.0248443843614145
"AAD021_002063",14.7147777533622,7.39482561706365,2.10337812810183,3.51569007886234,0.000438612663822519,0.0258656153751337
"AAD021_011213",9.47890989819068,4.22986244111535,1.21060730958394,3.49400041419629,0.000475840280112531,0.0272815093931184
"AAD021_010541",9.73640858044457,-4.0847137220259,1.18111856886764,-3.4583434971664,0.000543507942804624,0.0303189295661822
"AAD021_007232",18.3560508825989,2.51296910477359,0.729192652245481,3.44623481467502,0.000568456180225463,0.0304305004056163
"AAD021_003985",4.67465561383989,-3.9935604350394,1.1598589685268,-3.44314312636805,0.000574994920454959,0.0304305004056163
"AAD021_009019",6.86865420217905,-4.26307178317301,1.25257764853592,-3.40343913062468,0.00066543238232822,0.0343363109281362
"AAD021_008939",7.71544567937012,3.13102199968888,0.926831446460584,3.37820000782854,0.000729619924179056,0.0361580570287209
"AAD021_000684",9.106693913878,3.33614895758469,0.988228102955888,3.37588958217838,0.000735774416282111,0.0361580570287209
"AAD021_000245",47.8508114571177,5.70061613051933,1.69529696416248,3.36260622830501,0.000772104130150611,0.0370609982472293
"AAD021_011287",7.64793689790534,-2.98118709480562,0.901823490951438,-3.30573235751535,0.000947285248603372,0.0391039350623472
"AAD021_010422",40.8367676962561,-2.05892251244754,0.619357530752274,-3.32428752411674,0.000886447525561911,0.0391039350623472
"AAD021_009193",4.29192806615545,4.24795997422174,1.27545866773167,3.33053518839343,0.000866792072329803,0.0391039350623472
"AAD021_007111",11.2695832533269,-3.40255920367663,1.02858353827953,-3.30800472401876,0.000939632245816607,0.0391039350623472
"AAD021_006011",8.18041261864514,-2.62659636519907,0.790522419908504,-3.3226083145157,0.000891800408472078,0.0391039350623472
"AAD021_004358",5.86125526733018,4.29020480595208,1.28617951015766,3.33561899569227,0.000851097203837443,0.0391039350623472
"AAD021_002642",4.27792485343926,-2.9679979347059,0.895553668861943,-3.31414859645162,0.000919226418676573,0.0391039350623472
"AAD021_009622",12.9905862098007,2.34772434157689,0.713889951930357,3.28863620398164,0.0010067405947885,0.0405314684212807
"AAD021_004554",7.50771596818422,2.83148037095618,0.862037766541,3.28463610395834,0.00102114164627257,0.0405314684212807
"AAD021_000583",9.01856562999805,-1.98280220877489,0.608344640073094,-3.25934031166387,0.0011167162689953,0.0434887241359678
"AAD021_003307",18.8069598192132,2.84815304907377,0.8756362729793,3.25266681721978,0.00114327466057836,0.0436984981376617
"AAD021_002428",16.3656604363034,5.06130093524598,1.55893027098947,3.24664998135774,0.00116771903264432,0.0438213106068704
"AAD021_011136",6.89359684866104,3.4641410130817,1.07460769348649,3.22363317709232,0.00126575426392017,0.0466520857273434
"AAD021_009683",8.10219238497489,2.68871086891873,0.83810798731598,3.2080721215046,0.00133627983829998,0.0483873962500201
"AAD021_007924",4.02663036837014,-2.85577850421453,0.898560322779807,-3.17817116092978,0.00148207230694449,0.0518474108734478
"AAD021_009252",5.19569287494002,3.31026337590926,1.0405115124029,3.18138082707487,0.00146574813291778,0.0518474108734478
"AAD021_004155",15.7042843131622,2.68956302364462,0.847919666647659,3.17195499696108,0.00151416469149413,0.0520872653873981
"AAD021_009879",168.974045677478,3.34156307402446,1.06150622241706,3.14794487630575,0.00164422696641307,0.0522105301334858
"AAD021_007257",36.1423791718236,-1.54290389036508,0.487355816838145,-3.16586739515103,0.00154621263501763,0.0522105301334858
"AAD021_006401",17.1454981472081,-2.69380978445347,0.855450933431488,-3.14899391558056,0.00163833606318464,0.0522105301334858
"AAD021_003530",36.5254748314076,2.02688031911113,0.642539064783573,3.15448574289229,0.00160781233907378,0.0522105301334858
"AAD021_003337",20.1326512186528,-3.46212073977801,1.09650888194645,-3.1574032794265,0.00159181033717758,0.0522105301334858
"AAD021_009960",61.3592984873702,-1.93863202595308,0.620872393671003,-3.12243231574628,0.00179363342465892,0.0544420498308235
"AAD021_005292",13.9816766472633,2.03081648385043,0.650310294356794,3.1228422823278,0.00179113701763956,0.0544420498308235
"AAD021_005647",15.1869661324658,2.12652820785567,0.680496862581878,3.12496401495135,0.00177826812265209,0.0544420498308235
"AAD021_008268",4.68118960346817,-2.7774792181722,0.893184168936285,-3.10963775979144,0.00187316911998619,0.0555024516168535
"AAD021_008436",7.75990021855949,-2.19610751632531,0.707090134683704,-3.10583815075807,0.00189740537639422,0.0555024516168535
"AAD021_008526",18.9178782908555,-1.83317599715658,0.591374115318495,-3.09985836321106,0.00193613203314605,0.0555024516168535
"AAD021_001542",12.6674242506457,2.24422835044629,0.723064699501781,3.1037725282297,0.00191070171908532,0.0555024516168535
"AAD021_002601",7.27109160306309,2.73799378910062,0.888223958627011,3.08254890279354,0.00205236005611517,0.0580283719975578
"AAD021_000251",10.8923782198747,7.10721779768391,2.31051990795427,3.07602534529842,0.00209780012205822,0.0585116142152456
"AAD021_009582",52.2307171764603,2.04629154592424,0.666892465368307,3.0683980584398,0.00215209740586778,0.0592257206094813
"AAD021_011911",8.17663126760283,-2.79523959341264,0.918478562259998,-3.04333678353331,0.00233970323237022,0.0635414141001596
"AAD021_011059",23.587383553725,1.79445724521682,0.591051095678761,3.03604419031838,0.00239704230353222,0.0642158888024488
"AAD021_002723",18.452087022919,-1.95084096525409,0.643347864076636,-3.03232679268164,0.00242676323962743,0.0642158888024488
"AAD021_004452",6.87526232092777,-3.332766008666,1.1008922477084,-3.027331708079,0.00246723053541388,0.0644603015834715
"AAD021_012383",43.9327029525747,-4.29923313371029,1.42877901367121,-3.00902595333027,0.0026208672623865,0.06688446507997
"AAD021_003603",11.4138452219821,-3.07015301532879,1.02173694065546,-3.00483705067885,0.00265723165530888,0.06688446507997
"AAD021_003330",23.7632939844492,5.24686734893538,1.74570831113218,3.00558078086512,0.00265074175717377,0.06688446507997
"AAD021_001321",7.01337147222944,-2.64645552986603,0.886825560852607,-2.98418950320026,0.00284330615049018,0.070705830055563
"AAD021_001318",7.84908798959602,2.23047477007981,0.752515540902718,2.96402485908016,0.00303643756360031,0.0746096087056076
"AAD021_001029",11.40569603868,2.494741811537,0.844537431688223,2.95397423243874,0.00313710198236905,0.0761762175483495
"AAD021_001920",8.43416562472541,2.46676736186165,0.83806105341939,2.94342202372601,0.00324605584300928,0.0779053402322227
"AAD021_012319",1147.79624382185,-2.28396508428843,0.779917311954942,-2.92847081258324,0.0034063381245367,0.0808124355062499
"AAD021_009666",8.32796695668471,-3.0576145445828,1.04679029966023,-2.92094275766144,0.00348973939743789,0.0809305855765372
"AAD021_001133",11.8353365266192,2.38984520659288,0.818019590527988,2.92150118929347,0.00348348945637637,0.0809305855765372
"AAD021_002893",6.39729229606292,2.5611773479613,0.879413031097211,2.91237138567962,0.00358695881690523,0.0819720870874662
"AAD021_003007",11.7744752721281,-2.86672886346119,0.985124100356345,-2.9100179991782,0.00361407942100747,0.0819720870874662
"AAD021_011253",13.2306286155381,-2.11597919532955,0.733033874506461,-2.88660492907535,0.00389422872410567,0.087366174853849
"AAD021_009535",6.62160328423544,2.40355336117376,0.837782542011352,2.86894658296806,0.00411841345783606,0.0904298444358897
"AAD021_008756",9.91831505561363,-3.2634514890199,1.13693486266077,-2.8703944229333,0.00409960074366171,0.0904298444358897
"AAD021_008034",7.3176193053671,2.45586134422494,0.857521936529004,2.86390497969713,0.00418453518074215,0.0909145327689662
"AAD021_011261",5.3516918031948,-2.41677916711406,0.84663418648306,-2.85457309154196,0.00430947140474236,0.0926536352019607
"AAD021_005047",5.15644243567799,2.60066429147414,0.912796289442599,2.84911794838938,0.00438406243016715,0.0932856170707732
"AAD021_008238",10.0806971508641,1.98299170182213,0.701834957680511,2.82543877320631,0.004721591066575,0.0987473478943519
"AAD021_004669",6.4071649277236,-2.21253628499305,0.785083216188334,-2.81821880709049,0.00482908887370687,0.0987473478943519
"AAD021_002044",9.31475707729507,-3.48446360051038,1.23601701425776,-2.81910650121822,0.00481575368205905,0.0987473478943519
"AAD021_002882",9.57924332569444,-1.88699391401377,0.669617462787923,-2.81801777713107,0.00483211343862865,0.0987473478943519
"AAD021_005104",4.91673149189,2.34885895258501,0.839195910687531,2.79893994080674,0.00512706728222929,0.103747714416875
"AAD021_002526",8.8013969503881,2.52803570106574,0.905360460562419,2.79229744525766,0.00523352227006261,0.104873688984556
"AAD021_007940",21.8168037024798,4.64032637344527,1.66437414855604,2.78803079071559,0.00530295033715798,0.105243168229751
"AAD021_000350",13.1485895869112,1.92630794234891,0.694166327088499,2.77499479185099,0.00552025918351504,0.107488820328066
"AAD021_000898",13.3990190457347,1.86879314688585,0.672831827988239,2.77750407924893,0.00547781524847441,0.107488820328066
"AAD021_006660",5.13678114877627,-2.39683616042458,0.865423397270088,-2.76955322445085,0.00561332321166467,0.108279430924074
"AAD021_004690",17.3620130254049,2.19998297941438,0.796316331469438,2.76269981221503,0.00573254620709009,0.109555327513277
"AAD021_001025",5.33095178057047,-2.39476253397666,0.867981697797584,-2.75900118637654,0.00579783244856583,0.109786478659081
"AAD021_004502",14.3812398530174,2.09317438545351,0.759552333449228,2.75580008549,0.0058548769899132,0.109858782792553
"AAD021_010523",37.6054566003617,7.31539452415609,2.68796545677636,2.72153591323653,0.00649793242286185,0.11974761179274
"AAD021_006988",14.6145353656598,-1.57392587342108,0.578142200331915,-2.72238537944035,0.00648125122653404,0.11974761179274
"AAD021_005020",24.2238536386589,1.28630955149102,0.473445271488793,2.71691287030094,0.00658939520220961,0.120358510596112
"AAD021_003730",8.89704159504027,2.02827539232224,0.751793162289068,2.69791678624281,0.00697748797965098,0.126329256052628
"AAD021_000829",34.0689484187254,-1.36285383228906,0.506352130011865,-2.69151397123011,0.00711285190234723,0.127660228925606
"AAD021_008449",12.1793350687544,-1.92490913625545,0.718175949742432,-2.68027512888144,0.00735616709902363,0.130889042175731
"AAD021_006804",36.4774573463855,-1.69715113903803,0.635341631918942,-2.67124182294189,0.00755711819306422,0.133315315816107
"AAD021_008315",5.30290325091422,2.65604113010389,1.00586686856637,2.64054937398373,0.00827717309919336,0.143579813647053
"AAD021_000373",16.2036607863402,3.83988487273349,1.45422012226646,2.64051144248292,0.00827809972092992,0.143579813647053
"AAD021_000654",9.73670627617942,-1.99345599080335,0.759938422391851,-2.62318094738399,0.00871129931041252,0.149834348139095
"AAD021_001639",6.46453922442608,2.68113099174682,1.0234560855175,2.61968347219425,0.00880114151396841,0.150128562684552
"AAD021_002754",11.8408394213618,1.66696561766906,0.640224324159141,2.60372115642189,0.00922177501634408,0.156014292079788
"AAD021_006086",9.21558388991081,-6.14000743906021,2.38270731667956,-2.57690375820756,0.00996897028836234,0.166128925013265
"AAD021_006556",10.2700557481241,2.65105187877155,1.02893523581445,2.57650023684252,0.00998061371203726,0.166128925013265
"AAD021_000056",45.0440967713948,1.16710606744456,0.455327537503278,2.56322311153025,0.0103705382506995,0.17123832759555
"AAD021_008974",26.5812632141566,1.32496075499545,0.520389817806517,2.54609277441335,0.0108936232029618,0.177042821188293
"AAD021_000239",150.647498087978,1.38522765166979,0.543694078759981,2.54780713232911,0.0108402383964545,0.177042821188293
"AAD021_007891",127.844151293402,3.60864914705824,1.41913419777926,2.54285264403132,0.0109951587756971,0.177296935258115
"AAD021_002338",14.45941178157,1.47874065903971,0.585193734763485,2.52692496722878,0.0115066083126475,0.184105733002361
"AAD021_011262",5.94324009931373,-1.99048481322052,0.793663622644637,-2.50797032449068,0.0121426864429845,0.191663292875497
"AAD021_000362",5.11420801251963,-2.14433300922262,0.85522536377298,-2.50733093293972,0.0121646760497529,0.191663292875497
"AAD021_009451",9.17372229016599,-1.7266778813556,0.690431485036287,-2.50086781784705,0.012388940889268,0.193717984814009
"AAD021_012215",4.88019832288663,-2.04270731395162,0.819007840787045,-2.49412424670884,0.0126268337153931,0.195953269087002
"AAD021_004906",4.51820684398716,-2.30351733909623,0.928513880801441,-2.48086473096984,0.0131064100010784,0.198909045898719
"AAD021_004150",9.28467577186969,-2.11780216951019,0.852658671704453,-2.48376312795451,0.0130002250567932,0.198909045898719
"AAD021_003088",5.37050342591712,-2.27816450379988,0.918210187849092,-2.48109260161497,0.0130980340954278,0.198909045898719
"AAD021_007638",9.47482814211739,1.86467200936941,0.758479132858961,2.45843547777094,0.0139543849047569,0.202829932700129
"AAD021_008444",6.43274915136778,1.84595457437478,0.750397892348144,2.45996769606911,0.0138949521945914,0.202829932700129
"AAD021_004344",5.74134875418334,2.77432826234433,1.12380726644728,2.46868688713402,0.0135609819298372,0.202829932700129
"AAD021_004603",32.8503721231517,-1.29431498244834,0.524331050008156,-2.46850721968155,0.0135677915109254,0.202829932700129
"AAD021_002471",6.05214027685171,2.04584699184992,0.830455269461501,2.46352460762459,0.0137578451232129,0.202829932700129
"AAD021_001134",8.61874192280471,1.94751870230799,0.789829043014587,2.46574713798163,0.0136727817687682,0.202829932700129
"AAD021_010922",12.0717159860214,2.09661240041238,0.855500533152384,2.45074353453258,0.0142561488099369,0.205767070935033
"AAD021_009529",63.9191345791326,-1.45817138889858,0.597550050270343,-2.44024979704859,0.0146771090786843,0.208381776466322
"AAD021_002011",28.8139742150433,-1.25991609741238,0.516748492523323,-2.43816114733129,0.014762191542368,0.208381776466322
"AAD021_000680",4.29308823057183,-1.92590761521336,0.790468958592955,-2.43641144193884,0.0148338011852567,0.208381776466322
"AAD021_000942",22.8191431090753,-1.49942809626205,0.6154700452658,-2.43623244997163,0.0148411439634445,0.208381776466322
"AAD021_010231",6.85823876845458,1.74636225194038,0.719039597903152,2.42874280781349,0.0151512760854678,0.209880764029567
"AAD021_007963",36.6211256123955,-1.53948076242213,0.633832928312878,-2.42884314407565,0.0151470839169083,0.209880764029567
"AAD021_004877",6.57543490493869,-2.2636618188775,0.934884417558489,-2.42132800201035,0.0154639170754002,0.212783498957507
"AAD021_012492",10.7213746896243,1.61690047649613,0.671884773844611,2.40651453856294,0.0161055629602223,0.220144913575489
"AAD021_001490",8.01909114514112,1.62604827028199,0.676811805993994,2.40251168180187,0.0162829144828518,0.221104838767145
"AAD021_009245",5.56526731355278,1.94533814179763,0.811824468667709,2.39625463000658,0.0165635792722384,0.223445932143138
"AAD021_001030",61.0500746470825,1.38706162195159,0.579695203658459,2.39274296767999,0.016722951677081,0.224130988711007
"AAD021_008857",6.77058071070677,2.17966374378461,0.913828762283119,2.38519932152159,0.0170698699276906,0.224408990641741
"AAD021_003306",47.762290840349,4.17607745516186,1.75025871574181,2.38597723730913,0.0170338053440105,0.224408990641741
"AAD021_001478",71.8703838643693,-1.09425981335951,0.458178576036393,-2.38828236541683,0.0169273306996836,0.224408990641741
"AAD021_002430",4.48625298847309,2.1455035590682,0.901443229430726,2.38007618119569,0.0173090592327811,0.226113280104179
"AAD021_003177",6.0938465198189,-1.9068318080817,0.804043421691584,-2.37155327267029,0.017713492939664,0.229941191367714
"AAD021_008146",4.9409124506755,-2.20239672932616,0.930193496781216,-2.3676759050103,0.0179002085488404,0.230744775919611
"AAD021_001731",29.6199117909222,-2.52013957390046,1.06531030647384,-2.36563896790042,0.0179989868813262,0.230744775919611
"AAD021_004715",6.6576583994966,4.34712418452187,1.83991318882045,2.36267896275517,0.0181433790225972,0.231160088287905
"AAD021_011091",8.58756047223116,-2.46466867423085,1.05581932703413,-2.3343659384928,0.019576568737902,0.237678833358011
"AAD021_010361",4.30498956014876,-2.10643150519855,0.900432848041923,-2.33935435582919,0.0193171017266345,0.237678833358011
"AAD021_010429",5.40440960061788,-2.64901249268499,1.13480675787252,-2.33432914838401,0.01957849358868,0.237678833358011
"AAD021_010736",71.7503921944198,1.71469283987272,0.733954098024182,2.33623988814656,0.0194787424779842,0.237678833358011
"AAD021_006568",6.27005852248468,2.39011543699062,1.02090878019444,2.34116454217918,0.0192236927743963,0.237678833358011
"AAD021_006595",21.0259795627329,1.93369478490871,0.829137458630907,2.33217636566762,0.0196914149729747,0.237678833358011
"AAD021_002052",18.0418186125894,-1.25226497824332,0.535736205181999,-2.33746565218213,0.0194149848951758,0.237678833358011
"AAD021_003411",35.4402259048119,-1.19539935278419,0.510793509211071,-2.34027905842129,0.019269335928697,0.237678833358011
"AAD021_000340",4.62061683280531,-1.85374574359653,0.791827792736846,-2.34109709282786,0.0192271661914858,0.237678833358011
"AAD021_008946",30.8037598528615,1.31758154155436,0.567688034018239,2.32096056742326,0.0202889721561102,0.240669186955238
"AAD021_006437",11.7857608696811,-1.53825119804287,0.662547954572822,-2.32172054479387,0.0202479879645121,0.240669186955238
"AAD021_003212",4.1384061194873,-2.02226115074633,0.870993092369064,-2.32178781722122,0.0202443635677471,0.240669186955238
"AAD021_009787",12.2642591481491,-1.84655025885651,0.798133516421637,-2.31358566062401,0.0206904610017876,0.244029208615369
"AAD021_008498",5.00357409348427,-2.05029552643075,0.889548152212677,-2.30487300921351,0.0211736866492676,0.246906718893155
"AAD021_007118",5.86520249710824,-1.88678823835899,0.818508341445557,-2.30515456327147,0.0211579185502618,0.246906718893155
"AAD021_007911",9.8848688853446,-1.9085651748151,0.829998440221212,-2.29948043553724,0.0214776730809778,0.247766283270171
"AAD021_009160",7.69749035068176,-1.65482341229083,0.720212042213649,-2.29768917387795,0.0215794861683963,0.247766283270171
"AAD021_003783",5.92143216527727,2.12794988264868,0.926324441660468,2.29719716650708,0.021607524703794,0.247766283270171
"AAD021_001480",6.84282645332037,1.82062085166775,0.793764216191581,2.29365448143146,0.0218103532937029,0.248710327061894
"AAD021_007884",8.00432255399443,1.8966734970901,0.830409275450711,2.28402253341964,0.022370206683886,0.253692893382092
"AAD021_003754",6.75457683107618,-2.64065431483748,1.15750095033265,-2.28134094756345,0.0225282794671686,0.254089447105115
"AAD021_001642",8.63582238418902,1.69743197771414,0.745353706079744,2.27735095950879,0.022765276105889,0.255367010231277
"AAD021_007117",7.4790307298698,1.82725184961234,0.804870915516355,2.27024211508511,0.0231928970091197,0.25875751041526
"AAD021_008903",14.1151544158406,-1.18718962745721,0.526224485927093,-2.25605166465342,0.0240673957200741,0.266751318441253
"AAD021_003627",39.701553654966,2.04652687173621,0.907772148976921,2.25444994544357,0.0241678762347453,0.266751318441253
"AAD021_011711",6.77520494739141,1.84677421259323,0.821458492211142,2.24816497741988,0.0245656720050716,0.269699718183339
"AAD021_009596",8.65934380548318,1.91128137271965,0.850965032035031,2.24601634705123,0.0247029608528732,0.269772016932965
"AAD021_005834",11.9471090352084,3.35611038937573,1.4967480699482,2.24226805884031,0.024944052812103,0.27097118423253
"AAD021_011647",6.85229666549584,-2.35839862563709,1.05725278384929,-2.23068566161682,0.025701958068761,0.277302165775936
"AAD021_008239",12.4059313518581,-1.61451251879204,0.724231795578983,-2.22927594265774,0.0257955503047382,0.277302165775936
"AAD021_008915",35.6606315919301,1.71645719224529,0.771055857911502,2.22611264104071,0.0260066374264155,0.278122796104256
"AAD021_012250",5.3094130574243,2.01952629612499,0.91250482806629,2.21316779266212,0.0268860796743004,0.278601568701048
"AAD021_008838",6.06481600067547,2.30653458735019,1.0438583327529,2.20962415586349,0.0271312574171079,0.278601568701048
"AAD021_009302",23.8665066771832,-1.5936540631724,0.720526503866089,-2.21179103700061,0.0269811067078513,0.278601568701048
"AAD021_005348",4.03895595949161,-1.96385049824108,0.885020077200728,-2.21898977077744,0.0264874204598448,0.278601568701048
"AAD021_002383",28.1463581587941,1.49241056534196,0.672489084874788,2.21923388633115,0.026470816824015,0.278601568701048
"AAD021_003333",6.23162945946539,-1.72105071115578,0.775421904678082,-2.21950231322171,0.0264525700213833,0.278601568701048
"AAD021_000327",16.0054384201796,1.53417594266812,0.693847040061313,2.21111549677079,0.0270278400865544,0.278601568701048
"AAD021_001208",6.17801228141267,1.74384116745607,0.787951539530472,2.21313250875199,0.0268885114431372,0.278601568701048
"AAD021_000404",29.8687234763707,1.34214073993715,0.608425033975878,2.20592622753645,0.0273891654955931,0.279857611796555
"AAD021_002083",5.47128570995556,-1.49340447980761,0.678269170753092,-2.20178734962915,0.0276803330882663,0.281439445784146
"AAD021_000379",18.0504131478028,1.24976246398558,0.568990775246096,2.19645470253018,0.0280594139676413,0.282421038792846
"AAD021_000641",11.9553569644623,-1.24036105006297,0.56503342221569,-2.19519943652021,0.0281492946849364,0.282421038792846
"AAD021_001565",11.9089070798347,-1.64097658612891,0.747710386426364,-2.19466870584994,0.0281873711198286,0.282421038792846
"AAD021_002831",4.55640095121619,1.88233411896204,0.858760943467154,2.19191863961852,0.0283853819159798,0.283031054466581
"AAD021_012209",11.543656116565,-1.58568622431616,0.725577090808602,-2.18541385113059,0.0288585161958026,0.286189119303524
"AAD021_001129",31.1404268213233,1.44967052718261,0.664511398333368,2.18155855688626,0.0291421283328663,0.286189119303524
"AAD021_001137",8.01126702394021,1.42526497587953,0.653246759427584,2.18181713925139,0.029123031127756,0.286189119303524
"AAD021_001284",5.00461050937015,1.7844968110027,0.818572846033366,2.18000978123084,0.0292567365179474,0.286189119303524
"AAD021_011046",9.9582497640589,-1.69472375501681,0.78186216540089,-2.16754797713976,0.0301930955807887,0.291208174199756
"AAD021_003886",5.08582739900248,-2.01693979365339,0.929067789731738,-2.17092855434776,0.0299365734782625,0.291208174199756
"AAD021_003370",18.2088861287921,1.33695762384476,0.616338357620079,2.16919425396022,0.0300679392048703,0.291208174199756
"AAD021_012478",6.06705473664163,2.74846702416268,1.27064005504135,2.16305712483874,0.0305367862251167,0.291296425634442
"AAD021_010431",7.2520271247119,1.55589404373265,0.71914276997359,2.16353985424868,0.0304996818543,0.291296425634442
"AAD021_001248",4.95055458606041,1.83346203843759,0.848077784075567,2.1619031566027,0.0306256416485823,0.291296425634442
"AAD021_005190",20.8389363922267,1.03265164145077,0.480396464427263,2.14958210127944,0.0315882854592583,0.293685681026617
"AAD021_003933",35.6545232901173,-1.66030673432334,0.770088986808798,-2.15599334981215,0.0310841844383796,0.293685681026617
"AAD021_004639",7.84358065677451,-1.59008333104509,0.738014744150687,-2.15454141485339,0.0311977377716263,0.293685681026617
"AAD021_003081",7.47949363599623,-1.39914426009623,0.650738135184858,-2.1500880069043,0.0315482540872939,0.293685681026617
"AAD021_000082",9.96489528886131,-2.11844942200698,0.985041154178994,-2.15062021827164,0.0315061881634593,0.293685681026617
"AAD021_011116",24.4834684842386,1.27377538409271,0.59421056403261,2.14364311440079,0.0320614934148762,0.296748530978944
"AAD021_001209",8.90403520437944,-1.78923047482956,0.838637868617526,-2.13349592450322,0.032884065625001,0.30300317611608
"AAD021_012558",12.4807630736253,3.90843521961074,1.83667195165635,2.12799853348118,0.0333372051712721,0.305813295437802
"AAD021_008164",6.5237930737432,-1.38722365724766,0.653815574835583,-2.12173541077928,0.033859963223496,0.30659137192815
"AAD021_008185",5.26168079256857,-1.60398712544415,0.755536700590747,-2.1229771157245,0.0337557695420837,0.30659137192815
"AAD021_003763",16.5565540868573,-1.30626462526744,0.615685136981672,-2.12164391635513,0.0338676515502026,0.30659137192815
"AAD021_005333",4.30141220791379,1.9339165741086,0.913584587856489,2.11684457007543,0.034273041285061,0.308906363372776
"AAD021_010069",4.65323237169623,-1.6249395971548,0.771491302690967,-2.1062319062924,0.0351842129140457,0.313175431507483
"AAD021_003391",29.5777796911309,-1.80357867445499,0.85638860091465,-2.1060283526996,0.0352018895880504,0.313175431507483
"AAD021_012694",11.8178985608865,-1.43962940609911,0.683379749145315,-2.10663164645955,0.0351495213686096,0.313175431507483
"AAD021_009303",9.7568576541844,1.58223146493375,0.754233326756082,2.09780105015891,0.0359227237228299,0.318216745767901
"AAD021_007256",5.97948595342434,2.33758646971257,1.11620469770034,2.09422740696988,0.0362397274353926,0.318292755007023
"AAD021_000339",15.7213201167484,1.23018993680087,0.587173636453729,2.09510417434726,0.0361617329536234,0.318292755007023
"AAD021_011090",12.417699550053,1.45483406000064,0.696352421461467,2.08922093922975,0.0366878393756107,0.31864512101487
"AAD021_003290",11.4681339480739,1.45465849699027,0.695710550719937,2.0908961284042,0.0365373762439731,0.31864512101487
"AAD021_000588",8.28951704668834,-2.40868334573775,1.15324797702612,-2.08860834245642,0.0367429936053969,0.31864512101487
"AAD021_008331",12.3136742371004,-1.54583044262724,0.746487966104705,-2.07080423639464,0.0383770941829355,0.327315381791648
"AAD021_005967",8.74835839672588,-2.28415724592718,1.10290728618792,-2.07103287332712,0.0383557240963342,0.327315381791648
"AAD021_003984",7.58027557534186,-1.71855865147796,0.829802797795587,-2.07104465789149,0.0383546228986032,0.327315381791648
"AAD021_000976",6.77989126979699,1.63923938696568,0.79058189869093,2.0734592958427,0.0381295554884547,0.327315381791648
"AAD021_012201",143.884949591125,-0.768898092396195,0.372906827180249,-2.06190403702247,0.0392168731201534,0.33194656431964
"AAD021_012309",8.36784121420969,-3.38964230406951,1.64857958052379,-2.05609868283855,0.0397730051902437,0.33194656431964
"AAD021_011678",7.67152599209981,-1.40300369465468,0.682132565864436,-2.05679037310984,0.0397063945096492,0.33194656431964
"AAD021_007869",44.9920294632596,-2.21503985691883,1.07851699150288,-2.05378299495518,0.0399966995167204,0.33194656431964
"AAD021_007233",4.58838666459363,-1.60379120997832,0.780436298321299,-2.05499310248388,0.0398796709321148,0.33194656431964
"AAD021_007354",14.2082420703921,1.16705365341997,0.567689379205789,2.05579617334519,0.0398021670419328,0.33194656431964
"AAD021_006393",30.578330505908,1.01957588384614,0.496961615544917,2.05161898213845,0.0402067059495688,0.33194656431964
"AAD021_002081",4.73464094225719,1.96088755445141,0.955083298515338,2.0531063180558,0.0400622673438507,0.33194656431964
"AAD021_009865",6.70411851499914,1.56990094565907,0.767147796591731,2.04641263734811,0.0407157897692698,0.334810319058856
"AAD021_001260",4.56535743139871,1.85271918067965,0.909706623404712,2.03661173065397,0.0416889663120585,0.341452485984479
"AAD021_003571",5.32439152706932,1.72341865823934,0.84761440407108,2.03325787051493,0.0420264771222232,0.3415064912609
"AAD021_002105",10.2452492847137,1.33980512211732,0.658434949171417,2.03483293801969,0.0418676856209647,0.3415064912609
"AAD021_009744",9.32807682990668,1.52185786993908,0.753999346414068,2.01838088743294,0.0435516083415671,0.345940778589491
"AAD021_004239",4.35256412758625,-1.94535781548858,0.96363850188518,-2.01876306486597,0.0435118516869134,0.345940778589491
"AAD021_002299",43.8001409958976,-0.93721917329566,0.465139629773342,-2.01492006551314,0.0439130251891699,0.345940778589491
"AAD021_003278",11.515123748398,1.23813860217243,0.612531572771984,2.02134658393083,0.0432439000554844,0.345940778589491
"AAD021_000153",11.9657985790011,1.49974372097595,0.742215879894371,2.02063006411206,0.0433180743546565,0.345940778589491
"AAD021_000225",5.54699902330926,1.74975995079876,0.868067885935807,2.0156948311853,0.0438318964477324,0.345940778589491
"AAD021_000497",37.5953488646269,1.04367811366948,0.517837145409064,2.0154562547749,0.0438568652193302,0.345940778589491
"AAD021_001683",3.94862919774453,-1.85497265951329,0.919379100328481,-2.01763631438929,0.0436291519385555,0.345940778589491
"AAD021_000882",8.34828105673322,1.67283706196633,0.831467508872675,2.01190911745235,0.0442295181247306,0.34710922208914
"AAD021_011098",78.6242547395361,-0.89070021068347,0.443816186897617,-2.00691240423131,0.0447589908344903,0.349933928342379
"AAD021_007536",12.4403901905944,-1.36900840597273,0.683276491134309,-2.00359360191076,0.0451136117873655,0.350054491462866
"AAD021_001213",5.06818444561459,1.77256012411461,0.884303944958271,2.004469316484,0.0450198105631546,0.350054491462866
"AAD021_002218",4.66156573570939,-1.37743289665635,0.688164828105017,-2.00160316308136,0.0453274285532814,0.350396301625367
"AAD021_006163",16.2588708813583,-1.28591756825194,0.643016395474487,-1.99982080908381,0.0455196167454136,0.35056898866617
"AAD021_004507",4.5751372917866,-2.07096082879985,1.03962714438588,-1.99202265926136,0.0463685717656726,0.355779673324715
"AAD021_009099",5.95770771552421,-1.48293592320863,0.747457752634221,-1.98397289744123,0.047258861378053,0.361267740312227
"AAD021_010368",100.806786556964,-0.895839715973825,0.451918205856161,-1.98230499317161,0.0474451155279005,0.361353204611021
"AAD021_003076",6.60545568592666,-1.6543179627434,0.835290953075284,-1.98052900806924,0.0476441171352724,0.361534771202949
"AAD021_012349",6.17916173285698,1.7912942520805,0.907493568488663,1.97389195282532,0.0483940299869617,0.363219192338505
"AAD021_009417",6.40378739256068,1.63059708402593,0.824868125812273,1.97679730007779,0.0480645470164913,0.363219192338505
"AAD021_002953",10.0355411870552,1.83858467593783,0.930923160547317,1.97501228227781,0.04826675419888,0.363219192338505
"AAD021_003706",12.8517850626977,-1.38792488013914,0.706203178561815,-1.96533366355792,0.0493756317847058,0.367910844778458
"AAD021_000054",5.81703677509715,-1.6873961397835,0.858448149387176,-1.96563547954305,0.0493407326732696,0.367910844778458
"AAD021_008356",12.4611888235694,-1.30412960526121,0.665012364190723,-1.9610606892223,0.0498719437401434,0.368312460964421
"AAD021_004666",4.42509994870755,-2.46755129343683,1.25962403652405,-1.95895856373626,0.0501176396298986,0.368312460964421
"AAD021_000354",11.1204706538954,-1.50321072067077,0.765839190687883,-1.96282814845317,0.0496661458855902,0.368312460964421
"AAD021_001181",8.69673844486806,1.64954963839949,0.842148600914458,1.95873939184641,0.050143314695253,0.368312460964421
"AAD021_002427",5.72069300844046,2.19511095818458,1.12237715348047,1.95576945893596,0.0504923181731097,0.369560796841484
"AAD021_008097",6.37783839435644,1.51711846980114,0.777562217284163,1.95112164155823,0.051042577367821,0.369864218374565
"AAD021_007132",12.2992871567484,1.09766454023004,0.56265108732869,1.95087962140346,0.051071367362767,0.369864218374565
"AAD021_000330",8.85175714490163,1.53129388733336,0.784533820735814,1.95185197484177,0.05095578147427,0.369864218374565
"AAD021_008041",19.1244857899077,1.10150570606006,0.567618902987208,1.94057262762598,0.0523101368961011,0.376776675502738
"AAD021_005646",4.40598693809445,1.75948653497456,0.906995107747216,1.93990741509594,0.0523909427661268,0.376776675502738
"AAD021_009034",40.960751224354,1.05075874239032,0.543586802989036,1.93301003006784,0.0532349622195814,0.379652251055839
"AAD021_003814",24.6626319472641,0.979687836970273,0.507032503123321,1.93219927901149,0.0533349141520383,0.379652251055839
"AAD021_001026",4.619997130689,1.6831252844,0.871121139301174,1.93213688483122,0.0533426127936983,0.379652251055839
"AAD021_004679",8.23205694025933,-1.62483274473702,0.842822906733654,-1.92784597067257,0.0538742877732721,0.380810034123403
"AAD021_001151",24.4516400014252,1.20264088608119,0.623771773245854,1.92801427968299,0.0538533500388799,0.380810034123403
"AAD021_008207",27.1828653797538,1.05024858336261,0.546791912888787,1.92074637280932,0.0547636902547197,0.382034956156382
"AAD021_005273",4.44642112178924,1.5807380428363,0.823063574767425,1.92055400250579,0.0547879588286284,0.382034956156382
"AAD021_002840",7.41725135861949,-1.55258434757156,0.808373838294855,-1.9206266630876,0.0547787912420148,0.382034956156382
"AAD021_000069",4.03709278090925,-2.26670050548988,1.1779860540792,-1.92421675760984,0.0543274194875343,0.382034956156382
"AAD021_000982",4.34616764291252,-1.38932706625791,0.726531937721351,-1.91227252942975,0.0558412473994904,0.388068466776256
"AAD021_011003",12.8192169766006,1.44706402180681,0.759026963663773,1.906472485275,0.0565889321848983,0.391944818891376
"AAD021_001271",4.67676143340145,1.6663021667301,0.87557309680151,1.90309886498014,0.0570276460347218,0.393662412761424
"AAD021_011174",9.12437869619147,1.54061744085511,0.812464402247486,1.89622762128822,0.0579299522631544,0.398558071570502
"AAD021_009217",8.19987327537012,1.21656498185136,0.643616979437836,1.89020025996512,0.0587311819444057,0.401394567990906
"AAD021_005160",12.3429806767881,1.24441485542341,0.65789893297729,1.8914985160287,0.0585578288924947,0.401394567990906
"AAD021_002362",22.8577915793495,-1.18033268441564,0.625555009873944,-1.88685673647388,0.0591795974928389,0.403124386881912
"AAD021_003803",4.79086048730875,1.65106969267234,0.876316576425824,1.88410186123199,0.0595511985301563,0.404321295283693
"AAD021_010902",12.2559817976169,1.2203694618433,0.649330164661227,1.87942826047516,0.0601860405507109,0.407291762939892
"AAD021_002729",42.0550687277065,-0.835880436453701,0.445152174958729,-1.87774087935479,0.0604166214853706,0.40751603511701
"AAD021_003972",8.08727445621872,-1.54798123098985,0.830032040240117,-1.86496563499168,0.0621862212843748,0.416958925712205
"AAD021_002605",11.2083764239978,1.21534094341158,0.653072009352116,1.86096008710779,0.062749813314158,0.416958925712205
"AAD021_002783",4.14194348242325,-1.65407662841115,0.888882686139553,-1.86084919214127,0.0627654764374648,0.416958925712205
"AAD021_003134",4.94790355780226,1.66155776644171,0.891286002305949,1.86422513328258,0.0622900952891774,0.416958925712205
"AAD021_000429",4.76500350896045,-1.85854297886692,0.998993099648341,-1.86041623262578,0.0628266598335735,0.416958925712205
"AAD021_012487",21.1306959491275,1.03443485713962,0.558317141331762,1.85277287864056,0.0639149191276766,0.422487311857174
"AAD021_008357",6.70107654410464,-1.50366094108969,0.81213344105547,-1.85149492075526,0.0640983847860835,0.422487311857174
"AAD021_001427",5.28809622269949,1.60709368324749,0.868569603047136,1.85027622151345,0.0642737480247833,0.422487311857174
"AAD021_006002",12.9748829923115,-1.35458792469395,0.732779418565664,-1.84856164129911,0.0645211358650278,0.422767061667992
"AAD021_009448",9.26468595957619,-1.90400491985898,1.03462616659501,-1.84028297498518,0.0657267035491916,0.425735458860741
"AAD021_005751",4.37528707391677,-1.56673633553743,0.851584822783521,-1.83978893660451,0.0657992303181087,0.425735458860741
"AAD021_002671",3.99559942225667,-1.45523248231641,0.789452364584335,-1.84334425685408,0.0652787632771365,0.425735458860741
"AAD021_001526",10.7142119819569,-1.53134921745829,0.8310956935728,-1.84256666145768,0.0653923052562274,0.425735458860741
"AAD021_006960",9.81214673676873,-2.05048619697961,1.11660492025133,-1.83635783775525,0.0663047509127686,0.42633335166341
"AAD021_003841",5.04514379260432,1.70996872632575,0.930701168176033,1.83729083490559,0.0661669721736476,0.42633335166341
"AAD021_004884",5.57451227826051,-1.92840305220615,1.05408102918399,-1.82946376873797,0.0673301622051844,0.428918070344138
"AAD021_005131",9.9039472266653,1.4538314216177,0.794409588656735,1.83007788724702,0.0672382929925538,0.428918070344138
"AAD021_000551",8.32772146266144,1.28630025656668,0.702842359974749,1.83014048358282,0.0672289346745376,0.428918070344138
"AAD021_011002",5.26759266283356,-1.75540639036046,0.969732845158591,-1.81019586902141,0.0702654180098191,0.429076398734516
"AAD021_010228",7.34759057056634,-1.5659359067833,0.864729497548279,-1.81089683100104,0.0701568232342268,0.429076398734516
"AAD021_010480",4.40095345349272,-1.61591897437682,0.891313078052376,-1.81296450615063,0.0698372959013255,0.429076398734516
"AAD021_010568",9.01584356963025,-1.59835002820746,0.8828892385824,-1.81036301991157,0.0702395100628381,0.429076398734516
"AAD021_005195",25.0410980887937,0.997571780104618,0.548078803207123,1.82012472342892,0.0687400133470502,0.429076398734516
"AAD021_005267",5.23509076413721,-1.50736979293922,0.829902713791742,-1.81632107943375,0.0693211335412127,0.429076398734516
"AAD021_007081",22.7344293502491,-1.25050298030808,0.687264446233784,-1.81953684227497,0.0688295673161165,0.429076398734516
"AAD021_006436",9.45030839048761,-1.41797279792651,0.782407419909306,-1.81232023347999,0.0699367299447857,0.429076398734516
"AAD021_003638",9.53758486338487,1.42331985701096,0.780425023796069,1.82377526810683,0.0681860543319577,0.429076398734516
"AAD021_002679",6.47869464894404,1.41251939846671,0.77888371970432,1.81351768272026,0.0697520138266529,0.429076398734516
"AAD021_003108",11.280413327075,-1.19174184025476,0.656681191858712,-1.81479514721837,0.0695553964507686,0.429076398734516
"AAD021_003287",31.9267189045573,1.00379967053152,0.549606119158626,1.82639827967745,0.0677902908201212,0.429076398734516
"AAD021_000259",7.12552761673501,1.30981592844082,0.718164244007969,1.82383896075211,0.0681764218439782,0.429076398734516
"AAD021_001113",23.3807197672813,0.940723944819495,0.518029353166371,1.81596648736113,0.0693755130592319,0.429076398734516
"AAD021_007215",12.3338458835273,1.03577121380765,0.573981940680308,1.80453624129708,0.0711472830597472,0.430639273417356
"AAD021_002644",4.57001494374194,-1.3210080410883,0.73167807074054,-1.80544981996153,0.0710043211412011,0.430639273417356
"AAD021_002755",10.8931906033662,3.08533929451706,1.70964860626155,1.80466283142458,0.071127459454132,0.430639273417356
"AAD021_008396",9.86594576650256,-1.00722368235368,0.561040061090566,-1.79527943226694,0.0726091903192892,0.43778563207317
"AAD021_004972",5.85957714862866,1.37736801893593,0.767600082786402,1.79438232202381,0.0727521665702991,0.43778563207317
"AAD021_010351",11.1429663340217,1.16669486666565,0.653587710015744,1.78506243123443,0.0742511908837809,0.437869879954639
"AAD021_008852",15.9162789571368,2.46647605558233,1.37966559047653,1.78773470369035,0.0738188199447753,0.437869879954639
"AAD021_006512",12.9164997565054,-1.10741194716797,0.617886040855427,-1.79225920953777,0.0730914540680215,0.437869879954639
"AAD021_003575",46.8303848737107,-1.05740048451582,0.591695335864282,-1.78706915607385,0.0739263119036527,0.437869879954639
"AAD021_004247",20.5461103625998,1.26424983064802,0.706998951958121,1.788191944481,0.0737450455004568,0.437869879954639
"AAD021_002317",39.7612597334118,1.08108133514349,0.605281776863699,1.78607943682887,0.074086397106361,0.437869879954639
"AAD021_002814",22.8517161738059,-0.944036236804267,0.528053608985037,-1.78776590244082,0.0738137842015889,0.437869879954639
"AAD021_001194",6.06915602950758,1.38322406117516,0.775590425184222,1.78344654119036,0.0745136428406588,0.438165694652763
"AAD021_008697",16.2198914359623,1.61389187396502,0.906624665602577,1.78011026524671,0.0750579169480551,0.440112331195414
"AAD021_004236",5.86332954476033,1.53933211778058,0.868145061351331,1.7731277712788,0.0762075371341579,0.44558741259179
"AAD021_012559",9.0381843326699,1.82242048780403,1.02878609628851,1.77142799108451,0.0764895573301144,0.44597301222982
"AAD021_004359",5.32104196349284,1.49563773545637,0.845308472043478,1.7693395782971,0.0768372223004887,0.446738103741433
"AAD021_008714",10.5887468542955,1.25286093640639,0.709281704678911,1.76637988565284,0.0773321373410648,0.448352616494263
"AAD021_011950",3.8988695430885,-1.57167887227568,0.893124271063521,-1.75975384747315,0.07844955144753,0.449777428299172
"AAD021_008988",5.84658590646349,1.46448828221408,0.831565261819761,1.76112248725886,0.078217673717015,0.449777428299172
"AAD021_007418",7.22612055302902,-1.34967449459013,0.76643314051037,-1.76098138670175,0.0782415534353612,0.449777428299172
"AAD021_001457",7.20961787422597,-1.54775945955428,0.878448607361669,-1.76192374440984,0.0780821822325899,0.449777428299172
"AAD021_009051",30.219139248282,-1.85192416616146,1.0537657187838,-1.7574344402652,0.0788437873049937,0.450701940783998
"AAD021_003685",14.8601860718449,-1.02557370236342,0.584385300371207,-1.75496149836754,0.0792658936553252,0.450701940783998
"AAD021_000927",18.255604426784,1.16383461174702,0.662733118794865,1.7561135527124,0.0790690214577,0.450701940783998
"AAD021_008314",6.95285000100623,1.51902937378857,0.868127828667175,1.74977615464847,0.0801569468472057,0.453021426386677
"AAD021_007234",4.62274641617587,-1.44235349195389,0.82478579930392,-1.74876130647638,0.0803322878185678,0.453021426386677
"AAD021_007352",7.08882323688472,1.34146246490241,0.766481640021383,1.75015603095853,0.0800913935377342,0.453021426386677
"AAD021_008071",26.7623198724752,0.939267244916683,0.541039339755165,1.73604242039355,0.0825563341875968,0.455871892073932
"AAD021_008692",4.41498288400475,-1.73040831149143,0.995368911870128,-1.73845926957904,0.0821299209699236,0.455871892073932
"AAD021_008809",7.72226273524468,-1.27135536724493,0.729977744121562,-1.74163579298551,0.0815721940768444,0.455871892073932
"AAD021_009129",6.0474126325965,-1.24277462166104,0.712768177599865,-1.74358881431252,0.0812308151777118,0.455871892073932
"AAD021_004271",12.5626292902314,1.66742948711836,0.960628701361086,1.73576896542424,0.0826046936219238,0.455871892073932
"AAD021_003259",18.0622835242536,-1.27117949434621,0.732013082610792,-1.73655297226716,0.0824661065241742,0.455871892073932
"AAD021_003267",27.2439004726296,1.12464786329245,0.646529175675656,1.73951602743547,0.0819440355253381,0.455871892073932
"AAD021_000345",8.81558044530418,-1.07790313500976,0.618524222522657,-1.74270157216078,0.0813857569025986,0.455871892073932
"AAD021_005179",7.19893802398475,-1.20330597267549,0.694597808104116,-1.73237801593396,0.083206279573246,0.457967362771146
"AAD021_008208",34.1140390242199,-1.04345477608898,0.603468422326194,-1.72909590209669,0.0837919324705927,0.459964225051339
"AAD021_003455",7.19945007431809,-1.2422395139037,0.720227227833904,-1.72478832498427,0.0845656265261096,0.462979981829947
"AAD021_005335",4.46876225802539,1.6312535407088,0.947845008370228,1.72101295708004,0.0852484727061293,0.464006947020366
"AAD021_007332",5.43098680976915,-1.52539929088815,0.886457897760059,-1.72078030410987,0.0852906977706241,0.464006947020366
"AAD021_002429",13.4693863924871,2.84858055989542,1.65612603022151,1.72002643996509,0.0854276355948349,0.464006947020366
"AAD021_006448",15.2102174647534,-1.39019396393363,0.810177284727218,-1.71591328236474,0.0861779153066754,0.466853588433013
"AAD021_008374",5.85940437481904,-1.36971277721536,0.79951855606533,-1.7131719668348,0.0866809073006839,0.467126351615174
"AAD021_006977",6.42934287044081,1.33690817471633,0.780282109333182,1.7133651518152,0.086645383168345,0.467126351615174
"AAD021_005368",11.5436803617863,1.01809529680679,0.595447731392512,1.70979792705881,0.0873032464825843,0.468036105818322
"AAD021_004279",9.12552424914678,-1.35372778107849,0.791324152050828,-1.71071207364279,0.0871342777698208,0.468036105818322
"AAD021_001168",10.4569204400646,-1.1797270563853,0.69118976220326,-1.7068063228031,0.087858056836416,0.469790231373996
"AAD021_003274",9.25895306315994,-1.58111301903025,0.928556768696897,-1.7027639799009,0.0886122461897924,0.470431790043379
"AAD021_003276",7.2385505533988,1.50986280846263,0.886850754417574,1.70249932239637,0.0886618053909276,0.470431790043379
"AAD021_001483",7.72286741100928,-1.3143825944204,0.770999470896049,-1.70477755697139,0.08823591875202,0.470431790043379
"AAD021_010578",24.8079393097412,-1.16057876499593,0.683851657609074,-1.69712064317227,0.0896738541824727,0.47095886776749
"AAD021_010068",4.17983468513357,1.49031267514646,0.877341981971191,1.69866791487404,0.0893817721165832,0.47095886776749
"AAD021_004212",12.8190498742441,1.37194890700771,0.807173540828007,1.6996950935735,0.0891882927189943,0.47095886776749
"AAD021_002634",4.56441447788667,-1.34735750357132,0.793619372274103,-1.69773766952095,0.0895572846973189,0.47095886776749
"AAD021_008131",6.66372970559858,-1.32353920680236,0.78246579686625,-1.69149784195436,0.0907417596082926,0.474637851543656
"AAD021_000856",9.62825851790924,-1.00217766417023,0.592649220797433,-1.69101321490268,0.0908342787595658,0.474637851543656
"AAD021_001554",30.0999371585115,0.755689398000954,0.448525375868531,1.68483086723382,0.092021207718735,0.479625688715831
"AAD021_000477",14.7875946608296,-0.963909938012775,0.572816733074535,-1.68275450481184,0.0924226255581565,0.480504531869106
"AAD021_007744",16.4843668315709,2.35845365787435,1.40574026807971,1.67773073833624,0.0933996758790679,0.48194232753599
"AAD021_007182",8.00588129746027,1.67266763650214,0.996450902941286,1.67862524040555,0.0932251042320124,0.48194232753599
"AAD021_003424",75.7214248184344,-0.779487169716906,0.464541755374255,-1.67797008707843,0.0933529387310742,0.48194232753599
"AAD021_001013",9.1388013971432,1.20547611892736,0.719545927288802,1.67532894456024,0.0938697094274935,0.483159801143009
"AAD021_010281",11.0808896228978,-1.17494240905861,0.702880325461036,-1.6716108937719,0.0946010752147576,0.484234348286205
"AAD021_009770",30.708352779992,-0.923255060371571,0.553010545366491,-1.66950715154936,0.0950169142712757,0.484234348286205
"AAD021_008477",25.1011426306057,-1.00484931647711,0.601676326735067,-1.6700828532341,0.09490297214957,0.484234348286205
"AAD021_002324",9.07309051400582,-1.21262043700387,0.725058092812876,-1.67244590333375,0.0944364267980226,0.484234348286205
"AAD021_001309",29.6760466968268,1.11494885063789,0.670916861176256,1.6618286335555,0.0965471392987779,0.490820924908073
"AAD021_001617",9.22434822566529,-1.35072995221927,0.813470866220785,-1.66045276887971,0.0968234020027728,0.491015974775733
"AAD021_009517",13.2063169512316,1.01202402913945,0.610551874892154,1.65755617295944,0.0974070819800937,0.492551202187546
"AAD021_000198",6.55156757547769,-1.19892045887418,0.723730128787747,-1.65658497716874,0.0976034116737917,0.492551202187546
"AAD021_002786",7.52129837539591,-1.29384776901125,0.78221650826751,-1.65407883282459,0.098111496278348,0.492705908317543
"AAD021_000552",5.73271685220565,1.22251586646069,0.739054221458401,1.6541626188783,0.0980944757948535,0.492705908317543
"AAD021_008795",286.396555215528,-1.48280463021579,0.898677685644249,-1.64998492107078,0.0989460201967819,0.495690741956694
"AAD021_003849",10.9226676968126,-1.07830341269175,0.655028177001002,-1.64619393570012,0.0997238374080398,0.498377724964151
"AAD021_008006",5.7043642514528,1.51612388431134,0.925401925295948,1.63834096609046,0.101350586453007,0.501379233722825
"AAD021_004146",10.7823365901899,1.01695653026753,0.621065721520039,1.63743786692745,0.101539011480688,0.501379233722825
"AAD021_004473",8.8124084234947,-1.14501873511553,0.698566566220286,-1.63909753269592,0.101192948830256,0.501379233722825
"AAD021_004611",36.7164037949386,0.80470187483296,0.490822420141075,1.6394969785644,0.101109799415245,0.501379233722825
"AAD021_002472",5.43856361701858,1.45474347375151,0.886815288344845,1.64041316480532,0.100919289917233,0.501379233722825
"AAD021_000998",9.70812083472527,1.23775079266152,0.75663286951194,1.63586706649411,0.101867411937999,0.501800329928472
"AAD021_012306",11.4918910092457,1.10301810304681,0.676986276834956,1.62930644355693,0.103248162775035,0.507390971351601
"AAD021_001015",20.2908026012366,-0.872009311734676,0.536678334976226,-1.6248267442607,0.104199480760338,0.51084971090104
"AAD021_008182",11.8497652341672,-1.56466944904829,0.96515805494074,-1.62115359348513,0.104984702474673,0.512265782287767
"AAD021_000859",4.44464149433037,1.29028710994851,0.795678504366822,1.62161865988235,0.104885024736765,0.512265782287767
"AAD021_008646",5.78532946017876,1.50970075270049,0.933212961841364,1.6177451604633,0.105717529161843,0.512614793954196
"AAD021_009076",10.0598639676856,1.01812455038297,0.632553561502096,1.60954678361984,0.107496833855106,0.512614793954196
"AAD021_009285",30.9878634785514,-1.01895815689854,0.630545248132115,-1.61599529917485,0.106095329550312,0.512614793954196
"AAD021_006938",7.71639976623202,-1.14321054406029,0.707843401280819,-1.61506138503472,0.106297402203249,0.512614793954196
"AAD021_005977",3.94481297415597,1.36840703542194,0.850628679196162,1.60870079846717,0.107681781136072,0.512614793954196
"AAD021_003695",9.54521866382904,-2.54058775181272,1.57975668383291,-1.60821459267295,0.107788188263625,0.512614793954196
"AAD021_003756",16.6050225235104,0.969027227993243,0.600496022417869,1.61371131833896,0.106590057775891,0.512614793954196
"AAD021_004340",4.65956366063917,-1.22558326398269,0.75957363414633,-1.61351475207549,0.106632720890883,0.512614793954196
"AAD021_002180",5.35569677823645,-1.27743334219421,0.792429688838766,-1.61204629279624,0.106951866452654,0.512614793954196
"AAD021_000269",133.761858543322,-0.711678648722906,0.44206962473949,-1.60987909798665,0.107424252927101,0.512614793954196
"AAD021_000280",4.81104819173082,1.46852378420013,0.90927220061999,1.61505408743258,0.106298982398983,0.512614793954196
"AAD021_003254",13.7834668376183,-1.05697299178036,0.658381243295409,-1.60541176186896,0.108403217655715,0.514354577566429
"AAD021_010525",37.6228794427183,-1.07217125577317,0.669214041939632,-1.60213502494003,0.109125754323117,0.515498861866708
"AAD021_010590",39.1434382208294,1.01224858674656,0.631844642948199,1.60205296989366,0.109143896625849,0.515498861866708
"AAD021_006916",5.12386204268879,1.22717440941908,0.767198434553127,1.59955280687438,0.109697824965206,0.516932216274395
"AAD021_009984",21.0096368102966,-1.27346113795813,0.800105150437702,-1.59161722338805,0.111470737719385,0.517001827197974
"AAD021_007193",40.1646240685985,0.840997825695506,0.527877482843154,1.59316859125319,0.111122375245228,0.517001827197974
"AAD021_007361",38.6343763405198,-0.833148348982646,0.524059694612236,-1.58979665398445,0.111880648351943,0.517001827197974
"AAD021_006081",7.48438160507395,-1.53611228441861,0.963088147675632,-1.59498617870643,0.110715326546812,0.517001827197974
"AAD021_002188",8.11537917394704,-1.08968929363951,0.683502854104602,-1.59427175335942,0.110875181429357,0.517001827197974
"AAD021_002748",36.1207165889211,-0.943453587726498,0.593585820242271,-1.58941395759998,0.111966965483282,0.517001827197974
"AAD021_000219",10.0891116910032,1.1421265478807,0.717827642459122,1.59108744261788,0.111589898159484,0.517001827197974
"AAD021_000318",5.41457350625765,1.45347901230933,0.911205467886424,1.59511664880669,0.110686153120826,0.517001827197974
"AAD021_000954",5.68504738025052,-1.27390917777189,0.799260824667022,-1.59385914892377,0.110967585929294,0.517001827197974
"AAD021_005274",13.0618778642709,1.38953473336118,0.875767196940999,1.58664852738803,0.112592270159309,0.517573375520745
"AAD021_003026",9.20962272496626,1.12066983845502,0.705947104881365,1.58746998281599,0.112406240181907,0.517573375520745
"AAD021_006494",5.22098425990723,-1.19627193333594,0.755293550957276,-1.58385032126881,0.113227784776496,0.519338106174863
"AAD021_008240",8.70106201282003,-1.07996974192898,0.682362818202831,-1.58269136758263,0.113491826815908,0.519394967955729
"AAD021_009871",6.70730004879559,1.13250779375073,0.716629502956173,1.58032538303127,0.114032369790023,0.519564704738646
"AAD021_004154",62.538515533052,-1.05068734117867,0.664412652677452,-1.58137768289723,0.113791707099611,0.519564704738646
"AAD021_007952",27.4533680222869,0.899219031068619,0.569824974068512,1.57806181194245,0.114551410194144,0.520140766360495
"AAD021_008018",33.4418963124015,-1.05802318167526,0.671195671987033,-1.57632598932447,0.114950695113412,0.520140766360495
"AAD021_006355",8.20676855900171,-1.01622996302233,0.64551355071793,-1.5742968709055,0.115418832845497,0.520140766360495
"AAD021_003594",39.9110727022158,0.744307310471598,0.472751572948066,1.57441530195261,0.115391468497037,0.520140766360495
"AAD021_001228",6.56403947370683,1.53959236088937,0.976003825026418,1.57744500729564,0.114693166314125,0.520140766360495
"AAD021_008074",16.9897148382048,-1.04335196117794,0.664275969945806,-1.57066040077147,0.116261551935113,0.520470812570439
"AAD021_007172",6.27626631906215,-1.17026151186166,0.744947241062035,-1.57093207056284,0.116198428280687,0.520470812570439
"AAD021_002495",4.78346825629259,-1.30203761610681,0.829517722625633,-1.56963206522645,0.116500734209081,0.520470812570439
"AAD021_000900",8.51890890757392,1.22464007161907,0.778895172048588,1.57227842149556,0.11588599515996,0.520470812570439
"AAD021_011016",5.31252394756685,1.20438983625423,0.768981084719987,1.56621516469783,0.117298253693783,0.520652893814986
"AAD021_006305",13.8973028156969,1.27833367639503,0.816103631280636,1.56638645803972,0.117258171304425,0.520652893814986
"AAD021_000659",5.67244847675107,1.20997541361387,0.771871993166141,1.56758558974354,0.116977877283001,0.520652893814986
"AAD021_001907",13.0328530309645,-1.11519907436413,0.713450369262678,-1.56310673090918,0.118027492721738,0.521729275688675
"AAD021_000948",22.3286463974439,-0.826066971962108,0.528504694075805,-1.56302674549873,0.1180463041408,0.521729275688675
"AAD021_003644",15.1038239014972,-1.16314249654504,0.745617056129878,-1.55997302768572,0.11876625527508,0.522672816391821
"AAD021_002370",9.1335519502129,-1.274731558719,0.816968980254794,-1.56031818774984,0.118684707441818,0.522672816391821
"AAD021_000016",6.45542348401584,-1.60887878190009,1.03219835189671,-1.55869148496867,0.11906941811341,0.522892082949104
"AAD021_012138",49.9436172678022,-0.82887728868242,0.532531369798833,-1.55648537474052,0.119592717763194,0.523900464068802
"AAD021_005769",140.007539181911,-1.20138998683381,0.772307280772793,-1.55558547322209,0.119806695271548,0.523900464068802
"AAD021_000256",7.84228105728598,1.17183765385638,0.754855632004308,1.55239969627688,0.120566616093383,0.526108870225672
"AAD021_001399",4.11803719315654,1.53983169229139,0.992669259390286,1.55120316029246,0.120853005050437,0.526245996675323
"AAD021_002760",10.4349313560953,-1.08310560814012,0.699260355978622,-1.54893037890629,0.121398457206492,0.526400032928989
"AAD021_000199",14.1468590697769,0.880956248332942,0.568682264260399,1.54911855652589,0.121353222865695,0.526400032928989
"AAD021_007351",4.68041223298416,-1.37602426274692,0.890281167042771,-1.54560639232394,0.1221996564663,0.528763293388771
"AAD021_012358",16.0415415146652,-0.887584200364199,0.575244484634331,-1.54296864041802,0.12283838489178,0.528973437008925
"AAD021_004052",23.9427904790715,-0.793979589996586,0.514798468321774,-1.54231148469601,0.122997919439849,0.528973437008925
"AAD021_000643",15.0337272888724,-1.10482931469679,0.7163830589638,-1.54223260987614,0.123017078374169,0.528973437008925
"AAD021_009665",15.374190175706,-2.26781745073986,1.47245379906006,-1.54016204256291,0.123520859654824,0.530035455982448
"AAD021_007876",5.73300587888849,1.06228450306108,0.692296548225933,1.53443564868736,0.12492251318291,0.531771159423961
"AAD021_009457",9.01063717727037,-0.921623553846122,0.600488470502939,-1.53478975720253,0.124835479605921,0.531771159423961
"AAD021_002806",4.46001261275861,-1.39770407838307,0.910763499194596,-1.53465096001222,0.124869587851606,0.531771159423961
"AAD021_001219",19.1073621700904,1.60456023237892,1.04579316273872,1.53429979230014,0.124955916822006,0.531771159423961
"AAD021_002663",9.13520263658909,1.09089446057135,0.713081669463026,1.52983102397349,0.126058560223723,0.535359811320502
"AAD021_002464",4.09753010912128,1.24754522822562,0.817839225631179,1.52541622989874,0.127155313171056,0.538908760544269
"AAD021_009298",6.766483606412,1.09105399421247,0.716928785036922,1.52184431282988,0.128048095209024,0.541580468261117
"AAD021_005548",7.19973716272503,1.04700747487906,0.688705625380677,1.52025398993995,0.12844715285211,0.542157307743877
"AAD021_007778",5.62474041885021,1.27994273741958,0.843567397440195,1.51729754054456,0.129191578895138,0.5426782995956
"AAD021_007088",6.13622293321134,-1.50076339006577,0.988949176587164,-1.51753338351002,0.129132071535806,0.5426782995956
"AAD021_003913",16.049389917328,-1.02903852456401,0.678501988648977,-1.5166330265487,0.129359362112905,0.5426782995956
"AAD021_007115",11.7555118348226,1.34912157369898,0.891330784366001,1.51360370062682,0.130126381993238,0.54475919124381
"AAD021_001404",55.558814050594,0.726259007212793,0.480141949828737,1.51259228124484,0.130383256043819,0.54475919124381
"AAD021_003393",4.03130438209248,1.68413199840149,1.11503585115629,1.51038372143376,0.130945539915558,0.546003220981236
"AAD021_008593",64.5501023833951,-1.06696262800342,0.7072476029363,-1.50861257581317,0.131397818507398,0.546784470563044
"AAD021_000456",9.65677459067687,-0.96219102811172,0.638741463731763,-1.50638573311062,0.131968180989778,0.548052968939439
"AAD021_008585",32.5446772352517,3.54848957451577,2.35832120019479,1.50466763145863,0.132409548893825,0.548781744812963
"AAD021_007091",5.89504531313555,-1.1261764456458,0.751538045370208,-1.49849558859132,0.134004537915252,0.554279291096355
"AAD021_007957",6.23892229201354,1.18415105863349,0.79120240049927,1.49664745441402,0.13448501543853,0.554548527156105
"AAD021_004537",8.77992847770434,-0.884314703815425,0.591048684213276,-1.49617912607742,0.134606982609113,0.554548527156105
"AAD021_006454",32.3735713247218,0.788825957735163,0.52843921000865,1.492746834063,0.135503468895565,0.557129800399293
"AAD021_010245",3.95903917712846,1.48450193899839,1.00079715131717,1.48331950889809,0.137989541477239,0.562822105204438
"AAD021_010621",7.66898454669317,-0.906581145539773,0.612071878774357,-1.48116777943655,0.138561869885203,0.562822105204438
"AAD021_005159",6.9540810143046,1.08402789767693,0.730863830495612,1.48321459134437,0.138017405682955,0.562822105204438
"AAD021_005469",10.9853694332443,1.06597103517994,0.720609549242952,1.47926298825739,0.139070040730378,0.562822105204438
"AAD021_007208",8.94016710832283,-1.02155093554072,0.691891813015329,-1.47646050484209,0.139820310324662,0.562822105204438
"AAD021_006399",8.24979670527548,-0.996692289117155,0.673383708289971,-1.48012533841695,0.138839800629456,0.562822105204438
"AAD021_003951",9.23399189584015,0.988566517368161,0.670126047036603,1.47519488570807,0.140160156044128,0.562822105204438
"AAD021_004314",6.71787077690654,-1.28788069873259,0.872979521100569,-1.47527022983191,0.140139906768223,0.562822105204438
"AAD021_003097",7.69045892247363,0.985442036898981,0.664370458611722,1.48327190669822,0.138002183223653,0.562822105204438
"AAD021_000720",5.86825935222755,1.16785415657386,0.791098763829803,1.47624318222941,0.139878620943067,0.562822105204438
"AAD021_001053",81.9841026653511,0.648133731058684,0.438803478101873,1.47704784351826,0.139662812943057,0.562822105204438
"AAD021_001071",5.61787670594926,-1.11608465471128,0.750948736624532,-1.48623281494288,0.137217550578316,0.562822105204438
"AAD021_000545",11.6030997977448,1.02876691041689,0.697968380945788,1.4739448641253,0.140496436890178,0.563076982021994
"AAD021_000010",4.53436128834286,-1.63028909312474,1.10838984901104,-1.47086252601407,0.141328298842269,0.565313195369076
"AAD021_003600",39.1861180114342,-0.775712948664392,0.52810845246605,-1.46885160622241,0.141873043109254,0.566394508660544
"AAD021_011876",20.0157074032526,-0.964593715491144,0.660478165972236,-1.4604475441989,0.144167114162141,0.571462971283854
"AAD021_010978",5.45824354395248,-1.1595817882287,0.794154979434449,-1.46014546059321,0.144250100794035,0.571462971283854
"AAD021_005344",12.5220712719596,1.08103584201931,0.739912373263878,1.4610322533879,0.144006590277035,0.571462971283854
"AAD021_000346",17.0236888759839,0.900262225876244,0.616069356120679,1.46130012300092,0.143933096136714,0.571462971283854
"AAD021_003785",8.97592818802395,1.18591136560127,0.813694509065385,1.45744054112325,0.144994813043625,0.572216623560308
"AAD021_002527",173.661427925858,-0.836357983879948,0.573566978743338,-1.45816969050829,0.14479377595266,0.572216623560308
"AAD021_000287",7.48585696398279,-0.986981827370728,0.679223898205513,-1.45310232749216,0.146195344942675,0.575853419774199
"AAD021_008068",27.9400410179581,0.793126405050419,0.547250751844441,1.44929249046673,0.147255917349767,0.5789261207808
"AAD021_000525",5.04372080212321,-1.35315143440155,0.935623343026533,-1.44625659939651,0.148105243915864,0.581158219472134
"AAD021_006188",4.03615805271153,1.30879335438275,0.906881783793748,1.44317967101257,0.148969864631342,0.58123591795669
"AAD021_004065",58.0182588991861,-0.733626404870266,0.508056433292103,-1.44398605508549,0.148742897983302,0.58123591795669
"AAD021_003016",203.602203284851,-1.08389099675009,0.750488157525307,-1.4442479683146,0.148669236139567,0.58123591795669
"AAD021_009909",6.02449018396947,1.13103040306315,0.787553843229739,1.43613089160332,0.150965099299903,0.582414887766354
"AAD021_003528",7.99848460079772,1.01602627591561,0.706988845617282,1.43711783037892,0.150684515643739,0.582414887766354
"AAD021_004481",5.13737259398818,-1.1681894973303,0.812765187030363,-1.4373025764041,0.150632037115002,0.582414887766354
"AAD021_002864",5.13641171801763,1.09686415673675,0.763134703010926,1.43731395310567,0.150628805930899,0.582414887766354
"AAD021_003185",4.75637738982136,-1.08084400861184,0.751517890117551,-1.43821460915957,0.150373171334778,0.582414887766354
"AAD021_000920",5.6439901610608,1.19751487211015,0.831374472944315,1.44040370624943,0.149753215720464,0.582414887766354
"AAD021_007888",16.0302788459888,0.927958356137884,0.646951744294705,1.43435482525753,0.151471032191429,0.583276512020725
"AAD021_010470",5.50265181228576,1.14613151135742,0.79989252717793,1.43285688066251,0.15189874204463,0.583834271098913
"AAD021_009128",17.522603644592,0.766345356539463,0.536905998975589,1.4273361780305,0.153483017336427,0.585561825845443
"AAD021_003522",11.4822900996612,0.854391239115744,0.598517926161433,1.42751152767527,0.15343250481919,0.585561825845443
"AAD021_002246",7.09202347749063,-1.25486230063577,0.878429690601408,-1.42852901497062,0.153139649359513,0.585561825845443
"AAD021_000279",16.932953779694,0.919646359947026,0.643052293477694,1.43012686413648,0.152680611214384,0.585561825845443
"AAD021_004092",22.7014938547541,-0.799276749214771,0.560633942729299,-1.4256659975379,0.153964775893632,0.586316046945492
"AAD021_001472",12.1919224660604,-1.03990918396515,0.729966916498284,-1.42459769129494,0.154273527790663,0.586409873591028
"AAD021_009662",5.86784435670588,1.23153762699105,0.866225174043075,1.42172920378531,0.155104878774919,0.58848615770484
"AAD021_004213",10.8996095250258,1.05113610479814,0.741708858971954,1.41718154243846,0.156429856774041,0.591774028653921
"AAD021_003079",22.0787612999658,-0.98546808935261,0.695564884487448,-1.41678815496672,0.156544873859031,0.591774028653921
"AAD021_004387",24.3550282464405,-1.09595021985776,0.774296900583286,-1.41541341445661,0.156947318795084,0.592210723936113
"AAD021_004637",5.90686333165494,-1.0175877786707,0.72014263245428,-1.41303643585538,0.157645011167355,0.592676326137378
"AAD021_002966",6.28932495766565,-1.03657431003619,0.733454246056497,-1.4132774002052,0.157574176296277,0.592676326137378
"AAD021_008158",11.8398935819041,-0.951699416379227,0.674584294907776,-1.41079391198892,0.158305390134596,0.592998775386217
"AAD021_006762",6.29566680387425,-1.49664316442635,1.06076381154072,-1.41091084381218,0.158270904339957,0.592998775386217
"AAD021_009355",24.8602722045731,0.790673162590756,0.561314392442148,1.40861017147756,0.158950469551766,0.594336538323996
"AAD021_009080",34.0197540909078,0.65412548985991,0.465121871515203,1.40635289355239,0.159619360896089,0.594682961894454
"AAD021_003713",7.59892805968235,-1.00186646737332,0.712299071754095,-1.40652502172458,0.159568279888116,0.594682961894454
"AAD021_008166",6.16086448245713,-1.0736101763694,0.766034176185563,-1.40151733401165,0.161059427752981,0.596054899074849
"AAD021_008233",17.6564641530095,-1.08153388007213,0.77072934648013,-1.40326028198022,0.160539237415228,0.596054899074849
"AAD021_008254",7.79721180758402,-0.925603408559685,0.660560905935364,-1.40123855384541,0.161142748877794,0.596054899074849
"AAD021_009074",5.6841309863999,1.01651933009033,0.724605371910506,1.40285922447712,0.16065882214245,0.596054899074849
"AAD021_007408",51.2578671658546,-0.539895477087105,0.386105823476939,-1.39830959353389,0.162020118230238,0.596549317335093
"AAD021_004521",6.21807347589059,-1.00968101118633,0.72191832653672,-1.39860836617086,0.16193045616573,0.596549317335093
"AAD021_000719",5.1002998424541,-1.02491761696644,0.733561192839393,-1.39718080368904,0.162359207797246,0.596549317335093
"AAD021_001562",7.62120759748037,1.0215038704832,0.731245483603307,1.39693699775021,0.162432517607714,0.596549317335093
"AAD021_008321",11.5813513093999,-0.990815302734219,0.710338046036326,-1.39485039308108,0.163060958940386,0.596733722079709
"AAD021_000642",6.20290057232424,-1.06412582226253,0.7627030464365,-1.39520331960694,0.162954536274388,0.596733722079709
"AAD021_005245",5.44706364761429,-1.09839153164389,0.788374661463806,-1.39323545686319,0.163548601000254,0.597458960114202
"AAD021_011786",5.60802977216118,-1.04118254806395,0.748912563941285,-1.39025915466626,0.1644501962077,0.599691174863414
"AAD021_007170",5.48327027031772,-1.04546268004309,0.752735187119542,-1.38888509256983,0.164867694328369,0.600153299988983
"AAD021_011793",4.25155605454811,-1.11659441235331,0.808003622426473,-1.38191758225059,0.166997008697595,0.603645929863111
"AAD021_004014",19.4760782379979,0.918298187002524,0.663663944833865,1.38367948741347,0.166456617210576,0.603645929863111
"AAD021_002247",9.21707109234075,-1.22179973407332,0.883488095072192,-1.38292721870064,0.166687183446008,0.603645929863111
"AAD021_000843",37.0272196666902,0.715456879101484,0.517454761804946,1.38264623675678,0.166773364425151,0.603645929863111
"AAD021_001646",22.6591216007684,-1.24762811931969,0.903531450805923,-1.38083529710764,0.167329607915584,0.60379075303805
"AAD021_010226",13.393043489808,-0.914602850197413,0.664600299457884,-1.37616978346753,0.168769074720088,0.607922112080736
"AAD021_005090",4.3045460787072,-1.12984963987436,0.821910397088163,-1.37466279034448,0.169236012206144,0.608542036922443
"AAD021_002617",4.98119361282752,1.24022269248307,0.904522065452395,1.37113591790906,0.170332590040003,0.611419940595768
"AAD021_009627",23.7505240017502,-0.71553071829294,0.523627387895358,-1.36648833661835,0.171785739213967,0.612474111125091
"AAD021_007843",21.4684293160609,0.739097340465579,0.540717658060856,1.36688219710849,0.171662233045208,0.612474111125091
"AAD021_008349",14.8881124833266,-0.758058614488957,0.554216864616063,-1.36780142014283,0.171374243075392,0.612474111125091
"AAD021_002854",10.6339061764476,-0.988564700460482,0.723649278260301,-1.36608261786297,0.171913033402078,0.612474111125091
"AAD021_003353",9.00363914561666,-0.83946232851764,0.614785624372609,-1.36545536401297,0.172109973087477,0.612474111125091
"AAD021_012378",12.7089044538932,-0.804209144239561,0.590043840434343,-1.36296506993034,0.172893519423447,0.614203483803779
"AAD021_000468",10.4678593516673,0.7880476115204,0.578951541998142,1.36116333467323,0.173462078275042,0.615164483779531
"AAD021_008892",16.8518495937273,0.820126804278207,0.603087017495446,1.35988137778874,0.173867464871193,0.615172411806111
"AAD021_003176",8.71210585474746,1.39381740655947,1.02541463340016,1.35927200681516,0.174060411092427,0.615172411806111
"AAD021_004078",11.3260167034336,-0.736592835897595,0.542339472648368,-1.35817670121012,0.174407621670539,0.615345865176056
"AAD021_008324",24.3733189995715,-0.722698360693378,0.532749407676812,-1.35654465360156,0.174925937851278,0.616121392022248
"AAD021_008509",4.54646534179712,-1.1458214482933,0.849087834448146,-1.34947340169821,0.177184958098402,0.617012639056315
"AAD021_004585",11.3214729635227,1.26626168554549,0.937337665668862,1.35091305078615,0.176723287097439,0.617012639056315
"AAD021_002222",19.4683229664621,1.33793081394686,0.9916448107807,1.34920366587058,0.17727155763585,0.617012639056315
"AAD021_002586",10.4391045478984,0.827805523738644,0.612676448061605,1.35112999097267,0.176653795853966,0.617012639056315
"AAD021_003126",7.59102456239571,-0.904591367969898,0.668095745635473,-1.35398462552621,0.175741282787694,0.617012639056315
"AAD021_000074",6.60492824510899,-1.41346645141695,1.04685184074155,-1.35020677846419,0.176949664495908,0.617012639056315
"AAD021_001148",18.2037719479361,0.73571725356652,0.544452845018739,1.35129655450914,0.176600455303901,0.617012639056315
"AAD021_003954",8.3497370432268,-1.05741208577448,0.784309305772953,-1.34820800670264,0.177591490112458,0.617085581804903
"AAD021_011820",6.68701283865941,1.13027544614793,0.843348959309093,1.34022273184981,0.180172943358258,0.618099057046327
"AAD021_011872",4.797605780745,-1.19196163733766,0.88697307705449,-1.34385323317365,0.178995851513079,0.618099057046327
"AAD021_011518",5.22334752753525,1.02892223866992,0.768749483433224,1.33843633178753,0.180754242030681,0.618099057046327
"AAD021_008307",6.84323909974375,0.957605014900886,0.716217703479077,1.33703064061284,0.181212635387136,0.618099057046327
"AAD021_008423",13.9964658732982,-0.997821999353135,0.743441911247885,-1.34216538542772,0.179542377147746,0.618099057046327
"AAD021_005278",12.4219638855891,0.825929865756766,0.614007384554851,1.34514646978645,0.178577938990058,0.618099057046327
"AAD021_007099",15.0731335487756,-0.83842219510451,0.624072830969378,-1.34346850799799,0.179120316647852,0.618099057046327
"AAD021_004540",5.27132004082082,-1.45851915220318,1.08661416753033,-1.34226038624006,0.179511582947308,0.618099057046327
"AAD021_002554",28.3556582592819,-0.670909842814796,0.500748559452812,-1.33981382502214,0.180305879846816,0.618099057046327
"AAD021_003115",5.12486497748918,-0.923324936303964,0.689218636551826,-1.33966913739213,0.180352935554638,0.618099057046327
"AAD021_003414",10.5094098616694,0.846906237561336,0.633806588163536,1.33622189068002,0.181476758028137,0.618099057046327
"AAD021_001770",4.64206177625587,1.05483208012581,0.78880930455066,1.33724599093908,0.181142354116867,0.618099057046327
"AAD021_010293",13.9451070357256,-0.773131864536278,0.579685383091184,-1.33370943461354,0.182299101584143,0.619685253243839
"AAD021_006047",6.59663294757713,1.01793978297426,0.763665194041793,1.33296605752933,0.182542942816015,0.619685253243839
"AAD021_001397",4.97083284280557,1.06872339644036,0.802339000797719,1.33200978062614,0.182856974588945,0.61973201239997
"AAD021_000728",10.942982530659,0.919204223234685,0.692423887155545,1.3275166271498,0.184337843463472,0.623292381746762
"AAD021_000753",5.2593764321099,-0.959185297521826,0.722826946211005,-1.32699161611198,0.184511456030655,0.623292381746762
"AAD021_012482",18.1073405061344,-0.742859852538374,0.560687391161804,-1.32490914589516,0.185201287037648,0.623581495017465
"AAD021_008329",6.78236593893213,0.956326169594152,0.721678181591475,1.32514213951324,0.185124011825367,0.623581495017465
"AAD021_007680",4.0755933742754,1.28985632857895,0.977099848942757,1.32008650904471,0.186806136508013,0.627960693408043
"AAD021_004717",4.40205598529858,-1.19386119197498,0.906488754553477,-1.31701710140139,0.187832892283317,0.630385511663033
"AAD021_010380",33.5558536622947,0.744000160654785,0.56825943696098,1.30926142579111,0.190445811348295,0.634064395736326
"AAD021_008641",4.01839420806584,1.27257186530667,0.970136677691022,1.31174492684418,0.189606212595281,0.634064395736326
"AAD021_007243",6.79811481949917,-0.993130765875786,0.758695116604443,-1.30899849510112,0.190534860500033,0.634064395736326
"AAD021_002439",14.5625070468281,0.710553738355249,0.543113101288511,1.30829791560817,0.190772281856714,0.634064395736326
"AAD021_002615",4.84397135677935,-0.976852574631083,0.74474527706508,-1.31165997920886,0.189634885769701,0.634064395736326
"AAD021_001488",14.2109845050202,-0.944207667250518,0.721203256935696,-1.30921159627362,0.19046268521465,0.634064395736326
"AAD021_005281",5.75277758846331,1.00792591438319,0.775604276584669,1.29953630325704,0.193759943191895,0.638850675316409
"AAD021_003876",6.65267245165506,1.0237432382562,0.787217298260503,1.30045826040452,0.193443953071005,0.638850675316409
"AAD021_003970",13.3039944174392,-0.798149976741232,0.612942139087203,-1.30216202450992,0.192861003927694,0.638850675316409
"AAD021_003261",15.134386366521,-0.830547623042634,0.638733474549614,-1.30030389221149,0.193496834583041,0.638850675316409
"AAD021_000742",8.82185675721301,-0.846283292060904,0.650140015430452,-1.30169389973725,0.193021045772818,0.638850675316409
"AAD021_012152",15.1006081778173,0.742192105551972,0.579592304097891,1.28054168474021,0.200354694208627,0.642867174497528
"AAD021_010974",20.6040566337268,0.730640217507549,0.571053473062288,1.27946024667265,0.200735029960736,0.642867174497528
"AAD021_009752",21.1146215289243,0.865835483487919,0.672847008763425,1.286823709121,0.198155741156763,0.642867174497528
"AAD021_007641",16.3561559420918,1.13506311372234,0.883168901364247,1.28521635212584,0.198716690974062,0.642867174497528
"AAD021_007883",4.5285697242396,1.10461159026839,0.861269494697091,1.28253885348265,0.199653684419644,0.642867174497528
"AAD021_007937",108.028138293415,-0.537826155258346,0.417120018329307,-1.28937987060056,0.197266055944146,0.642867174497528
"AAD021_008028",28.1651312457794,-0.788899363283964,0.612553945616001,-1.28788553062151,0.197785812995276,0.642867174497528
"AAD021_008078",6.96774376344899,-0.86073923345384,0.666655580958766,-1.29113031982114,0.196658492042052,0.642867174497528
"AAD021_007061",5.32597992838978,-0.930589391077229,0.725491160413462,-1.28270259081707,0.199596291886282,0.642867174497528
"AAD021_005875",37.9978986897491,0.714478688297265,0.557649345061594,1.28123290132861,0.200111872916847,0.642867174497528
"AAD021_003655",78.6678213792719,-2.47989801620562,1.92239388652955,-1.29000515117249,0.1970488695952,0.642867174497528
"AAD021_003687",16.7462370156145,0.824224424491365,0.641250273253555,1.28533968540776,0.19867360794531,0.642867174497528
"AAD021_004085",27.5931069269924,0.737566080228448,0.570397680099326,1.2930734222131,0.195985666362576,0.642867174497528
"AAD021_004166",34.6716645757607,0.727700411535173,0.564968400577192,1.28803736773902,0.197732955757536,0.642867174497528
"AAD021_002418",5.17123988900961,1.09662114159733,0.855487366705589,1.28186713711546,0.19988925782801,0.642867174497528
"AAD021_003324",6.57686885699688,1.01567306369855,0.794662341216982,1.27811903373086,0.201207458684788,0.642867174497528
"AAD021_000075",18.0538628586893,-0.7320632517412,0.572625445749271,-1.27843297425127,0.201096803666165,0.642867174497528
"AAD021_000333",8.82026070370512,-1.03746775167634,0.811157716904863,-1.27899634073014,0.200898344488704,0.642867174497528
"AAD021_001027",49.9394952370294,-0.702506142044928,0.546948128975716,-1.28441090631488,0.198998218875757,0.642867174497528
"AAD021_001415",8.00379834907398,0.862458302084419,0.667338986452021,1.29238411001547,0.196224156776109,0.642867174497528
"AAD021_001794",8.58685354159241,0.890121988622651,0.69698361483719,1.27710604621685,0.201564810563735,0.643013553328515
"AAD021_009286",7.24568607413114,-0.950140824505537,0.744640491642114,-1.2759725467121,0.201965223928884,0.64329663918089
"AAD021_012148",29.700385899885,-0.949387737968411,0.746602015132905,-1.27161153964928,0.203511174634346,0.644384068387084
"AAD021_008188",7.32193889313097,-1.01906318664711,0.800908461211982,-1.27238409381392,0.203236682786534,0.644384068387084
"AAD021_006478",7.62892484569572,0.942441232484222,0.743260504769575,1.26798239168701,0.204804238789693,0.644384068387084
"AAD021_004192",12.9292701520063,0.998914192095552,0.786410944154629,1.27021908776887,0.204006600260881,0.644384068387084
"AAD021_004525",5.71081250305549,-0.947800947697025,0.745550177372203,-1.27127720770946,0.203630047858717,0.644384068387084
"AAD021_002690",3.97434537143541,1.17808362609232,0.925476999814683,1.27294749229664,0.203036674918189,0.644384068387084
"AAD021_000226",6.83901916711183,1.02500294333704,0.808079528133417,1.26844315151095,0.20463973991101,0.644384068387084
"AAD021_001084",10.9584287085897,0.733340848560269,0.577707589114668,1.26939798330174,0.204299155105254,0.644384068387084
"AAD021_007916",10.2342140389114,0.871988300222643,0.689864063904608,1.26400017894427,0.206229962723841,0.646897633832838
"AAD021_009086",14.6196304972167,0.775364245631823,0.613120455792448,1.26461976322365,0.206007665008964,0.646897633832838
"AAD021_002778",7.49923839022803,-0.773013988731179,0.612239028241333,-1.26260161974919,0.206732385502628,0.647489595868625
"AAD021_012574",9.75959123417312,1.12234784776782,0.891711186576045,1.2586450239313,0.208158576804086,0.649983816223349
"AAD021_008262",4.84312831200131,-2.15080636512205,1.70840021090365,-1.25895931842831,0.20804502630866,0.649983816223349
"AAD021_009599",6.53423841152876,-0.882088602703937,0.703454090729091,-1.25393911888365,0.20986413494038,0.653332691579102
"AAD021_009184",4.53483397974439,-0.954840711071744,0.761089603090449,-1.2545706933777,0.209634647828487,0.653332691579102
"AAD021_012364",5.74207673685398,-1.01940633152755,0.816294350460985,-1.24882198553973,0.211730190748926,0.654888394256526
"AAD021_012230",4.18590619989504,-1.17623454527141,0.944292839268584,-1.24562476422301,0.212902186311109,0.654888394256526
"AAD021_009784",6.66865166545385,0.894276433570934,0.716924760742074,1.24737836177577,0.212258796778226,0.654888394256526
"AAD021_009934",4.18441569220883,-0.933278311896791,0.74801044994316,-1.24768084719633,0.212147958002749,0.654888394256526
"AAD021_007611",12.5020223199205,0.842537672611996,0.676364264621758,1.24568626209601,0.212879599132941,0.654888394256526
"AAD021_008495",8.60120535655865,0.824559986466675,0.661285346785542,1.24690497146927,0.212432343647836,0.654888394256526
"AAD021_003723",8.96438583372981,0.960445959329496,0.768005433967059,1.2505718278169,0.211090734326648,0.654888394256526
"AAD021_003939",9.26419410915568,-0.890829767766692,0.714637524423444,-1.24654770750444,0.212563385961141,0.654888394256526
"AAD021_011788",5.12232550658509,0.893797937830358,0.718116504208197,1.24464196630026,0.213263386970792,0.655023259981718
"AAD021_003839",6.38735557963091,-1.04795766580184,0.843252287275361,-1.24275697986886,0.213957399795879,0.656178414827183
"AAD021_011645",4.84269870773464,0.961876629333778,0.774649705463283,1.24169237082266,0.21435008587781,0.656407384646587
"AAD021_001482",10.2288532985576,0.99791297677261,0.80430346133959,1.24071699891799,0.214710312367935,0.656536421818398
"AAD021_008353",66.0291418399135,-0.789924981535389,0.637585201618305,-1.23893242743153,0.215370523486658,0.657581006621985
"AAD021_004161",6.40259524393669,0.960769231109376,0.776428501074705,1.23742138494338,0.215930683652722,0.65831747571524
"AAD021_011641",16.3680753516245,-0.89602572969155,0.731093187564601,-1.22559715359456,0.220350309518549,0.65926565020592
"AAD021_010452",9.81723518307544,0.843911432964749,0.687568423111313,1.22738538390982,0.219677777274083,0.65926565020592
"AAD021_009612",3.92686857461763,1.22690487424121,1.00171930502274,1.22479907104651,0.220650935074208,0.65926565020592
"AAD021_008654",12.4470022846139,0.716675353118652,0.583952220257665,1.22728423363546,0.219715779341244,0.65926565020592
"AAD021_009177",8.4263213209279,0.976922581671952,0.794866322056923,1.22904009713723,0.21905677270863,0.65926565020592
"AAD021_007074",4.12299666990224,1.057140111022,0.860757790864987,1.22815049975866,0.219390476730222,0.65926565020592
"AAD021_006352",27.9491958458029,0.588043501694567,0.476546451779753,1.23396890166406,0.217214492637812,0.65926565020592
"AAD021_006476",7.4971734624575,-0.943564757580745,0.765458498977754,-1.23267918357539,0.217695481216058,0.65926565020592
"AAD021_004552",6.00456036873875,-0.793317371719791,0.647799985616962,-1.2246332036643,0.220713451692001,0.65926565020592
"AAD021_002344",4.50612089325876,-0.93000063461589,0.75764874473773,-1.22748257827289,0.219641265883769,0.65926565020592
"AAD021_002422",6.74663081853846,1.02941593136746,0.835161922952294,1.23259442639396,0.217727117426997,0.65926565020592
"AAD021_000258",19.1950029820999,0.633777544386797,0.517094646634079,1.22565094903272,0.220330056169586,0.65926565020592
"AAD021_000605",11.7338033958595,-0.834668618378006,0.678618667015629,-1.22995234134752,0.218714952149931,0.65926565020592
"AAD021_001078",99.6494086401668,-0.615330014681845,0.501057934830827,-1.22806161105821,0.219423840528768,0.65926565020592
"AAD021_011682",6.95436420393727,-0.901056941151564,0.73746480740618,-1.22183042784207,0.221771759329075,0.661469524935274
"AAD021_003665",10.5363327141221,0.866194322681899,0.710185871142842,1.21967270524265,0.222588972631763,0.66294897476473
"AAD021_011975",4.20741125624332,-0.945102103967361,0.776579929296896,-1.21700557574678,0.223602094436049,0.663095866258629
"AAD021_008122",5.62704005572776,-0.91034313017168,0.747545954861469,-1.21777547487416,0.223309306576902,0.663095866258629
"AAD021_001066",8.62304460381614,0.831328270503516,0.682429307297916,1.21818957892528,0.223151938860997,0.663095866258629
"AAD021_011060",4.14284862532592,1.06776058220492,0.882308967643676,1.21018897162126,0.22620638892894,0.665085451209875
"AAD021_010229",7.80964075489759,0.860558924678487,0.709661262753277,1.21263336445866,0.225270026794397,0.665085451209875
"AAD021_009170",4.61955991921729,-0.948415226880372,0.781825397094635,-1.21307804837858,0.225099981828658,0.665085451209875
"AAD021_004313",5.23433766211309,0.896292219648079,0.73913420899201,1.21262445810808,0.225273433476339,0.665085451209875
"AAD021_004461",10.6981374013261,1.10972220816657,0.916643384211731,1.2106367942871,0.226034636118157,0.665085451209875
"AAD021_001064",8.70946872050565,0.93988795896268,0.776577619109277,1.21029493489745,0.226165740571088,0.665085451209875
"AAD021_000650",4.39065380133316,1.16782594380154,0.966334449894948,1.20851113600317,0.22685071495169,0.666031117582201
"AAD021_001152",15.5785125269494,0.702047741960776,0.581996271567139,1.20627532556244,0.227711348317846,0.667608271204594
"AAD021_011760",12.2656603622973,0.777635796166117,0.645504417661623,1.2046947703056,0.228321155667349,0.668446617443132
"AAD021_010739",20.5345281146955,-1.06407831476812,0.885756482746137,-1.20132150934886,0.229626509952232,0.671316029095476
"AAD021_011700",6.26817371129717,-0.87322896193057,0.728640891369618,-1.19843529545696,0.230747598668129,0.671967202590958
"AAD021_011045",42.0134429275309,-0.99307429290122,0.828781619932649,-1.19823397263796,0.230825943138076,0.671967202590958
"AAD021_004184",29.3983327455085,1.12003251435786,0.934574575125733,1.19844102778762,0.230745368217081,0.671967202590958
"AAD021_009708",5.81839187489063,1.0216662796492,0.854888853700783,1.19508667732237,0.232053166653124,0.67212148602242
"AAD021_009325",13.225036283216,-0.7986646766366,0.6690832352234,-1.19367013637688,0.232607026692651,0.67212148602242
"AAD021_004186",4.17608609305746,1.08275108168943,0.905108523104121,1.19626658466995,0.231592544277869,0.67212148602242
"AAD021_002412",7.84567590244225,0.897727772018595,0.751079324636953,1.19525027859411,0.23198925977464,0.67212148602242
"AAD021_000911",9.12149123219878,0.75541165925992,0.632860252025637,1.19364687044577,0.232616131371518,0.67212148602242
"AAD021_000968",6.99862527820884,-0.893957231880168,0.749276800486662,-1.19309343529592,0.232832782221914,0.67212148602242
"AAD021_006372",21.5381466888464,0.566325936352545,0.476206941360592,1.18924334604294,0.234343921974628,0.674794042255809
"AAD021_003931",12.4616571796456,-0.634018789928794,0.53320599667114,-1.1890691287927,0.234412465260376,0.674794042255809
"AAD021_008867",7.47118469044522,0.789132739057607,0.664309764283629,1.18789875068084,0.23487330197475,0.675178962779784
"AAD021_010273",7.38121127609272,-0.831532378109801,0.703000390041667,-1.18283345199925,0.236875160054193,0.679986551254319
"AAD021_008308",23.2581767998721,-0.87517532342742,0.742030522256733,-1.17943305184503,0.23822578049872,0.68174934162379
"AAD021_007283",7.6325899796038,0.878429875733294,0.745193605776082,1.17879416694465,0.238480147602895,0.68174934162379
"AAD021_000888",10.4521539864586,-0.836886016327738,0.709722164874034,-1.17917413002914,0.238328845133712,0.68174934162379
"AAD021_008296",7.5551426280001,-0.750329715146239,0.637843338894004,-1.17635423840481,0.239453350193427,0.683089304841335
"AAD021_003366",17.8134979465145,0.605133539996197,0.514586755001738,1.17596019352296,0.239610783287368,0.683089304841335
"AAD021_011824",4.95941162583801,-0.953962472693632,0.816475358679558,-1.16839101456341,0.242649077727627,0.685126807701535
"AAD021_010921",8.86297676197148,0.818357744147272,0.699099166196278,1.1705889288924,0.24176404955163,0.685126807701535
"AAD021_006742",7.17007217697572,-0.847660090185069,0.725029724118468,-1.16913839803699,0.242347875590445,0.685126807701535
"AAD021_002862",8.15012818393848,0.889110272248752,0.76005265593566,1.16980088853741,0.242081106021114,0.685126807701535
"AAD021_003118",4.18032790518158,-1.03120851791801,0.879749495117413,-1.17216153421081,0.241132208614556,0.685126807701535
"AAD021_003168",23.2337813298957,0.624795248919602,0.534600187868002,1.16871498195932,0.242518483701386,0.685126807701535
"AAD021_001118",11.2161132851646,0.678235546810878,0.579321826998282,1.170740536957,0.241703085805753,0.685126807701535
"AAD021_009078",15.1833485201682,-0.833588961742748,0.714074530111487,-1.16736968844499,0.243061106665078,0.685352628629401
"AAD021_009697",19.058139133472,0.691655622280692,0.594377409262026,1.16366404830131,0.244560184420565,0.688638773047811
"AAD021_012031",7.6779620246153,1.02842689035447,0.88689276313952,1.15958426215356,0.246218111579941,0.68897919085506
"AAD021_008066",34.0781174183837,-0.676691873689282,0.583714759593512,-1.15928518607362,0.246339958097252,0.68897919085506
"AAD021_008951",8.38024214906616,0.791763850609344,0.682513535194077,1.16007054773529,0.246020084277129,0.68897919085506
"AAD021_005157",6.16279190724955,-0.813009324334384,0.699646058095351,-1.162029450359,0.24522350244603,0.68897919085506
"AAD021_004159",32.7393984672058,-0.605187496474147,0.522415256987489,-1.15844146659109,0.246683925407892,0.68897919085506
"AAD021_003332",23.3308474351838,0.589293554476213,0.50834836439714,1.15923173112806,0.246361740615232,0.68897919085506
"AAD021_010243",7.6550852955498,0.835888987502953,0.72260317981604,1.15677457676806,0.247364471333874,0.689946309233939
"AAD021_012019",11.475824692718,-1.05411258300944,0.916622347250528,-1.14999660020435,0.250145271559498,0.69017622163311
"AAD021_010183",6.72098246632026,0.957601375782059,0.83381763263352,1.1484542162506,0.250781103116044,0.69017622163311
"AAD021_010608",5.94580393717038,-0.884996166374806,0.76711586416889,-1.15366688099148,0.248636766974119,0.69017622163311
"AAD021_009131",5.27854762403564,0.997061966817929,0.865984515951648,1.15136234938593,0.249583196469135,0.69017622163311
"AAD021_009461",16.7330885748583,0.678133395971814,0.586821069224487,1.15560505840051,0.247842738026265,0.69017622163311
"AAD021_004937",6.9797098102565,0.894533529249413,0.778918115367371,1.14843076775472,0.250790778209706,0.69017622163311
"AAD021_007245",7.33202072251264,0.766036765166846,0.665379284901638,1.15127834988143,0.249617741035659,0.69017622163311
"AAD021_007376",192.049710659562,-0.621709158276133,0.540637650958309,-1.14995534841889,0.250162262506492,0.69017622163311
"AAD021_006519",5.71352225037158,0.871555633031079,0.757164623904285,1.15107812160708,0.24970009783916,0.69017622163311
"AAD021_003867",8.1969706948509,-0.760719709864859,0.661945353434994,-1.14921829410434,0.250465979191941,0.69017622163311
"AAD021_008535",7.02863015779623,0.822081474483338,0.717822656631088,1.14524314172746,0.252108451771027,0.691957239967287
"AAD021_007112",34.758401854513,-1.93858837204634,1.69238864199074,-1.14547470004643,0.252012569904296,0.691957239967287
"AAD021_012603",18.3099654068957,-0.678129858906492,0.594092611995905,-1.14145479208748,0.253680714600079,0.693105561153375
"AAD021_008394",4.3289231762307,1.04520691636803,0.916044889020195,1.14099967031745,0.253870060189899,0.693105561153375
"AAD021_008620",15.1628343707337,0.622450859760381,0.544880384925434,1.14236239178542,0.253303416926221,0.693105561153375
"AAD021_003777",14.6758437637185,-0.726920451995916,0.63670498754814,-1.14169115400711,0.253582419084168,0.693105561153375
"AAD021_012007",25.7586808775877,-0.838256697324551,0.7427925063534,-1.12852067051647,0.259100092246057,0.693365523968504
"AAD021_010989",51.072727538465,1.03488520747529,0.925132517594113,1.11863456077254,0.263296072995121,0.693365523968504
"AAD021_011010",8.07152560343092,0.793577368666749,0.710571691293251,1.11681534515177,0.264073286315332,0.693365523968504
"AAD021_010291",16.9328558390369,0.842413321969382,0.754776489139445,1.11610964847336,0.26437520264058,0.693365523968504
"AAD021_010307",12.1429112173027,-1.90564075866906,1.70058054138179,-1.12058247892255,0.262465626473118,0.693365523968504
"AAD021_009536",59.1217871527833,0.593786163428784,0.523488033069565,1.13428794149699,0.256673785641383,0.693365523968504
"AAD021_009929",4.73258473102311,0.958901968581457,0.858482966385187,1.11697262045758,0.264006032054601,0.693365523968504
"AAD021_007828",5.9084818214384,0.921800283104245,0.813207804377766,1.13353595248581,0.256989252052325,0.693365523968504
"AAD021_008213",15.1538905930477,0.64832191132385,0.579043411710415,1.11964301503543,0.26286591746145,0.693365523968504
"AAD021_008217",3.92483331369935,-1.22120774575465,1.07373089058674,-1.13734992302151,0.25539203260494,0.693365523968504
"AAD021_008328",18.050074044324,-0.645225445727432,0.576258377056847,-1.11968080884624,0.262849805972726,0.693365523968504
"AAD021_008466",6.98510983002946,0.814573900778353,0.723802350682992,1.12540930546814,0.260415629665843,0.693365523968504
"AAD021_008707",6.38466816555881,0.886975338851536,0.791766584915479,1.12024851231404,0.262607876209611,0.693365523968504
"AAD021_008821",4.53592880958883,-0.957806000246508,0.84256901094755,-1.13676860625264,0.255635030452935,0.693365523968504
"AAD021_008964",4.15470290431701,-0.943848502926888,0.835721410046435,-1.12938174322283,0.258736831027056,0.693365523968504
"AAD021_004878",29.9106384292053,0.578585916868791,0.510996581528199,1.13226964285839,0.257521088725041,0.693365523968504
"AAD021_007063",4.85198062617804,-0.783897022184212,0.695511660397711,-1.12707962615028,0.25970881655321,0.693365523968504
"AAD021_007399",9.26251037365839,0.772211993960393,0.687362590614423,1.12344198608499,0.261249826468926,0.693365523968504
"AAD021_006215",7.92865047857266,-0.822157756842175,0.729122511613794,-1.12759892027262,0.259489342906602,0.693365523968504
"AAD021_006291",18.2148969561293,-0.645445448933165,0.576146630047405,-1.12027983029261,0.262594534368192,0.693365523968504
"AAD021_003809",5.40772897246489,-0.937767756479336,0.840809200643266,-1.11531576457761,0.264715132212781,0.693365523968504
"AAD021_004040",30.7668551390834,0.542794121648996,0.476827158121659,1.1383456508375,0.25497617878275,0.693365523968504
"AAD021_002036",7.4148209217615,0.809563216989307,0.72180644065777,1.12157937556163,0.262041324871076,0.693365523968504
"AAD021_002363",4.00384077483884,-0.962871121390991,0.848511449395736,-1.13477681659652,0.256468842244688,0.693365523968504
"AAD021_002593",5.60135378764943,-1.05165599226848,0.94146609395575,-1.11704075061243,0.263976901820793,0.693365523968504
"AAD021_003136",57.9376627502591,-0.509873141298966,0.45696120666178,-1.11579086772753,0.264511663756427,0.693365523968504
"AAD021_003384",6.46682051327709,-0.773821061288965,0.684776861057245,-1.13003389176182,0.258461943744421,0.693365523968504
"AAD021_000535",11.194068768094,0.671833943365613,0.600185907370551,1.11937640506915,0.262979592568633,0.693365523968504
"AAD021_000770",14.1694872269209,-0.83954547652347,0.741265973107259,-1.13258331959342,0.257389276716446,0.693365523968504
"AAD021_000996",10.6132187617991,0.659864531895086,0.585945966792095,1.1261525282061,0.260100963244182,0.693365523968504
"AAD021_001602",47.2389384110917,-0.564806687393061,0.503198779048456,-1.12243254735456,0.261678572331676,0.693365523968504
"AAD021_001616",4.12138631093672,-1.01450394532844,0.908892914251391,-1.11619744132788,0.264337629502089,0.693365523968504
"AAD021_006053",9.69180903713074,0.943426979689352,0.847377624053583,1.11334894020012,0.265558595115201,0.693813848503514
"AAD021_001214",12.4854986345393,0.628504057691516,0.564285974644205,1.11380414529672,0.265363218243195,0.693813848503514
"AAD021_008369",5.86523804844945,-0.770277232224035,0.692939990662952,-1.11160741565383,0.266306982706396,0.694889522510748
"AAD021_002331",7.80291369525711,-0.73385320817572,0.661492163088601,-1.10939063094755,0.267261702367926,0.696500194049746
"AAD021_008127",4.44445302383296,-1.11846763958864,1.0095196762014,-1.10792059427428,0.267896110609622,0.697273105041942
"AAD021_011690",5.41550610644383,0.824580668711568,0.745018077957122,1.10679283242712,0.268383507857876,0.697278561051921
"AAD021_004262",4.6908042296842,-0.848827766643555,0.767772294533245,-1.10557228059341,0.268911693118861,0.697278561051921
"AAD021_002701",6.92185447576463,0.778867236918307,0.704037193578435,1.10628705986332,0.268602290867091,0.697278561051921
"AAD021_006571",3.99663207137457,1.04975067385844,0.950310970803899,1.10463911930894,0.269315993210695,0.697450702618411
"AAD021_012589",5.29662879793279,0.893003381919126,0.812083570067102,1.09964468539283,0.271486964268709,0.701887833712163
"AAD021_005018",22.0032654683301,0.58313238051217,0.530537873985594,1.09913431086732,0.271709486015513,0.701887833712163
"AAD021_009402",6.26297962317812,-1.28199170577613,1.16897941744721,-1.09667602922873,0.272783038687538,0.702025176871668
"AAD021_002707",88.2764755433366,0.449312556352646,0.409176740902452,1.09808919089994,0.272165544805365,0.702025176871668
"AAD021_002721",48.0443787773379,0.555872383507927,0.506787123019264,1.09685577683235,0.272704443176262,0.702025176871668
"AAD021_010360",17.8108698530588,0.749001129907855,0.685351955504189,1.09287078543001,0.274450536893544,0.702811300432103
"AAD021_004127",4.19703772298014,-0.940477610288947,0.859605684222312,-1.09408025976445,0.273919779298833,0.702811300432103
"AAD021_000634",32.5929671673402,0.812167686659028,0.742644436546149,1.09361579605472,0.274123518412867,0.702811300432103
"AAD021_000893",7.80380529097028,0.784996030325073,0.716875477194433,1.09502424800083,0.273506013528706,0.702811300432103
"AAD021_006501",5.5261067210837,-0.740585415709118,0.679273751411692,-1.09026061167535,0.275598360526631,0.704003732830405
"AAD021_002355",4.5546178894796,-0.852155265842725,0.781080258122043,-1.09099578049965,0.275274739265039,0.704003732830405
"AAD021_009413",6.07056356399866,-0.839283310162092,0.771532717439293,-1.08781298730618,0.276677674929469,0.704146388476478
"AAD021_002178",6.96053819124172,0.698284386117218,0.641366468057843,1.08874476745211,0.276266454215018,0.704146388476478
"AAD021_002330",7.37424162840569,-0.719115475085834,0.660757202867644,-1.08832029672158,0.276453733342627,0.704146388476478
"AAD021_011714",17.178957250679,0.650539597126676,0.59897241003016,1.08609275858619,0.277437955801472,0.705211749721968
"AAD021_004285",22.2898022731161,0.600632065408495,0.553528604014177,1.08509670693208,0.277878825697085,0.705463587009573
"AAD021_009091",10.5592538293455,-0.697694325221832,0.643484557955316,-1.08424408417627,0.278256590169695,0.705554793747236
"AAD021_011063",40.9826217241793,0.544950329299166,0.504697931535154,1.07975542448049,0.28025110575196,0.706092738925764
"AAD021_003712",10.1916547793673,-0.777724486739162,0.720683181307047,-1.0791489338334,0.280521340077096,0.706092738925764
"AAD021_003790",3.9118081550508,-0.995689366703926,0.920554572643181,-1.08161905474546,0.279421834059526,0.706092738925764
"AAD021_004515",8.0939139277664,-0.781191388347672,0.722468242012361,-1.08128128396584,0.27957201020561,0.706092738925764
"AAD021_000772",5.85475980470337,-0.894202872725549,0.827627744026725,-1.08044090979226,0.279945886707612,0.706092738925764
"AAD021_000992",8.24063705559814,0.657926687193703,0.609382308003679,1.0796616156269,0.280292892641492,0.706092738925764
"AAD021_007784",10.614959759648,0.697593818436719,0.649318642100718,1.07434743622918,0.28266699180827,0.708841715516641
"AAD021_005449",45.9355496771012,0.437023070420603,0.406317751162193,1.0755697214079,0.282119735005624,0.708841715516641
"AAD021_000540",4.41027142492969,-0.905118540250425,0.843042763740328,-1.07363301030506,0.282987196504706,0.708841715516641
"rRNA_CM148777.1_1000",487179.210964928,0.864874799508454,0.804941955242703,1.0744561068974,0.282618307294838,0.708841715516641
"AAD021_010916",9.48481251764681,0.819767330800754,0.765641243933505,1.0706937972531,0.284307132695467,0.709564597198843
"AAD021_006134",4.94069481324211,-1.01470942717864,0.947339045696935,-1.07111538555043,0.284117551090373,0.709564597198843
"AAD021_004412",11.6969383723703,0.647891594548332,0.6045064419086,1.07176954558624,0.283823555080297,0.709564597198843
"AAD021_000234",6.16789314092266,0.867011426585403,0.811370770069432,1.06857611657764,0.285260715202051,0.71108468137323
"AAD021_006966",4.66554703872486,-0.94000264872975,0.880847962754772,-1.06715652243774,0.285901161781713,0.711753781863926
"AAD021_003983",3.94502498015903,-1.01368857431367,0.95052324922276,-1.06645321420866,0.286218817319312,0.711753781863926
"AAD021_007955",12.8749944724028,0.620639847027307,0.583219657683286,1.06416139931336,0.287255590192535,0.713451103351735
"AAD021_008579",12.387575407723,-0.595223320584374,0.559726881486041,-1.0634174278071,0.287592692823955,0.713451103351735
"AAD021_005808",4.48902918138835,-0.886067216233188,0.835231079186784,-1.06086475744641,0.288751367513951,0.715465573287868
"AAD021_001992",16.0218215626406,-0.661448049562122,0.625112081486878,-1.05812712496104,0.289997489541942,0.717691628794447
"AAD021_009729",5.33035473353852,-0.802848707287721,0.760108992733559,-1.05622840271953,0.290863877405158,0.718973704148797
"AAD021_005827",13.4553615357277,0.645894722677717,0.612131675066352,1.05515651123217,0.291353750066741,0.719323134136068
"AAD021_006956",7.65963691439787,0.855340643599557,0.814414803440529,1.05025183725312,0.293602342286527,0.724008643344554
"AAD021_010584",14.9667346389163,-0.599956906394969,0.572510803266979,-1.0479398868482,0.294666303679326,0.724037203326343
"AAD021_003367",4.77348530351941,-1.06518587463596,1.01568867133798,-1.04873265272594,0.294301181467459,0.724037203326343
"AAD021_001038",5.01164037070365,0.962179168563336,0.917698785331971,1.04846948033747,0.294422356474059,0.724037203326343
"AAD021_011043",4.78190358143102,-0.926268144141689,0.889132217387797,-1.04176648425022,0.2975199564963,0.724490124928018
"AAD021_010249",18.6888249333438,0.59306689632092,0.567931675363742,1.04425747329743,0.296366282631328,0.724490124928018
"AAD021_007766",9.89358545636135,0.681139197638674,0.651013999701183,1.04627427052463,0.295434421043659,0.724490124928018
"AAD021_008998",4.30917012594344,0.89523825662602,0.858265622603577,1.04307831171227,0.296912024590331,0.724490124928018
"AAD021_005114",5.85840489586307,1.05170595790408,1.01088958705831,1.04037668541483,0.298164929153941,0.724490124928018
"AAD021_007323",19.5503784614339,-0.654305537613194,0.626662767344562,-1.04411107809351,0.296434001041976,0.724490124928018
"AAD021_006365",4.29683621393515,0.8834384952748,0.849419916689316,1.04004918876646,0.298317048440262,0.724490124928018
"AAD021_004142",249.597033153918,-0.478595835022148,0.459511125987623,-1.04153263752538,0.297628413912918,0.724490124928018
"AAD021_004227",9.42500018770905,-1.13589999380044,1.0922586827741,-1.03995510561243,0.298360758812411,0.724490124928018
"AAD021_003248",13.3678191302599,-0.625513401117525,0.60120892324006,-1.04042600989101,0.298142022862749,0.724490124928018
"AAD021_009181",27.103920963965,0.591966143731925,0.569647079703163,1.03918051162554,0.298720792296763,0.724512003878402
"AAD021_011651",6.0302234702749,0.827646906909079,0.80289846159297,1.03082387935706,0.302623418022122,0.725917672820635
"AAD021_011106",18.8184709045245,0.520752540190878,0.507750825651876,1.02560648625694,0.305077108852172,0.725917672820635
"AAD021_010634",51.0637247635295,0.691316411357315,0.674191457799303,1.0254007275825,0.305174145024759,0.725917672820635
"AAD021_009598",9.78316958540475,-0.729460773042835,0.706460565797669,-1.03255695839045,0.301811279443566,0.725917672820635
"AAD021_007712",75.8600111053898,0.561304008443111,0.541893055884084,1.03582063351478,0.30028582960214,0.725917672820635
"AAD021_008310",159.839159218863,-0.446240186881995,0.433716106175447,-1.02887621771067,0.303537845234625,0.725917672820635
"AAD021_008706",4.76146213972363,0.790608351262228,0.766819286508831,1.03102303915921,0.302530015851374,0.725917672820635
"AAD021_006416",9.49036882112924,-0.631335983490155,0.60978265646069,-1.03534591678052,0.300507393397984,0.725917672820635
"AAD021_003671",28.3714627470012,-0.577428878417943,0.558126679419269,-1.0345839031002,0.300863274600859,0.725917672820635
"AAD021_004317",6.30956277965007,0.954916669461686,0.923493469073985,1.03402644570861,0.301123800199613,0.725917672820635
"AAD021_002157",5.46351771548283,0.861302260136141,0.832485359366801,1.03461550457927,0.300848510268456,0.725917672820635
"AAD021_000613",6.82404220729287,0.774648419641614,0.752864448215447,1.02893478564143,0.303510320840469,0.725917672820635
"AAD021_000779",5.2869907778458,-0.87593888161748,0.854426360306415,-1.02517773597639,0.305279331399376,0.725917672820635
"AAD021_000826",4.1338934475441,0.988025821734152,0.957371501071695,1.03201925337044,0.302063098147864,0.725917672820635
"AAD021_000838",6.43200773349592,0.871940138076191,0.848930689097005,1.02710403720198,0.304371477850612,0.725917672820635
"AAD021_001069",5.23649030683401,0.773671289780298,0.752493447726508,1.02814355675491,0.303882304350314,0.725917672820635
"AAD021_001474",10.8115475414637,-0.837893951161827,0.816611175811692,-1.02606231212667,0.304862213449079,0.725917672820635
"AAD021_007998",4.89555962662592,-0.985111100527724,0.961782219866153,-1.02425588681065,0.305714427963473,0.726030908936779
"AAD021_003650",34.355080805523,-2.02945315606716,1.98413028114146,-1.02284269100496,0.30638222949803,0.726030908936779
"AAD021_001283",7.09899400951183,0.696956035272549,0.680918512048976,1.02355277898865,0.306046558761418,0.726030908936779
"AAD021_009597",3.95875327580232,0.854908018159074,0.846412016112174,1.01003766709968,0.312477243995634,0.732901172280669
"AAD021_008447",4.96790569217543,-0.819174349185109,0.808942514515162,-1.01264840762644,0.311228129131186,0.732901172280669
"AAD021_009406",7.06170041566358,-1.23933915950862,1.22524959162511,-1.01149934509655,0.311777494414011,0.732901172280669
"AAD021_005742",4.29322391742762,-0.826908310531766,0.817810893042744,-1.01112410896751,0.31195703269471,0.732901172280669
"AAD021_006204",4.97708822770939,-0.828242027071586,0.819781961946397,-1.01031989665289,0.312342051613071,0.732901172280669
"AAD021_003739",7.02409798589117,-0.614598864835536,0.608178658761317,-1.01055644748748,0.312228769744171,0.732901172280669
"AAD021_003745",4.29132311289572,0.93532458494226,0.924833143853429,1.01134414478823,0.311851744450465,0.732901172280669
"AAD021_002405",21.6831868056967,-0.526936978139789,0.519185944602414,-1.01492920526443,0.310139575355071,0.732901172280669
"AAD021_002463",39.7757158420592,-0.477344151613484,0.471348094074669,-1.01272108154078,0.311193405309368,0.732901172280669
"AAD021_006805",12.7020410524761,-0.664508613159268,0.658648381615594,-1.0088973596645,0.313023861612627,0.733278142491384
"AAD021_002742",6.18444026131554,-0.746225695041429,0.741050366569134,-1.0069837742558,0.313942571597043,0.733278142491384
"AAD021_001171",18.0390151765372,-0.748941618549678,0.74367023700389,-1.00708833200993,0.313892327783234,0.733278142491384
"AAD021_001282",9.28208513669273,-0.744260023610865,0.739276247932682,-1.00674142540372,0.31405904940038,0.733278142491384
"AAD021_007089",34.7602657575951,-0.849305547618512,0.844964218279835,-1.00513788542137,0.314830459629939,0.733419942072454
"AAD021_000576",84.4951375707032,0.448721882014964,0.446197404965494,1.00565775825089,0.314580229633558,0.733419942072454
"AAD021_001067",8.77397074355016,0.615321002147952,0.612752550824287,1.00419166157727,0.315286240505001,0.733653664489653
"AAD021_008300",9.10890830584006,-0.737862572105822,0.735386972755492,-1.0033663899988,0.315684114356679,0.73375226580201
"AAD021_009642",13.8455253472301,-1.45222508205895,1.455493939971,-0.997754124684218,0.318398600506239,0.738058084220224
"AAD021_008144",4.83056832360638,-1.17594057765723,1.17989010568185,-0.996652630608905,0.318933149904818,0.738058084220224
"AAD021_009139",5.02235817092762,0.842982839298572,0.845873191026741,0.996582996412666,0.318966962754089,0.738058084220224
"AAD021_003941",8.59965915077244,-0.640588554537765,0.64234171946539,-0.997270666259878,0.318633148089263,0.738058084220224
"AAD021_008404",6.84156301890362,0.666697652087327,0.669771475569637,0.995410638412609,0.31953658658719,0.738194173117644
"AAD021_005108",7.37270939783754,0.814716040140539,0.820029454560076,0.993520459064012,0.320456385229365,0.738194173117644
"AAD021_001091",6.27422245370927,0.841183861790686,0.846295243497723,0.993960285436662,0.320242202671616,0.738194173117644
"AAD021_001173",4.71366738881295,0.847908454441442,0.852751404029925,0.99432079552658,0.320066714632888,0.738194173117644
"AAD021_004045",24.2303569135622,0.470171405780684,0.475951408575685,0.987855897280991,0.323223227307095,0.743706428063724
"AAD021_002737",14.3402715756548,-0.570361093864779,0.577786640807576,-0.987148288973214,0.32356994786881,0.743706428063724
"AAD021_007946",43.9587748188415,-0.457279945283453,0.4640010673724,-0.985514856405376,0.324371237611687,0.744053014276543
"AAD021_003925",14.2817567141519,-0.823306371892618,0.835529075388925,-0.98537130082443,0.324441721341516,0.744053014276543
"AAD021_007559",8.49512891373891,-0.684421922688973,0.697582142237049,-0.981134523447127,0.326526407677666,0.744874895223638
"AAD021_006209",10.1181430873199,-0.690577721258541,0.703278046009331,-0.981941246676394,0.3261287939568,0.744874895223638
"AAD021_003616",12.656655045678,-0.599623125889483,0.610171934644233,-0.98271174376301,0.32574932915317,0.744874895223638
"AAD021_004022",13.5115057306707,0.550568517293284,0.559880884613869,0.98336723475207,0.325426730211688,0.744874895223638
"AAD021_004164",4.04346071209023,-1.10943746400661,1.13232059434835,-0.979790943964144,0.327189323253708,0.744874895223638
"AAD021_002176",11.4080743881785,-0.574525097545387,0.587232482528725,-0.978360555041817,0.327896029892781,0.744874895223638
"AAD021_003331",50.3561911434633,0.554477756673823,0.566783998498791,0.978287598348643,0.327932101846883,0.744874895223638
"AAD021_000658",9.04841502920421,0.672407019335144,0.68691868485253,0.978874260029044,0.327642111791888,0.744874895223638
"AAD021_000686",11.7303807249136,-0.660376541921287,0.675195032242929,-0.978053022291328,0.328048100658085,0.744874895223638
"AAD021_008109",59.7389500375764,0.453501908958774,0.464521672975381,0.976277180037645,0.328927125292188,0.745465372121377
"AAD021_006177",9.37862580392173,0.811486541886746,0.832003824782216,0.975339917576893,0.329391676053632,0.745465372121377
"AAD021_002313",21.3483048820293,-0.678980177884625,0.696136512903265,-0.97535492722959,0.329384233225831,0.745465372121377
"AAD021_011860",9.41173782726409,-0.681359951134219,0.703786739998926,-0.968134112807039,0.332977395128417,0.752179662501854
"AAD021_006263",53.5720181126453,0.449031123088808,0.463916333255191,0.967914020051985,0.333087311786189,0.752179662501854
"AAD021_009211",5.19680085857959,0.738434823738318,0.765775341170993,0.964296947207953,0.334897070990971,0.752229282085975
"AAD021_005109",4.17631556571642,0.81841971823362,0.848191183639667,0.964900053218787,0.334594874783519,0.752229282085975
"AAD021_007355",4.26692555757359,0.843455116920788,0.874746399099746,0.964228166916535,0.334931545657466,0.752229282085975
"AAD021_004280",5.35844999675296,-0.842445346820337,0.872750621728629,-0.965276134838761,0.334406521884333,0.752229282085975
"AAD021_000031",7.12747152744159,0.974543602776207,1.0083905761746,0.966434659150827,0.333826728011263,0.752229282085975
"AAD021_007934",57.5312512408575,0.514728559284927,0.535602097842394,0.96102789992505,0.336538139788725,0.752807360250066
"AAD021_008962",5.97728634531794,-0.721439243981661,0.75032987270657,-0.961496096882435,0.336302787053818,0.752807360250066
"AAD021_004377",5.31497292167927,-0.705625152410515,0.733380535663763,-0.962154186123679,0.335972158552779,0.752807360250066
"AAD021_001266",4.38681569128818,0.866223537699353,0.901555787733123,0.960809690853841,0.336647865073067,0.752807360250066
"AAD021_007212",9.22223882124744,-0.60756881540813,0.633339358465261,-0.9593100559555,0.337402570957354,0.753047083039843
"AAD021_003541",12.2645352770783,-0.503000028672623,0.524424409371316,-0.959146865943223,0.337484763474736,0.753047083039843
"AAD021_006729",4.54878850814527,-0.723430885309014,0.75552674572371,-0.957518564900107,0.338305580557885,0.75406341066034
"AAD021_003406",5.18527137720927,0.904222127491031,0.946309629310142,0.95552459732467,0.339312472474624,0.754677740503905
"AAD021_000969",193.291670250391,-0.528555693462958,0.553044149400916,-0.95572061296646,0.339213405530332,0.754677740503905
"AAD021_006009",5.65546927342267,-0.811840816604045,0.850666863308039,-0.954358106118053,0.339902404726465,0.755176063891737
"AAD021_000804",6.86766306275033,-0.603366469375613,0.633594727410658,-0.952290862396251,0.340949490686312,0.756687901910266
"AAD021_010352",7.68030211838058,0.683369976087972,0.720622698471399,0.948304816844588,0.342974299414391,0.757111180739361
"AAD021_004957",26.9835944907023,-0.876653240756943,0.924121122531708,-0.948634566814442,0.342806503915584,0.757111180739361
"AAD021_003674",9.34771687559028,-0.689982624591005,0.725719061992559,-0.950757201687063,0.341727643110773,0.757111180739361
"AAD021_003791",6.62758305171829,0.74145920834817,0.780745773730335,0.949680719763032,0.342274509292011,0.757111180739361
"AAD021_003987",4.26120244111494,-0.798121032607827,0.840405243612465,-0.949685926728776,0.34227186274246,0.757111180739361
"AAD021_010251",7.14284797999218,0.646142466251375,0.682446107866388,0.946803650579071,0.343738841229719,0.757179261790971
"AAD021_005085",12.7282574052033,0.602650966499935,0.636144657222965,0.947348939674753,0.34346100051065,0.757179261790971
"AAD021_006239",5.22281255460115,0.738030147057641,0.783583985787945,0.941864765543293,0.346261881406042,0.761923798744211
"AAD021_007821",8.22826667987421,0.565561740597378,0.602210066854759,0.939143617361316,0.347657012606879,0.762554807673325
"AAD021_006151",4.53096138962895,0.777340219243463,0.827448032449562,0.939442948389446,0.347503370980392,0.762554807673325
"AAD021_002931",15.6952111497945,-0.556218663407673,0.591961740918045,-0.939619277666594,0.347412884320892,0.762554807673325
"AAD021_002360",4.51250768173854,-0.756927440615738,0.809028017973945,-0.935601022213442,0.34947864806717,0.76573665563762
"AAD021_009999",7.85710735163491,0.584357551597593,0.628471006544424,0.929808289503467,0.352470353575338,0.765824856554722
"AAD021_008043",21.8119707103194,0.58604987727032,0.628500838502789,0.932456794594585,0.351100505188303,0.765824856554722
"AAD021_008292",5.91622825029449,0.74391643534753,0.799777231402621,0.930154555716566,0.35229106730487,0.765824856554722
"AAD021_008758",4.08531136315037,-0.79312923638883,0.850618288844784,-0.932414981890373,0.351122105128075,0.765824856554722
"AAD021_009028",11.8296302205483,-0.650793815119172,0.698301708115037,-0.931966523289616,0.35135382639597,0.765824856554722
"AAD021_006390",15.5447820895783,-0.585458222667382,0.627860658258339,-0.932465213366641,0.351096156253829,0.765824856554722
"AAD021_002888",13.5587464495378,-0.79111023250936,0.85151730116239,-0.929059493482317,0.352858255127684,0.765824856554722
"AAD021_000769",5.00786757397218,-0.735270131810738,0.791216438362498,-0.929290768190375,0.352738418227696,0.765824856554722
"AAD021_001311",35.9149060643998,0.507077798687189,0.54560211357466,0.929391191989584,0.352686390825675,0.765824856554722
"AAD021_009772",8.24523464793782,-0.814509224029356,0.8790055600299,-0.926625792903574,0.354120858298935,0.765912674958645
"AAD021_006557",7.87528113518131,-0.857644150125956,0.926644076902698,-0.925537832165967,0.354686214071304,0.765912674958645
"AAD021_003779",6.25053119302651,-0.751376258608004,0.81206677378272,-0.925264132046665,0.354828531248648,0.765912674958645
"AAD021_000389",3.99704810377329,-0.812601682492439,0.877650844843837,-0.925882641447269,0.35450697323034,0.765912674958645
"AAD021_000400",4.26906006212343,-0.683536364571336,0.73920293260823,-0.924693794381365,0.355125208302046,0.765912674958645
"AAD021_001092",10.2513482133086,0.688280905004395,0.743666046803289,0.925524175754734,0.354693314207216,0.765912674958645
"AAD021_000672",10.0734326008984,0.586104036006336,0.635443978434928,0.922353591971847,0.356344168298514,0.767739418964647
"AAD021_009516",69.0999841449111,-0.346637106129959,0.376556513336149,-0.920544709368814,0.357288180362183,0.768970598819131
"AAD021_007244",14.6273762673361,-0.579387324890634,0.630455321957758,-0.918998229868943,0.358096498074914,0.769641953433538
"AAD021_003221",4.09077200453176,-0.762939195266096,0.831261243800801,-0.917809173657232,0.358718778683655,0.769641953433538
"AAD021_003271",15.1318541549517,-0.60650377452361,0.660440917356853,-0.918331615416706,0.358445280348841,0.769641953433538
"AAD021_007445",6.29585237451181,-0.574550385875213,0.627251511508228,-0.915980871044384,0.359676928035652,0.769822556074636
"AAD021_002316",4.30266673944146,-0.835965341679517,0.91327863429685,-0.915345339621507,0.360010363960906,0.769822556074636
"AAD021_000326",4.49679797119816,-0.727290244548955,0.795023563488196,-0.914803381874546,0.360294859093071,0.769822556074636
"AAD021_000603",7.12682305384373,0.685354945661884,0.747557304304469,0.916792521075748,0.359251372437048,0.769822556074636
"AAD021_010379",14.4487656571116,0.506599426805099,0.558316667718946,0.907369340906224,0.364211516782727,0.770500236637324
"AAD021_009980",11.6049278811629,0.535367805894755,0.58736954608115,0.911466740941298,0.362049501961426,0.770500236637324
"AAD021_008073",7.16730704849794,0.612301521444844,0.67343880846423,0.909216269910536,0.363235977670909,0.770500236637324
"AAD021_008340",6.44130088642592,0.776667089824473,0.855556609935185,0.90779158363736,0.363988345884161,0.770500236637324
"AAD021_009306",6.50048991922469,-0.739246088032708,0.809544334184591,-0.91316319170748,0.361156719549666,0.770500236637324
"AAD021_005248",16.2279831992672,-0.621759620259689,0.683447073140477,-0.909740702235608,0.362959273356494,0.770500236637324
"AAD021_006111",7.88559170297872,-0.589092743262814,0.647214760651613,-0.910196706066651,0.362718780993224,0.770500236637324
"AAD021_003747",10.4515050623755,0.595681088081587,0.656675232580955,0.907116727610328,0.364345073138579,0.770500236637324
"AAD021_004367",8.27925399180875,0.630927141479667,0.692834207745497,0.910646637285308,0.362481589083429,0.770500236637324
"AAD021_002790",7.28017536364302,-0.70523240042228,0.773419078961984,-0.911837346149751,0.361854347512662,0.770500236637324
"AAD021_008301",6.61005035511616,-0.749181943049042,0.82685092486104,-0.906066523629939,0.364900642876866,0.770711144750699
"AAD021_003914",5.87336542843382,-0.745301576855991,0.823067562893303,-0.905516886409734,0.365191618006872,0.770711144750699
"AAD021_009037",5.74214947227402,-0.998911679887326,1.10465923448384,-0.90427133427629,0.365851542979977,0.770834973060741
"AAD021_001648",4.83313519051069,0.699187076824587,0.773439975250919,0.903996559781846,0.365997225581166,0.770834973060741
"AAD021_002715",4.70384127738241,0.687470278850856,0.761547852382648,0.902727618100391,0.366670474828347,0.771465708507347
"AAD021_001174",8.60413455501143,0.560507137867062,0.621771639796246,0.90146784123306,0.367339624910457,0.772086543599982
"AAD021_001257",8.96998306001896,0.647081159516561,0.718592448983565,0.90048421804577,0.367862620285419,0.772399235268671
"AAD021_002631",42.7423406752954,0.466658704808166,0.518972715647346,0.899196991938342,0.368547742306137,0.773051361910434
"AAD021_004199",4.09017622226489,-0.849103213312081,0.946051728080776,-0.897523029776214,0.36943989019881,0.773350845203189
"AAD021_002454",8.65024864065239,0.654432690103605,0.72884489867919,0.897903917952318,0.369236775723759,0.773350845203189
"AAD021_009992",6.07320982004688,0.733705101694899,0.818160588583827,0.896773948699834,0.369839551787501,0.773403074862615
"AAD021_002443",24.5733637014078,-0.407536666371804,0.45619760242991,-0.893333643581386,0.37167852626114,0.775676924371075
"AAD021_000450",10.3501495597797,-0.633744056144054,0.709071387797056,-0.893766223049799,0.371446984799925,0.775676924371075
"AAD021_000427",16.850074962014,0.527859339858533,0.591578701957519,0.892289289847419,0.37223789338981,0.776059608036937
"AAD021_002451",47.8226017108593,-0.42828620436119,0.482408756292261,-0.88780769166163,0.374644204791242,0.780288232784181
"AAD021_005139",11.6501637128238,0.545128882616693,0.615587122709729,0.885543024709665,0.375863825252856,0.782039249316427
"AAD021_008320",6.11361723201061,0.712368068712144,0.805565411247587,0.884308162646771,0.37652988310594,0.782102069906225
"AAD021_002297",16.0681295766483,0.565064258757586,0.639153566894811,0.88408214868115,0.376651868937397,0.782102069906225
"AAD021_003870",6.02077760739753,-0.787723184003945,0.892625649569843,-0.882478768544854,0.377517956231137,0.782597277836632
"AAD021_001511",4.42720172645384,0.728305882356924,0.825521857495012,0.8822369459325,0.37764868639791,0.782597277836632
"AAD021_008412",9.70383542195088,-0.590668629748163,0.670538633839136,-0.880886797478497,0.378379094042053,0.783324423372917
"AAD021_012373",13.1449689793445,-0.462638852950057,0.527715569997686,-0.876682211502847,0.380659271347527,0.786143189260134
"AAD021_009629",21.0081932050443,0.547204172101171,0.623639824413396,0.87743622308899,0.380249745532897,0.786143189260134
"AAD021_009002",5.85522178904439,0.728876212594376,0.83242926871394,0.875601375382261,0.38124677744301,0.786143189260134
"AAD021_007305",4.91907974684826,0.923929255198577,1.05523256309552,0.875569317618699,0.38126421145804,0.786143189260134
"AAD021_002073",5.18292410690117,0.73077028545387,0.835888096952943,0.874244157941406,0.38198530291211,0.786843977256083
"AAD021_011496",6.53396438339754,0.712915624121736,0.819733851879146,0.869691574268231,0.384468978047537,0.787246002668767
"AAD021_009872",4.69064181099907,-0.891400089972339,1.02119880387913,-0.872895744282366,0.382719906129227,0.787246002668767
"AAD021_008458",8.47998175227856,0.566957335743226,0.651246093775832,0.870573107711231,0.383987285311376,0.787246002668767
"AAD021_005202",4.86606133064904,-0.619103395577964,0.711721112567701,-0.86986796463632,0.384372564207248,0.787246002668767
"AAD021_002312",5.70839020707149,-0.638914491060449,0.733920282115705,-0.870550258154226,0.383999766237334,0.787246002668767
"AAD021_000828",25.7964022658788,0.550502212360113,0.63139436280672,0.871883318553844,0.383272034917763,0.787246002668767
"AAD021_002856",19.8540401610458,0.515358747844358,0.593263307759631,0.868684682001541,0.385019622067481,0.787360020066164
"AAD021_003143",12.0712964074286,-0.533550634325165,0.614754213424453,-0.867908869388714,0.385444223111693,0.787360020066164
"AAD021_003249",4.5869859648403,-0.70913150666178,0.81744432413811,-0.867498232872885,0.385669079596362,0.787360020066164
"AAD021_010406",10.7260403088627,-0.521714166931573,0.604831970379252,-0.862577033757722,0.38837006200865,0.789796894617004
"AAD021_007640",8.35267742890747,-0.623005437688934,0.72119709648432,-0.863849065291515,0.387670810296908,0.789796894617004
"AAD021_008510",7.1115632151439,0.691874970088346,0.800458651534503,0.864348169342665,0.38739665628716,0.789796894617004
"AAD021_002269",10.6641283352613,-0.729741221090058,0.846698017941837,-0.861867165892181,0.388760619043707,0.789796894617004
"AAD021_000773",43.9479475207745,0.450508792263918,0.522729499559853,0.861839235480787,0.388775990761084,0.789796894617004
"AAD021_012327",6.39482265430436,0.579835001591102,0.673339515537757,0.861133184984727,0.389164693994315,0.789809172472239
"AAD021_008639",14.807845363717,-1.23882989020224,1.4409989840175,-0.859702126054514,0.389953262523997,0.790632155058478
"AAD021_001329",4.4771343530662,0.72092491100671,0.84111227335195,0.857109013679855,0.391384640150583,0.792755541973311
"AAD021_008335",8.95198730110875,-0.551810016164728,0.648747642874671,-0.850577296465539,0.395004205613559,0.794628343456516
"AAD021_006798",9.48136405663673,0.537894786987845,0.631879939117567,0.851261060351156,0.394624350621727,0.794628343456516
"AAD021_003605",7.83715749925131,-0.617546711488159,0.722773008264184,-0.854413079109392,0.392876151606389,0.794628343456516
"AAD021_003672",13.6128443963486,-0.556322016606789,0.653539519113664,-0.85124464601816,0.394633466774351,0.794628343456516
"AAD021_003201",11.9519423396048,-0.520089913459404,0.610723871813056,-0.851595847916364,0.394438444906691,0.794628343456516
"AAD021_000740",4.22711217986844,0.912675059522692,1.07138871689506,0.851861742736724,0.394290832717026,0.794628343456516
"AAD021_001276",9.73439668503009,0.557050149324504,0.653092494832708,0.852942199966934,0.393691358080712,0.794628343456516
"AAD021_010874",6.55908380981832,-0.719533593944957,0.848066667321004,-0.848439894728942,0.39619303262576,0.794710662880644
"AAD021_009418",11.5213972793556,-0.706835642304322,0.832946724626304,-0.848596460501648,0.396105877176903,0.794710662880644
"AAD021_001305",6.29204443728901,0.615890589068114,0.725920570497886,0.848426968594779,0.396200228732647,0.794710662880644
"AAD021_001575",5.38966596155296,0.61744720104225,0.729177466564208,0.846772191071103,0.397122111387769,0.795786444567335
"AAD021_002590",4.73795667921994,0.628054794682984,0.747122420020832,0.840631706200803,0.400554290652947,0.801885602238295
"AAD021_006400",7.32155523908082,-0.655253521602141,0.780122236977226,-0.839936987491962,0.400943717789187,0.801887435578373
"AAD021_008284",17.1664757514387,-0.546144414344452,0.653571743784507,-0.835630394885193,0.403362864002087,0.80276214291671
"AAD021_007085",5.53230316746674,-0.715111684205917,0.85641566636653,-0.835005374481161,0.403714682338927,0.80276214291671
"AAD021_007401",19.6893684374441,-0.776965885518461,0.928192511183277,-0.837074072627424,0.402550933119843,0.80276214291671
"AAD021_006432",8.82619179079589,-0.520255544266527,0.622796321330791,-0.83535423451899,0.403518289526838,0.80276214291671
"AAD021_003412",8.3172802553393,-0.539624485984095,0.644697384617707,-0.837019815590041,0.402581429791734,0.80276214291671
"AAD021_001523",18.3337242650221,0.843618950666795,1.00936789853751,0.835789360736687,0.403273412861966,0.80276214291671
"AAD021_002352",7.9106508422964,-0.573768243423016,0.688810729786917,-0.83298389326849,0.404853813220604,0.804252425878082
"AAD021_008123",4.80756967566235,-0.676326132729134,0.812938397882959,-0.831952500325254,0.405435756231826,0.804634039290855
"AAD021_004913",7.71459635585629,-0.62017755166934,0.747397620614315,-0.829782614453056,0.406661702133125,0.806291789820144
"AAD021_005168",33.896159870898,-0.741403547725204,0.89458366037123,-0.828769382415882,0.4072349165405,0.80665342393435
"AAD021_009786",37.4109800152137,-0.42758432597121,0.516644555061691,-0.827617985677122,0.407886879194199,0.807170200054484
"AAD021_000959",5.55443619903723,0.719720229354531,0.871372640911998,0.825961472236787,0.408825947592902,0.80825359753999
"AAD021_011739",4.54328916559833,-0.819061355103609,1.00778811945935,-0.812731703508289,0.416371900132329,0.80921996409899
"AAD021_011240",3.98736727687121,-0.659293072567125,0.806424575072673,-0.817550819935902,0.413613719470533,0.80921996409899
"AAD021_011244",14.6105692814237,-0.551114141616935,0.676570472949734,-0.814570194312751,0.415318377237147,0.80921996409899
"AAD021_010720",35.1187935263848,-0.9236389332217,1.12182742167986,-0.823334244975591,0.410317944646126,0.80921996409899
"AAD021_008798",3.94804008204676,0.756514642626912,0.921981393746377,0.820531355359453,0.411913261973777,0.80921996409899
"AAD021_009102",8.61216194339975,0.59480728105429,0.729608106502379,0.815242149522841,0.414933715519273,0.80921996409899
"AAD021_009410",4.27398413410967,-0.772664373533405,0.950336417677723,-0.813043001573606,0.416193404062252,0.80921996409899
"AAD021_006900",10.3321393227355,-0.58019839062788,0.710769125849829,-0.816296557527267,0.414330542812696,0.80921996409899
"AAD021_005924",4.6964206467548,-0.750264436832871,0.916918938272702,-0.818245109263665,0.413217242137074,0.80921996409899
"AAD021_005949",11.521493992278,0.46205886069818,0.567483199201558,0.814224740658915,0.415516214644838,0.80921996409899
"AAD021_006542",26.6526568168709,0.47411491977271,0.581210457147714,0.815737077580168,0.414650527968335,0.80921996409899
"AAD021_003770",8.99709089545634,-0.624644244874415,0.759124067586856,-0.822848690412447,0.410594043931038,0.80921996409899
"AAD021_002395",6.38657796909154,0.534165381031284,0.650003514036179,0.821788451133746,0.41119730775046,0.80921996409899
"AAD021_002920",4.87081956723782,-0.648091731865983,0.797245061118373,-0.812914075575258,0.416267323822104,0.80921996409899
"AAD021_000066",6.64056735108777,-0.651752206800088,0.796183214818119,-0.818595763726286,0.41301708476013,0.80921996409899
"AAD021_000792",7.10838447043771,-0.662553258524654,0.807141608648864,-0.820863713907344,0.411723901820647,0.80921996409899
"AAD021_001312",78.5196578387682,0.747513052493922,0.915355342880696,0.816637012399403,0.414135896871318,0.80921996409899
"AAD021_001386",5.72844198745715,0.623465958533087,0.759953329012509,0.820400325561077,0.411987929951013,0.80921996409899
"AAD021_009983",21.1533921791794,-0.486839638598558,0.60218303009537,-0.808457917722217,0.418827022116979,0.81117267668315
"AAD021_008470",12.5273139962496,0.50860128354513,0.629791680027877,0.807570661337757,0.419337781741395,0.81117267668315
"AAD021_004841",5.59054703284486,0.678045508503041,0.840072618163458,0.807127257623708,0.419593169534374,0.81117267668315
"AAD021_004542",6.77692642137704,-0.681284057659073,0.844342038857715,-0.806881602840434,0.419734698981397,0.81117267668315
"AAD021_001045",35.671072744402,0.401175030881815,0.495976492280076,0.808858962322096,0.418596276229344,0.81117267668315
"AAD021_001293",5.94032992567965,0.707047499166149,0.873779284697518,0.809183178805747,0.418409789039116,0.81117267668315
"AAD021_011701",5.78566636402085,-0.564813152909151,0.709024617493647,-0.796605842693766,0.425679983069932,0.813133830815217
"AAD021_011019",7.62826972330809,-0.618041356074365,0.772625904014162,-0.799923161860537,0.423755317254936,0.813133830815217
"AAD021_011285",5.98362745073059,-0.60462581817632,0.752690211553817,-0.803286410392079,0.421809210785731,0.813133830815217
"AAD021_007621",63.8509280373265,0.380737214908435,0.474953738056074,0.801630105000845,0.422766957843854,0.813133830815217
"AAD021_008167",9.46227132682022,-0.461306823287644,0.578346013987613,-0.79763119677613,0.425084541691958,0.813133830815217
"AAD021_008273",6.89253798630303,0.58354936883323,0.729158120565684,0.800305657133066,0.423533726240649,0.813133830815217
"AAD021_007384",4.54789154238822,0.646502981832118,0.813291108436281,0.794921984423453,0.42665888506438,0.813133830815217
"AAD021_003458",8.34793717319072,0.53324652354219,0.669686916701148,0.796262417920513,0.42587952473671,0.813133830815217
"AAD021_003596",4.97051381247192,0.75723733123766,0.944971196896296,0.801333769457485,0.422938446034139,0.813133830815217
"AAD021_002249",4.42994589271923,-0.613116391101899,0.762848891061133,-0.803719318840519,0.421559094366088,0.813133830815217
"AAD021_002444",6.9397098125335,0.623844777215807,0.783046316436126,0.796689498591996,0.425631384367702,0.813133830815217
"AAD021_002542",10.2001513499084,-0.633019729682469,0.795791876443761,-0.79545889876548,0.426346610350543,0.813133830815217
"AAD021_002567",20.5254532600903,-0.429598776376758,0.536186675797072,-0.801211212005847,0.423009381445078,0.813133830815217
"AAD021_000810",12.3268576498762,-0.509018870167294,0.638304984716925,-0.797454010786134,0.425187401967204,0.813133830815217
"AAD021_000899",5.06079455565573,-0.735152297369565,0.922457558710476,-0.796949724600069,0.42548023048406,0.813133830815217
"AAD021_004535",13.3551047295032,-0.627696652636894,0.791551543895102,-0.792995298257012,0.427780562127409,0.814519446707539
"AAD021_011265",7.50713168303641,-0.622877989555864,0.789731028968778,-0.788721687141015,0.430274689578535,0.817007322253999
"AAD021_007503",4.38266916859253,0.687883499726445,0.872127554224113,0.788741849050302,0.430262903077557,0.817007322253999
"AAD021_001188",32.0552899456837,0.423114863001756,0.535914457549537,0.789519403780305,0.429808493429845,0.817007322253999
"AAD021_008002",4.09872256680352,-0.641433686228812,0.814236351108772,-0.787773335537465,0.430829300534062,0.817103512932478
"AAD021_000743",9.61275021397699,-0.640822779474187,0.813969088234951,-0.787281468960667,0.43111711510827,0.817103512932478
"AAD021_003286",9.36650280513502,-0.589633727438965,0.74966752349256,-0.786526972239604,0.431558823732935,0.817190286408053
"AAD021_006028",16.1461584822913,0.417486600889112,0.531355903731819,0.785700503103513,0.432042968421746,0.817357183155347
"AAD021_012463",11.9539311429217,-0.591930036531069,0.755998018954281,-0.782978290538174,0.433639860639675,0.81792056358524
"AAD021_006500",7.55615922414007,-0.604925189551455,0.774031073422216,-0.781525716890027,0.434493357365817,0.81792056358524
"AAD021_003678",39.1057889380599,-0.496871737929571,0.635773569446274,-0.781523111069749,0.434494889353382,0.81792056358524
"AAD021_003991",127.025473066667,-0.35497220644197,0.45469052016017,-0.780689701463156,0.434985019162715,0.81792056358524
"AAD021_004471",14.8519187137865,-0.469923227282128,0.599222410420543,-0.78422171652814,0.432910024616096,0.81792056358524
"AAD021_000690",5.62476629095518,-0.620187431829028,0.791536620388563,-0.783523359316693,0.433319841853453,0.81792056358524
"AAD021_001193",37.6879560279786,0.487310581397773,0.624381523345945,0.78046925345639,0.435114718418892,0.81792056358524
"AAD021_006055",15.8526485374334,-0.482126531796346,0.618532832370918,-0.779467970921271,0.435704097810909,0.818283219182635
"AAD021_007935",5.34038163102086,-0.701360504302484,0.901413417598224,-0.778067522193344,0.436529208047776,0.818971457465265
"AAD021_000248",8.22167337299608,-0.499902447365983,0.642961768539514,-0.777499490368627,0.436864135014175,0.818971457465265
"AAD021_005079",32.3549217978652,-0.428023799854521,0.551519928031819,-0.776080388213692,0.43770152255456,0.819796681082226
"AAD021_006838",10.265170051547,-0.458382331155624,0.591579507655569,-0.77484484371711,0.43843134737069,0.820419130528652
"AAD021_000807",12.7448794321362,0.427068109036427,0.552213063783221,0.773375599104042,0.439300126540347,0.820556978442784
"AAD021_001664",13.228582796696,-0.613377733037768,0.792522004166281,-0.773956722732299,0.438956384155025,0.820556978442784
"AAD021_001241",48.3687390634293,-0.817675709476224,1.06087956655842,-0.770752623814627,0.440853573513647,0.822714082940477
"AAD021_003013",4.63601452535515,-0.60723870061278,0.790298889193907,-0.768365878929875,0.442269845835663,0.824611528278959
"AAD021_000607",4.73069712284103,-0.57132080590867,0.745443637851412,-0.766417173477239,0.443428117543116,0.826024940982845
"AAD021_012236",11.1921025195443,0.553004017726655,0.723730783138718,0.764101832629469,0.444806560282748,0.827722081220957
"AAD021_006565",16.3492415799114,-1.25436289200186,1.64470959419069,-0.762665273208368,0.445663045989627,0.827722081220957
"AAD021_002096",9.2593129723207,0.51547924126023,0.67520035809442,0.763446338676475,0.445197253363125,0.827722081220957
"AAD021_001162",8.87705616806615,0.601930547607276,0.78973241791882,0.762195566434441,0.445943291820593,0.827722081220957
"AAD021_007296",21.8798027980313,0.616718168886822,0.812152286949597,0.759362719032885,0.447635608504817,0.829252013254827
"AAD021_003620",7.34186268245058,-0.535204523872027,0.705331183426095,-0.758798896813706,0.447972865687564,0.829252013254827
"AAD021_003890",7.10639813376671,-0.537521127877883,0.707689400388886,-0.759543844492381,0.447527296722575,0.829252013254827
"AAD021_000335",12.4513622854075,-0.467440185635754,0.620217848757248,-0.753670966697234,0.451046819543693,0.834194117865756
"AAD021_005877",15.8359869820761,0.398032236270428,0.528955568271126,0.752487089929658,0.451758190718141,0.83476177765644
"AAD021_009168",5.99943542221025,0.59477506321196,0.792271069467479,0.750721673595547,0.452820176530563,0.835975710517963
"AAD021_010481",6.62859677238514,-0.602965626478031,0.805197073005997,-0.748842297981801,0.453952262216429,0.836569168941704
"AAD021_009123",8.75434394451214,-0.50124937488075,0.66879852950846,-0.749477387830306,0.453569522606831,0.836569168941704
"AAD021_010185",11.3298846245302,0.542066319297068,0.726560303361169,0.746072028418555,0.455623905310756,0.838900749831757
"AAD021_008807",6.13974432283679,-0.595039169311197,0.800274763845168,-0.743543588019879,0.457152642247011,0.8402972294866
"AAD021_005416",6.44290002586436,-0.478958468740796,0.646563861231195,-0.740775192459345,0.458829759092991,0.8402972294866
"AAD021_006821",9.42386545691946,0.549599290966504,0.742589631901504,0.740111721677528,0.459232206812444,0.8402972294866
"AAD021_006265",9.47071422977265,-0.49557488890546,0.667440016171559,-0.742501014170654,0.457783837561835,0.8402972294866
"AAD021_004021",7.38639251647214,-0.549368552372003,0.740756881147801,-0.741631385888387,0.458310702045732,0.8402972294866
"AAD021_002741",7.67247648009787,-0.509908624517797,0.687020101781801,-0.742203355033336,0.457964136142847,0.8402972294866
"AAD021_000538",4.0077885178816,0.60846551740691,0.821790041769049,0.740414809720838,0.459048335315099,0.8402972294866
"AAD021_012187",4.1338596932039,0.860662694149681,1.16667403407642,0.737706222142001,0.460692990249577,0.840734157272437
"AAD021_010346",7.67750946690313,-0.516286947427414,0.69888156747121,-0.73873310079634,0.460069081863406,0.840734157272437
"AAD021_000999",5.77629137305254,0.619318847313702,0.839439481012787,0.737776648968775,0.460650185387883,0.840734157272437
"AAD021_011713",48.272347096679,0.32309561231516,0.446009194472805,0.724414689919269,0.46881118398224,0.841297099937705
"AAD021_010740",7.64363886770294,0.464348216129826,0.641045402746436,0.724360886359086,0.468844206162107,0.841297099937705
"AAD021_008082",74.3454419057273,-0.36402754794563,0.500503616024306,-0.727322513346141,0.46702840975562,0.841297099937705
"AAD021_008157",12.7137270873162,0.514717876309908,0.701449991842092,0.733791264232816,0.4630759655332,0.841297099937705
"AAD021_008250",5.87457807030254,-0.545883451220842,0.75451998542921,-0.723484416268066,0.469382324884906,0.841297099937705
"AAD021_008405",6.97863834892205,-0.5381235346041,0.739961929509585,-0.727231379269397,0.467084226536783,0.841297099937705
"AAD021_008411",24.7098055192002,-0.465445620678522,0.639146908880115,-0.72822947934467,0.466473123008179,0.841297099937705
"AAD021_008467",35.6472681018315,0.383473873243953,0.52964570312224,0.724019605905213,0.469053698564523,0.841297099937705
"AAD021_009256",19.8227039526779,-0.66408260183635,0.902581240320164,-0.735759366769895,0.461877153504442,0.841297099937705
"AAD021_005271",30.0560952822237,-0.491951331486188,0.680034937486256,-0.723420672038826,0.469421474692728,0.841297099937705
"AAD021_006803",7.38287400257964,0.698226012629516,0.966817121391747,0.722190367940951,0.470177444440516,0.841297099937705
"AAD021_007126",6.08626555656589,0.526764818684518,0.724108393370835,0.727466804013067,0.466940043785899,0.841297099937705
"AAD021_005937",30.3815095521185,-0.364581066805762,0.500042120882304,-0.729100712880893,0.465940058584641,0.841297099937705
"AAD021_004143",5.34396660841999,0.670712162505971,0.929989471721673,0.721204038218082,0.470783987610489,0.841297099937705
"AAD021_004400",5.51647880512977,0.619174480472744,0.841313484680171,0.735961673915313,0.461754022316167,0.841297099937705
"AAD021_002607",4.25772211952868,0.742404013314191,1.02769696476829,0.722395841153014,0.470051143098795,0.841297099937705
"AAD021_002637",4.67500862244592,0.629366797365814,0.871764579414541,0.721945823709061,0.470327786587836,0.841297099937705
"AAD021_000372",5.12278067287707,0.573950785691694,0.794703081680038,0.722220410267362,0.470158976697251,0.841297099937705
"AAD021_000554",9.96277059857909,-0.45231386973511,0.623288042214118,-0.725689952479029,0.468028862665916,0.841297099937705
"AAD021_000688",4.79875192349003,-0.516711954478726,0.716012207964783,-0.721652436551949,0.470508191664004,0.841297099937705
"AAD021_001003",9.27212644392291,0.478591407618953,0.661734606247418,0.723237689400833,0.469533867210663,0.841297099937705
"AAD021_001163",8.8498167991941,0.490447764795517,0.673257346251644,0.728469978866301,0.466325939511838,0.841297099937705
"AAD021_001258",12.1568254515217,0.428828409257379,0.59450602984152,0.721318855877196,0.470713358322205,0.841297099937705
"AAD021_001573",9.92487244981134,0.475282264749633,0.655087863701517,0.725524454176408,0.468130348241788,0.841297099937705
"AAD021_010904",4.46780650335895,0.614905035133509,0.856304783468523,0.718091323328585,0.472700979744383,0.842067075251862
"AAD021_007987",20.3762380797821,-0.452310780551317,0.631274674187608,-0.716503923008473,0.47368024602166,0.842067075251862
"AAD021_008416",5.39743625361726,0.644103082043335,0.899746807722526,0.715871483527365,0.474070708063306,0.842067075251862
"AAD021_004392",3.91791910331585,-0.604741460653848,0.844136966260623,-0.716402058936888,0.47374312396853,0.842067075251862
"AAD021_000557",4.73552988687284,-0.714335353079998,0.997377155405854,-0.716213870759171,0.473859299529533,0.842067075251862
"AAD021_001001",7.58511958198348,0.606886499181295,0.847589265673856,0.716014847945018,0.473982180752374,0.842067075251862
"AAD021_001058",29.4536556600346,0.374595658646768,0.52270037551375,0.716654657610657,0.473587210032712,0.842067075251862
"AAD021_012379",4.39308544274255,-0.788216057472393,1.10625161888146,-0.71251064768553,0.476148620353803,0.842536443902021
"AAD021_010915",7.48704244249864,-0.461607125676301,0.65127216695742,-0.708777603429322,0.478462498293147,0.842536443902021
"AAD021_009689",17.39727682545,0.467721251642992,0.663519102589046,0.7049100015628,0.480866245599119,0.842536443902021
"AAD021_008225",84.1204292598033,-0.367706190473375,0.521615427681333,-0.704937336895671,0.480849233410455,0.842536443902021
"AAD021_008979",4.7116037160129,-0.590543363816737,0.835112129666994,-0.707142601380032,0.479477864047029,0.842536443902021
"AAD021_005024",12.2148030349059,-0.420791177001016,0.593313128269669,-0.709222764424928,0.478186248910668,0.842536443902021
"AAD021_006721",4.91834252329454,-0.575908042081251,0.806943535995756,-0.71369063186136,0.475418500528681,0.842536443902021
"AAD021_007262",7.87819575063325,0.504963728513789,0.714886726875696,0.706354880472682,0.479967472301974,0.842536443902021
"AAD021_006270",5.23020315307353,-0.572775948657096,0.803349772254102,-0.712984516134182,0.475855338579575,0.842536443902021
"AAD021_003666",7.19563924180337,-0.494699320818632,0.694701724600367,-0.712103199546845,0.476400873145103,0.842536443902021
"AAD021_002621",24.5956560744833,0.329437566693564,0.467037231390705,0.705377525711583,0.480575326336211,0.842536443902021
"AAD021_002979",9.01284065295021,-0.479227969373253,0.674291345457402,-0.710713510712748,0.477261785603085,0.842536443902021
"AAD021_000703",13.3553913129471,-0.473262379265288,0.670624114393426,-0.705704386567354,0.480371992490671,0.842536443902021
"AAD021_000820",4.40537578483799,-0.641344101596409,0.906741671304647,-0.707306305525392,0.479376147881859,0.842536443902021
"AAD021_001145",36.9435368283734,0.384745571810673,0.538447952069302,0.714545519826127,0.474889919165662,0.842536443902021
"AAD021_001230",5.56188843585495,-0.621683681728476,0.881375922736624,-0.705355871077329,0.480588798923402,0.842536443902021
"AAD021_004351",5.58267352873126,-0.600959079934671,0.855168513780864,-0.70273761282173,0.48221928292566,0.844190500388941
"AAD021_007873",3.93500237928783,-0.591665203515264,0.843638040940697,-0.701325894284626,0.483099657417272,0.845014993990889
"AAD021_000777",4.86359108738768,0.547393206198813,0.784338024452201,0.697904715994261,0.485236784904937,0.848034482678907
"AAD021_002175",26.5443208941836,-0.419339572787412,0.601933511687725,-0.696654305907725,0.486019161419744,0.848683205727878
"AAD021_008133",6.18178376706409,-0.461037627214373,0.666201204797685,-0.692039617902498,0.48891244949373,0.850748550462231
"AAD021_008379",5.58013159892334,-0.481932553174554,0.695620881023063,-0.69280921019186,0.488429291489917,0.850748550462231
"AAD021_004281",4.82388899751152,-0.670418795006834,0.968224632065081,-0.692420718089902,0.488673158671625,0.850748550462231
"AAD021_002791",7.938790580159,0.530776094192608,0.76507838810432,0.693753872080668,0.487836575080517,0.850748550462231
"AAD021_001120",12.4638975940238,0.405695206793208,0.586704152369557,0.691481737694718,0.489262853390828,0.850748550462231
"AAD021_011044",4.95380998791836,0.53228944279812,0.771877015694947,0.689603955001668,0.490443279545566,0.85179751489991
"AAD021_010274",6.03454256283686,-0.502965428424189,0.731061521514083,-0.687993299637094,0.491457000800599,0.85179751489991
"AAD021_003861",14.6428838123297,-0.477261445326707,0.69379660257319,-0.687898216215839,0.491516879964047,0.85179751489991
"AAD021_003874",6.97300871419482,0.503717431104341,0.731950014098884,0.688185561037903,0.491335935385145,0.85179751489991
"AAD021_006513",6.23695481350972,0.486402676605772,0.708731076342418,0.686300760389926,0.4925234695733,0.852825873489338
"AAD021_009539",4.5837098132906,0.551568391067934,0.806113422776956,0.684231741443845,0.493828841747751,0.853940501243586
"AAD021_009935",8.87139885041866,0.508833644836586,0.744096755734192,0.683827258908723,0.494084251473742,0.853940501243586
"AAD021_008858",18.2315293349136,-0.450729577141714,0.659622817446449,-0.68331410803312,0.494408381291708,0.853940501243586
"AAD021_010384",5.879012690372,0.510423963671543,0.748941052333445,0.681527554246407,0.4955377377745,0.854230036395313
"AAD021_008318",31.825533029593,-0.440538445043941,0.646086689678964,-0.681856555910232,0.495329658439774,0.854230036395313
"AAD021_009098",36.471735308308,-0.409231431022856,0.600852103575983,-0.681085126584906,0.495817627713946,0.854230036395313
"AAD021_010942",82.088570339727,-0.881109096098312,1.32361724388478,-0.6656826965417,0.505613935817719,0.855399314367025
"AAD021_010753",13.2006840569668,-0.401230085411162,0.592181003551579,-0.67754636336661,0.498059364056261,0.855399314367025
"AAD021_009732",22.1375502884892,0.341013205743693,0.511953577779014,0.666101811853911,0.505346026518794,0.855399314367025
"AAD021_007831",5.48157762701291,-0.56774114359042,0.848910818534659,-0.668787735053751,0.503630891642153,0.855399314367025
"AAD021_007852",18.8910135036361,-0.35692807166166,0.529213005135062,-0.674450680913572,0.500024830932549,0.855399314367025
"AAD021_008843",4.92340865600232,-0.520510307268787,0.773789027878804,-0.672677291245221,0.501152617741599,0.855399314367025
"AAD021_008991",4.02983654111578,-0.528853341237512,0.788200137208272,-0.670963269697793,0.502243928743,0.855399314367025
"AAD021_009115",8.57878693065127,-0.423072526517012,0.630356699363942,-0.671163687074178,0.502116258894347,0.855399314367025
"AAD021_004924",33.0498401342191,0.430334842880145,0.64254199433018,0.669738081989098,0.503024770834207,0.855399314367025
"AAD021_004953",7.80364789014097,0.447268738066527,0.67059607833233,0.666971896374366,0.504790084893779,0.855399314367025
"AAD021_007368",7.43482844429755,-0.515783644051881,0.774494240986263,-0.665961884229207,0.505435463544849,0.855399314367025
"AAD021_005820",6.09820573870892,0.498066498440486,0.743837163079318,0.669590769542359,0.503118699840474,0.855399314367025
"AAD021_004222",6.7876238287939,0.477012963207204,0.712975247472895,0.669045615395419,0.50346638029097,0.855399314367025
"AAD021_004580",8.61733275124512,-0.472056204653501,0.709105521416786,-0.665706570314581,0.505598673079274,0.855399314367025
"AAD021_002177",10.3106258105956,-0.462632220443068,0.681516369309687,-0.678827745416697,0.497247011627885,0.855399314367025
"AAD021_002595",54.7117235823593,0.283513785853009,0.421450713895086,0.672709231484623,0.501132293442431,0.855399314367025
"AAD021_003189",7.77673798638304,-0.474590312982215,0.712634210300728,-0.665966222393309,0.50543269061123,0.855399314367025
"AAD021_000367",4.18689701813032,-0.599195930355114,0.882933679405969,-0.678642059229464,0.497364686581863,0.855399314367025
"AAD021_000649",25.291591601714,0.334520822678923,0.498679947997234,0.670812660549926,0.502339881060205,0.855399314367025
"AAD021_000914",7.81668577680837,-0.417407689412344,0.625801069095277,-0.666997405446738,0.504773790704582,0.855399314367025
"AAD021_001167",7.44547513484781,-0.490134622230303,0.73166329713255,-0.669890951413283,0.50292730839901,0.855399314367025
"AAD021_001463",8.97219551885968,0.476763119199859,0.71328772955998,0.668402244202307,0.503876863338771,0.855399314367025
"AAD021_011669",59.4129518809173,-0.345581832237,0.5275077627397,-0.655121794686325,0.512389340803947,0.860319556325781
"AAD021_011210",11.6244101191988,-0.670159545602602,1.02332699824128,-0.654883088938684,0.512543029047584,0.860319556325781
"AAD021_007964",5.87586220275778,0.544254155509254,0.82585024561024,0.659022817274931,0.509881116634925,0.860319556325781
"AAD021_008302",5.54701430000654,0.514467795669043,0.783205802459792,0.656874341396947,0.511261717851601,0.860319556325781
"AAD021_008375",9.69543310469896,0.412564257836056,0.625986267994243,0.659062792476224,0.509855447244906,0.860319556325781
"AAD021_004411",8.30335284894599,-0.452411277620531,0.68901923806203,-0.656601808235435,0.511436985898118,0.860319556325781
"AAD021_002294",4.11734032844622,-0.511998223730952,0.782089598716599,-0.654654178461312,0.512690433275538,0.860319556325781
"AAD021_003080",13.0300955290859,-0.43266854590159,0.655359539525237,-0.660200271464773,0.509125318109025,0.860319556325781
"AAD021_000475",5.19255999572938,0.483335915991861,0.737168273961172,0.655665650658915,0.512039274481233,0.860319556325781
"AAD021_001425",7.49105184165698,0.453770866539206,0.689695166253876,0.657929602441456,0.510583367840346,0.860319556325781
"AAD021_012362",6.73276186585134,-0.446660563801509,0.685664487425261,-0.651427297159233,0.514770694398137,0.861190271000595
"AAD021_010290",6.16629875915663,0.489377624618049,0.751889213989327,0.650864004314598,0.515134279342295,0.861190271000595
"AAD021_007842",7.70143520068126,-0.487439522122377,0.748432681021489,-0.651280381633124,0.514865510145233,0.861190271000595
"AAD021_008578",5.6800813246169,0.551037248626476,0.846199683288605,0.651190563538109,0.514923481052467,0.861190271000595
"AAD021_005251",20.135800299964,-0.54054797960988,0.830827156390521,-0.650614240822674,0.515295535215957,0.861190271000595
"AAD021_008366",11.0801163916603,0.389287292664126,0.602758428454824,0.645842968404551,0.518381057556115,0.861242110143378
"AAD021_009274",10.6368752136932,-0.357012465383846,0.553160281628821,-0.645405097294036,0.518664701021424,0.861242110143378
"AAD021_005254",20.1468609731862,-0.459479496975493,0.708584916593066,-0.648446623990683,0.516696122969966,0.861242110143378
"AAD021_006373",4.76887014234358,0.500795036841024,0.773244744973908,0.647653980316312,0.517208775259412,0.861242110143378
"AAD021_002600",189.973802939986,0.319462728501149,0.494377760875026,0.646191543761423,0.518155315289407,0.861242110143378
"AAD021_002968",18.3870653322799,-0.337500139481632,0.520096063839642,-0.648918849702526,0.516390830245168,0.861242110143378
"AAD021_003192",13.9469132218115,-0.467823284397808,0.722764773873862,-0.647269071914472,0.517457814585117,0.861242110143378
"AAD021_000862",17.8495693192808,0.486749070192122,0.749747323208403,0.649217483177093,0.516197812739694,0.861242110143378
"AAD021_009791",4.11750173002221,0.481225845637297,0.760863160941774,0.632473577826596,0.527077468471173,0.862226011983433
"AAD021_007807",6.79866045355044,-0.508768493368802,0.792176057995608,-0.64224169391853,0.520716265344258,0.862226011983433
"AAD021_008371",6.62694685812013,-0.405893053535175,0.641306351912283,-0.632916003911174,0.526788496209464,0.862226011983433
"AAD021_008533",14.1303451936136,-0.397374467870336,0.624897170792951,-0.635903771761513,0.524839144145498,0.862226011983433
"AAD021_008610",18.2811474715046,0.386464652901596,0.603854300394362,0.639996523415012,0.522174859601413,0.862226011983433
"AAD021_008728",7.51254079081088,-0.622426076435566,0.984392526348967,-0.632294597708999,0.527194392985994,0.862226011983433
"AAD021_007143",45.371190163575,-1.1127135844648,1.74568114983803,-0.637409405817346,0.52385820328466,0.862226011983433
"AAD021_007390",21.0827654642118,-0.38044062023927,0.595597358443881,-0.638754713810767,0.522982512973523,0.862226011983433
"AAD021_006551",47.1409299345283,-0.297657231921565,0.469647825455727,-0.633788161656515,0.526219080077384,0.862226011983433
"AAD021_003764",7.2029101816602,-0.476223781083342,0.753002448750983,-0.632433243574787,0.527103816962488,0.862226011983433
"AAD021_003765",8.42875734504839,-0.494285794671531,0.775502405884274,-0.637374933876468,0.523880651698158,0.862226011983433
"AAD021_003976",8.95168452312176,0.426396751155277,0.667619327068504,0.638682455505853,0.523029528373133,0.862226011983433
"AAD021_004094",4.73098110381182,0.587602707366481,0.929036014588964,0.632486467843182,0.5270690481644,0.862226011983433
"AAD021_002611",11.8322472045314,-0.346809442086511,0.546121769792578,-0.63504050061625,0.525402000831646,0.862226011983433
"AAD021_003186",4.04991457122589,0.487905142686285,0.771183816070555,0.632670360190296,0.526948929342194,0.862226011983433
"AAD021_000236",7.41897365023748,0.491911861964552,0.77788900635938,0.632367674492229,0.527146651629829,0.862226011983433
"AAD021_000731",11.098853352641,-0.408903487458472,0.637060148767995,-0.64186009476381,0.520964026374232,0.862226011983433
"AAD021_000879",4.88388984286771,-0.460391587234273,0.725984334469599,-0.634161875642444,0.525975185214385,0.862226011983433
"rRNA_CM148777.1_36500",287.144153071918,0.49587413172787,0.773535158421716,0.641049248155221,0.521490686533304,0.862226011983433
"AAD021_009663",11.4756639246879,0.453530458926702,0.72105115744528,0.628985134055651,0.52935878866474,0.863712679686975
"AAD021_003581",5.82264849232109,-0.430321487690231,0.683914580515275,-0.629203558383004,0.529215799561737,0.863712679686975
"AAD021_004277",8.92519507299838,0.399987578350604,0.635014713951513,0.629887102712309,0.528768451709729,0.863712679686975
"AAD021_009134",5.21175959755026,0.458978460908702,0.733002170611032,0.626162485339022,0.531208370739726,0.865192822914434
"AAD021_002898",5.59135191609523,-0.472761215463756,0.755593359896538,-0.625682067307328,0.531523497798209,0.865192822914434
"AAD021_000582",8.46845504079683,-0.406110125899678,0.64884135148034,-0.625900499364186,0.531380206974883,0.865192822914434
"AAD021_010952",10.322495387276,-0.390285335955895,0.624825003211491,-0.624631431120548,0.532212985796465,0.865632468624038
"AAD021_002598",29.4594975654932,0.325169747606163,0.521484705896272,0.623546086643704,0.532925726677515,0.866109212490071
"AAD021_004382",10.4167305434299,0.439758386061022,0.706356955270092,0.62257245827341,0.5335655146801,0.86638940639807
"AAD021_001460",8.79640833433655,-0.447701303931781,0.720508929023745,-0.621368155060056,0.53435741974067,0.86638940639807
"AAD021_001730",4.49088989004165,-0.555320893435118,0.89284004965657,-0.621971307905286,0.533960734687132,0.86638940639807
"AAD021_006404",16.3968167712642,-0.391942237974651,0.631743445394028,-0.620413620168533,0.534985507608826,0.866726913425917
"AAD021_006490",22.0992955697934,0.35974440567518,0.581726586982865,0.618408052382478,0.536306391144306,0.866741071774266
"AAD021_003425",12.2001838003298,0.456770059582192,0.738398753658143,0.618595382669975,0.536182944410065,0.866741071774266
"AAD021_000579",7.99102895442336,0.432708912191126,0.698824851016384,0.619195083806459,0.535787850134591,0.866741071774266
"AAD021_000750",5.19413821749192,0.460960990518983,0.746072210657646,0.617850368817057,0.536673977581159,0.866741071774266
"AAD021_009558",6.80190392274067,0.420611678961498,0.682034585015499,0.616701393451976,0.537431701952943,0.867286186732505
"AAD021_007555",26.2340228348559,-0.46040751597823,0.747349237231804,-0.616054038783244,0.537858854930621,0.867297403575627
"AAD021_002340",11.6915792199773,0.459925106789873,0.748169630426591,0.614733728937425,0.53873058123699,0.867347831258305
"AAD021_002377",5.08641361079781,0.527392581410497,0.857042530971835,0.615363371538243,0.538314775307553,0.867347831258305
"AAD021_012473",4.83122871906166,0.502204133128915,0.830212127250962,0.604910620604685,0.545238385956357,0.87171590649955
"AAD021_010112",36.367286200509,-0.386912726121008,0.638653253046842,-0.605825969374072,0.544630323013935,0.87171590649955
"AAD021_007151",9.56273836347968,-0.430297743929063,0.709547714681803,-0.606439475493245,0.544222961742251,0.87171590649955
"AAD021_004415",6.9868162197024,-0.494938973615812,0.813168968845998,-0.6086545263996,0.54275345436812,0.87171590649955
"AAD021_002227",14.6334508785395,0.410198651866908,0.678125276447655,0.604900991179278,0.545244784540174,0.87171590649955
"AAD021_002521",5.22988144167165,-0.526078606613511,0.865298690484156,-0.607973422817914,0.543205101000018,0.87171590649955
"AAD021_002538",5.83090920567217,-0.432208575492995,0.709435307794152,-0.609229017423536,0.542372649125218,0.87171590649955
"AAD021_003010",6.38222185305421,-0.486646471723859,0.803387502746719,-0.605743143949903,0.544685329783028,0.87171590649955
"AAD021_001394",4.09614845873427,0.511330479328356,0.839614473353084,0.609006270802249,0.542520282409782,0.87171590649955
"AAD021_003641",4.80079491404089,0.42260485796343,0.700773360671186,0.603054969953007,0.546472121183691,0.873001902572089
"AAD021_001444",6.94269149215533,0.402086746888759,0.667529154879431,0.602350839584503,0.54694062617716,0.873074595846604
"AAD021_003438",5.90211721019513,-0.459094464450188,0.765245677457998,-0.599930816956997,0.548552343441133,0.87497066218122
"AAD021_002469",5.29268268947201,-0.489185083098541,0.816930436515274,-0.59880873723499,0.549300435232318,0.875487334609655
"AAD021_000445",11.1758546298912,-0.385807421815397,0.64514434750518,-0.598017208563234,0.54982845075948,0.875652717876209
"AAD021_003519",8.07344086631749,0.43457464886791,0.727744902149438,0.597152446666913,0.550405604696139,0.875896043248134
"AAD021_003725",4.32913241956285,0.457205938898267,0.766988980277441,0.596104964549664,0.551105107842105,0.87633354590609
"AAD021_011830",4.60302180301533,0.564414762635011,0.954632534156128,0.591237719688592,0.554361152673805,0.880364226121667
"AAD021_008081",20.8534833867508,-0.936503024716525,1.58791701691735,-0.589768240241277,0.55534603798954,0.880364226121667
"AAD021_003193",23.5837317186153,0.271809202024403,0.460434141602151,0.59033242208886,0.554967806820735,0.880364226121667
"AAD021_001619",5.46513615214781,-0.508925514413401,0.86191165219199,-0.590461346147387,0.554881392972459,0.880364226121667
"AAD021_000197",9.07629582833118,0.526953125200172,0.897891893101922,0.586878141175462,0.557285551379687,0.882760842707347
"AAD021_008875",5.21168660475945,0.444584050286117,0.759962657287664,0.585007757977023,0.558542500322356,0.884073405418208
"AAD021_003231",5.47366620346657,-0.673333743808711,1.15693690928073,-0.581996942449805,0.560568740371802,0.886600674427126
"AAD021_012615",6.45956255517006,-0.407342927161129,0.706917253779185,-0.576224338822502,0.56446355611209,0.886718647233983
"AAD021_010133",4.05238657833184,-0.506104363803143,0.875298846677357,-0.578207506755345,0.563124031264772,0.886718647233983
"AAD021_008219",4.37293616379174,0.488888619601511,0.84476571047253,0.578726874849176,0.56277347915682,0.886718647233983
"AAD021_008538",17.1077710125664,0.433116563945126,0.746075434294691,0.580526504474144,0.561559618521787,0.886718647233983
"AAD021_004969",43.7894410740251,-0.335640028019906,0.582550748155104,-0.576155861241023,0.56450983646582,0.886718647233983
"AAD021_005158",4.23220636328493,0.437157420373937,0.758091401891005,0.576655294181519,0.564172338230634,0.886718647233983
"AAD021_003816",20.0810663082737,0.30589696669959,0.528560119201358,0.578736373757811,0.562767068764892,0.886718647233983
"AAD021_003965",10.6656924778054,0.3832307250151,0.660851817247938,0.579904170667234,0.561979243051059,0.886718647233983
"AAD021_001522",19.8167463112797,-0.363546295011524,0.629661023191987,-0.577368268991102,0.563690704743437,0.886718647233983
"AAD021_008830",4.37985027099185,-0.502562719932991,0.875198044653797,-0.574227425441507,0.565813912849359,0.887416349636077
"AAD021_002224",123.071997690841,-0.298788356112981,0.519852942451604,-0.574755535101732,0.565456642648348,0.887416349636077
"AAD021_009213",61.171721096005,0.288021954703574,0.50463552117391,0.570752439371612,0.568167466595076,0.888473385994282
"AAD021_006402",8.67839852175109,0.374106480956096,0.656263480278442,0.57005530887894,0.568640185512813,0.888473385994282
"AAD021_002494",8.46385867224318,0.423027512777048,0.741033413137685,0.570861590418527,0.568093469118124,0.888473385994282
"AAD021_002529",5.26540320353174,-0.394857398013455,0.689718671589302,-0.572490515739692,0.566989709371561,0.888473385994282
"AAD021_002713",7.77127477705086,-0.394352430884591,0.69134776716577,-0.570411086306487,0.568398912041528,0.888473385994282
"AAD021_006560",15.555236115112,0.425813252780804,0.749693200159343,0.5679833466414,0.570046275969933,0.889996606355478
"AAD021_012360",4.31148929595102,-0.520426625845193,0.920569817977364,-0.56533096749647,0.571848669119293,0.890094939872859
"AAD021_010905",17.5905839231996,0.361342414564131,0.640631866623193,0.564040650161203,0.57272646758748,0.890094939872859
"AAD021_011249",5.76136327874449,-0.416325255820552,0.757011156530133,-0.549959207640793,0.582347352868396,0.890094939872859
"AAD021_010354",5.01173378472949,0.432338941072996,0.785767237183388,0.550212481017573,0.582173643974698,0.890094939872859
"AAD021_010461",739.703170426532,0.464737585407291,0.832003548838649,0.558576446045205,0.576450818668635,0.890094939872859
"AAD021_010538",5.28362769914978,0.430104543969059,0.782317580952352,0.549782536454662,0.582468538068874,0.890094939872859
"AAD021_010664",15.3845517664125,-0.351356605009665,0.63726224283569,-0.551353244225169,0.581391545603945,0.890094939872859
"AAD021_007558",14.8033284395355,-0.392771518201904,0.717150420451336,-0.547683591895149,0.58390918051737,0.890094939872859
"AAD021_007868",6.2391289855816,-0.472016975123334,0.845053792105429,-0.558564412742669,0.576459033048023,0.890094939872859
"AAD021_007960",17.2723609214234,0.470558188672416,0.831408463200269,0.565977145410737,0.571409316969664,0.890094939872859
"AAD021_008005",9.97121836220854,0.361530261020973,0.645026918781222,0.560488640852516,0.575146185498969,0.890094939872859
"AAD021_008065",8.75840957822144,-0.345097408881746,0.627114942116378,-0.550293711256689,0.582117936908924,0.890094939872859
"AAD021_009050",53.0463546061335,-0.253708783288825,0.451973682760406,-0.561335301071762,0.574568980802474,0.890094939872859
"AAD021_007429",7.62018437427512,0.456187424798718,0.820924715221097,0.555699464689469,0.578416322593919,0.890094939872859
"AAD021_005872",4.42117579224655,0.483691633344855,0.868524143130135,0.556912133267413,0.577587464319726,0.890094939872859
"AAD021_006433",4.67228971435307,-0.482149865955589,0.873296976692147,-0.55210298309043,0.580877798236494,0.890094939872859
"AAD021_003792",7.53415944687119,0.397518620730323,0.714830713558419,0.556101763942794,0.578141289311001,0.890094939872859
"AAD021_004020",7.61485821636011,0.842745371193587,1.53640028879592,0.548519404311001,0.583335309188283,0.890094939872859
"AAD021_004140",6.77533211305885,-0.393932839146481,0.71070392291077,-0.554285443554446,0.57938351076674,0.890094939872859
"AAD021_004174",11.4167731269603,-0.409438731639094,0.731271357497386,-0.559899861304984,0.575547743373562,0.890094939872859
"AAD021_004224",5.20336128895879,0.485659283842966,0.88479777925494,0.548892973320891,0.583078900616595,0.890094939872859
"AAD021_004371",79.5274717605365,-0.205771211010965,0.366739725819344,-0.561082414923132,0.574741355457775,0.890094939872859
"AAD021_002374",10.4250566055556,-0.333743522107693,0.603169140637987,-0.553316639764899,0.580046608856228,0.890094939872859
"AAD021_002626",12.6710158358002,-0.383923854356395,0.691023726994183,-0.555587079515183,0.578493166098945,0.890094939872859
"AAD021_002674",38.9207441277216,0.280138718018567,0.508732768520376,0.550659865754936,0.581866861917076,0.890094939872859
"AAD021_002897",4.77633489805116,-0.490268783786562,0.869599866825885,-0.563786636233152,0.57289934771458,0.890094939872859
"AAD021_000707",10.8141595993429,-0.438671808326211,0.800493403856576,-0.548001777669622,0.583690682214039,0.890094939872859
"AAD021_000774",8.18612926296291,0.357773577464723,0.634744793021358,0.563649487791363,0.572992700291642,0.890094939872859
"AAD021_000890",4.6085534293001,0.421577362693532,0.756885579266031,0.556989555940998,0.577534564961678,0.890094939872859
"AAD021_000934",6.32770078515664,0.474745613289209,0.843643555917345,0.562732459649963,0.573617077538099,0.890094939872859
"AAD021_001041",13.59891669747,-0.372356171597704,0.667783712518505,-0.557599960312578,0.577117583587439,0.890094939872859
"AAD021_012704",44.7071430041105,-0.398583422277945,0.713277383882794,-0.558805636186329,0.576294375504468,0.890094939872859
"AAD021_007841",5.84684850753719,-0.418756337419066,0.768126330389774,-0.545165971861133,0.585639372656297,0.891973952818319
"AAD021_007133",4.76574871998919,-0.437865278851368,0.803964322059833,-0.544632724160589,0.586006143421338,0.891973952818319
"AAD021_008126",7.13102189544371,0.447185924900756,0.827545965623232,0.540375934965711,0.588937800463975,0.89374843850676
"AAD021_008822",4.63638779887353,-0.498620035346387,0.926618537204632,-0.538107123186413,0.590503095035829,0.89374843850676
"AAD021_009221",8.15688255441169,-0.391242699652515,0.721921804766136,-0.541946090379216,0.587855644236322,0.89374843850676
"AAD021_006896",5.51863929967356,-0.402460313580936,0.743889150677864,-0.541021889100273,0.588492495446253,0.89374843850676
"AAD021_005860",4.62958958257428,0.473911923019026,0.882045458392147,0.537287413602135,0.591069098140372,0.89374843850676
"AAD021_004241",4.57325069493122,0.445396454091605,0.828590376091969,0.537535152402214,0.590898010119222,0.89374843850676
"AAD021_004334",6.24176198774693,-0.398739405492961,0.737278175428781,-0.540826269896115,0.588627334132853,0.89374843850676
"AAD021_004576",9.52314728593204,0.396846856160291,0.737783450690445,0.53789069921385,0.590652509868822,0.89374843850676
"AAD021_002759",5.50373809022664,0.49789594200584,0.923464052239017,0.539161151751006,0.589775663360663,0.89374843850676
"AAD021_012017",14.7773191417993,-0.325990007602029,0.608890248712319,-0.535383853315819,0.592384453088296,0.895081633363282
"AAD021_007961",3.94503410605266,0.434104190049762,0.816458518927885,0.53169166587887,0.594939565078135,0.896463584607353
"AAD021_008067",5.53287919929262,0.392114159165514,0.738176951907396,0.531192633625744,0.595285297106269,0.896463584607353
"AAD021_007178",34.4414876109715,-0.256110013173934,0.481094278032338,-0.532348907206746,0.594484364974369,0.896463584607353
"AAD021_002643",7.33328388645471,-0.397210483408568,0.746612416035502,-0.532016980802098,0.594714234661972,0.896463584607353
"AAD021_001392",4.4106465939057,-0.491182368905566,0.925144475379011,-0.530925041415114,0.59547072407785,0.896463584607353
"AAD021_001359",8.79261662969281,-0.430495718422459,0.813199146768733,-0.529385354292419,0.59653815583691,0.897416001200716
"AAD021_007556",6.92811163197423,-0.436696273282319,0.826702250760802,-0.528238882717972,0.597333545222728,0.89795807526563
"AAD021_012260",12.6170806101541,-0.325754547526399,0.620827371559583,-0.524710350170402,0.599784561111529,0.90098641494483
"AAD021_007014",6.40182147677625,-0.450165473561397,0.86291140853977,-0.521682143852025,0.601891659191918,0.903494097870632
"AAD021_007687",7.14469793613991,-0.369866319971668,0.710770564447023,-0.520373716178613,0.602803125827395,0.904204688741093
"AAD021_007406",15.1172622691514,-0.365089092718056,0.703828051633279,-0.518719155723963,0.603956601492416,0.90527699744397
"AAD021_003508",4.72431976116772,-0.411126864259514,0.793577432099221,-0.518067736845761,0.604411009561647,0.905300670344876
"AAD021_008788",6.34365302776512,0.385134127387782,0.748648507009593,0.514439184452747,0.606944969332658,0.907639804924388
"AAD021_006164",13.5650798881399,0.347369806617837,0.675004075599268,0.514618828500321,0.606819405283949,0.907639804924388
"AAD021_002693",7.7911576792515,0.30382099364043,0.591157148635802,0.513942856551002,0.607291943120436,0.907639804924388
"AAD021_012370",4.2827632294424,0.461741476678199,0.908889972612184,0.508027913820126,0.611433767464731,0.90825100769009
"AAD021_012352",16.3999755981332,0.31299370294734,0.61578913850475,0.508280648969136,0.611256538876715,0.90825100769009
"AAD021_010040",4.04272851775821,0.502226168439703,0.984266671196804,0.510254164990702,0.609873409473016,0.90825100769009
"AAD021_008475",7.24825625715434,0.388783516102264,0.764986009177543,0.50822304125569,0.611296933841814,0.90825100769009
"AAD021_009116",6.22439335759696,0.373010919551085,0.73470227191667,0.507703506316899,0.611661289093617,0.90825100769009
"AAD021_004240",16.6993372839204,0.383450410078481,0.748239705842439,0.512470010725716,0.608322103629211,0.90825100769009
"AAD021_004445",60.9966109279467,0.306689192276232,0.599941549971809,0.511198453067042,0.609212101782679,0.90825100769009
"AAD021_003431",15.5681872942111,-0.347564575071915,0.682199888735604,-0.509476153266595,0.610418509319289,0.90825100769009
"AAD021_000536",62.8343832201905,0.281214830126459,0.551995053650491,0.509451721110017,0.61043563076911,0.90825100769009
"AAD021_000386",4.072538102569,-0.398159442954976,0.786136637471567,-0.506476131471963,0.61252244146039,0.908586255657131
"AAD021_001000",9.41131589488042,-0.364145285244883,0.719474088540348,-0.506127032293341,0.612767474745507,0.908586255657131
"AAD021_002819",36.5855816975197,-0.26199111259284,0.518341817058165,-0.505440819109992,0.613249255086143,0.908647855346589
"AAD021_010935",5.72161013599337,0.399130387871057,0.792336711422525,0.503738350270905,0.614445255125803,0.908686000859877
"AAD021_009108",4.89068395653172,0.392767537259632,0.779884040952189,0.503622996029112,0.614526329691378,0.908686000859877
"AAD021_002818",45.1582733035656,-0.253328861126027,0.503111581668689,-0.503524208856019,0.614595764147475,0.908686000859877
"AAD021_009057",4.09688931859915,-0.459243489395856,0.916882410357915,-0.500875013205439,0.616459088669801,0.909486461053945
"AAD021_003696",3.94971536471048,-0.450670211389131,0.89859224917659,-0.501529154966666,0.615998764500245,0.909486461053945
"AAD021_000391",4.47192855394787,0.406056283098304,0.809978851920932,0.501317141966495,0.616147943011865,0.909486461053945
"AAD021_006786",4.79183872137629,-0.360909282223664,0.722024385148111,-0.499857469702536,0.617175440979304,0.909892935843773
"AAD021_008288",40.4032526661912,-0.286153635505316,0.575170460621834,-0.49751100777315,0.618828742353415,0.910457214751888
"AAD021_009320",4.15083006023808,0.390215025235026,0.790555539783507,0.493595965872159,0.621591550393793,0.910457214751888
"AAD021_005821",9.4599306465083,-0.970258705870074,1.96563269850347,-0.493611398817683,0.621580648997364,0.910457214751888
"AAD021_006307",4.35642635919176,-0.421027539856533,0.848840432547169,-0.496003163507573,0.619892178982788,0.910457214751888
"AAD021_006457",6.18779550784539,0.515488878116582,1.04408826898995,0.493721549630345,0.621502843988991,0.910457214751888
"AAD021_003738",24.3802554687289,0.43117763134922,0.876270635047535,0.492059888924419,0.622677006876132,0.910457214751888
"AAD021_003902",30.4558392997615,0.22819501980213,0.463987366955167,0.491813001934983,0.622851544200419,0.910457214751888
"AAD021_002367",6.7638670682757,-0.314705774556595,0.639372271370008,-0.492210545637617,0.622570510182736,0.910457214751888
"AAD021_002623",6.5145999695741,-0.343393585201246,0.695936263457663,-0.493426773732328,0.621711068383507,0.910457214751888
"AAD021_000474",14.2267639419028,-0.306356843423982,0.621919966378847,-0.492598501391998,0.622296307148393,0.910457214751888
"AAD021_000699",4.60499468880713,0.471452750042681,0.953729945537994,0.49432520416116,0.621076527862142,0.910457214751888
"AAD021_001294",4.44859228834471,-0.429908759124266,0.870852109099342,-0.493664486348765,0.621543150100363,0.910457214751888
"AAD021_011125",8.25201831324988,-0.536355604771008,1.09477228886904,-0.489924352510872,0.62418742986175,0.910712295074602
"AAD021_008113",38.8933097917334,-0.303944611482704,0.620681496764992,-0.4896949773223,0.624349756555505,0.910712295074602
"AAD021_000751",20.0326520572936,0.321870195590436,0.656430586794874,0.490333939437555,0.623897614363345,0.910712295074602
"AAD021_008187",4.32955010777385,0.369607309843835,0.757425173274161,0.487978645132844,0.625564967168585,0.911224421284734
"AAD021_003626",6.53806442492087,-0.363006337165156,0.743938575264329,-0.487952028883804,0.625583820232785,0.911224421284734
"AAD021_009172",6.98357844888603,-0.32572903493888,0.671931035844611,-0.484765574981131,0.627842644746915,0.913869688827668
"AAD021_008427",7.78923745282956,-0.574849355614222,1.18850769383128,-0.483673230386194,0.628617794363192,0.914353155437371
"AAD021_010737",3.954443727829,-0.451974661052966,0.935777873942383,-0.482993532587835,0.629100328341172,0.914410618095901
"AAD021_000726",11.6943651275172,0.280771096130875,0.583367318530479,0.481293838739795,0.630307675393288,0.914876963440047
"AAD021_000922",10.2295934813661,0.28644521104384,0.594688382034148,0.48167278813157,0.630038409802887,0.914876963440047
"AAD021_012142",6.1027029277726,0.443500489678021,0.936748988946553,0.473446456746937,0.635894692371121,0.915371977652868
"AAD021_011663",6.68532442873583,0.392888997401325,0.833911809761488,0.471139744997372,0.637540944247588,0.915371977652868
"AAD021_011028",7.84569263863412,-0.303886586156944,0.638288550495756,-0.47609593799061,0.634006030753118,0.915371977652868
"AAD021_007799",6.75094404078055,-0.338712570211439,0.721082977844385,-0.469727591162934,0.638549652693046,0.915371977652868
"AAD021_008317",38.8481181972934,-0.275641737355416,0.579870683028464,-0.475350359007346,0.63453727051469,0.915371977652868
"AAD021_008358",22.1173328361817,-0.265565957691616,0.554224694353189,-0.479166591451769,0.63182011920873,0.915371977652868
"AAD021_008669",4.09026346272084,-0.470546330101952,0.98362052004282,-0.478381978124519,0.632378358238472,0.915371977652868
"AAD021_008853",4.76303639352482,-0.492538775926183,1.02904517001336,-0.478636691837141,0.632197110779839,0.915371977652868
"AAD021_005163",34.9243671312054,0.232194432650563,0.494437943739886,0.469612891952151,0.638631612315955,0.915371977652868
"AAD021_007124",4.67406893190724,-0.391705062570731,0.822324585983175,-0.476338746581931,0.633833065519973,0.915371977652868
"AAD021_004343",7.23646054498816,0.323330477728288,0.678459065649039,0.476565933154683,0.633671246780623,0.915371977652868
"AAD021_004427",4.0684807762549,-0.380192480484637,0.802774942325279,-0.473597842233826,0.635786714478242,0.915371977652868
"AAD021_002051",7.34648196088394,0.326950485915456,0.685356824115066,0.477051478020394,0.633325465283724,0.915371977652868
"AAD021_002392",9.59131012895913,0.318092420464625,0.675738606553783,0.470732939304553,0.637831458832431,0.915371977652868
"AAD021_002711",118.931906789055,-0.236728325873031,0.501204622579661,-0.47231872015587,0.636699310283084,0.915371977652868
"AAD021_003082",14.8448456237356,-0.285208595631734,0.604313601452255,-0.471954619168484,0.63695918077338,0.915371977652868
"AAD021_000455",8.47783064755526,0.369867944335606,0.786768177770786,0.470110452844677,0.638276106506815,0.915371977652868
"AAD021_000661",22.9548857850714,0.258962898618431,0.551260280488329,0.469765204902902,0.638522776329644,0.915371977652868
"AAD021_004097",6.00785439877819,-0.363918222147654,0.777656497147433,-0.46796782831824,0.639807596529107,0.915785630538195
"AAD021_002536",6.77818218447736,-0.310714508355803,0.663419087313083,-0.468353284217717,0.639531969591094,0.915785630538195
"AAD021_012256",19.6069938201193,-0.247182314159567,0.530704406347647,-0.465762694266469,0.641385370862663,0.916177103628077
"AAD021_003960",7.56134421864875,0.390202143472206,0.835978173319887,0.466761161864564,0.640670765661625,0.916177103628077
"AAD021_001335",4.79592148109099,0.357250809986312,0.767086225417432,0.465724449414932,0.641412749390781,0.916177103628077
"AAD021_006727",3.94152138112344,-0.384218598267387,0.830199040279315,-0.462802990157781,0.643505587736245,0.917262108485918
"AAD021_002532",18.7906927178685,-0.248911967946969,0.536752549488257,-0.463736908533147,0.642836250423342,0.917262108485918
"AAD021_000983",4.97155340889671,-0.361175914771534,0.779532460944727,-0.463323765034518,0.643132313770511,0.917262108485918
"AAD021_003990",9.70108289462696,-0.311803052040052,0.681079033473803,-0.457807444827246,0.64709078666842,0.92117806559927
"AAD021_002927",10.9907638259963,0.248266134277159,0.542383911916365,0.457731375917804,0.64714544337158,0.92117806559927
"AAD021_004914",4.12951078727267,-0.398598907797015,0.875968630927922,-0.45503787889616,0.649081988069172,0.921392863393927
"AAD021_006262",104.934107384797,0.215834168342243,0.473373990019451,0.455948516168737,0.648427000506332,0.921392863393927
"AAD021_004713",9.56020335790175,-0.362365864226658,0.79577228991164,-0.45536376275039,0.648847560704886,0.921392863393927
"AAD021_002240",9.74580609619517,-0.306854922158568,0.673477813318636,-0.455627366024883,0.648657960861228,0.921392863393927
"AAD021_008156",5.47185334068422,-0.343654313246158,0.767797975672233,-0.447584291877401,0.654453241805177,0.921569812893846
"AAD021_008306",18.3539254454511,-0.261329341678068,0.584875924587215,-0.446811589761547,0.655011102478329,0.921569812893846
"AAD021_005127",6.58822893691609,-0.417956686706522,0.923999867650466,-0.452334141312483,0.651028283941705,0.921569812893846
"AAD021_005932",4.64256811840674,0.340835255494929,0.753101604302388,0.452575394273195,0.650854520125414,0.921569812893846
"AAD021_006356",6.07401471530448,-0.357912644267143,0.799345514006294,-0.447757118787465,0.654328493931485,0.921569812893846
"AAD021_003973",41.6648327142222,-0.306392212435055,0.68099858218881,-0.449916079781363,0.652770952721384,0.921569812893846
"AAD021_004575",10.1081851601705,0.298048487447782,0.6563948974761,0.454068867070428,0.649779260396336,0.921569812893846
"AAD021_004617",25.9072829979884,-0.319678555356524,0.711739571271794,-0.449151021328343,0.653322716855361,0.921569812893846
"AAD021_002782",9.42354952361567,-0.330719724986335,0.739502318615468,-0.447219321239621,0.654716712292877,0.921569812893846
"AAD021_002874",5.41766719907596,-0.340120674785859,0.757139270558941,-0.449218113511366,0.653274322034589,0.921569812893846
"AAD021_000620",57.312872958495,-0.222940649505509,0.497960259434776,-0.447707714182984,0.654364153592874,0.921569812893846
"AAD021_000799",4.62105658584036,0.434054323111386,0.957617734218489,0.453264708454483,0.650358142237076,0.921569812893846
"AAD021_001437",13.3936961684624,-0.265498288261194,0.589787078102017,-0.450159554386287,0.652595397389927,0.921569812893846
"AAD021_009212",5.0531118771284,0.34275238984683,0.769168244119944,0.445614327511656,0.655875859327468,0.922157883959056
"AAD021_004151",5.31074784623509,0.331601274646656,0.745406128303944,0.44485987176033,0.656421023629598,0.922296114888693
"AAD021_002655",16.4921773386227,0.273877311646919,0.618198667750208,0.443024752291415,0.65774783119697,0.923188638159738
"AAD021_000502",6.17921090569535,0.34277996264229,0.774216839284397,0.442744132198311,0.657950817215588,0.923188638159738
"AAD021_009847",77.1644997623191,-0.258588430141243,0.5891289339868,-0.438933508818355,0.660709715753503,0.923929896877966
"AAD021_004599",5.79653036218061,-0.338694270317742,0.771648440386672,-0.438923028404,0.660717309976685,0.923929896877966
"AAD021_003132",27.3072273638372,-0.248855869229557,0.564201402404473,-0.441076303903183,0.659157757651162,0.923929896877966
"AAD021_003250",6.59349720378898,0.321919399351041,0.732930292971168,0.439222395960791,0.660500398717422,0.923929896877966
"AAD021_000687",4.06970201743848,-0.386530174766793,0.87925604372129,-0.439610483802733,0.660219246295447,0.923929896877966
"AAD021_001299",6.59112775464427,-0.307922611985725,0.706670552753636,-0.435737149065945,0.663027449310294,0.926532603504704
"AAD021_006431",4.36585235558663,0.373572205123788,0.859280651210736,0.434749932513226,0.663743950254372,0.926774173105447
"AAD021_000805",6.42357147112574,0.311209450399647,0.716640201157392,0.434261781430955,0.664098353693293,0.926774173105447
"AAD021_011727",5.93614393326435,-0.337844188225041,0.784900028155885,-0.430429578425169,0.666883183028528,0.927450359797795
"AAD021_010478",33.8428436909303,0.253492971032056,0.598564706825255,0.423501366087161,0.671929502069561,0.927450359797795
"AAD021_007802",6.47999098720731,0.327856212847056,0.771104027477255,0.425177668854448,0.67070716192491,0.927450359797795
"AAD021_008472",8.45059346410045,0.29286998976582,0.678555523649973,0.431607996042037,0.666026345929577,0.927450359797795
"AAD021_008515",4.23332504701307,-0.350092668869473,0.819810848503754,-0.427040785698836,0.669349621162062,0.927450359797795
"AAD021_009392",8.99894194601358,0.327125513314781,0.772519288498527,0.423452874491437,0.671964874499819,0.927450359797795
"AAD021_007108",5.35779520816445,-0.271675650257189,0.643061980188025,-0.422471952357927,0.672680568781337,0.927450359797795
"AAD021_007204",10.9764724411496,-0.293981904552698,0.686360305176381,-0.428320085435522,0.668418097640825,0.927450359797795
"AAD021_007271",3.9897811366273,0.352176760148143,0.815046542499481,0.432094048357204,0.665673060169125,0.927450359797795
"AAD021_003709",17.2590283786438,-0.227032954069789,0.536912124546072,-0.422849370856977,0.672405163910136,0.927450359797795
"AAD021_004401",4.93655052206008,0.38274195597927,0.900966367583954,0.424812700839918,0.670973218216138,0.927450359797795
"AAD021_002214",5.41356953142741,0.316617742782476,0.750511566722732,0.421869238025278,0.673120464620687,0.927450359797795
"AAD021_002239",3.93310090865726,-0.346875169775538,0.812362130658873,-0.42699574079629,0.669382429942484,0.927450359797795
"AAD021_002676",19.3634588502225,0.48384490708303,1.12431016497378,0.430348245667881,0.666942336790764,0.927450359797795
"AAD021_003021",8.04435447099348,-0.271917652660341,0.640872641905377,-0.424292807775197,0.671352283810836,0.927450359797795
"AAD021_000507",4.50815578119125,-0.329804048127378,0.769893690274754,-0.428376089184053,0.668377330098569,0.927450359797795
"AAD021_000581",11.3009237242631,-0.300508623524969,0.711887387220219,-0.422129439177728,0.672930541014366,0.927450359797795
"AAD021_001049",4.96401704179583,0.307928946191948,0.729044204240475,0.422373491759325,0.672752423380632,0.927450359797795
"AAD021_012698",453.992615936168,0.291943168247335,0.680678163082153,0.428900446762385,0.667995675079701,0.927450359797795
"AAD021_012368",4.61042385175878,-0.331215782151716,0.816839647483094,-0.405484458513103,0.685121440067401,0.927553970323724
"AAD021_012014",7.14854108412397,-0.287019466811473,0.771857218765881,-0.371855648730456,0.710000328104332,0.927553970323724
"AAD021_011686",11.9789626904178,0.259684475000851,0.629732000809715,0.412373001001929,0.680066049210319,0.927553970323724
"AAD021_011688",6.75330159957105,0.284598226672707,0.799615277043675,0.355918946077318,0.721901266760393,0.927553970323724
"AAD021_010919",3.98283942538066,-0.382226551188347,0.960580867239772,-0.397911892922326,0.69069513310408,0.927553970323724
"AAD021_011004",10.4683647337482,-0.237488707426768,0.687472181524008,-0.345452098003873,0.729754516394184,0.927553970323724
"AAD021_011024",5.33037254614103,-0.311757806190886,0.839694743829417,-0.371275166936402,0.710432592162481,0.927553970323724
"AAD021_011038",13.5625849590093,-0.216449089523748,0.600114595315172,-0.360679595553032,0.718338979797411,0.927553970323724
"AAD021_011047",15.980381911976,0.214533027298943,0.596966449557568,0.359372000650858,0.719316817857827,0.927553970323724
"AAD021_011198",4.14604318964231,-0.389161249186523,0.939868452633912,-0.41405927403556,0.678830697705245,0.927553970323724
"AAD021_010405",6.20713024314093,0.26278679635209,0.735500911211743,0.357289559191908,0.720875045423793,0.927553970323724
"AAD021_010408",5.06402686313199,0.302139190541125,0.800916422898942,0.377241846842799,0.705993884354343,0.927553970323724
"AAD021_010412",37.4960021064125,0.160050340044839,0.459436175862939,0.348362511385229,0.727567952913617,0.927553970323724
"AAD021_010426",4.30922526526303,0.270236058902436,0.716719372085137,0.377045841688699,0.706139537905079,0.927553970323724
"AAD021_010760",13.0037831520823,-0.349555069266119,0.894488924089156,-0.39078747634809,0.69595433278342,0.927553970323724
"AAD021_009690",7.52983284274362,0.267662173700364,0.686414906368401,0.389942250987057,0.696579250226524,0.927553970323724
"AAD021_009693",4.38938533310459,0.339529934191395,0.845004814359117,0.401808283718369,0.687825125272487,0.927553970323724
"AAD021_009789",6.53581228852178,0.296010473919513,0.722228293062679,0.409857211027073,0.681910695364146,0.927553970323724
"AAD021_007560",7.54069564850798,0.468317575041743,1.11640836655447,0.419485905938789,0.674861052969655,0.927553970323724
"AAD021_007647",14.2699552037535,0.266929625871251,0.647194531457034,0.412441102168015,0.680016142114409,0.927553970323724
"AAD021_007792",4.82051296671427,-0.267041699392106,0.779751416157437,-0.342470297403331,0.731996993295257,0.927553970323724
"AAD021_007819",123.980660835289,0.210726974402889,0.551057220399703,0.38240488755422,0.702161065626258,0.927553970323724
"AAD021_007896",10.1464554868851,-0.207806914743115,0.613958691640864,-0.338470515317131,0.735008642660066,0.927553970323724
"AAD021_007900",4.3584499442328,0.342830195046273,0.843569386435029,0.406404263311513,0.684445587688545,0.927553970323724
"AAD021_007956",4.34440272426621,-0.280907958784747,0.828062593636888,-0.33923517490506,0.734432572907158,0.927553970323724
"AAD021_007967",7.06456073288337,-0.247289096472418,0.704858186636166,-0.350835247658213,0.725711952094403,0.927553970323724
"AAD021_007982",8.71705784772324,0.227952021983426,0.600614283093094,0.379531470363141,0.704293239286185,0.927553970323724
"AAD021_008013",6.458770893034,0.259400320599395,0.713084421478024,0.36377224461268,0.716028090293533,0.927553970323724
"AAD021_008101",10.6256880718045,-0.25496091978424,0.710231217481481,-0.358982981187936,0.719607820917791,0.927553970323724
"AAD021_008132",56.5522377411103,-0.232963928537197,0.582024445708945,-0.400264851854172,0.688961453055422,0.927553970323724
"AAD021_008137",6.38693765433492,0.331036965398015,0.818075416671525,0.404653359154702,0.685732330467648,0.927553970323724
"AAD021_008227",23.0203832759406,-0.163932097290207,0.449290782991005,-0.364868596232673,0.715209497175711,0.927553970323724
"AAD021_008243",3.99808320462674,0.358198652545799,0.895128547276222,0.400164483230658,0.689035372240327,0.927553970323724
"AAD021_008253",8.34582880336074,0.274946399483859,0.688151364791224,0.399543492247921,0.689492783816255,0.927553970323724
"AAD021_008258",41.8701282430004,-0.247792146896738,0.591538629002794,-0.418894277985636,0.675293399079879,0.927553970323724
"AAD021_008352",6.05810527527205,0.345937461005832,0.836146705426099,0.413728187602609,0.67907318131062,0.927553970323724
"AAD021_008361",5.16057814511033,0.326746613339925,0.837985331473875,0.389919251647559,0.696596257670854,0.927553970323724
"AAD021_008362",18.281104514099,-0.282083963684687,0.715841125565502,-0.394059454829234,0.693537144438293,0.927553970323724
"AAD021_008418",4.31911205943779,0.333061099702152,0.908145136540406,0.366748756670056,0.713806434267985,0.927553970323724
"AAD021_008442",19.9795942019492,0.19041527438607,0.508233014945335,0.374661363560867,0.707912330011019,0.927553970323724
"AAD021_008493",9.66091046502518,-0.236937018787396,0.682214574309448,-0.347305712469173,0.728361659654671,0.927553970323724
"AAD021_008511",4.16259537360561,0.317343793150631,0.810432379053726,0.391573438269047,0.695373416942002,0.927553970323724
"AAD021_008531",5.62149944109724,0.310593657825076,0.793853969581745,0.391247848755757,0.695614043197807,0.927553970323724
"AAD021_008631",7.40804749097256,-0.249106813059456,0.685509998025802,-0.363389029739694,0.716314295500415,0.927553970323724
"AAD021_008702",15.5342551031304,0.216158739947197,0.559245298112311,0.386518654116224,0.699112590011878,0.927553970323724
"AAD021_008855",4.45864858819786,-0.278402986060767,0.814744876057212,-0.341705721928611,0.732572365571045,0.927553970323724
"AAD021_008862",10.426277816312,-0.407072647925561,1.00345921181067,-0.405669351712887,0.684985564340786,0.927553970323724
"AAD021_008997",4.72800370592835,-0.310419724475837,0.806464424645085,-0.384914343385263,0.700300878659242,0.927553970323724
"AAD021_009111",10.2048854474447,-0.20957533863411,0.597324167483774,-0.350856955138691,0.725695665878865,0.927553970323724
"AAD021_009145",11.1895663078994,0.247014738708009,0.622921992546277,0.396542009535259,0.691705223243073,0.927553970323724
"AAD021_009255",4.10940127128925,-0.303272229337693,0.795828691152794,-0.381077275435231,0.703145909048421,0.927553970323724
"AAD021_009284",5.48922582437517,-0.284171457295062,0.770567584412015,-0.36878200308919,0.712290220101532,0.927553970323724
"AAD021_009422",6.95269148396727,0.321510830540963,0.905008972294658,0.35525706416564,0.722397018053406,0.927553970323724
"AAD021_009427",7.28050768106892,-0.266309345949944,0.68196932540793,-0.390500475649175,0.696166503652752,0.927553970323724
"AAD021_005060",19.2743567536257,0.243015015122979,0.716594679746917,0.339124782797447,0.734515729522379,0.927553970323724
"AAD021_005203",17.4378872940057,-0.231249822568693,0.558665225580832,-0.413932731052426,0.678923372296621,0.927553970323724
"AAD021_005308",12.1361257307224,-0.20838718707303,0.598172821266191,-0.348372877644163,0.727560168800936,0.927553970323724
"AAD021_005317",4.13029640369745,0.301644864563551,0.815145426508319,0.370050367399654,0.711344962168428,0.927553970323724
"AAD021_006763",6.27395246472316,-0.350171828032528,0.922650753040324,-0.379528035801889,0.704295789242989,0.927553970323724
"AAD021_006893",7.28869443969355,0.246062908784716,0.688776592989407,0.357246328184239,0.720907406180094,0.927553970323724
"AAD021_006926",6.34401022911014,-0.37088490106679,1.0366961658819,-0.357756605332176,0.720525467911897,0.927553970323724
"AAD021_007142",4.80432809664901,-0.338304633858744,0.898169166241186,-0.376660262425329,0.706426097439714,0.927553970323724
"AAD021_007217",5.58957783427265,0.245399986793164,0.723334133989187,0.339262279024196,0.734412156282322,0.927553970323724
"AAD021_007328",47.8215427666866,-0.164923439335236,0.463763186663311,-0.355619945864675,0.722125204256869,0.927553970323724
"AAD021_007329",8.3460382108686,-0.241066115892525,0.673999205230245,-0.357665282127705,0.72059381746324,0.927553970323724
"AAD021_007446",6.53766282360445,-0.283139532764962,0.723686831501384,-0.391245937386413,0.695615455881891,0.927553970323724
"AAD021_005928",6.49767948646982,-0.265577276968743,0.76593138312733,-0.346737688021582,0.728788393738458,0.927553970323724
"AAD021_005966",11.4563799483202,-0.568176431483493,1.53981814941066,-0.368989306757395,0.712135695232647,0.927553970323724
"AAD021_006023",4.81459676586733,0.355639927434534,1.00983291890479,0.352176999557751,0.724705525077262,0.927553970323724
"AAD021_006169",35.4746082131608,-0.300674235498245,0.721908736395994,-0.416498956640018,0.677044930694188,0.927553970323724
"AAD021_006343",12.0020907656819,0.193162848990634,0.552253949418893,0.349771783785139,0.726509976350958,0.927553970323724
"AAD021_006362",46.4306271824026,0.20560549659966,0.514221397626403,0.399838469477769,0.689275494358666,0.927553970323724
"AAD021_006389",5.23193593668111,-0.240137173505413,0.707933887698678,-0.339208473669824,0.734452686236611,0.927553970323724
"AAD021_006439",4.83563059329697,-0.272690463638167,0.788976112599564,-0.345625753788274,0.729623988733846,0.927553970323724
"AAD021_006567",4.299284764682,-0.347024835734368,0.856521204204988,-0.405156152621431,0.685362733109921,0.927553970323724
"AAD021_006572",4.42057045027155,-0.28577511375875,0.791090714363088,-0.361241901301836,0.71791862124474,0.927553970323724
"AAD021_003613",5.63996535501389,0.261744920179298,0.702749966630748,0.372458104031229,0.709551799823034,0.927553970323724
"AAD021_003661",4.73609090850681,-0.342769977864115,0.826026034831809,-0.414962680848078,0.678169222891645,0.927553970323724
"AAD021_003693",5.60217177083149,0.27608583350111,0.810468560882957,0.340649652344726,0.733367345489969,0.927553970323724
"AAD021_003724",7.4733080972967,0.245763665175147,0.677342039774954,0.36283539296749,0.716727851206199,0.927553970323724
"AAD021_003732",7.55155107192623,-0.269736234525716,0.702029640991627,-0.38422342701187,0.700812856226706,0.927553970323724
"AAD021_003804",13.0298795742742,-0.224224261371971,0.657976643847642,-0.340778450828858,0.733270374228732,0.927553970323724
"AAD021_003865",4.69129099545578,-0.27275382457373,0.786061306426452,-0.346987979619183,0.728600349290371,0.927553970323724
"AAD021_003899",13.8339558508347,-0.226388703268683,0.557417017235564,-0.406138844471286,0.684640585720227,0.927553970323724
"AAD021_003936",5.14687257154575,0.283801362011223,0.745920527755475,0.380471312225714,0.70359558777044,0.927553970323724
"AAD021_004173",7.90151685721968,0.275187426846635,0.658810355679375,0.417703553798661,0.676163873669815,0.927553970323724
"AAD021_004238",5.58044889745297,0.337088595175611,0.822565954162293,0.409801297354818,0.681951714454342,0.927553970323724
"AAD021_004355",7.4072541850656,-0.238564621022008,0.649432451502523,-0.367343240193905,0.713363004135094,0.927553970323724
"AAD021_004385",9.86287232221832,0.3206723403273,0.809518171626058,0.396127414512727,0.692011035151251,0.927553970323724
"AAD021_004422",8.21380764125078,0.227865801703816,0.64590507559153,0.352785278076864,0.724249421455245,0.927553970323724
"AAD021_004448",11.9385765276959,-0.238596286974021,0.606008844489251,-0.393717499577275,0.693789620001153,0.927553970323724
"AAD021_004454",4.05267897982132,0.289047354123552,0.783375922690548,0.368976561254018,0.71214519543385,0.927553970323724
"AAD021_004484",28.8391197439397,-0.268216148794368,0.68055084372228,-0.39411625342694,0.693495211666427,0.927553970323724
"AAD021_004553",4.66310943320789,0.250773100212658,0.741025757247566,0.338413473162011,0.735051622351569,0.927553970323724
"AAD021_004633",10.6866927376086,0.255841565325955,0.681370325712784,0.375480932572633,0.70730282446576,0.927553970323724
"AAD021_002004",6.66041251580788,0.253548670036741,0.709627775863905,0.357298119747455,0.720868637442491,0.927553970323724
"AAD021_002012",10.9021265324085,0.225868113782874,0.60561262962239,0.372958063843065,0.709179655888833,0.927553970323724
"AAD021_002077",6.85763835514182,-0.302962519556643,0.802162709454933,-0.377682128557815,0.705666745520938,0.927553970323724
"AAD021_002093",5.98631001546433,0.255577650441177,0.716022936415744,0.356940591485161,0.721136280960934,0.927553970323724
"AAD021_002154",9.3196902034215,-0.235922944268338,0.645229191008755,-0.365642081226198,0.714632169983356,0.927553970323724
"AAD021_002164",5.19591661683432,-0.344322410595295,0.940046794762547,-0.366282202666592,0.714154508447896,0.927553970323724
"AAD021_002171",11.8888333408053,0.257952211372764,0.620837220447558,0.415490893388782,0.677782580297379,0.927553970323724
"AAD021_002202",30.6410157018152,0.212623120497934,0.588311082671137,0.361412740233535,0.717790925412848,0.927553970323724
"AAD021_002256",6.1756207567848,-0.325860428956566,0.796532414346145,-0.409098767467055,0.68246718074557,0.927553970323724
"AAD021_002270",7.12626411359236,0.255163622027701,0.759832581390609,0.335815583954971,0.737009937660323,0.927553970323724
"AAD021_002401",7.74191221777984,0.22964011625031,0.682958637012543,0.336243080920423,0.736687568298528,0.927553970323724
"AAD021_002441",8.50815948793461,-0.216302132223452,0.611817996213916,-0.353539996472782,0.723683649327188,0.927553970323724
"AAD021_002460",4.44549449084893,0.3264397485825,0.911081455537348,0.358299191140893,0.72011942335714,0.927553970323724
"AAD021_002496",7.6069680782925,0.253576814301915,0.671587996833735,0.377577942871861,0.705744152827335,0.927553970323724
"AAD021_002511",17.2926165266809,0.211266014203073,0.521934796472185,0.40477472594478,0.685643108328806,0.927553970323724
"AAD021_002568",61.4168245029869,0.16509852231485,0.489266141569948,0.337441135381011,0.735784379574169,0.927553970323724
"AAD021_002578",74.9519432120373,0.145155294298778,0.430894060087109,0.336870028492464,0.736214879899506,0.927553970323724
"AAD021_002681",13.410137126244,-0.221684083962725,0.561643215438771,-0.394706243873237,0.693059694217187,0.927553970323724
"AAD021_002700",8.95229814808517,-0.204562398733471,0.608759614241546,-0.336031487549211,0.736847122052555,0.927553970323724
"AAD021_002809",4.95942490970717,0.244718442238732,0.719156279769798,0.340285483312566,0.733641548211935,0.927553970323724
"AAD021_002958",7.47001198734605,0.321556681680508,0.80750041597884,0.39821240375551,0.690473623552442,0.927553970323724
"AAD021_003070",33.1297022246925,0.168124976507305,0.468920628490236,0.358536106736463,0.719942152118618,0.927553970323724
"AAD021_003083",6.36502893236853,0.260811280960141,0.720209646771813,0.362132445919285,0.717253058431677,0.927553970323724
"AAD021_003100",28.8364546498041,-0.225116703655715,0.638081432692015,-0.352802467086317,0.724236534093991,0.927553970323724
"AAD021_003173",6.94091757772639,0.290069514201361,0.695967454286673,0.416786032758768,0.676834919557105,0.927553970323724
"AAD021_003289",8.6448160876207,0.313787366200619,0.815593938424435,0.38473479438407,0.700433913603118,0.927553970323724
"AAD021_000084",11.1221613255398,-0.326759403213777,0.878977339800855,-0.371749518921397,0.710079352216636,0.927553970323724
"AAD021_000332",18.0628122367948,0.221052649822529,0.552276719981449,0.400257048368712,0.688967200036695,0.927553970323724
"AAD021_000487",9.69451823648875,-0.225159632338419,0.631081673857436,-0.35678366472306,0.721253766184677,0.927553970323724
"AAD021_000506",11.5178309727217,0.253956051650175,0.678168670286268,0.374473287807552,0.708052226548329,0.927553970323724
"AAD021_000577",5.61232080261482,0.288742339614442,0.843584416176328,0.342280314901038,0.732139948338172,0.927553970323724
"AAD021_000610",5.6108660789,-0.262891378268184,0.690385464719584,-0.380789271649807,0.703359620594199,0.927553970323724
"AAD021_000632",4.92789844252752,0.307140114875329,0.815192368401343,0.376770105782093,0.706344458463025,0.927553970323724
"AAD021_000644",8.31291638792105,0.266144785804825,0.742148165678324,0.358614085587032,0.719883808018556,0.927553970323724
"AAD021_000790",28.4826938759202,0.178599989217065,0.457705418841407,0.390207285876485,0.69638327447048,0.927553970323724
"AAD021_000816",5.84568882788765,-0.416450934275754,1.00431984436118,-0.414659669042632,0.678391060640883,0.927553970323724
"AAD021_000884",7.82883316566277,0.242664785075553,0.708795924044184,0.342361992844115,0.732078487465737,0.927553970323724
"AAD021_001021",355.754634095302,0.153567288315073,0.419700746765978,0.365897105255096,0.714441856482096,0.927553970323724
"AAD021_001031",26.3251695949647,-0.185838819129766,0.481909127566704,-0.385630419718586,0.699770400918991,0.927553970323724
"AAD021_001225",11.8378946775709,-0.215625653975133,0.589060386151666,-0.366050169124114,0.714327640004521,0.927553970323724
"AAD021_001306",9.1495103930323,-0.237959760085679,0.680486893021367,-0.349690438605123,0.726571030081437,0.927553970323724
"AAD021_001360",6.2734705463772,-0.471927785172795,1.19456393092438,-0.395062811588163,0.692796533243216,0.927553970323724
"AAD021_001401",5.48082060805465,0.338465186506737,0.816807752451464,0.41437558041156,0.678599069877324,0.927553970323724
"AAD021_001420",9.5992728187224,-0.241398007658334,0.705493267747628,-0.342169115842913,0.732223625968417,0.927553970323724
"AAD021_001505",4.64857329781363,0.272949727587171,0.761429340306635,0.358470199581817,0.719991465397614,0.927553970323724
"AAD021_001537",10.5478203233107,0.284691799018929,0.71653122440743,0.397319459810518,0.691131899066779,0.927553970323724
"AAD021_001588",4.45343632135797,0.356343552242289,0.850907995695899,0.418780354685538,0.675376663532091,0.927553970323724
"AAD021_006923",66.4720914640078,-0.234336774454352,0.700256231818126,-0.334644325614821,0.737893403820995,0.927968326540877
"AAD021_001434",4.76926270218027,-0.240805632604815,0.720571271738233,-0.334187112433611,0.738238368304321,0.927968326540877
"AAD021_005233",4.62637860001895,0.259924792726809,0.783962495316803,0.33155258609887,0.74022712691161,0.928771300878762
"AAD021_005883",5.32617858388574,-0.275809125140317,0.830335636195372,-0.332165829235132,0.739764044581434,0.928771300878762
"AAD021_000625",21.5670621659758,-0.159459442944085,0.480418074622853,-0.331918075874367,0.739951120862575,0.928771300878762
"AAD021_012257",11.2162244018381,0.197926382220189,0.601573465586161,0.329014482092115,0.742144741765199,0.929767004830251
"AAD021_009304",19.0163686673239,-0.267029705320064,0.812640480339902,-0.328595131279178,0.742461728577793,0.929767004830251
"AAD021_007415",14.8408065077306,-0.219320786434339,0.669636633095876,-0.327522085254463,0.74327304165209,0.929767004830251
"AAD021_002628",13.9853088458402,0.178168838065811,0.543033666648539,0.328099064585483,0.742836761235961,0.929767004830251
"AAD021_000303",25.1581711701433,-0.15966139252074,0.484889282532608,-0.329273915246833,0.741948658425793,0.929767004830251
"AAD021_010184",15.7967047896451,0.1846371344576,0.570560606901389,0.323606523521367,0.746235948469969,0.930168369001494
"AAD021_007731",7.17411190071875,0.224330913998667,0.687536587790837,0.326282146990137,0.744210894411622,0.930168369001494
"AAD021_008003",4.09360212957198,0.254397002085746,0.784263389951331,0.324376995465176,0.745652633944173,0.930168369001494
"AAD021_004129",8.38624711182271,0.211507029178659,0.6494260727137,0.325682996210567,0.744664210478129,0.930168369001494
"AAD021_002574",7.35998436624749,-0.230300299786351,0.711847578551776,-0.323524735807751,0.746297877454687,0.930168369001494
"AAD021_002846",12.9609532652722,0.199701427601984,0.615189805921464,0.324617582540824,0.745470518374303,0.930168369001494
"AAD021_010373",8.42927250338591,-0.265331301144347,0.822322101025308,-0.322661036123825,0.746951963711145,0.93042175805661
"AAD021_010353",6.67321542089639,0.246055126744365,0.767512758998968,0.320587669533055,0.748522883079823,0.930693512455877
"AAD021_005375",5.64506412370949,0.246091112941159,0.767577113633156,0.320607673900465,0.748507721450736,0.930693512455877
"AAD021_004516",9.71685148881641,-0.214126041210844,0.66662454007681,-0.321209358998653,0.748051740191002,0.930693512455877
"AAD021_008148",7.24722155807064,0.301143358331834,0.941755668583742,0.319768033660692,0.749144181725626,0.930905232439308
"AAD021_006249",3.95240305439669,-0.256483135150644,0.80514547821559,-0.318555021533595,0.750063965356402,0.931487096602423
"AAD021_001077",10.8376806195504,-0.197835489399431,0.623368129570101,-0.317365421834874,0.750966341446915,0.931487096602423
"rRNA_JBQVBD010000012.1_2296000",2665.50109304662,-0.319880150360391,1.00726511165403,-0.317572947438947,0.750808897417026,0.931487096602423
"AAD021_004157",48.6207473799194,-0.163761994219444,0.518061221424318,-0.31610548608369,0.751922442796336,0.932112866025008
"AAD021_008837",4.17037772174816,0.310026525288765,0.985298253463974,0.314652466092188,0.753025538785619,0.932781055219173
"AAD021_001604",25.815260233734,0.194301930621275,0.618392162349916,0.314205034363501,0.753365319307346,0.932781055219173
"AAD021_004061",18.1987013096919,0.20206293308346,0.646980011277859,0.312317118861776,0.754799531313332,0.933996542344554
"AAD021_011723",45.8062562047916,0.1666594288823,0.536484511669313,0.310650960572424,0.756065981603924,0.93409910309678
"AAD021_006679",21.6475258806593,0.155642114528615,0.502352035945683,0.3098267816027,0.756692684291577,0.93409910309678
"AAD021_000677",4.76436034918321,-0.233134014296519,0.751280327859422,-0.310315611431985,0.756320960532075,0.93409910309678
"AAD021_000704",4.02680536719614,0.24692655679852,0.793269342587299,0.311277070147641,0.755589997375917,0.93409910309678
"AAD021_008033",6.36418985200056,-0.225648121318288,0.730184178464072,-0.309029047702642,0.757299430678304,0.934164897429364
"AAD021_001156",4.01965393837095,0.225761757173497,0.731646617983765,0.308566665415115,0.757651181345327,0.934164897429364
"AAD021_012507",16.1431695860818,-0.30259115261835,1.00908529095686,-0.299866775712705,0.76427877789236,0.935970953622894
"AAD021_009815",29.7823709237519,0.157304800878974,0.523716533239298,0.300362487901634,0.763900673723754,0.935970953622894
"AAD021_008024",86.3564188714462,0.112007399238305,0.375862371033722,0.298001097929157,0.765702325648943,0.935970953622894
"AAD021_008094",10.242652027363,-0.250607818066054,0.838830588864694,-0.298758559109339,0.765124272594977,0.935970953622894
"AAD021_008980",4.64596774808633,0.225511190012142,0.753895755197356,0.299127815029422,0.764842524023806,0.935970953622894
"AAD021_009198",7.09515213312572,-0.442765884992326,1.47578217810877,-0.300021162716394,0.764161013268989,0.935970953622894
"AAD021_006453",7.22797806050988,0.228070590729932,0.751053658135817,0.303667505323153,0.761381216605123,0.935970953622894
"AAD021_004095",9.248642881361,0.197040395541587,0.657092218778118,0.299867187451998,0.76427846381513,0.935970953622894
"AAD021_004547",10.5841633502559,0.200825066763141,0.669491341130032,0.299966637991417,0.764202603476584,0.935970953622894
"AAD021_002570",17.0573682128748,0.17776823958922,0.592401597838757,0.300080621385505,0.764115660337645,0.935970953622894
"AAD021_000523",5.20819544380232,0.229514336961129,0.770910798773597,0.297718409608806,0.765918091409432,0.935970953622894
"AAD021_000902",15.782813864656,-0.170966890363787,0.564874320378096,-0.302663591167238,0.762146247125479,0.935970953622894
"AAD021_001028",5.6406756767159,-0.26968003845444,0.884139777421761,-0.305019687317828,0.760351158054465,0.935970953622894
"AAD021_001147",9.52977886007042,0.185437519105209,0.609771217779938,0.304109990268732,0.761044095948765,0.935970953622894
"AAD021_001273",27.2679133245417,-0.201266704323918,0.671428257842837,-0.299759061333742,0.764360944405678,0.935970953622894
"AAD021_000705",11.0438128939418,0.190145653009851,0.646526995556466,0.294103191849233,0.768679051949776,0.938789090665288
"AAD021_006722",32.6109273220996,0.175566719351367,0.60097928320784,0.292134395073066,0.770183869661094,0.940070672371673
"AAD021_003871",3.93727399193481,0.251769641833145,0.863882413047569,0.291439712199907,0.770715046093483,0.940163034950915
"AAD021_003752",9.42152976278601,-0.181939745579578,0.626172156919005,-0.290558664369217,0.771388877721597,0.940175135396763
"AAD021_002549",5.02231697219648,-0.250972555804399,0.864720037920975,-0.290235619389376,0.771635988063041,0.940175135396763
"AAD021_011908",12.4090605645678,-0.186089651486724,0.650764379290315,-0.28595549696445,0.774912207133953,0.940199634100487
"AAD021_010859",8.52883761079976,0.206391188620696,0.73064815244807,0.282476850080539,0.777577895062757,0.940199634100487
"AAD021_010912",79.9131696920668,-0.19634529892852,0.693068754374952,-0.283298442887669,0.776948070810952,0.940199634100487
"AAD021_010388",14.3610705414955,0.184330563999201,0.652395039516192,0.282544398461242,0.777526107676396,0.940199634100487
"AAD021_007837",11.2440516035139,0.18294307119592,0.642070456818447,0.284926785297722,0.775700234465244,0.940199634100487
"AAD021_008196",9.76867911519607,0.194185918290208,0.683893965894545,0.283941558156913,0.776455167783799,0.940199634100487
"AAD021_008618",9.94825928280191,0.181075429281644,0.635860117435668,0.284772427640052,0.775818497512724,0.940199634100487
"AAD021_005289",10.0767381490788,0.204328559453314,0.706702907960405,0.289129359949884,0.77248238662102,0.940199634100487
"AAD021_007176",30.0143582237291,0.13670963702775,0.473654306935758,0.288627454719401,0.772866483415044,0.940199634100487
"AAD021_007395",4.25288461937823,-0.23377834428097,0.82599803491029,-0.283025303209541,0.777157440518977,0.940199634100487
"AAD021_003910",50.1686746094404,0.194831799808768,0.682739250947532,0.285367802625048,0.775362372199057,0.940199634100487
"AAD021_002825",8.63071634011813,-0.197312984963925,0.698177018742521,-0.282611686817339,0.777474520626042,0.940199634100487
"AAD021_000587",3.96660072359345,0.242491806771522,0.84214141830572,0.287946657770835,0.773387570934563,0.940199634100487
"AAD021_006255",10.4805591829084,0.172758752682595,0.614667449266832,0.281060519617006,0.778663981836821,0.940411034822234
"AAD021_006296",13.0317073469775,0.179168528757914,0.636937240852842,0.281296990136756,0.778482618673719,0.940411034822234
"AAD021_004374",6.75823704217657,-0.207797614358279,0.742002844363145,-0.280049619670434,0.779439436317289,0.940797074011043
"AAD021_005975",4.53471294520229,-0.257862445322345,0.924879560709646,-0.278806513060458,0.780393315882893,0.941397898294734
"AAD021_008355",5.69275717195812,0.220157323742872,0.800146825013028,0.275146156756027,0.783203951568752,0.941486870144382
"AAD021_008738",7.05268021450362,0.188446386101848,0.681128892397789,0.276667732355997,0.78203525087436,0.941486870144382
"AAD021_007138",8.6052974249018,0.192534800987669,0.693851315072307,0.277487116915826,0.781406096790195,0.941486870144382
"AAD021_004635",7.11920864676644,-0.201949159548776,0.733567889247531,-0.275297164051072,0.78308794308636,0.941486870144382
"AAD021_003380",4.01792983473644,-0.243135203656863,0.879866452030865,-0.276331940029842,0.782293125999139,0.941486870144382
"AAD021_001560",7.23305878688918,0.182866185684057,0.660672075447927,0.276788126030717,0.781942799162955,0.941486870144382
"AAD021_009323",3.96408480099466,0.219143213192529,0.800206582585207,0.273858298546544,0.784193519744404,0.94157965372452
"AAD021_005930",23.6400221543805,0.187366891585055,0.683216955170866,0.274242157146402,0.783898532789935,0.94157965372452
"AAD021_007962",8.15925982759866,-0.167127800553203,0.613024466786775,-0.272628271150773,0.785138977647586,0.941619320084031
"AAD021_008408",11.0937595347015,-0.196574260214076,0.720124582491919,-0.272972573070412,0.784874298705165,0.941619320084031
"AAD021_008782",5.64867287182595,-0.233928668185212,0.865724421386115,-0.27021146961601,0.786997569318997,0.943300222459007
"AAD021_000518",8.09475262584762,-0.183970528601062,0.683051331603912,-0.269336314986855,0.787670889003554,0.94355932379764
"AAD021_012529",5.81878861857163,0.195876995806296,0.763565303171743,0.256529461190354,0.797542034592685,0.94387638963579
"AAD021_012584",4.03820170869697,-0.228778502645821,0.859202025527113,-0.266268579273271,0.790032369957068,0.94387638963579
"AAD021_011733",5.90424560233722,-0.188131863865744,0.735059033020946,-0.255941163109798,0.797996269338398,0.94387638963579
"AAD021_011094",4.37448696626281,-0.215346043002454,0.830759880491237,-0.259215747003957,0.795468781890336,0.94387638963579
"AAD021_007853",4.31285638304879,0.206050490536569,0.781868200876767,0.263536092535174,0.792137408594332,0.94387638963579
"AAD021_008031",4.16173846794453,0.220237119371943,0.851982836431598,0.258499479043935,0.796021450928645,0.94387638963579
"AAD021_008075",4.73140843022821,-0.210892567928224,0.792648955260506,-0.266060488099569,0.790192624458417,0.94387638963579
"AAD021_008437",7.35221987247473,-0.158686832018168,0.619204527612969,-0.256275309597469,0.79773826086905,0.94387638963579
"AAD021_008773",85.3151620494821,-0.150749432037432,0.587752836508821,-0.256484397306979,0.797576826745185,0.94387638963579
"AAD021_005334",7.45539875722707,-0.186721221080248,0.71062897136,-0.262754867315501,0.792739524122174,0.94387638963579
"AAD021_003568",55.5388630892814,-0.126719248955103,0.47314673685596,-0.267822303493302,0.788836101979825,0.94387638963579
"AAD021_003940",6.18735896313778,-0.186555821905667,0.707470721847786,-0.263694052834324,0.792015678540047,0.94387638963579
"AAD021_004396",9.56892133684875,-0.172998171701307,0.672293047921559,-0.25732554015863,0.796927477926605,0.94387638963579
"AAD021_001796",8.3159266705223,-0.168884624582788,0.645437207672176,-0.261659263790949,0.793584149325462,0.94387638963579
"AAD021_002301",6.08952876855625,0.202751408987675,0.771588525707391,0.262771415375563,0.792726768714778,0.94387638963579
"AAD021_002575",9.34276597403783,-0.185083823806639,0.721533892657194,-0.256514386489914,0.797553673164863,0.94387638963579
"AAD021_002599",7.76203161832006,0.189618651098038,0.713368873052436,0.265807295861786,0.790387624010345,0.94387638963579
"AAD021_002725",5.6891603256671,0.183511740723314,0.716664724561115,0.256063587943018,0.797901737444992,0.94387638963579
"AAD021_000778",39.2445891284965,0.145998800336835,0.562171611488304,0.259705039089959,0.795091305352884,0.94387638963579
"AAD021_000932",8.44276008951982,-0.184105313670659,0.692477776373323,-0.265864580716026,0.790343504127498,0.94387638963579
"AAD021_001131",4.1513150051389,-0.212198558540556,0.802944206030687,-0.2642755959216,0.791567563624927,0.94387638963579
"AAD021_001269",4.83157916795597,-0.194372399354245,0.746453590818824,-0.260394486335082,0.794559495571367,0.94387638963579
"AAD021_006348",4.32513659115163,0.236518614391408,0.927165445399886,0.2550986078751,0.798646939359918,0.944104972989044
"AAD021_001848",7.83712750448011,0.187832412593809,0.73922471900825,0.254093792812835,0.799423098658901,0.944481554454478
"AAD021_011817",4.66698391072956,0.26722043314558,1.07236604368734,0.249187704812753,0.803215589653235,0.945714191126228
"AAD021_008785",7.34945381708525,-0.186277477308251,0.744587982002708,-0.250175240281508,0.802451831944088,0.945714191126228
"AAD021_006788",5.32094657110074,-0.193543710223677,0.767805427339726,-0.252073902231015,0.800983941743056,0.945714191126228
"AAD021_007103",6.89846685531922,-0.163230466077968,0.65338717712473,-0.249821961300609,0.802725035474824,0.945714191126228
"AAD021_002049",4.12885970774617,0.27129762788659,1.08391675754612,0.250293785014247,0.802360162384105,0.945714191126228
"AAD021_001074",7.7231514016663,-0.187542255132297,0.751214114785141,-0.249652198276303,0.802856327997542,0.945714191126228
"AAD021_001172",4.02970042421271,-0.215170333008193,0.868827887049645,-0.247655877781347,0.804400672901222,0.946321935020998
"AAD021_001212",7.15284282700264,-0.161396699410388,0.652542101755052,-0.247335304459746,0.80464873835361,0.946321935020998
"AAD021_011034",5.12933173991741,0.196285945163275,0.800853984971691,0.245095796295767,0.806382257748789,0.946879004604867
"AAD021_003700",79.8229070811086,-0.105857053055734,0.432165867666926,-0.244945427150944,0.806498687061703,0.946879004604867
"AAD021_002400",21.775603033426,-0.173402447066491,0.706641529472683,-0.245389550195117,0.806154819447306,0.946879004604867
"AAD021_012213",10.0346401815655,0.152728541313017,0.631518585476924,0.241843304101139,0.80890158286181,0.947410901940811
"AAD021_010030",11.7093589491698,-0.173070254345998,0.716950399510644,-0.241397807245979,0.809246812074443,0.947410901940811
"AAD021_005155",20.5942939346156,0.203051552586946,0.837579824529759,0.242426508662556,0.808449695938172,0.947410901940811
"AAD021_002905",3.91218262640715,-0.212540432763536,0.877921979020303,-0.242094898911992,0.808706630735591,0.947410901940811
"AAD021_000724",45.1189420588887,0.126158979221887,0.520342653341477,0.242453657050279,0.808428661990023,0.947410901940811
"AAD021_001187",4.20997313414134,-0.193629415470589,0.805047688397915,-0.240519186951422,0.80992779072016,0.947670612271208
"AAD021_008540",8.59400199882064,-0.162583867291115,0.679458057310199,-0.239284626242778,0.810884885676439,0.947918170718278
"AAD021_002640",48.4068867571134,-0.117659072196229,0.492826284603508,-0.238743500239419,0.811304483602817,0.947918170718278
"AAD021_001135",65.3332173088123,-0.148063815715537,0.620892671385446,-0.238469259727532,0.811517154873642,0.947918170718278
"AAD021_011074",12.5186583210758,0.142955275252018,0.606844703246201,0.235571431187099,0.813765244211756,0.94946945395877
"AAD021_009179",23.9057740657749,-0.122982333206675,0.521458433613931,-0.235843022720632,0.813554482341604,0.94946945395877
"AAD021_009731",3.91476121803791,-0.202690805123546,0.868612143542318,-0.233350185845832,0.815489491362467,0.949870378200978
"AAD021_008523",16.0625782356841,0.13222119217248,0.565682362250735,0.233737519491326,0.815188758091011,0.949870378200978
"AAD021_001298",6.29541348264521,0.164206298888139,0.70161764413593,0.234039580190953,0.814954251262665,0.949870378200978
"AAD021_007996",3.89742268250404,0.194865574829123,0.844686098007052,0.23069584700031,0.817551100125204,0.949970575061095
"AAD021_009022",10.8019037718556,-0.17162148593149,0.7437880494216,-0.230739773333209,0.817516972496853,0.949970575061095
"AAD021_009344",5.06009536254459,0.184972539065037,0.803257564528228,0.230277992058096,0.817875760902326,0.949970575061095
"AAD021_003598",5.32858623579705,-0.188267619184326,0.813948422565094,-0.231301657408482,0.81708045916986,0.949970575061095
"AAD021_001633",4.25158206576342,0.195178579238901,0.847582998359618,0.230276656819028,0.817876798393201,0.949970575061095
"AAD021_003625",4.27998028890694,-0.17478211786954,0.766384196127494,-0.228060702129175,0.819599050215411,0.95143556785411
"AAD021_008541",6.87000029755286,-0.163790451786962,0.720345853259513,-0.227377517404761,0.820130200984814,0.951516995409025
"AAD021_008846",9.74160079308666,0.184214822562622,0.825016030635014,0.223286355321887,0.823312646089337,0.954672641308085
"AAD021_002530",5.8890776443139,0.164347161030741,0.73931553047989,0.222296373138629,0.824083175294966,0.955029575412021
"AAD021_007915",4.90548430537937,0.194618609289507,0.885234045033641,0.219849892106342,0.825988061789518,0.95645854284426
"AAD021_001390",20.6543517713442,-0.142197955212894,0.647760123322686,-0.219522551779647,0.826243014482226,0.95645854284426
"AAD021_001223",73.6178473531113,0.137777870484545,0.629466888776031,0.218880250798335,0.826743331041132,0.956501252953418
"AAD021_009735",27.4441195266664,0.14396675315352,0.662721232331797,0.217235763892715,0.828024614550012,0.956910864743126
"AAD021_005194",17.4345594620459,-0.113448094948926,0.5215437780343,-0.217523628364453,0.827800295030234,0.956910864743126
"AAD021_002293",4.00236822177178,-0.176344519633775,0.817019846855462,-0.215838722048782,0.829113463809776,0.957633010242517
"AAD021_008197",4.34597545205431,0.17773420344563,0.826840996885216,0.214955721976983,0.829801840302921,0.957892057262432
"AAD021_012479",15.7177902566963,0.115995155676792,0.577324913459395,0.20091832687721,0.840762437141819,0.958275437284166
"AAD021_011036",16.2811397774391,0.104701940085459,0.502894120430885,0.208198775511134,0.835073764643117,0.958275437284166
"AAD021_009743",5.19382948444494,0.193147696845876,0.955191940051993,0.202208256526288,0.839753918682633,0.958275437284166
"AAD021_009887",7.26220803089731,-0.146035380184473,0.730880128466387,-0.199807566927426,0.841631083111221,0.958275437284166
"AAD021_007838",9.29764831349152,-0.165833764662472,0.793906695964209,-0.208883191822768,0.834539425715805,0.958275437284166
"AAD021_007899",12.233437258141,0.130895910918707,0.642569636203772,0.203706965819339,0.838582498401574,0.958275437284166
"AAD021_008373",10.4050205073939,-0.129955944931634,0.639411009225013,-0.203243208291244,0.838944942202416,0.958275437284166
"AAD021_008820",11.7485606223534,0.115242325444187,0.576055044065496,0.200054363956033,0.84143806409731,0.958275437284166
"AAD021_009288",17.2173122166869,-0.109988107672613,0.553633299796351,-0.198665990129335,0.842524029630432,0.958275437284166
"AAD021_005057",7.20729312915915,0.135972899552529,0.668308066751203,0.203458414341045,0.838776746396921,0.958275437284166
"AAD021_005241",3.99337191007878,-0.165766563169787,0.835180201795173,-0.198479996069688,0.84266953423971,0.958275437284166
"AAD021_007270",5.34811086208406,0.188199078424753,0.888228401760042,0.211881401283535,0.83219956080307,0.958275437284166
"AAD021_007409",10.9849631542295,-0.11720342864986,0.580593638019938,-0.201868262025004,0.840019714486252,0.958275437284166
"AAD021_006421",4.65599097925479,-0.174125081164629,0.835713025324728,-0.208355112207291,0.834951702413458,0.958275437284166
"AAD021_006489",4.34116694292724,-0.164368579165635,0.813360959266456,-0.202085651263461,0.839849765081729,0.958275437284166
"AAD021_004407",10.7513960675304,-0.143714606790813,0.720459879944156,-0.199476210669708,0.84189025054232,0.958275437284166
"AAD021_004623",4.49586424526673,0.158388539989892,0.765646218039849,0.206869094704584,0.836112093267134,0.958275437284166
"AAD021_002191",10.6433140102988,-0.14881142495983,0.736121198744572,-0.202156146587848,0.839794655224065,0.958275437284166
"AAD021_002508",4.19004118557276,0.170933561131889,0.841728646803064,0.203074425209484,0.839076860957909,0.958275437284166
"AAD021_003156",6.4762754452223,0.186782531518729,0.925540458335911,0.201809148197106,0.840065929470849,0.958275437284166
"AAD021_000129",20.3898304038858,0.135219452402493,0.642714620976697,0.210388013574372,0.833364847088871,0.958275437284166
"AAD021_000564",4.24712775713769,-0.171256986601323,0.817753304257786,-0.209423778185477,0.834117431987167,0.958275437284166
"AAD021_001056",3.94523418230009,0.158695411227165,0.786747938072473,0.201710616002334,0.840142962822561,0.958275437284166
"AAD021_001336",12.3254340587854,0.129971295017327,0.614772486566952,0.211413649532562,0.832564506661564,0.958275437284166
"AAD021_001393",6.73949934733876,0.136536446632494,0.668030748698902,0.204386470081536,0.838051502340388,0.958275437284166
"AAD021_001431",4.15581270848429,0.173365023233778,0.858803957246536,0.201867983689333,0.840019932086818,0.958275437284166
"rRNA_CM148777.1_52800",1063.48275476037,-0.142051841057273,0.673726385176373,-0.210845002040532,0.833008221259632,0.958275437284166
"AAD021_002336",5.09748051380405,-0.157800879253699,0.80238553964683,-0.196664659888008,0.844089967272288,0.959362165446037
"AAD021_007909",7.36965702738662,0.141893570732496,0.731783042059956,0.193901146346693,0.846253286079855,0.959772854291542
"AAD021_008522",7.02879187377623,-0.14140599711906,0.731789356370543,-0.193233197351204,0.846776340922916,0.959772854291542
"AAD021_003912",14.8730645755157,0.135004046532221,0.698013268680202,0.193411862768004,0.846636425695239,0.959772854291542
"AAD021_004033",18.2185681258261,0.117390800691175,0.604630785364914,0.194152867390512,0.846056186928102,0.959772854291542
"AAD021_002253",14.7835194278542,-0.1121669077429,0.578172557426876,-0.194002476081003,0.846173943106553,0.959772854291542
"AAD021_002822",9.6204635190142,0.136927160912371,0.713162876437603,0.191999843845421,0.847742327742883,0.960340375664824
"AAD021_008255",11.2105057694759,0.112109807069857,0.589600283133459,0.190145443068724,0.849195161179957,0.960785215993384
"AAD021_008464",44.0328513978796,0.0919457568708057,0.484648870251146,0.189716230687094,0.849531501544537,0.960785215993384
"AAD021_002326",6.41710273377232,-0.138136551417818,0.725517291371192,-0.190397324861474,0.848997793783973,0.960785215993384
"AAD021_011667",5.00949772418396,-0.163473602052856,0.869666364348775,-0.187972777555066,0.850897991132796,0.961803643865329
"AAD021_012020",4.85950605128995,0.171578274696334,0.918726058511775,0.186756730264373,0.851851374183183,0.962354261803004
"AAD021_010672",9.99766961680247,-0.128135450457073,0.702622441261122,-0.182367432254349,0.855294382495892,0.96282602491805
"AAD021_009507",4.82087427598604,0.149056180498971,0.823222372561471,0.181064297408706,0.856317107903885,0.96282602491805
"AAD021_006261",4.19426895424846,-0.163301942517766,0.904075031947076,-0.180628749547555,0.856658988176861,0.96282602491805
"AAD021_006411",8.05768522065805,-0.156462155216268,0.867890687683152,-0.18027864273316,0.856933821596152,0.96282602491805
"AAD021_006423",6.13080380703285,-0.125353420400607,0.688666779841528,-0.182023329816276,0.85556441719401,0.96282602491805
"AAD021_003488",7.30749445538842,0.115512959295079,0.640427408382942,0.180368544167629,0.856863247423899,0.96282602491805
"AAD021_002257",12.9314702188758,-0.101429899558196,0.552945432295558,-0.183435640542519,0.854456213167765,0.96282602491805
"AAD021_003051",47.1438084396147,0.100407349044536,0.550554587383223,0.182374920390311,0.855288506362726,0.96282602491805
"AAD021_000821",4.15204004154355,-0.148240668739387,0.804626633844451,-0.184235349047673,0.853828829559009,0.96282602491805
"AAD021_001300",9.28023490170101,0.115113476941195,0.629528678582377,0.182856605040483,0.854910532885612,0.96282602491805
"AAD021_006892",8.36105493850441,0.121015810224608,0.678722565392215,0.178299376498078,0.858487868450926,0.964047312558603
"AAD021_006475",10.0156258063602,0.127517053450512,0.721292250016622,0.17678971796463,0.85967356571581,0.964765843877078
"AAD021_003862",12.6717643361252,-0.117120764706712,0.664368860159661,-0.176288763261068,0.860067089406235,0.964765843877078
"AAD021_002826",7.59458557832291,0.129815347101022,0.738848545347584,0.175699536689149,0.860529999310902,0.964765843877078
"AAD021_008202",11.8610791356658,0.113548434728,0.651733343202046,0.174225296146614,0.861688406103914,0.965331689103652
"AAD021_002399",5.18749010231177,0.137012166022732,0.788029278917279,0.173866846941247,0.861970108051371,0.965331689103652
"AAD021_002345",4.81142203615953,-0.135056880231187,0.781645494549154,-0.172785337052428,0.862820163024759,0.965759661867192
"AAD021_009152",4.22887799478395,0.13698324164496,0.799783966597178,0.171275303539504,0.86400729843185,0.966071901686974
"AAD021_000775",4.90390817224627,0.153621468213916,0.897113261386683,0.171239769632276,0.864035237652206,0.966071901686974
"AAD021_011062",4.66374277905166,-0.138342133199633,0.832934530710575,-0.166090044413951,0.868086088747232,0.966154094649379
"AAD021_011131",15.7451827454305,0.132284719092364,0.792101387523654,0.167004781428202,0.867366286727986,0.966154094649379
"AAD021_010741",4.29996567501026,0.167745948482153,1.0182003716696,0.164747483058852,0.869142741508116,0.966154094649379
"AAD021_004840",24.9584506116199,0.102576025657368,0.614807967692599,0.166842381764082,0.867494070207428,0.966154094649379
"AAD021_005088",49.2215062360273,0.0805911587196218,0.485336566288686,0.16605210552317,0.868115945038318,0.966154094649379
"AAD021_003968",5.81087262448377,-0.141453055284362,0.857983923665361,-0.164866789904484,0.869048832467593,0.966154094649379
"AAD021_002408",4.16557998702382,-0.127250570297778,0.773083739192322,-0.164601276481023,0.869257826435996,0.966154094649379
"AAD021_000341",4.93266165394142,0.125122036534945,0.753413882958191,0.166073441656886,0.86809915438672,0.966154094649379
"AAD021_000633",9.70395604995655,-0.122522583052557,0.741704830398113,-0.165190488225339,0.868794051712643,0.966154094649379
"AAD021_000798",6.30646769369977,0.135043128476608,0.806947627316955,0.167350549038253,0.867094232515027,0.966154094649379
"AAD021_001192",9.06319371858067,-0.127229114438107,0.771333713982861,-0.164946912252994,0.86898576744271,0.966154094649379
"AAD021_003757",5.5982084407325,-0.117000527853459,0.715440323695451,-0.163536390078096,0.870096123658916,0.966565338660927
"AAD021_004163",7.5478727619266,-0.133115147324202,0.817891273440536,-0.162754086816749,0.870712059562641,0.966729258169602
"AAD021_008385",10.0079834202599,-0.126498087304083,0.780236849346985,-0.16212780440959,0.87120521109765,0.966756750379327
"AAD021_007719",16.0904281272778,0.0894589145163057,0.570547480931249,0.156794863716322,0.875406520943786,0.968615803269913
"AAD021_008174",6.92706725095423,-0.122912045735902,0.785745773563782,-0.156427243863406,0.875696264002741,0.968615803269913
"AAD021_006136",4.41386897531356,0.151174483195386,0.958721031813311,0.157683495176336,0.874706206717239,0.968615803269913
"AAD021_000504",7.08095504106416,-0.122656266429964,0.778628868517876,-0.15752853687976,0.874828319472897,0.968615803269913
"AAD021_000626",7.53478776980294,-0.108965614388855,0.686215087771356,-0.158792215925689,0.873832581789061,0.968615803269913
"AAD021_000636",5.61167753655751,-0.108271488708536,0.688171680520768,-0.15733208990321,0.874983131097003,0.968615803269913
"AAD021_010247",16.1407020438372,0.124602571190035,0.820441373790188,0.151872608050481,0.879287413257543,0.969592202771823
"AAD021_008435",16.4998101707133,0.0803418866419259,0.529498881748108,0.151731928831808,0.87939837316432,0.969592202771823
"AAD021_009039",11.2701954826182,-0.0987820544957012,0.653591135337066,-0.15113738414576,0.879867342922299,0.969592202771823
"AAD021_006872",59.1529916369238,0.0732108071125177,0.482511180023123,0.151728727008998,0.879400898610816,0.969592202771823
"AAD021_007164",4.69622313813874,-0.143129800091158,0.926974347377807,-0.154405351664842,0.877290134245068,0.969592202771823
"AAD021_004286",4.61914382263966,0.12095190118853,0.793823429767139,0.152366252560737,0.878898072820582,0.969592202771823
"AAD021_001795",4.3350933292357,-0.107792695305589,0.707656073708238,-0.15232356410189,0.878931740313192,0.969592202771823
"AAD021_005165",4.59593786217494,0.119922749086715,0.806137697792586,0.148762115225593,0.88174134560334,0.970103484714976
"AAD021_006101",7.29686925953671,-0.102997675622135,0.690306174607192,-0.149205786375509,0.881391254237663,0.970103484714976
"AAD021_002433",3.94933177649383,-0.132963578120396,0.89336745002951,-0.148834142228938,0.881684509070615,0.970103484714976
"AAD021_012543",9.70842839756186,0.108441804974921,0.737527142932124,0.147034324111514,0.883104928016745,0.970568994369841
"AAD021_002753",15.1009261392728,0.0763566763936757,0.518978887309368,0.147128675676086,0.88303045625493,0.970568994369841
"AAD021_002450",7.10447060767507,-0.122700274270641,0.838682897279499,-0.146301152281337,0.883683656257411,0.970688167384405
"AAD021_010524",43.8115241852447,0.0738426813925752,0.513412858882781,0.143827097656381,0.885637004506304,0.971109375067775
"AAD021_009842",52.9503733197709,0.0807548552450572,0.556453608351858,0.145124146978294,0.884612853576339,0.971109375067775
"AAD021_007308",8.65508084442861,0.0932469497679535,0.649270420099117,0.143618047090022,0.885802088884082,0.971109375067775
"AAD021_004032",5.37308985467366,0.101644676030465,0.708661664111049,0.143431881782358,0.885949105258052,0.971109375067775
"AAD021_006726",4.99984959118633,-0.104310383909389,0.737935782461865,-0.141354283649715,0.88759006792015,0.972203036649069
"AAD021_002079",9.40543760892683,0.0857005129564188,0.608623559615905,0.140810377124578,0.888019744990173,0.972203036649069
"AAD021_000229",8.65053195404948,-0.276815332631077,1.97190338719009,-0.140379764256875,0.888359945310148,0.972203036649069
"AAD021_010065",8.84562581319617,-0.115580670178508,0.835563046631411,-0.138326689583119,0.889982233027995,0.97242392039041
"AAD021_008835",4.24065842794971,-0.135344080240372,0.989994959482366,-0.136711888221268,0.891258532325642,0.97242392039041
"AAD021_009281",4.45906346729105,0.142188291751417,1.04131123606822,0.136547351864069,0.891388593691209,0.97242392039041
"AAD021_006001",4.21417872892434,-0.111126308044735,0.809024790663175,-0.137358347144891,0.890747553077966,0.97242392039041
"AAD021_004070",4.57449005427364,-0.109512845560891,0.790248635995107,-0.138580239905114,0.889781858896611,0.97242392039041
"AAD021_002193",14.1931634405785,0.0820178242423907,0.597159066483046,0.13734669512,0.890756762764047,0.97242392039041
"AAD021_000432",6.78703635361603,0.093267292371807,0.691382887174909,0.134899625232135,0.892691235864295,0.973025226672445
"AAD021_000503",4.14474477461548,-0.108870460685659,0.808498805061303,-0.134657540622344,0.892882645018223,0.973025226672445
"AAD021_001400",4.92575915564348,0.109366825450428,0.821432367581919,0.133141606986312,0.894081390425495,0.973817408885606
"AAD021_011208",11.386662165266,-0.212756046233138,1.61358547326706,-0.131852975722672,0.895100583725882,0.974339428788449
"AAD021_010618",16.2172752728553,0.0902036016920272,0.699972229001868,0.128867400669101,0.897462572036867,0.974339428788449
"AAD021_009528",9.47670641078002,0.0838144324832701,0.66839589398341,0.125396390429278,0.900209745581076,0.974339428788449
"AAD021_007617",6.65860440694625,0.108439833723436,0.848211225497793,0.127845317844969,0.898271385841633,0.974339428788449
"AAD021_008108",6.7510988917713,-0.0937188724216623,0.747499058655959,-0.125376575845023,0.90022543154049,0.974339428788449
"AAD021_008299",4.75192469492442,0.105052466870227,0.803543864829081,0.130736443233963,0.895983802220268,0.974339428788449
"AAD021_009378",6.43727839414339,-0.108251356733148,0.860396875343225,-0.125815608860695,0.899877885875285,0.974339428788449
"AAD021_005318",17.7562916526178,-0.135351792787311,1.06194886554885,-0.127456035952689,0.898579467549627,0.974339428788449
"AAD021_007130",6.36014633496113,-0.0928991492417465,0.722320179791533,-0.128612147134748,0.897664554117468,0.974339428788449
"AAD021_007183",8.01024390550534,-0.0811836408401962,0.634382824245315,-0.127972633774843,0.898170630025467,0.974339428788449
"AAD021_002483",5.5180535962339,0.101606116210393,0.790846370670286,0.128477691721942,0.897770951331137,0.974339428788449
"AAD021_002686",3.93145510774643,0.119680219445115,0.952722930860266,0.125619123428728,0.900033424564931,0.974339428788449
"AAD021_005045",7.06024063562079,0.0860315532694564,0.697796790307157,0.123290267975562,0.901877247068503,0.97497747876375
"AAD021_002152",5.44320436328024,-0.0884098410927959,0.719702592318121,-0.122842187921031,0.902232066104052,0.97497747876375
"AAD021_000986",40.2736342695798,-0.0595412346793492,0.481432839158015,-0.123675058775554,0.901572560236996,0.97497747876375
"AAD021_009095",7.37881875737812,-0.0848078770754718,0.694325860298509,-0.122144200475279,0.902784817006628,0.97503443140715
"AAD021_003521",11.8969474127896,-0.0716474809033003,0.592195511166057,-0.120986193836937,0.903701970582306,0.97503443140715
"AAD021_001076",45.0754293522774,-0.0585628804797949,0.482316206688407,-0.121420096749161,0.903358299740893,0.97503443140715
"AAD021_009788",27.9854899059622,-0.0582027341640918,0.494041029582043,-0.117809515159765,0.906218590047568,0.975362460262862
"AAD021_008145",5.43532145615143,-0.228415492775501,1.93449660036799,-0.11807490007067,0.906008311151018,0.975362460262862
"AAD021_009056",4.58087424886011,0.113423414375389,0.961950957468108,0.117909768158996,0.906139153371038,0.975362460262862
"AAD021_006780",5.04918696863853,0.0930313662180332,0.78731896150348,0.11816223254725,0.905939114320897,0.975362460262862
"AAD021_000440",5.83816026377122,0.078876710507683,0.670606571043796,0.117619948735235,0.906368797860547,0.975362460262862
"AAD021_011888",4.69827754984947,-0.0836650514932327,0.744841967004833,-0.112325909655262,0.910564998866196,0.9769472284628
"AAD021_008451",9.31628176699825,-0.0799737018828756,0.710762555430747,-0.112518169776697,0.910412563825511,0.9769472284628
"AAD021_005078",17.0447074479812,0.058548857529303,0.521923208418045,0.112179065013731,0.910681428082571,0.9769472284628
"AAD021_004049",10.3435988988832,0.077043025146782,0.685849967643081,0.112332184561501,0.910560023702456,0.9769472284628
"AAD021_004518",13.4385375504043,-0.0700334089593067,0.608303006638766,-0.115129151417947,0.908342754038938,0.9769472284628
"AAD021_000614",5.51011108175841,-0.0817787958120204,0.728101418689862,-0.112317863573419,0.910571378341095,0.9769472284628
"AAD021_000556",11.7089826183338,0.0797277364033039,0.715714149439211,0.11139606009714,0.911302284204702,0.977105410181042
"AAD021_001218",8.15498222300046,-0.0745588218538465,0.674641323236309,-0.110516239201272,0.911999971737136,0.977345764104594
"AAD021_010378",5.32330300150809,0.0852695522359609,0.82964254644863,0.102778663655771,0.918138639508159,0.977818936821529
"AAD021_009577",47.0050673454956,0.0514849391367822,0.531636727734255,0.0968423294534262,0.922851607852502,0.977818936821529
"AAD021_008120",43.8506650286557,0.0501288365190665,0.508958974877842,0.098492882517885,0.921540923409132,0.977818936821529
"AAD021_008153",4.47510903728996,0.0844286679045119,0.8776015196403,0.0962038761499825,0.923358652374264,0.977818936821529
"AAD021_008198",17.8452764372507,-0.0673770050517124,0.675010252790094,-0.0998162691206773,0.920490191666318,0.977818936821529
"AAD021_008473",4.03176033283305,0.0846854352488807,0.88051501773798,0.0961771617097859,0.923379869031458,0.977818936821529
"AAD021_008804",6.7512853803498,0.0777103370754912,0.822846950036685,0.0944408156000659,0.924758994513384,0.977818936821529
"AAD021_009063",4.69808429541299,0.0725724465205538,0.744661100231321,0.0974570129929036,0.922363470333267,0.977818936821529
"AAD021_009101",6.24088692954437,0.0713167496412093,0.721367927342301,0.0988632110439924,0.921246879095295,0.977818936821529
"AAD021_009251",16.3664809085824,0.0581526729131564,0.546121828398793,0.10648296751598,0.915199168525766,0.977818936821529
"AAD021_009305",61.0895101740976,-0.199758767322126,2.11150703491594,-0.0946048315344959,0.924628712042208,0.977818936821529
"AAD021_009412",17.9311596638778,0.0875093682018257,0.925335193183288,0.0945704527899568,0.924656019878874,0.977818936821529
"AAD021_007334",5.57527192029392,-0.0834913847760535,0.793851403089744,-0.105172560571282,0.916238883437839,0.977818936821529
"AAD021_006074",8.45136094021386,0.0860675114011433,0.803438382624261,0.107123972743276,0.91469062909712,0.977818936821529
"AAD021_006394",8.9570928225984,-0.0691204680184819,0.667714781048544,-0.1035179540431,0.917551900777542,0.977818936821529
"AAD021_003784",10.4963385877502,-0.0604514272361434,0.637981016097904,-0.094754272793074,0.924510008406083,0.977818936821529
"AAD021_004069",4.8286125788655,0.0839704486515444,0.800258761241197,0.10492912132734,0.916432051037709,0.977818936821529
"AAD021_004170",5.8910743485277,0.0746411750917292,0.743138737722164,0.100440430975939,0.919994672761423,0.977818936821529
"AAD021_004185",6.88806590310465,-0.0738906446821299,0.707520258974194,-0.104436083270974,0.916823288923378,0.977818936821529
"AAD021_004517",7.19334897325396,-0.0683128649046329,0.699570461278867,-0.0976497274909976,0.922210436332338,0.977818936821529
"AAD021_002776",4.87701250172755,0.0792241954320359,0.74182622206003,0.106796164756798,0.914950690155837,0.977818936821529
"AAD021_002938",17.1394301188945,0.0668182583125683,0.660667557068522,0.101137489797517,0.91944131805403,0.977818936821529
"AAD021_000200",4.66797482353264,-0.108275547868042,1.028821752374,-0.105242280908424,0.916183561673326,0.977818936821529
"AAD021_000411",6.63907048556347,-0.0721312361917654,0.750002263622553,-0.0961746913180867,0.923381831023812,0.977818936821529
"AAD021_000802",10.7182168911766,-0.0663418899901991,0.617431857991007,-0.107448116146876,0.914433484254285,0.977818936821529
"AAD021_000930",5.93371614183299,-0.0652692577542755,0.659055435712546,-0.0990345488672114,0.921110838901086,0.977818936821529
"AAD021_011072",4.31378359651756,-0.081362100569918,0.871039557835296,-0.0934080431112897,0.925579400977797,0.977963542618788
"AAD021_006032",53.1556379828078,0.0528817747164919,0.568158536799879,0.0930757373009751,0.92584339257612,0.977963542618788
"AAD021_001010",10.1192930566718,-0.059030260134837,0.644380246223173,-0.09160780529947,0.927009649798043,0.978694586794456
"AAD021_008907",4.2783757119741,0.0859164823558449,0.944164203811253,0.0909973943187327,0.927494661500205,0.97870602317813
"AAD021_006168",14.7912922770075,0.0566614414147686,0.630089366269355,0.089926039777898,0.928345988230395,0.979103791368183
"AAD021_006205",24.1261268368637,-0.0570234579771686,0.643460607986709,-0.0886199672044982,0.929383938984748,0.979697880523248
"AAD021_011668",44.564768658769,-0.0465357378566512,0.680625151797568,-0.0683720513909129,0.945489469512384,0.982943380471177
"AAD021_011693",4.10986189730558,-0.0880738714419039,1.09322022482152,-0.0805637047707227,0.935788931739227,0.982943380471177
"AAD021_010939",12.6410479826064,0.0680062384626399,0.903004205516157,0.0753110982730889,0.939967191416214,0.982943380471177
"AAD021_011202",6.06863423748423,0.0690179843344665,0.862197474419276,0.080048928908024,0.936198341155029,0.982943380471177
"AAD021_010294",5.12540290292724,-0.0677865567178079,0.960088176117607,-0.0706045115480146,0.943712519680402,0.982943380471177
"AAD021_010416",20.4132717270982,-0.0457084837394389,0.632397331343361,-0.0722781097800387,0.942380584990505,0.982943380471177
"AAD021_010500",4.96196895593219,0.0689597413598019,0.915019840832615,0.0753642033565661,0.93992493976546,0.982943380471177
"AAD021_008079",6.77125498798935,0.0509893961072577,0.770340208737692,0.0661907499165996,0.94722596112266,0.982943380471177
"AAD021_008336",5.33552733556437,0.057068792246239,0.722994609757311,0.07893391109153,0.937085190230033,0.982943380471177
"AAD021_008367",9.81783825803475,0.0423254342443053,0.618171040119987,0.0684688079792446,0.945412449414797,0.982943380471177
"AAD021_008399",7.89099823341255,-0.0492441923254535,0.733284799469975,-0.0671556158821888,0.946457818710845,0.982943380471177
"AAD021_008492",17.1973484315802,0.0428955353220488,0.587452762004475,0.0730195482879047,0.941790561749799,0.982943380471177
"AAD021_005336",12.7963467487676,0.045881845523665,0.649713006026407,0.0706186348404424,0.943701278981417,0.982943380471177
"AAD021_006936",8.0506380697676,0.0616873240286855,0.911457760316671,0.067679849483374,0.946040490307695,0.982943380471177
"AAD021_007104",6.04503505716525,-0.0564840202109898,0.793445752378252,-0.0711882570946862,0.943247927186251,0.982943380471177
"AAD021_007388",45.6030265070902,-0.0335131829684259,0.470321361166576,-0.0712559235780837,0.943194073904939,0.982943380471177
"AAD021_005869",23.008577589455,-0.0423468877014846,0.563040463109237,-0.0752110913443688,0.940046759734452,0.982943380471177
"AAD021_006442",6.09553549110761,-0.0527709369384917,0.724100389022586,-0.0728779292740384,0.941903257119862,0.982943380471177
"AAD021_003573",16.5475635050815,0.0440860323298455,0.62820893075524,0.0701773409633715,0.944052509143977,0.982943380471177
"AAD021_003642",36.2748367354209,0.0316260750521758,0.467498640972779,0.0676495550583158,0.94606460649037,0.982943380471177
"AAD021_004044",46.3387622526208,0.0340798209509761,0.500706584839428,0.0680634566887215,0.945735120206679,0.982943380471177
"AAD021_002103",7.04245385243384,-0.0411296697786378,0.620801085730381,-0.0662525738502023,0.947176740802109,0.982943380471177
"AAD021_002309",3.9722946260403,0.0550025184425563,0.789194769072075,0.0696944792313151,0.944436836033617,0.982943380471177
"AAD021_002507",4.0001924065052,-0.060280750829663,0.802682839807244,-0.0750990900018977,0.940135871855202,0.982943380471177
"AAD021_002714",36.7274415448033,0.0458733652352924,0.551594360110474,0.0831650367601744,0.933720313024089,0.982943380471177
"AAD021_002719",11.2727250887097,-0.0534803137538036,0.639120193427562,-0.0836780222308295,0.933312431568102,0.982943380471177
"AAD021_002758",13.9171637349113,-0.043970054002492,0.531932651779902,-0.0826609418605226,0.934121142423237,0.982943380471177
"AAD021_002797",4.63823211461973,0.0535821584194978,0.785501454020709,0.0682139519223412,0.945615320813751,0.982943380471177
"AAD021_003135",4.97466940872107,0.059610371317467,0.774099419811975,0.0770060922303056,0.938618698462526,0.982943380471177
"AAD021_000399",5.98439117464593,-0.0663494097932683,0.872905558504806,-0.0760098376586325,0.939411271522598,0.982943380471177
"AAD021_001007",5.15642052263316,0.053553982105002,0.754179885861654,0.0710095603303135,0.94339014665715,0.982943380471177
"AAD021_006471",6.52174596702183,-0.045311434260583,0.704992153047847,-0.0642722533359995,0.94875344639237,0.983482092441561
"AAD021_004278",9.86011664980727,-0.0511581600003278,0.810413855273121,-0.0631259691174539,0.949666195168953,0.983482092441561
"AAD021_000490",9.05363094881078,-0.0461554743834888,0.736500977613964,-0.0626685853602236,0.950030413454988,0.983482092441561
"AAD021_000854",5.93092751307601,-0.047547257466968,0.738304134054128,-0.0644006382652628,0.948651221821477,0.983482092441561
"AAD021_000955",6.14746551475274,0.0461757514356574,0.738261738015369,0.0625465862009716,0.950127564112632,0.983482092441561
"AAD021_009185",22.4063094636813,0.0483038195247556,0.79686510353753,0.0606173106468335,0.951663986973023,0.984085405366894
"AAD021_000939",30.5800499749178,0.0341357313198468,0.561264412752841,0.0608193403041907,0.951503087497659,0.984085405366894
"AAD021_006456",13.8272953033838,-0.028531315243209,0.481837493332149,-0.0592135639879341,0.952782006099865,0.984748152523846
"AAD021_011206",5.80796654387225,-0.039964099679771,0.744937540167931,-0.0536475845622733,0.957215944074147,0.984892177751266
"AAD021_008295",4.05222619437408,0.0479014672191492,0.870710383160595,0.0550142368180697,0.956127121629472,0.984892177751266
"AAD021_008383",4.13830002749867,0.0485714693827235,0.885741839609561,0.0548370498159306,0.956268283311858,0.984892177751266
"AAD021_003612",4.61768475425314,-0.0495330263864697,0.856082013745407,-0.0578601414247216,0.953860032439418,0.984892177751266
"AAD021_003977",5.2945607625507,0.040191706121959,0.743579621287224,0.0540516509212321,0.95689401287057,0.984892177751266
"AAD021_004149",7.85993095478423,0.0447419242805498,0.783635463710513,0.0570953285711406,0.954469257615183,0.984892177751266
"AAD021_002662",8.79522235018305,-0.0455442006064172,0.822132820391365,-0.0553976188236062,0.955821692829864,0.984892177751266
"AAD021_002770",5.39465729188556,0.0458618413342936,0.814237392505444,0.0563249019959336,0.955082981396485,0.984892177751266
"AAD021_002851",7.273488012975,-0.0458002782836018,0.819315029928589,-0.0559006933970121,0.955420918444509,0.984892177751266
"AAD021_005140",3.96565534886345,-0.041830563011572,0.791199175338619,-0.0528698263539889,0.957835625840987,0.985038730311807
"AAD021_002942",9.4053281941318,0.0343036382565966,0.668886228156658,0.0512847130238155,0.959098649314099,0.985846420410508
"AAD021_007678",12.3470823261876,0.042023269543875,0.839559132074671,0.0500539723033319,0.960079378509725,0.986342637145621
"AAD021_008105",6.45135021559896,-0.0448424992129866,0.910849565693596,-0.049231509682765,0.96073480060861,0.986342637145621
"AAD021_003052",5.4225771892604,0.0483521100344272,0.989203153184935,0.048879858377673,0.961015040358452,0.986342637145621
"AAD021_007872",4.30935508142856,0.0357861894599552,0.757668903183649,0.0472319628132885,0.962328353299696,0.986709250477185
"AAD021_000853",17.3146223751505,-0.0279624871582639,0.588252617217284,-0.0475348283030848,0.962086972726625,0.986709250477185
"AAD021_010272",9.03752121042265,0.0337962187710423,0.75313798612703,0.0448738735710802,0.964207841730402,0.987698772481143
"AAD021_000933",4.37103339925871,-0.0345944553908477,0.771846907427934,-0.0448203588793646,0.964250497359255,0.987698772481143
"AAD021_005134",177.174822509955,0.0211638734527994,0.482826666692501,0.0438332737455822,0.965037303950946,0.987968419977288
"AAD021_006363",8.47123209930072,-0.0286942170471618,0.662850800873165,-0.0432891036857213,0.965471077080518,0.987968419977288
"AAD021_008337",7.7414518089949,-0.0262288861616271,0.640364388414129,-0.040959314159526,0.967328331221163,0.988309923579996
"AAD021_007198",5.12893740504347,0.0339621013275238,0.83923649455238,0.0404678556616369,0.967720133505413,0.988309923579996
"AAD021_007199",4.31574722499562,0.0333313121102971,0.808667792988749,0.0412175585565342,0.967122455863343,0.988309923579996
"AAD021_001246",15.1199672465715,-0.0242439780363962,0.574247382734267,-0.0422187001026614,0.966324355324092,0.988309923579996
"AAD021_009512",5.11551681207174,-0.0296172948169347,0.753384668566117,-0.0393123142169909,0.968641388881125,0.988426030932263
"AAD021_004879",32.5918763667693,0.0178435891846298,0.456078897657264,0.039123908771677,0.968791599116264,0.988426030932263
"AAD021_001079",4.62142236971392,0.0362494124512782,0.962530304280609,0.0376605414812066,0.969958336998951,0.989127474093792
"AAD021_005356",6.15237226333796,-0.0307402081620384,0.841978143846201,-0.0365095084554279,0.970876097114209,0.98957445157715
"AAD021_008168",8.62574826191545,0.0235197495949147,0.655833357305038,0.0358623868898076,0.971392087475995,0.989611682403976
"AAD021_006561",6.36351248274895,-0.033024432945594,0.949420446600764,-0.0347837810569935,0.972252153647126,0.989999232919422
"AAD021_009283",15.7611238288401,-0.0213007888732403,0.626609047308137,-0.0339937461240733,0.972882137690583,0.990152234809351
"AAD021_012258",30.3727579334099,-0.0184658059070339,0.634753040039091,-0.0290913233056697,0.976791755869774,0.991137186075066
"AAD021_011756",4.97200003503611,0.0238579282401242,0.83433561143289,0.028595121571223,0.977187502917219,0.991137186075066
"AAD021_010941",11.6121423942611,0.0283482998696841,1.0421550885206,0.0272016134469257,0.978298928838981,0.991137186075066
"AAD021_009719",6.77078098937898,0.0187257814045137,0.672047477506595,0.0278637775324883,0.977770798560377,0.991137186075066
"AAD021_007609",10.3129744365783,0.0160230011539116,0.63947006876222,0.0250566866795287,0.980009748347175,0.991137186075066
"AAD021_009148",11.2536948111388,0.0144508314156485,0.581593984012655,0.0248469410153562,0.980177049085765,0.991137186075066
"AAD021_007166",6.07948669169816,-0.0231823096504585,0.757766714118963,-0.0305929374021291,0.975594174651751,0.991137186075066
"AAD021_002334",8.01029453428217,-0.0158886538713545,0.628913811444745,-0.0252636427793737,0.979844673527887,0.991137186075066
"AAD021_002481",12.243918260372,0.0176502356011116,0.666595859679464,0.026478165660373,0.97887594877169,0.991137186075066
"AAD021_002565",4.5497580372444,-0.0208346072029242,0.835498165152622,-0.0249367480048485,0.980105415671031,0.991137186075066
"AAD021_002964",13.7857552631671,0.0173904728702172,0.556447338849062,0.0312526840476713,0.975068024616567,0.991137186075066
"AAD021_001308",10.1144350680207,-0.0217959499879481,0.69654153209939,-0.0312916731932045,0.975036930987021,0.991137186075066
"AAD021_001516",10.2644282870603,-0.020990098438895,0.812713362161917,-0.0258271851013484,0.979395178502773,0.991137186075066
"AAD021_001608",41.3845383311095,-0.0130700321014835,0.536737859174656,-0.0243508667742972,0.980572739324266,0.991137186075066
"AAD021_008311",86.4468133323769,0.0109903032701387,0.473709873151777,0.0232004944229173,0.98149034422215,0.991579084911658
"AAD021_009035",5.51651598395852,-0.0203412154167593,0.932081390215899,-0.0218234326211015,0.982588802108139,0.992203173948727
"AAD021_008104",23.0720162276706,0.0128091387767745,0.605997496334265,0.021137280028809,0.983136146368699,0.99227041863325
"AAD021_003780",8.93012982405721,-0.0139879215980858,0.724485973219623,-0.0193073739384122,0.984595901473843,0.993258035504405
"AAD021_012371",7.3257292790474,-0.011098888319805,0.773888908956699,-0.0143417074354609,0.988557365325275,0.993643300458528
"AAD021_012243",27.2623511181105,0.0103598162214434,0.700875319046493,0.0147812541545013,0.988206694966691,0.993643300458528
"AAD021_011685",4.62877546502218,0.0113101526334909,0.81298985850781,0.0139118003934883,0.988900347288669,0.993643300458528
"AAD021_010437",5.96953264198692,-0.0111387194733469,0.705600035179312,-0.0157861662670074,0.987404984782819,0.993643300458528
"AAD021_010471",4.20769789507983,0.0112746051999039,0.788720025743008,0.014294812901806,0.988594777914439,0.993643300458528
"AAD021_009779",5.47464864165944,0.00937902964647875,0.733067856756585,0.0127942175612169,0.989791969836596,0.993643300458528
"AAD021_007734",4.08178000980454,0.0111667404353711,0.846543209782149,0.0131909869529811,0.989475420385906,0.993643300458528
"AAD021_008338",69.9654741495201,0.00754424724223859,0.430141673261091,0.0175389824125674,0.986006634154812,0.993643300458528
"AAD021_004923",4.09922510994097,0.0155491417060362,0.893213905069271,0.0174080828990569,0.986111060912351,0.993643300458528
"AAD021_004443",4.72213248378687,0.0114774020321308,0.772900104118302,0.0148497871471034,0.988152019550946,0.993643300458528
"AAD021_001439",5.77570692737539,-0.0157884823420553,1.57742030212858,-0.010009052324704,0.99201406502207,0.995389902870954
"AAD021_012493",57.0906935195911,-0.00960948118002001,1.98768043082714,-0.0048345201929775,0.996142626005273,0.999046831911994
"AAD021_008791",9.18521093766777,-0.00243410295350027,0.646230305971046,-0.00376661838822725,0.996994680447884,0.999160250522229
"AAD021_009215",10.3293135918451,-0.00180665112905857,0.699587163625455,-0.00258245322812386,0.99793950273055,0.999160250522229
"AAD021_004631",4.7129595887678,0.00150741369100597,0.78309343287622,0.00192494742992468,0.998464115113823,0.999160250522229
"AAD021_001792",61.464692475256,0.00159249985241584,0.522905645105567,0.00304548223436053,0.997570060501271,0.999160250522229
"AAD021_002664",9.79166822532793,-0.00123122059515195,0.74206277443631,-0.00165918657769515,0.998676161253565,0.999160250522229
"AAD021_012147",5.28976603064809,0.000489142642824859,0.796235705546302,0.000614318900066476,0.999509844465057,0.999509844465057
"AAD021_012357",3.43662801064198,0.244704958084291,0.895586704904574,0.27323424604697,0.784673156639729,NA
"AAD021_012386",2.40450946923239,-0.495339895351962,1.04665006284607,-0.473262184693347,0.636026137528114,NA
"AAD021_012453",3.67003230137135,0.180474969452356,0.874473200105092,0.206381361293482,0.836493028974304,NA
"AAD021_012455",3.40320285116179,-1.33594375621157,1.02647270275748,-1.30148980350158,0.193090852445373,NA
"AAD021_012458",3.37654493772834,-0.536684939378061,0.906355253688868,-0.59213529925904,0.553759990981514,NA
"AAD021_012467",2.09103504922103,0.144575767621161,0.935355595698907,0.154567704823675,0.877162131775419,NA
"AAD021_012506",2.25094722716046,-0.47798219996206,1.04696209739704,-0.456542028742415,0.648000255286244,NA
"AAD021_012517",3.43310777633079,-0.311125337996431,0.950759276527717,-0.327238813943206,0.743487266209895,NA
"AAD021_012521",3.18608430431499,-0.263288599154998,1.03233410926601,-0.255042041904628,0.79869062789829,NA
"AAD021_012585",3.73470131131203,-1.16159648575209,0.853690811542495,-1.36067586771053,0.173616144122923,NA
"AAD021_012604",3.26209597541707,-0.442235382755945,1.04449790230666,-0.423395185169179,0.672006957202473,NA
"AAD021_012609",3.77728251428904,-0.517462430957129,0.909427343283359,-0.568998100594715,0.569357428947158,NA
"AAD021_012141",3.64712452157116,-1.65996351073867,0.962366461344475,-1.72487672567019,0.0845496907801934,NA
"AAD021_012154",2.86362034543482,-0.52197741638208,1.00454807013588,-0.519614174672074,0.603332516541137,NA
"AAD021_012172",3.42481615428182,-4.89811537948369,1.31731995529258,-3.71824275477236,0.000200613441545471,NA
"AAD021_012211",2.58321105583023,0.368246471252367,1.0049921357332,0.366417266522897,0.71405373748386,NA
"AAD021_012239",2.22928521218107,-1.19153070623996,1.1483012948114,-1.03764640136164,0.299434706835156,NA
"AAD021_012241",3.53822803413735,-0.444557094369459,1.01831666123846,-0.436560758839787,0.662429926468659,NA
"AAD021_012245",3.26202103126504,0.0596814928284197,0.835488048705027,0.0714330898220789,0.943053074996311,NA
"AAD021_012252",2.52804842241907,-0.825901288566357,0.95241402879174,-0.867166236110696,0.385850933067679,NA
"AAD021_012297",2.06330993787874,0.758501770788544,1.24661141858436,0.608450844810883,0.542888498063498,NA
"AAD021_012354",2.7178215399581,0.31872652411236,0.998270710804382,0.319278649230867,0.749515221546674,NA
"AAD021_011806",1.80538035528664,0.76931216323041,1.3870173029231,0.554652174568483,0.579132594455817,NA
"AAD021_011856",3.46171409441753,-1.23753394034705,0.860880057637272,-1.4375219049022,0.150569753258191,NA
"AAD021_011891",3.84483945869696,-0.00447852873966204,0.958263858909573,-0.00467358619238572,0.996271031308462,NA
"AAD021_011912",2.32664239532446,-0.565050287805814,1.11521240665471,-0.506675037359734,0.612382848463734,NA
"AAD021_011977",3.62612935280533,0.198345763162684,0.930851525474557,0.213079914180261,0.831264631055862,NA
"AAD021_011984",2.71243499963915,-1.12151379776291,0.907656966469002,-1.23561415732406,0.216602019727477,NA
"AAD021_011990",2.6119845089622,-0.552032363281828,1.10438928275075,-0.499853060785649,0.617178545657469,NA
"AAD021_011637",3.21969090664675,0.506681947487951,0.89839909218047,0.563983147242728,0.572765601508608,NA
"AAD021_011639",3.69860804631397,-0.945941744669055,1.00664479190389,-0.939697649336635,0.347372671247807,NA
"AAD021_011646",2.42704668483392,-0.974150152306108,0.952688387821685,-1.02252758064313,0.306531265684181,NA
"AAD021_011649",3.43293845273802,-1.93604191003945,1.01367659327412,-1.9099207014203,0.0561434242074782,NA
"AAD021_011655",2.30719417049682,0.065283926183428,1.08791054148209,0.0600085427010294,0.952148830862196,NA
"AAD021_011662",3.27330832344443,0.82396774296696,0.872598990928724,0.944268503095558,0.345032456969887,NA
"AAD021_011681",2.75291669557465,1.60856324230569,0.973397514674945,1.65252450109537,0.0984276746738348,NA
"AAD021_011699",3.14126350376232,-0.137520150227068,0.880862200274615,-0.156119935881226,0.875938484478941,NA
"AAD021_011710",2.72960498851549,0.0444479732826706,0.969321996010235,0.0458547040773036,0.963426057082652,NA
"AAD021_011721",3.89534466155972,-0.870698846896884,0.812725859484501,-1.07133154031687,0.28402038289437,NA
"AAD021_011724",2.21954199091953,-0.223094101310744,0.973622794637319,-0.229138124681898,0.818761562413943,NA
"AAD021_011731",3.14939075229823,-0.418524010236612,0.839702464474551,-0.498419413950995,0.618188455965815,NA
"AAD021_011738",2.5986088352906,-0.577534774686412,0.914881972321349,-0.631266974494011,0.527865976915681,NA
"AAD021_010940",2.85808001453755,0.0581736662108669,0.973659298269559,0.0597474561319923,0.952356774691453,NA
"AAD021_010943",3.55015322692814,0.949680171275538,0.997172780705966,0.952372737855114,0.340907980451577,NA
"AAD021_010954",2.34341173540829,0.40815620242576,1.06101868407219,0.384683331738566,0.700472046003716,NA
"AAD021_010975",2.60812451692161,0.334234278017553,0.920278242121151,0.363188286672056,0.716464236988899,NA
"AAD021_011039",2.65266753367391,0.638245033045951,1.12487018847107,0.567394388781391,0.570446261330723,NA
"AAD021_011095",2.9644355270037,0.579999464605328,1.01153216802859,0.573387068584987,0.566382644029622,NA
"AAD021_011101",3.61774195107416,0.314326531167979,0.906108338293807,0.346897294599288,0.728668479194172,NA
"AAD021_011178",3.74954946430112,0.461431308504901,0.88815821523497,0.519537285800848,0.603386118752609,NA
"AAD021_010222",2.86883828290716,0.266199572026331,1.04617484095947,0.254450366806941,0.799147643935276,NA
"AAD021_010244",3.65512287713852,-0.676545553054828,0.871088939096825,-0.776666448957891,0.437355586396978,NA
"AAD021_010254",3.18750225562417,0.0699509509309823,1.00228342476267,0.0697915870927888,0.944359543378259,NA
"AAD021_010306",3.4093468904678,0.668153341205018,0.852702418076741,0.783571533328156,0.433291564675647,NA
"AAD021_010359",3.28234846315747,0.588127930322336,1.02356723390235,0.574586515514082,0.56557097389007,NA
"AAD021_010440",3.6541613922814,0.992600214642625,0.940058851806989,1.05589156757009,0.291017757076435,NA
"AAD021_010496",3.66915507294867,-0.897777809598055,0.788211215973717,-1.13900664111838,0.254700384259874,NA
"AAD021_010532",3.76363037665077,0.35458835227898,0.91370607330084,0.38807704429281,0.697959019298922,NA
"AAD021_010747",3.78185864348692,-0.577533378881342,1.03540890769887,-0.557782895807678,0.576992643741768,NA
"AAD021_010749",2.77697370634973,0.276146094510625,0.942543360499285,0.29297972494798,0.769537649185439,NA
"AAD021_009515",3.52105911344347,0.57893458749734,0.90738059332386,0.638028399281301,0.523455193576196,NA
"AAD021_009526",3.09984449161642,0.397663125062743,0.922974118178458,0.430849703399651,0.666577656803925,NA
"AAD021_009672",2.17888680586353,-0.279769002055766,1.05292298723695,-0.265706994193306,0.790464876376614,NA
"AAD021_009691",3.88666679455152,0.766349444114211,0.862730690629707,0.888283507747769,0.374388268754267,NA
"AAD021_009695",3.49602319256581,0.703212350152134,0.991316061772584,0.709372497097154,0.478093350308289,NA
"AAD021_009723",2.15151412529586,0.41899077390328,1.0893447167589,0.384626434091397,0.700514206469314,NA
"AAD021_009727",2.17764685998959,-0.265970666701411,1.09755043326234,-0.242331157312602,0.808523573074059,NA
"AAD021_009792",3.43871361716634,-0.710683458216674,0.84526944495742,-0.840777414180013,0.400472642349185,NA
"AAD021_009797",1.59924354634355,-1.23841641558718,1.12063196896279,-1.10510537793545,0.269113930564466,NA
"AAD021_009814",3.31006651253014,-0.188075981271689,1.23484642466006,-0.152307183724052,0.878944659231931,NA
"AAD021_009874",3.00584279348233,-0.230744450777987,1.01716655453165,-0.226850214205314,0.820540216088167,NA
"AAD021_009944",2.52164800103691,-0.332524090656114,1.14267437827241,-0.291005116574724,0.771047406317993,NA
"AAD021_007622",3.60007460607071,-2.76809856362965,0.997700110041374,-2.77447956131312,0.00552901081351504,NA
"AAD021_007675",3.77142854135041,-0.185290950585577,0.878984516759814,-0.21080115411886,0.833042437923861,NA
"AAD021_007684",3.2098562505161,0.0748673107192118,1.03091334754448,0.0726223119504056,0.942106671229712,NA
"AAD021_007695",3.8631470345937,0.345726423425697,0.863755290602107,0.400259688348419,0.688965255786309,NA
"AAD021_007700",3.71642101905534,1.43131304312294,1.08055880026225,1.32460449424461,0.185302364515345,NA
"AAD021_007730",2.40966062307289,-1.39966613290107,1.11538901748749,-1.25486813206565,0.209526634313294,NA
"AAD021_007751",2.99433671544298,-0.0796950962684526,0.924600297656498,-0.086194106221303,0.931312115826703,NA
"AAD021_007764",3.65991154518355,-0.96366936313482,0.757293149931055,-1.27251826221134,0.203189039660712,NA
"AAD021_007801",3.5510822831664,-1.41766672032778,0.888509274168267,-1.59555646918245,0.11058785295656,NA
"AAD021_007817",3.28374705907621,-1.05042091644346,0.983862879043419,-1.06764970893581,0.285678551786975,NA
"AAD021_007820",1.97334664715403,-0.820950021539907,1.13266113522144,-0.724797555077588,0.468576235917594,NA
"AAD021_007822",3.34087326520013,0.126080236586416,0.879811662940443,0.143303665883491,0.886050360759552,NA
"AAD021_007829",2.34281647920324,-0.17392188684439,1.04757042170433,-0.166024052646914,0.868138021578014,NA
"AAD021_007839",2.69202610458697,-1.06675918819661,1.10318396931371,-0.966982133415376,0.333552965347601,NA
"AAD021_007920",3.46699804439699,-1.81174195779774,0.947585556586444,-1.91195607109538,0.0558818287939804,NA
"AAD021_007922",3.05319675625862,-0.462698665672517,0.915378654037873,-0.505472422402995,0.613227063199096,NA
"AAD021_007923",3.46878562762402,-1.21240761426329,0.943457595372973,-1.28506847600712,0.198768356359156,NA
"AAD021_007926",3.65744437073639,0.208314228767259,0.877739207018931,0.237330436081074,0.81240045191756,NA
"AAD021_007938",1.95578387812031,0.327686644287706,1.13267987951293,0.289302079267637,0.77235022129402,NA
"AAD021_007945",3.6559481731866,-0.682947133759995,0.980932148537499,-0.696222602937646,0.486289434583577,NA
"AAD021_007977",3.22509616290183,-1.10974392933657,0.924258849554707,-1.20068520833879,0.229873334032806,NA
"AAD021_007993",3.85408987852013,-0.107763984582876,0.741261451473014,-0.145379183510393,0.884411499200491,NA
"AAD021_008027",2.1714284957205,-0.561469590922654,0.974708469881336,-0.576038485631513,0.564589168642142,NA
"AAD021_008039",2.20876395527361,-0.347874326148883,1.05219050908219,-0.33061914467593,0.740932183383083,NA
"AAD021_008050",3.62090559044088,1.40544585165315,1.06785444141813,1.31613991302663,0.188127086735835,NA
"AAD021_008072",3.27003853286643,-0.0379146225779992,0.842412355216882,-0.0450072014533048,0.964101568843053,NA
"AAD021_008084",1.94778983414489,-0.466103162741716,0.993494102606928,-0.469155439895074,0.638958533782602,NA
"AAD021_008106",2.90015978475548,1.73512946316435,1.10827846236588,1.56560785225431,0.117440450582298,NA
"AAD021_008117",3.48020987147131,-0.972791309610067,1.2664046475429,-0.768152036947665,0.442396864631564,NA
"AAD021_008124",3.21500503298212,0.105309426007855,1.05083279146949,0.100215207274404,0.92017347313408,NA
"AAD021_008150",2.88695664766362,-0.708058233649505,0.877845161527146,-0.806586701939246,0.419904637721794,NA
"AAD021_008230",3.76503946541132,-0.48974625244095,0.906033439523537,-0.540538826799259,0.588825492144795,NA
"AAD021_008241",3.03068620777819,0.384373012423382,0.976048418545583,0.393805271459933,0.693724812209415,NA
"AAD021_008256",2.9984808811462,0.347878707333472,0.867296696647366,0.401106920709184,0.688341405722052,NA
"AAD021_008257",3.50528590496295,-0.0969228887054569,0.796162564704444,-0.121737560898052,0.903106865161882,NA
"AAD021_008259",2.97175421350512,-0.194124669210907,0.984144193823156,-0.197252262858739,0.843630134071951,NA
"AAD021_008261",3.54569324723364,0.234491535724478,0.917013338875787,0.255712240796795,0.798173042563334,NA
"AAD021_008263",3.09994246891977,-0.234877482569788,1.03237936997608,-0.227510825381207,0.820026552493333,NA
"AAD021_008274",3.89730090202685,1.80215142112656,0.992589458699489,1.81560604470631,0.0694308257101193,NA
"AAD021_008277",2.81498616626035,-1.10404761649213,0.933785591025514,-1.18233524601683,0.237072705643774,NA
"AAD021_008297",3.31949543350371,-1.87018942850589,0.920857762893013,-2.03092106497577,0.0422630025403518,NA
"AAD021_008316",4.37336596478896,0.387934368414261,0.94020679453776,0.412605365828039,NA,NA
"AAD021_008323",3.20881950221858,-1.24487875444042,0.851329771021981,-1.46227560319664,0.143665701215234,NA
"AAD021_008350",3.60503467654071,0.477919040458405,0.877789720127409,0.544457322180803,0.58612680917689,NA
"AAD021_008354",2.24508137872166,0.183554305244262,0.963918324207329,0.190425164284751,0.848975980185775,NA
"AAD021_008359",3.8478082468682,-1.02106403356711,0.906502338209428,-1.12637771633768,0.260005674825512,NA
"AAD021_008376",3.34597282110663,1.21215398123132,0.974549863311959,1.24380909265317,0.213569833114345,NA
"AAD021_008381",3.00889086232156,-0.73963550424272,0.959936722295619,-0.77050443749452,0.441000723772682,NA
"AAD021_008409",3.12560430026187,0.822016322462217,1.00422301237976,0.818559535410605,0.413037761615514,NA
"AAD021_008419",2.54778334665374,0.0609506793314571,1.10095800977838,0.055361493163328,0.955850472770062,NA
"AAD021_008422",3.71878076628987,0.123231581792459,0.836212343205607,0.147368766789608,0.882840956819922,NA
"AAD021_008424",3.24547509172274,0.490396961126891,0.950145130340886,0.516128479183964,0.605764678390329,NA
"AAD021_008439",3.55447639662992,0.678800170861872,0.914538760292433,0.742232259947975,0.457946626064025,NA
"AAD021_008482",2.77978145017146,-1.40263231212607,0.915637343229095,-1.53186446850184,0.125555883174915,NA
"AAD021_008483",3.81733044656987,0.575587169539832,0.864876543505127,0.665513678064527,0.505721997934217,NA
"AAD021_008491",2.91524184462608,-0.136631896391595,0.906971569199386,-0.150646283777345,0.880254748825162,NA
"AAD021_008496",3.6878003306388,-0.707594007964039,0.983419140099107,-0.719524340244923,0.47181791061295,NA
"AAD021_008505",3.55806531140718,-0.0750881702227295,0.965339611713029,-0.0777842008259486,0.93799971428225,NA
"AAD021_008506",3.73227894886579,-0.537145496966617,0.986451719096688,-0.544522845434839,0.586081731866487,NA
"AAD021_008632",3.31433929852065,0.305286001395603,0.935131181979043,0.326463289085836,0.744073860167324,NA
"AAD021_008678",3.60996879029267,-0.502004360484694,0.79094241941625,-0.63469141136114,0.525629696258343,NA
"AAD021_008712",3.59176714056406,-1.01277216436764,0.931866928546057,-1.08682058923136,0.277116106640996,NA
"AAD021_008718",3.29191218771091,0.734185243686692,0.94483042436504,0.777055040517022,0.437126297870377,NA
"AAD021_008733",2.88783127473024,0.736597567652075,1.11336564501133,0.66159538059447,0.508230568821086,NA
"AAD021_008745",3.8914321051139,-2.16456465199248,1.08017567704135,-2.00390056728672,0.0450807127818761,NA
"AAD021_008753",3.77869598071421,-0.771194626222216,0.742456152113231,-1.03870730147119,0.298940884379876,NA
"AAD021_008792",3.09365792215685,-0.870582801107737,1.03556242742451,-0.840685967405089,0.400523883906417,NA
"AAD021_008803",2.86962461021405,0.197504961426533,1.10286776709537,0.179083084408844,0.85787246397701,NA
"AAD021_008818",2.51434939953159,-0.0689255539635814,1.07676744542237,-0.0640115507360506,0.948961029514198,NA
"AAD021_008829",2.78388885407906,-1.64656993841687,0.934825472222787,-1.76136614517117,0.0781764512623228,NA
"AAD021_008864",2.65576635568619,0.532720652063127,0.879690746902049,0.605577191688302,0.544795551802829,NA
"AAD021_008897",3.49213511126166,0.158668136269818,0.890432372152299,0.178192236976173,0.858572006155031,NA
"AAD021_008906",3.16243074920473,-0.0906926596609326,0.841366265689311,-0.107792127352088,0.91416058796581,NA
"AAD021_008909",2.56778453465993,0.397479461605047,0.945351346089211,0.420456863206855,0.674151735574557,NA
"AAD021_008944",3.69998097089092,-0.227180397870403,0.829872212481316,-0.273753470056713,0.784274083543047,NA
"AAD021_008965",3.26557295778973,-0.36414477301974,0.937358575078729,-0.388479694645302,0.69766107779574,NA
"AAD021_009014",3.68748258568381,1.68522641094418,0.991500965748254,1.69967198133024,0.0891926424285412,NA
"AAD021_009017",3.74605678149732,-1.5875492317359,0.855132636656881,-1.85649472804872,0.0633830737733809,NA
"AAD021_009061",2.60142555303479,0.684582459274593,0.956611880328929,0.715632403644412,0.474218359739145,NA
"AAD021_009079",3.11573904136415,-2.07887319219278,0.915914713873627,-2.26972354598467,0.0232243618562043,NA
"AAD021_009089",2.7319988969032,-0.531238816097248,1.00510949138552,-0.528538254439271,0.597125803119672,NA
"AAD021_009092",3.46246716996815,-0.373603113193377,0.82514736255116,-0.452771383814747,0.650713371509922,NA
"AAD021_009114",2.94543096376013,-1.35067026847924,0.902404619643703,-1.49674573808424,0.134459430184049,NA
"AAD021_009122",3.49786215489547,-0.951066936681767,0.797551321493482,-1.192483682305,0.233071645259492,NA
"AAD021_009144",2.57388334799047,0.955244111091657,1.12614502310367,0.848242536701884,0.396302912389743,NA
"AAD021_009147",3.36603168201187,-0.529130424819513,1.08606122378639,-0.487201285922704,0.626115694149197,NA
"AAD021_009150",2.71332089801616,-0.632882081525795,0.921334592013954,-0.68691883167262,0.492133879174429,NA
"AAD021_009210",3.20266260020562,-2.10970965213755,1.04476310261793,-2.01931868272446,0.0434541072846055,NA
"AAD021_009225",2.88419229435751,-2.60228043038136,1.32870640974998,-1.95850671847894,0.0501705834663442,NA
"AAD021_009263",2.19560741311382,0.030462614894341,1.07615200261969,0.0283069815603981,0.977417312352545,NA
"AAD021_009296",2.47440956458302,-0.725313342392905,1.01905659772913,-0.711749812531703,0.476619715753065,NA
"AAD021_009307",3.64144588636864,-0.25644366879684,0.794853730621874,-0.322630012186272,0.746975461766475,NA
"AAD021_009316",3.85962808674458,-0.372161692119745,0.880967179764957,-0.422446716141047,0.672698985388916,NA
"AAD021_009343",2.74432877213085,-0.373629980459711,1.06471047628454,-0.35092167193052,0.725647112310367,NA
"AAD021_009385",3.61088242149423,-0.814044849925232,0.86542935563836,-0.940625418610597,0.346896851137687,NA
"AAD021_009416",2.45736919448959,0.0859708542611795,1.05453986682365,0.0815245179114283,0.935024827298259,NA
"AAD021_009452",2.89473943943635,-1.17870430969128,0.849954861616255,-1.38678459636066,0.165507455492544,NA
"AAD021_004883",1.92250661679749,1.45041943618074,1.39894861269723,1.03679250475417,0.299832569415712,NA
"AAD021_004986",2.80681477713882,4.07421014678599,1.40162499740672,2.90677617360142,0.00365174388337694,NA
"AAD021_005044",3.64907113575433,-0.603310637221194,0.934339251623708,-0.645708329359762,0.518468265289089,NA
"AAD021_005054",3.85371582468701,0.0668682700008188,0.81427033078962,0.0821204794923264,0.934550907845951,NA
"AAD021_005058",2.65885027608205,-0.483266344846706,1.07456216766575,-0.449733258240884,0.652902787309734,NA
"AAD021_005062",3.42765495971437,-0.490363300660378,0.833852692729398,-0.588069457514495,0.556485672738072,NA
"AAD021_005068",3.66980033729119,0.198274845580535,0.886469652102517,0.223667945214221,0.823015690061069,NA
"AAD021_005120",3.85371882211047,-0.154505567022311,0.847360949981626,-0.182337369955108,0.85531797323721,NA
"AAD021_005125",3.40010901144422,-0.793399844548287,0.779843708653728,-1.01738314452515,0.30897119723554,NA
"AAD021_005170",3.11295283171343,-0.198320215604492,0.804632978505045,-0.246472890003785,0.805316187875069,NA
"AAD021_005172",2.99944820889739,0.706924491825203,1.0224608065079,0.691395198061064,0.489317220946415,NA
"AAD021_005198",3.64929113373547,1.25544194605581,0.99413960759878,1.26284269981776,0.206645715820511,NA
"AAD021_005205",2.85871029570265,-0.874783714444639,0.965440834622639,-0.906097694517515,0.36488414550938,NA
"AAD021_005269",2.32404819760999,0.178568727337283,1.21163176579594,0.147378710577118,0.882833108518545,NA
"AAD021_005319",3.21953931905078,-0.711254189510415,0.884195615611756,-0.804408184062656,0.421161276204556,NA
"AAD021_005332",2.22716600981472,-0.344041647909686,1.0778093494036,-0.319204549580182,0.749571407223627,NA
"AAD021_005345",3.53901377483121,0.253121850200462,0.861546615205681,0.293799367013976,0.76891121880159,NA
"AAD021_005415",3.10997937606844,2.37288087028614,1.30993111796581,1.81145469234366,0.0700704964166008,NA
"AAD021_005556",3.39051578082723,0.335385351036606,0.956911563370385,0.350487300890511,0.725973018937928,NA
"AAD021_005650",3.63647323434984,-1.42864639060463,0.95399508948556,-1.49754061247319,0.134252646356289,NA
"AAD021_006717",3.66867630453469,-1.4652091447708,0.929853456486041,-1.57574199950591,0.115085274013037,NA
"AAD021_006738",3.08258180891582,-0.44715180316042,0.923574090055424,-0.484153689427976,0.628276800491481,NA
"AAD021_006765",3.56067266994468,-0.603903486752485,0.882678311767634,-0.684171661069954,0.493866774916489,NA
"AAD021_006785",3.45313352777156,0.221448343519178,0.963493551053476,0.229838947315266,0.818216919176856,NA
"AAD021_006793",3.55583222883377,-0.292663508035554,0.964725881996502,-0.303364420398763,0.761612157247658,NA
"AAD021_006799",2.04973834125983,-0.0903961502936485,1.10435623613692,-0.0818541584098425,0.934762688341949,NA
"AAD021_006871",3.33730963942372,-0.283716977462961,1.04410680391732,-0.271731758090744,0.785828280340694,NA
"AAD021_006911",3.15813177620213,-0.871967105447392,0.928853513638979,-0.938756319100605,0.347855870451516,NA
"AAD021_007093",8.99652224320388,-0.931454694720663,0.784409099611176,-1.18746033821175,NA,NA
"AAD021_007105",3.16279999385693,0.261402160580331,0.847270036198496,0.308522843263975,0.757684521020616,NA
"AAD021_007120",2.83831845789011,-0.825261186302425,0.86435652089996,-0.954769434079321,0.339694307895112,NA
"AAD021_007186",3.66037073584223,-0.428596870697244,0.809615623983706,-0.529383151708878,0.596539683464309,NA
"AAD021_007194",3.59267840835657,-1.01551727321284,0.936784630739815,-1.08404561719895,0.278344573409903,NA
"AAD021_007202",3.53647496073354,-0.684827106981276,1.1359383907953,-0.602873459098259,0.546592873464637,NA
"AAD021_007238",3.73509261031477,0.193235433450691,0.964575037485701,0.200332193910373,0.841220785753643,NA
"AAD021_007258",3.57342610496729,-2.05928636562605,0.876982061566571,-2.34815106930182,0.018866867384611,NA
"AAD021_007278",2.35688671775605,-0.344018607176316,1.0075826254617,-0.341429673838092,0.732780139267582,NA
"AAD021_007285",3.68908100893374,-1.2721244829519,1.08989549559723,-1.16719858747082,0.243130181217616,NA
"AAD021_007300",3.16915459984388,-0.829870172839916,1.02016402667237,-0.813467394598136,0.415950132926394,NA
"AAD021_007387",3.01974585877471,1.52234596474189,1.00372826064869,1.51669134408752,0.129344630739852,NA
"AAD021_007495",1.90624847297753,-0.657703132160245,1.19196655646099,-0.551779853717541,0.581099191757909,NA
"AAD021_007524",2.44128605530235,0.249478859065653,1.00926267246595,0.24718922622601,0.804761782866248,NA
"AAD021_005708",1.85747368508242,0.455348765871685,1.19667681262143,0.380511062860993,0.703566086076062,NA
"AAD021_005750",1.99504760697772,-0.0944621309339284,1.12132853541203,-0.0842412619948342,0.932864612435274,NA
"AAD021_005757",3.64060924654371,-0.41339158273157,1.01226258229898,-0.408383743467734,0.68299196646734,NA
"AAD021_005775",2.94343670168749,0.0244409611156471,1.09448940990223,0.022330925173438,0.982183980307715,NA
"AAD021_005867",3.05521493804917,0.285408914565012,0.878374994319583,0.324928323791934,0.745235319722451,NA
"AAD021_005882",3.83482716543523,-0.192230087721995,0.755596452516536,-0.254408404223931,0.799180058888373,NA
"AAD021_006003",3.25613672467637,-0.422983072083122,0.922891276910345,-0.458323837992255,0.64671980041999,NA
"AAD021_006004",3.79726086157632,0.313927545289157,0.915080517177503,0.34306002520679,0.73155330346534,NA
"AAD021_006103",2.69963887700044,0.362634675698098,1.1144976545351,0.32537948754084,0.744893878188121,NA
"AAD021_006104",2.93354198198891,-0.593527044594582,1.12603439221968,-0.527094952601404,0.59812765165915,NA
"AAD021_006113",3.5596090603871,-0.455037570248275,0.935789530716166,-0.486260590989976,0.626782416709793,NA
"AAD021_006116",2.64849527456762,-0.645411346322672,1.11184965221241,-0.580484371280237,0.561588023125922,NA
"AAD021_006130",2.60342381066104,-0.0745568827408562,0.984449719135749,-0.0757345766793554,0.939630266766337,NA
"AAD021_006147",3.86311559862696,-0.727088306391053,0.797886053171105,-0.911268349034708,0.362153998886586,NA
"AAD021_006150",3.46189641258531,0.654888935901995,0.969457529776191,0.675521016431924,0.499344803512967,NA
"AAD021_006158",3.06700960014785,0.331763905900761,0.865373108349721,0.383376722363652,0.701440460169803,NA
"AAD021_006175",2.6200434693208,0.262067389150921,0.966315016017008,0.271202852907243,0.786235018878656,NA
"AAD021_006187",2.80697951294084,-0.0725808513576878,1.02469439347102,-0.0708317053554179,0.943531697964629,NA
"AAD021_006266",3.54668049588598,-0.971830549776337,0.905949463451563,-1.07272048716026,0.283396545440022,NA
"AAD021_006278",3.70796655780779,-1.32324520520939,1.03228210346112,-1.28186394084786,0.199890379255896,NA
"AAD021_006285",2.93528431622649,-0.160078603325505,1.0562315184213,-0.151556359125476,0.879536856060405,NA
"AAD021_006290",1.90852204834843,-0.403405809627307,1.27430605216014,-0.316569013341396,0.751570651108948,NA
"AAD021_006314",3.58990066511847,1.33018089613675,0.953666517396781,1.39480716987709,0.163073996214093,NA
"AAD021_006315",3.58788619417756,0.653677499364162,1.07490201942793,0.608127520043228,0.543102901202632,NA
"AAD021_006326",2.64303954829613,0.563848444940826,1.03595233575596,0.544280296959197,0.58624860330726,NA
"AAD021_006339",2.9886987863863,-0.827510026017497,0.925313433246528,-0.894302402067286,0.371160115112435,NA
"AAD021_006345",5.71111350805042,0.57054931483478,0.850515699499258,0.670827493449787,NA,NA
"AAD021_006354",3.38370926660512,-0.165641235788853,0.838218931415648,-0.197610945757459,0.843349470210499,NA
"AAD021_006361",2.89533713915074,-1.14520940862954,1.01591841063029,-1.12726513925369,0.259630396837199,NA
"AAD021_006379",3.30088211774653,1.08837782451499,0.954095203312952,1.14074341924764,0.253976712319479,NA
"AAD021_006380",1.72611396895756,0.0593013553102205,1.19246554429708,0.049730036724186,0.960337520221136,NA
"AAD021_006387",3.31802394543049,0.386592254325659,0.841269377380529,0.459534442498544,0.645850424407688,NA
"AAD021_006398",3.06084593822452,1.09101071002895,1.02938442739859,1.05986712154379,0.289205055212372,NA
"AAD021_006403",3.27454274923162,-0.489574087672404,0.927489402094816,-0.527848713491127,0.597604343472114,NA
"AAD021_006426",3.00713491616569,-1.10386675231414,0.877464129605543,-1.25801923414279,0.208384800269778,NA
"AAD021_006450",2.5788192317797,-0.160810902769132,0.980790210182613,-0.163960550482239,0.86976219961468,NA
"AAD021_006517",3.63890143728193,-1.09534008481656,0.750347833293853,-1.45977643462802,0.144351527119499,NA
"AAD021_006549",2.0050413261545,0.157051361293918,0.989697692791486,0.158686195226896,0.873916114969703,NA
"AAD021_006577",3.22140233622338,-0.625298658426442,0.960629255388762,-0.650926103820758,0.515094189840552,NA
"AAD021_003454",3.51417819709622,-0.932621988975991,0.858261368530161,-1.08664099675508,0.277195499386912,NA
"AAD021_003497",2.17581980221029,-1.57953901233761,1.02768728290367,-1.53698409877634,0.124297203354767,NA
"AAD021_003535",3.71686564164681,0.1166244006979,0.885439775850796,0.131713532505176,0.89521088138563,NA
"AAD021_003586",2.19660357129118,-0.543449686722761,1.28273146402253,-0.423665983072209,0.671809426828575,NA
"AAD021_003680",3.53306824284693,-0.136062631304714,0.848775615252936,-0.160304595065643,0.872641139348637,NA
"AAD021_003694",2.43884010302526,-0.250248710165692,1.12680519268226,-0.222086933740513,0.824246209252668,NA
"AAD021_003697",3.44115296859629,-0.514686531587745,0.792137959797717,-0.649743551892371,0.5158578867179,NA
"AAD021_003707",3.41446928211753,-0.430927544008137,0.933088648238918,-0.461829157199004,0.644203839917705,NA
"AAD021_003721",3.78893801722197,-0.00254314500913467,0.918081192557061,-0.00277006546888456,0.997789810356525,NA
"AAD021_003728",2.77569090263632,-0.765520657082611,1.13511609666863,-0.674398556525874,0.500057960206382,NA
"AAD021_003737",3.01060256727568,-0.257580009546843,0.886993310919992,-0.290396789215558,0.771512699761558,NA
"AAD021_003742",3.23759424596609,0.497587613535776,0.90332676599653,0.550839001196702,0.581744045787575,NA
"AAD021_003805",3.6858744737426,-0.688501557282125,0.926753135093386,-0.742917969425317,0.457531345739202,NA
"AAD021_003847",2.55398385928179,0.100372105915605,1.24965218575078,0.0803200338943132,0.935982724945851,NA
"AAD021_003848",2.49364515970287,-0.461891860407803,1.00021603530056,-0.46179209701333,0.64423041880927,NA
"AAD021_003859",2.99332729456247,-0.0734009090361586,1.04599377603842,-0.0701733707385487,0.944055669134664,NA
"AAD021_003907",2.67636258165413,-0.272332879696011,0.92701972932199,-0.293772474395115,0.768931769715673,NA
"AAD021_003919",3.67436149842223,-1.67926121629229,0.79111257822663,-2.12265771333904,0.0337825449400307,NA
"AAD021_003926",3.30825513016382,0.794771693705548,0.98308569190488,0.808445998400766,0.418833881188583,NA
"AAD021_003935",3.30646370071608,0.226897543343348,0.931624926935918,0.243550313847447,0.807579113369934,NA
"AAD021_003946",1.90718446203262,0.547269677051915,1.23079346788275,0.444647856307967,0.656574257421474,NA
"AAD021_003947",3.29247459426251,-0.0613530812591275,0.836496486249787,-0.0733452946517301,0.941531348815773,NA
"AAD021_003978",3.05104099895114,-0.777224991305948,0.925941310176648,-0.839389044169195,0.401251029786549,NA
"AAD021_004005",3.7789800713625,-0.42262731607453,1.13213772932229,-0.373300266503369,0.708924978120685,NA
"AAD021_004006",2.73947985727376,-0.666035808594546,1.01426721937016,-0.656666996502301,0.511395059998102,NA
"AAD021_004051",3.60587395869485,0.2439406190295,0.893649361396351,0.272971290046396,0.784875284971952,NA
"AAD021_004071",3.70795400714285,-0.751242080283182,1.00107163563051,-0.750437884307875,0.452991021350984,NA
"AAD021_004084",3.4377775772634,-1.26535771982932,0.891177433286942,-1.41987181515838,0.155645002679484,NA
"AAD021_004088",2.83465991859189,-0.46067507255248,0.841455079859224,-0.547474349586851,0.584052888053002,NA
"AAD021_004101",3.16615730901973,-0.146300903335366,0.921544142575061,-0.158756261991487,0.873860909557242,NA
"AAD021_004158",2.8138759960887,-0.830130934438564,0.845814480994733,-0.981457462707751,0.326367201195116,NA
"AAD021_004179",2.85674690419641,0.109032509772451,0.949593645523385,0.11482017627904,0.908587656465874,NA
"AAD021_004218",3.23483281146809,-0.205576134854572,0.914030195992991,-0.224911754289733,0.822047924950916,NA
"AAD021_004219",3.82391297182279,0.41671864969375,0.861003420717676,0.4839918630595,0.628391643882278,NA
"AAD021_004242",3.21082809388213,-0.470891185153871,0.974302064007003,-0.483311287689611,0.628874726544333,NA
"AAD021_004257",3.51947787373171,-0.411714823387079,0.957692780445866,-0.429902816219832,0.667266336793109,NA
"AAD021_004282",2.53785327731743,-0.102259648335164,1.04653040740364,-0.0977130216300763,0.922160175275617,NA
"AAD021_004291",3.17401394979085,-1.00119321432599,0.89139062410991,-1.12318122632906,0.261360534199836,NA
"AAD021_004316",3.4036491563195,0.114099678296688,0.867721897858306,0.131493371987392,0.895385029438789,NA
"AAD021_004331",3.23804026718969,-0.635167387967319,0.789496882410499,-0.80452171771473,0.421095731920569,NA
"AAD021_004383",2.16254834713156,1.18166137806725,1.14982140802851,1.02769123084369,0.304095094086931,NA
"AAD021_004469",3.49105376515566,0.154352846893451,0.911712231346808,0.169299962846211,0.86556070520451,NA
"AAD021_004488",2.87842203913129,0.14388323797959,1.93272471362135,0.0744458002557415,0.940655666550386,NA
"AAD021_004549",2.92877636551998,0.258980796907275,0.988168903453183,0.262081508537923,0.793258602696115,NA
"AAD021_004560",2.4764723443844,-0.107523936785231,1.10161673317932,-0.0976055769186726,0.92224549591438,NA
"AAD021_004584",3.55385775495871,0.783220639107946,0.881851147154778,0.888155151393684,0.374457299518971,NA
"AAD021_004589",3.82452491565376,-0.206096676945517,1.00036449903177,-0.206021582278253,0.836774052704563,NA
"AAD021_004594",3.2984866685887,0.337741178698458,0.780814052306648,0.432550077320864,0.665341664253073,NA
"AAD021_004643",2.7763637391929,0.306792386435017,0.960839792800959,0.319296087374443,0.749501999357689,NA
"AAD021_004652",2.20139356235895,-0.803308359682597,0.977294151117456,-0.821971930113446,0.411092872712486,NA
"AAD021_004683",3.60686098345704,1.18414910242225,1.1294427160639,1.0484366188566,0.29443748955179,NA
"AAD021_004764",2.60710854848481,-1.64680590854303,1.18899030205617,-1.38504570280778,0.166038493004767,NA
"AAD021_002041",3.02167568876712,0.892664382797269,0.986793797218659,0.904610857215864,0.365671581412863,NA
"AAD021_002061",3.35913150616788,-2.08968627029575,1.06514225022245,-1.96188468710102,0.0497759110044408,NA
"AAD021_002092",3.42775616734876,-0.091722034787219,1.05817863914989,-0.0866791592588811,0.930926542559448,NA
"AAD021_002098",3.53415567513208,0.477533980198785,0.779951243343052,0.612261323094971,0.54036487470807,NA
"AAD021_002100",3.20992658752544,0.93933544489916,0.90488530253778,1.03807128070791,0.299236870836379,NA
"AAD021_002120",3.1720230057148,0.290672904645329,0.803448972487574,0.361781413131155,0.717515382821251,NA
"AAD021_002153",2.35481144701255,-0.0916453766421387,0.950893755047267,-0.0963781454612489,0.923220248707709,NA
"AAD021_002155",3.58820634082417,0.432189793915729,0.946694322343119,0.456525177890617,0.648012369729391,NA
"AAD021_002192",2.1665396335298,-0.93086904514184,1.15419166536658,-0.806511667926654,0.419947883056754,NA
"AAD021_002272",3.15090433932779,1.1635094373638,1.23828545079652,0.939613266565783,0.347415968782654,NA
"AAD021_002295",2.69036128268394,-0.707870100503306,1.04646529362128,-0.676439156480506,0.498761863651772,NA
"AAD021_002305",3.35599342379006,-2.36253731667376,1.00309581772959,-2.35524590464461,0.0185104517209172,NA
"AAD021_002310",3.28367776935331,-0.388437251582574,0.827450087225195,-0.469438891335639,0.638755954859784,NA
"AAD021_002315",2.30028178069491,-1.49316945307711,1.06044433744025,-1.40806018794102,0.159113248480492,NA
"AAD021_002372",3.00303111752071,1.42743582899766,1.00868132123573,1.41515045331553,0.157024387973751,NA
"AAD021_002393",3.73203737766194,-0.632721971250042,0.868491174644239,-0.728530110290671,0.466289143661997,NA
"AAD021_002423",3.41489190648322,-1.0744568890603,0.912342962120559,-1.17768967775336,0.238920343518278,NA
"AAD021_002438",3.3381991914987,-0.417336796759999,0.816599064335875,-0.511066954380374,0.609304174363748,NA
"AAD021_002461",3.5680378760646,-0.615764576310036,0.807694481798905,-0.762373137598513,0.445837333969583,NA
"AAD021_002462",3.61159468069064,-0.938762327281226,1.00189649975581,-0.936985334822533,0.348766101573898,NA
"AAD021_002489",2.67190838227156,0.26018615082291,1.12657444510787,0.230953357723284,0.817351037587125,NA
"AAD021_002493",2.77974920572339,-0.414218421483012,0.881523232477254,-0.469889398511911,0.638434038923911,NA
"AAD021_002497",2.47236921390398,0.42487152813353,0.985153577256388,0.43127441034806,0.666268854650786,NA
"AAD021_002516",3.71829591811348,0.247538991674991,0.892479906288024,0.27736085701307,0.781503034549434,NA
"AAD021_002522",3.46928630105057,-0.0921206594301167,0.884478977163536,-0.10415245789735,0.917048361802511,NA
"AAD021_002533",1.94865923180167,0.066784483801083,1.11350801376047,0.0599766530422559,0.952174229381375,NA
"AAD021_002545",2.59283645524422,-0.758469655471247,0.988485065520061,-0.767305123696737,0.442900122811576,NA
"AAD021_002556",3.82196436165692,-1.34101235780714,0.963884938222563,-1.39125771617515,NA,NA
"AAD021_002563",2.98784334241247,-0.281480525720217,0.993338748481126,-0.283368111986588,0.776894669961695,NA
"AAD021_002571",3.62308303148935,0.458466734394946,0.873620261206428,0.524789493505822,0.599729536091698,NA
"AAD021_002579",3.83508487483383,0.613848643911883,0.825679473929855,0.743446656110083,0.457211306168945,NA
"AAD021_002584",3.34514106694539,0.495583573628426,0.904495920094933,0.547911342238461,0.583752780387743,NA
"AAD021_002627",3.32490076552366,-0.121772898929806,0.851165862746243,-0.14306600424142,0.886238053391182,NA
"AAD021_002629",3.20057053991502,0.74448209804006,0.930878671993912,0.799762762257087,0.423848261750043,NA
"AAD021_002656",3.25749442546836,0.286029566772957,1.02507858792473,0.279031842184923,0.780220388319108,NA
"AAD021_002657",3.70313347905667,-0.80676194505404,0.980553406396843,-0.822761860589094,0.410643429316335,NA
"AAD021_002658",2.89245651948975,0.333367483857121,0.977331914810857,0.34109955768879,0.733028634195485,NA
"AAD021_002685",3.0902998936421,-0.786782001522085,1.08341034799295,-0.726208682591617,0.46771085001337,NA
"AAD021_002687",3.02012858610658,0.017271500742079,0.974478554688886,0.0177238387227446,0.985859163082864,NA
"AAD021_002703",3.2504464860553,-0.313545389879455,0.89910682012661,-0.348729853740074,0.727292129547794,NA
"AAD021_002735",3.2093388422669,-0.136912325724899,1.06621497874825,-0.128409681399933,0.897824769937188,NA
"AAD021_002736",3.41160630589553,-0.115223417465058,0.917790337292772,-0.125544378474211,0.900092593991828,NA
"AAD021_002779",3.06020359561922,-0.237211450674254,0.911204080759853,-0.26032746744993,0.794611186855178,NA
"AAD021_002787",3.84123991887165,-1.22043296680417,0.803666489285651,-1.51858138055373,0.128867900793971,NA
"AAD021_002807",2.89468713131167,0.863058438739034,1.19074342814909,0.724806384260783,0.468570818592294,NA
"AAD021_002811",3.53597973396569,0.635680846808228,0.966157152781287,0.657947669256794,0.510571758106489,NA
"AAD021_002866",3.7930768885992,-1.12137523585387,0.995644568062695,-1.12628067467472,0.260046735068135,NA
"AAD021_002889",3.16569027493908,-0.325993428694887,0.934986887311989,-0.348660963184298,0.727343854148311,NA
"AAD021_002967",2.83311373274085,1.01445336465,0.996044016305684,1.01848246467319,0.308448730001283,NA
"AAD021_003015",3.84568830087901,0.169602143222025,0.872472268311091,0.194392589176888,0.845868492224458,NA
"AAD021_003032",2.58136831539812,0.181739881244739,1.04568171027511,0.173800382524548,0.862022343758288,NA
"AAD021_003035",3.42200658686493,-0.652474040244295,1.0104922049488,-0.645699231571363,0.518474158336859,NA
"AAD021_003057",2.40480276670569,-1.00535730569007,1.17777167061135,-0.853609685796071,0.393321290039,NA
"AAD021_003064",2.93314124503122,-1.62086704412443,0.851724669015145,-1.90304109190433,0.0570351835593322,NA
"AAD021_003074",3.89256227618108,-0.424300019429534,0.771599409125103,-0.549896765616549,0.582390182781645,NA
"AAD021_003092",2.58385683347149,-0.259973565239792,0.998486459617152,-0.260367642180619,0.794580200206287,NA
"AAD021_003095",3.7741952886239,0.0877959247676503,0.946672579468489,0.0927415947939925,0.926108851522783,NA
"AAD021_003128",2.16332830807759,-0.0470518976301223,0.953199506493629,-0.0493620667127745,0.960630757668161,NA
"AAD021_003142",2.1381830525694,-1.51562527949191,1.0002521265823,-1.51524324639085,0.12971081490174,NA
"AAD021_003175",3.81877693260322,-0.279137705943807,0.861077109531475,-0.324172716768293,0.745807276564172,NA
"AAD021_003216",3.81599690829416,-1.07477358504676,0.886042066854462,-1.21300514417144,0.225127853757253,NA
"AAD021_003265",3.78026180542849,-0.546038236916098,0.973860023197892,-0.560694785604873,0.575005622509062,NA
"AAD021_003266",3.62663864952102,-0.029027564502928,0.793851242385995,-0.0365654960943098,0.970831455249703,NA
"AAD021_003270",3.09221101572121,-0.811981248898177,0.874690182317149,-0.928307262746622,0.353248207785675,NA
"AAD021_003272",2.9977847935723,-0.527173048637025,0.942655749513208,-0.559242383987218,0.575996310787549,NA
"AAD021_003279",2.87057314882507,-3.23984142021426,1.2790103022162,-2.53308469415801,0.0113063630977549,NA
"AAD021_003320",3.11482149808001,1.21870224754672,1.21535812312002,1.00275155475829,0.315980748437091,NA
"AAD021_003341",2.48434253513996,0.668388535373923,1.04779661660111,0.637899115901014,0.523539353303636,NA
"AAD021_003342",2.72766341334601,-0.690360194208723,1.01595189462841,-0.679520553934519,0.496808088835636,NA
"AAD021_003377",2.58739031570231,0.667634157206797,1.0166257605479,0.656715758261903,0.511363699996214,NA
"AAD021_003385",2.31297256687039,-1.02756569475211,1.10590727242358,-0.929160807940268,0.352805755034928,NA
"AAD021_000045",2.30079077976015,-0.3061107665169,1.13049513798992,-0.270775836383677,0.786563445598248,NA
"AAD021_000070",2.54163817870066,0.0710835646535312,0.960601128410418,0.0739990434647508,0.941011146380132,NA
"AAD021_000152",2.9704148418243,-0.550588104173958,0.951216126605801,-0.578825451728417,0.562706955710142,NA
"AAD021_000177",2.69862351141266,0.768502310382698,1.04140702322033,0.7379461567354,0.460547169042522,NA
"AAD021_000224",22.5422755379093,5.33522231807443,1.53779088365221,3.46940691012774,NA,NA
"AAD021_000247",3.15816048364911,-1.45695975880894,0.965223057219036,-1.50945395254717,0.13118281431917,NA
"AAD021_000356",2.88450892522628,-1.77124175904309,0.993303010331103,-1.78318372200712,0.0745564013619462,NA
"AAD021_000412",3.78412923650813,0.231619510393017,0.862737314029543,0.26847049110604,0.788337186068989,NA
"AAD021_000430",3.27517339195801,-0.67269188342523,0.813785171595068,-0.826620964482203,0.408451930961039,NA
"AAD021_000469",3.49372481674857,0.37514778630745,0.888616743699066,0.422170512729497,0.672900562895294,NA
"AAD021_000479",3.62232279864582,-0.257639426699969,0.79941542899867,-0.322284781296606,0.74723696135112,NA
"AAD021_000510",3.2783332045754,0.433957350724281,0.89021787532161,0.48747319364656,0.625923034990494,NA
"AAD021_000515",3.7619694678732,0.105954352800666,0.890928278503158,0.118925793868255,0.905334146227192,NA
"AAD021_000530",3.42479395366612,0.221125574018658,0.886661891300294,0.249391088292265,0.803058277935097,NA
"AAD021_000544",2.26332826604759,-0.678229516524972,1.23279119537299,-0.550157657736813,0.582211242761242,NA
"AAD021_000563",2.52655868115325,0.0443386907337888,0.934013641591383,0.0474711382782847,0.96213773271096,NA
"AAD021_000597",3.81324684603401,0.523932219510337,0.932850510828523,0.561646494726148,0.574356895612875,NA
"AAD021_000617",3.72344464561716,0.686232389557979,1.07280057863005,0.639664447640667,0.52239077362692,NA
"AAD021_000623",10.3245650465268,0.00362293345092238,1.53412346878494,0.00236156575701944,NA,NA
"AAD021_000635",3.22024800133154,0.388310549259638,0.995216166715381,0.390177091416452,0.696405600252169,NA
"AAD021_000639",2.45649232337816,0.319694166948598,0.952862999513189,0.33550905755804,0.737241113336061,NA
"AAD021_000673",3.80379842231844,-1.43345019500401,0.947694215128404,-1.51256615490661,0.130389896659186,NA
"AAD021_000683",3.68322015034688,-0.507069788307143,0.852925664128172,-0.594506426096875,0.552173445540916,NA
"AAD021_000700",6.10747826350792,-0.775713369217985,0.879982645201076,-0.881509849595653,NA,NA
"AAD021_000734",3.35958810805327,-1.22510973692625,0.904175876261279,-1.35494627659391,0.175434674186402,NA
"AAD021_000752",3.06711964157741,-0.840030891917023,0.90872904328107,-0.924401941511625,0.355277084252363,NA
"AAD021_000797",2.60793555364608,-0.389158691489117,0.972889684899405,-0.400002896041965,0.689154383729025,NA
"AAD021_000800",3.78180152765424,-0.443745382933094,0.934642105623066,-0.474775724593829,0.634946837400747,NA
"AAD021_000815",2.56921925087906,-0.472935127864876,0.995157714398792,-0.475236358038577,0.634618515061676,NA
"AAD021_000818",3.16593505673898,-0.454366403454973,1.00318361288053,-0.452924467287012,0.650603131889095,NA
"AAD021_000835",2.86230196520049,0.493543461201614,0.96015872761785,0.514022782906002,0.607236062081534,NA
"AAD021_000847",3.37644252632854,0.39248095824628,0.893753337412439,0.439137893887564,0.660561623075402,NA
"AAD021_000849",3.65504820049816,-0.476683290188929,0.845239735135283,-0.563962235060606,0.572779833721586,NA
"AAD021_000851",2.42397955919189,0.108373798233612,1.05740176018865,0.102490654275322,0.918367230594435,NA
"AAD021_000895",2.80953144215864,0.865056519770447,0.978559145109322,0.884010459760003,0.37669056647353,NA
"AAD021_000915",3.71816285837724,-0.638800561261576,0.80414495248434,-0.794384842294979,0.426971425654775,NA
"AAD021_000938",3.02846772238682,-0.419623825888164,0.984927204264064,-0.426045523031021,0.670074674899273,NA
"AAD021_000941",3.36404248250928,-1.06972749283785,0.797714009284487,-1.34099123293239,0.17992329905993,NA
"AAD021_000966",2.41166423850438,0.376257437588905,1.01579406025504,0.370407203891737,0.711079107011563,NA
"AAD021_000972",3.28963733503067,-0.179602980688462,0.762754273307041,-0.235466370984414,0.813846777192924,NA
"AAD021_000974",3.45155373851538,-1.13415796238829,0.826239936562785,-1.37267385925021,0.169853759271999,NA
"AAD021_000988",1.98166889565592,-0.765342660315124,1.09990432845831,-0.695826573741985,0.486537445178113,NA
"AAD021_001012",3.4463680115034,1.6344643901335,1.05926223082734,1.54302149417421,0.12282556086452,NA
"AAD021_001014",3.83292184682259,1.19486889022591,0.981847205176173,1.21696011754855,0.223619390486995,NA
"AAD021_001080",3.08962007909473,1.26898150481599,0.916518526983919,1.38456721545167,0.166184841975181,NA
"AAD021_001081",1.86651454561506,-0.985521867572096,1.22740385877824,-0.802932026426157,0.422014023794796,NA
"AAD021_001141",2.32026647780791,1.66671082531695,1.14345835115174,1.45760518836402,0.144949398724774,NA
"AAD021_001142",3.10960823977262,-0.0317548661607325,0.857639745923454,-0.0370258798192017,0.970464370772933,NA
"AAD021_001146",2.99403036604314,0.209506137508986,0.934284001018476,0.224242454414932,0.82256865064008,NA
"AAD021_001178",3.89388061635305,1.30739152854388,0.847575050164912,1.54250827497754,0.122950128640831,NA
"AAD021_001252",3.02619331632041,-0.548811833978208,0.870767307794938,-0.630262331928808,0.528522963565837,NA
"AAD021_001254",2.69051956641627,-0.36596534912762,0.941246019547389,-0.388809452074601,0.697417108187108,NA
"AAD021_001278",3.40058142506474,0.394695569834776,0.844043841462783,0.467624488735968,0.64005314933361,NA
"AAD021_001310",3.57768332157343,-1.86953606467495,0.811278117074615,-2.30443299939644,0.0211983493740387,NA
"AAD021_001313",3.38244846412945,1.52571365540197,0.889912973410075,1.71445264985356,0.0864456261256022,NA
"AAD021_001322",3.86044171071886,1.40983658660942,1.00923470961328,1.39693628566306,0.162432731761193,NA
"AAD021_001334",2.5215672231304,1.16100349369819,1.09909330513152,1.05632841932312,0.290818196388799,NA
"AAD021_001337",2.78892214907989,0.127832328982867,1.00232205073922,0.127536183493708,0.898516036707189,NA
"AAD021_001341",2.29786181271002,0.477838479658264,1.14297177740052,0.418066735422831,0.67589832511703,NA
"AAD021_001391",2.36429893126295,-0.938788345517086,1.17951646414147,-0.795909488385478,0.426084645858486,NA
"AAD021_001406",3.7325733719728,0.136513933995395,0.813688264526114,0.167771786747962,0.866762818772194,NA
"AAD021_001424",2.99401758892131,1.10191691521258,1.24752192218299,0.883284610569709,0.377082516530397,NA
"AAD021_001461",3.19623354113188,1.05202038567962,0.971085918496384,1.0833442908003,0.278655633052788,NA
"AAD021_001479",3.02718707227911,1.12051588966671,0.910991247407573,1.2299963285656,0.2186984796996,NA
"AAD021_001493",2.66927056930189,-1.04495220243672,0.912666198637998,-1.14494456351745,0.252232122248849,NA
"AAD021_001495",3.37727919460626,1.11824920384814,0.909863176834497,1.22903006992615,0.219060532064133,NA
"AAD021_001507",3.62537314210903,-0.935673676577544,1.01275061006764,-0.923893471182459,0.355541782640091,NA
"AAD021_001530",3.11845900044848,0.286563861278792,0.993018134687139,0.28857867874596,0.772903813539479,NA
"AAD021_001551",3.54400031478626,-0.0260160316272229,0.855728630657161,-0.0304021984250355,0.975746291577933,NA
"AAD021_001561",3.4834920208726,0.466935133975213,0.988607465434089,0.472316010450301,0.636701244121381,NA
"AAD021_001663",2.8069379451275,-0.0948759834079149,0.912879591228527,-0.103930446380375,0.917224545219125,NA
