"","baseMean","log2FoldChange","lfcSE","stat","pvalue","padj"
"AAD021_010188",10.4301200826334,-7.13789223244222,1.24237001353405,-5.74538354490523,9.17128596938909e-09,1.89295342408191e-05
"AAD021_005235",77.2626216597826,8.7403405915974,1.58929206448548,5.49951817347495,3.80830456854619e-08,3.93017031473967e-05
"AAD021_003738",24.3802554687289,5.35366958696259,0.994176455079862,5.38502954843417,7.24327481627553e-08,4.98337307359757e-05
"AAD021_012155",5.96403364572744,-6.31794344779811,1.28555622015637,-4.91456021038865,8.89819764588856e-07,0.00036731759882228
"AAD021_005114",5.85840489586307,6.61857784359856,1.3447904809088,4.92164239527171,8.58209246647905e-07,0.00036731759882228
"AAD021_010541",9.73640858044457,-5.41446750589754,1.13655688121023,-4.76392127434228,1.89866605737619e-06,0.00043542741582494
"AAD021_003582",13.6340747418356,4.37735657956692,0.916278398497962,4.77732159433491,1.77645541284053e-06,0.00043542741582494
"AAD021_004184",29.3983327455085,4.74534418986126,0.982886447481054,4.82796787159152,1.37933339657309e-06,0.00043542741582494
"AAD021_004710",19.8979505216804,-3.42127462151045,0.712348299223815,-4.80281152525852,1.56453137559202e-06,0.00043542741582494
"AAD021_001915",59.777743530462,6.33813273917696,1.33740636148801,4.73912261948947,2.1464559099498e-06,0.000443028499813638
"AAD021_009019",6.86865420217905,-5.49183042556536,1.19930355922598,-4.57918296274358,4.66795745293505e-06,0.000875878562077996
"AAD021_010231",6.85823876845458,3.24937189744256,0.72131251877342,4.50480452352063,6.64340672872142e-06,0.00114266595734008
"AAD021_001317",84.6392352713349,2.91114969443679,0.649311327868935,4.48344202463138,7.34485643053245e-06,0.00116613720558607
"AAD021_001484",13.4199411229781,3.96438265070201,0.893748547234553,4.43568010596341,9.17820578290506e-06,0.00135312976685115
"AAD021_007641",16.3561559420918,4.0489864650363,0.93263603613376,4.34144329423658,1.41549812494937e-05,0.00194772541993033
"AAD021_012306",11.4918910092457,2.97975501088548,0.694689758268361,4.2893320009684,1.79211312137537e-05,0.0021758361661875
"AAD021_006401",17.1454981472081,-3.53648441584319,0.82225900701595,-4.30093727848285,1.70077199028213e-05,0.0021758361661875
"AAD021_004452",6.87526232092777,-4.46297369133865,1.04748687604622,-4.26064879035459,2.03834328956455e-05,0.00233730030536735
"AAD021_000245",47.8508114571177,7.11134042765533,1.68809987453672,4.21263014998265,2.5241418458349e-05,0.0027420151420017
"AAD021_009879",168.974045677478,4.44019510456373,1.05844239004328,4.19502766171541,2.72838288865113e-05,0.00281569114108797
"AAD021_002526",8.8013969503881,3.68416030406286,0.884558312045527,4.16497166313807,3.11391238389408e-05,0.00306053102874161
"AAD021_006091",17.8319516391043,4.03017449267109,0.973825992391846,4.13849550551885,3.49590719759979e-05,0.00327979657083907
"AAD021_007111",11.2695832533269,-4.11980047361733,1.00263822801616,-4.10896009996434,3.97444729310856e-05,0.00341802467207336
"AAD021_007296",21.8798027980313,3.46656167884088,0.842003851740805,4.11703779225466,3.83773161272811e-05,0.00341802467207336
"AAD021_009418",11.5213972793556,-2.96800766215432,0.725400035141827,-4.09154606888601,4.28506796999525e-05,0.00353775211602808
"AAD021_011213",9.47890989819068,4.44839453396284,1.09337923429175,4.06848273174341,4.73202672637463e-05,0.00361737154193971
"AAD021_003318",7.14955140815997,-3.80410759906643,0.934454968598397,-4.07093731308665,4.68243498078623e-05,0.00361737154193971
"AAD021_000995",126.418201546129,3.40017657401649,0.87154973496692,3.90129953300433,9.56776756869274e-05,0.00705281152206493
"AAD021_003603",11.4138452219821,-3.82951139372601,0.994594197009434,-3.85032549480046,0.000117960952257742,0.00811571351533267
"AAD021_002044",9.31475707729507,-4.59555248885151,1.19334778691077,-3.85097499593815,0.000117648511429677,0.00811571351533267
"AAD021_004381",111.630690583605,2.60415546169802,0.680346680727913,3.82768893487038,0.000129352086018583,0.00861234534007601
"AAD021_007117",7.4790307298698,2.99595054170324,0.786620992746929,3.80863283503431,0.000139737271762467,0.00901305402867909
"AAD021_003307",18.8069598192132,3.12515074746318,0.830490775662799,3.76301680770513,0.000167875914388785,0.0104998753726804
"AAD021_000373",16.2036607863402,5.38505091248737,1.45569675272307,3.69929444605404,0.000216199660774125,0.0131245911716998
"AAD021_003933",35.6545232901173,2.98920587538792,0.817628326393881,3.65594705918727,0.000256234235646229,0.0151104989249662
"AAD021_006281",18.2606728110847,3.26295494496916,0.894694856513235,3.64700313320835,0.000265316690230925,0.0152114902399064
"AAD021_009582",52.2307171764603,2.36178170859011,0.651724861736182,3.62389383504317,0.000290200763103673,0.0161884966228644
"AAD021_002601",7.27109160306309,2.82638449653338,0.78459453591368,3.60235047168915,0.000315352802472676,0.0171286364290422
"AAD021_010720",35.1187935263848,-3.86820335189814,1.08181805452408,-3.57565057795219,0.000349358020881942,0.0175871940268373
"AAD021_008852",15.9162789571368,5.12567252325541,1.43121727152881,3.58133780609021,0.000341839326686662,0.0175871940268373
"AAD021_003370",18.2088861287921,2.13478565896617,0.59593255607451,3.58226050449114,0.000340633857456077,0.0175871940268373
"AAD021_009535",6.62160328423544,2.63859754685579,0.744491294570015,3.5441617196877,0.000393863575288636,0.0184757822589942
"AAD021_006960",9.81214673676873,-3.72932195051378,1.04925441284488,-3.55425900988337,0.000379045715815635,0.0184757822589942
"AAD021_003330",23.7632939844492,6.01804159121197,1.69573155422273,3.54893531126774,0.000386792088832047,0.0184757822589942
"AAD021_004554",7.50771596818422,2.66231198491544,0.756483697829049,3.51932499346082,0.000432646368591982,0.0198440467727523
"AAD021_009245",5.56526731355278,2.65618888576288,0.759110332419762,3.49908145406997,0.000466863935954147,0.0205022800810502
"AAD021_001042",72.4409500096478,2.74287937347958,0.782623693390288,3.50472314682623,0.000457082335099105,0.0205022800810502
"AAD021_002642",4.27792485343926,-2.95500715409806,0.84918106327074,-3.47983166595406,0.000501728919481082,0.0215575976753743
"AAD021_001646",22.6591216007684,-3.01968800859117,0.869097091438333,-3.47451169534311,0.000511784053339798,0.0215575976753743
"AAD021_010429",5.40440960061788,-3.66499643677911,1.05940180238356,-3.45949613124424,0.000541187051677688,0.022340201493255
"AAD021_002621",24.5956560744833,1.58154389670113,0.461333996436309,3.42819716066486,0.000607604015021426,0.0245900919020436
"AAD021_009021",78.3919790500688,-1.74587419380385,0.510572307631463,-3.41944552751583,0.000627488945355803,0.0249064842925842
"AAD021_001731",29.6199117909222,-3.57990309271145,1.04911481357078,-3.41230821107829,0.000644152367618153,0.0250854808823371
"AAD021_000429",4.76500350896045,-3.12551715501315,0.918499613216131,-3.4028508123908,0.000666866828694059,0.0254891321189729
"AAD021_000654",9.73670627617942,-2.43878937166766,0.720151781752991,-3.38649356074793,0.000707919378231218,0.0265662835758043
"AAD021_005834",11.9471090352084,5.10841442984928,1.51342820742245,3.37539263824713,0.000737104456934113,0.0271675642698573
"AAD021_007891",127.844151293402,4.76060297625625,1.41579391125952,3.3624971391642,0.000772409264561847,0.0279693460009764
"AAD021_012319",1147.79624382185,-2.58630389763412,0.779532814138652,-3.31776142161747,0.000907419559931639,0.0317443046050661
"AAD021_003663",5.12738993285933,-3.86606571528923,1.1643136141674,-3.32046767146482,0.000898667665768012,0.0317443046050661
"AAD021_010249",18.6888249333438,1.842027001032,0.561456760254943,3.28079939797249,0.00103513337274361,0.0356085880223802
"AAD021_001429",14.6707998328397,2.61847220158767,0.818909659181795,3.19751046068243,0.00138619383550874,0.0469033455162301
"AAD021_010912",79.9131696920668,2.22258641450514,0.69765424547194,3.18579931094899,0.00144354696012371,0.0480561439628279
"AAD021_004155",15.7042843131622,2.42234891450267,0.770726779424016,3.14294115524694,0.0016725946095407,0.0523065950620001
"AAD021_004240",16.6993372839204,2.39064113849708,0.759221537968978,3.14880574238235,0.00163939132235918,0.0523065950620001
"AAD021_002063",14.7147777533622,6.19572874905862,1.96969770922288,3.14552264545358,0.00165790359422603,0.0523065950620001
"AAD021_001137",8.01126702394021,1.90404777631137,0.60516131356579,3.1463474839331,0.0016532346042517,0.0523065950620001
"AAD021_007940",21.8168037024798,5.01964657263658,1.61075717531617,3.11632730839849,0.00183118899040958,0.0564115533761997
"AAD021_001404",55.558814050594,1.46693109234907,0.471699271162546,3.10988628143028,0.0018715938468503,0.0568083779396915
"AAD021_005139",11.6501637128238,1.89573164822173,0.610655268932849,3.10442199497372,0.00190651192944813,0.0570295742374049
"AAD021_011010",8.07152560343092,2.17878550039756,0.705882841902618,3.08661065414895,0.00202452579089991,0.0584673207072962
"AAD021_010361",4.30498956014876,-2.57201341854317,0.832179507024432,-3.09069545312375,0.00199688331595286,0.0584673207072962
"AAD021_000545",11.6030997977448,2.10009521773049,0.681781510590243,3.08030532525348,0.00206788488935689,0.0584673207072962
"AAD021_001480",6.84282645332037,2.2682274210431,0.736060014310777,3.0815794594779,0.00205905512439151,0.0584673207072962
"AAD021_001523",18.3337242650221,3.1347150934938,1.02505809545129,3.05808530014459,0.00222756158396204,0.0621309068824006
"AAD021_008756",9.91831505561363,-3.37707229663206,1.10922767583545,-3.04452581755905,0.00233047426867569,0.064134651873955
"AAD021_004669",6.4071649277236,-2.24590787775629,0.740180549649445,-3.03427032609809,0.00241118269795534,0.0654826459023661
"AAD021_012492",10.7213746896243,1.8755846478982,0.620147289244464,3.02441803814584,0.00249111960152732,0.0659188571481075
"AAD021_006804",36.4774573463855,-1.88698608842209,0.62346176246763,-3.02662681501668,0.00247299062598115,0.0659188571481075
"AAD021_008946",30.8037598528615,1.65170787305744,0.546966724530515,3.01975933632009,0.00252975612741345,0.0660938816073591
"AAD021_001474",10.8115475414637,-2.23395620798203,0.741531970607576,-3.01262291651651,0.00259000524196845,0.066822135242786
"AAD021_012222",6.17641466959112,-2.70703841733313,0.900845424861218,-3.00499768620145,0.00265582869792696,0.067674449784213
"AAD021_004271",12.5626292902314,2.83911652841612,0.948564700427828,2.9930657625522,0.00276190229592357,0.0685998964417488
"AAD021_004317",6.30956277965007,2.81184196238963,0.940815561067205,2.98872816176642,0.00280141250977324,0.0685998964417488
"AAD021_004387",24.3550282464405,-2.22898734958711,0.744245145759638,-2.99496390710352,0.00274477318235908,0.0685998964417488
"AAD021_000976",6.77989126979699,2.17268825848395,0.727587195961377,2.98615515850733,0.00282509263447124,0.0685998964417488
"AAD021_003372",134.74740201539,10.4734899981388,3.52920648602035,2.96766143880377,0.00300074654655425,0.0711901249665284
"AAD021_000016",6.45542348401584,-2.81863369569657,0.949255936973413,-2.96930847194219,0.0029847080973355,0.0711901249665284
"AAD021_008427",7.78923745282956,-3.16964360287524,1.07488670235262,-2.94881646217951,0.00318993358735677,0.0738379156283386
"AAD021_000084",11.1221613255398,2.72701327527333,0.925683102017765,2.94594691134483,0.00321967655356128,0.0738379156283386
"AAD021_000934",6.32770078515664,2.57093114049085,0.872156667781581,2.94778591446222,0.00320058630186918,0.0738379156283386
"AAD021_000251",10.8923782198747,6.5343403182063,2.23458034042699,2.92419126759064,0.0034535247131994,0.0783304945938853
"AAD021_001542",12.6674242506457,1.90635298392076,0.655274015512443,2.90924550461525,0.00362302228001586,0.0812817172386166
"AAD021_010069",4.65323237169623,-2.03409285113758,0.700380430717655,-2.90426854024651,0.00368112273887326,0.0816971756240258
"AAD021_011210",11.6244101191988,-2.7503915287791,0.952904843068953,-2.88632338137889,0.00389771443803807,0.0855838574479849
"AAD021_011647",6.85229666549584,-2.83693755049875,1.00488598191783,-2.8231437213249,0.00475552482634737,0.0966215586672369
"AAD021_010481",6.62859677238514,-1.95232502935628,0.692719468039943,-2.81834872474482,0.00482713512921954,0.0966215586672369
"AAD021_007760",21.2444759409157,1.59050411433851,0.565506503860928,2.81253018927198,0.00491534092057164,0.0966215586672369
"AAD021_007787",4.0025862293766,-2.58889891238263,0.9160016186077,-2.82630386212384,0.00470885717827635,0.0966215586672369
"AAD021_008317",38.8481181972934,-1.55159521788571,0.550140276073872,-2.82036288809614,0.00479693683565682,0.0966215586672369
"AAD021_009448",9.26468595957619,-2.79695225512632,0.98525365932204,-2.83881437908175,0.00452814893971224,0.0966215586672369
"AAD021_007351",4.68041223298416,-2.2648155331721,0.804945541406114,-2.81362578792078,0.00489862166117446,0.0966215586672369
"AAD021_003965",10.6656924778054,1.85941584267066,0.659630718702029,2.81887393954223,0.00481924406408984,0.0966215586672369
"AAD021_002313",21.3483048820293,-1.85947638811498,0.658959096272804,-2.82183886470728,0.00477491621404089,0.0966215586672369
"AAD021_003337",20.1326512186528,-3.08568145326005,1.08927860436695,-2.83277523389283,0.00461458206629364,0.0966215586672369
"AAD021_003391",29.5777796911309,-2.39031875557941,0.840500312823529,-2.84392369533988,0.00445617182567443,0.0966215586672369
"AAD021_011002",5.26759266283356,-2.50204451549382,0.892790645523867,-2.80249857907693,0.00507084397926318,0.0987379431433887
"AAD021_008071",26.7623198724752,1.45642062980743,0.521487049073989,2.79282224245763,0.00522503959897634,0.0998563123359922
"AAD021_005104",4.91673149189,1.93772509407199,0.693247687520083,2.79514108587035,0.00518770698873978,0.0998563123359922
"AAD021_005047",5.15644243567799,2.08153588289589,0.749481406006859,2.77730156640716,0.0054812297405185,0.103485127832203
"AAD021_002338",14.45941178157,1.49112093191168,0.537284103395518,2.77529322473552,0.00551519576625115,0.103485127832203
"AAD021_001219",19.1073621700904,2.88038180382535,1.03927411965772,2.77153231216225,0.00557931345694313,0.103745071848024
"AAD021_004540",5.27132004082082,-2.75938759561289,0.99720612570631,-2.76711857707297,0.00565541807298934,0.104221275916518
"AAD021_006803",7.38287400257964,2.71651754038225,0.987563736551585,2.75072629728983,0.00594633039443389,0.108612618885943
"AAD021_002222",19.4683229664621,2.70705173707172,0.986405966328885,2.74435864084092,0.00606292601087541,0.109770870933744
"AAD021_000998",9.70812083472527,1.98870684358714,0.72854035458965,2.72971405229472,0.0063389282105023,0.113769981099798
"AAD021_001907",13.0328530309645,-1.84050910699645,0.675601008347073,-2.72425452931079,0.00644468179138824,0.114670889805391
"AAD021_006595",21.0259795627329,2.16914871075884,0.79997308186534,2.7115271250139,0.00669740611054973,0.11814911292457
"AAD021_008144",4.83056832360638,-2.89789529803199,1.07102368714013,-2.70572474990726,0.00681555113797584,0.119214386006628
"AAD021_002105",10.2452492847137,1.64658336126701,0.611088979082498,2.69450672100031,0.00704929049281341,0.122266685522411
"AAD021_006457",6.18779550784539,-2.18032131232881,0.810551553734097,-2.68992305583078,0.00714684954193386,0.122925812121262
"AAD021_006086",9.21558388991081,-6.36342005967718,2.37230190705901,-2.68238205295128,0.00730999236979608,0.123889385484421
"AAD021_002246",7.09202347749063,-2.17374616124836,0.81059733216047,-2.68165965394274,0.00732579487496572,0.123889385484421
"AAD021_001194",6.06915602950758,1.94419508191253,0.725700790963725,2.67905878858235,0.00738294303032162,0.123889385484421
"AAD021_006512",12.9164997565054,-1.54185227965439,0.577589653905593,-2.66945965743772,0.00759733992319549,0.125936203266522
"AAD021_000829",34.0689484187254,-1.31274815212082,0.492006313387207,-2.66815306308415,0.00762695029472641,0.125936203266522
"AAD021_006448",15.2102174647534,-2.06685555782824,0.777600848298552,-2.657990358872,0.00786081417604433,0.127753704404374
"AAD021_004713",9.56020335790175,-1.84199822649053,0.692514929980134,-2.65986789128629,0.00781713064614445,0.127753704404374
"AAD021_001920",8.43416562472541,1.93099207433259,0.727924626048387,2.65273629333737,0.00798422216551668,0.128745582418956
"AAD021_003913",16.049389917328,-1.70163180009656,0.642289861790665,-2.64932065929316,0.00806537660549715,0.129046025687954
"AAD021_006011",8.18041261864514,-2.03883264973109,0.771303390652232,-2.64336015430582,0.00820876675672703,0.130329958352958
"AAD021_004603",32.8503721231517,-1.33047109560511,0.508097356625662,-2.61853575551137,0.00883080364369458,0.139135715424318
"AAD021_007232",18.3560508825989,1.73289172886322,0.664748187886956,2.60683934223511,0.00913822252737107,0.142888570427984
"AAD021_011287",7.64793689790534,-2.26772648903186,0.881542275025908,-2.57245347531996,0.010098052725263,0.154388006110688
"AAD021_003287",31.9267189045573,1.36679000100974,0.530358728713198,2.57710475384455,0.00996317516716686,0.154388006110688
"AAD021_001029",11.40569603868,1.9524314834154,0.758484531768464,2.57412168823425,0.01004949209959,0.154388006110688
"AAD021_010578",24.8079393097412,1.80524268795418,0.704209901662741,2.56350085917813,0.0103622444420442,0.157262298002788
"AAD021_004150",9.28467577186969,-2.09961929692004,0.825614612871985,-2.5430985161664,0.010987424530586,0.165533169570289
"AAD021_007828",5.9084818214384,2.0161597221452,0.794489374006789,2.53767990876612,0.0111589995784855,0.166899819782566
"AAD021_007876",5.73300587888849,1.59273457256808,0.633302365188771,2.51496703646973,0.0119043513571595,0.175844095635308
"AAD021_002081",4.73464094225719,2.16334860952823,0.860423080840852,2.51428472538659,0.0119274095876662,0.175844095635308
"AAD021_000643",15.0337272888724,-1.70781902065544,0.682742579525347,-2.50140986056962,0.012369992749007,0.18023482834433
"AAD021_000660",8.13426280493739,1.94495517970892,0.777809300686852,2.50055531348289,0.0123998767562475,0.18023482834433
"AAD021_003594",39.9110727022158,1.1381017195881,0.456561221503411,2.49276913146597,0.0126751231422322,0.18175881478991
"AAD021_004507",4.5751372917866,-2.4681161681285,0.990173898808988,-2.4926087943716,0.0126808475434821,0.18175881478991
"AAD021_006023",4.81459676586733,2.61185606245579,1.05086041668642,2.4854452798703,0.012938947761522,0.184179228826078
"AAD021_009629",21.0081932050443,1.51861273544024,0.612822193456895,2.47806419489124,0.0132097375937637,0.185475499275703
"AAD021_003231",5.47366620346657,-2.55343001301625,1.02969763852934,-2.47978621827586,0.0131461174937758,0.185475499275703
"AAD021_002893",6.39729229606292,1.80942851541526,0.734167236311773,2.46459992481449,0.0137166311059544,0.191291395964121
"AAD021_007352",7.08882323688472,1.7582716551623,0.71627678811016,2.45473772757785,0.0140987409097328,0.192877021606577
"AAD021_003730",8.89704159504027,1.6312564002254,0.663630289346178,2.45808008828613,0.0139682020100469,0.192877021606577
"AAD021_003271",15.1318541549517,-1.48777600037319,0.606158594937959,-2.45443356375318,0.0141106735768378,0.192877021606577
"AAD021_000399",5.98439117464593,-1.79729683111978,0.735051757690747,-2.44512962837638,0.0144800087280145,0.196623276411986
"AAD021_012479",15.7177902566963,1.39416559730096,0.571805410900232,2.4381818897202,0.0147613444556011,0.197840356859485
"AAD021_007193",40.1646240685985,1.24936575668765,0.512316689434382,2.43865909983726,0.0147418677662911,0.197840356859485
"AAD021_009212",5.0531118771284,1.87495260570012,0.771042851855442,2.43170999016231,0.0150277344350824,0.200111250800065
"AAD021_001318",7.84908798959602,1.53722882984416,0.635073598024976,2.42055225508479,0.0154969518094989,0.205036593171832
"AAD021_008068",27.9400410179581,1.28153568731976,0.530733131734616,2.41465175375667,0.0157502604192508,0.205750237375529
"AAD021_001151",24.4516400014252,1.45057483892861,0.600489052587794,2.41565576037963,0.0157069029533574,0.205750237375529
"AAD021_003941",8.59965915077244,-1.39120938700587,0.576723770397798,-2.4122629557063,0.0158538427956726,0.205800827234391
"AAD021_000588",8.28951704668834,-2.69492039697626,1.12003505451234,-2.40610361802437,0.0161236907634555,0.207995610848576
"AAD021_011968",31.8788682259356,1.68426794668168,0.708011272925956,2.37887165231312,0.017365721282504,0.220773810063188
"AAD021_007680",4.0755933742754,2.23696484956356,0.941340509693227,2.37636097302618,0.0174843488418844,0.220773810063188
"AAD021_008174",6.92706725095423,-1.59897476631915,0.671314466900601,-2.38185655926868,0.017225605710525,0.220773810063188
"AAD021_005273",4.44642112178924,1.75706693045202,0.739772801389955,2.37514399982087,0.0175421050631603,0.220773810063188
"AAD021_003082",14.8448456237356,-1.30142711441661,0.550401563319945,-2.36450475643016,0.0180541955170646,0.225841573013463
"AAD021_001213",5.06818444561459,1.89641834838441,0.804300548626384,2.35784788612067,0.0183812232620854,0.228547257909302
"AAD021_003177",6.0938465198189,-1.79047783036935,0.763039359416548,-2.34650782855871,0.0189502681108899,0.231911696530616
"AAD021_003212",4.1384061194873,-1.90914700192563,0.813875251843105,-2.34574893093527,0.0189888937566251,0.231911696530616
"AAD021_001015",20.2908026012366,-1.18621436779201,0.505555761421979,-2.34635713468191,0.0189579325124068,0.231911696530616
"AAD021_004092",22.7014938547541,-1.2415002090875,0.530876089332268,-2.33858754243208,0.0193567901558197,0.233639853108841
"AAD021_000404",29.8687234763707,1.36461634504806,0.583305317349287,2.33945466372445,0.0193119152928581,0.233639853108841
"AAD021_008962",5.97728634531794,-1.55864416914912,0.668901490458731,-2.33015502489045,0.0197979590719284,0.237575508863141
"AAD021_007924",4.02663036837014,-2.03281606229685,0.875586939510649,-2.32166101453382,0.0202511957132565,0.240221080184836
"AAD021_008738",7.05268021450362,1.57131105166204,0.676556880154356,2.32251137746696,0.0202054165119797,0.240221080184836
"AAD021_007869",44.9920294632596,-2.48369652274178,1.07088231132074,-2.31929923249791,0.0203788170250943,0.240353590513113
"AAD021_005827",13.4553615357277,1.36313704577933,0.58838790007056,2.31673194777775,0.020518338118986,0.240624147031745
"AAD021_000888",10.4521539864586,-1.51981762908412,0.657890855749108,-2.3101364243064,0.0208806024367117,0.243489058923011
"AAD021_010294",5.12540290292724,-1.89425238485385,0.822048770051103,-2.30430657384974,0.0212054402023708,0.244358434355386
"AAD021_010431",7.2520271247119,1.45979305462278,0.63401981058378,2.30244076013755,0.0213103285775046,0.244358434355386
"AAD021_004576",9.52314728593204,1.68474568106677,0.730611247381042,2.3059399743789,0.0211139865961976,0.244358434355386
"AAD021_008451",9.31628176699825,-1.4426474098844,0.628296192620222,-2.29612629652909,0.0216686611358455,0.245736904309808
"AAD021_006263",53.5720181126453,1.04088526700378,0.453254854307276,2.29646799612241,0.0216491370212989,0.245736904309808
"AAD021_010226",13.393043489808,-1.42815032859196,0.623480873325675,-2.2906080838922,0.0219860909722942,0.24797427194981
"AAD021_006215",7.92865047857266,-1.53350763111784,0.670952544321546,-2.28556794976982,0.0222795469731678,0.249918396481621
"AAD021_002451",47.8226017108593,-1.05416863359044,0.464261337580445,-2.27063627370818,0.0231690056934587,0.258490960817831
"AAD021_001284",5.00461050937015,1.58960058670125,0.701213684407743,2.26692750305331,0.0233946547931922,0.259605201576069
"AAD021_008939",7.71544567937012,1.54081138188823,0.683061621086496,2.25574287051492,0.0240867390423734,0.261032919243297
"AAD021_005190",20.8389363922267,0.998959402109594,0.443582746233357,2.25202492791293,0.0243206967616072,0.261032919243297
"AAD021_005883",5.32617858388574,-1.56038111107048,0.695143106181646,-2.24469047767948,0.0247880097731038,0.261032919243297
"AAD021_002317",39.7612597334118,1.3296211935377,0.588209244530718,2.26045613172655,0.0237929561268524,0.261032919243297
"AAD021_002593",5.60135378764943,-1.96848425881147,0.873937683740168,-2.25243091748487,0.0242950537561723,0.261032919243297
"AAD021_002754",11.8408394213618,1.26527270264227,0.563178783030011,2.24666258880503,0.0246615988819956,0.261032919243297
"AAD021_002786",7.52129837539591,-1.64829055025898,0.73385322146778,-2.24607660229689,0.0246991017455306,0.261032919243297
"AAD021_000229",8.65053195404948,-4.09893981565187,1.81498281975387,-2.25839042168329,0.0239213293591686,0.261032919243297
"AAD021_000239",150.647498087978,1.20740062280097,0.536813313345209,2.24920022060728,0.0244997604509181,0.261032919243297
"AAD021_000605",11.7338033958595,-1.42325175183988,0.630142716976399,-2.25861810903575,0.0239071503686985,0.261032919243297
"AAD021_002723",18.452087022919,-1.4141311765163,0.630621900933556,-2.24243905012315,0.0249330103669422,0.26122707308309
"AAD021_007399",9.26251037365839,1.47873723553051,0.660053361155912,2.24032983172888,0.0250695179294132,0.261330732355095
"AAD021_012364",5.74207673685398,-1.66559194944329,0.744906592611614,-2.23597423618416,0.0253534588477873,0.262393580170202
"AAD021_006456",13.8272953033838,1.04960303283175,0.46985640012645,2.23388046336983,0.0254909393547606,0.262393580170202
"AAD021_003791",6.62758305171829,1.69435366727386,0.758799263947357,2.23294057832851,0.0255528631851796,0.262393580170202
"AAD021_005088",49.2215062360273,1.06777537358419,0.479762597267655,2.22563280185947,0.0260387871871317,0.266059686902178
"AAD021_011060",4.14284862532592,1.85628726418657,0.836269598157789,2.21972348184816,0.026437543850985,0.268803401519374
"AAD021_005292",13.9816766472633,1.24775554809491,0.562992627488517,2.21629109720511,0.0266715723580544,0.269853555622668
"AAD021_002188",8.11537917394704,-1.39140203795329,0.629609080608727,-2.209945950284,0.027108913668675,0.272940477132415
"AAD021_012257",11.2162244018381,1.29946079716864,0.588952636645654,2.20639269834947,0.0273565158387046,0.272941110838343
"AAD021_010228",7.34759057056634,-1.81581715727475,0.827268837981895,-2.19495413571289,0.0281668878917476,0.272941110838343
"AAD021_010760",13.0037831520823,-1.84409271264271,0.84007189313329,-2.19516059008311,0.0281520801570123,0.272941110838343
"AAD021_006437",11.7857608696811,-1.39297580623974,0.633751626521265,-2.19798379672166,0.0279502606353326,0.272941110838343
"AAD021_003985",4.67465561383989,-2.54978819731838,1.15748302406987,-2.20287308262454,0.0276036953014408,0.272941110838343
"AAD021_002598",29.4594975654932,1.11971713345226,0.51006190816093,2.19525731197904,0.0281451451831293,0.272941110838343
"AAD021_002721",48.0443787773379,1.08857518530442,0.495599209600449,2.19648289225891,0.0280573983438111,0.272941110838343
"AAD021_001399",4.11803719315654,2.04602214813745,0.931074981281862,2.19748375723788,0.0279859152603658,0.272941110838343
"AAD021_006567",4.299284764682,-1.60814446771294,0.73569984894916,-2.18587032471183,0.028825093879226,0.278013989564124
"AAD021_012559",9.0381843326699,2.14010382448027,0.980605524506692,2.18243092762187,0.0290777438452813,0.279004612726152
"AAD021_011713",48.272347096679,0.948127511102636,0.435427241566444,2.17746484508355,0.0294459020301592,0.279004612726152
"AAD021_003286",9.36650280513502,-1.49634393594281,0.687862640811432,-2.17535282069929,0.0296036871061179,0.279004612726152
"AAD021_000440",5.83816026377122,1.44755046935256,0.665396391235517,2.17547087483406,0.029594848372731,0.279004612726152
"AAD021_000942",22.8191431090753,-1.30963134128314,0.600669734354423,-2.18028521561967,0.029236326281759,0.279004612726152
"AAD021_000859",4.44464149433037,1.55663988983017,0.716615215255996,2.17221160909079,0.0298397054398046,0.279950691035257
"AAD021_007132",12.2992871567484,1.11339592498081,0.513551103302573,2.1680333618616,0.030156148290592,0.281639321591774
"AAD021_002755",10.8931906033662,3.60606781897136,1.66640670994762,2.16397821578905,0.0304660213187048,0.283251657665796
"AAD021_004666",4.42509994870755,-2.58024605741829,1.20134789901106,-2.14779254164621,0.0317302397885117,0.293682578132234
"AAD021_009872",4.69064181099907,-1.96832524619231,0.920098576092392,-2.13925474654214,0.0324150425297376,0.294613121918156
"AAD021_008262",4.84312831200131,-3.49640044637213,1.63477204356181,-2.13876941445258,0.0324543476862625,0.294613121918156
"AAD021_009034",40.960751224354,1.12376503968632,0.525481194189796,2.13854473216493,0.0324725576511527,0.294613121918156
"AAD021_007270",5.34811086208406,1.91944707844248,0.898858354847307,2.13542775465278,0.0327260855962713,0.294613121918156
"AAD021_003777",14.6758437637185,-1.27160218292607,0.595609464006935,-2.13495966697947,0.0327643048037569,0.294613121918156
"AAD021_003276",7.2385505533988,1.78130656870043,0.830957709123079,2.14367897324193,0.0320586181135912,0.294613121918156
"AAD021_000792",7.10838447043771,-1.57350040796594,0.737293733390996,-2.1341567637216,0.0328299506013449,0.294613121918156
"AAD021_008109",59.7389500375764,0.967711631958423,0.455040987455605,2.12664717824531,0.0334494094239897,0.298872645242921
"AAD021_000899",5.06079455565573,-1.7735624296149,0.837793096165188,-2.11694562503915,0.0342644628561517,0.304835566099557
"AAD021_008412",9.70383542195088,-1.28489248608352,0.610674682831766,-2.10405396229189,0.035373740110366,0.311020512588107
"AAD021_002214",5.41356953142741,1.55371258815158,0.738590458798177,2.1036185475233,0.0354117347181226,0.311020512588107
"AAD021_002674",38.9207441277216,1.05108384392136,0.499309431229466,2.10507508607086,0.0352847725403033,0.311020512588107
"AAD021_007799",6.75094404078055,-1.32004114770203,0.628988451280479,-2.09867310761386,0.0358457268625061,0.312175444068407
"AAD021_008464",44.0328513978796,1.00335233832182,0.478028001679453,2.09894051142767,0.0358221451015401,0.312175444068407
"AAD021_011059",23.587383553725,1.13847723987454,0.544357397777152,2.09141502351844,0.0364908766010041,0.316458694556607
"AAD021_006476",7.4971734624575,-1.48287457729957,0.710254195666261,-2.0878082612501,0.036815134062475,0.317934881610663
"AAD021_009622",12.9905862098007,1.28525222263912,0.620608037455332,2.07095645733016,0.0383628653707837,0.322064930059894
"AAD021_009185",22.4063094636813,-1.56652926424545,0.755027990011358,-2.07479627903846,0.0380054195972473,0.322064930059894
"AAD021_004878",29.9106384292053,1.02391286803214,0.493526260891193,2.07468770999782,0.0380154871511406,0.322064930059894
"AAD021_004049",10.3435988988832,1.41373148609358,0.680140586924105,2.07858715282247,0.0376553128112603,0.322064930059894
"AAD021_002247",9.21707109234075,-1.74484306488693,0.842027525251182,-2.07219243143677,0.0382474989643813,0.322064930059894
"AAD021_000773",43.9479475207745,1.06602201917135,0.512617522732234,2.07956609342866,0.0375653496784952,0.322064930059894
"AAD021_001511",4.42720172645384,1.63397233782508,0.78908690673539,2.07071277431931,0.0383856457338828,0.322064930059894
"AAD021_009406",7.06170041566358,-2.36709598153873,1.14439339595518,-2.06842855778891,0.038599742129337,0.322550071882395
"AAD021_010922",12.0717159860214,1.61171169267095,0.780550080962985,2.06484085003557,0.0389380612759254,0.322783942068043
"AAD021_008268",4.68118960346817,-1.80617422511023,0.875438296666851,-2.06316565312149,0.039096892207854,0.322783942068043
"AAD021_002051",7.34648196088394,-1.1587054716092,0.561245027481242,-2.06452692651771,0.0389677835954894,0.322783942068043
"AAD021_001565",11.9089070798347,-1.48435529171422,0.720918115050649,-2.05897904453398,0.0394962459854751,0.324781879338727
"AAD021_000948",22.3286463974439,-1.034468725329,0.503030038261097,-2.05647505446198,0.0397367483580162,0.325462891313276
"AAD021_012383",43.9327029525747,-2.92456248175535,1.42833642441746,-2.04753056195996,0.0406060192861645,0.327386030494701
"AAD021_003192",13.9469132218115,-1.37490916326996,0.67117551054574,-2.0485091331059,0.0405101381153972,0.327386030494701
"AAD021_003393",4.03130438209248,2.13237982954862,1.04101232327166,2.04837136110651,0.0405236255039471,0.327386030494701
"AAD021_000299",24.9587487424482,4.18566054942248,2.04244354242589,2.04933965736502,0.0404289133421843,0.327386030494701
"AAD021_007964",5.87586220275778,1.64444328670667,0.80434119249453,2.04445986610073,0.0409081383438211,0.328538511835202
"AAD021_012215",4.88019832288663,-1.58560333819858,0.781646569218716,-2.02854256724167,0.0425049034367598,0.332325684328386
"AAD021_007712",75.8600111053898,1.08480512887257,0.53490837066379,2.02802047671527,0.0425581581712679,0.332325684328386
"AAD021_005127",6.58822893691609,1.93148512001923,0.951809704688437,2.02927655654811,0.0424301297402821,0.332325684328386
"AAD021_007208",8.94016710832283,-1.31446282137738,0.648493774159547,-2.02694748007556,0.0426677840828596,0.332325684328386
"AAD021_005751",4.37528707391677,-1.6067589134991,0.792322547028005,-2.02791012262119,0.0425694218272034,0.332325684328386
"AAD021_004314",6.71787077690654,-1.67307997927404,0.825168893320274,-2.02756065190725,0.042605108347217,0.332325684328386
"AAD021_000333",8.82026070370512,-1.5546363189307,0.766496753496726,-2.02823601253171,0.0425361660632532,0.332325684328386
"AAD021_001390",20.6543517713442,1.3114247573894,0.646133661174019,2.02964933757909,0.04239219603882,0.332325684328386
"AAD021_004094",4.73098110381182,-1.48653643362483,0.733971230897972,-2.0253333796287,0.0428331431948721,0.332359426895549
"AAD021_006362",46.4306271824026,1.02502032402513,0.506853181812635,2.02232196779233,0.0431431006005876,0.333510710260722
"AAD021_007536",12.4403901905944,-1.316368717865,0.651543627530064,-2.02038461009161,0.043343508519575,0.333809707404488
"AAD021_002662",8.79522235018305,-1.49375552382796,0.741753704149557,-2.01381606249018,0.044028848682033,0.337827299924595
"AAD021_001472",12.1919224660604,-1.39627236922102,0.694843895924275,-2.00947634052928,0.0444866413441767,0.340075658275484
"AAD021_005368",11.5436803617863,1.09393842012414,0.545877246186918,2.00400076714236,0.0450699782453298,0.342708440284259
"AAD021_002370",9.1335519502129,-1.54372679661269,0.770656570673149,-2.00313194665204,0.0451631277893984,0.342708440284259
"AAD021_004377",5.31497292167927,-1.3042797035616,0.652784028270107,-1.99802637178175,0.0457138011137689,0.345616430398604
"AAD021_008196",9.76867911519607,-1.18012594394877,0.59248914592039,-1.9918102332753,0.0463918830305603,0.34937719472247
"AAD021_000525",5.04372080212321,-1.71446575447489,0.8613787706281,-1.99037382036329,0.0465497715836624,0.34937719472247
"AAD021_000551",8.32772146266144,1.26563733065252,0.636986394558285,1.98691422841169,0.046931902598671,0.350969010737887
"AAD021_009076",10.0598639676856,1.15222988197506,0.582042658541105,1.97963132953715,0.0477449699354826,0.355760353598686
"AAD021_009517",13.2063169512316,1.1248385644282,0.570791465138976,1.97066465272799,0.0487622461750049,0.362033367284928
"AAD021_008331",12.3136742371004,-1.42146440998962,0.723814645375819,-1.96385140736075,0.0495473264431243,0.36393481060003
"AAD021_006163",16.2588708813583,-1.22436182799411,0.622746421707012,-1.9660680259519,0.0492907532324577,0.36393481060003
"AAD021_000069",4.03709278090925,-2.21368317379256,1.12663698056878,-1.96485932201071,0.0494305219496286,0.36393481060003
"AAD021_009662",5.86784435670588,1.55566317154492,0.793615946488197,1.96022166443207,0.0499698873665135,0.365737047959162
"AAD021_008299",4.75192469492442,1.56569320600925,0.802208040735743,1.95172963433934,0.050970312312091,0.367816283344131
"AAD021_008857",6.77058071070677,1.55570079259828,0.795531819613921,1.95554816820938,0.0505184038216164,0.367816283344131
"AAD021_005020",24.2238536386589,0.842714032476431,0.432510909580446,1.94842260347583,0.0513644173768209,0.367816283344131
"AAD021_004040",30.7668551390834,0.893942483105436,0.458828120820879,1.94831668448329,0.0513770819818182,0.367816283344131
"AAD021_002471",6.05214027685171,1.36729284286252,0.703227017838967,1.94431216119119,0.0518578190179952,0.367816283344131
"AAD021_000751",20.0326520572936,1.25522641845882,0.644658950394923,1.94711702628165,0.0515207062015881,0.367816283344131
"AAD021_001053",81.9841026653511,0.83417851516936,0.428833350516277,1.94522770713864,0.0517475785285217,0.367816283344131
"AAD021_001311",35.9149060643998,1.03849813992558,0.532635185340629,1.94973627072993,0.0512075608637083,0.367816283344131
"AAD021_001425",7.49105184165698,1.29444928105622,0.66343871953656,1.95112109519391,0.0510426423463808,0.367816283344131
"AAD021_011063",40.9826217241793,0.950772999103109,0.490675110372371,1.93768336523443,0.0526618646446992,0.369888949841009
"AAD021_009098",36.471735308308,1.16350088653274,0.600979781926466,1.93600670359175,0.0528668799433613,0.369888949841009
"AAD021_002631",42.7423406752954,0.98324998503328,0.507272897257688,1.93830577259049,0.0525859285589915,0.369888949841009
"AAD021_002759",5.50373809022664,1.76869606282743,0.913535654962084,1.93609965108679,0.0528554972683917,0.369888949841009
"AAD021_005318",17.7562916526178,-1.9192406062978,0.992348211877578,-1.93403946651598,0.0531082755859052,0.370322570301717
"AAD021_000986",40.2736342695798,0.918130934481333,0.475114080880673,1.93244311509245,0.0533048368064529,0.370441694170097
"AAD021_006002",12.9748829923115,-1.3594496301667,0.7047517121907,-1.92897669725539,0.0537337551923704,0.372169364822324
"AAD021_008207",27.1828653797538,1.0011437821097,0.519828387067868,1.92591210294754,0.054115349960385,0.373558803739915
"AAD021_010523",37.6054566003617,4.90610930791956,2.55705426230923,1.91865670597422,0.0550277940154402,0.377473740861856
"AAD021_009451",9.17372229016599,-1.27879535506715,0.666561675291167,-1.91849517077103,0.0550482538756873,0.377473740861856
"AAD021_009080",34.0197540909078,0.847722933385384,0.44406242492553,1.90901748448442,0.0562598361806689,0.384504310850664
"AAD021_007481",19.1685009196654,2.90323842766637,1.53162547194305,1.89552764748895,0.0580225324915642,0.395242597566299
"AAD021_001335",4.79592148109099,1.40785920466948,0.744557648062745,1.89086662172173,0.0586421510844537,0.398149341573396
"AAD021_008238",10.0806971508641,1.12334217136857,0.594769766679471,1.88870086258764,0.0589319229874498,0.398804882118349
"AAD021_000199",14.1468590697769,0.986603750362763,0.523610176588971,1.884233337079,0.0595334200625468,0.401558754931688
"AAD021_010221",23.9905670750787,-1.41829272534437,0.755889066795199,-1.87632390472006,0.060610816502467,0.405906922369603
"AAD021_009099",5.95770771552421,-1.32536418067626,0.707869995532926,-1.87232710672875,0.0611613628182881,0.405906922369603
"AAD021_003763",16.5565540868573,-1.11301149105718,0.594127457749764,-1.87335474322744,0.0610194150763231,0.405906922369603
"AAD021_001152",15.5785125269494,1.03324772419813,0.550484147282752,1.87697998080117,0.0605208376927556,0.405906922369603
"AAD021_001309",29.6760466968268,1.22261051935987,0.652105802176093,1.87486526769121,0.0608112613394182,0.405906922369603
"AAD021_011911",8.17663126760283,-1.70142424170988,0.910323726985001,-1.86903207207947,0.0616183524384102,0.406664616053367
"AAD021_001526",10.7142119819569,-1.50779986993651,0.80688659307345,-1.86866392734729,0.0616695856708837,0.406664616053367
"AAD021_009037",5.74214947227402,-1.93595795166238,1.03915288992054,-1.86301551046104,0.0624600840493692,0.4092622650092
"AAD021_002676",19.3634588502225,-1.99803212120836,1.07169362206813,-1.86436877113499,0.0622699352516539,0.4092622650092
"AAD021_007176",30.0143582237291,0.857989286586133,0.462091831555808,1.85675060235838,0.0633466445555775,0.413757830261746
"AAD021_003259",18.0622835242536,-1.32151454836339,0.712428163448794,-1.85494428233447,0.0636041835217713,0.41412944728371
"AAD021_000075",18.0538628586893,-1.00299110299369,0.541637619996032,-1.85177518319543,0.0640581126860243,0.415773233312146
"AAD021_001478",71.8703838643693,-0.835033599993957,0.451278048738153,-1.85037495692256,0.0642595258849683,0.415773233312146
"AAD021_007621",63.8509280373265,0.858057929415634,0.465700398666499,1.84251061814124,0.0654004948084907,0.421833191514765
"AAD021_002362",22.8577915793495,-1.11739142045277,0.607472870807599,-1.83940958378481,0.0658549655589667,0.422126238862445
"AAD021_001616",4.12138631093672,-1.52247379216845,0.827159692490566,-1.84060442740422,0.0656795484720006,0.422126238862445
"AAD021_003293",9.7747923624651,1.73009276501568,0.942905407944048,1.83485294541692,0.0665274812818778,0.423804695573443
"AAD021_000332",18.0628122367948,0.981917663814513,0.534751234387113,1.83621392653708,0.0663260237773633,0.423804695573443
"AAD021_004473",8.8124084234947,-1.21083295218466,0.661009118169923,-1.8317946286989,0.0669820238029055,0.425387375782145
"AAD021_003156",6.4762754452223,-1.4541182510814,0.79605931411169,-1.82664560957248,0.0677530710342134,0.428964228879192
"AAD021_012463",11.9539311429217,-1.29724927360716,0.711541455119957,-1.82315347092245,0.0682801499521011,0.429665333844929
"AAD021_008315",5.30290325091422,1.51096162802554,0.828742273474665,1.82319844948965,0.068273339834094,0.429665333844929
"AAD021_002640",48.4068867571134,0.886491336291322,0.487166671083502,1.81968798136311,0.0688065346261143,0.430353598388788
"AAD021_002783",4.14194348242325,-1.52704299629784,0.838929952315074,-1.82022705481415,0.0687244346417542,0.430353598388788
"AAD021_010671",12.9726596383545,-1.32220588424704,0.729334555180034,-1.81289351348595,0.0698482468863395,0.435092516175989
"AAD021_007409",10.9849631542295,1.03243387793465,0.569775087750704,1.81200249033417,0.0699858117104788,0.435092516175989
"AAD021_007935",5.34038163102086,-1.48195467195234,0.820314006461371,-1.80656999670788,0.0708293511234377,0.439014356512839
"AAD021_003367",4.77348530351941,-1.69469197034159,0.939311226521292,-1.8041857932624,0.0712021857172455,0.440003926108966
"AAD021_003925",14.2817567141519,-1.44168173842261,0.799836705034352,-1.80247009089274,0.0714714762679871,0.440349632886942
"AAD021_007332",5.43098680976915,-1.50833086006092,0.837818517903943,-1.80030737901862,0.0718121164066263,0.441131572212133
"AAD021_012487",21.1306959491275,0.942975542722728,0.525765026799168,1.79353036938101,0.0728881591021031,0.442474001137473
"AAD021_010461",739.703170426532,-1.49048308522191,0.830200978751726,-1.79532802703145,0.0726014521378362,0.442474001137473
"AAD021_008444",6.43274915136778,1.10524370791916,0.61492574959669,1.79736124018885,0.0722782898402267,0.442474001137473
"AAD021_002605",11.2083764239978,1.07355501854841,0.598504315726054,1.79372978663665,0.0728563085851016,0.442474001137473
"AAD021_011786",5.60802977216118,-1.21242617384466,0.687591140913935,-1.76329522255496,0.0778507106547511,0.446327197606458
"AAD021_010281",11.0808896228978,-1.18674846310125,0.672534742768112,-1.76459056704887,0.0776326019718159,0.446327197606458
"AAD021_007558",14.8033284395355,-1.1917635617523,0.672903100727767,-1.77107753027645,0.0765478099676018,0.446327197606458
"AAD021_008018",33.4418963124015,-1.16681886339397,0.65859814570725,-1.77167043514973,0.0764492800971597,0.446327197606458
"AAD021_008328",18.050074044324,-0.962298322213236,0.542305697404918,-1.77445733433762,0.0759875334185608,0.446327197606458
"AAD021_008654",12.4470022846139,0.971072334000777,0.54477912593057,1.78250650177176,0.0746666719099289,0.446327197606458
"AAD021_009028",11.8296302205483,-1.15110681931169,0.650928899393153,-1.76840638107302,0.0769929905746689,0.446327197606458
"AAD021_009148",11.2536948111388,-0.9083176039054,0.512544638728627,-1.77217267584438,0.0763658978730379,0.446327197606458
"AAD021_004879",32.5918763667693,0.783609859796979,0.445042522245358,1.76075278344968,0.0782802546189622,0.446327197606458
"AAD021_004906",4.51820684398716,-1.6009957448779,0.90020746363402,-1.77847419573138,0.0753260063396092,0.446327197606458
"AAD021_004921",8.62769181700014,1.39045423200466,0.787491401588819,1.76567544635957,0.0774503143989366,0.446327197606458
"AAD021_007243",6.79811481949917,-1.25376324309464,0.703854192440846,-1.7812826243839,0.0748662915888646,0.446327197606458
"AAD021_006416",9.49036882112924,-0.978924625790403,0.555263532297369,-1.76299102831436,0.0779020028325924,0.446327197606458
"AAD021_003700",79.8229070811086,0.759147584670724,0.427568403815887,1.77549972798649,0.0758154104276576,0.446327197606458
"AAD021_002036",7.4148209217615,1.18975675697725,0.67570260137936,1.76076983357547,0.0782773675954758,0.446327197606458
"AAD021_002191",10.6433140102988,1.30097487673805,0.733973386050756,1.77250960520261,0.0763100022885717,0.446327197606458
"AAD021_003076",6.60545568592666,-1.40014762072789,0.793739008475563,-1.76398993343792,0.0777336740342456,0.446327197606458
"AAD021_003431",15.5681872942111,-1.13768348028737,0.640774056088451,-1.77548305752617,0.0758181605959703,0.446327197606458
"AAD021_000010",4.53436128834286,-1.860438060176,1.05659844964966,-1.76078060761197,0.0782755433195219,0.446327197606458
"AAD021_000031",7.12747152744159,-1.44422609858907,0.808014396932113,-1.78737669040619,0.0738766264355418,0.446327197606458
"AAD021_001030",61.0500746470825,0.992583802811701,0.562865519116928,1.76344751827924,0.0778250414108589,0.446327197606458
"AAD021_001386",5.72844198745715,1.27725514101721,0.722597687703777,1.76758819292099,0.0771297733147307,0.446327197606458
"AAD021_008449",12.1793350687544,-1.2382800155757,0.705351212929468,-1.75555098350631,0.0791651080086322,0.448819391606752
"AAD021_005271",30.0560952822237,-1.15333593957457,0.65741311369154,-1.75435493383802,0.0793697083025506,0.448819391606752
"AAD021_003696",3.94971536471048,-1.39057080018171,0.792412466475374,-1.75485729845585,0.0792837198044605,0.448819391606752
"AAD021_003331",50.3561911434633,0.975844373941794,0.556685544397472,1.75295439905485,0.0796098348110082,0.448947265163718
"AAD021_010500",4.96196895593219,-1.37537509401942,0.785415667036617,-1.75114293200787,0.0799212926517345,0.449405550264516
"AAD021_007934",57.5312512408575,0.918212187974959,0.526358126296837,1.74446283262498,0.0810784169515557,0.449405550264516
"AAD021_008225",84.1204292598033,0.909298372339738,0.520139827024922,1.7481806335437,0.0804327539800909,0.449405550264516
"AAD021_008979",4.7116037160129,-1.279609324524,0.733906447945027,-1.74355917992949,0.0812359864501704,0.449405550264516
"AAD021_006400",7.32155523908082,-1.21183323983718,0.694827443371378,-1.7440779741762,0.081145494181485,0.449405550264516
"AAD021_001848",7.83712750448011,1.25879850606514,0.723861670614732,1.73900422852356,0.0820340191378727,0.449405550264516
"AAD021_002428",16.3656604363034,2.40407164967853,1.37729302109361,1.74550485108074,0.0808970287726389,0.449405550264516
"AAD021_002679",6.47869464894404,1.21889806291691,0.697006413319948,1.74876161771757,0.0803322339959682,0.449405550264516
"AAD021_002715",4.70384127738241,1.22936273577815,0.706579567516358,1.73987869490676,0.081880320426711,0.449405550264516
"AAD021_000330",8.85175714490163,1.22304013508181,0.703419053222782,1.73870771551942,0.0820861882023849,0.449405550264516
"AAD021_001148",18.2037719479361,0.891694935896111,0.512351169161315,1.7403979722653,0.0817891613469032,0.449405550264516
"AAD021_000259",7.12552761673501,1.0806070880911,0.623635848520721,1.73275332175713,0.0831395226518845,0.453968187178544
"AAD021_007560",7.54069564850798,-1.74311470463964,1.00698981833707,-1.7310152226943,0.0834490494381302,0.454456037045648
"AAD021_009355",24.8602722045731,0.931201591775356,0.53857961591553,1.7289952390649,0.0838099471685086,0.455220344620531
"AAD021_004045",24.2303569135622,0.783165871250891,0.453847896123925,1.72561309182988,0.0844170424902496,0.457314371915683
"AAD021_008374",5.85940437481904,-1.29526321057644,0.753905823907672,-1.7180703073267,0.0857837919958036,0.463501954657954
"AAD021_011669",59.4129518809173,0.896760798818964,0.525176580321706,1.70754148684551,0.0877214535533412,0.466641959108496
"AAD021_008477",25.1011426306057,-1.00083804958894,0.5853508936903,-1.7098086982993,0.0873012540134753,0.466641959108496
"AAD021_005157",6.16279190724955,-1.09918467691156,0.643007862423521,-1.7094420475182,0.0873690978841094,0.466641959108496
"AAD021_007112",34.758401854513,-2.87970159288291,1.68587321830329,-1.70813650849802,0.0876110160864465,0.466641959108496
"AAD021_003455",7.19945007431809,-1.16885221822238,0.682475760348423,-1.71266480970056,0.0867742226724567,0.466641959108496
"AAD021_002324",9.07309051400582,-1.18375998624509,0.692721367137695,-1.70885444336206,0.0874779149665591,0.466641959108496
"AAD021_000743",9.61275021397699,-1.29976196238513,0.763255604741878,-1.70291833339984,0.0885833525912627,0.470015526345414
"AAD021_008361",5.16057814511033,-1.17463719278334,0.690862169043183,-1.70024824837372,0.0890842403083388,0.471461210247208
"AAD021_008988",5.84658590646349,1.2686583048658,0.748216073808338,1.69557745319272,0.0899659306827777,0.472544766505576
"AAD021_003655",78.6678213792719,-3.25529160009826,1.91993104126388,-1.69552527155106,0.089975820366614,0.472544766505576
"AAD021_001147",9.52977886007042,0.994466203289552,0.586302641624231,1.69616531239666,0.0898545775785955,0.472544766505576
"AAD021_010184",15.7967047896451,-0.863569620084394,0.510570150261533,-1.6913828974178,0.0907636965731626,0.474925532113713
"AAD021_003912",14.8730645755157,-1.0662658764845,0.630655999934839,-1.69072501743369,0.0908893339074208,0.474925532113713
"AAD021_002202",30.6410157018152,0.974239394126076,0.577001512029771,1.68845206436098,0.0913244833446477,0.475994276826648
"AAD021_010921",8.86297676197148,1.10848520932676,0.658159839959088,1.68421885084277,0.092139381438188,0.47663078518401
"AAD021_008164",6.5237930737432,-1.04242179377585,0.618793246755752,-1.68460434764135,0.0920649319913374,0.47663078518401
"AAD021_002919",7.15150740933525,1.4385779799691,0.853332883946573,1.68583445807904,0.0918276887910478,0.47663078518401
"AAD021_009051",30.219139248282,-1.75075718056037,1.04561003541105,-1.67438827217464,0.0940543161906625,0.479176536946807
"AAD021_009325",13.225036283216,-1.05762935589488,0.629621960026331,-1.67978473281118,0.0929992066628462,0.479176536946807
"AAD021_009378",6.43727839414339,-1.28209535771882,0.765052359222164,-1.67582694473662,0.0937720947005403,0.479176536946807
"AAD021_003984",7.58027557534186,-1.33910660419959,0.798002459048593,-1.67807328037074,0.0933327941743017,0.479176536946807
"AAD021_004052",23.9427904790715,-0.824215199845909,0.492524017606514,-1.67345179195787,0.0942383892928751,0.479176536946807
"AAD021_002822",9.6204635190142,-1.05449875946765,0.629285765635476,-1.67570731304049,0.0937955366876993,0.479176536946807
"AAD021_000862",17.8495693192808,1.22749801347317,0.733553255720548,1.67335909683536,0.0942566250001955,0.479176536946807
"AAD021_012138",49.9436172678022,-0.87025199491559,0.520858925712457,-1.67080173143854,0.0947608464452786,0.48055623357016
"AAD021_001026",4.619997130689,1.26407508074374,0.757765355334147,1.66816161737341,0.0952836480428282,0.482023160687249
"AAD021_009697",19.058139133472,0.944364695041531,0.56669385007862,1.66644599180054,0.0956246168286311,0.482565303506833
"AAD021_007559",8.49512891373891,-1.06568819613746,0.643618385353421,-1.65577649798222,0.0977670888929291,0.486244027650616
"AAD021_007960",17.2723609214234,-1.27909771445914,0.77037401419059,-1.66035937206819,0.0968421782325309,0.486244027650616
"AAD021_009002",5.85522178904439,1.30482787233572,0.786938642612858,1.6581062381221,0.0972960250153974,0.486244027650616
"AAD021_006956",7.65963691439787,1.2693283484719,0.76505712888322,1.65912884221441,0.0970898324870653,0.486244027650616
"AAD021_003016",203.602203284851,-1.23917749777251,0.748376094216045,-1.6558218619618,0.0977578991168163,0.486244027650616
"AAD021_001174",8.60413455501143,0.962758245562354,0.580059871164171,1.65975667930642,0.0969634119098061,0.486244027650616
"AAD021_010243",7.6550852955498,1.12159915876815,0.678600631810756,1.65281183982295,0.0983691636974136,0.488062389114091
"AAD021_004637",5.90686333165494,-1.08982803965285,0.660467008119491,-1.65008702365898,0.0989251384092808,0.489643850543778
"AAD021_012349",6.17916173285698,1.34147599260612,0.814979814866829,1.64602358013655,0.0997589043699528,0.492589422534887
"AAD021_000474",14.2267639419028,-0.940715616697841,0.572863545040262,-1.64212860958315,0.100563353730473,0.495376520524333
"AAD021_012507",16.1431695860818,1.66203974940511,1.01726022580084,1.63383931392449,0.102292594998741,0.49952157846083
"AAD021_009539",4.5837098132906,1.25314962331419,0.765615813952032,1.63678649327469,0.10167508889911,0.49952157846083
"AAD021_008208",34.1140390242199,-0.964251837986811,0.590034013370842,-1.63423093607447,0.102210369066063,0.49952157846083
"AAD021_003870",6.02077760739753,1.50380180244209,0.920625180891847,1.63345716981725,0.102372881632234,0.49952157846083
"AAD021_007151",9.56273836347968,-1.06597038179232,0.654264438234138,-1.62926535434109,0.103256857078838,0.501614335960604
"AAD021_006168",14.7912922770075,-0.925069507049816,0.567834223797357,-1.62911897219486,0.103287835650803,0.501614335960604
"AAD021_001392",4.4106465939057,-1.34666007300281,0.830097682698727,-1.62229108823036,0.104741035949341,0.50747769530385
"AAD021_011711",6.77520494739141,1.15788796563124,0.715650611467058,1.61795147950424,0.105673054671677,0.508413018280514
"AAD021_011004",10.4683647337482,-1.02350611979815,0.632270026442678,-1.61878007337572,0.105494591022594,0.508413018280514
"AAD021_000367",4.18689701813032,-1.2762563037257,0.788508949992429,-1.61856920424042,0.105539985596772,0.508413018280514
"AAD021_009865",6.70411851499914,1.09330664495108,0.676532553422203,1.61604440085056,0.106084713768624,0.509206626089396
"AAD021_012370",4.2827632294424,1.41703742287214,0.881357378895754,1.60778982147688,0.107881218426452,0.509338485421507
"AAD021_009744",9.32807682990668,1.09584354567915,0.680342853595222,1.61072250540775,0.107240218195426,0.509338485421507
"AAD021_009960",61.3592984873702,-0.997595727605661,0.618246438044445,-1.61358912274711,0.106616577747748,0.509338485421507
"AAD021_004884",5.57451227826051,-1.64088705384755,1.02117982893692,-1.60685415766169,0.108086364638866,0.509338485421507
"AAD021_007390",21.0827654642118,-0.905827903754834,0.561358569021819,-1.61363512332815,0.10660659367964,0.509338485421507
"AAD021_000680",4.29308823057183,-1.22370035658527,0.759053351274621,-1.61214011443385,0.106931453249459,0.509338485421507
"AAD021_000843",37.0272196666902,0.802727455386884,0.499473666792148,1.6071467001301,0.108022190949031,0.509338485421507
"AAD021_001225",11.8378946775709,0.931124987242486,0.578407906339468,1.60980681113997,0.107440037825164,0.509338485421507
"AAD021_004631",4.7129595887678,-1.06287443112352,0.662812741348528,-1.6035817732789,0.108806271007336,0.511204920541553
"AAD021_000350",13.1485895869112,0.959817822750656,0.598836440560887,1.6028046353553,0.108977793138703,0.511204920541553
"AAD021_008892",16.8518495937273,0.912452331554315,0.570511176762316,1.59935925661007,0.109740799859589,0.513616804785014
"AAD021_012309",8.36784121420969,2.9595666599393,1.8531160609815,1.59707571600872,0.11024883053533,0.513664980191696
"AAD021_009252",5.19569287494002,1.1958426008121,0.748570810615438,1.5975009763324,0.110154080223377,0.513664980191696
"AAD021_008034",7.3176193053671,1.12123734166245,0.70371047423552,1.59332194519417,0.111087986064678,0.516409016300663
"AAD021_009402",6.26297962317812,-1.77907862908859,1.12095235845331,-1.58711350725321,0.11248693923192,0.519402779809134
"AAD021_003411",35.4402259048119,-0.794377990948006,0.500132903631595,-1.58833379123793,0.112210880280908,0.519402779809134
"AAD021_000992",8.24063705559814,0.889341799138794,0.560284850053019,1.58730295679892,0.112444045899036,0.519402779809134
"AAD021_011700",6.26817371129717,-1.05696056862427,0.666663754349062,-1.58544777892763,0.112864632884032,0.519983487215717
"AAD021_011116",24.4834684842386,0.882306004573735,0.558620531969861,1.57943712069169,0.114235828571913,0.52049172223494
"AAD021_005159",6.9540810143046,1.05057859115086,0.664871498770233,1.5801227652171,0.11407875478874,0.52049172223494
"AAD021_005163",34.9243671312054,0.762562022505941,0.481638974246862,1.58326477565142,0.113361127876542,0.52049172223494
"AAD021_003713",7.59892805968235,-1.05930599482771,0.670409840099161,-1.58008718170221,0.114086902403767,0.52049172223494
"AAD021_000468",10.4678593516673,0.820000323946376,0.519133765313504,1.57955497934367,0.1142088163128,0.52049172223494
"AAD021_011872",4.797605780745,-1.30198015599681,0.827030326575595,-1.57428345026692,0.115421934102787,0.521752868693774
"AAD021_009303",9.7568576541844,1.05545068878192,0.671346356646159,1.57214033908612,0.115918008034701,0.521752868693774
"AAD021_004044",46.3387622526208,0.775129783505974,0.492576653121566,1.57362266074489,0.115574711192545,0.521752868693774
"AAD021_004247",20.5461103625998,1.06111977706962,0.673559183173764,1.57539204212122,0.115165980126306,0.521752868693774
"AAD021_002180",5.35569677823645,-1.17498383007022,0.747606718464329,-1.57166034099288,0.116029344346144,0.521752868693774
"AAD021_003080",13.0300955290859,-0.961188249088875,0.609792948385682,-1.57625346707181,0.114967400938094,0.521752868693774
"AAD021_011003",12.8192169766006,1.10889725028987,0.707778259161675,1.56672974330025,0.117177875427159,0.521812233258474
"AAD021_008706",4.76146213972363,1.09888513211844,0.700605146446569,1.568479960063,0.116769163214625,0.521812233258474
"AAD021_003886",5.08582739900248,-1.40766546291758,0.898789417834748,-1.56617939083968,0.117306626081362,0.521812233258474
"AAD021_002748",36.1207165889211,-0.91232387818483,0.581278923836268,-1.56951136670114,0.116528833009132,0.521812233258474
"AAD021_001554",30.0999371585115,0.659455900450491,0.420958346045285,1.56655856011832,0.117217910501265,0.521812233258474
"AAD021_008254",7.79721180758402,-0.956574427714587,0.611944564419111,-1.5631717043236,0.118012213639513,0.52298233480047
"AAD021_007091",5.89504531313555,-1.08596054353943,0.695430713531305,-1.56156540458943,0.118390404716801,0.52298233480047
"AAD021_002760",10.4349313560953,-1.04015062266824,0.666901947520278,-1.55967549133092,0.118836586735184,0.52298233480047
"AAD021_001078",99.6494086401668,-0.770896096087484,0.494150928727835,-1.56004178333149,0.118750007500531,0.52298233480047
"AAD021_001162",8.87705616806615,1.18585829180472,0.758887357037522,1.56262755046278,0.118140224240636,0.52298233480047
"AAD021_008301",6.61005035511616,-1.19286682771184,0.769361995783282,-1.55046237564333,0.121030577288919,0.531113320810054
"AAD021_003849",10.9226676968126,-0.965824578582928,0.623639520085322,-1.54869046536818,0.12145614700695,0.531113320810054
"AAD021_002297",16.0681295766483,0.950702750675754,0.613689620404552,1.54915892181627,0.121343521530765,0.531113320810054
"AAD021_011682",6.95436420393727,-1.06496929583743,0.689131298660857,-1.5453793753192,0.122254526065625,0.532926450447873
"AAD021_009302",23.8665066771832,-1.09608878355953,0.709660549357747,-1.54452545594017,0.122461089280653,0.532926450447873
"AAD021_005860",4.62958958257428,-1.10345607609547,0.715187858878399,-1.54288983292583,0.122857508075455,0.532926450447873
"AAD021_000219",10.0891116910032,1.01198729005507,0.655984499009926,1.54270000523252,0.122903580626544,0.532926450447873
"AAD021_004065",58.0182588991861,-0.765975495410525,0.497048276983367,-1.54104848740107,0.123304985569293,0.533546101079709
"AAD021_010380",33.5558536622947,0.844771268034103,0.549488096529085,1.53737865000209,0.124200611506714,0.535177582776322
"AAD021_003687",16.7462370156145,0.934633440627873,0.607858594539385,1.53758365683076,0.124150445994127,0.535177582776322
"AAD021_000411",6.63907048556347,1.13209521069496,0.737814324162273,1.53439039284085,0.124933639674055,0.536944437954293
"AAD021_001293",5.94032992567965,1.26040971662069,0.821869627587538,1.5335883871514,0.125130947023263,0.536944437954293
"AAD021_009074",5.6841309863999,0.983125162255594,0.64256804351289,1.52999386163198,0.126018248338189,0.537978434662785
"AAD021_000523",5.20819544380232,-0.979132332895563,0.639912700529175,-1.5301029844944,0.125991239639572,0.537978434662785
"AAD021_000603",7.12682305384373,1.06727021094608,0.697814794513397,1.52944623607516,0.126153857740692,0.537978434662785
"AAD021_012209",11.543656116565,-1.07382231200633,0.706006048254046,-1.52098174606562,0.128264418160928,0.539660869626095
"AAD021_009536",59.1217871527833,0.777899470568155,0.511392206276496,1.52114064512662,0.128224546563261,0.539660869626095
"AAD021_008258",41.8701282430004,-0.871367937779575,0.572626182214073,-1.52170467373743,0.128083096012834,0.539660869626095
"AAD021_008809",7.72226273524468,-1.0529548861099,0.690998088895444,-1.52381736365297,0.127554340800246,0.539660869626095
"AAD021_002011",28.8139742150433,-0.767968018403777,0.505067070485114,-1.52052680382855,0.128378627415898,0.539660869626095
"AAD021_000279",16.932953779694,0.931202161671869,0.609931251582237,1.52673298712964,0.126827421186815,0.539660869626095
"AAD021_001321",7.01337147222944,-1.34480116709719,0.88183522932278,-1.52500276965568,0.127258406842884,0.539660869626095
"AAD021_006399",8.24979670527548,-0.953609463245668,0.629088905874788,-1.51585801997194,0.129555257338287,0.543500103955742
"AAD021_007081",22.7344293502491,-1.01812397600818,0.67240388863136,-1.51415539562169,0.129986431552015,0.544202829053467
"AAD021_001796",8.3159266705223,-0.864714712122042,0.572993433686505,-1.50911801302621,0.131268627078973,0.54845839330162
"AAD021_000054",5.81703677509715,-1.25152258908482,0.83034197574667,-1.50723753060829,0.131749783476306,0.549356672919385
"AAD021_010412",37.4960021064125,0.671899964668076,0.44694414159338,1.5033197711748,0.13275660409732,0.5510797206902
"AAD021_007234",4.62274641617587,-1.16632104961827,0.776245551267487,-1.50251559923771,0.132964002375833,0.5510797206902
"AAD021_003010",6.38222185305421,-1.11103695670446,0.738565217177649,-1.50431800857096,0.132499504334207,0.5510797206902
"AAD021_002463",39.7757158420592,-0.682153707939295,0.45450494401361,-1.5008719199298,0.133388692253628,0.551731985594163
"AAD021_009735",27.4441195266664,0.976867950048921,0.654032425360997,1.49360782763902,0.135278152310497,0.552468964969677
"AAD021_008807",6.13974432283679,-1.091285708952,0.731441706825588,-1.49196538667191,0.135708219592842,0.552468964969677
"AAD021_007061",5.32597992838978,-0.998879749506133,0.667840612968843,-1.49568584196411,0.134735541483302,0.552468964969677
"AAD021_003876",6.65267245165506,1.0781914192169,0.722326683624771,1.49266452930457,0.13552502270226,0.552468964969677
"AAD021_002178",6.96053819124172,0.869345832259146,0.580910488671756,1.49652287092783,0.134517452483617,0.552468964969677
"AAD021_002568",61.4168245029869,0.721892324754526,0.481787788826323,1.49836160545521,0.134039326122606,0.552468964969677
"AAD021_003136",57.9376627502591,-0.664994371477185,0.444251001848004,-1.49688885047176,0.134422181825037,0.552468964969677
"AAD021_000769",5.00786757397218,-1.06045968082455,0.709985046965437,-1.49363664116179,0.135270617001983,0.552468964969677
"AAD021_012543",9.70842839756186,1.07112548182393,0.72205255067679,1.48344532654852,0.137956132301348,0.553231546826922
"AAD021_011645",4.84269870773464,1.04273373990387,0.701755557171444,1.48589309945304,0.137307399136801,0.553231546826922
"AAD021_010978",5.45824354395248,-1.10416869731756,0.742790995529154,-1.4865133045009,0.137143400382237,0.553231546826922
"AAD021_009871",6.70730004879559,0.947030165116011,0.640642203606128,1.47825129188375,0.139340529650603,0.553231546826922
"AAD021_009086",14.6196304972167,0.855318204540498,0.578048723331549,1.47966455078548,0.138962790426608,0.553231546826922
"AAD021_009181",27.103920963965,0.812978238522903,0.549630087859945,1.4791370714226,0.13910368403051,0.553231546826922
"AAD021_007388",45.6030265070902,0.684450894805714,0.462036697564679,1.48137777456497,0.138505933869428,0.553231546826922
"AAD021_005808",4.48902918138835,-1.13979044134277,0.771639205251577,-1.47710281383534,0.139648079407377,0.553231546826922
"AAD021_003756",16.6050225235104,0.827516438294806,0.55694050670028,1.48582555648109,0.137325268428517,0.553231546826922
"AAD021_003976",8.95168452312176,-0.837252791628653,0.566814326250044,-1.47712002476682,0.139643466656917,0.553231546826922
"AAD021_002176",11.4080743881785,-0.803857982852485,0.5422173524253,-1.48253828332288,0.138197124954579,0.553231546826922
"AAD021_000581",11.3009237242631,-0.981973286241196,0.661781004448852,-1.4838341983826,0.137852912057359,0.553231546826922
"AAD021_001007",5.15642052263316,1.08956429891622,0.732541689478965,1.48737514132636,0.136915758641877,0.553231546826922
"AAD021_001664",13.228582796696,-1.1216395240357,0.758109291614177,-1.47952219613017,0.139000803566608,0.553231546826922
"AAD021_003940",6.18735896313778,-0.925534580412652,0.628887612801823,-1.47170108231136,0.141101615216259,0.556067272756875
"AAD021_003332",23.3308474351838,0.708820471823645,0.481432891553862,1.47231417765386,0.140936056503403,0.556067272756875
"AAD021_000535",11.194068768094,0.822764558893224,0.559155973747591,1.4714401661112,0.141172117696028,0.556067272756875
"AAD021_006490",22.0992955697934,0.826272513426987,0.562270217572054,1.46952921852223,0.141689302738838,0.55704137305326
"AAD021_008467",35.6472681018315,0.754483753309696,0.514200112666963,1.46729597042768,0.142295559420317,0.55836128259227
"AAD021_002430",4.48625298847309,1.06857991800144,0.729913772897472,1.46398103129305,0.143199131248942,0.560840620299462
"AAD021_008028",28.1651312457794,-0.87289438328003,0.597119557245302,-1.46184189194366,0.143784541418686,0.561004335516386
"AAD021_003861",14.6428838123297,1.01273208695439,0.692776550091383,1.46184521808772,0.14378362974299,0.561004335516386
"AAD021_008697",16.2198914359623,-1.17237747479683,0.804592342683051,-1.45710742273203,0.145086729757156,0.564070007796225
"AAD021_003642",36.2748367354209,0.66448543709054,0.456064660152093,1.45699830561075,0.145116847935947,0.564070007796225
"AAD021_012603",18.3099654068957,-0.824290996270115,0.566887657948789,-1.45406410725664,0.145928533528539,0.565444286875214
"AAD021_011709",19.0682111634631,0.894029277858381,0.617852023068148,1.44699579264754,0.147898101949319,0.565444286875214
"AAD021_009516",69.0999841449111,-0.525751609106341,0.363394672694919,-1.44677852651881,0.147958962818439,0.565444286875214
"AAD021_007963",36.6211256123955,-0.906609574169862,0.627169040992223,-1.44555855744337,0.148301057579749,0.565444286875214
"AAD021_007256",5.97948595342434,-1.22107285428096,0.844454530588463,-1.44599005636224,0.148179990836872,0.565444286875214
"AAD021_002742",6.18444026131554,-0.989788947613555,0.683958753347181,-1.44714713097784,0.147855720164397,0.565444286875214
"AAD021_002758",13.9171637349113,0.741199956786175,0.512974043425969,1.44490733261271,0.148483916417813,0.565444286875214
"AAD021_003267",27.2439004726296,0.893574050886931,0.616660084097714,1.44905446927766,0.147322371780589,0.565444286875214
"AAD021_000703",13.3553913129471,0.969394524963055,0.66852188917699,1.45005652119554,0.147042758300543,0.565444286875214
"AAD021_001134",8.61874192280471,0.984421191455396,0.678501712956512,1.45087502751595,0.14681466282,0.565444286875214
"AAD021_001516",10.2644282870603,1.16214508319141,0.803977820105845,1.44549396031648,0.148319188259178,0.565444286875214
"AAD021_001308",10.1144350680207,0.981389164209187,0.682064719195752,1.43885050287659,0.15019288395253,0.570898918007407
"AAD021_011876",20.0157074032526,-0.919771522992238,0.641237632643242,-1.43436922003603,0.151466926488447,0.571104123566833
"AAD021_003650",34.355080805523,-2.83976265750458,1.97803673880642,-1.43564707459283,0.151102792335739,0.571104123566833
"AAD021_003968",5.81087262448377,-1.10001832064976,0.767206754309431,-1.43379644987601,0.151630358388869,0.571104123566833
"AAD021_002586",10.4391045478984,0.805171669272072,0.560744459356195,1.43589768180057,0.15103145824864,0.571104123566833
"AAD021_001434",4.76926270218027,1.01803609050475,0.708783458632165,1.43631468554498,0.150912817101029,0.571104123566833
"AAD021_009091",10.5592538293455,-0.856686296299961,0.599552316251734,-1.4288766352464,0.153039694018752,0.575362346912031
"AAD021_001258",12.1568254515217,0.801659092534659,0.561724442746519,1.42713941486148,0.153539713446503,0.576192670097421
"AAD021_004281",4.82388899751152,-1.27177637017835,0.893135713896075,-1.42394526429869,0.154462317414585,0.577554752071928
"AAD021_000959",5.55443619903723,1.1726073901881,0.823009746239119,1.42477947016609,0.154220958568031,0.577554752071928
"AAD021_001439",5.77570692737539,2.27943197546725,1.60269806918818,1.42224665973539,0.154954657673146,0.578347944733044
"AAD021_006551",47.1409299345283,0.658322686242494,0.463937718078163,1.41898936126504,0.155902117722991,0.580833882635836
"AAD021_002554",28.3556582592819,-0.68170003796496,0.481044817917213,-1.41712375349251,0.156446748862006,0.58181277414627
"AAD021_005270",11.2852091277271,1.01974232512074,0.721594754839609,1.4131786827461,0.157603192769779,0.585059334310836
"AAD021_000538",4.0077885178816,1.07842445231125,0.764093958917589,1.41137675507727,0.158133553237013,0.585974243951875
"AAD021_010183",6.72098246632026,1.07820473758284,0.76559227911568,1.40832760072796,0.159034086423051,0.58718624949528
"AAD021_007638",9.47482814211739,0.919553483456956,0.653824317146623,1.40642288660968,0.159598588162235,0.58718624949528
"AAD021_009056",4.58087424886011,-1.1756371303018,0.835399897424371,-1.40727468835753,0.159345951906213,0.58718624949528
"AAD021_004448",11.9385765276959,-0.779695040332328,0.554332079591394,-1.40654865384492,0.159561267750958,0.58718624949528
"AAD021_012213",10.0346401815655,0.849350584319982,0.606742833662294,1.39985268419787,0.161557437460227,0.592185538398231
"AAD021_007831",5.48157762701291,-1.07714629432452,0.776576115036166,-1.3870453564933,0.165427932751884,0.592185538398231
"AAD021_009170",4.61955991921729,-0.996469522155935,0.717181642023731,-1.38942419014535,0.164703798679981,0.592185538398231
"AAD021_007089",34.7602657575951,-1.16511445954556,0.833507313279479,-1.39784551494978,0.162159463127104,0.592185538398231
"AAD021_007429",7.62018437427512,-1.00722892470093,0.722239646201862,-1.39459101975054,0.163139204664189,0.592185538398231
"AAD021_005877",15.8359869820761,0.69527287837975,0.499815951718752,1.39105780035404,0.164207900097393,0.592185538398231
"AAD021_006032",53.1556379828078,0.778104351402451,0.561519584972261,1.38571186513626,0.16583490367935,0.592185538398231
"AAD021_003575",46.8303848737107,-0.810582180117911,0.584052987511681,-1.38785726201204,0.165180514042249,0.592185538398231
"AAD021_003816",20.0810663082737,0.701068298048271,0.505284015306163,1.38747373123109,0.165297355828869,0.592185538398231
"AAD021_004359",5.32104196349284,1.0248722372597,0.734883763422664,1.39460454601206,0.163135123467495,0.592185538398231
"AAD021_004400",5.51647880512977,1.10992164837113,0.794179366274735,1.39757049289438,0.162242084311237,0.592185538398231
"AAD021_004461",10.6981374013261,-1.12173880939923,0.809366101572326,-1.38594735709844,0.165762978703335,0.592185538398231
"AAD021_002344",4.50612089325876,-0.969296603389193,0.696005538795254,-1.39265645079059,0.163723703656832,0.592185538398231
"AAD021_002429",13.4693863924871,-2.03013252625535,1.45795042555876,-1.39245648594485,0.163784209713481,0.592185538398231
"AAD021_002737",14.3402715756548,-0.760553330164015,0.543649596769581,-1.39897708870437,0.16181985368428,0.592185538398231
"AAD021_000450",10.3501495597797,-0.925969768529983,0.666593642808674,-1.38910680970259,0.16480027335374,0.592185538398231
"AAD021_000707",10.8141595993429,-1.04587569614992,0.750173365789511,-1.39417865768828,0.163263661116012,0.592185538398231
"AAD021_011125",8.25201831324988,-1.43442985388153,1.03609506617094,-1.38445775944355,0.166218333551367,0.592529603540623
"AAD021_006821",9.42386545691946,-0.89234862409079,0.645286860585917,-1.3828712137119,0.16670435826498,0.593237578377446
"AAD021_003108",11.280413327075,-0.864903121469769,0.627637295292351,-1.37803015843235,0.168193977012843,0.597508379611888
"AAD021_001069",5.23649030683401,0.947688786174564,0.689277613056971,1.37490144496574,0.16916200125125,0.599914726086906
"AAD021_003100",28.8364546498041,0.867853654139778,0.632823318569343,1.37139961293111,0.170250418071878,0.602739044425997
"AAD021_007888",16.0302788459888,0.836176097443101,0.61056025134443,1.36952265661231,0.170835957592567,0.60274430165993
"AAD021_007170",5.48327027031772,-0.949096212507182,0.692984281244635,-1.36957826922503,0.17081858690027,0.60274430165993
"AAD021_007215",12.3338458835273,0.700036382269475,0.512885867997483,1.36489699940984,0.172285425493372,0.606805017635008
"AAD021_004085",27.5931069269924,0.742412287847454,0.545045376454975,1.36211097262428,0.173162865982083,0.606805017635008
"AAD021_003278",11.515123748398,0.730552988234958,0.536149085942207,1.36259299398247,0.173010818079906,0.606805017635008
"AAD021_001041",13.59891669747,-0.847385812873717,0.621514287339222,-1.36342129237524,0.172749774359898,0.606805017635008
"AAD021_008974",26.5812632141566,0.645164369530173,0.475647501371834,1.3563917978533,0.174974541581392,0.610067893197226
"AAD021_005248",16.2279831992672,-0.886706936722376,0.65414211140863,-1.35552645404978,0.175249886066427,0.610067893197226
"AAD021_006352",27.9491958458029,0.612813727712269,0.452113064604419,1.3554435288183,0.175276289082343,0.610067893197226
"AAD021_004537",8.77992847770434,-0.746597417032566,0.550473490603031,-1.3562822366154,0.175009385103434,0.610067893197226
"AAD021_012373",13.1449689793445,0.696434752449959,0.51893672385748,1.34204175660003,0.17958245690506,0.610639523973712
"AAD021_010974",20.6040566337268,0.729126101953467,0.54267029517593,1.34358948413988,0.179081171874203,0.610639523973712
"AAD021_010471",4.20769789507983,1.02701327939398,0.763612898928681,1.34493966882282,0.178644718414914,0.610639523973712
"AAD021_010740",7.64363886770294,0.802258146520172,0.597024058869727,1.34376183773731,0.179025413663706,0.610639523973712
"AAD021_007952",27.4533680222869,0.728661254188979,0.542545627957288,1.34304142663987,0.179258560093404,0.610639523973712
"AAD021_008318",31.825533029593,-0.846278302069585,0.625425986012598,-1.35312302494022,0.176016331027608,0.610639523973712
"AAD021_008498",5.00357409348427,-1.1694618240542,0.871246587594812,-1.34228568663052,0.179503382571166,0.610639523973712
"AAD021_005195",25.0410980887937,0.689759528616231,0.513738187941043,1.34262849211316,0.179392299721847,0.610639523973712
"AAD021_006565",16.3492415799114,-2.19475300708488,1.62767797525365,-1.34839510053753,0.177531338972709,0.610639523973712
"AAD021_004097",6.00785439877819,-0.932472550742498,0.694521748160981,-1.34261101716625,0.179397961075329,0.610639523973712
"AAD021_002707",88.2764755433366,0.539659709109801,0.399940744381284,1.34934916407346,0.177224841063911,0.610639523973712
"AAD021_003132",27.3072273638372,-0.724407462005562,0.538115271807345,-1.34619383607628,0.178240012427652,0.610639523973712
"AAD021_000225",5.54699902330926,0.993651715255888,0.739170345385634,1.34427973397321,0.178857946444586,0.610639523973712
"AAD021_001156",4.01965393837095,0.92965825884952,0.688189657787907,1.35087507975313,0.176735452241757,0.610639523973712
"AAD021_011668",44.564768658769,0.903411486200713,0.675887172900532,1.33663061295242,0.181343241273303,0.615612582217266
"AAD021_008153",4.47510903728996,-1.01547865799138,0.761308593546648,-1.33385944490741,0.182249924777642,0.615864017751761
"AAD021_007142",4.80432809664901,1.19901152110012,0.899032515213426,1.33366869474735,0.182312458743375,0.615864017751761
"AAD021_000339",15.7213201167484,0.712291506695427,0.533919128701574,1.33408126513023,0.182177225064293,0.615864017751761
"AAD021_006188",4.03615805271153,1.05832888810101,0.794902916726479,1.3313938920483,0.183059438132025,0.616369788424958
"AAD021_002854",10.6339061764476,-0.924401740343389,0.694121420371728,-1.33175797953093,0.182939730114451,0.616369788424958
"AAD021_011518",5.22334752753525,0.89558209886927,0.675813725071548,1.32519075248798,0.185107891739595,0.619912181046286
"AAD021_010352",7.68030211838058,0.893324160026679,0.674238745791842,1.3249374433051,0.185191900579221,0.619912181046286
"AAD021_005131",9.9039472266653,0.951056344658047,0.716566185931405,1.32724145142552,0.184428824489881,0.619912181046286
"AAD021_002825",8.63071634011813,-0.833705092436992,0.629815523753069,-1.32372903015941,0.185593053522914,0.619912181046286
"AAD021_000576",84.4951375707032,0.57859307833827,0.437113354380011,1.3236682717208,0.185613240255138,0.619912181046286
"AAD021_006872",59.1529916369238,0.62568582573726,0.473840226286057,1.32045738421443,0.18668235534633,0.621095590679645
"AAD021_004358",5.86125526733018,1.29145138200994,0.978450652331137,1.3198942419151,0.1868703303353,0.621095590679645
"AAD021_002472",5.43856361701858,1.0182774925832,0.770520785885615,1.32154448164928,0.186319881084032,0.621095590679645
"AAD021_008188",7.32193889313097,-0.988959771532967,0.750189744181096,-1.31827951422145,0.187410096081715,0.621888164489806
"AAD021_006454",32.3735713247218,0.664420441214886,0.505153843773125,1.31528335259643,0.188414690866835,0.624218173273111
"AAD021_009999",7.85710735163491,0.757295646872301,0.576723361198303,1.31310034901102,0.189149136284294,0.625647143094205
"AAD021_010112",36.367286200509,-0.811961919907646,0.619816041588348,-1.31000468756327,0.19019424982306,0.628097490615675
"AAD021_007245",7.33202072251264,0.791763160172626,0.606141134154114,1.3062356529846,0.191472431837463,0.62829745518684
"AAD021_005872",4.42117579224655,1.07206625468412,0.819331197561012,1.30846507233638,0.190715613869842,0.62829745518684
"AAD021_006209",10.1181430873199,-0.873526016281092,0.6685967841621,-1.30650645796302,0.191380384322822,0.62829745518684
"AAD021_002806",4.46001261275861,-1.13897624316232,0.87101363072257,-1.30764456833754,0.19099389274112,0.62829745518684
"AAD021_004212",12.8190498742441,0.988133823191006,0.757988469986774,1.30362645649247,0.192360975611222,0.630211196288194
"AAD021_009215",10.3293135918451,0.887434807323729,0.681596240972323,1.30199486730996,0.1929181402022,0.631034930867418
"AAD021_000719",5.1002998424541,-0.882004743006566,0.678048530125956,-1.30079884229337,0.193327318359257,0.631372761223904
"AAD021_007937",108.028138293415,0.536763834874994,0.41482264176597,1.29395982965129,0.195679296600261,0.635107967026615
"AAD021_005289",10.0767381490788,-0.817913788218367,0.632046607363172,-1.29407195401398,0.195640567985746,0.635107967026615
"AAD021_003954",8.3497370432268,-0.969658635004677,0.749410909887537,-1.29389447392778,0.195701873560527,0.635107967026615
"AAD021_002714",36.7274415448033,0.700951613256254,0.541181354928872,1.29522498672997,0.195242627584515,0.635107967026615
"AAD021_008066",34.0781174183837,-0.735010398517874,0.568587505416955,-1.29269530461961,0.196116462368643,0.635454283090862
"AAD021_001608",41.3845383311095,0.682195883202429,0.528301966887982,1.29129915457437,0.196599963686657,0.636022453055268
"AAD021_012147",5.28976603064809,-0.902743375858198,0.699988941458293,-1.28965376792597,0.197170898279175,0.636614329590715
"AAD021_005245",5.44706364761429,-0.960625482723459,0.74525146534368,-1.28899509413303,0.197399792121152,0.636614329590715
"AAD021_009992",6.07320982004688,0.982065243573087,0.763504558001862,1.28625983077719,0.198352396430989,0.637131557557695
"AAD021_004022",13.5115057306707,-0.616954949647562,0.479793390472972,-1.28587629987853,0.198486236196511,0.637131557557695
"AAD021_003176",8.71210585474746,-1.14959903723291,0.8936632223513,-1.28638955758772,0.198307140948615,0.637131557557695
"AAD021_009729",5.33035473353852,-0.904362253570062,0.705094965412365,-1.28261056727466,0.199628546114356,0.637822475510885
"AAD021_008585",32.5446772352517,2.99698208671695,2.33655573252343,1.28264951911944,0.199614893038039,0.637822475510885
"AAD021_002083",5.47128570995556,-0.832423452433067,0.648223543860296,-1.28416108966951,0.199085596620813,0.637822475510885
"AAD021_009184",4.53483397974439,-0.899770224590339,0.703138273377312,-1.27964905148537,0.200668590421957,0.640154514112703
"AAD021_006938",7.71639976623202,-0.859224731473084,0.672450247082789,-1.27775212396836,0.201336840121885,0.640198555365831
"AAD021_007104",6.04503505716525,-0.901445842028571,0.706398930500053,-1.27611439245873,0.20191508461766,0.640198555365831
"AAD021_001460",8.79640833433655,-0.857005312595558,0.671073477250089,-1.27706628506222,0.201578846550734,0.640198555365831
"AAD021_001602",47.2389384110917,0.638214370123998,0.500132043579983,1.27609174080431,0.201923090863932,0.640198555365831
"AAD021_001171",18.0390151765372,0.95160331846556,0.74662984657466,1.27453158058342,0.202475087855169,0.640964081799184
"AAD021_008185",5.26168079256857,-0.927763868152253,0.72864482941174,-1.27327311016709,0.202921145147938,0.641392409778476
"AAD021_002227",14.6334508785395,0.832419804557305,0.654240432925219,1.27234539882443,0.203250424867725,0.641450882151351
"AAD021_002655",16.4921773386227,-0.72276291212898,0.569008114215043,-1.2702154750922,0.204007886768962,0.64285844013914
"AAD021_008213",15.1538905930477,0.691285626312404,0.54493855873437,1.26855700561533,0.204599106922336,0.642963693895603
"AAD021_000687",4.06970201743848,-1.0103042927037,0.796534819135651,-1.26837429881599,0.204664315353397,0.642963693895603
"AAD021_008101",10.6256880718045,-0.836186948943768,0.659997244942065,-1.26695521133148,0.20517130524217,0.643206980433461
"AAD021_008821",4.53592880958883,-0.995081169899825,0.785747338084699,-1.26641366972415,0.205365019431032,0.643206980433461
"AAD021_009772",8.24523464793782,-1.05391853480932,0.8344012363452,-1.26308362080771,0.206559129684209,0.64513012802956
"AAD021_006372",21.5381466888464,0.558464861874366,0.442187894180416,1.2629582791032,0.206604173753653,0.64513012802956
"AAD021_004611",36.7164037949386,0.590519543905833,0.46823424391852,1.26116265859571,0.20725024923509,0.646098680697296
"AAD021_003026",9.20962272496626,0.801915941783996,0.636260687951351,1.26035751849769,0.207540419235614,0.646098680697296
"AAD021_009627",23.7505240017502,-0.630095874274835,0.501709984803693,-1.2558966202783,0.209153454093538,0.649161998870769
"AAD021_002590",4.73795667921994,0.845965234222607,0.673472121870637,1.25612509671945,0.209070618311926,0.649161998870769
"AAD021_007355",4.26692555757359,1.00164218150439,0.799236588320747,1.25324865770836,0.210115226985275,0.650260216831534
"AAD021_003380",4.01792983473644,1.09243617560177,0.871725863157202,1.25318775290801,0.210137385962516,0.650260216831534
"AAD021_008132",56.5522377411103,0.722988514626648,0.578078597518486,1.25067511187962,0.211053034247318,0.650524212378897
"AAD021_008692",4.41498288400475,-1.20231272443792,0.962237498130936,-1.2494968516331,0.211483404315039,0.650524212378897
"AAD021_005820",6.09820573870892,0.873568784717899,0.698881809584747,1.24995209882047,0.211317046070842,0.650524212378897
"AAD021_003666",7.19563924180337,-0.796175332070469,0.635896581075331,-1.25205160047267,0.210551062114887,0.650524212378897
"AAD021_002532",18.7906927178685,0.653198208924262,0.524485652982834,1.24540720076787,0.21298210775276,0.654159330954907
"AAD021_004154",62.538515533052,0.828327649832978,0.666001174328813,1.24373301693913,0.213597840115239,0.655075693904686
"AAD021_008903",14.1151544158406,-0.629612655640527,0.507370777772551,-1.24093204264668,0.214630854469704,0.656293457222916
"AAD021_002831",4.55640095121619,0.833329102017817,0.671471034575121,1.2410499621106,0.214587292644594,0.656293457222916
"AAD021_011820",6.68701283865941,-0.81436031661191,0.65852313869973,-1.23664647262036,0.216218358857201,0.657419796507165
"AAD021_007640",8.35267742890747,-0.834910227283938,0.675523611583874,-1.23594529186975,0.216478899952589,0.657419796507165
"AAD021_005078",17.0447074479812,0.618144328163822,0.499430208061136,1.23769911828832,0.215827646212097,0.657419796507165
"AAD021_007085",5.53230316746674,-0.965660723165763,0.779850674618415,-1.23826362481287,0.215618326740337,0.657419796507165
"AAD021_007354",14.2082420703921,0.626411303588806,0.507078719194128,1.2353334499707,0.21670642953041,0.657419796507165
"AAD021_002052",18.0418186125894,-0.64298481938534,0.520725884109096,-1.23478559258758,0.216910310766172,0.657419796507165
"AAD021_002316",4.30266673944146,-1.04808973617085,0.850709468722342,-1.23201842074821,0.217942203127574,0.658613041369417
"AAD021_000939",30.5800499749178,-0.658495452157228,0.534287203059828,-1.2324746847502,0.217771817466506,0.658613041369417
"AAD021_008074",16.9897148382048,-0.795324041650367,0.646871909493299,-1.22949231521485,0.218887277359958,0.660501959752855
"AAD021_005924",4.6964206467548,-1.03780109203534,0.847782615239842,-1.22413584966205,0.220900984155419,0.664133510195657
"AAD021_005967",8.74835839672588,-1.3387809927821,1.09334897917615,-1.22447728792951,0.220772229041767,0.664133510195657
"AAD021_006009",5.65546927342267,-0.976042703960461,0.79815570440952,-1.22287255302215,0.221377836731886,0.664133510195657
"AAD021_006136",4.41386897531356,-1.03242713247166,0.844056571720753,-1.22317290933104,0.221264395398712,0.664133510195657
"AAD021_002312",5.70839020707149,-0.820927570435675,0.673308333711567,-1.21924463033209,0.222751357156928,0.667284181671843
"AAD021_003185",4.75637738982136,-0.853861207690512,0.70130479697992,-1.21753225041032,0.223401773678275,0.668262696915885
"AAD021_002495",4.78346825629259,-0.962905798735445,0.791729172417389,-1.21620603645992,0.223906444780524,0.668803042007237
"AAD021_011208",11.386662165266,1.95469712135271,1.62229358926177,1.20489727278168,0.228242961579995,0.669166864632257
"AAD021_009770",30.708352779992,-0.649969611150036,0.538574560768119,-1.20683310816434,0.227496422830345,0.669166864632257
"AAD021_008284",17.1664757514387,0.786253475759959,0.649865515431609,1.20987105345599,0.226328376155806,0.669166864632257
"AAD021_008522",7.02879187377623,-0.797302513327638,0.660003114048209,-1.20802841131656,0.227036334142353,0.669166864632257
"AAD021_008526",18.9178782908555,-0.707469918763933,0.584949500769838,-1.20945469281169,0.22648820736814,0.669166864632257
"AAD021_008728",7.51254079081088,-1.12053030358717,0.927107209812105,-1.20863077293323,0.226804728430072,0.669166864632257
"AAD021_006432",8.82619179079589,0.741714669945593,0.614784191121067,1.20646347231712,0.227638835209305,0.669166864632257
"AAD021_003709",17.2590283786438,-0.603097407054214,0.500506727938426,-1.20497362650519,0.228213483388221,0.669166864632257
"AAD021_003902",30.4558392997615,0.54036559818566,0.445705216366707,1.21238338332812,0.225365658633285,0.669166864632257
"AAD021_004166",34.6716645757607,0.655261746192017,0.543561342758621,1.20549732780206,0.228011368992518,0.669166864632257
"AAD021_004516",9.71685148881641,0.791141823765998,0.651573138268434,1.21420263866075,0.224670353155318,0.669166864632257
"AAD021_000810",12.3268576498762,-0.730455326142119,0.601975872164943,-1.21342957403776,0.224965625028065,0.669166864632257
"AAD021_001537",10.5478203233107,0.834529165912115,0.688138201552329,1.21273483150558,0.225231218213798,0.669166864632257
"AAD021_011685",4.62877546502218,-0.856009029256496,0.711020359853434,-1.20391633993849,0.228621915565538,0.669248825241718
"AAD021_009612",3.92686857461763,-0.923831839098526,0.767846146011879,-1.20314706780365,0.228919414060394,0.669248825241718
"AAD021_010360",17.8108698530588,0.789188894975158,0.656729485309594,1.20169554227205,0.229481508884709,0.66950089866499
"AAD021_012704",44.7071430041105,0.854112152053444,0.711019693093198,1.20124964238014,0.229654378030433,0.66950089866499
"AAD021_010480",4.40095345349272,-1.02619481185694,0.857521333451003,-1.19669887130053,0.231423947142209,0.669928508978288
"AAD021_009683",8.10219238497489,0.760286063791544,0.634395465662544,1.19844183154355,0.230745055476705,0.669928508978288
"AAD021_002690",3.97434537143541,0.982012386272555,0.820206319773918,1.19727483512104,0.231199449604984,0.669928508978288
"AAD021_000731",11.098853352641,-0.708253557560643,0.59153249558755,-1.19731978013677,0.231181937574588,0.669928508978288
"AAD021_000898",13.3990190457347,0.693212833425629,0.578069682549891,1.19918559016594,0.230455789080217,0.669928508978288
"AAD021_008795",286.396555215528,-1.06749860626406,0.897849716353732,-1.18895020716751,0.234459261428251,0.677128870003169
"AAD021_005348",4.03895595949161,-1.02700716548071,0.863992930183874,-1.18867542731182,0.234567413785012,0.677128870003169
"AAD021_001992",16.0218215626406,-0.706685076438176,0.595227242742,-1.18725257463474,0.235128008668121,0.677799175825422
"AAD021_003627",39.701553654966,1.04049879353226,0.879246626159067,1.18339810762495,0.236651406954211,0.6802903954784
"AAD021_003803",4.79086048730875,0.855979242337749,0.722958851973822,1.18399441406762,0.236415274018152,0.6802903954784
"AAD021_007126",6.08626555656589,0.790545179033492,0.670288472918826,1.17941037474656,0.238234805930951,0.682473228459504
"AAD021_002355",4.5546178894796,-0.851588209750146,0.72229215994062,-1.17900796517043,0.238395004152442,0.682473228459504
"AAD021_002671",3.99559942225667,-0.889706844309291,0.754635658228602,-1.17898860808903,0.238402712073305,0.682473228459504
"AAD021_007233",4.58838666459363,-0.884841983928806,0.75276595224745,-1.17545431124645,0.239813005846117,0.685559617820478
"AAD021_000805",6.42357147112574,0.792949680588609,0.676705759088945,1.17177912251872,0.241285746781482,0.688815741849211
"AAD021_012574",9.75959123417312,-0.88449451762796,0.758897586154492,-1.16549918429692,0.243816990210719,0.69226834601256
"AAD021_008418",4.31911205943779,-0.902201449303462,0.77430612286492,-1.1651741122301,0.243948522293693,0.69226834601256
"AAD021_003605",7.83715749925131,-0.777263717468536,0.66670843056729,-1.1658225422576,0.243686201127772,0.69226834601256
"AAD021_002077",6.85763835514182,-0.859515359965226,0.738267142224845,-1.16423352849618,0.244329386097908,0.69226834601256
"AAD021_002615",4.84397135677935,-0.803219638398693,0.689471700238231,-1.16497840030441,0.244027736140555,0.69226834601256
"AAD021_003274",9.25895306315994,-1.05512038752828,0.906621390297467,-1.16379383811151,0.24450756988525,0.69226834601256
"AAD021_002340",11.6915792199773,-0.793911306737759,0.683814228710777,-1.16100436844456,0.245640122932135,0.694522210591681
"AAD021_000477",14.7875946608296,-0.635363327715422,0.5481963306003,-1.15900689634254,0.246453374003155,0.695868350126556
"AAD021_011830",4.60302180301533,1.04581011555854,0.906852963001504,1.15323008053821,0.248815959969808,0.698252980767921
"AAD021_009666",8.32796695668471,-1.21720231737631,1.05345754067397,-1.15543557322451,0.247912101506902,0.698252980767921
"AAD021_007014",6.40182147677625,-0.918484449765807,0.796423187957432,-1.15326181313407,0.248802938950083,0.698252980767921
"AAD021_002012",10.9021265324085,0.658154935103958,0.570858804633877,1.15292070431684,0.248942933075719,0.698252980767921
"AAD021_002392",9.59131012895913,0.744522459591212,0.645834197204098,1.15280742768709,0.248989435002514,0.698252980767921
"AAD021_000772",5.85475980470337,0.976215235177588,0.848252590363728,1.15085441090017,0.249792135762764,0.69955355252964
"AAD021_006500",7.55615922414007,-0.836059839223179,0.72773836977756,-1.14884672011829,0.250619190611887,0.700918711955196
"AAD021_010902",12.2559817976169,0.66065602851573,0.578996770419219,1.14103577475464,0.253855035967918,0.70141471785513
"AAD021_008197",4.34597545205431,-0.80262786304219,0.703235663251568,-1.14133555077548,0.253730313390689,0.70141471785513
"AAD021_009078",15.1833485201682,-0.787747744370516,0.690197031429849,-1.14133748552725,0.253729508570862,0.70141471785513
"AAD021_004957",26.9835944907023,1.06017330857179,0.927552305983911,1.1429795405955,0.253047085725321,0.70141471785513
"AAD021_003814",24.6626319472641,0.538114218191751,0.470541771797685,1.14360562747895,0.252787226812967,0.70141471785513
"AAD021_004192",12.9292701520063,0.851686260716007,0.746386888120118,1.14107880815149,0.253837129190616,0.70141471785513
"AAD021_004599",5.79653036218061,-0.799587341853662,0.698239474169974,-1.14514771999129,0.252147970659824,0.70141471785513
"AAD021_002249",4.42994589271923,-0.786278167691705,0.687468490056843,-1.14372975498367,0.252735729478176,0.70141471785513
"AAD021_000066",6.64056735108777,-0.857487483163052,0.74774865375365,-1.14675897958294,0.25148124700567,0.70141471785513
"AAD021_008853",4.76303639352482,-1.09121585961564,0.957250226005574,-1.13994839590593,0.254307800827567,0.701726338112432
"AAD021_008127",4.44445302383296,-1.0926252618604,0.961603379952376,-1.13625355800487,0.255850461418308,0.702227862190675
"AAD021_008329",6.78236593893213,0.735388516510011,0.646897425262615,1.13679308000256,0.255624796873485,0.702227862190675
"AAD021_008442",19.9795942019492,-0.526080034374174,0.462354471590726,-1.13782836913894,0.255192156496893,0.702227862190675
"AAD021_002433",3.94933177649383,-0.899992067272972,0.790374612638827,-1.13869050559223,0.254832264153805,0.702227862190675
"AAD021_003910",50.1686746094404,0.765179597736357,0.675239306597578,1.13319765342449,0.257131259399192,0.702938966092627
"AAD021_004334",6.24176198774693,-0.753025354705484,0.664251588046993,-1.13364479401472,0.256943575365095,0.702938966092627
"AAD021_002595",54.7117235823593,0.461617938030463,0.407009000257856,1.13417132726306,0.256722688778938,0.702938966092627
"AAD021_007182",8.00588129746027,-0.865714440687893,0.765447284862224,-1.13099158858956,0.2580586317693,0.703610324929768
"AAD021_002626",12.6710158358002,-0.729891962441136,0.644904504973568,-1.13178301099176,0.257725671930266,0.703610324929768
"AAD021_007678",12.3470823261876,-0.890369167430278,0.789654942828696,-1.12754206823654,0.259513364498109,0.704783663584339
"AAD021_007088",6.13622293321134,-1.0829907279445,0.960013967271755,-1.1280989286252,0.259278141575274,0.704783663584339
"AAD021_000269",133.761858543322,-0.493770427122943,0.437750372224897,-1.12797260368579,0.259331489430458,0.704783663584339
"AAD021_003693",5.60217177083149,0.870121198910616,0.772415003125386,1.12649443031257,0.259956296784248,0.704824797879574
"AAD021_002964",13.7857552631671,0.59984383193231,0.532772361656993,1.12589142212016,0.260211480612517,0.704824797879574
"AAD021_011249",5.76136327874449,-0.776192267797835,0.691392484788282,-1.12265071558526,0.261585867067673,0.705317677985678
"AAD021_009642",13.8455253472301,-1.61587807789634,1.44001134933496,-1.12212871005677,0.261807718402674,0.705317677985678
"AAD021_008314",6.95285000100623,0.824656898494792,0.738270156335818,1.11701237198552,0.263989035327396,0.705317677985678
"AAD021_008702",15.5342551031304,-0.56928739328267,0.509187570193475,-1.11803081341196,0.263553833398639,0.705317677985678
"AAD021_008858",18.2315293349136,-0.70845634134154,0.630688262756553,-1.12330668442296,0.261307265871175,0.705317677985678
"AAD021_009101",6.24088692954437,0.76780815122898,0.68764724273891,1.11657271855085,0.264177061773338,0.705317677985678
"AAD021_009413",6.07056356399866,-0.802455074543958,0.719668705977118,-1.11503399811506,0.264835852925824,0.705317677985678
"AAD021_007244",14.6273762673361,-0.668985946329497,0.599948440064596,-1.11507239898393,0.264819398130961,0.705317677985678
"AAD021_006411",8.05768522065805,-0.885929420719395,0.79278044312185,-1.1174965634,0.263782068155671,0.705317677985678
"AAD021_004224",5.20336128895879,0.923257067374226,0.825495378325263,1.11842790597726,0.263384281407186,0.705317677985678
"AAD021_002360",4.51250768173854,-0.8248089427403,0.737359233804151,-1.11859851335282,0.263311457986602,0.705317677985678
"AAD021_000816",5.84568882788765,-1.01798875596687,0.909963444019837,-1.11871390291222,0.263262212059376,0.705317677985678
"AAD021_001444",6.94269149215533,0.690692691062362,0.61759472815207,1.1183591108833,0.263413650388534,0.705317677985678
"AAD021_001639",6.46453922442608,0.917035043007697,0.823181701722837,1.11401291001541,0.26527364824577,0.705573208736172
"AAD021_012584",4.03820170869697,-0.847229965334122,0.772113117347367,-1.09728736152654,0.272515793938714,0.70869104616067
"AAD021_012148",29.700385899885,-0.81139395852316,0.73425994946471,-1.10505000186199,0.269137923463443,0.70869104616067
"AAD021_011090",12.417699550053,0.680475465199319,0.620040446580296,1.09746947792251,0.272436216153746,0.70869104616067
"AAD021_010346",7.67750946690313,0.758808376375257,0.691371672703461,1.09754044942006,0.272405208674908,0.70869104616067
"AAD021_010608",5.94580393717038,-0.79575850834442,0.722242850655086,-1.10178800333247,0.270553847078377,0.70869104616067
"AAD021_010133",4.05238657833184,-0.879098261559876,0.796581092966621,-1.10358916288854,0.269771394314314,0.70869104616067
"AAD021_008131",6.66372970559858,-0.833913133403289,0.755593307042671,-1.10365341464862,0.269743511018574,0.70869104616067
"AAD021_008300",9.10890830584006,-0.768753770362189,0.695274677232526,-1.1056835457062,0.268863514377971,0.70869104616067
"AAD021_008385",10.0079834202599,0.84956409601106,0.766403184272478,1.10850804569337,0.267642466355033,0.70869104616067
"AAD021_008998",4.30917012594344,0.869287397002208,0.783049047655955,1.11013147848708,0.266942374393415,0.70869104616067
"AAD021_007257",36.1423791718236,-0.528552839766545,0.482519808478534,-1.0954013296017,0.273340851871631,0.70869104616067
"AAD021_003695",9.54521866382904,-1.74146901098237,1.57156381625931,-1.10811218288766,0.267813370132819,0.70869104616067
"AAD021_003939",9.26419410915568,-0.744127893593242,0.677433449626486,-1.09845165455519,0.272007317301435,0.70869104616067
"AAD021_004679",8.23205694025933,-0.908509569764491,0.826354044192888,-1.09941928178236,0.271585224165453,0.70869104616067
"AAD021_002326",6.41710273377232,0.766222291062417,0.700451342576967,1.09389795477224,0.273999735870259,0.70869104616067
"AAD021_002441",8.50815948793461,-0.610131187557532,0.550627818792716,-1.10806458870037,0.267833922771796,0.70869104616067
"AAD021_002966",6.28932495766565,-0.759871698139216,0.691466653050802,-1.09892746784911,0.271799704500488,0.70869104616067
"AAD021_003051",47.1438084396147,0.593117099747175,0.541524198050725,1.09527349263831,0.273396836790803,0.70869104616067
"AAD021_000968",6.99862527820884,-0.773396737723436,0.706665415825865,-1.09443128304161,0.273765870018558,0.70869104616067
"AAD021_001045",35.671072744402,0.526757642704898,0.477135961604411,1.10399903820628,0.269593554904494,0.70869104616067
"AAD021_001273",27.2679133245417,-0.71282620933003,0.650421400194107,-1.09594519663298,0.273102758363158,0.70869104616067
"rRNA_CM148777.1_36500",287.144153071918,-0.843648463511776,0.767951424259321,-1.09857008771807,0.271955630918762,0.70869104616067
"AAD021_007744",16.4843668315709,1.47944508282131,1.35940234232718,1.08830552718383,0.276460251312444,0.7115633787906
"AAD021_008006",5.7043642514528,0.873158343159271,0.802358398311204,1.08823980031503,0.276489258619216,0.7115633787906
"AAD021_004014",19.4760782379979,0.687616835472236,0.630603231902475,1.09041121371636,0.275532044386127,0.7115633787906
"AAD021_000790",28.4826938759202,0.477944736688222,0.438730391808537,1.08938141877529,0.275985721907648,0.7115633787906
"AAD021_002538",5.83090920567217,-0.692757804987545,0.638550338885797,-1.08489145303146,0.277969733907732,0.714482603718005
"AAD021_008308",23.2581767998721,-0.786083724830569,0.725571595539713,-1.08339925330986,0.278631246965962,0.71529215639023
"AAD021_011262",5.94324009931373,-0.844219382889843,0.783465482931378,-1.07754508817817,0.281236818960582,0.716160888712889
"AAD021_009788",27.9854899059622,-0.502349454821358,0.466137818519974,-1.07768439903967,0.281174623020266,0.716160888712889
"AAD021_008082",74.3454419057273,0.536336540680302,0.496461318374554,1.08031889057601,0.280000200425454,0.716160888712889
"AAD021_009274",10.6368752136932,-0.547575506023714,0.506223774713568,-1.08168666383467,0.279391780995405,0.716160888712889
"AAD021_003672",13.6128443963486,0.697661454559192,0.647180620322578,1.07800115246259,0.281033241825854,0.716160888712889
"AAD021_002218",4.66156573570939,-0.710536579866794,0.657847358608641,-1.08009338423064,0.280100597623177,0.716160888712889
"AAD021_012698",453.992615936168,-0.73080049766024,0.678436674625554,-1.07718306658995,0.281398488733601,0.716160888712889
"AAD021_004222",6.7876238287939,-0.640874886761082,0.596144947235172,-1.07503198632037,0.282360407898988,0.716882428526412
"AAD021_001642",8.63582238418902,0.686180585607299,0.638310075744664,1.07499569830037,0.282376654259677,0.716882428526412
"AAD021_009095",7.37881875737812,0.717423952695155,0.668700917795704,1.07286222226232,0.283332938165752,0.717545011501978
"AAD021_001393",6.73949934733876,0.678143416028545,0.631795230461867,1.0733595053144,0.283109846092412,0.717545011501978
"AAD021_000536",62.8343832201905,0.581913862727298,0.543049741172552,1.07156641207642,0.283914826341598,0.718137501922866
"AAD021_010373",8.42927250338591,-0.816638644288151,0.766926775164481,-1.06481957695767,0.286957584222158,0.718349772026916
"AAD021_004502",14.3812398530174,0.722191712629718,0.676567721138774,1.06743447856802,0.285775686083313,0.718349772026916
"AAD021_002600",189.973802939986,0.5235401660317,0.490706993581949,1.06690993378774,0.286012508648676,0.718349772026916
"AAD021_002719",11.2727250887097,-0.624503207371107,0.586698512273783,-1.06443632343776,0.287131086202619,0.718349772026916
"AAD021_000197",9.07629582833118,0.924279072502863,0.867459867041124,1.0655006734266,0.286649421008321,0.718349772026916
"AAD021_000902",15.782813864656,0.584343928589966,0.54824754991621,1.06583956221833,0.28649617350953,0.718349772026916
"AAD021_001209",8.90403520437944,-0.883397795733775,0.825798440425342,-1.06974989596586,0.284731900570939,0.718349772026916
"AAD021_001463",8.97219551885968,-0.656825658883534,0.616343037246881,-1.06568196473425,0.286567433131721,0.718349772026916
"AAD021_001683",3.94862919774453,-0.952491933676884,0.894411091875909,-1.06493752406308,0.286904202855371,0.718349772026916
"AAD021_001604",25.815260233734,0.640288250915027,0.602436058628801,1.06283188355687,0.287858197748699,0.719296997764304
"AAD021_001437",13.3936961684624,-0.585164793707022,0.551962320665745,-1.06015351374208,0.289074765581104,0.721463502006529
"AAD021_003784",10.4963385877502,0.650337956492035,0.614739488912082,1.0579082167683,0.29009728876341,0.722268762373557
"AAD021_001283",7.09899400951183,0.650599459639498,0.614956873350049,1.05795948924887,0.290073911806359,0.722268762373557
"AAD021_008073",7.16730704849794,0.644230789140796,0.610241158984763,1.05569868511095,0.291105898089797,0.723906715249809
"AAD021_003508",4.72431976116772,-0.761734246927057,0.722614720670093,-1.05413607713484,0.291820620909138,0.72481078406313
"AAD021_010753",13.2006840569668,-0.583185972610243,0.553862779831852,-1.05294306432234,0.292367087406697,0.725295274528153
"AAD021_012014",7.14854108412397,-0.731597773470738,0.708490850694966,-1.03261428535472,0.301784440251553,0.727542430300631
"AAD021_007955",12.8749944724028,0.564503018549706,0.539407513705143,1.04652420332854,0.295319076340539,0.727542430300631
"AAD021_008404",6.84156301890362,0.626455792063477,0.603353408179426,1.03828996997591,0.29913507685333,0.727542430300631
"AAD021_008475",7.24825625715434,0.755833032345275,0.726796507958966,1.0399513812578,0.2983624892094,0.727542430300631
"AAD021_008533",14.1303451936136,-0.615380031405922,0.590570095611657,-1.04201014575343,0.297406975119584,0.727542430300631
"AAD021_008867",7.47118469044522,0.614106543558033,0.587593233970991,1.04512187692813,0.295966644200084,0.727542430300631
"AAD021_008964",4.15470290431701,-0.812646760033515,0.776613177986734,-1.04639836545163,0.295377147109708,0.727542430300631
"AAD021_009320",4.15083006023808,0.751361640701391,0.722856081332515,1.0394346262071,0.298602647163693,0.727542430300631
"AAD021_007204",10.9764724411496,-0.663056781723892,0.642824082760732,-1.03147470591996,0.302318263765889,0.727542430300631
"AAD021_007401",19.6893684374441,-0.947491680681946,0.90782259191433,-1.04369696141177,0.296625616132085,0.727542430300631
"AAD021_007556",6.92811163197423,-0.791904568478747,0.762811867105602,-1.03813876347196,0.29920545695596,0.727542430300631
"AAD021_005928",6.49767948646982,-0.715289036134178,0.690661646844696,-1.03565767608784,0.300361874188532,0.727542430300631
"AAD021_006442",6.09553549110761,0.726661196705482,0.698194965065399,1.0407711786312,0.297981759363645,0.727542430300631
"AAD021_003977",5.2945607625507,0.731435810964999,0.705869296638245,1.03621989856836,0.300099565579635,0.727542430300631
"AAD021_004484",28.8391197439397,-0.682831018045592,0.661562674949223,-1.03214864426564,0.302002488867261,0.727542430300631
"AAD021_003250",6.59349720378898,0.716971605381164,0.689597642729956,1.03969555716989,0.298481365369013,0.727542430300631
"AAD021_000248",8.22167337299608,-0.613502825622592,0.594929177933774,-1.03121993067028,0.302437696316832,0.727542430300631
"AAD021_000497",37.5953488646269,0.51069841697627,0.490040399662408,1.0421557433389,0.297339477875539,0.727542430300631
"AAD021_000504",7.08095504106416,-0.733245301599843,0.707058599800373,-1.03703611243377,0.299719027500402,0.727542430300631
"AAD021_000661",22.9548857850714,-0.533769045135197,0.511626804762878,-1.04327810850837,0.296819506972536,0.727542430300631
"AAD021_000704",4.02680536719614,0.760603826205903,0.737040848034192,1.03196970457547,0.302086309936629,0.727542430300631
"AAD021_001133",11.8353365266192,0.73938256154311,0.704700780719257,1.04921490336431,0.294079220924792,0.727542430300631
"AAD021_001168",10.4569204400646,-0.691602321438722,0.668720228003628,-1.03421773781751,0.301034383628621,0.727542430300631
"AAD021_001208",6.17801228141267,0.677129919861499,0.645873429328508,1.04839414212393,0.294457051332561,0.727542430300631
"AAD021_001490",8.01909114514112,0.574728346678273,0.54989506825471,1.04516003117173,0.295949012722098,0.727542430300631
"AAD021_001522",19.8167463112797,-0.625710530350618,0.604599278413853,-1.0349177590687,0.300707320198119,0.727542430300631
"AAD021_011198",4.14604318964231,-0.881928919351365,0.857907446702258,-1.02800007476499,0.303949792521427,0.728089668689042
"AAD021_003752",9.42152976278601,0.621850335375476,0.60412042069074,1.0293483121535,0.303316028465385,0.728089668689042
"AAD021_004157",48.6207473799194,0.525237494162264,0.510455909129939,1.02895761370952,0.303499593085109,0.728089668689042
"AAD021_001067",8.77397074355016,0.569825159797229,0.554449516626898,1.02773136725571,0.304076208531955,0.728089668689042
"AAD021_002049",4.12885970774617,-0.958188955572676,0.933132137334176,-1.02685237946052,0.304489980642776,0.728235596809606
"AAD021_002079",9.40543760892683,0.592606107307481,0.577933971269024,1.02538721855412,0.305180516623887,0.729042345268174
"AAD021_002882",9.57924332569444,-0.678381530875479,0.662596716477767,-1.02382265713845,0.305919046703055,0.729961748433647
"AAD021_006722",32.6109273220996,0.601993509160116,0.588598475914139,1.02275750582801,0.306422514372127,0.730234384510195
"AAD021_001400",4.92575915564348,-0.723610676218401,0.707975376651871,-1.02208452452184,0.306740896981753,0.730234384510195
"AAD021_003528",7.99848460079772,0.653269192437682,0.639642718948021,1.02130325740606,0.307110783612045,0.730272646745692
"AAD021_011739",4.54328916559833,-0.960955849469748,0.942247698123161,-1.01985481247007,0.307797323048819,0.731062916884652
"AAD021_003739",7.02409798589117,-0.570468723885872,0.560609490264799,-1.01758663346283,0.308874442184191,0.731097303518544
"AAD021_003366",17.8134979465145,0.480781496557974,0.472136915571121,1.0183094790976,0.30853090504755,0.731097303518544
"AAD021_000641",11.9553569644623,-0.556292354653601,0.546284382133704,-1.01832007805313,0.30852586970471,0.731097303518544
"AAD021_010405",6.20713024314093,0.700192912056335,0.690614105470052,1.01386998399021,0.310644795694631,0.73299214026064
"AAD021_007368",7.43482844429755,-0.741302397756742,0.730564396066936,-1.01469822749044,0.310249699321342,0.73299214026064
"AAD021_003644",15.1038239014972,-0.740860401202454,0.730869606435027,-1.01366973626959,0.310740369538789,0.73299214026064
"AAD021_000932",8.44276008951982,-0.630730992552675,0.622821187548167,-1.01269996134147,0.311203496342727,0.733246594122589
"AAD021_006475",10.0156258063602,-0.66397467685858,0.656490521725049,-1.01140024857307,0.311824902256171,0.733872974066974
"AAD021_012019",11.475824692718,-0.8976202389377,0.891216874450301,-1.00718496773454,0.313845895497784,0.736370158795223
"AAD021_006404",16.3968167712642,0.62681131462713,0.621812292769484,1.00803943877562,0.313435529235393,0.736370158795223
"AAD021_000642",6.20290057232424,-0.727211470608084,0.722188454024775,-1.00695527123885,0.313956269253777,0.736370158795223
"AAD021_003406",5.18527137720927,0.8891855033809,0.884008308544031,1.00585650020122,0.314484603877643,0.736772102614591
"AAD021_007778",5.62474041885021,-0.665523624701195,0.663440894565672,-1.00313928513087,0.315793662312202,0.739000134934677
"AAD021_002439",14.5625070468281,0.495126320815231,0.494656556913084,1.00094967689315,0.316851138081148,0.740635049829547
"AAD021_011094",4.37448696626281,-0.745318882711394,0.748575143572575,-0.995650054788568,0.319420205213018,0.743273171995117
"AAD021_008321",11.5813513093999,-0.683668386624078,0.686633421735018,-0.995681778636048,0.319404786189768,0.743273171995117
"AAD021_004427",4.0684807762549,-0.716290883769934,0.718604706826601,-0.9967801170314,0.318871251355029,0.743273171995117
"AAD021_003221",4.09077200453176,-0.76918833366924,0.771276541833297,-0.997292529915283,0.318622538597581,0.743273171995117
"AAD021_008013",6.458770893034,0.664144736044436,0.670747700940693,0.990155814344206,0.322097965851157,0.746526754795857
"AAD021_008396",9.86594576650256,-0.526566264215742,0.531926200541064,-0.989923533904008,0.322211495588401,0.746526754795857
"AAD021_004367",8.27925399180875,-0.585676960618736,0.590821313174293,-0.991292879182171,0.321542589053366,0.746526754795857
"AAD021_001120",12.4638975940238,0.543858181784968,0.549455091836419,0.989813707917884,0.322265183392979,0.746526754795857
"AAD021_011760",12.2656603622973,0.588527521008413,0.597151585424009,0.985557997958806,0.32435005767667,0.747998345301282
"AAD021_009787",12.2642591481491,-0.779000567592175,0.789952264782824,-0.986136254456262,0.32406625508228,0.747998345301282
"AAD021_002093",5.98631001546433,0.659936294377413,0.669132446931115,0.986256603463366,0.324007209314798,0.747998345301282
"AAD021_003353",9.00363914561666,0.605425167914827,0.612942309141871,0.987735972676501,0.323281972039756,0.747998345301282
"AAD021_008447",4.96790569217543,-0.742263459939358,0.753809627620251,-0.984682912955962,0.324779848450713,0.74815357946682
"AAD021_012258",30.3727579334099,0.614997533115699,0.625046538815751,0.983922788022966,0.325153478225877,0.74817924086757
"AAD021_011136",6.89359684866104,0.765911661118332,0.779137936905338,0.9830244746655,0.32559539316243,0.748361794529237
"AAD021_007305",4.91907974684826,-0.863182844111805,0.881880970561847,-0.978797448778003,0.327680070538698,0.748597278829394
"AAD021_006356",6.07401471530448,-0.717470925853179,0.734407139908844,-0.976938930553198,0.328599386928019,0.748597278829394
"AAD021_003987",4.26120244111494,0.830126678890791,0.848209611849536,0.978681056302446,0.327737595057757,0.748597278829394
"AAD021_004517",7.19334897325396,-0.604844941875044,0.618362311850255,-0.978140048776963,0.328005062602588,0.748597278829394
"AAD021_004617",25.9072829979884,0.692176786182945,0.705380821552715,0.981280983312383,0.326454197878926,0.748597278829394
"AAD021_001792",61.464692475256,0.503149013264685,0.514995580932493,0.976996758600613,0.328570757089751,0.748597278829394
"AAD021_002377",5.08641361079781,0.774209329994553,0.789871455133494,0.980171298713037,0.327001569456551,0.748597278829394
"AAD021_002529",5.26540320353174,0.656951165595765,0.670468682925674,0.979838704365841,0.32716574353461,0.748597278829394
"AAD021_008639",14.807845363717,-1.39192281994983,1.42657739557904,-0.975707889570794,0.329209241402008,0.749159729055948
"AAD021_008408",11.0937595347015,0.686270356437313,0.704700161278738,0.973847310027598,0.330132358650458,0.749453638059107
"AAD021_004585",11.3214729635227,0.848263410351804,0.871575696222045,0.973252712333202,0.330427718330323,0.749453638059107
"AAD021_001312",78.5196578387682,-0.879800032571575,0.903725320275019,-0.97352592965287,0.330291979485187,0.749453638059107
"AAD021_008523",16.0625782356841,0.520906811464084,0.537201008497216,0.969668342435332,0.332211835191223,0.751872176076882
"AAD021_009286",7.24568607413114,-0.684140946898829,0.705556873814481,-0.969646774469265,0.33222258942932,0.751872176076882
"AAD021_003088",5.37050342591712,-0.884492176265777,0.914363561276439,-0.967330954255261,0.333378614228028,0.753662058890088
"AAD021_007766",9.89358545636135,0.580467053808253,0.601599940983653,0.964872192073611,0.334608831196363,0.755615566290255
"AAD021_011727",5.93614393326435,-0.684651088441953,0.72279305857531,-0.947229750367915,0.343521718689411,0.756949942480546
"AAD021_010859",8.52883761079976,-0.622321433276739,0.657644531382092,-0.946288463722008,0.344001475797845,0.756949942480546
"AAD021_011024",5.33037254614103,-0.738620409924341,0.769635297190637,-0.95970183880663,0.337205297563952,0.756949942480546
"AAD021_009598",9.78316958540475,-0.642550744982112,0.671337597343923,-0.957120154635011,0.338506611886504,0.756949942480546
"AAD021_007609",10.3129744365783,-0.553107467647211,0.578854844065364,-0.955520150375997,0.339314720192251,0.756949942480546
"AAD021_007842",7.70143520068126,-0.671927173835883,0.699106481381498,-0.961122792779855,0.336490430593678,0.756949942480546
"AAD021_008620",15.1628343707337,0.4761875127433,0.501103914901863,0.950276975657947,0.341971534784251,0.756949942480546
"AAD021_009145",11.1895663078994,-0.534968212532047,0.560881832657505,-0.953798432010757,0.340185683261827,0.756949942480546
"AAD021_009217",8.19987327537012,0.520018981286711,0.547206487467396,0.950315818976277,0.341951803348217,0.756949942480546
"AAD021_005254",20.1468609731862,-0.654449218913073,0.687206475566922,-0.952332729945791,0.34092826375285,0.756949942480546
"AAD021_005646",4.40598693809445,0.721590605412998,0.762392955354602,0.946481208076449,0.343903202609081,0.756949942480546
"AAD021_005769",140.007539181911,-0.736526733787424,0.770422245677916,-0.956003980829154,0.339070223293341,0.756949942480546
"AAD021_006270",5.23020315307353,-0.704241805710793,0.743262115888662,-0.947501279368698,0.343383404630565,0.756949942480546
"AAD021_006355",8.20676855900171,-0.590052886966137,0.615391771276735,-0.958824791793969,0.337647017559862,0.756949942480546
"AAD021_006561",6.36351248274895,-0.826620494602881,0.869987201240627,-0.950152477443457,0.342034781677535,0.756949942480546
"AAD021_003530",36.5254748314076,0.565296166356442,0.597282514049424,0.94644687071764,0.343920708640918,0.756949942480546
"AAD021_003732",7.55155107192623,-0.615314503769269,0.642867860335961,-0.957139937665739,0.338496627882417,0.756949942480546
"AAD021_004033",18.2185681258261,-0.537441328687057,0.56675890008404,-0.9482715288765,0.342991241137984,0.756949942480546
"AAD021_002096",9.2593129723207,0.604486970233771,0.630973745322708,0.95802238162003,0.33805147263812,0.756949942480546
"AAD021_002864",5.13641171801763,0.625558253420978,0.657567953294214,0.951321076836429,0.341441410791993,0.756949942480546
"AAD021_000345",8.81558044530418,0.591351879241391,0.623194786592083,0.948903764864878,0.342669559579446,0.756949942480546
"AAD021_000728",10.942982530659,0.606651067244604,0.631832518824383,0.960145369493435,0.336982057218022,0.756949942480546
"AAD021_001257",8.96998306001896,0.643423373200944,0.670096296092127,0.96019538826474,0.336956887454089,0.756949942480546
"AAD021_001482",10.2288532985576,0.714935470675226,0.748778520469176,0.954802322891495,0.339677672491784,0.756949942480546
"AAD021_003581",5.82264849232109,0.628132389692038,0.665482024730222,0.943875816851213,0.345233111255995,0.758043767694014
"AAD021_003661",4.73609090850681,-0.697787871799519,0.738978734635514,-0.9442597453683,0.345036931170514,0.758043767694014
"AAD021_007896",10.1464554868851,-0.525677397472636,0.557523629042704,-0.942879135679416,0.345742728041697,0.758355994344382
"AAD021_012250",5.3094130574243,0.667668824223972,0.714044594900655,0.935051996740994,0.349761503419495,0.763923537627342
"AAD021_009597",3.95875327580232,0.702012165327938,0.74951148927196,0.936626289758199,0.348950823942889,0.763923537627342
"AAD021_007503",4.38266916859253,0.736025319784507,0.78629696126635,0.93606532397012,0.34923955533896,0.763923537627342
"AAD021_002405",21.6831868056967,-0.462906595464955,0.495052373170566,-0.935065905250119,0.349754336027525,0.763923537627342
"AAD021_003770",8.99709089545634,-0.676967004647187,0.724547712455161,-0.934330469905502,0.350133451533231,0.763927530617959
"AAD021_007987",20.3762380797821,-0.565555349887824,0.60726410293382,-0.931316946210894,0.3516896385664,0.766508317370025
"AAD021_001276",9.73439668503009,0.561640156331228,0.603522943785303,0.930602824821564,0.352059052745535,0.766508317370025
"AAD021_000856",9.62825851790924,-0.525868744606711,0.565779686901454,-0.929458509701331,0.352651517691139,0.766989180731834
"AAD021_011019",7.62826972330809,-0.671952821675093,0.724265696780468,-0.927771154511503,0.353526289868257,0.767274723751926
"AAD021_002345",4.81142203615953,-0.638985590212894,0.688215838616401,-0.928466847693479,0.35316545698023,0.767274723751926
"AAD021_006390",15.5447820895783,0.575103569344418,0.620851216719416,0.926314636835651,0.35428249152466,0.768108258935818
"AAD021_007998",4.89555962662592,-0.828337365344849,0.897487761594231,-0.92295115408978,0.35603266086988,0.768264983518091
"AAD021_009284",5.48922582437517,-0.638741472310288,0.690188841713969,-0.925458995720765,0.354727203343664,0.768264983518091
"AAD021_006727",3.94152138112344,0.749107057100401,0.811834096595675,0.922734164827134,0.356145756894294,0.768264983518091
"AAD021_006074",8.45136094021386,0.716356755732874,0.77604225727853,0.923089882044613,0.355960366947481,0.768264983518091
"AAD021_006262",104.934107384797,0.430570255233556,0.466692419065718,0.922599634456296,0.356215886253301,0.768264983518091
"AAD021_011244",14.6105692814237,-0.592643551255073,0.647294969940069,-0.915569529777042,0.359892718905062,0.771358849242002
"AAD021_007807",6.79866045355044,0.715640090255187,0.781140137347543,0.916148148122604,0.359589197226188,0.771358849242002
"AAD021_005647",15.1869661324658,0.534605261281446,0.582644019073206,0.917550414628518,0.358854287646172,0.771358849242002
"AAD021_006255",10.4805591829084,0.532020699421469,0.580827593162695,0.91597008421128,0.359682585802943,0.771358849242002
"AAD021_000236",7.41897365023748,-0.633125578069022,0.69114487829748,-0.916053345614918,0.359638916080291,0.771358849242002
"AAD021_000634",32.5929671673402,-0.652726880611128,0.71150957840277,-0.917383125152581,0.358941912240081,0.771358849242002
"AAD021_006393",30.578330505908,0.422797250058263,0.462792736893926,0.913577972065647,0.360938645461519,0.772798095676945
"AAD021_008198",17.8452764372507,-0.58465628549053,0.641937338646463,-0.910768466472582,0.362417380655124,0.774357633201011
"AAD021_006762",6.29566680387425,-0.943928163460794,1.03583034829349,-0.911276798382954,0.362149548063228,0.774357633201011
"AAD021_012017",14.7773191417993,-0.51985220075467,0.573822377450588,-0.905946197261076,0.364964330654874,0.775798961162419
"AAD021_008535",7.02863015779623,-0.54038360775738,0.596494006450525,-0.905933005048897,0.36497131360887,0.775798961162419
"AAD021_008593",64.5501023833951,-0.637347396141228,0.702622477605258,-0.907097931613993,0.364355011783444,0.775798961162419
"AAD021_009172",6.98357844888603,-0.554329551230933,0.611593542102658,-0.906369202861673,0.364740467896899,0.775798961162419
"AAD021_003083",6.36502893236853,-0.564972732290667,0.621757827526923,-0.908670075836242,0.363524304355694,0.775798961162419
"AAD021_010426",4.30922526526303,0.595663191573063,0.658481325538791,0.904601495092775,0.365676542994512,0.77649833821057
"AAD021_007361",38.6343763405198,0.470440719619122,0.52158219243079,0.901949350353915,0.3670837740692,0.778685415908355
"AAD021_008362",18.281104514099,-0.61938602941321,0.6888679827483,-0.899136039015944,0.36858020398359,0.779588236414776
"AAD021_008509",4.54646534179712,-0.728997688456829,0.812440890069748,-0.897293202948272,0.369562482482991,0.779588236414776
"AAD021_008669",4.09026346272084,-0.804745081788038,0.895449541913761,-0.898705113040911,0.368809752835352,0.779588236414776
"AAD021_005085",12.7282574052033,0.535095483326843,0.595305527258026,0.898858584081168,0.368727990545919,0.779588236414776
"AAD021_006926",6.34401022911014,0.921473041772062,1.0282160676354,0.896186191576621,0.370153329305465,0.779588236414776
"AAD021_003765",8.42875734504839,-0.648970166147046,0.723690260745316,-0.896751277927498,0.369851651643935,0.779588236414776
"AAD021_000774",8.18612926296291,-0.494556726271845,0.550573157370454,-0.898257969265803,0.3690480347036,0.779588236414776
"AAD021_008307",6.84323909974375,0.574405408363712,0.642535329704837,0.893967042446645,0.371339525104667,0.781289276061195
"AAD021_010406",10.7260403088627,-0.505381665865199,0.56592605990255,-0.893017130103929,0.371847999212342,0.781479688610614
"AAD021_003723",8.96438583372981,-0.584631597307931,0.655134736106722,-0.892383757243936,0.372187274178408,0.781479688610614
"AAD021_002269",10.6641283352613,-0.719480494572009,0.812201153498842,-0.885840276725284,0.37570360265052,0.788061215315726
"AAD021_000372",5.12278067287707,0.644454634171285,0.728519266131912,0.884608910335385,0.37636759927183,0.788652512585846
"AAD021_008335",8.95198730110875,-0.537204035089068,0.60793800246423,-0.88364937363934,0.376885517323745,0.78893682328216
"AAD021_009057",4.09688931859915,-0.740871449294172,0.840276952638594,-0.881699119519731,0.377939537277499,0.790341646343219
"AAD021_000954",5.68504738025052,-0.678214185575928,0.771010607816314,-0.879643131625378,0.379052665479601,0.791867106831879
"AAD021_010935",5.72161013599337,0.641400413670394,0.730020189205604,0.878606404527464,0.379614722029189,0.792239419887003
"AAD021_008423",13.9964658732982,0.654155655863602,0.74552130638462,0.877447297966449,0.38024373246023,0.792750569492844
"AAD021_012368",4.61042385175878,-0.640120045311142,0.730293740085084,-0.87652407541733,0.380745194049225,0.792995035840161
"AAD021_007099",15.0731335487756,-0.526502627423589,0.601619424838768,-0.875142333651693,0.381496465364907,0.793758774710855
"AAD021_005375",5.64506412370949,0.626561055631117,0.716608975487995,0.874341624320911,0.381932237671552,0.793865194918514
"AAD021_011860",9.41173782726409,0.608976972485114,0.697501142051123,0.873083835668443,0.38261738376102,0.794489215374994
"AAD021_009529",63.9191345791326,-0.517809060704705,0.594612488007468,-0.870834486574391,0.38384453214447,0.796236295825313
"AAD021_009784",6.66865166545385,0.547424872467158,0.629473439270711,0.869655236130992,0.384488842077049,0.79677205828015
"AAD021_008240",8.70106201282003,-0.568656444514753,0.656844197334673,-0.865740227016139,0.38663263460637,0.798248206678594
"AAD021_008357",6.70107654410464,-0.687107728880056,0.792105821895176,-0.867444361456776,0.385698584469639,0.798248206678594
"AAD021_003674",9.34771687559028,-0.596799820277813,0.689519806010771,-0.865529626669622,0.386748162150482,0.798248206678594
"AAD021_000540",4.41027142492969,-0.688976601826104,0.795110827109891,-0.866516438130306,0.386207015838556,0.798248206678594
"AAD021_011091",8.58756047223116,-0.895762898386751,1.05616615495639,-0.848126873014351,0.396367317097688,0.798363786165005
"AAD021_009791",4.11750173002221,0.5835014306101,0.682199026425264,0.855324337924754,0.392371617550962,0.798363786165005
"AAD021_007911",9.8848688853446,0.741922010873637,0.858966876130478,0.86373762654957,0.387732038885562,0.798363786165005
"AAD021_008148",7.24722155807064,-0.722189192686708,0.839094894888347,-0.860676422996001,0.389416281923421,0.798363786165005
"AAD021_008250",5.87457807030254,0.626989630057359,0.740677587712811,0.846508170975556,0.397269317549973,0.798363786165005
"AAD021_008310",159.839159218863,-0.365000856317871,0.429291159644924,-0.85024079373023,0.395191225910698,0.798363786165005
"AAD021_008336",5.33552733556437,0.574500218588227,0.680295103448055,0.844486775924728,0.398397449927634,0.798363786165005
"AAD021_008373",10.4050205073939,-0.502132004065434,0.584190697617968,-0.859534405653621,0.390045746479746,0.798363786165005
"AAD021_008399",7.89099823341255,-0.572549490992328,0.666297959134594,-0.859299481775348,0.3901753100233,0.798363786165005
"AAD021_008436",7.75990021855949,-0.609384340400801,0.708826244467365,-0.85970905445059,0.389949442372288,0.798363786165005
"AAD021_004937",6.9797098102565,0.589123835042038,0.696130317674397,0.846283835202233,0.397394423310936,0.798363786165005
"AAD021_005344",12.5220712719596,0.572980910602687,0.678150975715764,0.844916443566163,0.398157492811805,0.798363786165005
"AAD021_006798",9.48136405663673,0.490629532349636,0.576735654850976,0.850700885618751,0.394935531110243,0.798363786165005
"AAD021_007138",8.6052974249018,-0.539546141252914,0.626631496016881,-0.861026208676844,0.389223608475053,0.798363786165005
"AAD021_006101",7.29686925953671,-0.522793613980094,0.614957780259482,-0.850129278402659,0.395253215310401,0.798363786165005
"AAD021_003671",28.3714627470012,0.466141451998896,0.551994622575764,0.844467378728705,0.398408284762575,0.798363786165005
"AAD021_003970",13.3039944174392,-0.502468739632513,0.590060829955695,-0.85155413496985,0.394461604989144,0.798363786165005
"AAD021_003983",3.94502498015903,-0.766031995991815,0.900335662210711,-0.850829338594538,0.394864161589393,0.798363786165005
"AAD021_004127",4.19703772298014,-0.680735026667274,0.803236279158358,-0.847490388980633,0.396721841875418,0.798363786165005
"AAD021_004351",5.58267352873126,-0.692360585736933,0.808860302084359,-0.855970535273869,0.392014077521664,0.798363786165005
"AAD021_004412",11.6969383723703,0.47636323063588,0.557806977028939,0.85399295859142,0.393108890888072,0.798363786165005
"AAD021_002427",5.72069300844046,-0.748888354172825,0.876537687479192,-0.854370969862722,0.392899475612468,0.798363786165005
"AAD021_002637",4.67500862244592,-0.620477070460954,0.72557206139128,-0.855155681258169,0.392464967563086,0.798363786165005
"AAD021_003118",4.18032790518158,-0.707542305301291,0.836893983539547,-0.845438393891688,0.397866115616661,0.798363786165005
"AAD021_000318",5.41457350625765,0.665432906016331,0.771348577764858,0.862687668323134,0.388309214314344,0.798363786165005
"AAD021_000445",11.1758546298912,-0.513150302079321,0.60581310145637,-0.847043916425233,0.39697064346836,0.798363786165005
"AAD021_000632",4.92789844252752,-0.595136805866196,0.695062042523702,-0.856235514897796,0.391867521847603,0.798363786165005
"AAD021_001336",12.3254340587854,0.494617324867677,0.581165679349803,0.851078001407526,0.394726024666733,0.798363786165005
"AAD021_001415",8.00379834907398,0.51028005235138,0.600261938600859,0.850095632484684,0.395271919635658,0.798363786165005
"AAD021_001730",4.49088989004165,-0.699349688035738,0.827987945238986,-0.844637524081201,0.398313251466819,0.798363786165005
"AAD021_007118",5.86520249710824,-0.68254945477468,0.809335828113895,-0.843345161631258,0.39903543197064,0.798844938494085
"AAD021_008339",19.9348914355386,0.642552933529116,0.764892422415308,0.84005660756858,0.400876648112512,0.800189206701315
"AAD021_007063",4.85198062617804,-0.537929567164968,0.642123486511889,-0.837735386517446,0.402179334646003,0.800189206701315
"AAD021_007555",26.2340228348559,-0.611631641763671,0.729857821082609,-0.838014780545105,0.40202240236367,0.800189206701315
"AAD021_004174",11.4167731269603,-0.580963452493115,0.693848645884367,-0.83730573798646,0.402420734765487,0.800189206701315
"AAD021_002164",5.19591661683432,-0.713691298665369,0.852164959647112,-0.837503690554132,0.402309503360164,0.800189206701315
"AAD021_002299",43.8001409958976,-0.3821983435599,0.456050954894847,-0.838060614625891,0.401996661416672,0.800189206701315
"AAD021_001188",32.0552899456837,0.431348818858135,0.514219064860354,0.838842525170231,0.401557683783259,0.800189206701315
"AAD021_003097",7.69045892247363,0.484520367928829,0.579980744410528,0.835407679648535,0.403488207331275,0.80153961494875
"AAD021_010590",39.1434382208294,0.507855398052485,0.610734513528587,0.831548548187154,0.405663814367814,0.804313268833014
"AAD021_007838",9.29764831349152,-0.617519591707957,0.742450240239355,-0.831731957563752,0.405560257948655,0.804313268833014
"AAD021_008187",4.32955010777385,0.568458030386557,0.685746516813047,0.828962330028916,0.407125723420238,0.804892234807827
"AAD021_006433",4.67228971435307,-0.671402882233996,0.80906786531177,-0.829847421977728,0.406625055048339,0.804892234807827
"AAD021_000490",9.05363094881078,-0.562864217097363,0.678683326001574,-0.829347348804702,0.406907885375437,0.804892234807827
"AAD021_008227",23.0203832759406,0.356020479626894,0.431356718210757,0.825350492055964,0.409172633520862,0.80508323697527
"AAD021_008353",66.0291418399135,-0.52282968504252,0.631484104385651,-0.827937997823654,0.407705614312338,0.80508323697527
"AAD021_004371",79.5274717605365,0.296955181708232,0.359060069489376,0.827034824926469,0.408217323136764,0.80508323697527
"AAD021_002809",4.95942490970717,0.548337757172568,0.664335001423674,0.825393447579123,0.409148253732619,0.80508323697527
"AAD021_000579",7.99102895442336,0.538448511225703,0.652129116676549,0.82567776450437,0.408986908934572,0.80508323697527
"AAD021_006742",7.17007217697572,-0.568087445010007,0.690516041964607,-0.82269985124998,0.410678699946862,0.807276987324117
"AAD021_006571",3.99663207137457,-0.630864514532162,0.769530709149048,-0.819804209282013,0.412327731077754,0.808751852035523
"AAD021_002818",45.1582733035656,-0.399590080375306,0.48747698117997,-0.81971066491811,0.412381068773764,0.808751852035523
"AAD021_000552",5.73271685220565,0.499050570690316,0.609104202793457,0.819318875820565,0.412604505907658,0.808751852035523
"AAD021_000577",5.61232080261482,0.652869901358457,0.797918886489879,0.818215876842436,0.413233930914562,0.80921710949493
"AAD021_010368",100.806786556964,-0.357414368386701,0.44775374214728,-0.798238707448113,0.424731979058521,0.81096425239877
"AAD021_010741",4.29996567501026,-0.72680802996043,0.904146992362809,-0.803860474126072,0.421477559547694,0.81096425239877
"AAD021_007802",6.47999098720731,0.591347609663077,0.728503161517347,0.811729640858938,0.416946782306143,0.81096425239877
"AAD021_007982",8.71705784772324,0.445268701293788,0.552890772757679,0.805346595084054,0.420619700495385,0.81096425239877
"AAD021_008075",4.73140843022821,-0.573504800324515,0.708714344437848,-0.80921855868378,0.418389441726077,0.81096425239877
"AAD021_008145",5.43532145615143,-1.52153144155749,1.86913316019354,-0.814030521720534,0.415627466079631,0.81096425239877
"AAD021_008202",11.8610791356658,-0.475463590717932,0.590098473139506,-0.805736012479949,0.420395080062075,0.81096425239877
"AAD021_008306",18.3539254454511,-0.444715775900411,0.553936682018369,-0.80282781468815,0.422074263117225,0.81096425239877
"AAD021_008411",24.7098055192002,0.505494709780354,0.631318557787671,0.800696737874708,0.4233072315281,0.81096425239877
"AAD021_007212",9.22223882124744,-0.476805527532169,0.595473383942371,-0.800716774905113,0.423295628976095,0.81096425239877
"AAD021_007323",19.5503784614339,-0.483297237823626,0.605458042024662,-0.79823407119587,0.424734669013116,0.81096425239877
"AAD021_006265",9.47071422977265,-0.500199459140709,0.625972252851095,-0.799076088217117,0.424246293844916,0.81096425239877
"AAD021_006519",5.71352225037158,0.541640655692843,0.666093033570989,0.813160667345605,0.416125947119082,0.81096425239877
"AAD021_006556",10.2700557481241,0.693522563371622,0.854397160149231,0.811709818008396,0.41695815937161,0.81096425239877
"AAD021_003641",4.80079491404089,0.512583268491616,0.629095871867996,0.814793565517422,0.41519048470145,0.81096425239877
"AAD021_004280",5.35844999675296,-0.660808877310832,0.826632069832978,-0.799399033047858,0.424059070958588,0.81096425239877
"AAD021_004547",10.5841633502559,0.508911008282201,0.632240780576207,0.804932272509207,0.420858763880784,0.81096425239877
"AAD021_002443",24.5733637014078,-0.350109764622409,0.430495390587428,-0.813271807962147,0.416062236927841,0.81096425239877
"AAD021_002481",12.243918260372,-0.499503482763456,0.620502236229488,-0.804998682677944,0.420820439965333,0.81096425239877
"AAD021_002778",7.49923839022803,0.485577304737094,0.604375319093313,0.80343668809236,0.421722376748802,0.81096425239877
"AAD021_003186",4.04991457122589,0.558251518483719,0.690223130045596,0.808798624941532,0.418630987292536,0.81096425239877
"AAD021_000129",20.3898304038858,-0.490114317419552,0.608175295445242,-0.805876728453335,0.42031393080172,0.81096425239877
"AAD021_000287",7.48585696398279,-0.518221233688259,0.645518467260965,-0.802798463515927,0.422091230395198,0.81096425239877
"AAD021_000341",4.93266165394142,0.563519461338431,0.701730922103943,0.803042082923859,0.421950411396596,0.81096425239877
"AAD021_000650",4.39065380133316,0.681912854895614,0.853583499178178,0.798882423983304,0.424358591235683,0.81096425239877
"AAD021_001013",9.1388013971432,0.500875055180348,0.626430453977396,0.799570091141229,0.423959921926728,0.81096425239877
"AAD021_001575",5.38966596155296,0.528865925552383,0.649670145383245,0.814052991830802,0.415614593973562,0.81096425239877
"AAD021_001397",4.97083284280557,0.542215912381403,0.682133009796844,0.794882969441529,0.426681581761161,0.813928636557335
"AAD021_000740",4.22711217986844,0.774161789917208,0.97558566427647,0.793535430321595,0.427465935273003,0.814671920963507
"AAD021_008122",5.62704005572776,-0.563553199339677,0.711457908861536,-0.792110386743,0.428296314260058,0.815501469218413
"AAD021_010905",17.5905839231996,0.479000099174118,0.61143342802276,0.783405154544949,0.433389230204455,0.81569171460219
"AAD021_011261",5.3516918031948,-0.670697286482408,0.85590516770112,-0.783611680116195,0.433268000132283,0.81569171460219
"AAD021_010478",33.8428436909303,0.458880015525347,0.583369920442686,0.786602118904467,0.431514818502932,0.81569171460219
"AAD021_008104",23.0720162276706,-0.452882659009849,0.577498128243532,-0.784214938301702,0.432914001207158,0.81569171460219
"AAD021_009139",5.02235817092762,0.598667209978106,0.761889629569738,0.785766319350208,0.432004401812038,0.81569171460219
"AAD021_009213",61.171721096005,0.388713169804144,0.493674878215538,0.787386976645856,0.431055368141471,0.81569171460219
"AAD021_009412",17.9311596638778,0.715549690424876,0.912177611427563,0.784441189369948,0.432781277617181,0.81569171460219
"AAD021_009457",9.01063717727037,-0.447726523435785,0.572184723858886,-0.782485978332769,0.433929022593607,0.81569171460219
"AAD021_006047",6.59663294757713,0.521254347507346,0.662196890292618,0.787159159380843,0.431188701579424,0.81569171460219
"AAD021_006291",18.2148969561293,-0.434203473494057,0.554443286458546,-0.783134152940133,0.43354833732884,0.81569171460219
"AAD021_003914",5.87336542843382,-0.614636270135169,0.781802228159664,-0.786178713741967,0.43176279482167,0.81569171460219
"AAD021_004069",4.8286125788655,0.592340099707756,0.75141504839919,0.788299490367772,0.430521545700051,0.81569171460219
"AAD021_002508",4.19004118557276,-0.574778895669468,0.734073777334933,-0.782998812130591,0.433627809602461,0.81569171460219
"AAD021_000890",4.6085534293001,0.538522088558372,0.683566078872778,0.787812773633256,0.430806228252924,0.81569171460219
"AAD021_009039",11.2701954826182,-0.47111018117067,0.605841768801604,-0.777612580430956,0.436797442249854,0.819590837094272
"AAD021_009193",4.29192806615545,0.676091684311786,0.869098524769208,0.777922945492657,0.436614440352245,0.819590837094272
"AAD021_012152",15.1006081778173,0.413730129600305,0.53413288493554,0.774582770072722,0.438586241749038,0.819789744761729
"AAD021_012201",143.884949591125,-0.286445947022581,0.369170922268505,-0.775916871411241,0.437798070281186,0.819789744761729
"AAD021_006204",4.97708822770939,-0.598433900819837,0.773100456786525,-0.774070039108879,0.438889374012457,0.819789744761729
"AAD021_004239",4.35256412758625,-0.738229584189926,0.953137727813048,-0.774525614345134,0.4386200268922,0.819789744761729
"AAD021_003414",10.5094098616694,0.445565153513529,0.573944460309245,0.776321028124316,0.437559460133483,0.819789744761729
"AAD021_007217",5.58957783427265,0.513198419516412,0.666083465986114,0.770471638650629,0.441020172390544,0.823024987173674
"AAD021_004623",4.49586424526673,-0.499651617239415,0.649969782299237,-0.768730533090203,0.442053295098653,0.823463899894963
"AAD021_002412",7.84567590244225,-0.496231879123362,0.645275087055882,-0.769023768432558,0.441879200623545,0.823463899894963
"AAD021_009035",5.51651598395852,-0.652640137215715,0.849734895192689,-0.768051472180297,0.442456605745908,0.823471987610058
"AAD021_007868",6.2391289855816,-0.606335813702801,0.794263504916177,-0.763393772910151,0.445228592529402,0.826751497528842
"AAD021_008356",12.4611888235694,-0.495898174830961,0.650347314042243,-0.76251283602403,0.445753985104844,0.826751497528842
"AAD021_005108",7.37270939783754,0.573968856478416,0.751620698138479,0.763641631876225,0.445080832593134,0.826751497528842
"AAD021_000502",6.17921090569535,-0.519056770632489,0.680818928162797,-0.762400616612077,0.445820938347675,0.826751497528842
"AAD021_009887",7.26220803089731,-0.512216286923338,0.673177788738803,-0.760893029288703,0.446720962428116,0.826861575069725
"AAD021_007108",5.35779520816445,0.464829125343949,0.611385153268094,0.760288539653367,0.447082130706305,0.826861575069725
"AAD021_002617",4.98119361282752,0.612803957545564,0.804846682104006,0.761392164708427,0.446422865988313,0.826861575069725
"AAD021_012358",16.0415415146652,-0.420459291187689,0.556198610531293,-0.75595171082153,0.449678148489573,0.827173456438443
"AAD021_012589",5.29662879793279,0.521549438584149,0.688134861652372,0.757917477588314,0.448500386557305,0.827173456438443
"AAD021_008166",6.16086448245713,-0.557516509728914,0.73761902231598,-0.755832608517092,0.449749563279771,0.827173456438443
"AAD021_008182",11.8497652341672,-0.718245885056386,0.952285199696269,-0.754234010237133,0.450708718963791,0.827173456438443
"AAD021_008338",69.9654741495201,-0.314817675789446,0.416409729935545,-0.756028625551509,0.449632033157141,0.827173456438443
"AAD021_006977",6.42934287044081,0.500705272354744,0.664665873515721,0.753318761058523,0.451258387572523,0.827173456438443
"AAD021_007271",3.9897811366273,-0.52238029182789,0.688542530665654,-0.758675417367283,0.448046745700232,0.827173456438443
"AAD021_004344",5.74134875418334,0.667389138998701,0.884689225743546,0.754376926471312,0.450622922399638,0.827173456438443
"AAD021_002644",4.57001494374194,-0.532413947187915,0.704709046863632,-0.755508886337516,0.449943702432438,0.827173456438443
"AAD021_002846",12.9609532652722,-0.421141270339823,0.558746553790649,-0.753725043103562,0.451014341110192,0.827173456438443
"AAD021_008157",12.7137270873162,0.500017903121822,0.664978963432748,0.751930407754006,0.452092910636538,0.827967850535771
"AAD021_007376",192.049710659562,0.405076840393599,0.539484307206033,0.750859357691931,0.452737302035792,0.82841293563996
"AAD021_000582",8.46845504079683,-0.45294744590501,0.60463952715914,-0.749119807024782,0.453784997805814,0.829594539832773
"AAD021_004525",5.71081250305549,-0.527339837513523,0.705830706218,-0.747119433694135,0.454991470434427,0.831064066351024
"AAD021_007957",6.23892229201354,0.518483961677377,0.695544715729405,0.74543584323497,0.456008282319131,0.831629288617797
"AAD021_004542",6.77692642137704,-0.592555806318723,0.795085675487377,-0.745272898993551,0.456106761005497,0.831629288617797
"AAD021_002634",4.56441447788667,-0.569587502970868,0.767668149542203,-0.741970997898689,0.458104907573964,0.834535330302437
"AAD021_009752",21.1146215289243,0.472865166147492,0.6421893051733,0.736332982094564,0.461528078901559,0.835067696451764
"AAD021_008458",8.47998175227856,0.430820338868778,0.585753037210139,0.735498258653026,0.462036100110272,0.835067696451764
"AAD021_004914",4.12951078727267,-0.588334406103376,0.798049046170165,-0.737215850237265,0.460991096016266,0.835067696451764
"AAD021_007198",5.12893740504347,-0.551420529583154,0.747494602333937,-0.737691654041953,0.460701844901799,0.835067696451764
"AAD021_003458",8.34793717319072,-0.419952115521733,0.567283205927466,-0.740286529080554,0.459126153057476,0.835067696451764
"AAD021_003638",9.53758486338487,0.512781690610982,0.69384894769256,0.739039372065449,0.459883089908425,0.835067696451764
"AAD021_002175",26.5443208941836,-0.425567684855446,0.579137574736491,-0.7348300359359,0.462443012133899,0.835067696451764
"AAD021_002496",7.6069680782925,0.463121556821558,0.626687596108375,0.738999079760739,0.459907556154093,0.835067696451764
"AAD021_000677",4.76436034918321,0.528193919760543,0.718649663724581,0.734981099167355,0.462351005190048,0.835067696451764
"AAD021_001058",29.4536556600346,0.368835651414867,0.499828232894634,0.737924805245283,0.460560144449466,0.835067696451764
"AAD021_006679",21.6475258806593,-0.341186108479778,0.464769378188294,-0.734097650343805,0.462889225487548,0.835142091777987
"AAD021_004238",5.58044889745297,-0.532675564399972,0.726275565806717,-0.733434510919142,0.463293456921412,0.835142091777987
"AAD021_011036",16.2811397774391,-0.332108266701293,0.457080300932924,-0.726586260714896,0.467479447309969,0.837342163669165
"AAD021_010388",14.3610705414955,0.449014792171168,0.618929773030213,0.725469692583765,0.468163931401075,0.837342163669165
"AAD021_008435",16.4998101707133,0.364452473719776,0.501922136645641,0.726113568441953,0.467769151722134,0.837342163669165
"AAD021_008470",12.5273139962496,0.424642665027839,0.585336405600851,0.725467715598419,0.468165143834407,0.837342163669165
"AAD021_009410",4.27398413410967,-0.650472822458614,0.893970647863633,-0.727622124969183,0.466844933051922,0.837342163669165
"AAD021_005336",12.7963467487676,0.451677159846662,0.621879804413567,0.72630941966767,0.467649106034802,0.837342163669165
"AAD021_002464",4.09753010912128,0.495773510735303,0.6805404010808,0.728499748064832,0.466307722829216,0.837342163669165
"AAD021_002729",42.0550687277065,-0.317264948866037,0.435087530794523,-0.729197980660746,0.465880566275012,0.837342163669165
"AAD021_001038",5.01164037070365,-0.551395946517424,0.759479628548135,-0.726018086319845,0.46782768303544,0.837342163669165
"AAD021_012478",6.06705473664163,-0.726565033583987,1.00337265424849,-0.724122817686491,0.46899033733875,0.837419500844767
"AAD021_008108",6.7510988917713,-0.483081758444997,0.669349779621437,-0.721717961449412,0.470467896797919,0.837419500844767
"AAD021_008120",43.8506650286557,0.35782943029079,0.495997691456187,0.72143366079033,0.470642742722834,0.837419500844767
"AAD021_005233",4.62637860001895,-0.48495194292718,0.672005748842596,-0.721648503398102,0.470510610437415,0.837419500844767
"AAD021_005278",12.4219638855891,0.403885760690394,0.559517103966943,0.721847031711575,0.470388529962993,0.837419500844767
"AAD021_002469",5.29268268947201,-0.551265662937204,0.762250910475871,-0.723207614921773,0.469552341132097,0.837419500844767
"AAD021_009298",6.766483606412,0.435528708468237,0.604573259585483,0.720390294415024,0.471284724070528,0.837839509458717
"AAD021_002693",7.7911576792515,0.383596616560215,0.53398025702672,0.718372283455079,0.472527771785902,0.839326438008694
"AAD021_009984",21.0096368102966,-0.568437798220929,0.792085951858929,-0.717646610051441,0.472975210649298,0.839398826122228
"AAD021_008081",20.8534833867508,-1.12997586260073,1.57732420280615,-0.716387829838936,0.473751907572591,0.839564022057548
"AAD021_008541",6.87000029755286,-0.469010027574565,0.654879693845667,-0.716177386445418,0.473881824465622,0.839564022057548
"AAD021_005060",19.2743567536257,0.498459927387212,0.698461607543052,0.713654010476859,0.475441150914871,0.841567100973107
"AAD021_002401",7.74191221777984,0.457081441870727,0.641042010238379,0.713028841433896,0.475827910288574,0.841567100973107
"AAD021_011043",4.78190358143102,-0.60567500033781,0.850654828176648,-0.71201030109481,0.476458397200918,0.84165196548246
"AAD021_000753",5.2593764321099,-0.487784331014684,0.685951598142257,-0.711106049371029,0.477018521593855,0.84165196548246
"AAD021_001025",5.33095178057047,-0.62545602673204,0.879714915727493,-0.710975812220723,0.477099224619418,0.84165196548246
"AAD021_002367",6.7638670682757,-0.413928775850615,0.582860793902694,-0.710167470827895,0.477600290249247,0.841816395452132
"AAD021_010470",5.50265181228576,0.481488702340894,0.680509000083938,0.707542005001409,0.479229718721376,0.843248200716897
"AAD021_007166",6.07948669169816,0.509451675583359,0.719675000146676,0.707891305769311,0.479012759251165,0.843248200716897
"AAD021_011678",7.67152599209981,-0.469495423407956,0.666746744612371,-0.704158553756281,0.481334038704516,0.844790353644661
"AAD021_006177",9.37862580392173,0.550462839137084,0.780343523710793,0.705410915079362,0.480554553303036,0.844790353644661
"AAD021_001118",11.2161132851646,0.367332071912469,0.521347090365393,0.704582568313596,0.481070049690715,0.844790353644661
"AAD021_008167",9.46227132682022,-0.376264024602595,0.536837940554478,-0.700889404750281,0.483372037124127,0.845491427647625
"AAD021_007406",15.1172622691514,-0.47272699129159,0.673902672063374,-0.701476653660063,0.483005599399808,0.845491427647625
"AAD021_000686",11.7303807249136,-0.453885119856934,0.646217823475704,-0.702371713326782,0.482447381027798,0.845491427647625
"AAD021_000820",4.40537578483799,-0.597310467969699,0.850733284591353,-0.702112493760739,0.482609011405274,0.845491427647625
"AAD021_007647",14.2699552037535,0.430593603816415,0.616753037406401,0.698162113035013,0.485075817302046,0.845605140972485
"AAD021_006660",5.13678114877627,-0.610435027010067,0.873084896209553,-0.699170297940366,0.484445610349221,0.845605140972485
"AAD021_002494",8.46385867224318,-0.461137375377153,0.66017004937225,-0.698513020721926,0.484856417827101,0.845605140972485
"AAD021_002575",9.34276597403783,-0.470831788517973,0.674315638955683,-0.698236495370556,0.485029306434256,0.845605140972485
"AAD021_002256",6.1756207567848,-0.506865964905081,0.727765582633679,-0.696468721522672,0.486135338939027,0.846023051914125
"AAD021_000644",8.31291638792105,-0.460106852139118,0.660402469336291,-0.696706740968925,0.485986339313939,0.846023051914125
"AAD021_012260",12.6170806101541,-0.403695062857855,0.581708254058711,-0.693982009093359,0.487693491538717,0.846765019869744
"AAD021_007164",4.69622313813874,-0.583464977260336,0.839993567128422,-0.694606482826949,0.487301948415632,0.846765019869744
"AAD021_006439",4.83563059329697,0.523104210902018,0.753943418290888,0.693824228995647,0.487792446039305,0.846765019869744
"AAD021_008273",6.89253798630303,0.461772668384843,0.666512287914951,0.692819437477148,0.488422872428048,0.84711379321226
"AAD021_000507",4.50815578119125,-0.485117623787993,0.700838458784058,-0.692196065595006,0.488814209164633,0.84711379321226
"AAD021_011285",5.98362745073059,-0.480650960549036,0.702256535206201,-0.684437860600192,0.493698715382737,0.848475268887739
"AAD021_008714",10.5887468542955,0.437589314499578,0.638361522064953,0.685488237267304,0.493035880745492,0.848475268887739
"AAD021_005165",4.59593786217494,-0.482760667243668,0.70553972938749,-0.684243065465319,0.493821692232919,0.848475268887739
"AAD021_005241",3.99337191007878,-0.508987788545003,0.742673525582351,-0.685345270852212,0.493126070905176,0.848475268887739
"AAD021_005308",12.1361257307224,-0.382135391345872,0.556196059485202,-0.687051597775728,0.492050213962658,0.848475268887739
"AAD021_006489",4.34116694292724,-0.503447419211643,0.730878238969924,-0.688825295881275,0.490933214971244,0.848475268887739
"AAD021_002790",7.28017536364302,-0.50486394973362,0.738355736463523,-0.683767897777499,0.494121740892957,0.848475268887739
"AAD021_000699",4.60499468880713,0.608096302061154,0.888951955973631,0.684059805453864,0.493937401765965,0.848475268887739
"AAD021_001074",7.7231514016663,0.499255001319736,0.727035753250772,0.686699380446467,0.492272187477802,0.848475268887739
"AAD021_001092",10.2513482133086,0.465589928219675,0.677580497319858,0.687135964009142,0.491997052860905,0.848475268887739
"AAD021_001457",7.20961787422597,-0.593440761608143,0.864124993189716,-0.686753382074501,0.492238151222775,0.848475268887739
"AAD021_008105",6.45135021559896,-0.572650484743469,0.841296969377566,-0.68067579652301,0.49607665447219,0.850417121952326
"AAD021_001271",4.67676143340145,0.492867097750423,0.723926428328667,0.680824844160349,0.495982327788453,0.850417121952326
"AAD021_001163",8.8498167991941,0.425632590698248,0.626802831380554,0.679053395085625,0.497104030570403,0.850765107045864
"AAD021_001230",5.56188843585495,0.588794064540712,0.866867227242753,0.679220584233517,0.496998106670063,0.850765107045864
"AAD021_003764",7.2029101816602,-0.476105625349626,0.708005662912469,-0.672460193879109,0.50129077329297,0.857219681919379
"AAD021_012558",12.4807630736253,-1.09290984351278,1.62860675799419,-0.671070433760708,0.502175660970857,0.857624836132872
"AAD021_007687",7.14469793613991,-0.442488373516824,0.663885379229103,-0.666513207491687,0.505083124563658,0.857624836132872
"AAD021_008915",35.6606315919301,-0.483082529453335,0.724517076479527,-0.666764863294407,0.504922339713676,0.857624836132872
"AAD021_009022",10.8019037718556,-0.467514106754748,0.705173347798825,-0.662977561778359,0.507344924863487,0.857624836132872
"AAD021_009422",6.95269148396727,-0.55061873558358,0.821421841736374,-0.670323952452551,0.502651301248607,0.857624836132872
"AAD021_006966",4.66554703872486,-0.553443562744097,0.831840256645627,-0.665324331592033,0.505843071209742,0.857624836132872
"AAD021_007395",4.25288461937823,-0.492638052222419,0.739507678688839,-0.666170300078392,0.505302254190228,0.857624836132872
"AAD021_003790",3.9118081550508,-0.582563499394422,0.870459694935834,-0.669259590976657,0.503329898945062,0.857624836132872
"AAD021_004159",32.7393984672058,-0.337095907586633,0.508246443897813,-0.66325286017035,0.50716862200108,0.857624836132872
"AAD021_002152",5.44320436328024,-0.420145235111136,0.633664965770852,-0.663040025575708,0.507304919822793,0.857624836132872
"AAD021_002270",7.12626411359236,-0.454535035124423,0.684353414339181,-0.664181730668103,0.506574004922713,0.857624836132872
"AAD021_002700",8.95229814808517,0.387414282828982,0.579352559310262,0.668702116877177,0.503685516899412,0.857624836132872
"AAD021_002782",9.42354952361567,-0.461258854595882,0.690940952473667,-0.667580714306352,0.504401271677028,0.857624836132872
"AAD021_003412",8.3172802553393,-0.399074726017256,0.601860122076622,-0.663068894879282,0.507286430990143,0.857624836132872
"AAD021_010247",16.1407020438372,0.529280212596991,0.800930201311167,0.660831882391911,0.508720134031197,0.857812027096196
"AAD021_010538",5.28362769914978,-0.43884707420941,0.670663198798525,-0.654347927537388,0.512887674527686,0.857812027096196
"AAD021_009731",3.91476121803791,-0.514799421056445,0.783437801721019,-0.657103116451054,0.511114615182028,0.857812027096196
"AAD021_008383",4.13830002749867,0.551681205165367,0.839679126236667,0.657014314072484,0.511171712606202,0.857812027096196
"AAD021_009102",8.61216194339975,-0.42324145192165,0.646751682085948,-0.654411057048329,0.512847012660349,0.857812027096196
"AAD021_009123",8.75434394451214,-0.412065353062879,0.627750983391204,-0.656415304738896,0.511556945722663,0.857812027096196
"AAD021_009306",6.50048991922469,-0.504748745633722,0.767904860443974,-0.657306356078922,0.510983950373651,0.857812027096196
"AAD021_004840",24.9584506116199,-0.385253477512858,0.583938990848952,-0.659749534712114,0.509414573116636,0.857812027096196
"AAD021_003596",4.97051381247192,-0.540368897289022,0.819719006418872,-0.659212355767797,0.509759413740553,0.857812027096196
"AAD021_004173",7.90151685721968,0.399535271115491,0.607899087175148,0.657239465471309,0.511026953093693,0.857812027096196
"AAD021_000326",4.49679797119816,0.513461216435479,0.783031333945139,0.655735210299327,0.511994509702555,0.857812027096196
"AAD021_000688",4.79875192349003,0.453113855675351,0.693254346323464,0.653604060440948,0.513366927564672,0.857812027096196
"AAD021_001079",4.62142236971392,0.593750485258964,0.909122020458626,0.65310318295825,0.513689760412257,0.857812027096196
"AAD021_001173",4.71366738881295,-0.462666587960399,0.7070623383018,-0.654350490611078,0.512886023613144,0.857812027096196
"AAD021_001306",9.1495103930323,0.433045381567502,0.657452849098252,0.658671389380178,0.51010680913328,0.857812027096196
"AAD021_011202",6.06863423748423,-0.508816546410139,0.784081989746068,-0.648932832362243,0.516381791916784,0.861610362583866
"AAD021_000742",8.82185675721301,-0.403358750514338,0.622515482831305,-0.647949748462149,0.517017452685189,0.86197416990487
"AAD021_005975",4.53471294520229,-0.547865078047906,0.847147439574171,-0.646717504479854,0.517814792025878,0.862606723762237
"AAD021_000234",6.16789314092266,0.456163635255879,0.707178625406578,0.645047260858057,0.518896559280435,0.863711692221627
"AAD021_008043",21.8119707103194,0.383393266920858,0.59618316222891,0.643079662779291,0.520172410056004,0.863745659175859
"AAD021_008367",9.81783825803475,0.375404536162345,0.583216752162061,0.643679274936242,0.519783431930568,0.863745659175859
"AAD021_009131",5.27854762403564,0.499678607954064,0.776039356124099,0.643883076303876,0.519651256854618,0.863745659175859
"AAD021_000610",5.6108660789,0.421358575237733,0.656721242077263,0.64160948091909,0.521126775541441,0.864634778711844
"AAD021_004170",5.8910743485277,0.448943879703223,0.701670772442089,0.639821262813502,0.522288807460641,0.865866745862461
"AAD021_012031",7.6779620246153,0.510020576994154,0.800390929925941,0.63721433854997,0.523985239206447,0.865950224979045
"AAD021_009983",21.1533921791794,-0.368871726101238,0.581234413710889,-0.634635041215434,0.525666468734277,0.865950224979045
"AAD021_008495",8.60120535655865,0.378400971401007,0.596079508631821,0.634816271858681,0.525548249501078,0.865950224979045
"AAD021_005742",4.29322391742762,0.516273033034406,0.810768421940145,0.636770030829494,0.524274649825625,0.865950224979045
"AAD021_003874",6.97300871419482,-0.403254141922131,0.631569650573601,-0.638495123310453,0.523151427553462,0.865950224979045
"AAD021_002157",5.46351771548283,0.464529524517191,0.732014678608165,0.634590450290472,0.525695558090476,0.865950224979045
"AAD021_002374",10.4250566055556,-0.356044534396944,0.559565014430206,-0.636288054498005,0.524588689408656,0.865950224979045
"AAD021_001360",6.2734705463772,-0.691245357639068,1.08919844269815,-0.634636748035299,0.525665355288847,0.865950224979045
"AAD021_011496",6.53396438339754,-0.454122479516734,0.71917222084976,-0.631451641694602,0.52774525898801,0.86649964060632
"AAD021_008219",4.37293616379174,0.483256418819097,0.763016818933749,0.633349628510689,0.526505351178608,0.86649964060632
"AAD021_008758",4.08531136315037,-0.504609667354958,0.797987411994717,-0.632352916562422,0.527156292866908,0.86649964060632
"AAD021_006389",5.23193593668111,0.423848589925192,0.671609079415466,0.631094192910685,0.527978937896287,0.86649964060632
"AAD021_003126",7.59102456239571,-0.401834687844568,0.638133507215305,-0.629703162897838,0.528888812798863,0.86649964060632
"AAD021_003333",6.23162945946539,-0.482919315126469,0.767046967729887,-0.629582457715324,0.528967803858509,0.86649964060632
"AAD021_000557",4.73552988687284,-0.597545659529808,0.947453929927809,-0.630685715320573,0.528246040970567,0.86649964060632
"AAD021_008578",5.6800813246169,-0.442676415474705,0.70525568455015,-0.627682165734074,0.530212170667502,0.866830346915117
"AAD021_009417",6.40378739256068,0.409348976197139,0.652504596199269,0.627350333747117,0.530429616353582,0.866830346915117
"AAD021_000400",4.26906006212343,-0.431250587665056,0.686734185759479,-0.627973088580299,0.530021569526175,0.866830346915117
"AAD021_007178",34.4414876109715,0.293143333775496,0.469247116919081,0.624709930452374,0.532161454360401,0.867599717061507
"AAD021_004422",8.21380764125078,0.375582951904858,0.600737234322765,0.625203384185546,0.531837581079341,0.867599717061507
"AAD021_002942",9.4053281941318,0.396939627979955,0.635055085523996,0.625047554185685,0.531939847705957,0.867599717061507
"AAD021_008646",5.78532946017876,0.501428502670353,0.807874113521604,0.620676531501395,0.534812473733245,0.870914086990912
"AAD021_001214",12.4854986345393,0.314473690280917,0.50694301952214,0.62033340665653,0.535038305380076,0.870914086990912
"AAD021_007611",12.5020223199205,0.380952241204745,0.618646222614056,0.615783669695827,0.538037306749746,0.872691501397799
"AAD021_008078",6.96774376344899,-0.388168722494251,0.629502700226762,-0.616627573407426,0.537480403042649,0.872691501397799
"AAD021_008113",38.8933097917334,-0.374029268363434,0.605905472923778,-0.617306304494276,0.537032709232273,0.872691501397799
"AAD021_004639",7.84358065677451,-0.448472602381439,0.728666780953082,-0.6154700805694,0.53824432232529,0.872691501397799
"AAD021_001001",7.58511958198348,-0.468220047431068,0.758261052042464,-0.617491886428643,0.536910331270357,0.872691501397799
"AAD021_004142",249.597033153918,0.28116398177957,0.457982601870189,0.61391847775751,0.539269199243271,0.873666897361155
"AAD021_012371",7.3257292790474,0.450926814324235,0.73689621331191,0.611927169903055,0.540585944512192,0.873819221558293
"AAD021_011756",4.97200003503611,0.477796210957979,0.786164483061975,0.607756037384245,0.543349290852475,0.873819221558293
"AAD021_010584",14.9667346389163,-0.335187829754362,0.549653092278832,-0.609817054543787,0.541983002769248,0.873819221558293
"AAD021_010065",8.84562581319617,0.490928986007137,0.813674522451128,0.603348110898512,0.546277133551494,0.873819221558293
"AAD021_008366",11.0801163916603,0.335306408290969,0.556054404016768,0.603010075756647,0.546501986358064,0.873819221558293
"AAD021_009128",17.522603644592,0.299347665381925,0.492950630288814,0.607256887381482,0.54368044476082,0.873819221558293
"AAD021_005134",177.174822509955,0.289338167892085,0.479478958440414,0.603442888991847,0.546214097684483,0.873819221558293
"AAD021_006763",6.27395246472316,-0.53203403460885,0.875998369955152,-0.607345918504493,0.543621370981745,0.873819221558293
"AAD021_003521",11.8969474127896,0.341700457411984,0.56362743494908,0.606252350797748,0.54434719441229,0.873819221558293
"AAD021_003951",9.23399189584015,0.363344152386961,0.598725972222511,0.606862186115299,0.54394237473484,0.873819221558293
"AAD021_004020",7.61485821636011,0.919066779968202,1.50480762991567,0.610753668241107,0.541362670387235,0.873819221558293
"AAD021_004078",11.3260167034336,0.322164907560167,0.530044257500541,0.607807561352248,0.543315113733409,0.873819221558293
"AAD021_004521",6.21807347589059,-0.41643902887851,0.692054536001632,-0.601743081238222,0.547345168237623,0.873819221558293
"AAD021_004635",7.11920864676644,-0.403565949308814,0.668248391629499,-0.60391608025383,0.545899437320525,0.873819221558293
"AAD021_002177",10.3106258105956,0.405427391652752,0.665579606557483,0.609134335935723,0.542435400217715,0.873819221558293
"AAD021_002686",3.93145510774643,-0.518030091274082,0.861015607613526,-0.601650059178258,0.547407099551779,0.873819221558293
"AAD021_000770",14.1694872269209,-0.442264779483553,0.722084641857247,-0.612483293296503,0.540218048171058,0.873819221558293
"AAD021_000911",9.12149123219878,0.334804153694007,0.555933728902107,0.602237526323864,0.547016039632122,0.873819221558293
"AAD021_000914",7.81668577680837,0.363353424491018,0.601919733926043,0.60365760418093,0.546071306310178,0.873819221558293
"AAD021_003792",7.53415944687119,-0.374882842662798,0.625398549678609,-0.599430303852557,0.548885973921566,0.875502820845528
"AAD021_002542",10.2001513499084,-0.460600258473997,0.769739684526481,-0.598384450916472,0.549583438433218,0.875889476589471
"AAD021_003115",5.12486497748918,0.407406341699364,0.682930116631016,0.596556414452994,0.55080357832661,0.875889476589471
"AAD021_000389",3.99704810377329,-0.493760265996849,0.828612863614902,-0.59588776336729,0.551250208376804,0.875889476589471
"AAD021_000999",5.77629137305254,-0.441739657461605,0.741190349137404,-0.595986790674892,0.551184051180355,0.875889476589471
"AAD021_001049",4.96401704179583,0.395023741498709,0.661106791585252,0.597518807137786,0.550161054287007,0.875889476589471
"AAD021_010293",13.9451070357256,-0.330807247252245,0.558735125408893,-0.592064526120771,0.553807380307807,0.87627352414857
"AAD021_008239",12.4059313518581,-0.425942406745458,0.717481794578697,-0.593663016907029,0.552737523539591,0.87627352414857
"AAD021_005449",45.9355496771012,0.227016828784382,0.38365691402869,0.591718330840261,0.554039219483471,0.87627352414857
"AAD021_002711",118.931906789055,-0.293677850293303,0.495523082335438,-0.592662301237667,0.553407175652201,0.87627352414857
"AAD021_001113",23.3807197672813,0.282578440038831,0.477420237891545,0.591886178279322,0.553926809904235,0.87627352414857
"AAD021_001129",31.1404268213233,0.373311431166515,0.628543069223918,0.59393134606902,0.552558032454351,0.87627352414857
"AAD021_001223",73.6178473531113,0.367728798653696,0.622811113392163,0.590433906438901,0.554899784417751,0.876962599569861
"AAD021_010030",11.7093589491698,-0.394151951600501,0.6705958510267,-0.587763779028821,0.556690859278555,0.879120071576845
"AAD021_008156",5.47185334068422,-0.414286508495305,0.706879550871201,-0.586077936452841,0.557823142344773,0.880085483299783
"AAD021_001027",49.9394952370294,-0.315365847153039,0.53854913372401,-0.585584169400325,0.558154989166384,0.880085483299783
"AAD021_012020",4.85950605128995,-0.466859239641297,0.800234522842634,-0.583403022882461,0.559622023347736,0.88105252188385
"AAD021_011034",5.12933173991741,0.436106940734379,0.747064341622827,0.583760884353061,0.559381198317686,0.88105252188385
"AAD021_010736",71.7503921944198,-0.407427516464937,0.707748300375709,-0.5756672481568,0.564840117040248,0.883522949313244
"AAD021_007843",21.4684293160609,0.287321987735253,0.502886512838241,0.57134558275114,0.567765408614922,0.883522949313244
"AAD021_007852",18.8910135036361,-0.286801040900246,0.499882229824414,-0.573737220066786,0.566145637487838,0.883522949313244
"AAD021_007909",7.36965702738662,0.39181275924313,0.684549101677389,0.572366187148664,0.567073918179787,0.883522949313244
"AAD021_008079",6.77125498798935,-0.407010597097062,0.70288622956038,-0.579056154438574,0.56255128353857,0.883522949313244
"AAD021_008295",4.05222619437408,-0.445500952518259,0.778705974888048,-0.572104191934969,0.567251389376661,0.883522949313244
"AAD021_008369",5.86523804844945,0.390347294683513,0.680577179212647,0.573553311227835,0.56627011367071,0.883522949313244
"AAD021_009255",4.10940127128925,0.436776207567152,0.762276824299319,0.572988963646684,0.56665216657054,0.883522949313244
"AAD021_005024",12.2148030349059,-0.321046441795724,0.562311869086002,-0.570940183634328,0.568040190764862,0.883522949313244
"AAD021_006916",5.12386204268879,0.370179458659596,0.638032677371494,0.580188870865714,0.561787257838061,0.883522949313244
"AAD021_006239",5.22281255460115,0.393300033871256,0.688302185446957,0.571406051276536,0.567724428109612,0.883522949313244
"AAD021_004278",9.86011664980727,-0.441100146122682,0.769475209814242,-0.573248027352521,0.566476769874951,0.883522949313244
"AAD021_004471",14.8519187137865,0.338068752199441,0.585460027739968,0.5774412191802,0.563641436122065,0.883522949313244
"AAD021_002450",7.10447060767507,-0.44842549276823,0.774306153861961,-0.579132027469554,0.562500090940005,0.883522949313244
"AAD021_002819",36.5855816975197,-0.290585574097739,0.503110390271415,-0.57757816120827,0.563548954715963,0.883522949313244
"AAD021_000807",12.7448794321362,0.287582601468264,0.503582439013076,0.571073530744778,0.567949800207059,0.883522949313244
"AAD021_012493",57.0906935195911,-1.12718713976955,1.98299789066381,-0.568425788588319,0.569745883549215,0.884308106387087
"AAD021_008579",12.387575407723,-0.300013162033718,0.527205564341331,-0.569062965806407,0.569313409909078,0.884308106387087
"AAD021_003134",4.94790355780226,0.397575853961231,0.699586250627627,0.568301411876734,0.569830320491679,0.884308106387087
"AAD021_011651",6.0302234702749,0.400456666002929,0.705767937164587,0.567405580383488,0.570438659409861,0.884587072142715
"AAD021_004411",8.30335284894599,-0.364798705446011,0.643837762669058,-0.566600355862511,0.570985733145097,0.884770685594204
"AAD021_006893",7.28869443969355,0.361191242503939,0.638918221981889,0.565316859149116,0.571858263520465,0.885061477041789
"AAD021_004032",5.37308985467366,0.367768427653461,0.650845166481878,0.565062854567118,0.572031012777978,0.885061477041789
"AAD021_011253",13.2306286155381,0.422704139144675,0.75108342432201,0.562792528042065,0.573576168884649,0.885288544805987
"AAD021_009779",5.47464864165944,0.386802330999454,0.686802809662117,0.563192703288077,0.573303670995906,0.885288544805987
"AAD021_008065",8.75840957822144,-0.327573572456401,0.584290597162713,-0.560634680837039,0.575046604197595,0.885288544805987
"AAD021_008822",4.63638779887353,-0.487304223718636,0.8695048631708,-0.560438755847319,0.575180202802727,0.885288544805987
"AAD021_002239",3.93310090865726,-0.415332642939716,0.73870623604562,-0.562243314965147,0.573950253463018,0.885288544805987
"AAD021_002851",7.273488012975,-0.423519290549939,0.753295885980688,-0.562221695925732,0.573964981166828,0.885288544805987
"AAD021_000802",10.7182168911766,0.329351439891017,0.587368448926315,0.560723750982979,0.574985873319338,0.885288544805987
"AAD021_008371",6.62694685812013,-0.32883144302254,0.588432467835691,-0.558826137232048,0.576280382648025,0.886320946188915
"AAD021_006164",13.5650798881399,0.355247114395247,0.637471985563088,0.557274864528286,0.57733964639743,0.886628742681768
"AAD021_002664",9.79166822532793,-0.385983103159782,0.692532969411419,-0.557349787242372,0.577288465455426,0.886628742681768
"AAD021_010952",10.322495387276,0.333929375341688,0.604812388760994,0.552120594000676,0.580865733178038,0.888576081117611
"AAD021_007884",8.00432255399443,0.385447094314218,0.69831852315488,0.551964585691979,0.580972616992981,0.888576081117611
"AAD021_006572",4.42057045027155,-0.398770573553264,0.719218629538748,-0.554449728045845,0.579271101479009,0.888576081117611
"AAD021_000930",5.93371614183299,0.339102933625586,0.614710860506843,0.551646237949966,0.581190750730995,0.888576081117611
"AAD021_001010",10.1192930566718,0.33811883631593,0.612002694862089,0.552479325915586,0.580619995068089,0.888576081117611
"AAD021_001294",4.44859228834471,-0.444902355730062,0.805901466593585,-0.552055523128146,0.580910313165983,0.888576081117611
"AAD021_001076",45.0754293522774,-0.255926284392262,0.466063023333862,-0.54912376991755,0.582920513785574,0.890561021801203
"AAD021_003685",14.8601860718449,-0.31210890495461,0.569475880481481,-0.548063431045978,0.583648349220372,0.891013456206248
"AAD021_004481",5.13737259398818,0.445900766623854,0.817174047732185,0.545661928277475,0.585298346730107,0.892871979047258
"AAD021_003189",7.77673798638304,-0.359880878105181,0.66134862350958,-0.544162133725176,0.586329906662782,0.893785027586397
"AAD021_002611",11.8322472045314,-0.275446876178483,0.507468329859353,-0.542786337533268,0.587276921121098,0.894059277646524
"AAD021_000379",18.0504131478028,0.275779667449123,0.508640303050163,0.542189963703928,0.587687648482855,0.894059277646524
"AAD021_001431",4.15581270848429,0.427051977164848,0.787899396392238,0.542013332057751,0.587809321592216,0.894059277646524
"AAD021_003724",7.4733080972967,-0.328833443294287,0.608330181457406,-0.540550926647245,0.5888171501101,0.894932693539946
"AAD021_000354",11.1204706538954,-0.408492604101758,0.757573621433697,-0.539211757833769,0.58974074826024,0.895676898019967
"AAD021_009512",5.11551681207174,-0.35681192241613,0.668974642479338,-0.533371371288038,0.593776531110119,0.899903715081194
"AAD021_009693",4.38938533310459,-0.398361079095311,0.747868882168028,-0.532661658472118,0.594267811848676,0.899903715081194
"AAD021_009929",4.73258473102311,0.400563200660692,0.751134009298359,0.533277944683748,0.59384119268956,0.899903715081194
"AAD021_007172",6.27626631906215,-0.385397056104282,0.722014802521477,-0.533779992817831,0.593493757528987,0.899903715081194
"AAD021_008097",6.37783839435644,0.334585237485483,0.632553922183014,0.528943424033783,0.596844697368781,0.902360572040906
"AAD021_005977",3.94481297415597,0.359401931040302,0.679427289172875,0.52897776814033,0.596820872274078,0.902360572040906
"AAD021_002004",6.66041251580788,-0.330799275746733,0.626005490009805,-0.528428713527019,0.597201812697615,0.902360572040906
"AAD021_002103",7.04245385243384,0.303856894202485,0.575941017862209,0.527583354507981,0.597788548625697,0.902586367493372
"AAD021_011174",9.12437869619147,-0.347575760405737,0.660105420637221,-0.526545835770006,0.598509014019789,0.903013600100032
"AAD021_000838",6.43200773349592,-0.376562730793865,0.717410583301624,-0.524891518969333,0.599658605466254,0.904087188957157
"AAD021_011793",4.25155605454811,-0.402855048426446,0.772988749828247,-0.521165474291777,0.602251503250367,0.904780118909131
"AAD021_011723",45.8062562047916,0.272551278787372,0.523049266152176,0.521081466746721,0.602310021017997,0.904780118909131
"AAD021_008146",4.9409124506755,-0.489256413603263,0.938262908739878,-0.521449168506887,0.602053907172953,0.904780118909131
"AAD021_005821",9.4599306465083,-1.02079728340047,1.95201788552581,-0.522944636404038,0.601012781079354,0.904780118909131
"AAD021_001077",10.8376806195504,-0.302641928887802,0.579836458309097,-0.5219436007359,0.601709599666138,0.904780118909131
"AAD021_009789",6.53581228852178,-0.33005048735705,0.636384125438895,-0.518634067324393,0.604015947606508,0.905365951967925
"AAD021_006134",4.94069481324211,-0.475449898082598,0.915676309869461,-0.519233590470827,0.603597857464375,0.905365951967925
"AAD021_002874",5.41766719907596,-0.3616841202101,0.695691309370143,-0.519891675141891,0.603139078024257,0.905365951967925
"AAD021_007899",12.233437258141,-0.307192064445036,0.594467832138534,-0.51675136624289,0.605329733751846,0.906676756504941
"AAD021_009934",4.18441569220883,-0.365818121925409,0.709563519636844,-0.515553733811789,0.606166131093207,0.907201473133681
"AAD021_002521",5.22988144167165,-0.417297213329358,0.81029959592815,-0.514991264251303,0.606559124478915,0.907201473133681
"AAD021_008782",5.64867287182595,-0.413881900867795,0.805147261375534,-0.514044971302155,0.607220549324959,0.907533101959968
"AAD021_006936",8.0506380697676,-0.431748751177384,0.842210826327093,-0.512637379716732,0.608205000627584,0.907747248257006
"AAD021_003013",4.63601452535515,0.394455542903143,0.769545549362613,0.512582449771631,0.608243432335,0.907747248257006
"AAD021_008002",4.09872256680352,-0.390149430728806,0.762831252876486,-0.51144919568729,0.609036554290953,0.908045103440208
"AAD021_003665",10.5363327141221,0.333717731061759,0.653016582323562,0.511040209536985,0.609322901291031,0.908045103440208
"AAD021_002797",4.63823211461973,0.370473619808502,0.726330820891414,0.510061819149883,0.610008152985495,0.908410409640736
"AAD021_001573",9.92487244981134,0.308625080886185,0.607387359590316,0.508119038062222,0.611369864663911,0.909781831770953
"AAD021_011693",4.10986189730558,-0.511596368031824,1.02651235903867,-0.498383057473304,0.6182140761156,0.910623134042908
"AAD021_008158",11.8398935819041,-0.328987491669749,0.65708204741666,-0.500679470643238,0.616596722642321,0.910623134042908
"AAD021_008492",17.1973484315802,-0.272411947323819,0.545072734336955,-0.499771737170435,0.617235813478276,0.910623134042908
"AAD021_004972",5.85957714862866,0.319106340437037,0.634152956363572,0.503200903244055,0.6148230298334,0.910623134042908
"AAD021_005045",7.06024063562079,-0.315244378390888,0.630723255015028,-0.499814103704447,0.617205978814722,0.910623134042908
"AAD021_005469",10.9853694332443,0.326358461886622,0.655467263738028,0.497902000514031,0.618553117213254,0.910623134042908
"AAD021_006055",15.8526485374334,-0.297378311787091,0.591619047635064,-0.50265168603991,0.615209183429732,0.910623134042908
"AAD021_006343",12.0020907656819,0.254299221685009,0.508056363045816,0.500533484435615,0.616699484820927,0.910623134042908
"AAD021_004285",22.2898022731161,0.258984707289503,0.518324066281754,0.499657886131652,0.617315990913347,0.910623134042908
"AAD021_002527",173.661427925858,-0.28627246904378,0.571554363316096,-0.500866562163673,0.616465036714801,0.910623134042908
"AAD021_000340",4.62061683280531,-0.394010698016953,0.790228888072279,-0.498603257820807,0.618058909615568,0.910623134042908
"AAD021_000556",11.7089826183338,-0.336813031331984,0.666442957403324,-0.505389137345401,0.613285546874536,0.910623134042908
"AAD021_000564",4.24712775713769,0.388494112026399,0.777622527004271,0.499592152407211,0.617362284719265,0.910623134042908
"AAD021_000658",9.04841502920421,-0.297067094114152,0.587481554205656,-0.50566199395966,0.613093953165531,0.910623134042908
"AAD021_001218",8.15498222300046,0.323851858327864,0.64056535944553,0.505571919480923,0.613157198493784,0.910623134042908
"AAD021_010672",9.99766961680247,-0.325825215364974,0.656783931250948,-0.496091941141722,0.619829544760503,0.911851874829421
"AAD021_001167",7.44547513484781,0.350592120215222,0.708638709670604,0.49474028927687,0.620783458028574,0.912604741717221
"AAD021_008394",4.3289231762307,0.398558938740769,0.80671148622837,0.494053878672482,0.621268129067978,0.912667201705557
"AAD021_008540",8.59400199882064,-0.308365087209703,0.624994536823783,-0.493388452284417,0.621738140190341,0.912708052171312
"AAD021_010272",9.03752121042265,-0.339941456480504,0.704333394010743,-0.482642821384271,0.62934936872076,0.912909512979092
"AAD021_008631",7.40804749097256,-0.304735567229358,0.63111423072507,-0.482853265532067,0.629199927058753,0.912909512979092
"AAD021_008798",3.94804008204676,-0.379982097810703,0.787398287179716,-0.482579279124054,0.629394494655644,0.912909512979092
"AAD021_009063",4.69808429541299,0.334218362728247,0.691814357660677,0.483104114604363,0.629021812685467,0.912909512979092
"AAD021_009179",23.9057740657749,-0.243653290568585,0.496076383175122,-0.491160834968779,0.623312697050799,0.912909512979092
"AAD021_009323",3.96408480099466,0.354453495302615,0.73190905761397,0.484286253347017,0.62818273050019,0.912909512979092
"AAD021_005179",7.19893802398475,-0.333288564565872,0.677401557971793,-0.492010330716939,0.622712040464187,0.912909512979092
"AAD021_005274",13.0618778642709,0.39593599558657,0.818587751395742,0.483681798208531,0.628611712869884,0.912909512979092
"AAD021_007130",6.36014633496113,-0.320359612632098,0.659274429611206,-0.485927556482092,0.627018529834334,0.912909512979092
"AAD021_006373",4.76887014234358,0.327004324212698,0.676798859442196,0.483163231808943,0.628979839894852,0.912909512979092
"AAD021_006568",6.27005852248468,0.396930120664879,0.814720167646692,0.487198103627907,0.626117949102911,0.912909512979092
"AAD021_004277",8.92519507299838,0.2831419134702,0.579069794396624,0.488959908132019,0.624870081020614,0.912909512979092
"AAD021_002294",4.11734032844622,0.362048665666268,0.750098871667768,0.482667924644773,0.629331541469059,0.912909512979092
"AAD021_002418",5.17123988900961,-0.340059230856018,0.692741035213545,-0.490889399602538,0.623504674874045,0.912909512979092
"AAD021_002567",20.5254532600903,-0.249945488515199,0.513186463244221,-0.487046144855642,0.626225630184855,0.912909512979092
"AAD021_002570",17.0573682128748,0.27209294262867,0.563568070451227,0.48280404248384,0.629234880218297,0.912909512979092
"AAD021_001084",10.9584287085897,0.247959057415742,0.513013859932461,0.483337930574401,0.628855812032749,0.912909512979092
"AAD021_012327",6.39482265430436,0.285312412106607,0.593165482406747,0.480999688230277,0.63051672030429,0.913895021564645
"AAD021_011950",3.8988695430885,-0.420571528099981,0.878448448485683,-0.478766316708721,0.632104881674437,0.914298608684561
"AAD021_009689",17.39727682545,-0.295362041026131,0.615457954074711,-0.479906123676935,0.63129414670933,0.914298608684561
"AAD021_003324",6.57686885699688,0.327794786237228,0.684704116863298,0.478739324277602,0.632124086527552,0.914298608684561
"AAD021_012473",4.83122871906166,0.359622185264661,0.753014179982614,0.477576910003162,0.632951368341682,0.914854078611507
"AAD021_008618",9.94825928280191,-0.277068172691333,0.583779330649937,-0.474611138395164,0.635064165720488,0.914906694842583
"AAD021_008791",9.18521093766777,0.287637479524586,0.606248810575639,0.474454505323436,0.635175833018202,0.914906694842583
"AAD021_008997",4.72800370592835,-0.352366640123098,0.745576850065328,-0.472609416577544,0.636491863052929,0.914906694842583
"AAD021_004924",33.0498401342191,-0.293259013620138,0.620585590935157,-0.472552082909671,0.636532775338058,0.914906694842583
"AAD021_006805",12.7020410524761,0.304472934805695,0.646690236626593,0.470817274734119,0.6377712272944,0.914906694842583
"AAD021_006988",14.6145353656598,-0.271549527435263,0.573844501370218,-0.473210994941768,0.636062654296387,0.914906694842583
"AAD021_004401",4.93655052206008,-0.376360817358298,0.79959763288848,-0.470687758290035,0.637863727654301,0.914906694842583
"AAD021_000804",6.86766306275033,-0.279828160416648,0.592954106746139,-0.471922122189551,0.636982377075245,0.914906694842583
"AAD021_000900",8.51890890757392,-0.301245037208871,0.632148332350759,-0.476541694080939,0.633688510770588,0.914906694842583
"AAD021_001135",65.3332173088123,-0.288900846234661,0.612185137033359,-0.471917445814955,0.636985715094711,0.914906694842583
"AAD021_001248",4.95055458606041,0.310529539182903,0.659423185326354,0.470910859813367,0.637704392546517,0.914906694842583
"AAD021_008094",10.242652027363,0.384978064123631,0.820667409011558,0.469103634305781,0.638995561451115,0.915893638079932
"AAD021_009690",7.52983284274362,0.292404255179967,0.627593267008184,0.465913626788724,0.641277326823378,0.918526302958676
"AAD021_011240",3.98736727687121,-0.347516839424697,0.750177466082379,-0.463246171921852,0.643187924203931,0.920624046849455
"AAD021_010989",51.072727538465,0.41845675311859,0.912248391634653,0.458709225421335,0.646442988281657,0.921224470971295
"AAD021_011265",7.50713168303641,-0.34500863719907,0.747956957016801,-0.461268036833463,0.644606313926828,0.921224470971295
"AAD021_008296",7.5551426280001,0.28516082807005,0.622182992239664,0.458323084408913,0.646720341744032,0.921224470971295
"AAD021_003007",11.7744752721281,-0.45783232531504,0.997687813627134,-0.45889337231711,0.646310738407918,0.921224470971295
"AAD021_003021",8.04435447099348,0.28166223803799,0.611028460896702,0.460964187534967,0.644824298971874,0.921224470971295
"AAD021_001056",3.94523418230009,0.328349216485145,0.714439109254912,0.459590204723787,0.645810391309936,0.921224470971295
"AAD021_001066",8.62304460381614,-0.267898419938562,0.584538905863038,-0.45830725252244,0.646731714359209,0.921224470971295
"AAD021_004454",4.05267897982132,-0.304948202198789,0.666559581028056,-0.457495790141457,0.647314727515451,0.921419032821993
"AAD021_012007",25.7586808775877,-0.332076139718961,0.732369585312444,-0.453426994209884,0.650241302162055,0.923521051582648
"AAD021_010378",5.32330300150809,-0.336793297475085,0.753371310026242,-0.447048212472219,0.654840249670689,0.923521051582648
"AAD021_004969",43.7894410740251,-0.257239165152523,0.571761211091387,-0.449906639629331,0.65277775985155,0.923521051582648
"AAD021_005018",22.0032654683301,-0.219581225578617,0.486402145537951,-0.451439673103753,0.651672695181788,0.923521051582648
"AAD021_005548",7.19973716272503,0.267145610042903,0.595518540817491,0.448593270792514,0.653725088974222,0.923521051582648
"AAD021_007115",11.7555118348226,-0.363760621523171,0.81071736938592,-0.448689808877171,0.653655437308082,0.923521051582648
"AAD021_005930",23.6400221543805,0.295932008799726,0.662724509720731,0.446538500476511,0.655208308334835,0.923521051582648
"AAD021_003899",13.8339558508347,-0.234246911899964,0.520670845043843,-0.449894427793896,0.652786565637514,0.923521051582648
"AAD021_004021",7.38639251647214,0.325619482596807,0.718999899065,0.452878342570351,0.650636346762359,0.923521051582648
"AAD021_004095",9.248642881361,0.275525750760086,0.60822496318119,0.452999740949479,0.650548928056455,0.923521051582648
"AAD021_004163",7.5478727619266,-0.336640591064815,0.75576152964276,-0.445432292940263,0.656007379436196,0.923521051582648
"AAD021_004515",8.0939139277664,-0.310214716310124,0.693630075785755,-0.447233658313775,0.65470636161864,0.923521051582648
"AAD021_002444",6.9397098125335,0.316819211047215,0.712126451530838,0.444891789044148,0.656397956720807,0.923521051582648
"AAD021_002753",15.1009261392728,0.219772640767533,0.486145250541967,0.452071969277751,0.651217136340814,0.923521051582648
"AAD021_002968",18.3870653322799,0.223675607728878,0.502622243395884,0.445017327959165,0.656307231792979,0.923521051582648
"AAD021_000456",9.65677459067687,0.284101777569182,0.631979060244396,0.449543023560488,0.653039979101569,0.923521051582648
"AAD021_000893",7.80380529097028,0.291401630619531,0.647228374564086,0.45022999928857,0.652544607269544,0.923521051582648
"AAD021_004286",4.61914382263966,-0.30601471469152,0.689837187081043,-0.443604259704208,0.657328725472036,0.923571469962072
"AAD021_000799",4.62105658584036,0.384892398800682,0.867039978835583,0.443915399746139,0.657103750230777,0.923571469962072
"AAD021_012256",19.6069938201193,0.224950664628652,0.511475234009748,0.439807540367369,0.6600765059154,0.924424697441445
"AAD021_010916",9.48481251764681,0.309550906195683,0.701313337826278,0.441387450515537,0.658932525853703,0.924424697441445
"AAD021_010353",6.67321542089639,0.308701169487953,0.705042228496779,0.437847772815161,0.661496637499878,0.924424697441445
"AAD021_008820",11.7485606223534,0.236977922620536,0.538716176984473,0.439893830452703,0.660014004510192,0.924424697441445
"AAD021_009256",19.8227039526779,0.39417994458824,0.896978547060249,0.439453034724323,0.660333305386553,0.924424697441445
"AAD021_007199",4.31574722499562,-0.315159806045121,0.714538006725118,-0.441067939114347,0.659163813154066,0.924424697441445
"AAD021_003706",12.8517850626977,-0.306051429866075,0.697935686798822,-0.438509501168828,0.661016984222792,0.924424697441445
"AAD021_000777",4.86359108738768,-0.296148902354292,0.676839258315271,-0.437546875001666,0.661714789024342,0.924424697441445
"AAD021_000927",18.255604426784,0.268539477072429,0.614226865828452,0.437199171856852,0.66196691028026,0.924424697441445
"AAD021_003612",4.61768475425314,-0.338639521634425,0.777177056434815,-0.43573020951993,0.663032484811594,0.925286713083929
"AAD021_004923",4.09922510994097,-0.353495343178015,0.815497251459495,-0.433472145424604,0.664671797783523,0.926947696368373
"AAD021_001483",7.72286741100928,-0.326827187590751,0.756107105649665,-0.432249856070237,0.665559827469886,0.927559408438787
"AAD021_010941",11.6121423942611,0.433661883503434,1.01822235037605,0.425900966859817,0.670180010368692,0.928515735095712
"AAD021_010245",3.95903917712846,0.369884734976661,0.859179119433962,0.430509455607285,0.66682508992969,0.928515735095712
"AAD021_010739",20.5345281146955,-0.377227380007599,0.877462901140011,-0.429906927708853,0.667263345861832,0.928515735095712
"AAD021_009134",5.21175959755026,0.278507583472736,0.653788716195647,0.425990196180432,0.670114989809191,0.928515735095712
"AAD021_006348",4.32513659115163,0.361936011533957,0.843298753056644,0.429190734863622,0.667784425037212,0.928515735095712
"AAD021_006421",4.65599097925479,-0.326508635214723,0.764164625570136,-0.427275254950617,0.669178853980899,0.928515735095712
"AAD021_002460",4.44549449084893,-0.347918210893256,0.812248743213505,-0.428339488118855,0.668403973480675,0.928515735095712
"AAD021_000690",5.62476629095518,-0.32017886686614,0.75204646966008,-0.425743461053489,0.670294789385955,0.928515735095712
"AAD021_000882",8.34828105673322,-0.285432205862555,0.668751123870445,-0.42681379615573,0.669514957058493,0.928515735095712
"AAD021_008005",9.97121836220854,-0.243344520637344,0.573347311221847,-0.424427769825514,0.671253871938605,0.929220651697707
"AAD021_011047",15.980381911976,0.23970164023901,0.567136322692499,0.422652598057938,0.672548744891689,0.929574766908461
"AAD021_005168",33.896159870898,-0.37465417448057,0.887333024604696,-0.422224986664367,0.67286080511688,0.929574766908461
"AAD021_007408",51.2578671658546,0.159687963546986,0.37812923314194,0.422310547693209,0.672798360282163,0.929574766908461
"AAD021_012378",12.7089044538932,-0.236214414137651,0.569775511892461,-0.414574528401694,0.678453397909947,0.929836266808947
"AAD021_010416",20.4132717270982,0.255674774346541,0.611480303227228,0.418124300974469,0.67585623844789,0.929836266808947
"AAD021_010452",9.81723518307544,-0.247991222492912,0.607358488696749,-0.408311116265197,0.683045279156729,0.929836266808947
"AAD021_009719",6.77078098937898,0.259965999255614,0.620757760120142,0.418788158532726,0.675370959716448,0.929836266808947
"AAD021_008123",4.80756967566235,-0.312264913194471,0.761505954213704,-0.410062339587221,0.681760218094209,0.929836266808947
"AAD021_008288",40.4032526661912,0.234664058665877,0.565479684640676,0.41498229740117,0.678154862392545,0.929836266808947
"AAD021_008862",10.426277816312,0.400347947488153,0.98580299145204,0.406113544957355,0.684659173875929,0.929836266808947
"AAD021_009283",15.7611238288401,-0.240120434938098,0.590517779184301,-0.406626935551007,0.684282010972502,0.929836266808947
"AAD021_009427",7.28050768106892,-0.257583606275163,0.623407867277442,-0.413186325992462,0.679470105705967,0.929836266808947
"AAD021_004877",6.57543490493869,-0.382080996765278,0.943656535270236,-0.404894135190683,0.68555532954553,0.929836266808947
"AAD021_004953",7.80364789014097,0.251126525217077,0.609480754959706,0.412033559999247,0.680314825243349,0.929836266808947
"AAD021_005937",30.3815095521185,-0.198031491450778,0.482888563146963,-0.410097704862206,0.681734276276732,0.929836266808947
"AAD021_006296",13.0317073469775,-0.244409328488434,0.585854035645625,-0.417184680172236,0.676543329879942,0.929836266808947
"AAD021_003625",4.27998028890694,0.292217337879948,0.718421097917308,0.406749382398543,0.684192066900437,0.929836266808947
"AAD021_003757",5.5982084407325,-0.268987816935335,0.648394037771112,-0.414852391086129,0.678249963820299,0.929836266808947
"AAD021_004143",5.34396660841999,-0.338997701784971,0.834497495523417,-0.406229741375489,0.684573803174787,0.929836266808947
"AAD021_002701",6.92185447576463,0.248498700897834,0.613961928396946,0.404746107868063,0.685664146358148,0.929836266808947
"AAD021_002840",7.41725135861949,-0.330909416393846,0.79982342611007,-0.413728087464528,0.679073254655538,0.929836266808947
"AAD021_002958",7.47001198734605,-0.303577063810258,0.735529298831636,-0.412732795678541,0.679802394001614,0.929836266808947
"AAD021_003289",8.6448160876207,-0.306563101371131,0.755592521349579,-0.405725430981731,0.68494435439353,0.929836266808947
"AAD021_000082",9.96489528886131,-0.415376859898343,0.988879015041334,-0.42004820972056,0.674450235630307,0.929836266808947
"AAD021_000256",7.84228105728598,0.265096329881509,0.649549989610258,0.40812306076792,0.683183330430884,0.929836266808947
"AAD021_000386",4.072538102569,-0.299423378986328,0.725669137680695,-0.412616939922942,0.679887288076772,0.929836266808947
"AAD021_000720",5.86825935222755,0.27918801673758,0.680499279526165,0.410269378877198,0.681608351994182,0.929836266808947
"AAD021_000775",4.90390817224627,-0.323875135330635,0.786611224249722,-0.411734698598473,0.680533889325514,0.929836266808947
"AAD021_000821",4.15204004154355,0.307480996328933,0.757846338970853,0.405730001607567,0.684940995702588,0.929836266808947
"AAD021_000955",6.14746551475274,-0.271059384559321,0.666223083775342,-0.4068597909026,0.684110969506922,0.929836266808947
"AAD021_000982",4.34616764291252,-0.287389943767296,0.709965169165107,-0.40479442689457,0.685628625695654,0.929836266808947
"AAD021_010384",5.879012690372,0.269395092644947,0.669124237959379,0.402608480401963,0.687236270029727,0.93021355200956
"AAD021_006838",10.265170051547,-0.224415414876195,0.55612140556676,-0.403536732500858,0.686553417986424,0.93021355200956
"AAD021_002623",6.5145999695741,-0.260232021756928,0.646491867077055,-0.402529459393665,0.687294412216366,0.93021355200956
"AAD021_010291",16.9328558390369,-0.281633768251636,0.703318674736534,-0.400435504370955,0.688835778215323,0.931078615740947
"AAD021_002293",4.00236822177178,0.303514463104831,0.757287319893012,0.400791687820299,0.688573499189401,0.931078615740947
"AAD021_006261",4.19426895424846,-0.331667181987205,0.830509720354453,-0.39935376294651,0.689632557891366,0.931545549402997
"AAD021_010939",12.6410479826064,0.349010604767103,0.876508331735901,0.398182871891128,0.690495390611985,0.932101037425204
"AAD021_010068",4.17983468513357,0.277063082085807,0.705779944084014,0.392562985684425,0.694642282356847,0.934464344203072
"AAD021_008033",6.36418985200056,0.272227283848548,0.693047654156969,0.392797352701076,0.694469160084463,0.934464344203072
"AAD021_008437",7.35221987247473,-0.223553387125505,0.566879690872552,-0.394357728323989,0.693316948171456,0.934464344203072
"AAD021_007103",6.89846685531922,0.241298873842999,0.614288073933704,0.392810611311072,0.694459366688123,0.934464344203072
"AAD021_002856",19.8540401610458,0.219465335094122,0.560551616512087,0.391516728574788,0.695415325918565,0.934464344203072
"AAD021_001071",5.61787670594926,0.293205927205174,0.747569647791063,0.39221218795004,0.694901439455397,0.934464344203072
"AAD021_001145",36.9435368283734,0.203456161807351,0.519339939047647,0.391759128289736,0.695236196851687,0.934464344203072
"AAD021_008472",8.45059346410045,0.244674303455614,0.627412157367996,0.389973800447264,0.696555920426926,0.935388041484174
"AAD021_007961",3.94503410605266,-0.269759746199371,0.697380152773164,-0.386818789044482,0.698890366334931,0.935872366900574
"AAD021_004340",4.65956366063917,-0.284664764260012,0.736602018332697,-0.386456671547483,0.699158485898025,0.935872366900574
"AAD021_002301",6.08952876855625,0.276628978305597,0.715237115672431,0.386765412817712,0.698929884879237,0.935872366900574
"AAD021_003249",4.5869859648403,-0.302107180237575,0.777206795210089,-0.388708876581441,0.697491515216936,0.935872366900574
"AAD021_001770",4.64206177625587,0.255889756782771,0.662201842048765,0.386422598872697,0.699183715969324,0.935872366900574
"AAD021_011688",6.75330159957105,0.28805684222759,0.748736891337509,0.384723720121521,0.700442119262407,0.936186954149176
"AAD021_008352",6.05810527527205,0.297837746584778,0.774432758274909,0.384588259474234,0.700542493914247,0.936186954149176
"AAD021_008379",5.58013159892334,0.254592629245616,0.664655177693603,0.383044679090697,0.701686636661228,0.936186954149176
"AAD021_008907",4.2783757119741,-0.333283787306203,0.869948125943076,-0.383107655924775,0.701639943303681,0.936186954149176
"AAD021_003598",5.32858623579705,0.295517649097012,0.769214744169907,0.384180947306097,0.700844338651204,0.936186954149176
"AAD021_009815",29.7823709237519,0.191072808173399,0.502788660080527,0.3800260891779,0.7039260490485,0.936669633858212
"AAD021_008031",4.16173846794453,-0.286770372459666,0.752163246398262,-0.381260815165947,0.703009726686253,0.936669633858212
"AAD021_006923",66.4720914640078,0.265160034544965,0.695005443015029,0.381522241602403,0.70281577058987,0.936669633858212
"AAD021_000153",11.9657985790011,0.241844339147969,0.637272958934258,0.379498825044165,0.704317476622066,0.936669633858212
"AAD021_000996",10.6132187617991,0.196568471962541,0.517827821213535,0.379601991066994,0.704240882606071,0.936669633858212
"AAD021_009743",5.19382948444494,0.33872366454912,0.898981036810362,0.37678621759468,0.7063324839502,0.937142622212817
"AAD021_004374",6.75823704217657,-0.256579760396936,0.679494778269618,-0.377603726477979,0.705724995982272,0.937142622212817
"AAD021_004392",3.91791910331585,-0.299962773484645,0.796554722107339,-0.376575224726649,0.706489302404623,0.937142622212817
"rRNA_JBQVBD010000012.1_2296000",2665.50109304662,-0.381091661614056,1.00711241194832,-0.378400322638077,0.70513322854824,0.937142622212817
"AAD021_010904",4.46780650335895,-0.26497656635095,0.713588729291689,-0.371329528444159,0.710392107133299,0.938349118975464
"AAD021_009596",8.65934380548318,0.26331744625271,0.709260235137932,0.371256463012482,0.710446521856638,0.938349118975464
"AAD021_005109",4.17631556571642,-0.260819431591938,0.697393721012371,-0.37399165454676,0.70841052511449,0.938349118975464
"AAD021_005158",4.23220636328493,0.246461743110405,0.664247570980906,0.37103898286967,0.710608496674601,0.938349118975464
"AAD021_002927",10.9907638259963,0.18319094183277,0.491241923772737,0.372913900397312,0.709212526055286,0.938349118975464
"AAD021_000200",4.66797482353264,0.366788264801753,0.985926256683257,0.372024035586252,0.709874953878864,0.938349118975464
"AAD021_000327",16.0054384201796,0.231980436104858,0.626186762668538,0.370465250840273,0.711035863409702,0.938349118975464
"AAD021_000920",5.6439901610608,0.263562269667439,0.704242389475295,0.374249368692233,0.708218797330601,0.938349118975464
"AAD021_000506",11.5178309727217,0.236939092003729,0.640647967454953,0.369842884142748,0.711499560298321,0.938361081441363
"AAD021_012360",4.31148929595102,-0.310188123199281,0.850870379510444,-0.364553909348391,0.715444425301847,0.938735533009846
"AAD021_009732",22.1375502884892,0.173547523668693,0.479922949199867,0.361615388382725,0.717639463581257,0.938735533009846
"AAD021_007956",4.34440272426621,-0.27968735085125,0.766108631347853,-0.365075316223996,0.715055185942162,0.938735533009846
"AAD021_008292",5.91622825029449,0.26111733157471,0.717477182278062,0.363938168382771,0.715904181989645,0.938735533009846
"AAD021_008349",14.8881124833266,-0.196025172465796,0.534576828097024,-0.366692236106832,0.713848598454873,0.938735533009846
"AAD021_007384",4.54789154238822,-0.246833872685635,0.679669819386857,-0.363167328671895,0.716479891827267,0.938735533009846
"AAD021_003991",127.025473066667,-0.164638355178968,0.449538895233934,-0.366238287553054,0.714187274529945,0.938735533009846
"AAD021_004279",9.12552424914678,-0.282982135670614,0.780181552737593,-0.36271318474226,0.716819149528207,0.938735533009846
"AAD021_004575",10.1081851601705,-0.215365965893222,0.595438132216526,-0.361693271291711,0.717581255846125,0.938735533009846
"AAD021_002383",28.1463581587941,0.228569054029791,0.62457256644455,0.365960764704967,0.714394352932593,0.938735533009846
"AAD021_000455",8.47783064755526,-0.265798413496698,0.720723725308005,-0.368793761275317,0.712281455192971,0.938735533009846
"AAD021_001241",48.3687390634293,-0.385295485931365,1.05678574723757,-0.36459186447066,0.715416088640471,0.938735533009846
"AAD021_001246",15.1199672465715,0.197204842227506,0.545458391599299,0.361539661438329,0.717696061574388,0.938735533009846
"AAD021_008255",11.2105057694759,0.197752491805863,0.553145022459116,0.357505687978019,0.720713268790497,0.939704476805802
"AAD021_005869",23.008577589455,0.194247473905023,0.541076306103728,0.359001996047087,0.719593596051534,0.939704476805802
"AAD021_002395",6.38657796909154,0.205299673610403,0.571387494137509,0.359300257210383,0.719370481936351,0.939704476805802
"AAD021_001212",7.15284282700264,0.218626801204125,0.611160448132922,0.357724067177489,0.720549820374168,0.939704476805802
"AAD021_001633",4.25158206576342,0.281101369947025,0.783739067601103,0.358667038007216,0.719844189727818,0.939704476805802
"AAD021_009111",10.2048854474447,-0.198374836288429,0.556654877654221,-0.356369528502819,0.721563846132551,0.940001222458536
"AAD021_001359",8.79261662969281,-0.278706556656988,0.782916325574848,-0.355985113035357,0.721851713951928,0.940001222458536
"AAD021_007328",47.8215427666866,-0.159467987318192,0.449954733481073,-0.3544089559509,0.723032423712418,0.940352188117474
"AAD021_000705",11.0438128939418,0.214567421577896,0.604672001602996,0.354849275324596,0.722702511020872,0.940352188117474
"AAD021_003841",5.04514379260432,-0.257292138960422,0.728205010761894,-0.35332376893593,0.723845728163762,0.940817117714109
"AAD021_009285",30.9878634785514,0.221091298152692,0.627580331802163,0.352291630169169,0.7246195644796,0.941230195774634
"AAD021_011074",12.5186583210758,0.197070903812043,0.565976731910147,0.348196123093147,0.727692899154362,0.942681871124346
"AAD021_010351",11.1429663340217,0.200831796331719,0.576464402439583,0.348385425850762,0.727550746282662,0.942681871124346
"AAD021_010379",14.4487656571116,0.17714918582345,0.510534696944985,0.346987554192697,0.728600668900068,0.942681871124346
"AAD021_005416",6.44290002586436,-0.208425083944885,0.603556606035923,-0.345328146292347,0.729847688980962,0.942681871124346
"AAD021_007124",4.67406893190724,-0.266392694490079,0.767771403332213,-0.346968763532876,0.728614785785854,0.942681871124346
"AAD021_007143",45.371190163575,0.603110555419994,1.74601276960519,0.345421617710374,0.729777427590106,0.942681871124346
"AAD021_003573",16.5475635050815,-0.206923297568718,0.592972720521908,-0.348959219214322,0.727119925675505,0.942681871124346
"AAD021_004580",8.61733275124512,-0.231262255231738,0.669466315106188,-0.345442705649883,0.729761576341906,0.942681871124346
"AAD021_000778",39.2445891284965,0.18992641123501,0.546822491582246,0.347327357888028,0.728345399980075,0.942681871124346
"AAD021_012615",6.45956255517006,-0.212412218649321,0.663339614258023,-0.320216393056692,0.748804297085751,0.943973576589142
"AAD021_011817",4.66698391072956,-0.328867388238781,0.981699010400532,-0.334998186566984,0.737626454174307,0.943973576589142
"AAD021_011975",4.20741125624332,-0.250031837544829,0.745160345373253,-0.335540986711508,0.73721703193936,0.943973576589142
"AAD021_011098",78.6242547395361,-0.141983655906496,0.439481190375223,-0.32307106428212,0.746641423550767,0.943973576589142
"AAD021_010229",7.80964075489759,-0.186660649172313,0.608556070862366,-0.306727117039194,0.759051087649074,0.943973576589142
"AAD021_010273",7.38121127609272,-0.228749569157053,0.677355278576743,-0.337709878983598,0.735581829363852,0.943973576589142
"AAD021_010618",16.2172752728553,0.211542421193592,0.67689019040997,0.312521032496376,0.754644581334013,0.943973576589142
"AAD021_010664",15.3845517664125,-0.18286104687581,0.613624672046137,-0.298001457904321,0.765702050904517,0.943973576589142
"AAD021_009663",11.4756639246879,-0.202922365841045,0.666275420404381,-0.304562287046228,0.760699546730574,0.943973576589142
"AAD021_009708",5.81839187489063,-0.22828905492448,0.735579808858663,-0.310352530310337,0.756292888379926,0.943973576589142
"AAD021_007719",16.0904281272778,0.177725395329247,0.539996743290444,0.329123087384354,0.742062654273355,0.943973576589142
"AAD021_007872",4.30935508142856,-0.202993120857847,0.67564319402834,-0.30044426207797,0.763838305927636,0.943973576589142
"AAD021_007873",3.93500237928783,-0.237002611719033,0.781810788715306,-0.303145742089953,0.761778796042324,0.943973576589142
"AAD021_007915",4.90548430537937,-0.246030653838413,0.787304020225059,-0.312497647056448,0.754662350970883,0.943973576589142
"AAD021_007916",10.2342140389114,-0.200382526325359,0.601363538159064,-0.333213628047327,0.738973031700298,0.943973576589142
"AAD021_008024",86.3564188714462,0.120307222508746,0.365487661834111,0.329169039263907,0.742027923197844,0.943973576589142
"AAD021_008126",7.13102189544371,0.253276363415363,0.772518372964574,0.327858044907597,0.74301899718307,0.943973576589142
"AAD021_008133",6.18178376706409,0.201040014502899,0.633860113744466,0.31716779482349,0.751116285323618,0.943973576589142
"AAD021_008137",6.38693765433492,-0.223131864406917,0.748219789548354,-0.29821700458044,0.765537544160024,0.943973576589142
"AAD021_008243",3.99808320462674,0.250100703270947,0.808438599111006,0.309362644913254,0.757045682610325,0.943973576589142
"AAD021_008311",86.4468133323769,-0.146449771749383,0.465038973898604,-0.31491935078395,0.752822888804548,0.943973576589142
"AAD021_008515",4.23332504701307,-0.250701402741738,0.748663142654328,-0.334865426729698,0.737726603341891,0.943973576589142
"AAD021_008538",17.1077710125664,-0.213850872039941,0.703491116509721,-0.303985177667821,0.761139183646496,0.943973576589142
"AAD021_008785",7.34945381708525,-0.2202351969009,0.692034811464078,-0.318242945661892,0.750300658849039,0.943973576589142
"AAD021_008835",4.24065842794971,-0.275495906826379,0.894432085689401,-0.308012102018942,0.758073123653541,0.943973576589142
"AAD021_008838",6.06481600067547,-0.264593525202492,0.833986179519213,-0.317263680982133,0.751043533252461,0.943973576589142
"AAD021_009108",4.89068395653172,-0.227327233584984,0.671931769413428,-0.338318924529246,0.735122863967374,0.943973576589142
"AAD021_009115",8.57878693065127,-0.196257160725018,0.591224153461309,-0.331950512468131,0.739926627413867,0.943973576589142
"AAD021_009129",6.0474126325965,0.213960600260266,0.711179173451429,0.300853298644689,0.763526363590556,0.943973576589142
"AAD021_009198",7.09515213312572,0.452154778451042,1.46137943202024,0.309402724948698,0.757015197811337,0.943973576589142
"AAD021_009288",17.2173122166869,0.181155311196448,0.528779881560858,0.342591156572962,0.731906055929808,0.943973576589142
"AAD021_009305",61.0895101740976,-0.639187461210268,2.10883153711822,-0.303100295096941,0.761813429268769,0.943973576589142
"AAD021_006726",4.99984959118633,0.234541156900419,0.691621260540123,0.339117910743886,0.73452090623374,0.943973576589142
"AAD021_006892",8.36105493850441,0.202408400634174,0.631751476395266,0.320392445759057,0.748670851395413,0.943973576589142
"AAD021_007308",8.65508084442861,-0.201462383656344,0.592914991256237,-0.339782914291804,0.734020015632907,0.943973576589142
"AAD021_007418",7.22612055302902,0.229653631951484,0.769312984306928,0.298517816072451,0.765307980383483,0.943973576589142
"AAD021_006205",24.1261268368637,-0.19128136963554,0.622845361221191,-0.307108925497175,0.75876046422031,0.943973576589142
"AAD021_006365",4.29683621393515,-0.238944047383977,0.70026299773681,-0.34122043882973,0.732937637669377,0.943973576589142
"AAD021_006471",6.52174596702183,-0.219283061006303,0.643104349655146,-0.340975863596459,0.733121752130384,0.943973576589142
"AAD021_006542",26.6526568168709,-0.177563950376092,0.544830628989884,-0.325906696371486,0.744494949107428,0.943973576589142
"AAD021_006557",7.87528113518131,-0.303133329093654,0.901978794481661,-0.336075893300635,0.736813636582887,0.943973576589142
"AAD021_006560",15.555236115112,0.221004328643063,0.714322902256232,0.309389952282095,0.757024912636307,0.943973576589142
"AAD021_003620",7.34186268245058,-0.201717361624155,0.66776082550179,-0.302080256763451,0.762590882630897,0.943973576589142
"AAD021_003678",39.1057889380599,0.194093488355057,0.628957960354734,0.308595328447052,0.757629374896623,0.943973576589142
"AAD021_003747",10.4515050623755,-0.17355442693435,0.58393081840671,-0.29721744676519,0.766300502807566,0.943973576589142
"AAD021_003754",6.75457683107618,-0.347625136911413,1.17554182699373,-0.295714817566646,0.767447880246894,0.943973576589142
"AAD021_003779",6.25053119302651,0.23696424046568,0.79489673116923,0.298106950467798,0.765621536914796,0.943973576589142
"AAD021_003783",5.92143216527727,0.218763254421541,0.738109544045124,0.29638318077102,0.766937468436976,0.943973576589142
"AAD021_003804",13.0298795742742,-0.190046709617438,0.623777010970624,-0.304670910076852,0.760616807284666,0.943973576589142
"AAD021_003867",8.1969706948509,-0.213446194714964,0.632687159900886,-0.33736451163068,0.735842133735225,0.943973576589142
"AAD021_003972",8.08727445621872,-0.248764809887154,0.82479328493602,-0.301608675083297,0.762950394042587,0.943973576589142
"AAD021_004129",8.38624711182271,0.190915253274877,0.597145132634402,0.319713320667328,0.749185660955491,0.943973576589142
"AAD021_004186",4.17608609305746,-0.228066722557846,0.755958843107939,-0.301691983151101,0.762886880218559,0.943973576589142
"AAD021_004213",10.8996095250258,-0.217864711827526,0.649340386482496,-0.335516958998513,0.737235153939432,0.943973576589142
"AAD021_004227",9.42500018770905,-0.349751714762363,1.08008862264179,-0.323817608509664,0.746076124226145,0.943973576589142
"AAD021_004262",4.6908042296842,-0.250487033305888,0.730790602171208,-0.342761705694739,0.73177773704703,0.943973576589142
"AAD021_002171",11.8888333408053,-0.171649962846118,0.56848315142902,-0.301943799767213,0.762694905683389,0.943973576589142
"AAD021_002253",14.7835194278542,-0.161396517372454,0.544924453270032,-0.296181454885959,0.767091510670899,0.943973576589142
"AAD021_002565",4.5497580372444,0.23535283797151,0.780294192327776,0.301620645502185,0.762941267732508,0.943973576589142
"AAD021_002607",4.25772211952868,-0.272031055266113,0.89279195429824,-0.304697028189437,0.760596913218011,0.943973576589142
"AAD021_002741",7.67247648009787,0.218541788634561,0.663057389881309,0.329597093659843,0.741704418925938,0.943973576589142
"AAD021_002826",7.59458557832291,-0.215337619601479,0.677721867487695,-0.317737452385493,0.750684099361727,0.943973576589142
"AAD021_002953",10.0355411870552,-0.236450661318585,0.800985310977778,-0.295199747208779,0.767841295092911,0.943973576589142
"AAD021_003070",33.1297022246925,0.148287222340823,0.447415724296902,0.331430511464144,0.740319321177918,0.943973576589142
"AAD021_003254",13.7834668376183,-0.192173478186791,0.645984700079512,-0.297489210136303,0.766093044400418,0.943973576589142
"AAD021_003306",47.762290840349,-0.506349474816281,1.62402784033272,-0.311786203561968,0.755203009737638,0.943973576589142
"AAD021_003438",5.90211721019513,-0.224256342402355,0.71991000635305,-0.31150607773658,0.755415923213065,0.943973576589142
"AAD021_000346",17.0236888759839,-0.17068167646376,0.549155489432842,-0.31080755769197,0.755946923850308,0.943973576589142
"AAD021_000427",16.850074962014,-0.176367283135202,0.543536349597927,-0.324481119368865,0.74557381423264,0.943973576589142
"AAD021_000633",9.70395604995655,-0.225761268611818,0.694197397583279,-0.325211920122092,0.745020687663873,0.943973576589142
"AAD021_000649",25.291591601714,0.152932780168084,0.470260468374743,0.325208667223575,0.745023149418183,0.943973576589142
"AAD021_000724",45.1189420588887,0.149021185757357,0.505957371863791,0.294533085284258,0.768350585595813,0.943973576589142
"AAD021_000933",4.37103339925871,-0.205597751500038,0.687594478146431,-0.299010184104843,0.764932275051558,0.943973576589142
"AAD021_000969",193.291670250391,-0.178008876193763,0.550742840466527,-0.323215960543353,0.746531694316092,0.943973576589142
"AAD021_000983",4.97155340889671,0.217940313169911,0.739502425509632,0.294712100531267,0.768213818644636,0.943973576589142
"AAD021_001172",4.02970042421271,0.263388303599374,0.818701259905032,0.321714789629036,0.747668772547254,0.943973576589142
"AAD021_001181",8.69673844486806,0.230617730139575,0.738716205710985,0.312187181432706,0.754898273370205,0.943973576589142
"AAD021_001298",6.29541348264521,0.195840542643854,0.639137251096156,0.3064139076669,0.759289520516428,0.943973576589142
"AAD021_001300",9.28023490170101,0.177469396517176,0.585656244367588,0.303026559050546,0.761869621398271,0.943973576589142
"AAD021_001305",6.29204443728901,0.201678166985837,0.643497395148507,0.313409453567863,0.753969602855807,0.943973576589142
"AAD021_001505",4.64857329781363,0.216110009153197,0.691335737320149,0.312597769053445,0.754586273283206,0.943973576589142
"AAD021_012694",11.8178985608865,-0.221957807369389,0.677510792977386,-0.327607780820692,0.743208238104882,0.943973576589142
"AAD021_008320",6.11361723201061,-0.202964452544145,0.698148461759376,-0.290718183397071,0.771266863633818,0.945305704596319
"AAD021_003809",5.40772897246489,-0.237202849038255,0.814625070013374,-0.291180394232602,0.770913356369146,0.945305704596319
"AAD021_003839",6.38735557963091,-0.239010773320219,0.819820865375667,-0.291540241795013,0.770638171333309,0.945305704596319
"AAD021_004185",6.88806590310465,-0.187603257711526,0.644418915929408,-0.291120035545444,0.770959517093156,0.945305704596319
"AAD021_003519",8.07344086631749,0.195196706406707,0.673038716309615,0.2900229981969,0.771798643370093,0.945396083036125
"AAD021_012236",11.1921025195443,-0.190866974348395,0.669179984692829,-0.285225169183755,0.775471638671027,0.94625494954918
"AAD021_010737",3.954443727829,-0.250474460946177,0.874356980416112,-0.286467045561842,0.774520430141192,0.94625494954918
"AAD021_008641",4.01839420806584,0.24006091454353,0.83966433882949,0.285901048123801,0.774953910953308,0.94625494954918
"AAD021_002154",9.3196902034215,0.174015269502124,0.606501664151583,0.286916392464559,0.774176338586256,0.94625494954918
"AAD021_002483",5.5180535962339,0.205602935095463,0.720630742956075,0.285309691690457,0.775406888409213,0.94625494954918
"AAD021_002905",3.91218262640715,0.235763521545285,0.821344289860366,0.287045912969537,0.774077165292299,0.94625494954918
"AAD021_000258",19.1950029820999,0.134163364954045,0.470888519214412,0.284915345096694,0.775708999339735,0.94625494954918
"AAD021_002257",12.9314702188758,0.14799101271751,0.522171068533524,0.283414807207015,0.77685887901053,0.947097889118567
"AAD021_007900",4.3584499442328,-0.211549610518446,0.749103776291467,-0.282403609771866,0.777634047401935,0.947483278534588
"AAD021_008003",4.09360212957198,0.196147628510983,0.700138619771261,0.280155419186939,0.779358267927282,0.949023873157469
"AAD021_001064",8.70946872050565,0.192622019301676,0.689433031514187,0.279391921327912,0.779944070187178,0.949177217491943
"AAD021_001329",4.4771343530662,0.201042973089344,0.725273309378808,0.27719615555898,0.781629491435334,0.950667808086347
"AAD021_001269",4.83157916795597,0.193602976199186,0.700837556502807,0.276245150395861,0.782359780872144,0.950995634699709
"AAD021_003990",9.70108289462696,-0.177922998713208,0.646432443444036,-0.275238349370705,0.783133125772711,0.951375380573794
"AAD021_011733",5.90424560233722,0.188446081804976,0.688292858792876,0.273787646345004,0.784247817799411,0.951390194725049
"AAD021_010437",5.96953264198692,-0.173102641581757,0.64153341502144,-0.269826383986517,0.78729382392945,0.951390194725049
"AAD021_008846",9.74160079308666,0.216977414702592,0.791307095741726,0.274201275168915,0.783929948220459,0.951390194725049
"AAD021_008951",8.38024214906616,0.161284726970998,0.597269638775534,0.270036707878956,0.787132013443054,0.951390194725049
"AAD021_003712",10.1916547793673,0.192665961272041,0.708581835976159,0.271903612949124,0.785696133135369,0.951390194725049
"AAD021_004146",10.7823365901899,0.146410900779046,0.538261994914934,0.272006759091703,0.78561682222696,0.951390194725049
"AAD021_002574",7.35998436624749,0.180316569241588,0.666698536011733,0.270461924695774,0.786804905410881,0.951390194725049
"AAD021_000620",57.312872958495,0.131893109639764,0.488620730303867,0.269929418585538,0.787214554190727,0.951390194725049
"AAD021_001193",37.6879560279786,0.163428558107475,0.605453201771581,0.269927646974657,0.787215917162136,0.951390194725049
"AAD021_005875",37.9978986897491,-0.142102298718861,0.529502757935416,-0.268369326862304,0.78841504739672,0.951630794050778
"AAD021_006028",16.1461584822913,0.131894514998764,0.490529734713585,0.268881793834121,0.788020647620606,0.951630794050778
"AAD021_011062",4.66374277905166,-0.201547002855297,0.755507751236311,-0.266770264799383,0.789646050043498,0.952392624478914
"AAD021_007262",7.87819575063325,-0.169427852213852,0.640075456298786,-0.264699810852867,0.791240723215264,0.952392624478914
"AAD021_004164",4.04346071209023,-0.293625305058016,1.10888338374081,-0.264793673855473,0.791168410532793,0.952392624478914
"AAD021_004343",7.23646054498816,0.163957579096783,0.617292958104868,0.265607402359074,0.790541584065462,0.952392624478914
"AAD021_002224",123.071997690841,-0.136349594452681,0.515394966691881,-0.264553601149533,0.791353367723516,0.952392624478914
"AAD021_008531",5.62149944109724,0.193269373754044,0.732248286129728,0.263939673762246,0.791826404032843,0.952406583871671
"AAD021_008511",4.16259537360561,-0.183385114263578,0.701574616034031,-0.261390748856117,0.793791190465094,0.952615978586723
"AAD021_009168",5.99943542221025,-0.183091325892655,0.69825253359561,-0.262213621982633,0.793156751900242,0.952615978586723
"AAD021_005203",17.4378872940057,-0.138434755642347,0.530896267922839,-0.260756693928139,0.794280142538668,0.952615978586723
"AAD021_006513",6.23695481350972,-0.162564958631601,0.623522373713409,-0.260720329349916,0.794308187571585,0.952615978586723
"AAD021_003522",11.4822900996612,0.137820106277994,0.523851273770029,0.263090142524874,0.792481101520393,0.952615978586723
"AAD021_011788",5.12232550658509,0.156772408660905,0.607099600421224,0.258231777046356,0.796228034835445,0.95315443149114
"AAD021_007731",7.17411190071875,-0.156450528754439,0.606592879110203,-0.257916856828146,0.796471075019995,0.95315443149114
"AAD021_007445",6.29585237451181,0.154494077380873,0.599408629461422,0.257744166145369,0.796604357714252,0.95315443149114
"AAD021_002791",7.938790580159,-0.179665376182917,0.6948812026938,-0.2585555278894,0.795978200205074,0.95315443149114
"AAD021_009304",19.0163686673239,0.204198754721343,0.795709501194254,0.256624753650507,0.797468464144083,0.953635521433017
"AAD021_010307",12.1429112173027,0.435178002557044,1.70729683889688,0.254892993791414,0.798805747728791,0.954183056370726
"AAD021_001427",5.28809622269949,0.180058498711455,0.706570349581979,0.254834495698809,0.798850930915027,0.954183056370726
"AAD021_010942",82.088570339727,-0.326525874221163,1.32179920524616,-0.247031374300421,0.80488394318985,0.954210487503648
"AAD021_009665",15.374190175706,-0.367785752965957,1.47618996855951,-0.249145273168906,0.803248410407876,0.954210487503648
"AAD021_008466",6.98510983002946,0.153779131949197,0.613080824083203,0.250830112292546,0.80194545940141,0.954210487503648
"AAD021_009050",53.0463546061335,-0.108916561944586,0.4405872947996,-0.247207677638835,0.80474750377876,0.954210487503648
"AAD021_007074",4.12299666990224,-0.169205854973065,0.683811584121391,-0.247445142641847,0.804563741359163,0.954210487503648
"AAD021_007283",7.6325899796038,-0.16027676553439,0.641387783207632,-0.249890580598265,0.802671967779371,0.954210487503648
"AAD021_003626",6.53806442492087,-0.172791970785472,0.694077306747003,-0.248952053475588,0.803397869672222,0.954210487503648
"AAD021_003785",8.97592818802395,-0.177572480912056,0.717465111609772,-0.24749981293674,0.804521436250939,0.954210487503648
"AAD021_003931",12.4616571796456,-0.128288529020929,0.510473047514021,-0.251313031404279,0.80157210080576,0.954210487503648
"AAD021_004149",7.85993095478423,0.18532493406236,0.737612127870912,0.25124984671455,0.801620948124388,0.954210487503648
"AAD021_004535",13.3551047295032,0.196760825839027,0.77968355644037,0.25235985062624,0.800762930554751,0.954210487503648
"AAD021_003425",12.2001838003298,0.172125634753444,0.693819242089573,0.248084262170438,0.804069212034927,0.954210487503648
"AAD021_001619",5.46513615214781,-0.208632971564122,0.824035556248115,-0.253184428732713,0.80012569867169,0.954210487503648
"AAD021_008875",5.21168660475945,0.167462889415271,0.683190473229605,0.245118888475762,0.806364378086632,0.954787625912495
"AAD021_006363",8.47123209930072,0.151235624214896,0.618702473114971,0.244439986563287,0.806890076032876,0.954787625912495
"AAD021_004717",4.40205598529858,-0.217494799943632,0.886561891484691,-0.245323876463268,0.806205665765502,0.954787625912495
"AAD021_000684",9.106693913878,0.170245696811517,0.697692481216271,0.244012514675135,0.807221127527763,0.954787625912495
"AAD021_012379",4.39308544274255,0.264020539569428,1.08719774283922,0.24284500341211,0.808125471194246,0.954876592083461
"AAD021_005079",32.3549217978652,0.129974376383671,0.540414986336231,0.240508460479304,0.809936105211305,0.954876592083461
"AAD021_003616",12.656655045678,0.142867343564495,0.592216549057253,0.241241727864452,0.809367771572778,0.954876592083461
"AAD021_002334",8.01029453428217,-0.138545857273636,0.576474650179186,-0.240332956931534,0.810072147644447,0.954876592083461
"AAD021_000726",11.6943651275172,0.129487395999606,0.535399186669514,0.241852059591444,0.808894798335587,0.954876592083461
"AAD021_000853",17.3146223751505,-0.134080854101003,0.55652032505522,-0.240927146888479,0.809611581591146,0.954876592083461
"AAD021_008337",7.7414518089949,-0.13985027544929,0.58779186404609,-0.237924823400284,0.811939401986403,0.956531350285351
"AAD021_009599",6.53423841152876,-0.158380563612249,0.678798685237111,-0.233324794312065,0.815509206786148,0.959641392706163
"AAD021_002938",17.1394301188945,0.148255456420277,0.634757111308652,0.23356249781058,0.815324644911789,0.959641392706163
"AAD021_002888",13.5587464495378,0.195838870553779,0.843523647460704,0.232167611593725,0.816407832701618,0.960126809584434
"AAD021_000554",9.96277059857909,-0.137117819039513,0.592056925046244,-0.2315956679821,0.816852072495284,0.960126809584434
"AAD021_010621",7.66898454669317,-0.133438509688667,0.589162024578233,-0.226488646793202,0.82082138838289,0.963234937094207
"AAD021_003865",4.69129099545578,-0.163543278371991,0.718834618384,-0.227511689322434,0.8200258807793,0.963234937094207
"AAD021_002193",14.1931634405785,0.128001189146161,0.565933097673468,0.226177245459524,0.821063567567515,0.963234937094207
"AAD021_002399",5.18749010231177,0.162933579097203,0.721608868628843,0.225792096217995,0.821363124653975,0.963234937094207
"AAD021_007853",4.31285638304879,0.158700207438306,0.705651103404228,0.224898971563565,0.822057869376761,0.963502238724381
"AAD021_007183",8.01024390550534,-0.129530072790099,0.580620687235125,-0.223088972952226,0.823466260416068,0.964605199488516
"AAD021_012142",6.1027029277726,-0.187702068683868,0.845182520175333,-0.22208465532975,0.82424798287818,0.964845558468764
"AAD021_001091",6.27422245370927,-0.165838826947005,0.748288164456526,-0.221624281692939,0.824606378458769,0.964845558468764
"AAD021_000607",4.73069712284103,-0.15448075512466,0.700315049321952,-0.220587513111748,0.825413624670911,0.965154692859691
"AAD021_001260",4.56535743139871,0.155108176602384,0.704768371071768,0.220083906953011,0.825805807940995,0.965154692859691
"AAD021_010354",5.01173378472949,0.154204204834243,0.705131874686601,0.218688461506268,0.826892737825272,0.965878104624426
"AAD021_000828",25.7964022658788,0.130113459636481,0.598706153173311,0.217324406884485,0.827955537655063,0.966572528122201
"AAD021_011641",16.3680753516245,-0.149454841748273,0.720157991104843,-0.207530630214885,0.835595473883247,0.966742745568959
"AAD021_009507",4.82087427598604,0.158931953975819,0.756749283024947,0.210019299047792,0.833652610472348,0.966742745568959
"AAD021_009786",37.4109800152137,0.107700737598567,0.50655737401493,0.212613107859708,0.831628746605221,0.966742745568959
"AAD021_008405",6.97863834892205,-0.146567469895125,0.703782713769125,-0.20825670626404,0.83502853387196,0.966742745568959
"AAD021_005202",4.86606133064904,-0.142135042583372,0.665695364040271,-0.213513643418994,0.830926348555098,0.966742745568959
"AAD021_006721",4.91834252329454,-0.161272595915322,0.766650711273468,-0.210359937770664,0.8333867580752,0.966742745568959
"AAD021_002073",5.18292410690117,-0.147166792515537,0.706450029182442,-0.20831875778369,0.834980086322436,0.966742745568959
"AAD021_002400",21.775603033426,0.14412327973673,0.689716241949033,0.208960252015322,0.834479267901831,0.966742745568959
"AAD021_002408",4.16557998702382,-0.146076954607544,0.695819037283984,-0.209935265895759,0.83371819729526,0.966742745568959
"AAD021_002454",8.65024864065239,0.138509558089301,0.658807576650479,0.210242812921966,0.833478166327427,0.966742745568959
"AAD021_000613",6.82404220729287,0.14311254596377,0.666863677055571,0.21460539970577,0.830074983667833,0.966742745568959
"AAD021_000614",5.51011108175841,-0.141768350564635,0.662323529546658,-0.214046978916287,0.830510422163097,0.966742745568959
"AAD021_000798",6.30646769369977,-0.156772978468301,0.736774111062039,-0.212782963074417,0.831496252942594,0.966742745568959
"AAD021_001192",9.06319371858067,-0.155581648071359,0.734121524253628,-0.211929010295041,0.83216241767412,0.966742745568959
"AAD021_001228",6.56403947370683,0.178317894786695,0.85805084234657,0.207817399606574,0.835371546285484,0.966742745568959
"AAD021_001401",5.48082060805465,-0.1568382790612,0.733238694503229,-0.213897984703955,0.830626611839459,0.966742745568959
"AAD021_005160",12.3429806767881,0.119958250507985,0.580582139454087,0.206617190499142,0.836308833876898,0.967026012953456
"AAD021_011908",12.4090605645678,-0.126515646803078,0.61587264366887,-0.205425014576715,0.837240078192821,0.967560762256429
"AAD021_012362",6.73276186585134,-0.128212878941393,0.643068317867837,-0.19937676196908,0.841968036826898,0.967902474677178
"AAD021_011888",4.69827754984947,-0.135447043128419,0.66802835410866,-0.202756428369188,0.839325415611334,0.967902474677178
"AAD021_010634",51.0637247635295,-0.13046074758391,0.655423630583763,-0.199047976753161,0.84222521536832,0.967902474677178
"AAD021_009116",6.22439335759696,-0.133649623347423,0.655878229819557,-0.203772007166929,0.838531668899147,0.967902474677178
"AAD021_006111",7.88559170297872,0.125747193456172,0.623009530375088,0.201838314384156,0.840043127378564,0.967902474677178
"AAD021_003571",5.32439152706932,0.133809780670709,0.65724671121418,0.203591403939493,0.838672811119769,0.967902474677178
"AAD021_004396",9.56892133684875,0.127303648660874,0.636385107152478,0.200041841378875,0.841447857727693,0.967902474677178
"AAD021_004715",6.6576583994966,-0.317370984483019,1.58870757757291,-0.199766772037351,0.841662989556031,0.967902474677178
"AAD021_000074",6.60492824510899,0.209279545725833,1.04874286536652,0.199552771834774,0.84183036736643,0.967902474677178
"AAD021_000672",10.0734326008984,0.115585266194339,0.57412117362112,0.201325558967482,0.840444018534592,0.967902474677178
"AAD021_006780",5.04918696863853,-0.141171122785552,0.715890822326853,-0.197196441667886,0.843673815083369,0.967950391513104
"AAD021_006900",10.3321393227355,0.136722572364419,0.69152968378036,0.197710345009346,0.843271695340681,0.967950391513104
"AAD021_006307",4.35642635919176,0.160489280976558,0.811736585343518,0.197711035666381,0.843271154941951,0.967950391513104
"AAD021_009281",4.45906346729105,0.190166793020347,0.979549915921865,0.194136909134824,0.846068682056271,0.969620077603633
"AAD021_006436",9.45030839048761,0.152548494387213,0.783950079837324,0.194589551440403,0.84571428344235,0.969620077603633
"AAD021_009392",8.99894194601358,0.139057493603294,0.724367788590924,0.191970841047192,0.847765046065836,0.970058593938857
"AAD021_004241",4.57325069493122,0.141585257419927,0.738007568645521,0.191847974784027,0.847861290438807,0.970058593938857
"AAD021_001003",9.27212644392291,-0.115309579390809,0.598127334011533,-0.192784333425206,0.847127873444476,0.970058593938857
"AAD021_006729",4.54878850814527,-0.13645062344292,0.718058611748643,-0.190027138746558,0.849287864339336,0.971152438779163
"AAD021_003890",7.10639813376671,-0.12754369242585,0.67364769936663,-0.189332929579909,0.849831887966544,0.971236443390336
"AAD021_008855",4.45864858819786,0.142176086151047,0.769586294912559,0.184743526607632,0.853430204459639,0.974809043721469
"AAD021_011714",17.178957250679,0.0978377590492768,0.554348100076108,0.176491556543342,0.85990778146799,0.975192121401061
"AAD021_010568",9.01584356963025,-0.160228393146418,0.88056066646833,-0.181961787810768,0.855612714122173,0.975192121401061
"AAD021_007837",11.2440516035139,-0.105068066970635,0.594891733869353,-0.176617123736518,0.85980914274148,0.975192121401061
"AAD021_008416",5.39743625361726,0.140948655776392,0.797604521854358,0.176714965768623,0.859732284902984,0.975192121401061
"AAD021_008606",33.3307389513694,0.176755602975886,0.997531276993098,0.177193043519084,0.859356759674477,0.975192121401061
"AAD021_005966",11.4563799483202,-0.278181892442242,1.52307750257176,-0.182644607364054,0.855076881399351,0.975192121401061
"AAD021_003568",55.5388630892814,-0.0831164094036797,0.460647719416961,-0.180433780305869,0.856812036649858,0.975192121401061
"AAD021_003862",12.6717643361252,0.113630221359586,0.637095196697786,0.178356738441222,0.858442822222033,0.975192121401061
"AAD021_002663",9.13520263658909,0.111250139617488,0.621419690579443,0.179025771638734,0.857917465748978,0.975192121401061
"AAD021_002725",5.6891603256671,-0.112707421219493,0.637145535587316,-0.176894312090879,0.859591406461178,0.975192121401061
"AAD021_000879",4.88388984286771,-0.121616445570061,0.679359441468545,-0.179016347085967,0.857924865916648,0.975192121401061
"AAD021_001420",9.5992728187224,0.122963129971672,0.675650684443361,0.181992163706569,0.855588875662476,0.975192121401061
"rRNA_CM148777.1_1000",487179.210964928,-0.145534000580456,0.804939808158293,-0.180801097306194,0.856523701779593,0.975192121401061
"AAD021_002240",9.74580609619517,0.111435786928603,0.642022112388531,0.173570013833365,0.862203399763019,0.977258548660555
"AAD021_000503",4.14474477461548,0.128946859631434,0.746460080927566,0.172744481488149,0.86285227817262,0.977457245965032
"AAD021_003973",41.6648327142222,-0.115356144370948,0.671077961572822,-0.171896785435459,0.863518673821178,0.977675558292326
"AAD021_012529",5.81878861857163,-0.0924897358971886,0.688158982042776,-0.134401698314881,0.893084938759048,0.978313432164334
"AAD021_012243",27.2623511181105,0.114720585653054,0.68251518120831,0.168085031383412,0.86651638503659,0.978313432164334
"AAD021_011667",5.00949772418396,-0.108498699102289,0.811127723147187,-0.133762779900201,0.893590159971033,0.978313432164334
"AAD021_010874",6.55908380981832,-0.115941816327527,0.820837364728414,-0.141248219573787,0.887673854179663,0.978313432164334
"AAD021_011046",9.9582497640589,-0.129058645559255,0.782281587260649,-0.164977225159019,0.868961908097614,0.978313432164334
"AAD021_011106",18.8184709045245,-0.0676331714536195,0.460977609775305,-0.146716825328211,0.883355537632394,0.978313432164334
"AAD021_011206",5.80796654387225,0.111951602470725,0.691740196574199,0.161840533519895,0.871431432651455,0.978313432164334
"AAD021_010290",6.16629875915663,-0.106559551015458,0.662276639171999,-0.160898852100056,0.872173066417356,0.978313432164334
"AAD021_010524",43.8115241852447,-0.0673604736272508,0.497472676571246,-0.135405373600662,0.892291375743461,0.978313432164334
"AAD021_009558",6.80190392274067,-0.100271340968597,0.594882784012125,-0.168556468036153,0.866145523995029,0.978313432164334
"AAD021_009577",47.0050673454956,-0.0849281560604503,0.516387489867832,-0.16446594413468,0.86936435429843,0.978313432164334
"AAD021_009847",77.1644997623191,-0.0966241080945813,0.582586664742004,-0.165853621344682,0.868272146697719,0.978313432164334
"AAD021_007819",123.980660835289,-0.0728733993474291,0.544722062125555,-0.133780884627787,0.893575843162162,0.978313432164334
"AAD021_007883",4.5285697242396,0.115492655653139,0.710738781942927,0.162496628279408,0.870914783234286,0.978313432164334
"AAD021_008168",8.62574826191545,-0.0867323240467529,0.590995711229108,-0.14675626641414,0.88332440517555,0.978313432164334
"AAD021_008217",3.92483331369935,0.155844116143723,1.0680213777623,0.145918536265861,0.88398569838827,0.978313432164334
"AAD021_008302",5.54701430000654,-0.10971769760195,0.67289171766679,-0.163054017045103,0.870475904259183,0.978313432164334
"AAD021_008773",85.3151620494821,-0.0775072653894664,0.581029537789716,-0.133396428836149,0.893879869544852,0.978313432164334
"AAD021_008980",4.64596774808633,-0.0884407775822656,0.659867138475712,-0.13402815873899,0.893380307863754,0.978313432164334
"AAD021_009251",16.3664809085824,0.0699647626314057,0.513675519790509,0.136204198829524,0.891659855917849,0.978313432164334
"AAD021_005090",4.3045460787072,0.114175027438805,0.810302889482918,0.140904134639905,0.887945675768139,0.978313432164334
"AAD021_005155",20.5942939346156,0.139239759493781,0.81826932171038,0.170163729470801,0.86488137536013,0.978313432164334
"AAD021_005194",17.4345594620459,-0.0655992755901272,0.491978332893801,-0.133337732993797,0.893926287398106,0.978313432164334
"AAD021_005281",5.75277758846331,-0.0930476912625313,0.634792788825766,-0.146579628660638,0.883463833957568,0.978313432164334
"AAD021_005334",7.45539875722707,0.105577528227678,0.67314096830813,0.156843117858412,0.875368490225091,0.978313432164334
"AAD021_005356",6.15237226333796,0.11627031326104,0.792369471670661,0.146737497364571,0.88333922032898,0.978313432164334
"AAD021_007446",6.53766282360445,-0.100234224791128,0.675851311384518,-0.148308101357077,0.882099622106945,0.978313432164334
"AAD021_006151",4.53096138962895,0.1020669407259,0.70840919925191,0.144079072990136,0.885438029623403,0.978313432164334
"AAD021_006305",13.8973028156969,0.113915013146432,0.751797343693568,0.151523564298285,0.879562723816706,0.978313432164334
"AAD021_006394",8.9570928225984,-0.0989688705466581,0.621745603748145,-0.159179043567066,0.873527814149502,0.978313432164334
"AAD021_006423",6.13080380703285,0.096594378904897,0.630550071407624,0.153190655722649,0.878247926350501,0.978313432164334
"AAD021_006501",5.5261067210837,-0.0994479012126184,0.648732089434451,-0.153295794723697,0.878165016805184,0.978313432164334
"AAD021_003613",5.63996535501389,-0.0985642747204552,0.620026617449348,-0.158967811939956,0.873694233657658,0.978313432164334
"AAD021_003780",8.93012982405721,-0.0921666344425991,0.67720276047915,-0.136099023544126,0.891742999445179,0.978313432164334
"AAD021_003871",3.93727399193481,-0.128098737798558,0.775241165304272,-0.16523727522684,0.86875722710703,0.978313432164334
"AAD021_004199",4.09017622226489,-0.129920897695556,0.914820762045211,-0.142017871790643,0.887065889121766,0.978313432164334
"AAD021_004236",5.86332954476033,0.115699424240498,0.733298645018093,0.157779405466709,0.874630627425938,0.978313432164334
"AAD021_004415",6.9868162197024,0.120049027964008,0.786067302250253,0.152721055335017,0.878618255789616,0.978313432164334
"AAD021_004553",4.66310943320789,0.0976894036664249,0.667220547814351,0.146412462845203,0.883595789402486,0.978313432164334
"AAD021_001794",8.58685354159241,-0.0807466100563216,0.60567776234108,-0.133316121338545,0.89394337842148,0.978313432164334
"AAD021_002309",3.9722946260403,-0.103136862899776,0.704739556265338,-0.14634748678836,0.883647080333051,0.978313432164334
"AAD021_002330",7.37424162840569,-0.106322226542127,0.630841539762474,-0.168540306623055,0.866158237068376,0.978313432164334
"AAD021_002336",5.09748051380405,-0.0976178119144153,0.731425950920071,-0.133462330385763,0.89382775370641,0.978313432164334
"AAD021_002352",7.9106508422964,-0.0899001178057411,0.655293826231063,-0.13719054599187,0.890880183459711,0.978313432164334
"AAD021_002363",4.00384077483884,0.117369088544793,0.83040286234063,0.141339937357596,0.887601400827681,0.978313432164334
"AAD021_002422",6.74663081853846,0.100161120830234,0.743495672707809,0.134716481220996,0.892836041851884,0.978313432164334
"AAD021_002578",74.9519432120373,-0.0621343196330179,0.418988140315641,-0.148296129781166,0.882109069577641,0.978313432164334
"AAD021_002643",7.33328388645471,-0.101493456819633,0.703843738137154,-0.144198848864171,0.885343449919479,0.978313432164334
"AAD021_002770",5.39465729188556,0.113828701660454,0.753723728466863,0.151021783395345,0.879958532314268,0.978313432164334
"AAD021_002920",4.87081956723782,0.108518587033081,0.766582948148692,0.141561441322371,0.887426425498902,0.978313432164334
"AAD021_003052",5.4225771892604,-0.13154818260412,0.927825975705321,-0.141781094783554,0.887252917378926,0.978313432164334
"AAD021_003079",22.0787612999658,-0.103810694331451,0.687210038379399,-0.151061085452507,0.879927529476151,0.978313432164334
"AAD021_003143",12.0712964074286,0.0893106145144747,0.59457886244035,0.150208189621666,0.880600364820044,0.978313432164334
"AAD021_003173",6.94091757772639,0.0973515299128768,0.63250162570804,0.153915066706586,0.877676704151474,0.978313432164334
"AAD021_000487",9.69451823648875,-0.088401549292355,0.590079527858573,-0.149812940661013,0.880912199414936,0.978313432164334
"AAD021_000518",8.09475262584762,-0.0871101304706215,0.638999686905023,-0.136322649691015,0.891566219162665,0.978313432164334
"AAD021_000636",5.61167753655751,-0.0842231772113902,0.623566180847064,-0.135066942047723,0.892558947050293,0.978313432164334
"AAD021_000750",5.19413821749192,0.0998811990818385,0.656483104334637,0.152145879189185,0.879071879030394,0.978313432164334
"AAD021_001131",4.1513150051389,-0.1011483156419,0.734631050601473,-0.1376858704231,0.890488686804728,0.978313432164334
"AAD021_001266",4.38681569128818,0.129282505152422,0.781265141090935,0.165478399525027,0.868567450126043,0.978313432164334
"AAD021_001282",9.28208513669273,0.111194841675241,0.724479912542579,0.1534822977838,0.878017949227513,0.978313432164334
"AAD021_001488",14.2109845050202,-0.108307012875557,0.710140129958288,-0.152514987263033,0.878780770589876,0.978313432164334
"AAD021_001560",7.23305878688918,-0.086795817702632,0.58817877852964,-0.147567067821809,0.882684446571464,0.978313432164334
"AAD021_002898",5.59135191609523,0.0958806956672282,0.723250756230479,0.132569091482116,0.894534178042385,0.978441199512179
"AAD021_012482",18.1073405061344,0.0638214732638674,0.547633068115469,0.116540576126076,0.907224130067338,0.979816248658697
"AAD021_012187",4.1338596932039,-0.0929155163869797,1.05720824231478,-0.0878876201187566,0.929965996241136,0.979816248658697
"AAD021_011663",6.68532442873583,-0.0863175960236854,0.762742760622017,-0.113167375005032,0.909897860445552,0.979816248658697
"AAD021_010919",3.98283942538066,-0.101524212743336,0.901181302231205,-0.112656812221887,0.910302642052625,0.979816248658697
"AAD021_011028",7.84569263863412,0.0503059970785331,0.601829701865873,0.0835884253013232,0.933383669999488,0.979816248658697
"AAD021_011038",13.5625849590093,0.0578603792199114,0.572326521840307,0.101096798788675,0.9194736192244,0.979816248658697
"AAD021_010525",37.6228794427183,0.063873766344299,0.666159738012195,0.0958835587015463,0.923613052665361,0.979816248658697
"AAD021_009528",9.47670641078002,0.0625577818372929,0.622727665578034,0.100457688481248,0.919980972556648,0.979816248658697
"AAD021_009842",52.9503733197709,0.0521124632756306,0.544761637780373,0.0956610371610645,0.923789786773083,0.979816248658697
"AAD021_009909",6.02449018396947,-0.0663591026042786,0.634397817749375,-0.104601719532545,0.916691850203474,0.979816248658697
"AAD021_009935",8.87139885041866,0.0632931856887925,0.680518690168298,0.0930072701943564,0.925897785481037,0.979816248658697
"AAD021_009980",11.6049278811629,-0.0620124838450171,0.523375220100307,-0.118485708653024,0.905682818170931,0.979816248658697
"AAD021_010040",4.04272851775821,0.0781988740525147,0.881823986497332,0.0886785517857438,0.929337378563775,0.979816248658697
"AAD021_007617",6.65860440694625,-0.0872654725468741,0.794741892489695,-0.109803539201258,0.912565184143169,0.979816248658697
"AAD021_007784",10.614959759648,0.0663726717504561,0.576246651814348,0.115181010668743,0.908301649784343,0.979816248658697
"AAD021_007967",7.06456073288337,-0.0606753170648432,0.656948923828633,-0.0923592609167139,0.926412606111561,0.979816248658697
"AAD021_007996",3.89742268250404,0.077711618290846,0.755199278927968,0.102902135183657,0.918040643067431,0.979816248658697
"AAD021_008067",5.53287919929262,0.0729756728417027,0.655061528799202,0.111402776126198,0.911296958735621,0.979816248658697
"AAD021_008253",8.34582880336074,0.070654921763154,0.637207237541139,0.11088217082373,0.911709784030774,0.979816248658697
"AAD021_008340",6.44130088642592,0.0670530408073833,0.771787464041686,0.0868801890824202,0.93076674678941,0.979816248658697
"AAD021_008355",5.69275717195812,-0.062399872674063,0.725745412553857,-0.0859803887074965,0.93148200703015,0.979816248658697
"AAD021_008788",6.34365302776512,0.0858467298772168,0.668803155261375,0.128358739341873,0.897865082222337,0.979816248658697
"AAD021_008830",4.37985027099185,-0.0972119563412198,0.833733754960025,-0.116598321422024,0.907178367963584,0.979816248658697
"AAD021_008991",4.02983654111578,0.0718291302503344,0.740869606536166,0.0969524591326693,0.922764148628968,0.979816248658697
"AAD021_009152",4.22887799478395,-0.0601755689831212,0.715666335413032,-0.0840832745729084,0.932990222505077,0.979816248658697
"AAD021_009160",7.69749035068176,-0.0860894471061282,0.721648112595286,-0.119295603499221,0.905041166526766,0.979816248658697
"AAD021_009211",5.19680085857959,0.0615897770666502,0.65374255195117,0.0942110573693397,0.924941501332862,0.979816248658697
"AAD021_009344",5.06009536254459,-0.0766057481744915,0.723511194308324,-0.105880529253907,0.915677142622976,0.979816248658697
"AAD021_009461",16.7330885748583,0.0484016306826118,0.536769408877028,0.0901721109328354,0.928150446273692,0.979816248658697
"AAD021_004913",7.71459635585629,-0.0637038798508398,0.717172243751369,-0.0888264714730439,0.929219819648398,0.979816248658697
"AAD021_005267",5.23509076413721,-0.0729186353394833,0.827223349302063,-0.0881486667427914,0.929758516422518,0.979816248658697
"AAD021_005333",4.30141220791379,-0.0694803842445239,0.660807899927959,-0.105144602920302,0.916261067417332,0.979816248658697
"AAD021_005335",4.46876225802539,0.0924897626547047,0.737406586448156,0.125425734397352,0.900186515879781,0.979816248658697
"AAD021_006896",5.51863929967356,0.0639776619819249,0.701002372035581,0.0912659707500641,0.927281256517765,0.979816248658697
"AAD021_007133",4.76574871998919,-0.0869466641180329,0.758007551791986,-0.114704218859673,0.908679569836986,0.979816248658697
"AAD021_007329",8.3460382108686,-0.061035190648763,0.621691624792181,-0.0981759898553656,0.921792547664595,0.979816248658697
"AAD021_007334",5.57527192029392,0.0634149460573781,0.742349783321801,0.0854246171846573,0.931923823007579,0.979816248658697
"AAD021_006169",35.4746082131608,-0.0591643861773146,0.711930118773275,-0.083104204495886,0.933768682709136,0.979816248658697
"AAD021_006402",8.67839852175109,0.050834049296102,0.593401652178354,0.0856655001035002,0.931732328204948,0.979816248658697
"AAD021_006453",7.22797806050988,-0.0842420527581411,0.684677067728336,-0.123039103730529,0.902076132902712,0.979816248658697
"AAD021_006478",7.62892484569572,-0.0797366401099959,0.644015088275508,-0.123811757770316,0.901464322094672,0.979816248658697
"AAD021_003488",7.30749445538842,0.0644024648231834,0.584941895391448,0.110100619105227,0.912329577168919,0.979816248658697
"AAD021_003541",12.2645352770783,0.0604591917963979,0.499025883850189,0.12115442054815,0.903568725230691,0.979816248658697
"AAD021_003745",4.29132311289572,0.100830899648571,0.812369098498353,0.124119565644428,0.901220606803679,0.979816248658697
"AAD021_003936",5.14687257154575,0.0652108894636126,0.665572252168702,0.0979771756576831,0.921950417338866,0.979816248658697
"AAD021_004061",18.1987013096919,-0.0707621308444869,0.612897660013233,-0.1154550514077,0.908084445937757,0.979816248658697
"AAD021_004151",5.31074784623509,-0.0569652361556241,0.654713663057515,-0.0870078621692362,0.930665262702954,0.979816248658697
"AAD021_004161",6.40259524393669,0.0665827157401662,0.625124328566866,0.106511157376983,0.915176803459283,0.979816248658697
"AAD021_004313",5.23433766211309,0.0524513248654268,0.612663479352779,0.0856119658394468,0.931774886021864,0.979816248658697
"AAD021_004382",10.4167305434299,0.0544499429541103,0.633081901289518,0.0860077390353471,0.931460265164949,0.979816248658697
"AAD021_004518",13.4385375504043,-0.0475974103591875,0.571561690130938,-0.0832760683248094,0.933632028895821,0.979816248658697
"AAD021_004633",10.6866927376086,0.0681229881721434,0.621127757301493,0.109676290217822,0.91266610462407,0.979816248658697
"AAD021_004690",17.3620130254049,-0.0769889103905075,0.690615372943748,-0.111478709288417,0.911236747881541,0.979816248658697
"AAD021_002507",4.0001924065052,0.0965247672865645,0.74036523025789,0.130374527789402,0.89627011844491,0.979816248658697
"AAD021_002530",5.8890776443139,-0.0694686354695306,0.664583745476327,-0.10452954340576,0.916749124445755,0.979816248658697
"AAD021_002549",5.02231697219648,-0.0831094791488343,0.815458318289554,-0.101917507351153,0.918822153466553,0.979816248658697
"AAD021_002599",7.76203161832006,-0.0657741809628886,0.6559671390104,-0.100270542609979,0.920129543197498,0.979816248658697
"AAD021_002681",13.410137126244,-0.0555500545726553,0.530998270898353,-0.104614379400284,0.916681804206995,0.979816248658697
"AAD021_002897",4.77633489805116,-0.0751468486692344,0.825256545238901,-0.0910587733024043,0.927445890636357,0.979816248658697
"AAD021_002979",9.01284065295021,0.0679633685434403,0.649442504143233,0.104648784318636,0.916654502907739,0.979816248658697
"AAD021_003081",7.47949363599623,-0.0733008833750133,0.645142700086533,-0.113619643166049,0.909539315194457,0.979816248658697
"AAD021_003135",4.97466940872107,-0.0870237395566465,0.690021172818565,-0.126117491730256,0.899638921627299,0.979816248658697
"AAD021_003168",23.2337813298957,0.0604645857752787,0.499578246449277,0.121031262279787,0.903666273484995,0.979816248658697
"AAD021_003290",11.4681339480739,-0.0489367018066545,0.584618687669838,-0.0837070433066475,0.933289357053472,0.979816248658697
"AAD021_003384",6.46682051327709,0.0645928696380971,0.663288624895495,0.0973827489477513,0.922422443954761,0.979816248658697
"AAD021_003424",75.7214248184344,-0.051107491179142,0.459771624913265,-0.111158428249641,0.911490716722929,0.979816248658697
"AAD021_000226",6.83901916711183,-0.0886318369598932,0.69969791247397,-0.126671575518228,0.899200344027407,0.979816248658697
"AAD021_000280",4.81104819173082,-0.0865803513427458,0.73825704797267,-0.117276701361002,0.906640787230066,0.979816248658697
"AAD021_000362",5.11420801251963,-0.108594207928163,0.872272521361438,-0.124495734152751,0.90092277775818,0.979816248658697
"AAD021_000391",4.47192855394787,0.0868364167980101,0.717716286408079,0.120989893140918,0.903699040488955,0.979816248658697
"AAD021_000432",6.78703635361603,0.0610478919609602,0.634044339242572,0.0962833167691203,0.923295560811677,0.979816248658697
"AAD021_000587",3.96660072359345,-0.0695978632304766,0.739416072105757,-0.0941254401358511,0.925009511785335,0.979816248658697
"AAD021_000625",21.5670621659758,-0.046836799122814,0.453683569156921,-0.10323671013665,0.917775105077424,0.979816248658697
"AAD021_000826",4.1338934475441,-0.0746704787223121,0.81428053477141,-0.0917011711980492,0.92693546683306,0.979816248658697
"AAD021_000854",5.93092751307601,-0.0696536250382929,0.683555110643741,-0.101899062641338,0.918836793994891,0.979816248658697
"AAD021_000884",7.82883316566277,0.0777173983590417,0.646375850409515,0.120235615717703,0.904296505152391,0.979816248658697
"AAD021_001000",9.41131589488042,0.0834823278613885,0.692490168171404,0.120553809567915,0.904044456536603,0.979816248658697
"AAD021_001187",4.20997313414134,0.0848239455849249,0.742754218441113,0.114201903508475,0.909077743001537,0.979816248658697
"AAD021_001562",7.62120759748037,0.0700930529921667,0.615425946296721,0.11389356170949,0.909322169368373,0.979816248658697
"AAD021_001617",9.22434822566529,-0.096728895064212,0.807665616596881,-0.119763542085376,0.904670463216414,0.979816248658697
"AAD021_010185",11.3298846245302,-0.0472225250315818,0.675925094264494,-0.069863547650893,0.944302266967042,0.981116132252267
"AAD021_010274",6.03454256283686,-0.0508158494497443,0.695795640415118,-0.0730327218196237,0.9417800787814,0.981116132252267
"AAD021_008324",24.3733189995715,0.0362575282346403,0.520963870890863,0.0695970109647699,0.944514416078128,0.981116132252267
"AAD021_008804",6.7512853803498,0.0598006851539289,0.763917522761006,0.0782815989582134,0.937604054444414,0.981116132252267
"AAD021_008837",4.17037772174816,0.0712419072819405,0.909694855792252,0.0783140707329778,0.937578225012463,0.981116132252267
"AAD021_008843",4.92340865600232,0.0569460348784257,0.73250748855272,0.0777412323673837,0.938033894650519,0.981116132252267
"AAD021_005140",3.96565534886345,-0.056300948959248,0.72153906970649,-0.0780289679700231,0.937805010127152,0.981116132252267
"AAD021_006249",3.95240305439669,0.0529573554742165,0.746310762209164,0.0709588527404546,0.943430503657453,0.981116132252267
"AAD021_006431",4.36585235558663,0.0578435743442711,0.770782843430163,0.0750452281564204,0.940178726459201,0.981116132252267
"AAD021_004407",10.7513960675304,-0.0498689360947447,0.678293766497948,-0.0735211475585565,0.941391416294427,0.981116132252267
"AAD021_002628",13.9853088458402,0.0389850418130912,0.502646498573188,0.0775595610906553,0.938178411012969,0.981116132252267
"AAD021_002776",4.87701250172755,-0.0460489973912895,0.661609807751241,-0.0696014431040652,0.944510888297346,0.981116132252267
"AAD021_003193",23.5837317186153,0.0305067294414223,0.428106043361088,0.0712597495749231,0.943191028941626,0.981116132252267
"AAD021_000303",25.1581711701433,-0.0327808124087167,0.463763444279641,-0.0706843387788677,0.943648985501299,0.981116132252267
"AAD021_000626",7.53478776980294,0.0483635948991656,0.635897121181083,0.0760556909100917,0.939374791518849,0.981116132252267
"AAD021_000659",5.67244847675107,0.0488827288059907,0.63339351141397,0.0771759229059139,0.938483595246523,0.981116132252267
"AAD021_000779",5.2869907778458,-0.0633294720635384,0.824665988504212,-0.0767940874806855,0.938787354357008,0.981116132252267
"AAD021_000922",10.2295934813661,0.0381961176129454,0.545081788014131,0.0700741034700561,0.944134678458756,0.981116132252267
"AAD021_001031",26.3251695949647,0.0340451080596863,0.462698710967539,0.0735794313939093,0.941345038136554,0.981116132252267
"AAD021_001648",4.83313519051069,-0.048872571844819,0.660121675809825,-0.0740357022587738,0.940981976907425,0.981116132252267
"AAD021_011044",4.95380998791836,-0.0445715596820755,0.662842148777717,-0.0672430981709077,0.946388175367099,0.982126487787478
"AAD021_008610",18.2811474715046,0.0378104447420356,0.562826567385384,0.0671795663763428,0.946438752039386,0.982126487787478
"AAD021_008358",22.1173328361817,0.0349135932035665,0.535133892398318,0.0652427246704442,0.947980744203751,0.982818502005436
"AAD021_005251",20.135800299964,0.0534187897040172,0.819989014585457,0.065145738240192,0.948057963901562,0.982818502005436
"AAD021_010251",7.14284797999218,-0.0370376693737654,0.577892890095445,-0.0640908895204582,0.948897856042504,0.983114550068586
"AAD021_007734",4.08178000980454,0.0493961494400603,0.776783132820316,0.0635906565848238,0.949296171650529,0.983114550068586
"AAD021_008375",9.69543310469896,0.0341983307261364,0.56078973360753,0.0609824479241808,0.951373187563726,0.984771443897458
"AAD021_009177",8.4263213209279,-0.0414083402164809,0.691719376555404,-0.059862917853602,0.952264814169385,0.985037273755809
"AAD021_004841",5.59054703284486,0.0440750499552508,0.741236227726217,0.0594615431715385,0.952584495356878,0.985037273755809
"AAD021_010915",7.48704244249864,0.0358953122094981,0.618326021642009,0.0580524043192871,0.953706886264176,0.985224786299612
"AAD021_004443",4.72213248378687,0.0409471332124877,0.705555559895316,0.0580353065583709,0.953720505342357,0.985224786299612
"AAD021_006494",5.22098425990723,-0.0420585381606378,0.742902683512106,-0.0566137922154274,0.954852847567948,0.98590108923474
"AAD021_007415",14.8408065077306,-0.0332572171910695,0.647167827524905,-0.0513888604726564,0.959015661101035,0.987817663713316
"AAD021_003600",39.1861180114342,0.0264304076399076,0.521536291484859,0.0506779836253732,0.959582120623242,0.987817663713316
"AAD021_004445",60.9966109279467,0.0307417721660736,0.588890221896989,0.052202891172221,0.958367029254439,0.987817663713316
"AAD021_002536",6.77818218447736,-0.0324676876025683,0.61847269201622,-0.0524965580884804,0.958133037802591,0.987817663713316
"AAD021_001021",355.754634095302,0.0213322827149618,0.416991440456821,0.0511576033589369,0.9591999351988,0.987817663713316
"AAD021_001394",4.09614845873427,-0.0369600178491482,0.738030329311102,-0.0500792669098677,0.960059221612845,0.987817663713316
"rRNA_CM148777.1_52800",1063.48275476037,0.0347459011073647,0.673286746659133,0.0516063939766745,0.958842324474371,0.987817663713316
"AAD021_001795",4.3350933292357,0.0288621903705241,0.643707340178539,0.0448374417518975,0.96423688088792,0.991138001306263
"AAD021_002931",15.6952111497945,-0.0256747415183594,0.572775069433288,-0.0448251728968623,0.96424666018555,0.991138001306263
"AAD021_012352",16.3999755981332,-0.0210373556482855,0.57589408981042,-0.0365299037106125,0.970859834902966,0.99120723440347
"AAD021_011701",5.78566636402085,-0.0222918051288696,0.667424650688551,-0.0333997329973836,0.973355822582416,0.99120723440347
"AAD021_011016",5.31252394756685,0.0253835457952509,0.629497328975173,0.0403235162833424,0.967835205740363,0.99120723440347
"AAD021_010408",5.06402686313199,-0.0260431130392948,0.724332979880644,-0.0359546144696962,0.971318547940924,0.99120723440347
"AAD021_007792",4.82051296671427,0.0280758062196034,0.72672652033522,0.0386332484559016,0.969182793637306,0.99120723440347
"AAD021_008510",7.1115632151439,0.0236306600155978,0.709713519119336,0.0332960545050917,0.973438500065811,0.99120723440347
"AAD021_008707",6.38466816555881,0.0237972326016075,0.690914722472983,0.0344430822322475,0.972523829183382,0.99120723440347
"AAD021_009221",8.15688255441169,-0.0254090926669972,0.688997791559029,-0.036878336880446,0.970582012660745,0.99120723440347
"AAD021_006786",4.79183872137629,0.0232626453087024,0.670989448882589,0.0346691670747462,0.972343547250294,0.99120723440347
"AAD021_006081",7.48438160507395,0.0410128387328915,0.963759846437713,0.0425550399142326,0.966056235948637,0.99120723440347
"AAD021_003960",7.56134421864875,-0.0283799347461292,0.770958720627766,-0.0368112247605428,0.970635524050849,0.99120723440347
"AAD021_004070",4.57449005427364,0.0306351739025684,0.726522939409274,0.0421668363664847,0.96636569978075,0.99120723440347
"AAD021_002331",7.80291369525711,-0.0229737675745255,0.635728336036539,-0.0361377120890283,0.971172552056475,0.99120723440347
"AAD021_002814",22.8517161738059,-0.0177958472790373,0.519165885107661,-0.0342777670673545,0.97265565375939,0.99120723440347
"AAD021_003201",11.9519423396048,-0.0198714679676293,0.581956882113494,-0.0341459454787476,0.972760770634558,0.99120723440347
"AAD021_003248",13.3678191302599,0.0205088384303879,0.580179313455758,0.035349137679918,0.971801341589576,0.99120723440347
"AAD021_000335",12.4513622854075,-0.0212359662724325,0.598293468869077,-0.0354942304694946,0.971685646896579,0.99120723440347
"AAD021_000583",9.01856562999805,-0.0208173056315656,0.62069115931354,-0.0335389111302773,0.973244836679436,0.99120723440347
"AAD021_001588",4.45343632135797,-0.0282031558393018,0.767449716569244,-0.0367491905077238,0.970684986755919,0.99120723440347
"AAD021_001028",5.6406756767159,-0.0274684657803284,0.841396844774226,-0.0326462666825178,0.973956673998794,0.991245845726583
"AAD021_011824",4.95941162583801,-0.0216281352766363,0.794230076874392,-0.0272315742080073,0.97827503246246,0.992372722323291
"AAD021_011072",4.31378359651756,0.0210925654469485,0.79790010048202,0.0264350956143586,0.978910301671618,0.992372722323291
"AAD021_007841",5.84684850753719,-0.019812898071947,0.73249262811966,-0.027048597229992,0.978420973209271,0.992372722323291
"AAD021_005949",11.521493992278,0.0141928005053905,0.511542832779385,0.0277450872066298,0.977865463139815,0.992372722323291
"AAD021_006053",9.69180903713074,-0.0233043904139704,0.775988436442987,-0.0300318784656047,0.976041629291734,0.992372722323291
"AAD021_004140",6.77533211305885,0.0199777757703155,0.668886679434043,0.0298672052898692,0.976172960562436,0.992372722323291
"AAD021_003261",15.134386366521,0.0167170765726512,0.625627810104553,0.0267204818945908,0.978682676774434,0.992372722323291
"AAD021_000056",45.0440967713948,0.0121058752208669,0.41920455905511,0.0288782050656931,0.97696172820947,0.992372722323291
"AAD021_011686",11.9789626904178,0.0112799375749531,0.584006293228408,0.0193147534636951,0.984590014562322,0.99373779464872
"AAD021_007821",8.22826667987421,0.0108198192406197,0.523356691419132,0.0206738910919066,0.983505796458382,0.99373779464872
"AAD021_006788",5.32094657110074,-0.0140214694052557,0.71546343317462,-0.0195977442802916,0.984364263292285,0.99373779464872
"AAD021_006001",4.21417872892434,-0.0169163819277479,0.741059915599232,-0.0228272796458962,0.981788047680751,0.99373779464872
"AAD021_004355",7.4072541850656,-0.0119894886170847,0.607534945560735,-0.0197346485246521,0.984255050631034,0.99373779464872
"AAD021_004385",9.86287232221832,-0.0175992489796968,0.761879954108179,-0.0230997664196293,0.981570692007559,0.99373779464872
"AAD021_002713",7.77127477705086,-0.0156013635360608,0.65321640625341,-0.0238839125697164,0.980945206533074,0.99373779464872
"AAD021_002862",8.15012818393848,-0.0139284776383137,0.672318805134602,-0.0207170728112017,0.983471349808841,0.99373779464872
"AAD021_000198",6.55156757547769,0.0158798261213444,0.714038578011352,0.0222394512150462,0.982256947845636,0.99373779464872
"AAD021_008493",9.66091046502518,0.0119014244456664,0.644592813369386,0.0184634767853768,0.985269113898745,0.993937170619261
"AAD021_007962",8.15925982759866,-0.00975249106397615,0.571120116888709,-0.0170760769505105,0.986375923958171,0.994567614582152
"AAD021_010422",40.8367676962561,-0.0098453734033118,0.623276571891891,-0.0157961551056334,0.987397015836332,0.995111055022553
"AAD021_008473",4.03176033283305,-0.0120795220383426,0.804556330558791,-0.0150138922279723,0.988021097236741,0.995254048168196
"AAD021_008041",19.1244857899077,-0.00682617915175188,0.50913732447889,-0.0134073438020648,0.989302807862209,0.996059022159804
"AAD021_005932",4.64256811840674,-0.00831077828453375,0.657546243453346,-0.0126390780378983,0.9899157432586,0.996190197018893
"AAD021_012230",4.18590619989504,0.0101458625655591,0.933130280402902,0.0108729325139662,0.991324825947594,0.997122047151966
"AAD021_007946",43.9587748188415,-0.00425588688812446,0.454119219231943,-0.00937173919950467,0.992522543441877,0.99719874940086
"AAD021_005057",7.20729312915915,0.00509478473100253,0.609778281367732,0.00835514298668516,0.993333637969074,0.99719874940086
"AAD021_004552",6.00456036873875,0.00545401001203526,0.622612231668158,0.00875988253141509,0.993010714361622,0.99719874940086
"AAD021_000475",5.19255999572938,0.00599440107900335,0.626951956577832,0.00956118091045336,0.992371397598299,0.99719874940086
"AAD021_011690",5.41550610644383,-0.00348496334491532,0.627547990646508,-0.00555330173446187,0.995569129058661,0.998957064840582
"AAD021_008233",17.6564641530095,0.00371021540003211,0.763670425923669,0.00485839869410231,0.996123573941642,0.999027724302987
"AAD021_011045",42.0134429275309,-0.00246443245113402,0.825678877685012,-0.00298473476521968,0.997618529748684,0.999279440979574
"AAD021_011131",15.7451827454305,0.0020636162886535,0.759488648132651,0.00271711274912048,0.997832060355058,0.999279440979574
"AAD021_005317",4.13029640369745,-0.000647691460524308,0.717197247722536,-0.000903086929824474,0.999279440979574,0.999279440979574
"AAD021_003725",4.32913241956285,0.00213421723312193,0.66328990929309,0.00321762355075853,0.997432712276273,0.999279440979574
"AAD021_002511",17.2926165266809,-0.000495670311955216,0.483249787344229,-0.00102570207982759,0.999181608290022,0.999279440979574
"AAD021_001299",6.59112775464427,-0.001316005729604,0.665438354535612,-0.00197765235597578,0.998422062747112,0.999279440979574
"AAD021_012357",3.43662801064198,0.10502129161593,0.808963192099587,0.129822089115522,0.896707186222117,NA
"AAD021_012386",2.40450946923239,-1.14591922694161,0.925805114178024,-1.23775426317343,0.215807191997312,NA
"AAD021_012453",3.67003230137135,0.470367103128144,0.810953775032981,0.580017157092603,0.561903047799657,NA
"AAD021_012455",3.40320285116179,-0.914384563409339,0.981517387845605,-0.931603020723229,0.351541721448008,NA
"AAD021_012458",3.37654493772834,-0.621811855161812,0.829198675990321,-0.749894896321651,0.453318008552252,NA
"AAD021_012467",2.09103504922103,-0.03418573764018,0.829166267816396,-0.0412290501520375,0.967113294684094,NA
"AAD021_012506",2.25094722716046,-0.063905713844803,0.982679189310883,-0.0650321229348693,0.948148423976236,NA
"AAD021_012517",3.43310777633079,-0.852348477027824,0.853561450109027,-0.998578927057862,0.317998712608927,NA
"AAD021_012521",3.18608430431499,-0.0343923814332005,0.964436570936601,-0.0356605944544396,0.9715529916226,NA
"AAD021_012585",3.73470131131203,-0.645607406166577,0.813773759698766,-0.793349992515809,0.427573937573276,NA
"AAD021_012604",3.26209597541707,-1.70383487650744,0.893738431525172,-1.90641334914941,0.0565965981341663,NA
"AAD021_012609",3.77728251428904,0.0312269728962449,0.86007532409041,0.0363072535876664,0.971037366228073,NA
"AAD021_012141",3.64712452157116,-0.959983829661317,0.933299665649881,-1.02859120708337,0.303671811576773,NA
"AAD021_012154",2.86362034543482,-0.636730229923146,0.926941247524852,-0.686915413057044,0.492136033584092,NA
"AAD021_012172",3.42481615428182,-0.15370514447759,1.5164580166473,-0.101357995269406,0.919266279614708,NA
"AAD021_012211",2.58321105583023,0.981779860657908,0.947543339608387,1.036131878742,0.3001406217238,NA
"AAD021_012239",2.22928521218107,-1.23265474123104,1.05834023163858,-1.16470554967242,0.244138201805147,NA
"AAD021_012241",3.53822803413735,0.710150532540876,0.998063093487862,0.711528697107877,0.47675667429642,NA
"AAD021_012245",3.26202103126504,-0.20196395736155,0.730599767450409,-0.276435835815207,0.782213335618555,NA
"AAD021_012252",2.52804842241907,-0.81853527318854,0.880042699385396,-0.930108588776645,0.352314864285711,NA
"AAD021_012297",2.06330993787874,0.436438928399343,1.1307624879991,0.38596870079377,0.699519849259132,NA
"AAD021_012354",2.7178215399581,0.517436022914778,0.923284265864701,0.560429806989263,0.575186305258575,NA
"AAD021_011806",1.80538035528664,0.234940724895942,1.25113401895626,0.18778222103811,0.851047373388615,NA
"AAD021_011856",3.46171409441753,-0.721678935160763,0.815454728934489,-0.885001839530371,0.376155639224609,NA
"AAD021_011891",3.84483945869696,-0.969555868614184,0.841119764412038,-1.15269657144714,0.249034949198981,NA
"AAD021_011912",2.32664239532446,0.481467866742114,1.08301163876296,0.444563889721497,0.656634948116724,NA
"AAD021_011977",3.62612935280533,-0.170541866003719,0.822431901222288,-0.207362902326943,0.835726452557428,NA
"AAD021_011984",2.71243499963915,-0.463519754462451,0.864333566436789,-0.536274156716265,0.591769088716693,NA
"AAD021_011990",2.6119845089622,-0.0358776579582336,1.04627407880855,-0.0342908791156229,0.972645198005246,NA
"AAD021_011637",3.21969090664675,-0.0508553610014416,0.758752119362588,-0.067025000265125,0.946561800614531,NA
"AAD021_011639",3.69860804631397,-1.99618054619899,0.888075895313869,-2.24775895476083,0.0245915644478937,NA
"AAD021_011646",2.42704668483392,-0.217592700085275,0.914058744185167,-0.238051111560939,0.811841452118527,NA
"AAD021_011649",3.43293845273802,-1.23281187219147,0.98438702583064,-1.25236501481844,0.210436888305584,NA
"AAD021_011655",2.30719417049682,-0.616277234983909,0.944076032891836,-0.652783476661479,0.513895877398233,NA
"AAD021_011662",3.27330832344443,0.803442409458633,0.769943296448618,1.0435085455832,0.296712825056364,NA
"AAD021_011681",2.75291669557465,1.02520535109475,0.793825047173302,1.29147518681271,0.196538953832996,NA
"AAD021_011699",3.14126350376232,-0.00127645889134272,0.80747043281651,-0.001580811927553,0.998738695094799,NA
"AAD021_011710",2.72960498851549,-0.610899876834199,0.849570945550021,-0.719068701718249,0.472098590461592,NA
"AAD021_011721",3.89534466155972,-0.559000673363355,0.762374137817479,-0.73323666902403,0.463414093953797,NA
"AAD021_011724",2.21954199091953,-0.525066511382132,0.862739611567455,-0.608603690316448,0.542787157823049,NA
"AAD021_011731",3.14939075229823,1.10441329794231,0.842546107609357,1.31080458145605,0.189923794316659,NA
"AAD021_011738",2.5986088352906,-0.402037085992317,0.835271569259775,-0.481324997507824,0.630285533422179,NA
"AAD021_010940",2.85808001453755,-0.836791403759047,0.826036892623645,-1.0130194077667,0.311050890889481,NA
"AAD021_010943",3.55015322692814,0.268480333157971,0.880670993669268,0.304858835010976,0.760473669108765,NA
"AAD021_010954",2.34341173540829,-0.123630173323979,0.943604129471748,-0.131019110093541,0.895760190048006,NA
"AAD021_010975",2.60812451692161,0.261948243228884,0.824138279289802,0.317845014376249,0.750602503352644,NA
"AAD021_011039",2.65266753367391,-0.32944055020731,0.977248467894566,-0.337110326626629,0.736033733084801,NA
"AAD021_011095",2.9644355270037,-0.00825977830486144,0.887735318112415,-0.00930432544063263,0.992576329494165,NA
"AAD021_011101",3.61774195107416,-0.240546361564083,0.807582665483605,-0.297859738507434,0.7658102179068,NA
"AAD021_011178",3.74954946430112,0.71357118659456,0.821680583544853,0.868428925892476,0.385159565386608,NA
"AAD021_010222",2.86883828290716,-0.981110726809818,0.900374350168782,-1.08966978748995,0.275858629359251,NA
"AAD021_010244",3.65512287713852,-0.785391426563229,0.801950946936731,-0.979350956019497,0.327406600973938,NA
"AAD021_010254",3.18750225562417,-0.402321150128575,0.89786744543779,-0.448085240391368,0.654091679644323,NA
"AAD021_010306",3.4093468904678,0.366353965556768,0.744309401700335,0.492206553779722,0.622573331858017,NA
"AAD021_010359",3.28234846315747,-0.564328980824089,0.883817995282632,-0.638512661923822,0.52314001436048,NA
"AAD021_010440",3.6541613922814,-0.217209783736727,0.768253231641466,-0.282732014381029,0.777382273172323,NA
"AAD021_010496",3.66915507294867,0.951008143280564,0.807762096105919,1.17733692613854,0.239061053939699,NA
"AAD021_010532",3.76363037665077,-0.436536370466198,0.795761203996621,-0.548577096085789,0.583295707542885,NA
"AAD021_010747",3.78185864348692,-1.63634899562099,0.938819507228406,-1.74298572092078,0.0813361090782432,NA
"AAD021_010749",2.77697370634973,1.0074585977265,0.894680934333513,1.12605350026487,0.260142874595011,NA
"AAD021_009515",3.52105911344347,-0.146485462210596,0.778759337095664,-0.188101066957226,0.850797424716207,NA
"AAD021_009526",3.09984449161642,0.95926740632183,0.863216727461421,1.11127064131725,0.266451872494754,NA
"AAD021_009672",2.17888680586353,-0.272417017591363,0.961215392648682,-0.283408921324806,0.776863390395263,NA
"AAD021_009691",3.88666679455152,1.79177836751571,0.83543213093375,2.14473240993624,0.0319742480256602,NA
"AAD021_009695",3.49602319256581,0.324536883199601,0.860601228502555,0.377104833750116,0.70609569913337,NA
"AAD021_009723",2.15151412529586,-0.963205089876101,0.886962655012721,-1.0859590135306,0.27749712599648,NA
"AAD021_009727",2.17764685998959,-0.6505837125147,0.987309103840711,-0.658946331988511,0.509930232234782,NA
"AAD021_009792",3.43871361716634,0.219554352511725,0.813734709052416,0.269810725865919,0.78730587070809,NA
"AAD021_009797",1.59924354634355,0.328672171370237,1.12728504411584,0.291560837328435,0.770622422252269,NA
"AAD021_009814",3.31006651253014,-1.70152537429703,1.09637224110444,-1.55195955397683,0.120671901618691,NA
"AAD021_009874",3.00584279348233,-0.494301448265939,0.936420028048458,-0.527862960488026,0.597594454315201,NA
"AAD021_009944",2.52164800103691,0.0571590806719865,1.08119964291888,0.0528663517846492,0.95783839427458,NA
"AAD021_007622",3.60007460607071,-3.46675872071394,0.921185716471113,-3.7633656913336,0.000167641779305764,NA
"AAD021_007675",3.77142854135041,0.371139523036492,0.832999879509395,0.445545710348816,0.655925434024405,NA
"AAD021_007684",3.2098562505161,0.469734696584131,0.975152789705862,0.481703689455494,0.630016454781106,NA
"AAD021_007695",3.8631470345937,-0.0213770148602489,0.773031476175051,-0.0276534856847253,0.977938522547054,NA
"AAD021_007700",3.71642101905534,-0.495408541280411,0.879293404805943,-0.563416646335186,0.573151204582299,NA
"AAD021_007730",2.40966062307289,-0.800732522046915,1.06329545524014,-0.753066815155412,0.451409764563205,NA
"AAD021_007751",2.99433671544298,-0.405430105199981,0.834323877140525,-0.485938514176904,0.627010760495086,NA
"AAD021_007764",3.65991154518355,0.324176607164976,0.747308917107895,0.433791969751342,0.664439513465674,NA
"AAD021_007801",3.5510822831664,-0.685209840936888,0.847547536300287,-0.808461840297436,0.418824764853249,NA
"AAD021_007817",3.28374705907621,-0.52746512820142,0.942116001823915,-0.559872804601832,0.575566199697543,NA
"AAD021_007820",1.97334664715403,-0.852941088296156,1.04059635209698,-0.819665652851204,0.412406735486182,NA
"AAD021_007822",3.34087326520013,-0.176324645371967,0.772040094903595,-0.228387938056488,0.819344665722521,NA
"AAD021_007829",2.34281647920324,-0.762660296848613,0.929304343954447,-0.820678717160928,0.41182929671463,NA
"AAD021_007839",2.69202610458697,-1.13846626370802,1.02116873853563,-1.11486595774621,0.264907866610241,NA
"AAD021_007920",3.46699804439699,-1.72452867266334,0.898156710664342,-1.92007547478853,0.0548483666421662,NA
"AAD021_007922",3.05319675625862,-0.604038492506289,0.834034408078546,-0.724236897969086,0.468920309500822,NA
"AAD021_007923",3.46878562762402,-1.6946394479592,0.849196757034177,-1.99557927408689,0.0459797373649516,NA
"AAD021_007926",3.65744437073639,-0.505005936016733,0.752178597711913,-0.671390993512623,0.50197148096183,NA
"AAD021_007938",1.95578387812031,-0.609883893233172,0.971939803632432,-0.62749142586182,0.530337154779813,NA
"AAD021_007945",3.6559481731866,-0.55875606594515,0.924137237805452,-0.604624554759883,0.545428487570131,NA
"AAD021_007977",3.22509616290183,-0.93896101924593,0.866744616098849,-1.08331912515606,0.278666799177247,NA
"AAD021_007993",3.85408987852013,1.04382429483073,0.723792398535944,1.44215979187144,0.149257300602776,NA
"AAD021_008027",2.1714284957205,0.0648426677547194,0.918619499459121,0.0705870796264378,0.943726393725882,NA
"AAD021_008039",2.20876395527361,-0.246341540309123,0.972945208774902,-0.253191585802974,0.80012016828754,NA
"AAD021_008050",3.62090559044088,1.23891829979775,0.928629366679096,1.334136464183,0.182159137381297,NA
"AAD021_008072",3.27003853286643,-0.533509991366765,0.73906048070381,-0.721875956428764,0.470370744825527,NA
"AAD021_008084",1.94778983414489,0.268015793326346,0.940527779517361,0.284963186801223,0.775672345756468,NA
"AAD021_008106",2.90015978475548,-0.275245339084021,0.838593641894866,-0.328222544666668,0.742743403032278,NA
"AAD021_008117",3.48020987147131,-1.91789501489864,1.13207094366666,-1.69414737267859,0.0902372823196421,NA
"AAD021_008124",3.21500503298212,-0.699941156867068,0.937427837205632,-0.746661373907473,0.455267991144787,NA
"AAD021_008150",2.88695664766362,-0.691164002012384,0.803651320683627,-0.860029697237907,0.389772672511347,NA
"AAD021_008230",3.76503946541132,-0.426703785348329,0.842727323106039,-0.5063367160989,0.612620292144595,NA
"AAD021_008241",3.03068620777819,0.350072110024498,0.884101606746664,0.395963662268075,0.692131835261045,NA
"AAD021_008256",2.9984808811462,-0.0910258014881066,0.754961233450285,-0.120570166327753,0.904031500234631,NA
"AAD021_008257",3.50528590496295,-0.16707009221594,0.712686316107721,-0.234423039196795,0.814656574202361,NA
"AAD021_008259",2.97175421350512,-0.307815973360018,0.90058583073888,-0.341795265763256,0.732504972633719,NA
"AAD021_008261",3.54569324723364,-0.08016491320185,0.821494774647424,-0.0975842034250989,0.922262468472343,NA
"AAD021_008263",3.09994246891977,-1.0220657217233,0.920663402646588,-1.11014049085172,0.266938491404568,NA
"AAD021_008274",3.89730090202685,-0.134480634896622,0.749128948689556,-0.1795160033955,0.857532552545104,NA
"AAD021_008277",2.81498616626035,-1.57163425700997,0.839089838286741,-1.87302263154437,0.0610652598881409,NA
"AAD021_008297",3.31949543350371,-0.848771708462917,0.900447099141489,-0.942611408568209,0.345879702235674,NA
"AAD021_008316",4.37336596478896,-0.770912585499522,0.820704825901868,-0.939329904210531,NA,NA
"AAD021_008323",3.20881950221858,-1.07491093995938,0.791528834918171,-1.35801867542893,0.174457758315371,NA
"AAD021_008350",3.60503467654071,-0.607021206777628,0.718339684179283,-0.845033652110091,0.398092050304486,NA
"AAD021_008354",2.24508137872166,-0.598438678743606,0.807276679903486,-0.741305544482162,0.458508200682515,NA
"AAD021_008359",3.8478082468682,-0.769705205630049,0.856191521860597,-0.898987184499791,0.368659486860997,NA
"AAD021_008376",3.34597282110663,0.532585411964889,0.836514606015841,0.636671981738002,0.524338527512616,NA
"AAD021_008381",3.00889086232156,-1.03716685135254,0.870255606272951,-1.19179565621464,0.233341379429748,NA
"AAD021_008409",3.12560430026187,0.790911918762184,0.885441494436348,0.893240178749089,0.371728565783222,NA
"AAD021_008419",2.54778334665374,-1.4052080189991,0.925101340913203,-1.51897738858746,0.128768187625954,NA
"AAD021_008422",3.71878076628987,0.353977772936047,0.772532151303916,0.458204583898012,0.646805466938418,NA
"AAD021_008424",3.24547509172274,-0.304497598082664,0.818038522565038,-0.372228922823687,0.709722413497918,NA
"AAD021_008439",3.55447639662992,0.524117001504261,0.814069300724407,0.64382356764697,0.519689849313566,NA
"AAD021_008482",2.77978145017146,-0.84831849878607,0.873589878822023,-0.971071803086788,0.331512523912685,NA
"AAD021_008483",3.81733044656987,-0.430114412683096,0.732399396631617,-0.587267568298442,0.557024018994803,NA
"AAD021_008491",2.91524184462608,-0.520111394989556,0.784260218986481,-0.663187271772766,0.507210622312521,NA
"AAD021_008496",3.6878003306388,-1.23414077470738,0.907001270756972,-1.36068251996756,0.173614040963052,NA
"AAD021_008505",3.55806531140718,0.202911597758046,0.899234459603523,0.225649268209218,0.821474218455578,NA
"AAD021_008506",3.73227894886579,-0.56157902860035,0.923450232087098,-0.608131341665398,0.543100366762064,NA
"AAD021_008632",3.31433929852065,-0.463866317763653,0.801999444686849,-0.578387330361276,0.563002645805309,NA
"AAD021_008678",3.60996879029267,0.720443236648754,0.77746524211864,0.926656521242676,0.35410489867455,NA
"AAD021_008712",3.59176714056406,-0.216577622831137,0.891269989205213,-0.242998895345135,0.808006253196366,NA
"AAD021_008718",3.29191218771091,0.362834362456354,0.841057657926727,0.431402483571422,0.6661757443913,NA
"AAD021_008733",2.88783127473024,-0.86450780426743,0.911873415646683,-0.948056812967113,0.343100532438832,NA
"AAD021_008745",3.8914321051139,-1.59332190542668,1.0519564887394,-1.51462719464377,0.129866841309221,NA
"AAD021_008753",3.77869598071421,0.876774297258541,0.753766549114831,1.16319077609395,0.244752108081396,NA
"AAD021_008792",3.09365792215685,-1.2195290432714,0.95505765163474,-1.27691667742148,0.201631665560801,NA
"AAD021_008803",2.86962461021405,-0.386980096610588,0.983363310631117,-0.393527084473211,0.693930223777663,NA
"AAD021_008818",2.51434939953159,-1.28458639078895,0.915948873274429,-1.40246516838509,0.160776384782659,NA
"AAD021_008829",2.78388885407906,-0.0118800416408866,0.943617982792508,-0.0125898847388741,0.98995499070963,NA
"AAD021_008864",2.65576635568619,0.326620255762514,0.75422751993906,0.433052689179128,0.664976492302979,NA
"AAD021_008897",3.49213511126166,-1.00651109581826,0.744883824870172,-1.35123231598389,0.176621025720846,NA
"AAD021_008906",3.16243074920473,-0.115052554369841,0.761848745991955,-0.151017580556674,0.879961847671388,NA
"AAD021_008909",2.56778453465993,-0.189412009309979,0.801598746020193,-0.236292796427613,0.813205476313926,NA
"AAD021_008944",3.69998097089092,-0.396091483000977,0.753097952817508,-0.52594948840202,0.5989233029648,NA
"AAD021_008965",3.26557295778973,0.413633428164534,0.904134703676588,0.457490931918141,0.64731821866602,NA
"AAD021_009014",3.68748258568381,0.14415942999454,0.769830978403531,0.187261144379375,0.851455886338275,NA
"AAD021_009017",3.74605678149732,-1.47630599079468,0.804707275893475,-1.83458760100749,0.0665668172002201,NA
"AAD021_009061",2.60142555303479,0.0233384603090115,0.807587488161693,0.0288989869842296,0.976945153555166,NA
"AAD021_009079",3.11573904136415,-0.863058899224971,0.904112988864261,-0.954591859485548,0.339784135456312,NA
"AAD021_009089",2.7319988969032,-0.286128762815842,0.94387875663695,-0.303141437185557,0.761782076606981,NA
"AAD021_009092",3.46246716996815,-0.595998235360943,0.733696074919492,-0.812323052738617,0.416606286102643,NA
"AAD021_009114",2.94543096376013,0.559831725904795,0.925898468100858,0.604636194131614,0.54542075212393,NA
"AAD021_009122",3.49786215489547,-0.0923511368092287,0.768601592128072,-0.120154756059678,0.904360557471835,NA
"AAD021_009144",2.57388334799047,0.450931903937258,0.966147681432044,0.466731859531949,0.640691732658393,NA
"AAD021_009147",3.36603168201187,-1.72587911966184,0.97332111493034,-1.77318573817785,0.0761979344913714,NA
"AAD021_009150",2.71332089801616,-0.959510364785393,0.824642480741538,-1.16354709731007,0.244607601128361,NA
"AAD021_009210",3.20266260020562,-1.7402904476989,1.00679089897175,-1.72855202552615,0.0838893021489488,NA
"AAD021_009225",2.88419229435751,-3.18184627361083,1.26060638126968,-2.52406010384153,0.0116008092524026,NA
"AAD021_009263",2.19560741311382,-0.193301069894151,0.975220783149817,-0.198212623473648,0.84287871132507,NA
"AAD021_009296",2.47440956458302,-0.0936993110953432,0.971203014076761,-0.0964775744486492,0.92314128382936,NA
"AAD021_009307",3.64144588636864,0.24720219762727,0.742227775246116,0.333054361304789,0.739093248880235,NA
"AAD021_009316",3.85962808674458,-0.794796785279007,0.795486389588864,-0.999133103571749,0.317730216819823,NA
"AAD021_009343",2.74432877213085,0.349861444929511,1.02354740435593,0.341812644378364,0.732491893290802,NA
"AAD021_009385",3.61088242149423,-0.337644153742108,0.822049548492317,-0.410734552876241,0.681267187675239,NA
"AAD021_009416",2.45736919448959,-0.487885868477574,0.938154023667578,-0.520048793875289,0.603029566924976,NA
"AAD021_009452",2.89473943943635,0.159538349995652,0.842368305355125,0.189392631443314,0.849785099218453,NA
"AAD021_004883",1.92250661679749,0.606397738472445,1.23710055168185,0.490176596920956,0.624008939891561,NA
"AAD021_004986",2.80681477713882,1.19317137978071,1.03721807344296,1.15035729740042,0.249996740519996,NA
"AAD021_005044",3.64907113575433,-1.44747263473825,0.820619330705049,-1.76387830578477,0.0777524700640444,NA
"AAD021_005054",3.85371582468701,0.567668781491031,0.75715723231063,0.749736986277825,0.453413126930433,NA
"AAD021_005058",2.65885027608205,-0.890178825198911,0.987998089167812,-0.900992456320139,0.367592330611316,NA
"AAD021_005062",3.42765495971437,-0.0291377365808606,0.784955582676227,-0.0371202361304552,0.97038913704782,NA
"AAD021_005068",3.66980033729119,-0.818192088964886,0.758344663421342,-1.07891850293182,0.280624059662761,NA
"AAD021_005120",3.85371882211047,-0.109614517326532,0.779429516239001,-0.140634290904786,0.888158857220353,NA
"AAD021_005125",3.40010901144422,-0.396168765513567,0.726975136923076,-0.54495504095278,0.585784439379923,NA
"AAD021_005170",3.11295283171343,0.655221876437839,0.764881259596608,0.856632148084523,0.391648212981785,NA
"AAD021_005172",2.99944820889739,-0.944245925097328,0.830781809357318,-1.1365751084846,0.255715950627522,NA
"AAD021_005198",3.64929113373547,1.22930131800007,0.905003975031266,1.35833803156235,0.174356447687887,NA
"AAD021_005205",2.85871029570265,-0.662292986356347,0.89084317104671,-0.743445095479798,0.457212250708731,NA
"AAD021_005269",2.32404819760999,-1.3529604873306,1.02284376211435,-1.32274403720648,0.185920513454877,NA
"AAD021_005319",3.21953931905078,-0.760275842061284,0.800045590884948,-0.950290646837171,0.341964590083429,NA
"AAD021_005332",2.22716600981472,-0.69789487596563,0.977026984152553,-0.714304607022667,0.475038844060474,NA
"AAD021_005345",3.53901377483121,0.4937087300023,0.795774274699598,0.620413031306739,0.534985895197172,NA
"AAD021_005415",3.10997937606844,0.194358719814734,1.04663088931253,0.185699392020043,0.852680505126324,NA
"AAD021_005556",3.39051578082723,0.825600100642549,0.900908838437602,0.916408037548331,0.359452921241306,NA
"AAD021_005650",3.63647323434984,-0.44072495844872,0.936120060453571,-0.470799609010814,0.637783843783013,NA
"AAD021_006717",3.66867630453469,-1.11496948397321,0.883085186295146,-1.26258429116097,0.206738616246941,NA
"AAD021_006738",3.08258180891582,-0.178214844279064,0.862847815672418,-0.206542615096245,0.836367080245679,NA
"AAD021_006765",3.56067266994468,-0.156444556524446,0.824355661110684,-0.1897779852857,0.84948310757988,NA
"AAD021_006785",3.45313352777156,-0.830463913492715,0.830691977462007,-0.999725453025333,0.317443390762459,NA
"AAD021_006793",3.55583222883377,-1.01066379190932,0.868192103577568,-1.16410157123598,0.244382851977688,NA
"AAD021_006799",2.04973834125983,1.026276146115,1.08080788326506,0.949545392854354,0.34234329662166,NA
"AAD021_006871",3.33730963942372,0.187425471030288,0.996580017269946,0.188068662608473,0.850822826345661,NA
"AAD021_006911",3.15813177620213,-0.0407250394106255,0.89764403288155,-0.045368807588341,0.963813343314546,NA
"AAD021_007093",8.99652224320388,-1.66923322602359,0.731559843787564,-2.281745287414,NA,NA
"AAD021_007105",3.16279999385693,0.10319658491544,0.738340178913556,0.13976834508355,0.888843024710623,NA
"AAD021_007120",2.83831845789011,-0.496105570727638,0.801108830222827,-0.619273626767598,0.535736115431058,NA
"AAD021_007186",3.66037073584223,-0.0806744499795395,0.74725923180847,-0.107960459430252,0.914027057630478,NA
"AAD021_007194",3.59267840835657,-0.677974735046476,0.882631515665877,-0.768128854468783,0.442410635915472,NA
"AAD021_007202",3.53647496073354,-0.746236251947637,1.07436258443159,-0.694585108194589,0.487315347438754,NA
"AAD021_007238",3.73509261031477,-0.437949824378374,0.865863584167224,-0.505795407482795,0.613000282845049,NA
"AAD021_007258",3.57342610496729,-0.524547305209952,0.878981382981005,-0.596767252829617,0.55066278432696,NA
"AAD021_007278",2.35688671775605,-0.457937808133148,0.919700071326538,-0.497920813980842,0.618539856262333,NA
"AAD021_007285",3.68908100893374,-1.42362511446529,1.03377039191097,-1.37711925743361,0.168475379746352,NA
"AAD021_007300",3.16915459984388,0.169731068244993,0.997377795433963,0.170177307958959,0.864870697030368,NA
"AAD021_007387",3.01974585877471,1.52204452814327,0.897020412822803,1.69677802911263,0.0897386340426253,NA
"AAD021_007495",1.90624847297753,0.0673976133355379,1.14057174949513,0.0590910772297938,0.9528795655635,NA
"AAD021_007524",2.44128605530235,0.340374179387063,0.921148422450852,0.369510679377214,0.711747114541994,NA
"AAD021_005708",1.85747368508242,0.899399513507245,1.10863419862601,0.811268058140292,0.417211749157649,NA
"AAD021_005750",1.99504760697772,1.12369857951384,1.1027016165226,1.01904138225303,0.308183320813578,NA
"AAD021_005757",3.64060924654371,-0.98526464341449,0.917134496656002,-1.07428588392095,0.282694569794605,NA
"AAD021_005775",2.94343670168749,-0.439811609483161,0.983016236524636,-0.447410320543712,0.654578825479433,NA
"AAD021_005867",3.05521493804917,-0.0501765332173859,0.770754719322911,-0.065100520255607,0.948093966209041,NA
"AAD021_005882",3.83482716543523,0.453765484318924,0.714250636079105,0.635302877446326,0.525230897293153,NA
"AAD021_006003",3.25613672467637,-1.03738779354863,0.814649348735696,-1.27341634183912,0.202870341474907,NA
"AAD021_006004",3.79726086157632,-0.572563026630705,0.779203021466593,-0.734805963089112,0.462457674944793,NA
"AAD021_006103",2.69963887700044,0.469847259800619,1.0393334752998,0.452065935493025,0.651221482966944,NA
"AAD021_006104",2.93354198198891,-1.85053776982009,0.99585515598854,-1.85823988427629,0.0631349564623795,NA
"AAD021_006113",3.5596090603871,0.981622289880896,0.932534817530014,1.0526387556026,0.292506587742618,NA
"AAD021_006116",2.64849527456762,-0.0985706595354264,1.05372945400489,-0.0935445613300366,0.925470950047708,NA
"AAD021_006130",2.60342381066104,-0.803428624620736,0.853724113100003,-0.941086953375797,0.34666030084321,NA
"AAD021_006147",3.86311559862696,0.296181208943095,0.770693344106018,0.384304874575836,0.700752495504151,NA
"AAD021_006150",3.46189641258531,-0.580908832862274,0.792248538440274,-0.733240649463271,0.463411666649359,NA
"AAD021_006158",3.06700960014785,0.00619626814579636,0.757889566248847,0.0081756873583372,0.993476817953187,NA
"AAD021_006175",2.6200434693208,0.95903576037193,0.915004019994112,1.04812190921096,0.294582443253654,NA
"AAD021_006187",2.80697951294084,0.0691522799614689,0.949964891394304,0.0727945638706407,0.94196959688436,NA
"AAD021_006266",3.54668049588598,-0.644739789808668,0.854327836888259,-0.754674917484863,0.450444059910685,NA
"AAD021_006278",3.70796655780779,-1.04949512094077,0.983081835493771,-1.06755621256458,0.285720744318685,NA
"AAD021_006285",2.93528431622649,-1.14550004776863,0.911875657997482,-1.25620202460958,0.209042732899691,NA
"AAD021_006290",1.90852204834843,-0.743431087949004,1.17720503301296,-0.631522179315064,0.527699151886716,NA
"AAD021_006314",3.58990066511847,-0.508642913594397,0.726789918331208,-0.699848609295928,0.48402185414122,NA
"AAD021_006315",3.58788619417756,-0.608488349278526,0.930685194850488,-0.653806843221867,0.513236257102374,NA
"AAD021_006326",2.64303954829613,0.0958818980132405,0.920106084548296,0.104207438276328,0.917004731222009,NA
"AAD021_006339",2.9886987863863,-1.38003848072094,0.826992421163278,-1.66874380635765,0.0951681635156811,NA
"AAD021_006345",5.71111350805042,0.275387408004168,0.771367117645505,0.357012117452908,NA,NA
"AAD021_006354",3.38370926660512,-0.254448563989836,0.755563211431458,-0.336766745839529,0.736292743202775,NA
"AAD021_006361",2.89533713915074,0.844886686887497,1.04377242029365,0.809454887349679,0.418253541746723,NA
"AAD021_006379",3.30088211774653,0.904462634597692,0.83806755450895,1.07922401927091,0.280487874627416,NA
"AAD021_006380",1.72611396895756,0.862743700211873,1.14363923709457,0.754384487894699,0.450618383325882,NA
"AAD021_006387",3.31802394543049,0.105610232196917,0.737293381052598,0.143240445270433,0.886100288442139,NA
"AAD021_006398",3.06084593822452,0.405058706405522,0.850467557362573,0.476277669734598,0.633876571863528,NA
"AAD021_006403",3.27454274923162,0.0655603541934185,0.876316198385139,0.0748135824879559,0.940363034842394,NA
"AAD021_006426",3.00713491616569,-1.03916401082913,0.809381869181102,-1.28389830609934,0.199177540031168,NA
"AAD021_006450",2.5788192317797,-0.486362213459104,0.874285027274941,-0.556297086517708,0.578007778538416,NA
"AAD021_006517",3.63890143728193,0.257907150600794,0.744411293692616,0.346457869172643,0.728998641375532,NA
"AAD021_006549",2.0050413261545,0.376609654888236,0.897428599283157,0.419654171027157,0.674738108869651,NA
"AAD021_006577",3.22140233622338,1.09807137506013,0.974004582059763,1.12737803834351,0.259582680393291,NA
"AAD021_003454",3.51417819709622,-0.840119377180181,0.796115650533367,-1.05527303302897,0.291300470766513,NA
"AAD021_003497",2.17581980221029,-0.740389715822398,0.994496056238758,-0.744487332229949,0.456581702150791,NA
"AAD021_003535",3.71686564164681,0.355029729194837,0.824219411370345,0.43074662437829,0.666652613533629,NA
"AAD021_003586",2.19660357129118,-1.05049667556317,1.14671733856875,-0.916090339119078,0.359619514448584,NA
"AAD021_003680",3.53306824284693,-0.0283266574718398,0.781414427222213,-0.0362504920372867,0.97108262559875,NA
"AAD021_003694",2.43884010302526,-0.4289878594604,1.03228568266385,-0.415570870220135,0.677724046010977,NA
"AAD021_003697",3.44115296859629,-0.514826607943008,0.720082352508479,-0.714955179986786,0.474636738696284,NA
"AAD021_003707",3.41446928211753,-0.326630562186665,0.862274829330501,-0.378800993692779,0.704835649412933,NA
"AAD021_003721",3.78893801722197,-0.696458829077083,0.825544567377336,-0.843635651664035,0.398873035632607,NA
"AAD021_003728",2.77569090263632,-2.03533758806651,1.00314198112976,-2.02896262578332,0.0424620971830009,NA
"AAD021_003737",3.01060256727568,-0.133169190209968,0.80289189152175,-0.165861919414291,0.868265616239202,NA
"AAD021_003742",3.23759424596609,0.234145686581674,0.800090495005062,0.292649004135704,0.769790452827527,NA
"AAD021_003805",3.6858744737426,-0.018901518449173,0.886191741343033,-0.0213289264245767,0.982983269134444,NA
"AAD021_003847",2.55398385928179,0.566616019420165,1.18601432155846,0.477748041588243,0.632829546374931,NA
"AAD021_003848",2.49364515970287,-0.249526039696504,0.930984719701,-0.268023775703476,0.788681017697618,NA
"AAD021_003859",2.99332729456247,-0.265514924664788,0.963367434142252,-0.275611272765508,0.782846650492223,NA
"AAD021_003907",2.67636258165413,-0.402718686700856,0.825901933334406,-0.487610780949457,0.625825557771647,NA
"AAD021_003919",3.67436149842223,-0.511528096083449,0.777571731557233,-0.657853256906624,0.510632428997627,NA
"AAD021_003926",3.30825513016382,-0.800452153035295,0.779904752325339,-1.02634603860111,0.304728503646564,NA
"AAD021_003935",3.30646370071608,0.440138648352248,0.85419649704383,0.515266276407668,0.606366961257642,NA
"AAD021_003946",1.90718446203262,-0.535287427484782,1.04592139072735,-0.511785524448003,0.608801122410084,NA
"AAD021_003947",3.29247459426251,-0.220896405516328,0.741690639367875,-0.297828223509188,0.765834272277071,NA
"AAD021_003978",3.05104099895114,-0.23383784332786,0.878146184146796,-0.266285781968132,0.790019122270635,NA
"AAD021_004005",3.7789800713625,-0.704285762001459,1.06493040858125,-0.661344399902847,0.508391473711618,NA
"AAD021_004006",2.73947985727376,-1.50937344823345,0.898159013484424,-1.68051917931304,0.0928563458888728,NA
"AAD021_004051",3.60587395869485,0.706265225517868,0.833793887056074,0.847050136109202,0.396967176836727,NA
"AAD021_004071",3.70795400714285,-1.80076795715282,0.884445633085826,-2.03604143634013,0.0417461945976957,NA
"AAD021_004084",3.4377775772634,-1.53450756994397,0.810747840483953,-1.89270633027896,0.0583969341119001,NA
"AAD021_004088",2.83465991859189,0.441674067742355,0.809386429762964,0.545689983796371,0.585279058156344,NA
"AAD021_004101",3.16615730901973,-0.12134701502921,0.846027582156831,-0.143431511677021,0.88594939753739,NA
"AAD021_004158",2.8138759960887,-0.63637751909417,0.782751853485132,-0.813000334985802,0.416217866105418,NA
"AAD021_004179",2.85674690419641,-0.409992677153001,0.83663789596252,-0.490047939654132,0.624099975947889,NA
"AAD021_004218",3.23483281146809,-0.517494670969284,0.820011670053052,-0.631082080741367,0.527986857040967,NA
"AAD021_004219",3.82391297182279,0.539894387198823,0.775307830599353,0.696361323709908,0.486202577810295,NA
"AAD021_004242",3.21082809388213,-0.619938460091078,0.891372754167586,-0.695487333657636,0.486749946331573,NA
"AAD021_004257",3.51947787373171,-0.918559520384348,0.867745997120536,-1.05855806126727,0.289801095231965,NA
"AAD021_004282",2.53785327731743,-0.201300231224041,0.94670045819817,-0.212633499308927,0.83161284023026,NA
"AAD021_004291",3.17401394979085,-0.425654798492346,0.847042288541018,-0.50251894651625,0.615302528343784,NA
"AAD021_004316",3.4036491563195,0.762967612631939,0.818978662891222,0.931608657469112,0.351538807319359,NA
"AAD021_004331",3.23804026718969,0.251651709655973,0.758694630761108,0.331690379044229,0.740123066209263,NA
"AAD021_004383",2.16254834713156,0.555687538547036,0.985084935880423,0.564101143268817,0.572685300046984,NA
"AAD021_004469",3.49105376515566,0.539652233568454,0.851939056172707,0.633439950496945,0.526446383169497,NA
"AAD021_004488",2.87842203913129,3.62571762743743,2.04898837682375,1.7695159564828,0.0768078103282569,NA
"AAD021_004549",2.92877636551998,-1.02054724259674,0.841813709773032,-1.21231957943747,0.225390071852598,NA
"AAD021_004560",2.4764723443844,-0.175560074249525,1.01960542614382,-0.172184327140647,0.863292618991566,NA
"AAD021_004584",3.55385775495871,0.931270704561473,0.798601740405981,1.16612656527401,0.243563277441118,NA
"AAD021_004589",3.82452491565376,0.256216283449216,0.946790994641221,0.270615463074094,0.786686801644825,NA
"AAD021_004594",3.2984866685887,0.91379538266153,0.72659129974011,1.25764701970472,0.208519440558966,NA
"AAD021_004643",2.7763637391929,0.331555114870158,0.875345300749207,0.378770657232501,0.704858178778513,NA
"AAD021_004652",2.20139356235895,-0.183199510052855,0.926815291295033,-0.197665610152884,0.843306697906343,NA
"AAD021_004683",3.60686098345704,1.0383755474292,1.03261658799301,1.00557705493322,0.31461906592472,NA
"AAD021_004764",2.60710854848481,-1.31859181617058,1.12517801340339,-1.17189618039385,0.241238740775583,NA
"AAD021_002041",3.02167568876712,-0.0919195092701291,0.827534577271565,-0.111076336620512,0.91155581324755,NA
"AAD021_002061",3.35913150616788,-1.18621286630164,1.04403925888999,-1.13617649547279,0.255882705468989,NA
"AAD021_002092",3.42775616734876,0.556050359779164,1.01526210265432,0.547691436847112,0.583903792927678,NA
"AAD021_002098",3.53415567513208,0.661943234238243,0.702804342506473,0.941859909228073,0.346264368055689,NA
"AAD021_002100",3.20992658752544,0.286888583187475,0.773041193401251,0.37111681193238,0.710550529658419,NA
"AAD021_002120",3.1720230057148,1.29847784151349,0.773189905236037,1.67937764412107,0.0930784674286106,NA
"AAD021_002153",2.35481144701255,0.0486311845603828,0.862319917744404,0.0563957570266832,0.955026536980105,NA
"AAD021_002155",3.58820634082417,1.04471962956897,0.89723113284339,1.16438183131049,0.244269307198591,NA
"AAD021_002192",2.1665396335298,-1.33776636534168,1.04738376234756,-1.27724566050486,0.201515531313613,NA
"AAD021_002272",3.15090433932779,-0.529238079157388,1.04640407997072,-0.505768363567731,0.613019270006127,NA
"AAD021_002295",2.69036128268394,-0.859684161315661,0.956923403626333,-0.898383463146395,0.368981149645874,NA
"AAD021_002305",3.35599342379006,-1.98549938904143,0.96168303588899,-2.0646089355273,0.0389600171127374,NA
"AAD021_002310",3.28367776935331,-0.140766452299866,0.766844618781947,-0.183565808316499,0.854354088267538,NA
"AAD021_002315",2.30028178069491,-0.563363763251023,1.02900158685397,-0.547485806094264,0.584045019302119,NA
"AAD021_002372",3.00303111752071,0.521712111263361,0.818631095800137,0.637298184664528,0.523930633192355,NA
"AAD021_002393",3.73203737766194,-0.753685118359184,0.793910091793929,-0.949333087146112,0.342451230463937,NA
"AAD021_002423",3.41489190648322,-1.6167270913637,0.811401022457261,-1.99251300727669,0.0463147994642185,NA
"AAD021_002438",3.3381991914987,-0.013716689852665,0.759822644927221,-0.0180524888857174,0.985596980143946,NA
"AAD021_002461",3.5680378760646,-1.2768468206835,0.703447998019246,-1.81512609926933,0.0695045331768241,NA
"AAD021_002462",3.61159468069064,-1.29063474501371,0.933113770649376,-1.38314832082644,0.16661939195977,NA
"AAD021_002489",2.67190838227156,-0.531727085427075,1.00923759490268,-0.526860164655628,0.598290698694633,NA
"AAD021_002493",2.77974920572339,-0.0558899872323825,0.816549561281685,-0.0684465339062281,0.945430179958371,NA
"AAD021_002497",2.47236921390398,0.688975039047886,0.903854390829191,0.762263309265803,0.44590286754711,NA
"AAD021_002516",3.71829591811348,-0.214270223174543,0.775797895877262,-0.276193354368729,0.78239956124155,NA
"AAD021_002522",3.46928630105057,-0.475533026896992,0.794110400357595,-0.598824831765024,0.549289701435535,NA
"AAD021_002533",1.94865923180167,0.134150354268923,1.02028367428003,0.131483388052433,0.895392926900042,NA
"AAD021_002545",2.59283645524422,-0.694942470370195,0.918175428188522,-0.75687330441989,0.44912577024623,NA
"AAD021_002556",3.82196436165692,-1.54077417861031,0.901353718774777,-1.70940014615428,NA,NA
"AAD021_002563",2.98784334241247,-0.593054733075533,0.907884715798697,-0.653226916100027,0.513610000301033,NA
"AAD021_002571",3.62308303148935,-0.326558803054689,0.731227619218439,-0.446589809345175,0.655171254846822,NA
"AAD021_002579",3.83508487483383,0.593044564959746,0.734053821365229,0.807903382148155,0.419146204164339,NA
"AAD021_002584",3.34514106694539,0.163397968159865,0.808405664417432,0.202123729894466,0.839819996939972,NA
"AAD021_002627",3.32490076552366,1.47507192776502,0.857692114094815,1.71981519186727,0.0854660402279469,NA
"AAD021_002629",3.20057053991502,0.046469168241816,0.802426192085426,0.0579108318000529,0.953819655075077,NA
"AAD021_002656",3.25749442546836,0.665375900420561,0.964055854764843,0.690183973399407,0.490078500570512,NA
"AAD021_002657",3.70313347905667,-1.1702681021162,0.900035570502879,-1.30024650188251,0.193516497346315,NA
"AAD021_002658",2.89245651948975,-0.0247609041339913,0.862199099542907,-0.028718313608908,0.977089250243596,NA
"AAD021_002685",3.0902998936421,-1.59444049487666,0.992742406626635,-1.6060968930446,0.108252622444718,NA
"AAD021_002687",3.02012858610658,0.0906004089551935,0.888389543352577,0.10198275028462,0.918770366967783,NA
"AAD021_002703",3.2504464860553,-0.100539177670622,0.834917467483338,-0.120418103089487,0.904151951556534,NA
"AAD021_002735",3.2093388422669,-1.0057337416767,0.95651599404205,-1.05145522703354,0.293049562475143,NA
"AAD021_002736",3.41160630589553,-0.616501282821124,0.820015399101866,-0.751816714047512,0.452161289226863,NA
"AAD021_002779",3.06020359561922,1.21432071450014,0.909232884346795,1.33554421029605,0.181698295703467,NA
"AAD021_002787",3.84123991887165,-0.860916077374877,0.752388143382098,-1.14424460957735,0.252522207486561,NA
"AAD021_002807",2.89468713131167,0.376983022186386,1.07362413954712,0.351131283565779,0.725489859413989,NA
"AAD021_002811",3.53597973396569,-1.36678521840526,0.74633910076315,-1.83131932523391,0.0670528948270171,NA
"AAD021_002866",3.7930768885992,-0.914790823043368,0.925742761395228,-0.98816956631089,0.323069610312995,NA
"AAD021_002889",3.16569027493908,-0.359674638000103,0.85505140710204,-0.420646799727657,0.674013014308467,NA
"AAD021_002967",2.83311373274085,0.0698905477403656,0.830036771380366,0.0842017488263036,0.932896027765991,NA
"AAD021_003015",3.84568830087901,-0.172963513609423,0.779930310647727,-0.221767908296548,0.824494562871879,NA
"AAD021_003032",2.58136831539812,-0.801880429863031,0.889482421898364,-0.901513520808685,0.367315348206673,NA
"AAD021_003035",3.42200658686493,-1.33888139811442,0.888962256793734,-1.50611725962746,0.1320370746401,NA
"AAD021_003057",2.40480276670569,-0.0206589758678113,1.14514281769904,-0.0180405234600534,0.985606525617852,NA
"AAD021_003064",2.93314124503122,-0.820088839021074,0.821466798027187,-0.998322562750652,0.318122970131905,NA
"AAD021_003074",3.89256227618108,0.0530241190404426,0.724924015572946,0.0731443818957146,0.941691224574665,NA
"AAD021_003092",2.58385683347149,0.0858524562451315,0.938035814794529,0.0915236442906362,0.927076519651333,NA
"AAD021_003095",3.7741952886239,-0.23475566886396,0.85617212309659,-0.274192142597331,0.783936966120598,NA
"AAD021_003128",2.16332830807759,-0.283340038641618,0.846203695310009,-0.334836683191056,0.737748287002984,NA
"AAD021_003142",2.1381830525694,-0.98378873261956,0.944940526919645,-1.04111179973046,0.297823663786392,NA
"AAD021_003175",3.81877693260322,-0.221919548844223,0.800087859612123,-0.277368974142175,0.781496802410934,NA
"AAD021_003216",3.81599690829416,-1.07852150923296,0.824841942816366,-1.30754930520437,0.191026221159149,NA
"AAD021_003265",3.78026180542849,-0.516803184325964,0.913506659497191,-0.565735541118464,0.571573570832815,NA
"AAD021_003266",3.62663864952102,0.126969473647657,0.721702916542148,0.175930387334443,0.860348632032269,NA
"AAD021_003270",3.09221101572121,-0.098394660728165,0.836420449589452,-0.117637798999846,0.906354653603156,NA
"AAD021_003272",2.9977847935723,-0.5108242515767,0.856086607748584,-0.596696931073496,0.55070974193691,NA
"AAD021_003279",2.87057314882507,-0.922751851662033,1.30773758781113,-0.705609336508036,0.480431116467241,NA
"AAD021_003320",3.11482149808001,-1.56830606880859,0.944388559613447,-1.66065763169614,0.0967822271611008,NA
"AAD021_003341",2.48434253513996,0.0316463702513288,0.904797951330348,0.0349761736361122,0.972098739929809,NA
"AAD021_003342",2.72766341334601,-1.15911032661297,0.893227853514023,-1.29766478066368,0.194402551042363,NA
"AAD021_003377",2.58739031570231,0.27628999174019,0.893243364838449,0.309310992520117,0.757084969880087,NA
"AAD021_003385",2.31297256687039,-0.87198904733563,1.03740755403489,-0.840546267418353,0.400602171417546,NA
"AAD021_000045",2.30079077976015,0.0930991727012279,1.06871261805133,0.0871133840180377,0.930581386922521,NA
"AAD021_000070",2.54163817870066,0.185775808024639,0.878683236611668,0.211425232989556,0.832555468665131,NA
"AAD021_000152",2.9704148418243,-0.0285632355868862,0.901289006823589,-0.0316915388633792,0.974718042507968,NA
"AAD021_000177",2.69862351141266,0.220673302371538,0.921175515901893,0.239556195928074,0.810674326581025,NA
"AAD021_000224",22.5422755379093,4.4314339447035,1.40007341836641,3.16514397500242,NA,NA
"AAD021_000247",3.15816048364911,-1.22280926311133,0.911581518432661,-1.34141515419683,0.179785700096668,NA
"AAD021_000356",2.88450892522628,1.14967732712657,1.08851235141342,1.05619134742359,0.290880803056114,NA
"AAD021_000412",3.78412923650813,0.292870703367044,0.782429377393351,0.374309441630039,0.708174108412008,NA
"AAD021_000430",3.27517339195801,-0.734060593739532,0.737291671346262,-0.995617639894359,0.319435960614903,NA
"AAD021_000469",3.49372481674857,-0.202031861436618,0.778932645530233,-0.259370129877008,0.795349674212699,NA
"AAD021_000479",3.62232279864582,0.107950955260829,0.74516886557843,0.144867774604396,0.884815270126469,NA
"AAD021_000510",3.2783332045754,-0.192867976851102,0.773226695120708,-0.249432641252762,0.8030261388055,NA
"AAD021_000515",3.7619694678732,-0.886460956721093,0.768543872122328,-1.15342921708964,0.248734255003598,NA
"AAD021_000530",3.42479395366612,-0.14484032572168,0.765828806328173,-0.189128855593887,0.84999182610167,NA
"AAD021_000544",2.26332826604759,-0.114635611383477,1.1862898788049,-0.096633726234741,0.923017272159678,NA
"AAD021_000563",2.52655868115325,0.524984627614179,0.874723115465678,0.600172349778011,0.54839137906679,NA
"AAD021_000597",3.81324684603401,0.81237249169595,0.852283121555853,0.953172098742204,0.340502880625202,NA
"AAD021_000617",3.72344464561716,-1.16434477905893,0.8981953814289,-1.29631570494899,0.194866740060192,NA
"AAD021_000623",10.3245650465268,-0.436947912478876,1.49134797113658,-0.292988572040548,NA,NA
"AAD021_000635",3.22024800133154,-0.196275220253358,0.860342850550535,-0.228136050793891,0.819540474487209,NA
"AAD021_000639",2.45649232337816,0.176563696944114,0.851258200762921,0.207414973254733,0.835685789892547,NA
"AAD021_000673",3.80379842231844,-0.326403612081278,0.930799438844171,-0.350670185713254,0.725835795231289,NA
"AAD021_000683",3.68322015034688,0.307790924874776,0.815451057593489,0.377448679486799,0.705840196457028,NA
"AAD021_000700",6.10747826350792,-0.685749476292221,0.841274606272009,-0.815131552978907,NA,NA
"AAD021_000734",3.35958810805327,-0.594224660295367,0.862476047687752,-0.688975261270674,0.490838835707991,NA
"AAD021_000752",3.06711964157741,0.121559368889135,0.88152897482928,0.137896056011859,0.890322567477771,NA
"AAD021_000797",2.60793555364608,-0.386306688741263,0.895974450899683,-0.431158152281415,0.666353379649959,NA
"AAD021_000800",3.78180152765424,-1.32691697786405,0.822345520148633,-1.61357597913857,0.106619430601816,NA
"AAD021_000815",2.56921925087906,-0.416260266978163,0.922079041616658,-0.451436642837412,0.651674878751367,NA
"AAD021_000818",3.16593505673898,-0.61363824104883,0.913722301707696,-0.671580675990916,0.501850683709368,NA
"AAD021_000835",2.86230196520049,-0.259616701546452,0.808919070774134,-0.32094273818764,0.748253785342708,NA
"AAD021_000847",3.37644252632854,0.659890058000318,0.827412755473746,0.797534306348093,0.425140786866786,NA
"AAD021_000849",3.65504820049816,-0.524854274177434,0.776393976885364,-0.676015386264299,0.499030876286417,NA
"AAD021_000851",2.42397955919189,0.692848580723241,1.00393629678557,0.690132016285916,0.490111170930881,NA
"AAD021_000895",2.80953144215864,0.700672999937776,0.866878648729124,0.808271147253412,0.418934508316368,NA
"AAD021_000915",3.71816285837724,-0.443032315575697,0.734037178086692,-0.603555690095269,0.546139079610427,NA
"AAD021_000938",3.02846772238682,-0.615319074968033,0.908828166539507,-0.677046660328485,0.498376349976574,NA
"AAD021_000941",3.36404248250928,0.603787705099692,0.809133176829948,0.746215483914816,0.455537256070249,NA
"AAD021_000966",2.41166423850438,0.239345969478406,0.910029562124144,0.263009004806104,0.792543638562234,NA
"AAD021_000972",3.28963733503067,0.351354375708111,0.707303052348298,0.496752240134676,0.619363778491472,NA
"AAD021_000974",3.45155373851538,0.463224868985995,0.834001253079161,0.555424667859614,0.578604223751031,NA
"AAD021_000988",1.98166889565592,-0.328700641690408,1.04025765164763,-0.315980027803487,0.752017667596073,NA
"AAD021_001012",3.4463680115034,0.339431484438967,0.85688405131167,0.396123003945965,0.692014288725807,NA
"AAD021_001014",3.83292184682259,-0.686621939150751,0.772564509484922,-0.888756771403504,0.374133812922705,NA
"AAD021_001080",3.08962007909473,0.0243805689145277,0.725299580792256,0.033614480912696,0.973184574695886,NA
"AAD021_001081",1.86651454561506,-1.06643466268061,1.14463394611923,-0.931681841427342,0.351500973497566,NA
"AAD021_001141",2.32026647780791,-0.61395426803301,0.861729594793785,-0.712467427998607,0.476175374365713,NA
"AAD021_001142",3.10960823977262,-0.0170533125900975,0.777848851772313,-0.0219236842109388,0.982508832045674,NA
"AAD021_001146",2.99403036604314,-1.01019207298024,0.778078209523839,-1.29831687947983,0.194178468456461,NA
"AAD021_001178",3.89388061635305,0.054292841144567,0.677231407385889,0.0801688175599197,0.936102990295914,NA
"AAD021_001252",3.02619331632041,-0.678871493725597,0.782471346961513,-0.867599173262748,0.385613799196415,NA
"AAD021_001254",2.69051956641627,-0.0758207540656688,0.870672810713089,-0.0870829468116398,0.930605580358524,NA
"AAD021_001278",3.40058142506474,0.931221373724943,0.787057999620022,1.18316740846865,0.236742806829455,NA
"AAD021_001310",3.57768332157343,-0.765404994486249,0.795650127822737,-0.961986893134482,0.336056187847708,NA
"AAD021_001313",3.38244846412945,0.420987998509209,0.699283143917888,0.602027951296711,0.547155531810218,NA
"AAD021_001322",3.86044171071886,3.34977142066217,1.04678705556221,3.20005048100549,0.00137403519293299,NA
"AAD021_001334",2.5215672231304,0.0930332105701658,0.912700810910985,0.101931771570694,0.918810831230289,NA
"AAD021_001337",2.78892214907989,-0.228427590637692,0.89545940219642,-0.25509541814782,0.798649402918359,NA
"AAD021_001341",2.29786181271002,-0.0958882238336419,1.01746249502515,-0.0942425143948638,0.924916513434329,NA
"AAD021_001391",2.36429893126295,-0.0637712109844127,1.14461373370057,-0.0557141759764128,0.955569506248145,NA
"AAD021_001406",3.7325733719728,0.726840517244532,0.767376513955582,0.947175870027478,0.34354916900694,NA
"AAD021_001424",2.99401758892131,-0.00144616827904069,1.10552246134607,-0.00130813106888833,0.998956262714302,NA
"AAD021_001461",3.19623354113188,0.0224220492088179,0.821087640115076,0.0273077417237402,0.978214282169836,NA
"AAD021_001479",3.02718707227911,0.556201564782218,0.770911024577868,0.721486069143687,0.470610508701023,NA
"AAD021_001493",2.66927056930189,0.449598207165187,0.913019082196147,0.492430241527633,0.622415225012764,NA
"AAD021_001495",3.37727919460626,0.748967801261227,0.788367643342201,0.95002351705615,0.342100303308253,NA
"AAD021_001507",3.62537314210903,-0.898943473423548,0.957268631653101,-0.939071273934014,0.347694151763709,NA
"AAD021_001530",3.11845900044848,1.86201291252248,0.998229261034088,1.86531590007047,0.0621371377389714,NA
"AAD021_001551",3.54400031478626,0.708422133291336,0.816784903038122,0.867330102033327,0.385761167856022,NA
"AAD021_001561",3.4834920208726,0.299059093876277,0.904123352339723,0.330772447257734,0.740816374367254,NA
"AAD021_001663",2.8069379451275,-0.483422961645115,0.801205232737021,-0.603369700911313,0.54626277395448,NA
