"","baseMean","log2FoldChange","lfcSE","stat","pvalue","padj"
"AAD021_006401",17.2195228556442,-3.73358840399432,0.853141746123628,-4.37628145728235,1.20721111861165e-05,0.00979884765557896
"AAD021_004381",111.813500884274,3.09002104964984,0.717047764288319,4.30936571250136,1.63723436183441e-05,0.00979884765557896
"AAD021_010209",13.8689079177462,4.03592450462973,0.982548663697936,4.10760774885191,3.99778292744489e-05,0.0159511538805051
"AAD021_005020",24.2263686500137,1.65280873142155,0.459581221771118,3.5963365192599,0.000322730247068889,0.0965770264353652
"AAD021_011010",8.06421707592764,2.76995614575614,0.8038869119284,3.44570374844323,0.000569574406083646,0.0977699438008414
"AAD021_010743",6.69229282876534,2.96644129499162,0.881944248334559,3.36352473593809,0.000769539396825843,0.0977699438008414
"AAD021_009418",11.582696417918,-2.54050112736149,0.759029000404488,-3.34704092466514,0.000816791510449803,0.0977699438008414
"AAD021_005114",5.8034289257773,4.17989428343438,1.23003966284539,3.39817845691678,0.000678361539199666,0.0977699438008414
"AAD021_007232",18.4149963030079,2.48396353438757,0.740765173679075,3.35324016658443,0.00079871367779363,0.0977699438008414
"AAD021_003738",24.3651275828414,3.42370401535609,1.00517281558189,3.40608496597088,0.000659016660269923,0.0977699438008414
"AAD021_005235",76.7820473337172,4.0347755605892,1.22975905816137,3.28094803108964,0.00103458804949343,0.112581990476695
"AAD021_011287",7.6891303420081,-2.92643061062865,0.915563751935717,-3.19631549899336,0.0013919481636973,0.13838256294796
"AAD021_002660",9.32514667286935,3.57246017931401,1.12549531702157,3.17412265096573,0.00150290168615162,0.13838256294796
"AAD021_004710",19.926532448083,-2.34260685682566,0.752335320839575,-3.11378024125121,0.00184707007619598,0.157924491514756
"AAD021_004184",29.3681126494458,3.17815830404007,1.03251868588741,3.07806371688913,0.00208350361682007,0.165060957764335
"AAD021_000995",125.968610453757,2.77485843556836,0.906533805110125,3.06095417504179,0.00220632859167031,0.165060957764335
"AAD021_002044",9.31817136038677,-3.7938155479521,1.27406195018561,-2.9777323994327,0.00290389400267223,0.193108951177703
"AAD021_001542",12.6425979209346,2.15448243666442,0.719492345885907,2.99444802850769,0.00274941891124021,0.193108951177703
"AAD021_001474",10.9204979234218,-2.29108514969533,0.77668899171947,-2.94981025110608,0.00317969146189285,0.20032056209925
"AAD021_010541",9.82562703102966,-3.56892680414621,1.23650608915047,-2.88629941693066,0.00389801126180599,0.233295974019089
"AAD021_005139",11.621399943271,1.86952128982959,0.660121181167033,2.83208802136064,0.00462451164380096,0.242259483427933
"AAD021_001025",5.36939518854199,-2.45142539832697,0.866231079421332,-2.82999012222535,0.0046549441260171,0.242259483427933
"AAD021_001042",72.0802496775599,2.33480143848044,0.817842199070446,2.85483121454746,0.00430597063555315,0.242259483427933
"AAD021_012319",1151.30859709438,-2.25223599648338,0.799901245532414,-2.81564256720752,0.00486797927715728,0.24279046644822
"AAD021_006457",6.20900872924596,-2.36124470449159,0.847172839965188,-2.78720538844071,0.00531647713044254,0.254552925005589
"AAD021_003271",15.2567680476203,-1.71085734386667,0.622426214085375,-2.74869101774689,0.0059833759869828,0.275465425246862
"AAD021_011968",31.7693089540722,2.01122426553405,0.756814353008269,2.65748694846974,0.0078725638686879,0.336552105386408
"AAD021_010481",6.6746091285235,-1.91466942888122,0.719416211400391,-2.66142102240675,0.00778115928689201,0.336552105386408
"AAD021_008756",10.0194680849055,-3.12799199899963,1.18611890784681,-2.63716561493648,0.00836020040746898,0.342770473850098
"AAD021_004452",6.89633349896606,-2.99560098620565,1.13991102608101,-2.62792526580295,0.00859073869298492,0.342770473850098
"AAD021_008434",12.1934171019196,2.35959007396564,0.904917660752857,2.60751908853514,0.00912009853386028,0.348191586313231
"AAD021_006960",9.92315480205339,-2.92771610518257,1.12582141664291,-2.60051555415667,0.00930837991814819,0.348191586313231
"AAD021_011059",23.6098733170459,1.4883084483256,0.579674731718342,2.56748891557474,0.0102438064428242,0.349127510915483
"AAD021_009666",8.33320073100998,-2.78068954193638,1.09073555587077,-2.54937095152864,0.0107917442805955,0.349127510915483
"AAD021_004713",9.70011192501932,-1.86009997233863,0.727758451326962,-2.55593043123994,0.0105904289824063,0.349127510915483
"AAD021_000660",8.09077070840688,2.20734852130547,0.865294978413377,2.55097807842698,0.0107421082228738,0.349127510915483
"AAD021_001731",29.7497127318089,-2.86596404250459,1.10706604360371,-2.5887922938864,0.00963131689433111,0.349127510915483
"AAD021_002105",10.3004120329855,1.67104940814901,0.663019443611751,2.52036259909075,0.0117233998256535,0.361992194048883
"AAD021_001015",20.3791958174309,-1.29727540958572,0.515151247524434,-2.51824180921582,0.0117942318863045,0.361992194048883
"AAD021_009406",7.04985041912297,-3.05556795537738,1.21859848293884,-2.50744441106509,0.0121607707979178,0.36391106612769
"AAD021_012479",15.6803031511245,1.51333146340592,0.614804593967592,2.4614836620523,0.0138363699401759,0.394936390551992
"AAD021_010243",7.6706872811639,1.88461583865552,0.769631507735091,2.44872490239083,0.0143362896854072,0.394936390551992
"AAD021_005318",18.0143771615815,-2.57391753591933,1.04906555826333,-2.45353354291824,0.0141460345617,0.394936390551992
"AAD021_001317",84.7195723808321,1.62476915289777,0.664744210235043,2.44420203723666,0.0145172942224625,0.394936390551992
"AAD021_006437",11.8260522966567,-1.58586474402505,0.656178898494748,-2.41681765089211,0.0156568584478181,0.416472434711961
"AAD021_009355",24.8500872291132,1.36849219453096,0.570539301872041,2.39859408465061,0.0164581478117108,0.41998963260646
"AAD021_007536",12.5191914299779,-1.62392607835033,0.677237567836398,-2.39786768406596,0.0164908209962436,0.41998963260646
"AAD021_011647",6.8852444700233,-2.54615993090165,1.07776308090514,-2.36244864572956,0.018154656544416,0.434022436530299
"AAD021_009582",51.9924349056991,1.5712581907974,0.670613251990657,2.34301691195821,0.0191285160079865,0.434022436530299
"AAD021_008495",8.65096809025993,1.60358906366817,0.680723639827349,2.35571231825426,0.0184872287809652,0.434022436530299
"AAD021_009390",8.04933138464497,2.28039725381143,0.964059010102104,2.36541252134547,0.0180099975159478,0.434022436530299
"AAD021_005368",11.5627004838631,1.3743976062193,0.58702644086493,2.34128739447281,0.0192173676993365,0.434022436530299
"AAD021_007132",12.316864791337,1.27454020561618,0.543706862020519,2.34416796006536,0.0190695816442203,0.434022436530299
"AAD021_000245",47.6769230699861,3.82752908976619,1.64121184829278,2.33213591148983,0.019693542376941,0.436540189355525
"AAD021_010249",18.6812552085413,1.35427716520418,0.585560928788394,2.31278608018873,0.0207344034798524,0.436633273998756
"AAD021_007869",45.2054863954421,-2.58439502714321,1.12787852352909,-2.29137710598189,0.0219416125174407,0.436633273998756
"AAD021_007176",29.9782983038879,1.10392323970445,0.478842838295387,2.30539782872029,0.021144302997603,0.436633273998756
"AAD021_007399",9.23807636840376,1.65071928127789,0.722082652327878,2.28605309372305,0.0222511526432115,0.436633273998756
"AAD021_003933",35.4336017462498,1.974587453195,0.863612220585637,2.28642833684774,0.0222292121372344,0.436633273998756
"AAD021_004387",24.4680295768742,-1.81681196841323,0.782480593266174,-2.32186201683243,0.0202403666156854,0.436633273998756
"AAD021_001565",11.9756368435942,-1.73263558817779,0.756186338830607,-2.29128126125262,0.021947151680482,0.436633273998756
"AAD021_009622",13.0269665944603,1.52075159677291,0.674671890023256,2.25406100248299,0.0241923305698256,0.443043606948255
"AAD021_007940",21.7525254753647,3.69490247644625,1.63832636333541,2.25529086214783,0.0241150778229762,0.443043606948255
"AAD021_008068",27.8439110903173,1.25617801456743,0.552432696336393,2.27390236475524,0.0229718574957405,0.443043606948255
"AAD021_003730",8.88839242640969,1.61598088063259,0.718110739647016,2.25032267506112,0.0244284695560441,0.443043606948255
"AAD021_002428",16.2480209116442,2.61433741170224,1.15401001210898,2.26543737426028,0.0234858530187987,0.443043606948255
"AAD021_012306",11.4703040924477,1.54451714587367,0.69394329649739,2.22571088108995,0.0260335534521866,0.461311755014513
"AAD021_010188",10.49148548149,-3.1940053541303,1.44039137221443,-2.21745659946567,0.0265919056775283,0.461311755014513
"AAD021_009021",78.582651059214,-1.15663287393579,0.520605655803418,-2.2217063165609,0.0263031593995636,0.461311755014513
"AAD021_012157",6.50683696338808,-3.20746200874176,1.46210455928696,-2.19372957177972,0.0282548565756907,0.468682311190915
"AAD021_010226",13.4200702142506,-1.391585443409,0.650710585071523,-2.13856278864135,0.0324710938933314,0.468682311190915
"AAD021_010720",35.3302910332596,-2.49158420101347,1.15110101923551,-2.16452262605781,0.0304242620311176,0.468682311190915
"AAD021_009517",13.1737235945096,1.30460149011385,0.606694742754897,2.15034250039794,0.0315281329451739,0.468682311190915
"AAD021_008317",39.027887322915,-1.22563000285545,0.564529856169296,-2.1710632120897,0.0299263944107999,0.468682311190915
"AAD021_009019",6.94521346674296,-2.92884971173001,1.34931348542144,-2.1706221299754,0.0299597478464351,0.468682311190915
"AAD021_004871",6.75850536498651,1.91663622213912,0.881531136948274,2.1742127326032,0.0296891625904788,0.468682311190915
"AAD021_005190",20.7947101691173,0.966906845554316,0.449807065903016,2.14960350525661,0.0315865909201501,0.468682311190915
"AAD021_007418",7.22257080911689,-1.62234231424907,0.759616089381963,-2.13573979925707,0.0327006284686459,0.468682311190915
"AAD021_006399",8.28347100055647,-1.39490045227873,0.642639081878505,-2.1705814221589,0.0299628276713149,0.468682311190915
"AAD021_002370",9.17048219269498,-1.7360769002612,0.807232820271562,-2.15065202586432,0.0315036756194046,0.468682311190915
"AAD021_002707",88.1998873099141,0.838858252459836,0.39255088475204,2.13694143878879,0.0326027550085084,0.468682311190915
"AAD021_003391",29.7848424262248,-1.89895422319775,0.890240442811157,-2.13308015663873,0.0329181512870251,0.468682311190915
"AAD021_000474",14.2470191523617,-1.24972154236714,0.58709018796184,-2.12867046323106,0.033281534211552,0.468682311190915
"AAD021_001163",8.83047510681662,1.53404960723852,0.70851103832692,2.16517389885842,0.0303743703979971,0.468682311190915
"AAD021_001309",29.6114217305864,1.49097990356595,0.695144095769255,2.14485012911749,0.0319648316918301,0.468682311190915
"AAD021_006281",18.28456697652,1.99439536562668,0.951720346213629,2.09556869679342,0.0361204685112734,0.491320463727207
"AAD021_000082",9.97985027004738,-2.13763870295382,1.01956253656405,-2.0966234304349,0.0360269234749524,0.491320463727207
"AAD021_000888",10.475899433449,-1.44832251526275,0.688973502427929,-2.10214545284963,0.0355405363251485,0.491320463727207
"AAD021_012487",21.1291909526621,1.14285027056718,0.552754048552846,2.06755658065146,0.0386817385276289,0.492420488185369
"AAD021_009665",15.3900977616636,-2.50210199740742,1.21771964687268,-2.05474388446737,0.039903748833735,0.492420488185369
"AAD021_008328",18.1221504365751,-1.15117976295125,0.5560338131256,-2.07034129180056,0.0384203953795777,0.492420488185369
"AAD021_008809",7.76721566001172,-1.48617541602946,0.715108305906835,-2.0782522084467,0.0376861357431253,0.492420488185369
"AAD021_006840",14.1361143309081,3.31265258583777,1.59398930148561,2.07821506879021,0.037689554805746,0.492420488185369
"AAD021_007296",21.8524302289073,1.81656105032258,0.878102654355547,2.06873426621831,0.0385710298198244,0.492420488185369
"AAD021_004611",36.7323772005946,0.999526034568579,0.486332087059495,2.05523357632437,0.0398564495255849,0.492420488185369
"AAD021_002392",9.55439714252415,1.47810864072878,0.719048754913692,2.05564453123377,0.0398167921353633,0.492420488185369
"AAD021_000654",9.7426094304379,-1.60833238547119,0.772034053782948,-2.08324021147824,0.0372293334773699,0.492420488185369
"AAD021_003318",7.17146103958047,-2.11582912283945,1.0333276102033,-2.04758791108192,0.0406003948721491,0.492736483897571
"AAD021_003330",23.62638040243,3.41077165956485,1.66711987826145,2.0459066585672,0.0407655551094955,0.492736483897571
"AAD021_001151",24.4255338783858,1.28969957289386,0.631626233074907,2.04187145080295,0.0411642843690535,0.492736483897571
"AAD021_006091",17.7817967701175,2.04061376174597,1.00511555954498,2.03022800947362,0.0423333679864296,0.501713281977784
"AAD021_009448",9.31781231702912,-2.14883525202085,1.06218942874487,-2.0230245132076,0.0430706202688117,0.505446396683995
"AAD021_006352",28.0053575251775,0.941936867581964,0.467672291226897,2.01409594977474,0.0439994606879329,0.511333538285977
"AAD021_009076",10.0401097706545,1.22878726789489,0.620781368028356,1.97942034213688,0.0477687000715104,0.519810308959981
"AAD021_003777",14.7158310951932,-1.22322521810368,0.617591808702825,-1.98063705001676,0.0476319908717918,0.519810308959981
"AAD021_003912",14.9284595232437,-1.30523151985857,0.653407015022316,-1.99757806367291,0.0457624234277435,0.519810308959981
"AAD021_004150",9.27124174384848,-1.75481706258023,0.880036712742867,-1.99402710951783,0.0461490919733721,0.519810308959981
"AAD021_004603",33.0448213886514,-1.05456211776477,0.527397450720877,-1.99955861812251,0.0455479462061552,0.519810308959981
"AAD021_001915",59.7046830689518,2.19071829996605,1.10559956700637,1.98147535992426,0.0475379899358069,0.519810308959981
"AAD021_003354",10.2264925193073,-2.03641050427382,1.0256273771299,-1.98552666366265,0.0470859065968055,0.519810308959981
"AAD021_008207",27.1382655391014,1.04145698561136,0.537133441606227,1.93891667310273,0.0525114853848056,0.528203764753045
"AAD021_008946",30.7538220664891,1.08498046863553,0.559445622843598,1.93938503463606,0.0524544714242221,0.528203764753045
"AAD021_006512",12.969490243655,-1.16951887439882,0.599743419669381,-1.95003202376699,0.0511723022684889,0.528203764753045
"AAD021_003965",10.6438022181072,1.37020910080227,0.696544411383926,1.96715252955641,0.049165628831569,0.528203764753045
"AAD021_004092",22.8281147515052,-1.06892212077047,0.55004313032321,-1.94334237051985,0.0519748053119163,0.528203764753045
"AAD021_004576",9.46651707488738,1.53430480429146,0.790301399061037,1.94141729486292,0.0522076821953293,0.528203764753045
"AAD021_001920",8.42699321265445,1.51795764653638,0.777153994181157,1.95322633339325,0.0507927820468965,0.528203764753045
"AAD021_002188",8.15964376254171,-1.2774762571989,0.655447667391469,-1.9490133549227,0.0512938298699683,0.528203764753045
"AAD021_002338",14.4471534167739,1.08779381627197,0.556193334113747,1.95578362693845,0.0504906484400315,0.528203764753045
"AAD021_010912",79.9756041973766,1.37571769364152,0.722837267602597,1.90321909965199,0.0570119619415534,0.529455037373427
"AAD021_010578",24.7271271828593,1.42964169717737,0.755088778465513,1.89334252865296,0.0583123329188157,0.529455037373427
"AAD021_007760",21.246878388976,1.10226188649696,0.583971146959933,1.88752799215367,0.0590893449932791,0.529455037373427
"AAD021_008307",6.84849751303691,1.38770337653316,0.720384133089521,1.92633806436255,0.0540621754838961,0.529455037373427
"AAD021_008475",7.255147333812,1.57768200233415,0.821715020764176,1.91998681108074,0.0548595653623462,0.529455037373427
"AAD021_009028",11.8562637661151,-1.29210782132111,0.680407892998082,-1.89901944791924,0.0575619190013,0.529455037373427
"AAD021_006168",14.9034828047682,-1.11270277527199,0.586104180404668,-1.89847268194494,0.0576338430905035,0.529455037373427
"AAD021_006436",9.53393525762453,-1.50255136251314,0.794403179295688,-1.8914216378707,0.0585680823999885,0.529455037373427
"AAD021_003876",6.67488418645053,1.55349977605905,0.80565187716407,1.92825191635801,0.0538237994709295,0.529455037373427
"AAD021_003913",16.0788396869685,-1.28151655577926,0.673708794905133,-1.9021817222376,0.0571474014933075,0.529455037373427
"AAD021_004040",30.7078685148088,0.87837199057009,0.465688231512809,1.88618034799088,0.0592706558128982,0.529455037373427
"AAD021_000229",8.68140227750575,-3.54183493703334,1.84601921414923,-1.91863384188319,0.055030689569293,0.529455037373427
"AAD021_000339",15.7840088495323,1.08278600424092,0.570988077529698,1.89633732621081,0.0579154535589831,0.529455037373427
"AAD021_000399",6.03081646876264,-1.46378732458004,0.775242303781216,-1.88816750252207,0.05900346705492,0.529455037373427
"AAD021_001318",7.83224925026875,1.28042013620248,0.671402304538366,1.90708332030951,0.056509798816775,0.529455037373427
"AAD021_008174",6.9607787177557,-1.32105038958015,0.701794124442217,-1.88239021041978,0.0597830541184411,0.530076413183511
"AAD021_000843",36.9868178527939,0.966948182574405,0.516607813670883,1.87172581789563,0.0612445457811812,0.539042068382896
"AAD021_000239",150.307939484435,1.0041142604522,0.537427357240464,1.8683720635437,0.0617102282463499,0.539176227816648
"AAD021_006002",13.0556437048803,-1.38592093070248,0.745074986425563,-1.86010932584292,0.0628700600277719,0.541406200383043
"AAD021_000605",11.795079714318,-1.22788902688028,0.659674882949805,-1.86135482586459,0.0626940855046527,0.541406200383043
"AAD021_002175",26.7607334680976,-1.10113705448877,0.595742422577074,-1.84834420507684,0.0645525646792984,0.544150844514931
"AAD021_002443",24.61810236552,-0.782677560845631,0.422572068502785,-1.85217533098848,0.0640006499626399,0.544150844514931
"AAD021_003192",14.0312375118994,-1.30438950074067,0.705413153364152,-1.84911423117073,0.0644413198714912,0.544150844514931
"AAD021_002601",7.28780695878195,1.47321951353093,0.800366451111552,1.84068124230459,0.0656682843316235,0.549684869545128
"AAD021_003080",13.0368445707131,-1.15835769150179,0.630393653870276,-1.83751483599192,0.0661339283402776,0.549738279328557
"AAD021_008208",34.2123692247626,-1.10332467061317,0.608329668640287,-1.81369531602704,0.0697246466124699,0.575588979276734
"AAD021_006011",8.19719650816429,-1.49949129173545,0.831178761074214,-1.80405390748617,0.0712228564877225,0.579137866424292
"AAD021_003307",18.7693917018736,1.550908924234,0.860843758432401,1.80161487963647,0.0716060185720929,0.579137866424292
"AAD021_000588",8.31143656157747,-2.19001249434439,1.21309898048158,-1.80530404326528,0.0710271172918352,0.579137866424292
"AAD021_012492",10.7666468755922,1.14408448498312,0.642857076951782,1.77968715909296,0.0751271731051897,0.582470958474906
"AAD021_010974",20.585101193923,1.01379254717412,0.570895879232287,1.77579237134698,0.0757671455620355,0.582470958474906
"AAD021_011003",12.8133270821082,1.32926659824484,0.769141579860076,1.72824696135485,0.0839439575698505,0.582470958474906
"AAD021_011213",9.41889956126311,1.93567225798464,1.09884658516186,1.7615491408198,0.0781455033819623,0.582470958474906
"AAD021_010352",7.69522301051276,1.29396297113251,0.744098952964194,1.73896625707895,0.0820406984047294,0.582470958474906
"AAD021_010740",7.62075243619015,1.13522866686795,0.644028370186192,1.762699780663,0.0779511377846261,0.582470958474906
"AAD021_009535",6.57603887947984,1.27217849017194,0.738985758064368,1.7215196318589,0.0851565728764482,0.582470958474906
"AAD021_009744",9.30912989608031,1.30004448430141,0.738525130739524,1.7603253162145,0.0783526641136529,0.582470958474906
"AAD021_009752",21.1740645234702,1.24503120324692,0.69854433637045,1.78232237872824,0.0746966753571053,0.582470958474906
"AAD021_008492",17.2482331777642,-0.960423670693524,0.553655184209921,-1.73469642854346,0.0827945892367026,0.582470958474906
"AAD021_009098",36.3725478857059,1.12255851709195,0.632134421308132,1.77582248213748,0.0757621808949893,0.582470958474906
"AAD021_007067",13.329475094198,3.08740803559603,1.78060832878001,1.73390632049406,0.082934706235354,0.582470958474906
"AAD021_007390",21.1764408796734,-1.0181453650081,0.579340930714586,-1.75742004583083,0.0788462389887104,0.582470958474906
"AAD021_003528",7.98166373202713,1.24520083533931,0.699847548588995,1.77924583411035,0.0751994670001158,0.582470958474906
"AAD021_003814",24.6751243849726,0.858699010369676,0.489160734858728,1.7554536764233,0.0791817376414771,0.582470958474906
"AAD021_004502",14.38498638104,1.29236865028111,0.736864813397747,1.75387483128945,0.0794519571091927,0.582470958474906
"AAD021_002313",21.5326543839552,-1.21339038374699,0.700481605863856,-1.73222304995517,0.0832338565619484,0.582470958474906
"AAD021_002471",6.04287983466747,1.31046314495576,0.75653621609446,1.7321882509748,0.0832400502364302,0.582470958474906
"AAD021_002621",24.5841970893927,0.801680542727509,0.459129069466097,1.74608970775854,0.0807953649586784,0.582470958474906
"AAD021_003370",18.1979842604232,1.07919445263306,0.609089013734152,1.77181730141023,0.0764248896178966,0.582470958474906
"AAD021_000031",7.17576723517992,-1.47179135078499,0.854130463165777,-1.72314583574258,0.084862155763601,0.582470958474906
"AAD021_000643",15.0622752780264,-1.2449284642992,0.722461522984896,-1.72317614806073,0.0848566756769402,0.582470958474906
"AAD021_000829",34.0980808768429,-0.901905016881304,0.502734117719317,-1.79400001928027,0.072813165755062,0.582470958474906
"AAD021_000998",9.6930776048879,1.35415072051085,0.772785102323394,1.7522992050954,0.0797223726648721,0.582470958474906
"AAD021_001404",55.4900814319763,0.812298101359287,0.471247905241114,1.72371716102096,0.0847589154594184,0.582470958474906
"AAD021_001429",14.6131885442651,1.5414728899306,0.864420138049234,1.7832450009891,0.0745464299835295,0.582470958474906
"AAD021_012694",11.8030269290761,1.3608770628791,0.786629011842938,1.73001127900279,0.0836282600810306,0.582470958474906
"AAD021_010185",11.3347827177414,1.3055024754947,0.764938614629466,1.70667613129594,0.0878822660270437,0.594322443132041
"AAD021_001030",61.1650935215617,0.989291604510052,0.579552063989889,1.70699349718356,0.0878232610709646,0.594322443132041
"AAD021_001113",23.4181357277775,0.854121483380062,0.502857850789453,1.69853464958168,0.0894068987232578,0.601236279616515
"AAD021_005060",19.2186060271278,1.2795113922595,0.759900290490633,1.68378852893105,0.0922225448931635,0.614942978653457
"AAD021_004045",24.1532030141788,0.771438582444182,0.458508319261555,1.68249636928423,0.0924726283689409,0.614942978653457
"AAD021_012138",49.9894300324049,-0.880242347944055,0.528230808054997,-1.66639721599201,0.0956343249484464,0.615453155716615
"AAD021_009034",40.7985919446108,0.893764570839881,0.532475759806061,1.67850752711336,0.0932480622682181,0.615453155716615
"AAD021_007481",19.1528882516914,2.62170856254599,1.56701685762709,1.67305702538261,0.0943160704828253,0.615453155716615
"AAD021_003939",9.26692424086227,-1.17456914307731,0.703404331716409,-1.66983495852406,0.0949520217175392,0.615453155716615
"AAD021_004192",12.9482170394637,1.36768628205846,0.819909013353383,1.66809519078793,0.0952968317244154,0.615453155716615
"AAD021_000992",8.26024158679254,0.988855276042757,0.58987866626282,1.67637063789348,0.0936656165155559,0.615453155716615
"AAD021_006804",36.5852394894287,-1.08801947150685,0.654781883095942,-1.66165176464943,0.0965826178108506,0.618232050906889
"AAD021_007641",16.3838912665743,1.54975367192833,0.935670838070328,1.65630220465613,0.0976606342609183,0.620681793391316
"AAD021_009325",13.3139693558418,-1.09021815874327,0.659032930732068,-1.65426962433005,0.0980727419015865,0.620681793391316
"AAD021_001133",11.7845238814466,1.26499685757155,0.765705601769151,1.6520668709342,0.0985209195859231,0.620681793391316
"AAD021_011210",11.7168544802257,-1.68371106890118,1.03166023799084,-1.63204028506538,0.102670999961905,0.623459258010701
"AAD021_009879",169.109195797368,1.77462510012076,1.0970226519582,1.61767407168214,0.105732856621698,0.623459258010701
"AAD021_008213",15.1413750313564,0.941439307986421,0.580167278817322,1.62270321398607,0.104652864016437,0.623459258010701
"AAD021_008254",7.83034520337608,-1.02451741301792,0.629727074830831,-1.62692292259015,0.10375346888235,0.623459258010701
"AAD021_009086",14.5897633197279,0.989320105864167,0.611184569038104,1.61869287279484,0.105513361133431,0.623459258010701
"AAD021_009305",61.122024792003,3.55905682152037,2.17671126174544,1.63506151875489,0.102036151999606,0.623459258010701
"AAD021_009451",9.17855870868828,-1.15244289046713,0.702850802188411,-1.63966931086777,0.101073943203788,0.623459258010701
"AAD021_005647",15.2020668955094,1.01274605830141,0.624863226070048,1.62074837508181,0.105071614273774,0.623459258010701
"AAD021_006454",32.3431248802889,0.850727901139693,0.517507203969719,1.64389576534179,0.100197735039826,0.623459258010701
"AAD021_006595",20.9926698733354,1.36768346018567,0.8445925132781,1.61934120736793,0.105373869103388,0.623459258010701
"AAD021_004271",12.5756738139761,1.63646388024933,1.00349139139358,1.6307702231274,0.102938812742306,0.623459258010701
"AAD021_002586",10.4822163426557,0.97508866083423,0.599793257396318,1.62570793987758,0.104011800199205,0.623459258010701
"AAD021_003108",11.3563552109965,-1.05916254539029,0.649316479322627,-1.63119615644934,0.102848936072961,0.623459258010701
"AAD021_008464",43.9569275482089,0.775390464579373,0.483914395555573,1.60232981639069,0.109082695645236,0.633913601525129
"AAD021_008852",15.9473275676556,1.81758662865101,1.13437792914798,1.60227608625652,0.109094571356873,0.633913601525129
"AAD021_009181",27.1034156853056,0.927111491456866,0.57714199422518,1.60638369887037,0.108189630293795,0.633913601525129
"AAD021_010412",37.4355438957977,0.722711086625317,0.452054630400883,1.59872510538033,0.109881696726706,0.635402854984863
"AAD021_004358",5.82957859416479,1.74137918676941,1.0958623830373,1.58904914861937,0.112049297006863,0.63586536562817
"AAD021_002888",13.5200280525126,1.51977579938983,0.956249714922822,1.58930849931024,0.111990760819581,0.63586536562817
"AAD021_003201",12.0330335468561,-0.934892328540702,0.586444311030525,-1.59417068416585,0.110897810680505,0.63586536562817
"AAD021_001129",31.2660277935626,1.06462376712659,0.670044915568431,1.58888418132898,0.112086543147489,0.63586536562817
"AAD021_003406",5.17133565427162,1.57079266140599,0.991598607341365,1.58410131859457,0.113170664381285,0.638987194643387
"AAD021_000477",14.8372323912217,-0.88558696278553,0.560852303661122,-1.57900209556885,0.114335576387519,0.64253373209324
"AAD021_008579",12.4166367031333,-0.830604302054686,0.528796151626315,-1.57074573916652,0.116241720286988,0.64716705342537
"AAD021_007182",8.05507858504691,-1.25770610161303,0.801891230724609,-1.56842481052765,0.116782024678262,0.64716705342537
"AAD021_000404",29.8917198514324,0.953286352503818,0.606261642021085,1.57240090157421,0.115857605328434,0.64716705342537
"AAD021_001029",11.3212891410889,1.25132476854652,0.799852581256398,1.56444424618966,0.117713276683511,0.64932162299614
"AAD021_012373",13.1647384164273,0.850114128615671,0.54425374383977,1.56198122335002,0.118292412288909,0.649523016100111
"AAD021_005877",15.844538969246,0.817154437297435,0.524507985744094,1.55794470152476,0.119246357333224,0.651771185972007
"AAD021_012543",9.74104089127076,1.20300837318362,0.795281214583045,1.51268299957813,0.130360199910998,0.65188372494193
"AAD021_010307",12.0099898807697,2.79262579853045,1.84256168463719,1.51562133404524,0.129615129360712,0.65188372494193
"AAD021_010590",39.1884248291843,0.97909399477263,0.641058197141717,1.5273090635735,0.126684176763262,0.65188372494193
"AAD021_009627",23.8205299970108,-0.783132450036075,0.511531521078252,-1.53095638834791,0.125780171500821,0.65188372494193
"AAD021_009683",8.10279767405946,1.02857234113986,0.682567580122613,1.50691648870151,0.131832064438727,0.65188372494193
"AAD021_008182",11.8882249218849,-1.50028157530668,1.00335153557445,-1.4952701242917,0.134843958798985,0.65188372494193
"AAD021_008654",12.5014872940548,0.893759869742205,0.576953080119757,1.54910321226934,0.121356910841034,0.65188372494193
"AAD021_008714",10.6058632352348,1.05381232908589,0.70076437296106,1.50380408843137,0.132631818180688,0.65188372494193
"AAD021_009128",17.4930350897212,0.790080018175733,0.517877371465292,1.52561216556009,0.127106480566657,0.65188372494193
"AAD021_004924",33.1506374895473,1.03180454003478,0.66862679092091,1.54316960379894,0.122789630260241,0.65188372494193
"AAD021_006393",30.5718007259252,0.726265808691748,0.474485276972645,1.53063929259415,0.125858565033248,0.65188372494193
"AAD021_006448",15.2545562508767,-1.24870260257112,0.83548176359468,-1.49458989649103,0.135021504588764,0.65188372494193
"AAD021_003712",10.20097366056,1.20849620453808,0.80534047781342,1.50060283548551,0.133458317522666,0.65188372494193
"AAD021_003849",10.9708899502017,-1.01318321837667,0.652850258507965,-1.55193814381297,0.120677024934195,0.65188372494193
"AAD021_003941",8.60087707554045,-0.91849284488352,0.601556154188172,-1.52686135531781,0.126795490853293,0.65188372494193
"AAD021_004240",16.7045239104843,1.19919337265122,0.793994758621196,1.5103290791663,0.130959475256569,0.65188372494193
"AAD021_004412",11.7141098368941,0.914841242643267,0.605772767158157,1.51020529849011,0.130991047122849,0.65188372494193
"AAD021_001848",7.8384663948971,1.18876714868331,0.784545259378314,1.51523080978822,0.129713963259501,0.65188372494193
"AAD021_002176",11.4388706730278,-0.84633897347782,0.550292513926017,-1.53798016883727,0.124053463705299,0.65188372494193
"AAD021_002568",61.3819504023086,0.73422620237996,0.488317921060068,1.50358233993555,0.132688941124082,0.65188372494193
"AAD021_002782",9.49605640887061,-1.10106427788473,0.718015243336305,-1.53348315109378,0.125156854942006,0.65188372494193
"AAD021_000075",18.1441432251405,-0.850496612003118,0.563756324109918,-1.50862451671104,0.131394765237873,0.65188372494193
"AAD021_000279",16.8819055031043,0.986266747472903,0.646128733586326,1.52642452843514,0.126904172864379,0.65188372494193
"AAD021_000373",16.1608511172625,1.73221995022553,1.1393470188902,1.52036203325728,0.12842001111505,0.65188372494193
"AAD021_000986",40.2016535903667,0.735086773802718,0.482108499571911,1.52473307244207,0.127325689160451,0.65188372494193
"AAD021_001041",13.6855046741382,-0.994090358139312,0.647321459271177,-1.53569813560416,0.124612432554927,0.65188372494193
"AAD021_001174",8.59046172135561,0.915457992224928,0.609695717396162,1.50149979096883,0.133226340715093,0.65188372494193
"AAD021_001523",18.3501481137563,1.67853762591592,1.08239063005009,1.55076880685694,0.120957098439506,0.65188372494193
"AAD021_001573",9.91858682772719,0.994741205372283,0.665627440761705,1.49444140138507,0.135060287206014,0.65188372494193
"AAD021_011116",24.4655422531807,0.866590920291685,0.583329156991974,1.48559507081798,0.137386259637783,0.654565155235659
"AAD021_009629",20.9071729534788,0.942408742552624,0.633582379292813,1.48742890167576,0.136901568287618,0.654565155235659
"AAD021_007766",9.86977556661692,0.95807725231399,0.645149234045393,1.4850474925102,0.1375312437966,0.654565155235659
"AAD021_003785",8.98776354598007,1.21078129874824,0.81587848818983,1.48402159914103,0.137803190575928,0.654565155235659
"AAD021_001554",30.1424727121087,0.633305399089094,0.428340899044418,1.4785078905655,0.139271886671399,0.658926673303024
"AAD021_012260",12.6383856921806,-0.868486032002836,0.594242047888297,-1.46150215234532,0.143877685312209,0.665607073009997
"AAD021_010952",10.3333836092597,0.969555884397479,0.669678424720457,1.44779322225022,0.147674888875215,0.665607073009997
"AAD021_007559",8.49604787450974,-0.992206515457485,0.676256349633844,-1.46720473086088,0.142320370380578,0.665607073009997
"AAD021_008168",8.68626404355934,-0.868728777764245,0.595253049202658,-1.4594276819378,0.144447431591795,0.665607073009997
"AAD021_008526",18.983752305805,-0.891628619228692,0.606901191242818,-1.46914956189624,0.141792227347029,0.665607073009997
"AAD021_007215",12.3512064511288,0.779522224641194,0.536119362064763,1.45400871484852,0.145943890050267,0.665607073009997
"AAD021_004382",10.5157732786927,-0.935107286553586,0.645662335231379,-1.44829152256261,0.147535537554053,0.665607073009997
"AAD021_002063",14.6326486267171,2.73671765628457,1.88959955713067,1.4483056190171,0.14753159689657,0.665607073009997
"AAD021_002096",9.23535155580579,0.994811656479665,0.686837017942183,1.44839551522747,0.14750646834401,0.665607073009997
"AAD021_002362",22.9765119902791,-0.93054016514549,0.636907151859966,-1.46102954320426,0.144007334004518,0.665607073009997
"AAD021_002979",8.99441848439005,1.05139263563618,0.726629937846472,1.44694373418223,0.14791268289111,0.665607073009997
"AAD021_003189",7.81155951822969,-0.984406561646518,0.677222349878554,-1.45359432071764,0.146058812408746,0.665607073009997
"AAD021_001646",22.8352154278685,-1.35601378088994,0.936038699667713,-1.44867277535781,0.147428986841542,0.665607073009997
"AAD021_009770",30.773250135912,-0.797175845504931,0.552787436624314,-1.4421019594313,0.149273612386631,0.666718335920885
"AAD021_000658",9.05823319502442,-0.851572272813406,0.589878249428876,-1.44364074050519,0.148840058645285,0.666718335920885
"AAD021_003925",14.3575233619829,-1.22077078670977,0.851601289419812,-1.43350039728271,0.15171488546145,0.675103040510614
"AAD021_002246",7.0933047785868,-1.26053238958963,0.881703048402428,-1.42965638133339,0.152815664990225,0.677482781456662
"AAD021_000535",11.2114366375576,0.850204937355757,0.595944395502856,1.42665145233618,0.15368038559274,0.678802293559078
"AAD021_010281",11.0826884590381,-1.00967833432714,0.709682847530539,-1.42271767993335,0.154818013281293,0.679152141639119
"AAD021_000497",37.6221131077688,0.715068769181908,0.502700623208441,1.42245451103292,0.154894348093132,0.679152141639119
"AAD021_009217",8.21742794209228,0.819231346692552,0.577842544830757,1.41774148342174,0.156266253983453,0.680296228626745
"AAD021_004633",10.7946195177616,-0.898817061331829,0.634017447921881,-1.41765351139449,0.156291948932627,0.680296228626745
"AAD021_009051",30.3328599155462,-1.56242530578868,1.10693284043197,-1.41149060604161,0.15810000358828,0.684824970781357
"AAD021_002822",9.63725643263201,-0.929868286132185,0.659381166467071,-1.41021359635485,0.158476622311141,0.684824970781357
"AAD021_005827",13.4100013800596,0.85638323785857,0.608771044349472,1.40674108239444,0.159504178909878,0.686785978975267
"AAD021_008203",5.60622778064252,1.28370444483602,0.917303385438527,1.39943279967547,0.161683236848137,0.693673241961361
"AAD021_001053",82.209434313731,0.599047448776824,0.429228088913953,1.39563897202663,0.16282324040905,0.69606935274869
"AAD021_004247",20.625798466439,0.999938241956439,0.717822868054188,1.39301530566585,0.163615162348756,0.696965655983847
"AAD021_010065",8.83967052132973,1.27107037302195,0.915546122591701,1.38831932292372,0.165039830803756,0.700541409475517
"AAD021_000084",11.1385283994615,1.34078134418364,0.968902774630057,1.38381412386353,0.166415377187431,0.703884121884646
"AAD021_007952",27.4570538355431,0.779955672385965,0.564937963853084,1.38060410574354,0.167400720263112,0.705558669559668
"AAD021_010921",8.85315968465652,0.964650523127392,0.701966794862686,1.3742110455753,0.169376172620655,0.71137992500675
"AAD021_012152",15.1279686344088,0.77836330018312,0.569510806499782,1.36672261755127,0.171712265746982,0.712532664495942
"AAD021_012209",11.5815856342172,-1.02396912378017,0.749017063200446,-1.36708384106084,0.171599027572453,0.712532664495942
"AAD021_010251",7.16234837985554,-0.774215011569422,0.57053024881221,-1.35700957693525,0.174778167542147,0.712532664495942
"AAD021_007884",7.99812034715713,1.045522071342,0.769411139527601,1.35886006535326,0.174190935424837,0.712532664495942
"AAD021_008385",10.0184348510481,1.15381293212058,0.847038001992514,1.36217375065396,0.173143057744173,0.712532664495942
"AAD021_002554",28.3599427320384,-0.664242427970395,0.486769018999651,-1.36459470928422,0.172380468573537,0.712532664495942
"AAD021_003082",14.8874033564995,-0.780391604886694,0.575388454827246,-1.35628651972344,0.175008022858653,0.712532664495942
"AAD021_003286",9.42667636156325,-1.00191787561412,0.735363693562844,-1.36247938861357,0.173046644548921,0.712532664495942
"AAD021_000922",10.2165526480926,0.799667103710139,0.587655005902441,1.36077646863931,0.173584340434048,0.712532664495942
"AAD021_012258",30.3119056466248,0.885468261562668,0.661335095662581,1.33891013401539,0.180599930168106,0.717434810805839
"AAD021_008071",26.7052989410215,0.705232166131549,0.527908157808241,1.33589935237887,0.181582172670786,0.717434810805839
"AAD021_008892",16.8788154346996,0.799924528318376,0.600349879507663,1.33243056361464,0.182718744363749,0.717434810805839
"AAD021_009215",10.379313465184,0.991430312771506,0.745242603512616,1.33034572647687,0.183404387724801,0.717434810805839
"AAD021_009302",23.8902116428297,-0.99766750089895,0.745941786440519,-1.3374602670533,0.181072443509399,0.717434810805839
"AAD021_005292",13.9907968615125,0.774333398822037,0.58183988516656,1.33083588554671,0.183243017270649,0.717434810805839
"AAD021_003695",9.57990803769796,-1.7742893419214,1.32696506918305,-1.33710327658719,0.181188927804598,0.717434810805839
"AAD021_004065",58.3522900359526,-0.682233180769162,0.508791675226269,-1.34088903963643,0.179956481290258,0.717434810805839
"AAD021_004422",8.24282642511219,0.884068665710952,0.656844875890619,1.34593219519638,0.178324384690199,0.717434810805839
"AAD021_003156",6.50630562084931,-1.14546143653488,0.851126688624842,-1.34581778699196,0.17836128764764,0.717434810805839
"AAD021_000327",16.0615503591435,0.917851445235547,0.680163577383288,1.34945691853522,0.177190249165645,0.717434810805839
"AAD021_000968",7.00332101787218,-0.987373888638575,0.741077749727542,-1.33234858151062,0.182745669994278,0.717434810805839
"AAD021_003665",10.5067489359563,0.939163684149276,0.711732859077679,1.31954520881096,0.18698690655977,0.729066212221645
"AAD021_010671",12.9027297120309,-1.02007403552679,0.778735939744962,-1.30991005225836,0.190226266121538,0.730795606401034
"AAD021_007558",14.8201900374788,-0.93023563521509,0.710276511368136,-1.30968097681179,0.190303781621376,0.730795606401034
"AAD021_007891",127.505738639128,1.5815028200421,1.20874807114318,1.30838084278917,0.190744167072482,0.730795606401034
"AAD021_007934",57.3551928185066,0.69387051770736,0.531389677047764,1.30576589587191,0.191632181091239,0.730795606401034
"AAD021_008202",11.95550634085,-0.803078088920436,0.610701899767484,-1.31500833586107,0.188507100969188,0.730795606401034
"AAD021_008846",9.78186236801093,1.16938942738728,0.893410871780003,1.30890440705902,0.190566733608485,0.730795606401034
"AAD021_006362",46.3435637443902,0.66983731663195,0.513772568754687,1.30376232085637,0.19231463326343,0.730795606401034
"AAD021_001067",8.75507127921179,0.760817335834822,0.583071386761439,1.30484423195698,0.191945894123175,0.730795606401034
"AAD021_005155",20.6210227246194,1.16566823698484,0.895558497965061,1.3016103801522,0.193049609586382,0.731267033781326
"AAD021_010351",11.1185950825524,0.804218025128385,0.619577157335165,1.29801109612783,0.194283522049685,0.731639660469412
"AAD021_008838",6.07569864569609,1.23659972775637,0.953751109704981,1.2965643920864,0.194781110900171,0.731639660469412
"AAD021_005160",12.3426206635734,0.810803176141661,0.625628392511287,1.29598206514746,0.194981663901205,0.731639660469412
"AAD021_005278",12.3849733293579,0.769093957809158,0.594672737833557,1.29330623194706,0.195905166118859,0.732807762013356
"AAD021_010406",10.7192248824349,-0.736609465581168,0.578838462647339,-1.27256482268344,0.20317250796316,0.735386124957732
"AAD021_009772",8.27313253853105,-1.13334914155033,0.892022432328042,-1.27053883453632,0.203892758818006,0.735386124957732
"AAD021_002626",12.7395613872906,-0.863585076206977,0.677128217102364,-1.27536418420505,0.202180369462722,0.735386124957732
"AAD021_000579",8.00769610805195,0.919461512864466,0.715114174128509,1.28575484325281,0.19852863435862,0.735386124957732
"AAD021_000773",43.8311074728122,0.66205062662748,0.520162771826973,1.27277587417906,0.20309758459005,0.735386124957732
"AAD021_000900",8.56188634116147,-0.82261078108162,0.645948482856334,-1.27349286036574,0.202843204471755,0.735386124957732
"AAD021_000927",18.2737031237107,0.843116072555118,0.661019005959567,1.27547932049429,0.202139639057321,0.735386124957732
"AAD021_000948",22.4210500567715,-0.66497368061329,0.52326773681549,-1.27080963305744,0.203796380888836,0.735386124957732
"AAD021_001134",8.63976220881491,0.927797030937375,0.728944177475416,1.2727957223702,0.203090539508789,0.735386124957732
"AAD021_001148",18.1843070590603,0.667541090917478,0.525485942573858,1.27033101522721,0.20396674476689,0.735386124957732
"AAD021_001425",7.46639756693372,0.894994667232982,0.694444597932202,1.28879203596362,0.197470395487426,0.735386124957732
"AAD021_001484",13.4289530242771,1.11902518129433,0.880492556602208,1.27090816714296,0.203761320568725,0.735386124957732
"AAD021_007888",16.0185163404266,0.811844856280345,0.647446908890008,1.25391726353622,0.209872079491645,0.739901037685376
"AAD021_008728",7.50165393268204,-1.24721602201742,0.989942039844496,-1.25988792456308,0.207709795451191,0.739901037685376
"AAD021_006803",7.39183262933047,1.30746378129501,1.04232592584139,1.2543713524535,0.209707060146301,0.739901037685376
"AAD021_006938",7.73786495541467,-0.885402104445004,0.706561211987887,-1.25311450646145,0.210164037437784,0.739901037685376
"AAD021_004212",12.7955964004737,1.02845192690992,0.818732865375973,1.25615077933587,0.209061308380301,0.739901037685376
"AAD021_004314",6.74612944117978,-1.13083558346337,0.895083218022015,-1.26338597428106,0.206450502211477,0.739901037685376
"AAD021_002269",10.7654720721978,-1.08643732473865,0.862640451913225,-1.25943238846389,0.207874196976862,0.739901037685376
"AAD021_002856",19.8968478606,0.75460097518522,0.598653720883892,1.26049659237243,0.207490276395656,0.739901037685376
"AAD021_003530",36.6165546723434,0.784482831303135,0.627002319418005,1.25116416161156,0.210874590596481,0.740225469043952
"AAD021_010422",40.9390865130958,-0.803445357090122,0.643029455686288,-1.2494689784197,0.211493592930895,0.740227575258131
"AAD021_005270",11.281223451098,0.96290181319039,0.777132903062732,1.23904393881089,0.215329226504279,0.75145505575983
"AAD021_012574",9.79755664821935,-0.985372055427803,0.806058006099091,-1.22245799678425,0.2215344786001,0.762680261857581
"AAD021_012257",11.221217004589,0.740396769420869,0.608468334422724,1.21682054354285,0.223672501939171,0.762680261857581
"AAD021_009735",27.3593747442582,0.84178028456872,0.686488145953341,1.22621241099469,0.2201187520459,0.762680261857581
"AAD021_008041",19.1939506017394,0.654476290091765,0.537999812106058,1.21649910532449,0.223794851652099,0.762680261857581
"AAD021_007143",45.5784709060976,2.1951536318976,1.79430564291132,1.22340006039099,0.221178630570499,0.762680261857581
"AAD021_004014",19.4263502215919,0.807070545401926,0.664879324361779,1.2138601936173,0.224801115785698,0.762680261857581
"AAD021_001992",16.0838609308841,-0.764937136574024,0.623802844599121,-1.22624823403234,0.220105275114457,0.762680261857581
"AAD021_002227",14.6131917080334,0.846189876823184,0.697281406113305,1.21355577447548,0.224917403872787,0.762680261857581
"AAD021_002723",18.5168615273821,-0.818846923389761,0.671756002345457,-1.21896480348628,0.222857551569764,0.762680261857581
"AAD021_000299",25.1589352161467,2.48996995991622,2.05047509744272,1.21433806390607,0.224618656028918,0.762680261857581
"AAD021_005254",20.2137823970595,0.92895928958677,0.767292402258826,1.21069788629734,0.226011212799844,0.763512689455974
"AAD021_003168",23.2513584837534,0.634357284146595,0.52444256740221,1.2095838964576,0.226438600465222,0.763512689455974
"AAD021_010360",17.7442551657682,0.837793275494684,0.695876389645357,1.2039397915507,0.228612850514295,0.766525439959696
"AAD021_000379",18.1404750936907,0.645447289648482,0.536112221366965,1.20394063765742,0.228612523462639,0.766525439959696
"AAD021_004537",8.78139468788962,-0.678394970285912,0.564686042543435,-1.20136663415712,0.229609012994434,0.767715051827757
"AAD021_010380",33.3893841550834,0.666239329955504,0.559491703759517,1.19079393935369,0.233734488727716,0.772873433721204
"AAD021_008408",11.1545166227476,0.92600343839135,0.775683348811665,1.1937905329668,0.232559915820708,0.772873433721204
"AAD021_003287",31.9107249471456,0.643167935504029,0.538301492315327,1.19480986897817,0.232161323594099,0.772873433721204
"AAD021_000450",10.3839773952721,-0.837222464412976,0.702557779802635,-1.19167773595529,0.233387631170405,0.772873433721204
"AAD021_011047",16.0153397281566,0.72103966283682,0.611005138221082,1.18008772387103,0.237965326630918,0.774247316331794
"AAD021_008094",10.2592146006686,1.08037594206855,0.919571524388983,1.17486885295455,0.240047188463292,0.774247316331794
"AAD021_008396",9.88766971185746,-0.640783464776225,0.542860107230666,-1.18038414729921,0.23784746407683,0.774247316331794
"AAD021_008412",9.6973156333532,-0.759438473051278,0.643964003093233,-1.17931820630248,0.238271491240842,0.774247316331794
"AAD021_006936",8.06236055967969,-1.04300434533958,0.888841103351436,-1.17344297131047,0.240618213596848,0.774247316331794
"AAD021_005834",11.9059114410393,1.35303483929497,1.15131321141952,1.17521003483207,0.239910696531909,0.774247316331794
"AAD021_003594",39.8275286336556,0.529991664611887,0.45137964247419,1.17415943197348,0.24033117193481,0.774247316331794
"AAD021_002036",7.3997591154599,0.8452407447222,0.713138453221225,1.18524073537792,0.235922278139722,0.774247316331794
"AAD021_003081",7.51407519367153,-0.775387747647009,0.654719261185639,-1.18430569194322,0.236292076491026,0.774247316331794
"AAD021_003274",9.30027085195058,-1.14909714264846,0.97675991002028,-1.17643765971579,0.239420030162782,0.774247316331794
"AAD021_010112",36.5048104131268,-0.752127186447443,0.643482054996011,-1.1688394114613,0.242468338246188,0.774993177432066
"AAD021_004879",32.5838936474608,0.524404008213806,0.448672358427164,1.16879054027781,0.242488032607195,0.774993177432066
"AAD021_002605",11.1517441658289,0.726519771296096,0.622001319374366,1.16803573990303,0.242792348819569,0.774993177432066
"AAD021_000707",10.840670418613,-0.929821154707815,0.797258918524967,-1.16627250332691,0.243504286717353,0.775198487235829
"AAD021_008331",12.3601130268209,-0.906647368992933,0.780025003740348,-1.16233116200815,0.245100973306702,0.777262913707236
"AAD021_000942",22.8122824256128,-0.7347351171593,0.632591541488258,-1.16146844997443,0.245451446433864,0.777262913707236
"AAD021_008239",12.4459355010994,-0.870586887006099,0.755049777827445,-1.15301919498751,0.248902505964697,0.779617385045468
"AAD021_005163",34.8615085767697,0.55886323527446,0.48525802043198,1.15168263427559,0.249451510837439,0.779617385045468
"AAD021_007081",22.7377512749212,-0.816268993040057,0.707897236301216,-1.15308967344623,0.248873579743364,0.779617385045468
"AAD021_003100",28.796484479735,0.767837736422243,0.664892363259284,1.15483013319377,0.248159994758245,0.779617385045468
"AAD021_003331",50.19189907946,0.655096774222842,0.565882216432871,1.15765570148564,0.247004568388549,0.779617385045468
"AAD021_009516",69.2718374969417,-0.401652914739459,0.349240394652249,-1.15007576697821,0.250112666296255,0.779648076970359
"AAD021_003638",9.55623009324575,0.86745107320664,0.755814657138087,1.14770342836598,0.25109101540905,0.780664793362684
"AAD021_010221",23.9901068611738,-0.922726416858945,0.80865497897631,-1.14106317384831,0.25384363473351,0.782076860479368
"AAD021_010030",11.7280067422713,-0.79279072857263,0.699033232897032,-1.13412451835378,0.2567423202991,0.782076860479368
"AAD021_007647",14.28139791793,0.753732464811487,0.666161291355971,1.13145641242118,0.257863039299817,0.782076860479368
"AAD021_008585",32.7854590615543,2.6920027435166,2.35180873867065,1.14465207108561,0.252353313010547,0.782076860479368
"AAD021_004921",8.60904997186831,0.95796992180863,0.844108055834141,1.1348901543914,0.256421345659278,0.782076860479368
"AAD021_007556",6.93656241885174,-0.918980069933706,0.809597680769692,-1.13510709301937,0.256330450004017,0.782076860479368
"AAD021_003763",16.6433080647555,-0.713893312061284,0.628754966608444,-1.13540782971796,0.256204480603668,0.782076860479368
"AAD021_000197",9.08466805167767,1.07615739816377,0.951557086817611,1.13094360083311,0.258078830316918,0.782076860479368
"AAD021_000576",84.4064856164665,0.486796235431614,0.429716758355879,1.13283046557022,0.257285454979872,0.782076860479368
"AAD021_001181",8.7022605001813,0.926152320777115,0.813861867276447,1.13797237346485,0.255132018410356,0.782076860479368
"AAD021_000545",11.6024828915024,0.780335261126806,0.692808509963259,1.12633613748219,0.260023267110284,0.785979421037903
"AAD021_010753",13.2038873068052,-0.64347039424796,0.573388727579831,-1.12222365612929,0.261767356835391,0.786401012134089
"AAD021_005195",25.0532225141422,0.593475170433413,0.529244797117858,1.12136231412257,0.262133670711363,0.786401012134089
"AAD021_003951",9.23977666390074,0.722923616946285,0.643924140290253,1.12268444637038,0.261571536020365,0.786401012134089
"AAD021_007955",12.8691746933307,0.629759465810521,0.563922851569767,1.11674755519747,0.264102278382918,0.787858657026015
"AAD021_000641",11.9598496300843,-0.630367802937806,0.565049106958755,-1.11559826424753,0.264594135442321,0.787858657026015
"AAD021_000644",8.34395372129127,-0.766935038427402,0.686939224786808,-1.11645253430596,0.264228476999858,0.787858657026015
"AAD021_007415",14.8454245137677,0.787833414760089,0.708784349988857,1.11152766673315,0.266341288033658,0.789134954891804
"AAD021_003293",9.75168589705949,1.12800372000363,1.01454924208952,1.11182747293807,0.266212337171162,0.789134954891804
"AAD021_009598",9.81367822197273,-0.777353358988823,0.704355049852301,-1.10363851178724,0.2697499782278,0.793343302060631
"AAD021_008078",6.99617201010954,-0.716783630158704,0.648143409463871,-1.10590282905385,0.268768580172314,0.793343302060631
"AAD021_001120",12.4540628196867,0.643359873520236,0.582149953123412,1.10514459387725,0.269096940285196,0.793343302060631
"AAD021_006215",7.92894157863469,-0.793650833394111,0.721226491889624,-1.10041830453944,0.271149906713924,0.795505976315115
"AAD021_010618",16.2281312777164,0.807712434653265,0.736187345722559,1.09715609667333,0.272573161439147,0.797726342891587
"AAD021_010247",16.2035191787758,0.94392613731119,0.874262644459213,1.07968256826879,0.280283558979099,0.798690567510854
"AAD021_008113",38.8247533195933,-0.667161338196879,0.619586993517749,-1.07678396282824,0.281576791553534,0.798690567510854
"AAD021_009078",15.205881085842,-0.79469912283237,0.728731850663501,-1.09052338265276,0.275482658964154,0.798690567510854
"AAD021_005271",30.1552140174841,-0.753804138966225,0.689036857931309,-1.09399683092334,0.273956368112069,0.798690567510854
"AAD021_006456",13.7932545088766,0.504138375843627,0.462398544864944,1.09026808462573,0.275595069629017,0.798690567510854
"AAD021_003984",7.66457067171824,-0.941269642240891,0.872115236788166,-1.07929503182103,0.280456226951682,0.798690567510854
"AAD021_002496",7.58973513372773,0.726870401403584,0.673020658497361,1.08001202076984,0.280136827279359,0.798690567510854
"AAD021_002674",38.8709129523503,0.548891277569394,0.504106878241077,1.08883909595635,0.27622484764333,0.798690567510854
"AAD021_002754",11.8250040002355,0.625279831936808,0.574507484324056,1.08837543286749,0.276429402041912,0.798690567510854
"AAD021_000335",12.463044287022,0.713538015623167,0.657622145305977,1.08502735304203,0.277909540695441,0.798690567510854
"AAD021_000790",28.4786752575353,0.475955098500987,0.441747692692007,1.07743652400428,0.281285294381843,0.798690567510854
"AAD021_001276",9.76328991035539,0.697781545734606,0.645948836807057,1.08024274675338,0.280034097519143,0.798690567510854
"AAD021_001516",10.2771214814724,0.95297621681001,0.876917305422435,1.08673441716484,0.277154198936636,0.798690567510854
"AAD021_006821",9.43478346940935,-0.722369895599274,0.677862186194433,-1.06565893526929,0.286577847187124,0.810954333529521
"AAD021_000219",10.162904667307,0.750256525946627,0.705737298545711,1.06308186841287,0.287744826215746,0.812336219293039
"AAD021_000350",13.194348945525,0.66713635868789,0.628445002211658,1.06156681386608,0.288432386064538,0.812361332045298
"AAD021_005088",49.0995692680547,0.50639415414743,0.478171876318474,1.05902119975404,0.289590125003868,0.813707463919319
"AAD021_007354",14.2137075467255,0.547740648711913,0.520824750030494,1.05167937714143,0.292946675844971,0.814848613523377
"AAD021_004052",24.0277379484314,-0.537874730994637,0.509307005491496,-1.05609136570892,0.290926474748383,0.814848613523377
"AAD021_001907",13.0492520394293,-0.766562953175061,0.729173711199712,-1.05127617932609,0.293131764178093,0.814848613523377
"AAD021_003337",20.2263712207206,-1.24930138290456,1.18937801049679,-1.05038210886607,0.293542467985805,0.814848613523377
"AAD021_000743",9.62781387239925,-0.86218835670983,0.820329243546435,-1.05102721071168,0.293246092639575,0.814848613523377
"AAD021_001162",8.89819890138365,0.854504572182636,0.814425330746233,1.04921168328554,0.294080702624978,0.814848613523377
"AAD021_010461",742.762998635349,-0.895097590546182,0.854994560454906,-1.04690442716962,0.295143659804123,0.815905221213708
"AAD021_008132",56.4053793529733,0.619858327565094,0.593199830666275,1.04494016269168,0.296050625911597,0.816526726304567
"AAD021_003976",8.97063435432122,-0.610421765077932,0.586598631941686,-1.04061232304172,0.298055509624672,0.820166540277545
"AAD021_008225",84.067430850564,0.546026970452585,0.527273317011437,1.03556723398681,0.300404084812712,0.822845971443516
"AAD021_009091",10.6397626328167,-0.658946167806859,0.636256289419332,-1.03566153885604,0.300360071467311,0.822845971443516
"AAD021_008974",26.6304710166476,0.496752303415131,0.482273884951152,1.03002115377955,0.303000075518432,0.824297932717188
"AAD021_004878",29.8425429178953,0.513109917891798,0.496773973909107,1.0328840576211,0.301658160288993,0.824297932717188
"AAD021_003899",13.8689553253774,-0.544569724418737,0.528548091796378,-1.03031253517141,0.302863316577896,0.824297932717188
"AAD021_003902",30.380820049702,0.457148996927442,0.44534683917062,1.02650104754039,0.304655470106357,0.824445848569262
"AAD021_002011",28.8991803165305,-0.539309705571606,0.524796336467677,-1.02765524089138,0.304112029253204,0.824445848569262
"AAD021_002760",10.5110171389613,-0.730694360125222,0.712515252872878,-1.02551399030273,0.305120727582442,0.824445848569262
"AAD021_004473",8.81802662057305,-0.718407044165525,0.706221738472837,-1.01725422063478,0.309032508416859,0.833134938231937
"AAD021_008620",15.1766999094622,0.526584348676631,0.519436849852282,1.01376009196572,0.310697242345024,0.835740672105604
"AAD021_009251",16.4035318991852,0.555208982445214,0.548492301721388,1.01224571557841,0.311420582953774,0.835808156492527
"AAD021_007843",21.4311508376196,0.522468874353363,0.518749920440911,1.00716906888254,0.313853534391411,0.837257358716584
"AAD021_008318",31.9929668770153,-0.657189098018152,0.654678024212337,-1.00383558591085,0.315457868655956,0.837257358716584
"AAD021_002663",9.14298967694967,0.681830183192089,0.677756166551406,1.00601103588834,0.314410261412198,0.837257358716584
"AAD021_000551",8.29589525548442,0.65966308222321,0.653879364526216,1.00884523661514,0.313048862348422,0.837257358716584
"AAD021_001472",12.2794044666368,-0.754304338199304,0.751228754465427,-1.00409407083474,0.315333273051336,0.837257358716584
"AAD021_012383",43.5355019532909,-1.26614419624415,1.2717678175044,-0.995578106960375,0.319455176459552,0.839838805004152
"AAD021_008109",59.7605158052423,0.451446329428727,0.453529889031888,0.995405904542239,0.319538888022467,0.839838805004152
"AAD021_008915",35.7147630713574,0.766813598107218,0.770136954209936,0.995684720640204,0.319403356286045,0.839838805004152
"AAD021_005274",13.0336181435258,0.884265443933809,0.893835414747655,0.98929336357013,0.322519630083539,0.839838805004152
"AAD021_007151",9.57151717055341,-0.688809274046341,0.694358138849916,-0.992008641516371,0.321193309991066,0.839838805004152
"AAD021_003862",12.6654337959942,0.68860200122644,0.694336369393912,0.991741224541532,0.321323775624878,0.839838805004152
"AAD021_002598",29.3680206945099,0.50849413488453,0.513045366675609,0.991128987635988,0.321622600042978,0.839838805004152
"AAD021_002755",10.9330100588273,1.65749568845245,1.66818048527922,0.99359493956376,0.320420108824029,0.839838805004152
"AAD021_000554",9.96628659387909,0.641584892405444,0.648830670450376,0.988832559287153,0.322745071263083,0.839838805004152
"AAD021_008795",287.254032801385,-0.9185712543738,0.930722140068079,-0.986944668906888,0.32366976442956,0.840418021740095
"AAD021_007731",7.16743320845586,-0.599220542353176,0.61513533205424,-0.97412798636047,0.329992995259814,0.840428968778718
"AAD021_008196",9.81504387947446,-0.6132287844912,0.625894644781974,-0.979763590571723,0.327202828354616,0.840428968778718
"AAD021_005134",177.543216808252,0.470758084369388,0.481160089985536,0.978381403959625,0.327885722042132,0.840428968778718
"AAD021_005469",10.9917396046728,0.696542666033146,0.71007673041625,0.980939997322303,0.326622331855586,0.840428968778718
"AAD021_007329",8.39965934797824,-0.627802256685235,0.638407269172613,-0.983388327483923,0.325416352906416,0.840428968778718
"AAD021_007388",45.507673704462,0.451196951058527,0.461982219151871,0.976654365371152,0.328740294638386,0.840428968778718
"AAD021_006490",22.1476192935142,0.57201838915147,0.586706779339904,0.974964683031344,0.329577778801284,0.840428968778718
"AAD021_004471",14.8259866194614,0.614660439274696,0.623975895333879,0.985070807816705,0.324589291375418,0.840428968778718
"AAD021_000634",32.5928197977514,0.744936111563311,0.762744538437052,0.976652173858587,0.328741379958324,0.840428968778718
"AAD021_001282",9.29057965693078,0.785991776969679,0.808475720028607,0.972189711450912,0.330956178044209,0.841092452481781
"AAD021_012559",9.04638261323798,1.00506207989032,1.0395722149779,0.966803523035377,0.33364226294316,0.841205281495094
"AAD021_004049",10.3424730836764,0.683402847828796,0.707775511717575,0.965564414867033,0.334262188928811,0.841205281495094
"AAD021_002352",7.92619588684292,-0.651140130575696,0.672511266095492,-0.968221892186469,0.332933563707194,0.841205281495094
"AAD021_002840",7.40193349924491,-0.812437213019397,0.841850843846454,-0.965060757446456,0.334514380945418,0.841205281495094
"AAD021_000346",17.0309165315531,-0.538774856528235,0.55644383744372,-0.968246605090183,0.332921224331908,0.841205281495094
"AAD021_012603",18.3628774111578,-0.557508004793717,0.595024352877297,-0.936949894735961,0.348784332111173,0.842808576969894
"AAD021_007638",9.50176208398891,0.660160564681157,0.691842121419533,0.954206955954965,0.339978894333278,0.842808576969894
"AAD021_007744",16.4720192076343,1.10211781403002,1.18135321616422,0.932928271536366,0.350857004160749,0.842808576969894
"AAD021_007896",10.1618751895971,-0.536880390541682,0.57411946341525,-0.93513706598267,0.349717666635208,0.842808576969894
"AAD021_008253",8.32937233839183,0.663449414490606,0.695325785940464,0.954156206925731,0.340004578375954,0.842808576969894
"AAD021_008255",11.205049966984,0.555645297284713,0.587067664794084,0.946475731174203,0.3439059948307,0.842808576969894
"AAD021_008258",42.0169334609262,-0.554361112275087,0.592786449203663,-0.935178449203426,0.349696342828497,0.842808576969894
"AAD021_008339",19.8981435314019,0.764627661071624,0.818006420992646,0.934745304497431,0.349919573057726,0.842808576969894
"AAD021_008373",10.4621968781591,-0.567903798891286,0.606301467406275,-0.936669016027205,0.348928838772237,0.842808576969894
"AAD021_008399",7.91867794738601,-0.656402858864997,0.699402617611569,-0.938519305384624,0.347977600538087,0.842808576969894
"AAD021_008858",18.2769105496182,-0.624218462949787,0.662103444104722,-0.942780872849616,0.345792997126116,0.842808576969894
"AAD021_009080",33.9928878253583,0.418703315535453,0.442180843719974,0.946905144087631,0.343687116455231,0.842808576969894
"AAD021_004840",25.061300575139,-0.559209616689112,0.605311593994435,-0.923837610640997,0.355570869983122,0.842808576969894
"AAD021_005108",7.43289755213576,0.766133481635032,0.828436166108442,0.924794827866974,0.355072641507953,0.842808576969894
"AAD021_005251",20.1527613168412,0.829125425224465,0.895880509762836,0.925486620357393,0.354712840182242,0.842808576969894
"AAD021_005548",7.20357460766028,0.59328930317671,0.634042991647702,0.935724092833067,0.349415262589878,0.842808576969894
"AAD021_006475",10.0367247529371,-0.642400628683973,0.692581206092733,-0.9275455687112,0.353643343732248,0.842808576969894
"AAD021_003816",20.1318008665407,0.486316718242699,0.521833290362156,0.931938853316911,0.351368126810831,0.842808576969894
"AAD021_004445",61.1006348232032,0.578847663053916,0.611594634601919,0.946456411329837,0.343915844544594,0.842808576969894
"AAD021_002299",43.9760628157465,-0.442413242971515,0.464048014195566,-0.953378162254276,0.340398501851027,0.842808576969894
"AAD021_002324",9.09364959367499,-0.690506818134119,0.746495280227956,-0.92499823699255,0.354966824506896,0.842808576969894
"AAD021_003136",58.1378107857959,-0.420435371297929,0.448624211511731,-0.937166030074893,0.348673160548776,0.842808576969894
"AAD021_003414",10.5113926957914,0.566870227923079,0.60938716382572,0.930230010695137,0.352252006638966,0.842808576969894
"AAD021_000445",11.164099920893,-0.590353635267267,0.630249036391504,-0.93669898909698,0.348913416395473,0.842808576969894
"AAD021_001078",99.9680355020461,-0.4637490450232,0.499995496699959,-0.927506443726012,0.353663647727386,0.842808576969894
"AAD021_001193",37.7939777180492,0.59302329893745,0.637708213848456,0.929928901744356,0.352407897618124,0.842808576969894
"AAD021_001273",27.2828444667887,0.656597092328234,0.704644938550773,0.931812685234982,0.35143333776243,0.842808576969894
"AAD021_001311",35.8392327568699,0.513995026447365,0.54102470463043,0.95003984485047,0.342092007109913,0.842808576969894
"AAD021_001608",41.2593609482335,0.497128133806476,0.537597788808583,0.924721314252808,0.355110889479145,0.842808576969894
"AAD021_002631",42.6935334036926,0.472982182445203,0.513104786525514,0.921804268574454,0.356630680522829,0.84365004858859
"AAD021_012019",11.5821731068445,-0.879799266117014,0.962568506625299,-0.914012104137431,0.360710485547381,0.850962420948026
"AAD021_007099",15.1286845424335,-0.576730869891175,0.632493384270751,-0.911836999775312,0.361854529876813,0.850962420948026
"AAD021_003700",79.7623061748392,0.384134085306317,0.420886944149896,0.912677598213907,0.361412129183349,0.850962420948026
"AAD021_011019",7.64800972341455,-0.693228551793567,0.767315614811262,-0.90344642857826,0.3662890082316,0.851315449882484
"AAD021_010523",37.9465768713331,2.29787945799946,2.55185453412671,0.900474312806327,0.367867889287822,0.851315449882484
"AAD021_008227",23.0069467515368,0.393572564914058,0.433836535529903,0.907190917964838,0.364305845609733,0.851315449882484
"AAD021_008308",23.3497904645696,-0.693368971368452,0.766318649238132,-0.904805033856079,0.365568684393602,0.851315449882484
"AAD021_005085",12.7350957821596,0.567180047624242,0.633392399619686,0.89546393036102,0.370539139004824,0.851315449882484
"AAD021_003671",28.405948648337,0.522338993889362,0.579069719251073,0.90203126933475,0.367040257311082,0.851315449882484
"AAD021_003765",8.46317711602668,-0.699646105997771,0.769152799932762,-0.90963213819014,0.363016543775079,0.851315449882484
"AAD021_002193",14.2080834020031,0.544182151673374,0.606961858474538,0.896567295086802,0.369949856160243,0.851315449882484
"AAD021_003016",204.27190409136,-0.693535653773215,0.772338676178777,-0.897968307381099,0.369202445933896,0.851315449882484
"AAD021_003132",27.3479647252631,-0.505159211269091,0.558749402154751,-0.904089041207032,0.365948188843265,0.851315449882484
"AAD021_000556",11.7312915989669,-0.627281687792968,0.699100709464466,-0.897269419556856,0.369575170262274,0.851315449882484
"AAD021_000581",11.3122115536642,-0.631957802280286,0.70461082577807,-0.896889146689513,0.369778072057182,0.851315449882484
"AAD021_012358",16.0140730346647,-0.501327467964031,0.57322565497031,-0.874572628801825,0.381806486123185,0.854560244025893
"AAD021_012213",10.0723290629654,0.559199235474208,0.640531869100066,0.87302328338459,0.38265038696266,0.854560244025893
"AAD021_012309",8.38689238350966,1.59295600179075,1.82343152312373,0.873603412900229,0.382334266951562,0.854560244025893
"AAD021_011125",8.25910274880174,-1.00149254875022,1.13258373643435,-0.884254750031251,0.376558709134951,0.854560244025893
"AAD021_009642",13.8882677387803,-1.12265670701093,1.26642195113608,-0.886479191239395,0.375359362415473,0.854560244025893
"AAD021_007852",18.9971394601777,-0.453496613300773,0.510951441622281,-0.887553251363599,0.374781109696165,0.854560244025893
"AAD021_009022",10.8341758795711,0.697980830064692,0.788869519961251,0.884786155889223,0.376271977563823,0.854560244025893
"AAD021_007115",11.779189748708,0.790016916783018,0.898987866568017,0.878784849231606,0.379517942604462,0.854560244025893
"AAD021_007368",7.44921140536937,0.730569200104408,0.833398706878369,0.876614271266239,0.380696184983564,0.854560244025893
"AAD021_007401",19.9206779287516,-0.850805864341389,0.972457409351934,-0.874902958380855,0.381626709261798,0.854560244025893
"AAD021_006028",16.1470610726604,0.446961141746911,0.508799054183864,0.878462996484647,0.379692510330439,0.854560244025893
"AAD021_006169",35.5122071922939,0.666268864167952,0.75766670463012,0.879369332315075,0.379201054662191,0.854560244025893
"AAD021_002721",48.0464469701984,0.437292866515313,0.499208458883614,0.875972469483463,0.381045000478406,0.854560244025893
"AAD021_000898",13.411416636845,0.528859662971564,0.605475379752994,0.873461879139187,0.382411375742027,0.854560244025893
"AAD021_001642",8.61111489414342,0.588785638117067,0.674435406417265,0.873005231508846,0.382660226230475,0.854560244025893
"AAD021_012236",11.1818144068272,0.628361147353395,0.730720914155223,0.859919478395982,0.389833430487168,0.856202965675486
"AAD021_011714",17.1559821361942,0.503456443895775,0.583535275752789,0.862769509943151,0.388264206134192,0.856202965675486
"AAD021_008618",9.94683021152394,0.546542677803847,0.633672012392116,0.862500894967168,0.388411940810694,0.856202965675486
"AAD021_007208",8.94049821752878,-0.60292342749229,0.697043492247538,-0.864972464699774,0.38705390211313,0.856202965675486
"AAD021_005821",9.47829792472884,1.76876679721261,2.05470325797247,0.860838074962698,0.389327231497138,0.856202965675486
"AAD021_004411",8.28805181289598,-0.581173205331401,0.671784200817592,-0.865118894764252,0.386973535038562,0.856202965675486
"AAD021_002297",16.0341564548264,0.553108628523656,0.641315165482256,0.862459923441432,0.38843447761569,0.856202965675486
"AAD021_002405",21.7411357636818,-0.44035117267388,0.508195423626335,-0.866499681425036,0.386216200997574,0.856202965675486
"AAD021_000504",7.09132112565312,-0.653247536463136,0.752220581942527,-0.868425501966718,0.385161439083656,0.856202965675486
"AAD021_002451",48.0190672778572,-0.409573771103495,0.477668621030904,-0.857443325918193,0.39119992353702,0.857630601600389
"AAD021_001478",71.9456778204524,-0.389110405944639,0.455245991697926,-0.854725605586065,0.392703071685762,0.859352059977802
"AAD021_001664",13.276755019246,-0.695222543421685,0.814887240371177,-0.853151833749433,0.393575110043994,0.859688698399017
"AAD021_007837",11.2504067443343,0.551659639000959,0.648975388552238,0.850047087658631,0.395298907454449,0.860979086665885
"AAD021_003261",15.1085886074218,-0.549026838004269,0.646295872204568,-0.849497670674413,0.39560442578633,0.860979086665885
"AAD021_012017",14.8277929434399,-0.498346694583047,0.598864928980825,-0.832152077148942,0.405323109981013,0.865021807831365
"AAD021_011208",11.3197914891743,1.40314666512122,1.66253406040972,0.843980703033194,0.398680188883404,0.865021807831365
"AAD021_009256",19.8770108603357,0.814721284726394,0.975178739733876,0.835458415499019,0.403459651326762,0.865021807831365
"AAD021_009304",19.0650000220756,-0.690662464186425,0.830127182023766,-0.831995962959146,0.405411223219211,0.865021807831365
"AAD021_006838",10.2872974684035,-0.479721436113858,0.570681564555684,-0.840611412578845,0.400565663094165,0.865021807831365
"AAD021_007323",19.5982714708753,-0.530026544282328,0.633791926167155,-0.836278473106551,0.402998260621128,0.865021807831365
"AAD021_004448",11.9738185500999,-0.483864678092634,0.578058305476779,-0.837051684074577,0.402563517058748,0.865021807831365
"AAD021_004542",6.81353461570034,-0.70736780659439,0.850163567903847,-0.832037308230541,0.405387886200966,0.865021807831365
"AAD021_003051",47.08805005694,0.46270541522797,0.552545524849157,0.837406864084705,0.402363908758218,0.865021807831365
"AAD021_001092",10.2655801288269,-0.582539419089404,0.691277276944851,-0.842700083624878,0.399396200413792,0.865021807831365
"AAD021_001147",9.54005600819567,0.511942637490209,0.607867064239755,0.84219505810943,0.399678779551004,0.865021807831365
"AAD021_009787",12.3046963395361,-0.701955049129101,0.850642489854245,-0.825205720971426,0.409254805999654,0.870169546248388
"AAD021_003713",7.6083320266473,-0.593641542932144,0.719421343789281,-0.825165319401508,0.409277739797696,0.870169546248388
"AAD021_011174",9.177485297456,-0.565124475452824,0.691323325159692,-0.817453216007551,0.41366947472267,0.872924737673052
"AAD021_009037",5.75844432021026,-0.939318988365285,1.1491661552545,-0.817391796713031,0.413704562151002,0.872924737673052
"AAD021_003784",10.4987765551096,0.531962288221589,0.651523314609893,0.816490026208973,0.414219925646026,0.872924737673052
"AAD021_001209",8.92878649110355,-0.730208287076907,0.893282755096349,-0.81744361783649,0.413674957820595,0.872924737673052
"AAD021_001257",8.94479248202646,0.583478524950443,0.713537344577117,0.817726681560369,0.413513271534409,0.872924737673052
"AAD021_003603",11.4421733386483,-0.91948238726411,1.12798954919633,-0.815151512635223,0.414985588444849,0.873001316992063
"AAD021_007838",9.32532637577597,-0.642390753677544,0.79070005854698,-0.812432915280195,0.416543265631331,0.873208912365504
"AAD021_002247",9.2644077255793,-0.752855225868844,0.925427749806243,-0.81352134299676,0.415919214568567,0.873208912365504
"AAD021_006722",32.5620368208711,0.493259004968084,0.611444324641533,0.806711232878419,0.419832870951384,0.874230790271295
"AAD021_003642",36.1820378067003,0.366804464596833,0.453398924633903,0.809010442389137,0.418509139802394,0.874230790271295
"AAD021_000487",9.70628852164262,-0.492410569842459,0.610549223923472,-0.806504292443715,0.419952134006679,0.874230790271295
"AAD021_001118",11.2543737089403,0.442885430511706,0.547371319554761,0.809113328904326,0.418449962109224,0.874230790271295
"AAD021_011091",8.61447031184611,-0.923167182021263,1.15068635305576,-0.802275250392689,0.422393755668589,0.874315309437967
"AAD021_011136",6.9054860750434,0.674420493086217,0.838647254662417,0.804176594315203,0.421294994190446,0.874315309437967
"AAD021_001219",19.001140002052,0.868080389273361,1.08323829459754,0.801375277815382,0.422914422860971,0.874315309437967
"AAD021_001488",14.252519078138,0.628818922476886,0.784065135842419,0.801998320970193,0.422553929491069,0.874315309437967
"AAD021_005248",16.2901263865285,-0.554155164653494,0.693724360151442,-0.798811742076522,0.424399580899833,0.875872928167415
"AAD021_005949",11.5088850214747,0.429289516717832,0.538456252958269,0.797259785468778,0.425300170636959,0.875955893074922
"AAD021_006476",7.50478908502907,-0.615998989174659,0.774671451678756,-0.795174506353313,0.426511999195065,0.875955893074922
"AAD021_001604",25.8890967927691,0.50338917347428,0.633223583145138,0.794962769665041,0.426635159283776,0.875955893074922
"AAD021_008148",7.32248022974466,-0.71948582156367,0.906700851901119,-0.793520619347707,0.427474560865615,0.876176454376954
"AAD021_010184",15.8754623839739,-0.420001490142017,0.532401788757907,-0.788880689379124,0.430181743152044,0.877336267817659
"AAD021_009529",64.0668193221491,-0.483242757617978,0.6136915070799,-0.787435954454331,0.431026706274953,0.877336267817659
"AAD021_003724",7.45802263329007,0.52238698430274,0.664121220938381,0.78658378596098,0.431525553874494,0.877336267817659
"AAD021_002662",8.80990796856589,-0.630923829036987,0.80100745154841,-0.787662871072376,0.430893928849121,0.877336267817659
"AAD021_001463",9.01300596929723,-0.509496826207732,0.647986322556508,-0.786277130353011,0.431705147656308,0.877336267817659
"AAD021_009303",9.75526609003616,0.551269956070783,0.704129321251833,0.7829100982341,0.433679907070698,0.878366918381769
"AAD021_001145",36.8225263356465,0.414059653570034,0.528683524312666,0.783190007875406,0.433515541704133,0.878366918381769
"AAD021_003600",39.2603680572155,0.428212089798379,0.54784052601247,0.781636387718844,0.434428295768914,0.878396402086807
"AAD021_007193",40.0724833311516,0.400785855314299,0.51360220263217,0.780342944910095,0.435189041347638,0.878450729330729
"AAD021_011709",19.130611567871,0.499443798034411,0.645070671323544,0.774246637209008,0.43878495365924,0.879008142568362
"AAD021_011131",15.7478119832351,-0.611954063158312,0.79327868949412,-0.771423802583882,0.440455771015183,0.879008142568362
"AAD021_006542",26.7496486787573,-0.432318195628585,0.56199645018773,-0.769254317325622,0.441742350796705,0.879008142568362
"AAD021_003627",39.6865114211089,0.716836713941487,0.929489849989429,0.77121521439921,0.440579377579679,0.879008142568362
"AAD021_004022",13.5639332694121,-0.378838359435628,0.488144332174231,-0.776078578538961,0.437702591001448,0.879008142568362
"AAD021_003332",23.2951143556566,0.371091639873728,0.481267594171574,0.771071321584624,0.440664658125128,0.879008142568362
"AAD021_003372",136.166533623842,2.62489293816088,3.41473826295311,0.768695207664567,0.442074270531457,0.879008142568362
"AAD021_001084",10.995163492049,0.412765824415779,0.533904032723184,0.773108647092366,0.439458084017742,0.879008142568362
"AAD021_012698",455.081552382432,-0.534923146391473,0.691768373682687,-0.773269155893561,0.439363105865817,0.879008142568362
"AAD021_012148",29.7900017971999,-0.591255957738556,0.773692827431101,-0.76419986947754,0.444748144342951,0.88139563280403
"AAD021_007960",17.3237827817515,-0.627574684263494,0.820174873872165,-0.765171799643925,0.444169249770846,0.88139563280403
"AAD021_003687",16.7942352830807,0.483704022926802,0.633978944280088,0.762965438033703,0.44548400822593,0.88139563280403
"AAD021_011682",6.95360185449689,-0.558819288738371,0.741713384010187,-0.753416752057282,0.451199519270257,0.884456608350964
"AAD021_011046",9.96170299383495,0.666657946026387,0.880402243416668,0.757219726564098,0.448918233786609,0.884456608350964
"AAD021_007712",75.6249750123139,0.405038891294437,0.535860762298212,0.755865925986626,0.449729585184038,0.884456608350964
"AAD021_007946",43.9269438934934,0.347609273797856,0.46090609776365,0.75418675405789,0.450737090188586,0.884456608350964
"AAD021_006900",10.3436738784828,0.56767978664137,0.760106967011466,0.74684197261516,0.455158956344356,0.884456608350964
"AAD021_003455",7.20960902897569,-0.553604790543123,0.740371088335138,-0.747739612290921,0.454617232909112,0.884456608350964
"AAD021_003519",8.09511045600571,0.55587484235694,0.732780517861259,0.758582998329913,0.448102046230603,0.884456608350964
"AAD021_002052",18.0924050175854,-0.40842865672122,0.545719370584291,-0.748422501997543,0.454205354011797,0.884456608350964
"AAD021_002737",14.3493228714844,-0.429422499361882,0.571271943803077,-0.751695412351474,0.452234249920721,0.884456608350964
"AAD021_000506",11.5072808793221,0.515609825133719,0.687733296531726,0.74972351598209,0.453421241392158,0.884456608350964
"AAD021_000728",10.9442913829941,0.505838483469978,0.672366991324196,0.752324980251859,0.451855648994893,0.884456608350964
"AAD021_008338",70.1174009231636,-0.30514415465888,0.41152177414096,-0.741501844697913,0.458389213696272,0.884986917410383
"AAD021_005289",10.122425870135,-0.498418487013672,0.671948814417737,-0.741750675526626,0.458238410273287,0.884986917410383
"AAD021_002719",11.2857086286364,-0.458167007249589,0.616624753903227,-0.743024026118636,0.457467134421128,0.884986917410383
"AAD021_001300",9.32751903595847,0.466459667030232,0.627392786150048,0.743489050762966,0.457185648085505,0.884986917410383
"AAD021_007962",8.13890342139976,0.449597698343583,0.607722328412148,0.739807766349952,0.459416645884481,0.885542230472985
"AAD021_003650",34.6621643694532,-1.47443757748633,1.99907943293801,-0.737558274670141,0.460782918782018,0.88555384728648
"AAD021_000248",8.20671440664848,-0.455057125889345,0.617142168741558,-0.737361906118442,0.460902294786531,0.88555384728648
"AAD021_004155",15.7667991700599,0.578507378163638,0.786144171657007,0.735879497706229,0.461804035413906,0.885819158067762
"AAD021_002729",42.1506185550834,-0.323470277108891,0.440639424528903,-0.734092909309511,0.462892114792652,0.885819158067762
"AAD021_001537",10.5396316154244,0.535253868937794,0.729737134708523,0.733488599496296,0.463260478655321,0.885819158067762
"AAD021_011908",12.3844092649474,-0.466218773530745,0.638070837321365,-0.730669302311232,0.464981170296945,0.887691325112349
"AAD021_002846",12.9922282422837,-0.423281928526078,0.581734921668053,-0.727619939529106,0.46684627123085,0.88983278131103
"AAD021_012463",11.9893419462837,-0.525222918623102,0.771486671397229,-0.680793250351141,0.496002321531125,0.890369020100821
"AAD021_012493",57.4154616522258,1.44770898465556,2.0080242282554,0.720961910859688,0.47093294975056,0.890369020100821
"AAD021_012243",27.2792675713299,-0.510035237654824,0.705140112811563,-0.723310485941852,0.469489151970583,0.890369020100821
"AAD021_012248",5.84627277159075,-0.954641587498496,1.47341029427838,-0.647912934506845,0.517041264410731,0.890369020100821
"AAD021_011760",12.2894556676712,0.426062436477172,0.627264497392775,0.679238882876522,0.49698651416196,0.890369020100821
"AAD021_012014",7.16359705577637,-0.542456458031778,0.759119644302659,-0.714586247507912,0.474864745096842,0.890369020100821
"AAD021_011668",44.3367954288477,0.425549778561798,0.696381714912635,0.611086950517053,0.54114201842279,0.890369020100821
"AAD021_011678",7.68310070719543,-0.480561035065452,0.709377865138105,-0.67744013266032,0.498126742375961,0.890369020100821
"AAD021_011686",12.0295072787842,0.419611066873962,0.6287693985954,0.6673528766052,0.504546758602469,0.890369020100821
"AAD021_011713",48.2773753930038,0.284759425197297,0.428364206732301,0.664760082009496,0.506203958158295,0.890369020100821
"AAD021_010922",12.0751658040888,0.557971410817415,0.816919601256026,0.683018757243093,0.494594990050599,0.890369020100821
"AAD021_010989",50.8698333906689,0.613255823331024,0.963790654121425,0.636295673452092,0.524583724404768,0.890369020100821
"AAD021_011045",42.2040041735916,0.544577910229553,0.88239689308358,0.617157556308362,0.537130808104235,0.890369020100821
"AAD021_011063",40.8205792775917,0.336665744933154,0.486234405488129,0.69239391769321,0.488689984437419,0.890369020100821
"AAD021_011244",14.6650582450377,-0.447174611443271,0.684618780187303,-0.653173159113354,0.513644652013488,0.890369020100821
"AAD021_011253",13.1884981240773,0.496541119908571,0.820527155614852,0.605148917388961,0.545080053809033,0.890369020100821
"AAD021_010452",9.81056833282227,0.460969691826315,0.656425268833562,0.702242454263586,0.482527973855514,0.890369020100821
"AAD021_010584",14.9571311957057,0.346411618506338,0.590030960400558,0.587107527834078,0.55713149210987,0.890369020100821
"AAD021_010672",9.99214167958096,-0.427229230252502,0.689857701596364,-0.619300515546718,0.535718404899329,0.890369020100821
"AAD021_009786",37.4840574749319,0.36607979208063,0.525536623835844,0.696582836432305,0.486063900185639,0.890369020100821
"AAD021_009815",30.0068800650778,0.311736699901121,0.529716059792482,0.588497732206278,0.556198255589073,0.890369020100821
"AAD021_007609",10.3318450367534,-0.371380772324419,0.604033220131555,-0.614835012292097,0.538663684458189,0.890369020100821
"AAD021_007640",8.3335035786301,-0.433379119275102,0.719447625596313,-0.602377579488008,0.546922830700765,0.890369020100821
"AAD021_007784",10.658358597909,-0.395663821576173,0.593203778229154,-0.666994776663962,0.504775469854512,0.890369020100821
"AAD021_007963",36.582937120054,-0.432900676432616,0.656287895484745,-0.659620083519701,0.509497662799493,0.890369020100821
"AAD021_008101",10.6324655071074,-0.418473942204775,0.704637545942469,-0.593885387763516,0.552588772912946,0.890369020100821
"AAD021_008126",7.10049835488632,0.524172878106335,0.840461550783903,0.623672644652734,0.532842591735172,0.890369020100821
"AAD021_008157",12.7268370071983,0.464663741129815,0.708378564437503,0.655953983444977,0.511853732585877,0.890369020100821
"AAD021_008238",10.0621456896658,0.434117105391088,0.605952892138045,0.716420551867239,0.473731708439958,0.890369020100821
"AAD021_008311",86.4607245936935,0.302672505330503,0.466410036499504,0.648940806681857,0.516376637389155,0.890369020100821
"AAD021_008349",14.8927222603142,-0.32835294109664,0.547247594989098,-0.600008011187663,0.548500896463323,0.890369020100821
"AAD021_008353",66.2715910970071,-0.422672516558877,0.653748206499226,-0.646537171891083,0.517931531887063,0.890369020100821
"AAD021_008358",22.1046159957325,0.336842300293749,0.561686004194678,0.599698582087157,0.548707133391448,0.890369020100821
"AAD021_008362",18.3022537705823,0.448707429174278,0.752662082408823,0.596160534270881,0.551067987690567,0.890369020100821
"AAD021_008535",7.06072996302654,0.40950138962336,0.64956341241564,0.630425577851559,0.528416180464342,0.890369020100821
"AAD021_008540",8.64149009018871,-0.474839176778342,0.656612526844686,-0.723164967717193,0.469578538820288,0.890369020100821
"AAD021_008610",18.3559461526263,-0.350234585661153,0.578351471529572,-0.605573950965983,0.544797704333065,0.890369020100821
"AAD021_008639",14.9313524620485,-0.758970141495126,1.23762046557361,-0.613249507912232,0.539711373903268,0.890369020100821
"AAD021_008697",16.2174090919284,0.590148239671152,0.882646551627439,0.668612185232047,0.503742897560835,0.890369020100821
"AAD021_008903",14.0923256742037,-0.360259983306659,0.520911611184691,-0.691595225699293,0.489191560753699,0.890369020100821
"AAD021_009039",11.3149913203084,-0.422277629609398,0.637703474516104,-0.662184928394543,0.507852712071899,0.890369020100821
"AAD021_009160",7.69127319940563,-0.45899433845163,0.759690812718123,-0.604185717093746,0.545720175769617,0.890369020100821
"AAD021_009177",8.43805043248844,-0.43980199791015,0.722102404498894,-0.609057656047209,0.542486223224691,0.890369020100821
"AAD021_009185",22.4554898245645,-0.501952122284532,0.806860484585638,-0.622105223733083,0.533872680331922,0.890369020100821
"AAD021_009274",10.633539307707,-0.32525507056027,0.521944217095806,-0.623160598214977,0.533178991361872,0.890369020100821
"AAD021_009285",30.9850221393237,0.442759292892817,0.663530496633062,0.667277985170991,0.504594585740807,0.890369020100821
"AAD021_005024",12.229919356597,0.392006682644645,0.611995227590019,0.64053879012804,0.521822379110839,0.890369020100821
"AAD021_005131",9.88176199785298,0.479950366979121,0.755542625799957,0.635239297678217,0.525272356885651,0.890369020100821
"AAD021_007111",11.2932165803019,-0.741657801429328,1.15696417199886,-0.641037829328788,0.521498105232066,0.890369020100821
"AAD021_007178",34.4309229401457,0.31572054266495,0.47716881584097,0.661653763162455,0.508193143314656,0.890369020100821
"AAD021_007406",15.1144297980221,-0.421501768962441,0.710041617528284,-0.593629666990119,0.552759834006547,0.890369020100821
"AAD021_007408",51.3273773153923,0.256155862580651,0.374319058030003,0.684324928388017,0.493770009045842,0.890369020100821
"AAD021_007409",10.9715998619043,0.389943488125216,0.581067608770494,0.671081096656402,0.502168868550555,0.890369020100821
"AAD021_006086",9.26754056791767,-1.69382882104686,2.52551386308909,-0.670686803902573,0.502420071121661,0.890369020100821
"AAD021_006177",9.37527443878655,0.517934240369975,0.842998644204574,0.614395104820935,0.538954269773985,0.890369020100821
"AAD021_006205",24.0974005770825,0.42505803092696,0.659829178038322,0.644194050633926,0.519449608335369,0.890369020100821
"AAD021_006209",10.0795322728325,0.523636484994577,0.746059694924812,0.701869419507174,0.482760601474008,0.890369020100821
"AAD021_006255",10.5075565098141,0.359669224286165,0.60673648709015,0.592793134975454,0.553319602636294,0.890369020100821
"AAD021_006305",13.8834389548097,0.502866449133154,0.809655231293773,0.621087136471173,0.534542292457501,0.890369020100821
"AAD021_006372",21.5791031071,0.261799607250113,0.443279595430195,0.590597018110073,0.554790463314113,0.890369020100821
"AAD021_006390",15.4878341594059,0.452760914496253,0.652927325168312,0.693432327065713,0.488038280941109,0.890369020100821
"AAD021_006568",6.32297346983023,0.585198529984289,0.895578322948578,0.653430878114152,0.513478537609906,0.890369020100821
"AAD021_003458",8.37275753149535,-0.351823896385166,0.586536808880474,-0.599832595428571,0.548617807746517,0.890369020100821
"AAD021_003541",12.2754774158716,-0.332337222854642,0.497976946954562,-0.667374714606951,0.504532812876471,0.890369020100821
"AAD021_003655",79.1966013699894,-1.32087669355579,1.93491115502319,-0.682654958149727,0.494824897614317,0.890369020100821
"AAD021_003672",13.6809104218365,0.435230702830238,0.688796216124576,0.631871506610486,0.527470843454979,0.890369020100821
"AAD021_003678",39.1275953512652,0.452505745737657,0.659712866857061,0.685913172943618,0.492767862858042,0.890369020100821
"AAD021_003732",7.56439971152849,-0.402856943660452,0.684352274970628,-0.588668962454669,0.556083362435076,0.890369020100821
"AAD021_003756",16.6548618833133,0.374327231038413,0.573409400925828,0.652809721002173,0.513878955859008,0.890369020100821
"AAD021_003970",13.2982522670303,0.40501746479452,0.646995384751097,0.625997455840172,0.531316610072629,0.890369020100821
"AAD021_003972",8.10647229702594,0.667424568086234,0.935893188018561,0.713141816428091,0.475758005803743,0.890369020100821
"AAD021_003990",9.71570282453628,0.502148453111368,0.710674975988732,0.706579618077519,0.479827758762457,0.890369020100821
"AAD021_003991",127.258803833467,-0.31335679231377,0.446155221504336,-0.702349265928572,0.48246137642121,0.890369020100821
"AAD021_004085",27.5493445906983,0.372272925544192,0.557382048707526,0.667895434392675,0.504200341954848,0.890369020100821
"AAD021_004146",10.7591766593435,0.369847649898816,0.562562547137306,0.657433829857405,0.510902005101479,0.890369020100821
"AAD021_004154",62.4478961840883,0.476732975526528,0.691377213542949,0.68954105832259,0.490482844624803,0.890369020100821
"AAD021_004159",32.7999556642679,-0.31496902530916,0.523687445641147,-0.601444674549235,0.547543850789096,0.890369020100821
"AAD021_004166",34.6219426095619,0.377351729116629,0.554770998501608,0.680193683764698,0.496381831171073,0.890369020100821
"AAD021_004277",8.92468655608066,0.384460855293548,0.609437970581255,0.630844932301914,0.528141920964927,0.890369020100821
"AAD021_004415",7.01398491785141,0.576608023044328,0.869804261426995,0.662916990195414,0.507383719614593,0.890369020100821
"AAD021_004517",7.21896091958094,-0.463706650190292,0.648795352823054,-0.714719438375446,0.474782423993236,0.890369020100821
"AAD021_004585",11.3518385043432,-0.641350057619265,0.909598496293894,-0.705091378484473,0.480753371507236,0.890369020100821
"AAD021_004690",17.3832417385775,0.492981786776673,0.739753062626458,0.666413985535071,0.505146525657293,0.890369020100821
"AAD021_001794",8.60935739677464,0.470220113912248,0.655666648870038,0.717163385880029,0.473273288395588,0.890369020100821
"AAD021_002012",10.957552114264,0.378858181997674,0.59597993221582,0.635689494760504,0.524978824906748,0.890369020100821
"AAD021_002079",9.38831545053507,0.380840290356217,0.599898319393787,0.634841402358097,0.525531857605415,0.890369020100821
"AAD021_002154",9.362141503714,-0.435348183003156,0.62053395663024,-0.70157028209589,0.482947190095465,0.890369020100821
"AAD021_002191",10.5969458836817,0.508475430901056,0.766853254729587,0.663067448387316,0.507287357361806,0.890369020100821
"AAD021_002317",39.686702106882,0.3600053388982,0.595410571222918,0.604633770876426,0.545422362598133,0.890369020100821
"AAD021_002334",8.00049863119163,0.436868616733964,0.621030729845958,0.703457326245878,0.481770791877688,0.890369020100821
"AAD021_002454",8.66832640063846,0.435843200913913,0.715662039896489,0.609007012551556,0.542519790755679,0.890369020100821
"AAD021_002494",8.46451779074729,-0.430812340632283,0.697380099329498,-0.617758294288138,0.536734678928657,0.890369020100821
"AAD021_002542",10.2231989943235,0.51583252297065,0.858092458337402,0.60113862784682,0.547747657190912,0.890369020100821
"AAD021_002570",17.1186942342238,0.38836674428575,0.594434851061055,0.653337777205563,0.51353854315948,0.890369020100821
"AAD021_002611",11.8516618845971,-0.343764364647329,0.515259324761848,-0.66716767291153,0.504665037665776,0.890369020100821
"AAD021_002628",13.9808076912996,0.320628973896713,0.527838793904646,0.607437303963367,0.543560738379761,0.890369020100821
"AAD021_002700",8.97281775595558,0.423214043968094,0.612408640715599,0.691064782289108,0.489524830874184,0.890369020100821
"AAD021_002790",7.29680000334201,0.545434065460135,0.831874507248369,0.65566868645163,0.512037320768534,0.890369020100821
"AAD021_002882",9.55513977182445,-0.417929459833779,0.708591628629197,-0.58980298799505,0.555322739231822,0.890369020100821
"AAD021_002964",13.8101198409271,0.366621487447969,0.550013180327946,0.666568548828904,0.505047764239189,0.890369020100821
"AAD021_003026",9.21452259156102,0.433279245122211,0.669657046736357,0.647016629234087,0.517621181049635,0.890369020100821
"AAD021_003193",23.5746466690289,0.259707351717348,0.431740989452041,0.601535082520111,0.547483652372651,0.890369020100821
"AAD021_003306",47.8244739596161,-1.11087345502601,1.62638139004525,-0.683033796270322,0.494585487171294,0.890369020100821
"AAD021_000056",45.122526785088,0.280912671947188,0.419097003972771,0.670280792476002,0.502678809048834,0.890369020100821
"AAD021_000354",11.1336926871921,-0.553974687626457,0.809387040214082,-0.684437308855268,0.493699063683751,0.890369020100821
"AAD021_000411",6.66418388020054,0.523808389282251,0.77618780944445,0.674847482669384,0.499772669433287,0.890369020100821
"AAD021_000456",9.64512913094854,0.476805070198125,0.682138169305113,0.698986058328683,0.484560743655826,0.890369020100821
"AAD021_000661",22.9712248794117,-0.356089164436515,0.527734216853057,-0.67475095050671,0.499834007945311,0.890369020100821
"AAD021_000672",10.0903158657673,0.420754234671406,0.607228280052456,0.692909484774093,0.488366357030706,0.890369020100821
"AAD021_000751",19.9833839338923,0.390349144832959,0.664080488838618,0.587803965624143,0.556663881940093,0.890369020100821
"AAD021_000976",6.7942364193344,0.445943780698138,0.709273977142152,0.628732753589749,0.52952403124777,0.890369020100821
"AAD021_001031",26.3940064330113,0.332114989135494,0.48101139629374,0.690451394071922,0.489910366388248,0.890369020100821
"AAD021_001152",15.5335461715157,0.348534208911059,0.556512038605908,0.626283323149945,0.531129122886407,0.890369020100821
"AAD021_001223",73.6847693128427,0.415823126588631,0.642001461096312,0.647698100061255,0.517180233337974,0.890369020100821
"AAD021_001225",11.8789863060572,0.355012235664506,0.597136134409311,0.594524791261686,0.552161165934195,0.890369020100821
"AAD021_001258",12.1236709539563,0.362773984705471,0.573426152170377,0.632642901500738,0.526966864521678,0.890369020100821
"AAD021_001312",78.9493273790584,0.581990161762626,0.94988856260362,0.612693093353399,0.540079290163088,0.890369020100821
"AAD021_001359",8.8073767515236,0.511771994876525,0.870007763321834,0.588238423209575,0.556372270420932,0.890369020100821
"AAD021_001390",20.6004271707565,0.42576836779762,0.666149543356314,0.639148329446325,0.522726442163236,0.890369020100821
"AAD021_001602",47.2519566604019,0.348118065504556,0.50991987901778,0.682691693006968,0.494801679951774,0.890369020100821
"AAD021_001617",9.21314829397982,0.572338073233026,0.903075843795767,0.633765233745376,0.526234045272681,0.890369020100821
"AAD021_005203",17.4561485309477,-0.318112793027679,0.545224052601822,-0.583453337228314,0.559588160967558,0.893102704904223
"AAD021_000828",25.8982375278583,-0.359572694751506,0.6191768307347,-0.58072698606123,0.561424470944679,0.8948403351808
"AAD021_004374",6.78211471916343,-0.411234561186839,0.712267234207948,-0.577359930987333,0.563696336142017,0.894886623822273
"AAD021_000199",14.1842656354572,0.306046628326775,0.528781352851866,0.578777270938507,0.562739469474922,0.894886623822273
"AAD021_000258",19.2190203750552,-0.271312964068758,0.469115474012143,-0.578350063254863,0.563027801003044,0.894886623822273
"AAD021_011669",59.3369934879575,0.304458865282309,0.529837425521807,0.574626952753411,0.565543619601391,0.89544406436887
"AAD021_006551",47.099595939237,0.267894054537743,0.46581193905625,0.575112040023073,0.565215525656722,0.89544406436887
"AAD021_009697",18.9644147081925,0.324999205712836,0.575825479781358,0.564405739454667,0.572478033715826,0.896932207274664
"AAD021_004213",10.9258903683918,-0.386874029671012,0.682307237680104,-0.56700853853817,0.570708380492476,0.896932207274664
"AAD021_002931",15.7193845502051,0.347918217101108,0.614102180412506,0.566547763871158,0.571021473106047,0.896932207274664
"AAD021_003411",35.5255120841596,-0.295618194990265,0.519804634840709,-0.568710194515398,0.569552828302004,0.896932207274664
"AAD021_003425",12.3067708757273,0.431275021328464,0.755589532451759,0.570779507663441,0.568149115582601,0.896932207274664
"AAD021_000939",30.6285363630179,-0.315338020437177,0.554267602209949,-0.568927390271192,0.569405416464674,0.896932207274664
"AAD021_001168",10.5087342916198,-0.404322219902797,0.716291250311232,-0.564466227567511,0.572436878053435,0.896932207274664
"AAD021_001562",7.64741562186124,-0.361128233437291,0.634203479475437,-0.569420139000163,0.569071052999656,0.896932207274664
"AAD021_001045",35.6412113275612,0.270849267732756,0.481166590924512,0.562901233878992,0.57350213996436,0.897362171944234
"AAD021_004351",5.55910538257547,0.509421369376884,0.910156403032475,0.559707504863543,0.57567896250454,0.89742021644803
"AAD021_002532",18.7470867299048,0.298557026271391,0.535796986524483,0.557220428222303,0.577376834076486,0.89742021644803
"AAD021_002753",15.1365638373563,0.278081686591029,0.49991900423367,0.556253481536079,0.578037583025423,0.89742021644803
"AAD021_000603",7.12910253996269,0.406837717479949,0.724708068657889,0.56138152046987,0.574537478942305,0.89742021644803
"AAD021_000856",9.61172207461998,-0.327665836673287,0.586945849399455,-0.558255650003394,0.576669824846858,0.89742021644803
"AAD021_001483",7.7788953603251,-0.453391828539972,0.811741825000005,-0.55854190898685,0.576474395096007,0.89742021644803
"AAD021_011911",8.21192032099515,-0.56591312991276,1.02566970944673,-0.551749871035996,0.581119736526706,0.897792821111845
"AAD021_007937",108.049339814202,0.225172334981136,0.408025511449084,0.551858471254522,0.58104532296955,0.897792821111845
"AAD021_006053",9.7547903896126,0.469624134849965,0.850532107084073,0.552153329590348,0.580843306664696,0.897792821111845
"AAD021_004396",9.61244707843659,-0.3660799470305,0.663801596062606,-0.551490007258093,0.581297814931439,0.897792821111845
"AAD021_002825",8.68088045578837,-0.369645608591303,0.671563730930227,-0.550425211437911,0.582027760386626,0.897792821111845
"AAD021_009213",61.197958573378,0.274120972708945,0.49917457972739,0.549148502030388,0.582903542277989,0.89798653810393
"AAD021_009960",61.3050743374882,-0.344740307668824,0.644827446038058,-0.534624122758691,0.592909799479034,0.899164728244356
"AAD021_008300",9.11404523432397,-0.408878743760432,0.748742073388472,-0.546087575805684,0.585005739667761,0.899164728244356
"AAD021_008321",11.5957036293987,-0.388896854531086,0.737435247085279,-0.527364071717761,0.597940788373022,0.899164728244356
"AAD021_008356",12.515833375675,-0.377324289667255,0.693589342365092,-0.544016850634708,0.586429877263116,0.899164728244356
"AAD021_008472",8.42902610142762,0.351963381623042,0.66685142679635,0.527798798172967,0.597638991389567,0.899164728244356
"AAD021_008593",64.6909022483954,-0.38697804144943,0.730784076970504,-0.529538140805781,0.596432193323436,0.899164728244356
"AAD021_006416",9.55444464735317,-0.315781709306049,0.589809762273413,-0.535395867455421,0.592376147141395,0.899164728244356
"AAD021_003723",8.99686329464725,0.394436567226272,0.72378107209488,0.54496667906033,0.585776434892396,0.899164728244356
"AAD021_004044",46.3131166926297,0.265991648904929,0.495850608208054,0.536435056248477,0.591657908699818,0.899164728244356
"AAD021_002575",9.34822440391679,0.396140314177189,0.745288869693098,0.531525869077201,0.595054419755931,0.899164728244356
"AAD021_002664",9.80343150228817,-0.398409286373329,0.7350318286649,-0.54202997861602,0.587797854075623,0.899164728244356
"AAD021_002818",45.3600982376548,-0.27089298914101,0.500472769668317,-0.541274182250798,0.588318612951362,0.899164728244356
"AAD021_002819",36.7141422646645,0.284008282591291,0.52762995519041,0.538271718270429,0.590389473491191,0.899164728244356
"AAD021_003412",8.31610704171808,-0.33872008383766,0.632999459308194,-0.535103275139994,0.592578445335678,0.899164728244356
"AAD021_000686",11.7295083661665,-0.363537153752156,0.685502449418576,-0.530322180556025,0.595888570665735,0.899164728244356
"AAD021_000802",10.6951971143935,0.328947746457751,0.61662399087405,0.533465695993235,0.593711251213858,0.899164728244356
"AAD021_000882",8.38268927500667,-0.378054045017098,0.708668022636121,-0.533471291128396,0.593707379056419,0.899164728244356
"AAD021_001003",9.29233750710367,0.338511784528128,0.641225108215618,0.527914113454055,0.597558948518478,0.899164728244356
"AAD021_001171",18.1155471802903,-0.411354289927866,0.769841059041825,-0.534336646631779,0.593108642132138,0.899164728244356
"AAD021_008310",160.028613024391,-0.220682511710705,0.421055779414888,-0.52411704695604,0.600197132545532,0.899168920722154
"AAD021_002748",36.183076099708,-0.319929435277225,0.610158183433195,-0.524338514116239,0.600043113605746,0.899168920722154
"AAD021_001135",65.5374937496784,0.335393236963306,0.638007646124181,0.525688428658777,0.59910470488792,0.899168920722154
"AAD021_006163",16.3164048574704,0.361642225502947,0.695660534701037,0.519854451220759,0.603165024252247,0.902485667537425
"AAD021_010859",8.54097143338671,-0.356116834654937,0.70096568659483,-0.508037470970784,0.611427065171954,0.903595691325928
"AAD021_010478",33.8797839192714,0.307698540074495,0.603905943850682,0.509514011590147,0.610391979565374,0.903595691325928
"AAD021_008081",20.9211417571457,-0.818698710930947,1.59914606767225,-0.511959931291744,0.608679052666026,0.903595691325928
"AAD021_008288",40.3609549294094,-0.293155962181717,0.574675249500487,-0.510124565894443,0.609964195724894,0.903595691325928
"AAD021_008538",17.1273953897029,-0.376510501177104,0.735802640633328,-0.511700394079898,0.608860710280859,0.903595691325928
"AAD021_005769",140.725239098071,-0.407303784365339,0.799997576704092,-0.509131272676336,0.610660212814751,0.903595691325928
"AAD021_000649",25.2564197562881,0.242678987082708,0.475988185999098,0.509842458743645,0.610161837073919,0.903595691325928
"AAD021_000770",14.1932537486785,-0.394612310956708,0.768127837894061,-0.513732599561288,0.607438956644604,0.903595691325928
"AAD021_000902",15.7918451117463,0.287161239789675,0.565281819774191,0.507996595228173,0.611455730972432,0.903595691325928
"AAD021_001305",6.29216740577128,0.348735469937507,0.682562921911654,0.510920618074014,0.60940664320483,0.903595691325928
"AAD021_001796",8.36219405833949,-0.305913590102947,0.608421499818992,-0.502798783727987,0.615105748861003,0.907490452881597
"AAD021_003278",11.5901407992355,0.276512039027633,0.550727275338306,0.502085245111157,0.615607558679914,0.907490452881597
"AAD021_005344",12.5435445710294,0.359291869892369,0.719136163103467,0.499615911876587,0.617345551637325,0.907816493009677
"AAD021_004617",25.8422634661709,0.369766596073881,0.739888063210737,0.499760185979055,0.617243947977826,0.907816493009677
"AAD021_007842",7.74878452590248,-0.374038749274992,0.750565881855633,-0.498342328524515,0.618242778065823,0.908020374656185
"AAD021_004149",7.82783738270219,-0.379431435883974,0.769700850846735,-0.492959616020391,0.622041122222733,0.910248439242801
"AAD021_004163",7.63176080372975,-0.400767914704361,0.812482883547234,-0.493263209379429,0.621826620368449,0.910248439242801
"AAD021_001027",49.9657498534387,-0.272769210586587,0.551522957641962,-0.49457453548772,0.620900480871932,0.910248439242801
"AAD021_010525",37.6002727358942,0.341781150738548,0.703353018053153,0.485931163961707,0.627015972016884,0.913434216982944
"AAD021_009689",17.4672925564206,-0.309315941018711,0.646228559271411,-0.478647897219908,0.632189137836784,0.913434216982944
"AAD021_007617",6.66670590329638,0.424502344311844,0.876718292833257,0.48419469261899,0.628247703167314,0.913434216982944
"AAD021_008423",13.9296667972549,-0.375127128263115,0.771774696023842,-0.48605782256889,0.626926169890186,0.913434216982944
"AAD021_004515",8.12588564176697,-0.353508244183159,0.735769781834236,-0.480460400672995,0.630900054384215,0.913434216982944
"AAD021_002439",14.5366063470552,0.239834386981912,0.500071268902859,0.479600412773366,0.631511552789287,0.913434216982944
"AAD021_003424",75.9347893272342,-0.223074012988348,0.462916589143368,-0.481888137560912,0.629885413401576,0.913434216982944
"AAD021_000427",16.8194962910735,0.273666346505637,0.570137007061751,0.480001022764685,0.631226665780394,0.913434216982944
"AAD021_000633",9.74298458297708,-0.351648590035102,0.735584627419359,-0.478053206833299,0.632612335738397,0.913434216982944
"AAD021_001308",10.1029900166058,0.342871982967702,0.714189300397207,0.480085577839109,0.631166542871265,0.913434216982944
"AAD021_001321",7.00298419604527,-0.474468831105766,0.980248999450643,-0.484028885897022,0.628365369075088,0.913434216982944
"AAD021_003747",10.4902858278281,0.297204295789591,0.624822075017925,0.475662284788938,0.634314994305705,0.914789214679432
"AAD021_010905",17.6477515980682,0.301542206228328,0.643739787978602,0.46842250837904,0.639482474920934,0.915801398477734
"AAD021_008284",17.1107475316568,0.319640893075468,0.679250069853014,0.470579109612217,0.637941328650897,0.915801398477734
"AAD021_008862",10.4700150176817,-0.489848722083116,1.05093171371199,-0.466108992327317,0.641137486987754,0.915801398477734
"AAD021_004969",43.8101339465868,0.278509883782213,0.596200916151671,0.467140985927907,0.640399012232594,0.915801398477734
"AAD021_005937",30.4017983162714,-0.229976989150032,0.492349378766874,-0.467101207126588,0.640427470585817,0.915801398477734
"AAD021_005966",11.5343945086155,-0.724720068249215,1.55234178319501,-0.466855995306399,0.640602910488185,0.915801398477734
"AAD021_004535",13.3348176000096,0.396524913575318,0.846435172313096,0.468464598997835,0.63945238128104,0.915801398477734
"AAD021_000490",9.04129565727124,-0.340929918675082,0.722059620492789,-0.472163113680842,0.63681036612209,0.915801398477734
"AAD021_003931",12.4675347715371,0.2494753969985,0.538626628790362,0.463169445518815,0.64324291543828,0.91771367077428
"AAD021_008066",34.143528534693,-0.272115326023383,0.592858312321595,-0.458988801148452,0.646242208111249,0.918707747160529
"AAD021_004547",10.5999588388852,0.306778667384498,0.666921462072325,0.459992195229772,0.645521822623269,0.918707747160529
"AAD021_002222",19.6655216547963,-0.462509735054326,1.00374000287092,-0.460786392623036,0.644951865285425,0.918707747160529
"AAD021_008240",8.69356944515654,-0.315796980513717,0.701128252205903,-0.450412573619949,0.652412980370103,0.922005121018905
"AAD021_005336",12.8395097184476,0.296996067766684,0.657778182758855,0.451514014224403,0.651619126895652,0.922005121018905
"AAD021_004355",7.43659914279406,0.291187156358749,0.646135278413603,0.450659739665778,0.652234803342672,0.922005121018905
"AAD021_004461",10.7147437315012,0.406867346841065,0.898520911511054,0.452819006913074,0.650679075987455,0.922005121018905
"AAD021_002958",7.45500190317493,-0.35288184418418,0.77825400999562,-0.453427595170588,0.650240869507317,0.922005121018905
"AAD021_008233",17.6996578582497,-0.358507585979879,0.808683166992729,-0.443322676435903,0.65753235594148,0.922005160690711
"AAD021_008523",16.1305345918628,-0.241619063746528,0.543195727857321,-0.444810316715143,0.65645683815657,0.922005160690711
"AAD021_003706",12.8410223293587,-0.329371872037371,0.745385432592996,-0.441881284011111,0.658575114779079,0.922005160690711
"AAD021_004481",5.16326570230024,0.395963857975758,0.881352079078825,0.449268649130111,0.653237870730008,0.922005160690711
"AAD021_002851",7.29102125998506,-0.360153278987052,0.806638893568915,-0.446486379293689,0.655245949317224,0.922005160690711
"AAD021_002968",18.3509318752607,0.228372675745471,0.513149108945388,0.445041551791481,0.656289726207484,0.922005160690711
"AAD021_003353",8.98426341295264,0.282914608091207,0.636515260419616,0.44447419517436,0.656699781460454,0.922005160690711
"AAD021_000911",9.13885083349659,0.254152519103959,0.574880495435139,0.442096263696659,0.658419547990876,0.922005160690711
"AAD021_008367",9.86091197805239,0.268489173101125,0.610510656698637,0.439778028696488,0.660097882274766,0.922052109884696
"AAD021_003143",12.0669267977138,0.277990288196178,0.632216955633653,0.43970710642766,0.660149254946687,0.922052109884696
"AAD021_012507",16.2993453600313,-0.454353270696623,1.05612873693069,-0.4302063326267,0.667045555885027,0.925032444563325
"AAD021_012352",16.4371411153549,-0.256737036960098,0.598219926545992,-0.429168313470347,0.667800740718301,0.925032444563325
"AAD021_011860",9.39616744656395,0.31270135475994,0.74032582776506,0.422383419613958,0.672745178093018,0.925032444563325
"AAD021_011496",6.55193016062145,0.319300239306955,0.794143741508648,0.402068570987382,0.687633562165027,0.925032444563325
"AAD021_011004",10.4652428930661,-0.263195655740069,0.681114074018474,-0.386419347037205,0.699186123899828,0.925032444563325
"AAD021_011090",12.4101976391056,0.274872474089575,0.646923319135527,0.424891893612495,0.670915484349244,0.925032444563325
"AAD021_010379",14.4791560567491,0.206607202381804,0.528514669775622,0.390920468621085,0.695856023716358,0.925032444563325
"AAD021_010760",13.0410645920647,-0.384963972514047,0.923268169825848,-0.416957916557072,0.676709189628601,0.925032444563325
"AAD021_007611",12.5890958284827,0.268337421277352,0.656032416532789,0.409030734632822,0.682517106256187,0.925032444563325
"AAD021_007621",63.8663029903441,0.183118669295392,0.464066890264082,0.394595419619759,0.693141494414193,0.925032444563325
"AAD021_007687",7.16445536959278,0.296594470778482,0.730880085189423,0.405804559172813,0.684886208500994,0.925032444563325
"AAD021_007987",20.4680613476299,-0.253309607013666,0.6423443731022,-0.394351717895976,0.693321385030867,0.925032444563325
"AAD021_008449",12.166786482003,-0.304964737755942,0.77344367384192,-0.394294695360418,0.693363479224047,0.925032444563325
"AAD021_008451",9.32469599734126,-0.272534990054094,0.685640609615921,-0.397489568488018,0.691006477451422,0.925032444563325
"AAD021_009115",8.58524431762895,-0.250407050730721,0.610011398552888,-0.410495691268645,0.681442363571855,0.925032444563325
"AAD021_009123",8.7534624752457,-0.26273253559579,0.655855790947688,-0.400594977161291,0.688718344302464,0.925032444563325
"AAD021_009283",15.7901880922357,-0.241809671622619,0.618455872973019,-0.390989369152887,0.695805093842235,0.925032444563325
"AAD021_005168",34.0010879558991,0.376275001332236,0.947225654102271,0.397239031378272,0.691191202132088,0.925032444563325
"AAD021_007034",7.79377486154805,-0.260933708913836,0.67340952662199,-0.387481463505205,0.698399805213453,0.925032444563325
"AAD021_007112",34.8480620303261,0.681736218092642,1.75297716890495,0.388901937906303,0.69734868855974,0.925032444563325
"AAD021_006055",15.9140415481945,-0.260689283131953,0.621147138243682,-0.419690065495692,0.674711883440779,0.925032444563325
"AAD021_006432",8.83299217152442,0.267300219605746,0.634509965788843,0.421270325160977,0.673557696737401,0.925032444563325
"AAD021_006556",10.2108899187724,-0.355209904813903,0.890366365593452,-0.398948026947477,0.689931500204625,0.925032444563325
"AAD021_003685",14.8234554208927,-0.231387994894092,0.591860964049975,-0.390949917208181,0.695834255750841,0.925032444563325
"AAD021_003867",8.18922025953053,-0.25780136665378,0.66469159921133,-0.38785109810274,0.698126228789215,0.925032444563325
"AAD021_004227",9.43351681985068,0.473176889814353,1.20944943851055,0.391233295702776,0.695624799317358,0.925032444563325
"AAD021_004367",8.32675263531201,-0.242563165354576,0.626535671308532,-0.387149808801753,0.698645305059542,0.925032444563325
"AAD021_004407",10.8696441191729,-0.292102393810527,0.721787887706471,-0.404692845066578,0.685703302132285,0.925032444563325
"AAD021_004580",8.69713831389846,-0.27973022489152,0.71511753651817,-0.391166781132927,0.695673960823968,0.925032444563325
"AAD021_004679",8.20949818978411,-0.364114934147638,0.905126487434659,-0.40228071899611,0.68747744284159,0.925032444563325
"AAD021_002171",11.9139669559776,-0.231230743598212,0.595486255676123,-0.38830576087045,0.697789774539499,0.925032444563325
"AAD021_002400",21.8209442973281,0.31625612688965,0.734214213971125,0.430740948447626,0.666656741038538,0.925032444563325
"AAD021_002429",13.4561233514027,-0.471304837347853,1.21748673437491,-0.387112913874855,0.698672617638424,0.925032444563325
"AAD021_002600",189.464529259575,0.199625441291385,0.480356861141295,0.415577370576301,0.677719288547263,0.925032444563325
"AAD021_002791",7.92512557823174,0.316677536497869,0.752725513983128,0.420707855141159,0.673968424478285,0.925032444563325
"AAD021_002938",17.140284537114,0.264702664974885,0.673691629819928,0.392913691158131,0.694383229089301,0.925032444563325
"AAD021_003021",8.01836455638707,0.26935452790118,0.634525327498576,0.424497677599457,0.671202898677482,0.925032444563325
"AAD021_003070",33.1933688001769,0.189905354438471,0.453900591736476,0.418385342288175,0.675665401615558,0.925032444563325
"AAD021_003088",5.40173371263007,-0.430824976824887,1.00683859498384,-0.427898750575609,0.668724836791292,0.925032444563325
"AAD021_003259",18.1621010558939,-0.321714673368176,0.776197204138938,-0.414475434403381,0.678525954154243,0.925032444563325
"AAD021_000536",62.7172581430956,0.222291477585313,0.547914650857686,0.405704569566348,0.684959684331023,0.925032444563325
"AAD021_000810",12.3146855777313,-0.265160189794432,0.638946018921637,-0.414996231202674,0.6781446620811,0.925032444563325
"AAD021_000996",10.6326196027264,0.226821974380502,0.534908105353083,0.42403914263139,0.671537267068836,0.925032444563325
"AAD021_001218",8.16072265087845,0.292948455107833,0.681287841778722,0.429992195872741,0.667201318134887,0.925032444563325
"AAD021_001306",9.13462599301704,0.284301671777299,0.696940073177322,0.407928432757754,0.683326217735158,0.925032444563325
"AAD021_001420",9.59741285385427,0.295737370832268,0.728955618692294,0.40570010470981,0.684962965331954,0.925032444563325
"AAD021_001482",10.2168292188448,0.337621321871212,0.795184515782071,0.424582364432937,0.671141151289601,0.925032444563325
"AAD021_012704",44.827501593714,0.28622851582161,0.741214566439446,0.386161482492929,0.699377077969765,0.925032444563325
"AAD021_010568",8.99501101238664,-0.359435861935335,0.946405601664261,-0.379790505575267,0.704100930677473,0.926561283472806
"AAD021_009842",53.0731899745818,0.215088954935468,0.562687818231551,0.382252730495326,0.702273912777253,0.926561283472806
"AAD021_008470",12.5322799681868,0.228799548001548,0.60640127037085,0.377307171308569,0.705945343429519,0.926561283472806
"AAD021_006798",9.50310563975049,0.226608007898719,0.600605989620114,0.377298947754499,0.705951454074519,0.926561283472806
"AAD021_003522",11.4868230752821,-0.202519288364742,0.534291946550553,-0.379042375001585,0.704656396863672,0.926561283472806
"AAD021_002578",74.9952783524422,0.158899016933779,0.415347033116749,0.382569283669627,0.702039148769003,0.926561283472806
"AAD021_002595",54.7289791228127,-0.15057610514585,0.396165825899784,-0.380083528920893,0.703883411969716,0.926561283472806
"AAD021_008533",14.1333992985586,-0.235766754693463,0.62665815405934,-0.37622865539405,0.706746913824615,0.926589327325372
"AAD021_004278",9.879898664172,0.317610801280614,0.847884022056097,0.374592270898579,0.707963722115764,0.927169119663643
"AAD021_009662",5.86976291185849,0.298331292669933,0.803442645597878,0.371316228114741,0.710402012305949,0.927404634756382
"AAD021_004174",11.4832572684243,-0.276151773188248,0.745977742656066,-0.370187684427428,0.71124265221918,0.927404634756382
"AAD021_002224",123.328991759588,0.193988703416223,0.523973877248685,0.37022590598377,0.71121417564558,0.927404634756382
"AAD021_000269",134.082415157647,-0.163167970251305,0.437517050019797,-0.372940826520754,0.709192485295577,0.927404634756382
"AAD021_008024",86.3909960956736,0.127909076991728,0.347922415877131,0.367636780945149,0.71314408538305,0.928872111211655
"AAD021_010664",15.3681340483778,0.238101072905958,0.654743351677282,0.363655579390008,0.716115217851694,0.929633553302106
"AAD021_009102",8.6304363677572,-0.245947139117844,0.687952902705297,-0.357505780047856,0.720713199877082,0.929633553302106
"AAD021_005449",46.0109922787908,-0.135184997677937,0.37343022284844,-0.362008721861816,0.717345512765647,0.929633553302106
"AAD021_006679",21.657160180208,-0.167159412229371,0.472940327538428,-0.35344715283513,0.723753241114081,0.929633553302106
"AAD021_006988",14.6612597700708,-0.216017680271595,0.605150698188482,-0.35696510128509,0.721117931980427,0.929633553302106
"AAD021_007555",26.3001979495391,-0.275233293962123,0.773225278361272,-0.35595485774267,0.721874372166629,0.929633553302106
"AAD021_006565",16.3678565554363,-0.596365038611845,1.67141715762697,-0.356802032269758,0.72124001474641,0.929633553302106
"AAD021_003568",55.7567196584592,-0.168254042369687,0.467527979463585,-0.359880156397767,0.718936757084856,0.929633553302106
"AAD021_002527",173.857628859837,-0.20615228916982,0.578900952719238,-0.356109776985981,0.72175835558671,0.929633553302106
"AAD021_002655",16.6007042034053,0.220113879481052,0.61374910379753,0.358638209195113,0.71986575896516,0.929633553302106
"AAD021_003079",22.0966098961378,-0.258682748695401,0.726074870834583,-0.356275584084131,0.721634192354734,0.929633553302106
"AAD021_003254",13.7842953118171,-0.242622283548101,0.684371393386509,-0.354518446990487,0.722950381893445,0.929633553302106
"AAD021_001192",9.08337886904792,0.283121656261656,0.801246554112918,0.353351480650182,0.723824955453269,0.929633553302106
"AAD021_002778",7.47704526369232,0.21721019217103,0.620094596763267,0.3502855746604,0.726124390092716,0.931587240022488
"AAD021_008324",24.497988708659,-0.188579393439639,0.540050509762936,-0.349188437063821,0.726947846406684,0.931645152193577
"AAD021_007678",12.3971636400249,-0.296726151860941,0.858065476260174,-0.345808286279275,0.729486797378281,0.932901385108763
"AAD021_005308",12.1748869655315,-0.202375044403487,0.584720499236665,-0.346105608863862,0.729263348371131,0.932901385108763
"AAD021_008375",9.74552246917561,0.200085340905429,0.590061208959182,0.3390925176362,0.734540034942068,0.933380490260781
"AAD021_007212",9.21123304981748,-0.215396071276103,0.628384527491257,-0.342777490298883,0.731765861300751,0.933380490260781
"AAD021_007257",36.0855621996436,-0.168457178101285,0.493552154155859,-0.34131586030539,0.73286580924094,0.933380490260781
"AAD021_006032",53.1546330273144,0.195449445346041,0.571240250827597,0.342149288434909,0.73223854648788,0.933380490260781
"AAD021_006561",6.41237956361169,-0.324750292288923,0.956961730973127,-0.339355568543673,0.734341885848118,0.933380490260781
"AAD021_003267",27.1489717341455,0.213912860322962,0.629725746502894,0.339692098522096,0.734088412758903,0.933380490260781
"AAD021_009528",9.49442399915965,0.224684798592387,0.666779818938323,0.336970004506345,0.736139512004078,0.934420992437839
"AAD021_009984",20.9933152698058,0.287294479322637,0.858659508819351,0.334584869056728,0.737938260437941,0.93571196794938
"AAD021_009148",11.2750861980183,-0.178247979756758,0.534399047034879,-0.333548461109295,0.738720314957483,0.935712398946145
"AAD021_003575",46.7525507554568,0.20338012323064,0.612276480787482,0.332170399504913,0.739760593757392,0.936039567365325
"AAD021_012201",144.058808832458,0.113583471015607,0.359150505054259,0.316255913376615,0.751808271103486,0.936435484402573
"AAD021_011723",45.861169324407,0.177190848527193,0.536014418356049,0.330571048947966,0.740968517437718,0.936435484402573
"AAD021_008458",8.51518003495053,0.197825164319494,0.609785269305928,0.324417748799776,0.745621784168253,0.936435484402573
"AAD021_006296",13.0745408794486,-0.197996093877939,0.616376139362251,-0.321226084583353,0.748039066125742,0.936435484402573
"AAD021_003521",11.9111994171083,0.188271290919119,0.586864135491911,0.32080899058742,0.748355145737388,0.936435484402573
"AAD021_004129",8.39025359680403,0.205295200379575,0.631809266444837,0.324932240286316,0.745232355497002,0.936435484402573
"AAD021_004371",79.5298139153787,-0.11013113374336,0.340089031397894,-0.323830301996744,0.746066513625684,0.936435484402573
"AAD021_004516",9.70308622556137,0.217741225104916,0.677806039434244,0.321244150150479,0.748025376744989,0.936435484402573
"AAD021_002331",7.82672876667454,0.222806759125613,0.684429734784296,0.325536352092932,0.744775174553057,0.936435484402573
"AAD021_002862",8.13236215017882,0.227566586552539,0.719154629904729,0.316436239286517,0.751671414039802,0.936435484402573
"AAD021_003248",13.3908039868097,-0.191204924086183,0.603958498406374,-0.316586196883897,0.751557610737365,0.936435484402573
"AAD021_003290",11.5152294302218,0.196960065349191,0.621378783570289,0.31697262693378,0.751264372635894,0.936435484402573
"AAD021_003431",15.6773274427856,-0.22285495106493,0.694566230201369,-0.320854860738507,0.748320382630156,0.936435484402573
"AAD021_001010",10.0900624658527,-0.200430137787298,0.627522654857705,-0.319399046768673,0.749423933570837,0.936435484402573
"AAD021_001336",12.4126045344413,-0.190376581504823,0.597625095375991,-0.318555199535336,0.750063830357952,0.936435484402573
"AAD021_002177",10.2918921623944,0.218522507967462,0.703451697995397,0.310643230502078,0.756071858776555,0.940767167313448
"AAD021_011074",12.5586503246879,0.184222205776194,0.595898829625302,0.309150138609992,0.757207320815784,0.941201623070087
"AAD021_008145",5.47668533046818,-0.597227008141765,1.93946879272305,-0.307933291003485,0.758133093257512,0.941374805631994
"AAD021_011036",16.3442899086759,-0.141782658190636,0.467877632785434,-0.303033631564211,0.761864231583686,0.94157430784679
"AAD021_010736",72.0492728780757,0.219937699741399,0.736240858551346,0.29873063575167,0.765145579858202,0.94157430784679
"AAD021_008773",85.5867159908009,-0.177552540098108,0.595231027251782,-0.298291809346497,0.765480455105893,0.94157430784679
"AAD021_009050",53.0295030278963,0.1338027317605,0.439769435556034,0.304256551143266,0.760932444072455,0.94157430784679
"AAD021_006872",59.1162416426512,-0.141198643019047,0.468614437855354,-0.30131091066091,0.763177421799149,0.94157430784679
"AAD021_003709",17.2466417125516,-0.156980688978148,0.515819814488657,-0.304332413313293,0.760874653293881,0.94157430784679
"AAD021_002640",48.3442620535494,-0.144120236671622,0.482525850907175,-0.298678788712913,0.765185142853374,0.94157430784679
"AAD021_002814",22.8999909116142,-0.160163932298615,0.536160970196777,-0.298723594594797,0.765150952728049,0.94157430784679
"AAD021_000583",9.02362028106384,0.196832455936426,0.661840484023338,0.297401655969847,0.766159879567898,0.94157430784679
"AAD021_001241",48.5812987780899,0.338522242377492,1.122149729165,0.301672970708987,0.76290137510752,0.94157430784679
"AAD021_008337",7.74019734501623,0.184515915510747,0.623715884906036,0.295833279183751,0.767357406790806,0.942078785567789
"AAD021_003620",7.35249590740535,-0.205182447376868,0.709976784685938,-0.288998812077541,0.772582286614577,0.94752151339923
"AAD021_010939",12.62937646037,-0.266236311062517,0.929581244190184,-0.286404564126562,0.774568279388578,0.94898488273094
"AAD021_004518",13.5171199878307,-0.170961687842596,0.599233853806303,-0.285300449493393,0.775413968514584,0.949049611770917
"AAD021_010621",7.66407622672319,0.175011263906489,0.624592531731613,0.2802006988801,0.779323530509359,0.95023225415474
"AAD021_008366",11.0775540820593,0.161692856355518,0.577684540196803,0.279898188551892,0.77955561702586,0.95023225415474
"AAD021_008442",20.084076287399,-0.133988195496255,0.477009397755535,-0.280892150399358,0.778793121449489,0.95023225415474
"AAD021_004285",22.2588412143482,0.149027594521278,0.530317512120008,0.281015789815279,0.778698289111101,0.95023225415474
"AAD021_000620",57.616660780514,-0.138524021553441,0.497888573462513,-0.278222937694855,0.780841227985129,0.950831078228077
"AAD021_003007",11.7900637726295,-0.301278595894918,1.09693664975866,-0.274654508044018,0.783581684722236,0.952230737677682
"AAD021_000303",25.1659915370716,0.130837114072589,0.475644362449183,0.275073404421076,0.783259843887076,0.952230737677682
"AAD021_010293",13.9129331091702,-0.158739385226293,0.583062555864245,-0.272251036582175,0.785429001784775,0.953507621842166
"AAD021_010272",9.01363480388468,0.203674640423565,0.761767174147922,0.267371248506981,0.789183334233563,0.957094681942832
"AAD021_010524",43.927744719157,0.13383467192276,0.509878373209736,0.26248352343375,0.79294868656248,0.958747048298271
"AAD021_006363",8.46825074591394,-0.169109139946352,0.642768792841861,-0.263094820143139,0.792477496278445,0.958747048298271
"AAD021_000332",18.0399414732936,0.142241108058382,0.537701810323605,0.264535296938609,0.791367470164518,0.958747048298271
"AAD021_002758",13.8909873359642,0.133987730623942,0.51682024781214,0.259254027277673,0.795439247894506,0.960787870564807
"AAD021_003960",7.6024633788596,-0.212650160411373,0.823595683831561,-0.258197273961023,0.796254661683355,0.960803256083645
"AAD021_010416",20.4356113745773,-0.159999383944127,0.631931521370195,-0.253191016009465,0.800120608575849,0.961183697290321
"AAD021_009577",47.0738787883928,-0.133524857912128,0.526541291411778,-0.253588579072531,0.799813420858719,0.961183697290321
"AAD021_008043",21.7567356066134,-0.153108698176771,0.608657967623923,-0.251551292057305,0.80138791135818,0.961183697290321
"AAD021_009145",11.205200229517,-0.152039412663469,0.594698473851032,-0.255657983581027,0.79821494136397,0.961183697290321
"AAD021_007328",47.9203725384619,0.115645555890768,0.459182871774335,0.251850761427359,0.801156419643659,0.961183697290321
"AAD021_002942",9.40804341909874,0.171287935395755,0.67026664885844,0.255551929500718,0.798296840697696,0.961183697290321
"AAD021_008306",18.5208587078712,-0.146720918635319,0.590918673447811,-0.248292912761162,0.803907782150477,0.963240856090211
"AAD021_008120",43.8281467940605,-0.122432193646177,0.497781129021721,-0.245955876002753,0.805716389239348,0.9644425179195
"AAD021_011098",78.5930887865741,-0.104317183593815,0.436345250359866,-0.239070285531428,0.81105108246773,0.965787168057916
"AAD021_010228",7.37272523715144,-0.227029582354034,0.934617341852147,-0.242911801640793,0.808073722963067,0.965787168057916
"AAD021_002412",7.85970811996734,0.167078875572581,0.70125107917387,0.238258279430263,0.811680777833136,0.965787168057916
"AAD021_002681",13.4527858284348,0.134222482455285,0.557071794011837,0.240942880070558,0.809599387447625,0.965787168057916
"AAD021_000153",12.0159056670895,-0.160706703007555,0.664661270846288,-0.241787373593972,0.808944923091459,0.965787168057916
"AAD021_000684",9.09265027708764,0.177831520047531,0.740469384824293,0.240160530188197,0.810205810665889,0.965787168057916
"AAD021_010273",7.37988242373936,0.173572978146254,0.737107301165579,0.235478576689968,0.813837304734117,0.966431799371763
"AAD021_002927",11.0119494565429,-0.116137778363111,0.491616931155037,-0.236236327520798,0.813249291844788,0.966431799371763
"AAD021_010902",12.3051050719845,0.136491608904451,0.596171360842378,0.228946940207914,0.818910156331439,0.968802766414463
"AAD021_009412",17.9798071447748,0.222700237556262,0.971829327754666,0.229155707896563,0.818747896574776,0.968802766414463
"AAD021_004575",10.1557009493169,-0.144175421890252,0.630303832632121,-0.228739560868894,0.819071344704626,0.968802766414463
"AAD021_000853",17.3693288806355,-0.134031803232024,0.584287600655459,-0.229393543661829,0.818563053801107,0.968802766414463
"AAD021_009983",21.1979783986594,-0.133776720287575,0.611653423886187,-0.218713269742879,0.826873411477537,0.976628967327009
"AAD021_006560",15.6612342539202,0.166750130169998,0.764416794509306,0.218140327852214,0.827319776833407,0.976628967327009
"AAD021_010183",6.78585368900081,0.170504984500842,0.800129383942867,0.213096766501225,0.831251486683406,0.977414567347777
"AAD021_008606",33.1613431634415,0.224922584877791,1.05224706955789,0.213754536728997,0.830738479910211,0.977414567347777
"AAD021_004078",11.3052693185571,-0.114265007139131,0.535288239722807,-0.213464445245989,0.830964718572201,0.977414567347777
"AAD021_004385",9.89163075548484,0.176552889930919,0.826129618605648,0.213710882596011,0.830772524317671,0.977414567347777
"AAD021_011641",16.3922702382917,0.151142615116689,0.778441361604478,0.194160565678528,0.846050159272171,0.977966638459809
"AAD021_010941",11.6335098185935,-0.197241924608577,1.08869118248536,-0.181173438144595,0.856231442862055,0.977966638459809
"AAD021_010291",16.9989974363861,0.147468533054115,0.756542322841774,0.194924366557821,0.845452158309119,0.977966638459809
"AAD021_010373",8.44236025852507,-0.154036841718245,0.840719037419269,-0.183220356459499,0.854625122578542,0.977966638459809
"AAD021_010388",14.5208647950812,-0.119181055741447,0.648335950033538,-0.18382607926536,0.85414989646837,0.977966638459809
"AAD021_009536",58.9853357832496,0.104911438422636,0.509154204066468,0.206050421630104,0.836751525491036,0.977966638459809
"AAD021_009788",27.9850332856619,-0.0918836523837589,0.47613803641967,-0.192976921303494,0.846977042484737,0.977966638459809
"AAD021_008104",23.12998599334,-0.119221197190244,0.60707993977615,-0.196384675853735,0.844309089622978,0.977966638459809
"AAD021_008411",24.7575019807601,-0.138019963265644,0.654306418479559,-0.210940867103776,0.832933414193797,0.977966638459809
"AAD021_008467",35.610345032452,0.100285297244429,0.51779560379663,0.193677382560044,0.846428502601802,0.977966638459809
"AAD021_008477",25.1708853468512,-0.117138288778628,0.625081628361117,-0.18739678701764,0.851349541570372,0.977966638459809
"AAD021_008493",9.72478513161642,-0.141378840926049,0.679823348187016,-0.207964085527636,0.835257009839754,0.977966638459809
"AAD021_004957",26.7878634323809,0.185192827887519,0.977835293064129,0.189390615373681,0.849786679217025,0.977966638459809
"AAD021_006923",66.4899169160964,-0.146512608673217,0.716581871561668,-0.20446038964664,0.837993742616065,0.977966638459809
"AAD021_007204",11.0152484904925,-0.131591729811046,0.691475168892922,-0.190305792211931,0.849069515065951,0.977966638459809
"AAD021_007308",8.66896160350419,-0.129798826520788,0.626270477237037,-0.207256818321424,0.835809295888195,0.977966638459809
"AAD021_006265",9.4821640984538,-0.132082616647092,0.673151294648146,-0.196215349650529,0.844441614297339,0.977966638459809
"AAD021_003770",9.02191821326457,0.146812510963942,0.800256688487353,0.183456774652452,0.854439631948065,0.977966638459809
"AAD021_003804",13.1147139660831,0.135280235425995,0.673870574173205,0.200751064983027,0.840893228343505,0.977966638459809
"AAD021_003861",14.6158003817857,0.130009426011223,0.717542702724556,0.181187022761947,0.856220780354888,0.977966638459809
"AAD021_002253",14.781688654153,0.114755139667187,0.574687254036174,0.199682764601499,0.841728694158281,0.977966638459809
"AAD021_002953",10.0552093540525,0.167474597714446,0.867403822750283,0.193075697065104,0.846899685465777,0.977966638459809
"AAD021_000256",7.86825109118123,0.124395999790701,0.684065438063081,0.181848099420029,0.855701935906957,0.977966638459809
"AAD021_000703",13.3639973200008,-0.129057205444186,0.683747428484465,-0.188749822036249,0.850288901017382,0.977966638459809
"AAD021_000807",12.7537962968697,0.10634974355827,0.514748672409043,0.206605182798334,0.836318212310298,0.977966638459809
"AAD021_001077",10.9004933691939,-0.111512776204734,0.609871657874838,-0.182846300143398,0.854918618694596,0.977966638459809
"AAD021_001214",12.4748775394743,-0.0970071492483048,0.504535662193368,-0.192270153563745,0.847530596209111,0.977966638459809
"AAD021_001437",13.3987742942908,0.120218413304374,0.591687249160319,0.203178982604374,0.838995139666553,0.977966638459809
"AAD021_001457",7.203595925388,-0.189696951795867,0.946885386406679,-0.200337817563903,0.84121638787131,0.977966638459809
"AAD021_001526",10.7067722751022,0.186785245407026,0.912333292757732,0.204733562711962,0.83778029654285,0.977966638459809
"AAD021_009288",17.2654277133179,0.0978315907421027,0.548697775792262,0.178297771666459,0.858489128728883,0.979610569197782
"AAD021_006263",53.6580503548228,0.0791941160685199,0.447623120107118,0.176921415608668,0.859570116748603,0.979909933093408
"AAD021_008018",33.5240152823541,-0.121570935502033,0.702306449585111,-0.173102405045335,0.86257093453841,0.981461415059389
"AAD021_008435",16.4978367775192,0.0890824372600898,0.514033127299277,0.173300965500274,0.862414864815909,0.981461415059389
"AAD021_008065",8.75574406203245,0.106260096432903,0.624280314615538,0.170212153010692,0.864843294464228,0.982473375802425
"AAD021_003792",7.58066670945209,0.11481121405514,0.675823787733997,0.169883357376478,0.865101869754182,0.982473375802425
"AAD021_001460",8.82466933239726,-0.123544232155348,0.733765583227357,-0.168370164776545,0.866292078070394,0.982892528388873
"AAD021_010634",51.104796109931,-0.113041360174187,0.679109323103005,-0.166455320709891,0.867798641492425,0.983669482828061
"AAD021_012256",19.6141264866862,0.0851880245912653,0.52983111674301,0.160783355109332,0.872264035363016,0.987795695675999
"AAD021_010229",7.82162194521986,-0.0781828473152091,0.642700387783617,-0.12164742514755,0.903178252533702,0.988398413762316
"AAD021_009663",11.4702902543659,-0.109466529195063,0.706149376158888,-0.155018942012678,0.876806384253266,0.988398413762316
"AAD021_009847",77.3810886010513,0.0691346012553018,0.6002321702531,0.115179766566244,0.908302635871802,0.988398413762316
"AAD021_007916",10.2759768636283,-0.074159009877643,0.634949460961493,-0.116795137939554,0.90702239674499,0.988398413762316
"AAD021_008028",28.1156515386517,0.080572343089317,0.632037456615341,0.127480329284271,0.898560241108556,0.988398413762316
"AAD021_008074",17.0099049168386,-0.10886470919421,0.697502566393039,-0.156077861845264,0.875971648183496,0.988398413762316
"AAD021_008082",74.3301368819316,-0.0639891786477077,0.496712138821783,-0.128825477870325,0.897495745085142,0.988398413762316
"AAD021_008158",11.805165947274,-0.107333481896806,0.699264428420613,-0.153494840484355,0.878008058792358,0.988398413762316
"AAD021_008198",17.9013894522769,0.084165597863643,0.691654474473428,0.12168734674596,0.903146634594307,0.988398413762316
"AAD021_008702",15.5338957754174,0.0821051714080455,0.534959389099794,0.153479260446682,0.878020344295592,0.988398413762316
"AAD021_008791",9.19056752663961,-0.0784642618778983,0.626846291146372,-0.125173049575524,0.90038655273477,0.988398413762316
"AAD021_009221",8.14733570390915,0.108764271003956,0.739012833101557,0.147175077525358,0.882993831619128,0.988398413762316
"AAD021_009392",9.03509204783129,0.103789669765775,0.779437984233063,0.133159625095639,0.894067140931031,0.988398413762316
"AAD021_005078",16.9984441218392,0.0602800007074248,0.498608788429499,0.120896386317804,0.903773104477794,0.988398413762316
"AAD021_006763",6.31264665813086,0.151702192385522,0.973493567171885,0.155832763051773,0.876164844910986,0.988398413762316
"AAD021_006111",7.86901690832816,-0.0782602271050767,0.650558093725806,-0.120297061645753,0.904247831677394,0.988398413762316
"AAD021_006262",104.864581116196,0.0638799977404689,0.460216221161023,0.138804315891591,0.889604783415079,0.988398413762316
"AAD021_006291",18.2291547907633,-0.0800314804801494,0.583448736034718,-0.137169686961816,0.890896670694062,0.988398413762316
"AAD021_006355",8.22856753942934,-0.0979580207642499,0.663402039202057,-0.147660114041968,0.88261101087674,0.988398413762316
"AAD021_006478",7.62610228904881,0.0796876431021225,0.685995975719317,0.116163426496146,0.907523021902454,0.988398413762316
"AAD021_003616",12.6255673858116,-0.0888798657957149,0.616377790104448,-0.144197060995098,0.885344861678657,0.988398413762316
"AAD021_003674",9.39168155298151,-0.108899893877069,0.749602454407091,-0.145276864072176,0.884492280718066,0.988398413762316
"AAD021_004033",18.205237483361,-0.0717643981869868,0.59326740849076,-0.120964673197794,0.903719016377453,0.988398413762316
"AAD021_004142",250.077060777285,0.0557697700685277,0.45496613303865,0.122580047213734,0.902439655287213,0.988398413762316
"AAD021_004157",48.5580243206114,0.0675055051755601,0.513136868586021,0.131554579895176,0.895336613176141,0.988398413762316
"AAD021_004484",28.9250660112058,-0.102098018024657,0.700837316168875,-0.145680053942869,0.884173968014597,0.988398413762316
"AAD021_002257",12.9238451072174,0.0651091277415351,0.537215638029992,0.121197379846005,0.903534699400292,0.988398413762316
"AAD021_002340",11.7281234638617,0.104700483341052,0.746088640229547,0.140332498976045,0.888397287908832,0.988398413762316
"AAD021_002383",28.3066420242394,0.0955130827431811,0.654583487645584,0.145914286788266,0.883989053076719,0.988398413762316
"AAD021_002481",12.275378887787,0.0946485158573215,0.671284330277167,0.140996164498942,0.887872972360663,0.988398413762316
"AAD021_002676",19.3424187721496,-0.165835844634218,1.1611490864997,-0.14282045825324,0.886431979366451,0.988398413762316
"AAD021_002711",119.26616752635,0.0750099599265321,0.502696752763672,0.149215127239535,0.881383883811539,0.988398413762316
"AAD021_002714",36.653077651008,0.0679385488284122,0.547008791141872,0.12420010414566,0.901156839781622,0.988398413762316
"AAD021_003097",7.68165045910796,0.0706722274331957,0.593199831549995,0.119137301924941,0.905166578521671,0.988398413762316
"AAD021_000455",8.51313923983256,0.105429854383497,0.782256100933262,0.134776647005648,0.892788470336853,0.988398413762316
"AAD021_000626",7.56108866958451,-0.0797431828821691,0.664286719836265,-0.120043319399527,0.904448832134156,0.988398413762316
"AAD021_000705",11.1093130960974,0.08480045406232,0.637172491051082,0.133088693020053,0.894123237259462,0.988398413762316
"AAD021_000742",8.84094252516389,-0.10604290531393,0.669800733449852,-0.158320079417873,0.874204586592836,0.988398413762316
"AAD021_001001",7.60404639660083,-0.0961681802076473,0.822554850289914,-0.116914002967404,0.906928201492595,0.988398413762316
"AAD021_001058",29.4412551275817,0.0661984254694744,0.506315879219839,0.130745307793776,0.895976789516397,0.988398413762316
"AAD021_001076",45.1127025801298,0.0704881056015143,0.475043628584762,0.148382382922408,0.882041002554445,0.988398413762316
"AAD021_001188",32.0836768963677,0.0667671247565837,0.525434369511916,0.127070341475006,0.898884725216422,0.988398413762316
"AAD021_001522",19.8637695677212,0.0970440897434764,0.646210643966567,0.150174081237351,0.880627274153287,0.988398413762316
"AAD021_012378",12.7105086585341,-0.0469266197001487,0.604623724680664,-0.0776129314557304,0.938135955598022,0.989414947779224
"AAD021_011876",20.1103198761947,0.0550352393551537,0.697419103513888,0.0789127213147205,0.937102044651801,0.989414947779224
"AAD021_012007",25.8897624494045,-0.0761983140946742,0.77973047570434,-0.0977239141843768,0.922151525670558,0.989414947779224
"AAD021_010942",82.3598599300562,-0.127782022037072,1.17295121645551,-0.108940610866333,0.91324959550096,0.989414947779224
"AAD021_011038",13.5648552236416,0.0554236311473275,0.597417016797239,0.0927720998716346,0.926084616474035,0.989414947779224
"AAD021_010739",20.5341704638538,0.0877926973827088,0.943531347681964,0.0930469322491457,0.925866276375826,0.989414947779224
"AAD021_009596",8.6122860168487,0.0644395378264036,0.746656795918883,0.0863040933647436,0.931224684585083,0.989414947779224
"AAD021_009732",22.1155569056076,0.0420169188912482,0.485766234692134,0.0864961701545136,0.93107200043742,0.989414947779224
"AAD021_009935",8.87776602260689,0.0567216901969583,0.725244932570595,0.0782103916202641,0.93766069602209,0.989414947779224
"AAD021_009980",11.5994699029834,-0.039569577143605,0.538961751379418,-0.0734181545208554,0.941473371362186,0.989414947779224
"AAD021_007819",123.836459395724,0.0470041073764847,0.54566069446759,0.0861416404975758,0.931353822296636,0.989414947779224
"AAD021_007899",12.2050297955627,-0.0596523290882186,0.62445298079178,-0.0955273350005984,0.923895979345358,0.989414947779224
"AAD021_007982",8.73570282684267,0.0536883270151327,0.561106584456629,0.095682938861115,0.923772391537627,0.989414947779224
"AAD021_008052",6.0541483853496,-0.120242454186484,1.37908908609164,-0.087189765620764,0.93052067422787,0.989414947779224
"AAD021_008167",9.45632480875095,-0.056821320336407,0.5656127885614,-0.100459751769277,0.919979334577081,0.989414947779224
"AAD021_008296",7.592792081302,0.0596424977564117,0.647067429970925,0.0921735432721311,0.926560157953072,0.989414947779224
"AAD021_008820",11.7305561041801,0.0476870198085798,0.549577290396086,0.0867703608608195,0.930854047347539,0.989414947779224
"AAD021_009461",16.7650603944288,0.0555386934560162,0.557778506189071,0.0995712327380184,0.920684733247083,0.989414947779224
"AAD021_005079",32.3782260520669,0.0487397670568546,0.556559936997713,0.0875732581827119,0.93021585737849,0.989414947779224
"AAD021_005194",17.4671853967897,0.0404721086992876,0.510943521498235,0.0792105330558093,0.936865166751732,0.989414947779224
"AAD021_006762",6.3057290851211,-0.109774836263245,1.14744171736525,-0.0956692044588636,0.923783299963326,0.989414947779224
"AAD021_006892",8.34622568131196,-0.0490273899929467,0.659783189839038,-0.0743083345377555,0.940765045366557,0.989414947779224
"AAD021_006956",7.62064519477639,0.0864072304139767,0.781945856651731,0.110502830444003,0.912010605248777,0.989414947779224
"AAD021_007262",7.88904912078877,0.0651914044736723,0.684255273931614,0.095273514077712,0.924097579643396,0.989414947779224
"AAD021_005967",8.7452296756698,-0.104300484734798,1.21820951095683,-0.0856178545617142,0.93177020468964,0.989414947779224
"AAD021_006074",8.42446279786869,-0.0658894022705766,0.813333425622799,-0.081011550976308,0.935432766349442,0.989414947779224
"AAD021_006343",12.0235519254818,0.0425265055229596,0.518091049998473,0.0820830730874138,0.93458065341676,0.989414947779224
"AAD021_003644",15.0650242404285,0.0701357021116922,0.794632314905204,0.0882618297747671,0.929668575943824,0.989414947779224
"AAD021_001792",61.6121389672977,-0.0386773081120209,0.520106501137321,-0.0743642081524551,0.940720587675845,0.989414947779224
"AAD021_002374",10.4935031376002,-0.0644329843973251,0.593413569151648,-0.108580234337141,0.913535438763219,0.989414947779224
"AAD021_003289",8.65255415854322,-0.0837031974801424,0.815962707229398,-0.102582136093397,0.918294621365519,0.989414947779224
"AAD021_000333",8.85135487234977,-0.0700518709399738,0.860998773192099,-0.0813611739308999,0.935154725420077,0.989414947779224
"AAD021_000468",10.4731702908722,-0.0489534917731227,0.508359900366189,-0.0962969182617667,0.92328475858492,0.989414947779224
"AAD021_000582",8.4607405133056,-0.0488843170948903,0.646063999718743,-0.075664821312086,0.939685764256241,0.989414947779224
"AAD021_000625",21.646358903504,0.0346666164494076,0.464883688729469,0.074570515786759,0.940556433780047,0.989414947779224
"AAD021_000724",45.0561212164337,0.0563893421985333,0.509607721819544,0.110652448509211,0.911891954919954,0.989414947779224
"AAD021_000731",11.1581600695416,-0.0575075770366333,0.635849206606422,-0.0904421621339371,0.927935853419878,0.989414947779224
"AAD021_000969",193.550074106987,0.0537598174675809,0.557118616778732,0.0964961784591241,0.923126508912103,0.989414947779224
"AAD021_001000",9.45618839822373,0.0825041113077702,0.743470798211247,0.110971555986154,0.911638902424883,0.989414947779224
"AAD021_012482",18.1510594396652,-0.0389718718785754,0.57249143382453,-0.0680741572292597,0.94572660216705,0.991107745842062
"AAD021_007909",7.36139923140514,0.0475515919104453,0.715129583532885,0.0664936719238083,0.94698479563479,0.991107745842062
"AAD021_006394",8.961582175506,0.0454882056430822,0.65754029724789,0.0691793428227461,0.944846865747782,0.991107745842062
"AAD021_003973",41.7681637532987,-0.0488529329737923,0.701718580614799,-0.0696189816307709,0.944496928440486,0.991107745842062
"AAD021_002567",20.5955880892238,0.0349997092038122,0.537191791107872,0.0651530976145986,0.948052104418681,0.991107745842062
"AAD021_000778",39.2606411489855,0.0365688403155784,0.55634805887956,0.065730148118473,0.947592669580443,0.991107745842062
"AAD021_000129",20.5535950552705,-0.0387798386213303,0.649966657279563,-0.0596643507586118,0.952422965102949,0.994808280303866
"AAD021_006402",8.65452724468991,0.0360102275983625,0.616445088265426,0.0584159534788237,0.953417307433501,0.994978654749696
"AAD021_007523",6.24033913130569,0.0727619455706321,1.27718141538461,0.0569707205994074,0.95456851882383,0.995312297066311
"AAD021_012031",7.68724314502438,-0.0391586652496451,0.846720310425856,-0.0462474618448096,0.963113013837636,0.998386237231233
"AAD021_010368",100.912159987579,0.0159183059058569,0.449788061552971,0.0353906812263896,0.97176821536269,0.998386237231233
"AAD021_009887",7.27237467611574,-0.025967274637083,0.731131244775396,-0.0355165708245175,0.971667833104095,0.998386237231233
"AAD021_007719",16.0409823312799,-0.0209290356662174,0.551714895311212,-0.0379345126333987,0.969739895741323,0.998386237231233
"AAD021_008005",10.0431338094505,-0.021549646899649,0.613153253513716,-0.0351456129053499,0.971963630021601,0.998386237231233
"AAD021_009111",10.2015458359607,-0.0256675525845356,0.580514918949346,-0.0442151471851755,0.964732908153617,0.998386237231233
"AAD021_007089",34.8752134023309,-0.03322218468586,0.890728268393709,-0.0372977774083348,0.970247577632633,0.998386237231233
"AAD021_007244",14.6283466653669,-0.0231683538467453,0.643758871232593,-0.0359891799275485,0.971290986533457,0.998386237231233
"AAD021_007361",38.5588184271492,0.0214629959270268,0.528885157084871,0.0405815811608844,0.967629468163722,0.998386237231233
"AAD021_007376",191.894954354375,-0.0221326136091298,0.539183795976633,-0.04104836564875,0.967257338118791,0.998386237231233
"AAD021_006164",13.5283447643339,-0.0315108865613292,0.664710659666565,-0.0474054178356878,0.962190111068387,0.998386237231233
"AAD021_003910",49.9994532562878,-0.0297226788368428,0.691263541950039,-0.0429976080511867,0.965703440590558,0.998386237231233
"AAD021_004061",18.2254086758344,0.0292106396260479,0.645570990866536,0.0452477574725578,0.963909828248024,0.998386237231233
"AAD021_003366",17.8359631640314,-0.0238199927288459,0.472169003295802,-0.0504480229802872,0.959765368274303,0.998386237231233
"AAD021_000226",6.84789338321284,-0.0257486648814693,0.747738142800418,-0.034435403796623,0.972529952056489,0.998386237231233
"AAD021_000862",17.8493970435342,0.0350288603007592,0.763034628903184,0.0459073008928979,0.963384135043114,0.998386237231233
"AAD021_001021",356.733272519556,0.0182736186055382,0.408465707239953,0.0447372160787133,0.964316769240706,0.998386237231233
"AAD021_001246",15.1502805035521,-0.0264508834550105,0.56563435698209,-0.0467632192572913,0.962701943726344,0.998386237231233
"AAD021_010916",9.50748316189371,-0.0115255199426668,0.744029038386506,-0.0154906856426745,0.987640715383189,0.998564614707652
"AAD021_011106",18.842102526906,0.0104273374545118,0.470718087083809,0.0221519795831752,0.982326722920737,0.998564614707652
"AAD021_008335",8.98455805817435,-0.0103769236876237,0.656664364241183,-0.0158024772664722,0.98739197211135,0.998564614707652
"AAD021_008510",7.1292275093151,0.00984451339295291,0.756023882888272,0.0130214317507318,0.989610694245144,0.998564614707652
"AAD021_008951",8.36477001395806,-0.0161731846630469,0.616991514172378,-0.0262129774746438,0.979087464911904,0.998564614707652
"AAD021_009422",7.01946085354045,0.0285010624371248,0.908717125351338,0.0313640643958431,0.974979199500923,0.998564614707652
"AAD021_005018",22.066604600841,-0.0150236510596873,0.504813621080139,-0.0297607878082639,0.976257831699695,0.998564614707652
"AAD021_006805",12.7073647590154,0.00531302722552706,0.679583694414577,0.00781806165921024,0.993762152851817,0.998564614707652
"AAD021_007138",8.60768446118934,0.00751519596981433,0.674157043907982,0.0111475449789116,0.991105730182682,0.998564614707652
"AAD021_005869",23.0766318906839,0.0047602486916087,0.560845914962087,0.00848762300770346,0.993227937953939,0.998564614707652
"AAD021_005875",38.1203630444883,-0.00552375214083023,0.548518766525196,-0.0100703065746001,0.991965193664862,0.998564614707652
"AAD021_006404",16.4021553375131,-0.0116305726564328,0.645754105614787,-0.0180108381120705,0.985630207250997,0.998564614707652
"AAD021_006500",7.5649643884004,0.00756994735908969,0.803554884963608,0.0094205728827503,0.992483581519941,0.998564614707652
"AAD021_003573",16.6814197152404,-0.0134529075811843,0.630627447020895,-0.0213325754290211,0.982980358312425,0.998564614707652
"AAD021_003752",9.40782041901725,-0.0101840200086374,0.619697200573235,-0.0164338647959308,0.986888263192967,0.998564614707652
"AAD021_004021",7.39190832341589,0.013192670202584,0.758440872374626,0.017394461035939,0.986121927941206,0.998564614707652
"AAD021_002202",30.5936201360895,-0.00948277809793158,0.583629242854207,-0.0162479488717128,0.987036582834428,0.998564614707652
"AAD021_002240",9.77741598287308,-0.0180022619559598,0.677756728173949,-0.0265615392774669,0.978809449638469,0.998564614707652
"AAD021_002511",17.3700846677048,-0.00348088957296882,0.49537602827499,-0.00702676224582374,0.994393501028839,0.998564614707652
"AAD021_002826",7.60025308997643,0.00903746638353659,0.727209058543594,0.0124276042457945,0.990084461679963,0.998564614707652
"AAD021_002854",10.6740190967203,-0.00772568340739952,0.764664371372979,-0.0101033652104489,0.991938818031537,0.998564614707652
"AAD021_000726",11.6909825581336,0.0158792694059207,0.551679840067938,0.0287834868208438,0.977037271031843,0.998564614707652
"AAD021_000774",8.18724504334061,-0.00595403876446305,0.579047380147987,-0.0102824725032715,0.991795918511566,0.998564614707652
"AAD021_001013",9.1607943496841,0.0168648067269215,0.648368484238017,0.0260111451079266,0.979248448948891,0.998564614707652
"AAD021_001064",8.8095904845948,-0.0226342904134648,0.736601859453484,-0.0307279843554266,0.975486473407736,0.998564614707652
"AAD021_001066",8.62563572337677,-0.0117449746982929,0.616130013457369,-0.019062494021979,0.984791251424203,0.998564614707652
"AAD021_009179",23.9794093503423,0.00219826325231431,0.516088502133455,0.0042594695352191,0.99660144529735,0.998830282363856
"AAD021_004279",9.15589145887267,0.00465803996271468,0.855297012698956,0.00544610806954168,0.995654655935411,0.998830282363856
"AAD021_002463",39.8753979291849,0.00166687954499237,0.468530743976318,0.00355767378431973,0.997161393003181,0.998830282363856
"AAD021_001167",7.4493166861875,0.00160668417483049,0.74638714070559,0.00215261502671606,0.998282463031271,0.999117147364909
"AAD021_005930",23.6104837971778,-0.000372223955470624,0.69249444442519,-0.000537511829108739,0.999571127630957,0.999571127630957
"AAD021_007093",9.01594273197249,-0.758212821537948,0.797124479442839,-0.951184966829662,NA,NA
"AAD021_000623",10.3008618604914,-1.95113398811521,1.26529189692101,-1.54204258548019,NA,NA
