"","baseMean","log2FoldChange","lfcSE","stat","pvalue","padj"
"AAD021_005235",76.7820473337172,8.73978097955061,1.38118687894497,6.32773241100186,2.48790087109982e-10,2.97801734270649e-07
"AAD021_010188",10.49148548149,-7.09246284120935,1.28830576872552,-5.5052635898896,3.68616317440306e-08,1.54087916409157e-05
"AAD021_001915",59.7046830689518,6.3370751101111,1.1528126550509,5.49705546894029,3.86185254158289e-08,1.54087916409157e-05
"AAD021_003738",24.3651275828414,5.34408884162079,1.02503188785933,5.21358301621361,1.85227579603784e-07,5.54293531964323e-05
"AAD021_010209",13.8689079177462,4.66041324086303,0.935345009562985,4.98256065218168,6.27483130087531e-07,0.000150219461342955
"AAD021_006840",14.1361143309081,8.84053138640159,1.81795664588532,4.86289450653889,1.15681508299726e-06,0.000178524735435739
"AAD021_004710",19.926532448083,-3.44334707114816,0.708978513204403,-4.85677211229591,1.19314777233576e-06,0.000178524735435739
"AAD021_002660",9.32514667286935,6.14022252103192,1.25616110849821,4.88808519822173,1.01821466932396e-06,0.000178524735435739
"AAD021_005114",5.8034289257773,6.58711129187909,1.37885594781672,4.77722948674162,1.77726903477487e-06,0.000236376781625058
"AAD021_004184",29.3681126494458,4.73851049675511,1.01915165774887,4.64946552431822,3.32796303323791e-06,0.000398357175078578
"AAD021_010541",9.82562703102966,-5.37248670627242,1.16532988096313,-4.61027112926351,4.02144151192865e-06,0.000437605953616235
"AAD021_012157",6.50683696338808,-5.89132220747587,1.33968577658885,-4.39754031163677,1.09484554811771e-05,0.000819081325685563
"AAD021_009019",6.94521346674296,-5.45948694323812,1.23920956176036,-4.40562041458319,1.05481536042662e-05,0.000819081325685563
"AAD021_004871",6.75850536498651,4.09349079568054,0.928545353233309,4.40849849867484,1.040897418829e-05,0.000819081325685563
"AAD021_000373",16.1608511172625,5.38888598526406,1.22000243625351,4.41711083939531,1.00028942982505e-05,0.000819081325685563
"AAD021_001317",84.7195723808321,2.90395277003871,0.656635010521979,4.42247629734253,9.75760567414612e-06,0.000819081325685563
"AAD021_001484",13.4289530242771,3.95137543142443,0.916228211124451,4.31265418751412,1.61306314407344e-05,0.0011357862255623
"AAD021_012306",11.4703040924477,2.95074545748697,0.688445317737015,4.28609997259673,1.81837182251902e-05,0.00120921726197515
"AAD021_008852",15.9473275676556,5.09596743670245,1.19765616160557,4.25495029380623,2.09095460371185e-05,0.00130127933267728
"AAD021_006401",17.2195228556442,-3.53590865731411,0.832722429363265,-4.24620321565952,2.17423447398041e-05,0.00130127933267728
"AAD021_007641",16.3838912665743,4.04841517444425,0.960468591362644,4.2150417107348,2.49732029495721e-05,0.00135876926957445
"AAD021_000245",47.6769230699861,7.10508278001535,1.6850131827242,4.21663334913997,2.47976673505806e-05,0.00135876926957445
"AAD021_004452",6.89633349896606,-4.45049661746332,1.06589864569928,-4.17534691072205,2.97532288544618e-05,0.00154846151907786
"AAD021_009418",11.582696417918,-2.98902157389372,0.72216828603736,-4.13895435687838,3.488923466825e-05,0.00174010057907897
"AAD021_005834",11.9059114410393,5.06072169092136,1.24512528421163,4.06442769662782,4.81504619146822e-05,0.00230171863420156
"AAD021_003318",7.17146103958047,-3.82377342564479,0.942826811243902,-4.0556477393764,4.99955593059654e-05,0.00230171863420156
"AAD021_009879",169.109195797368,4.44222302217823,1.09876835589477,4.04291131824665,5.27915914844142e-05,0.0023404272224757
"AAD021_007111",11.2932165803019,-4.12112721412489,1.02626102194732,-4.01567157476672,5.92767559039085e-05,0.00253408131489209
"AAD021_006091",17.7817967701175,4.01217988936528,1.00504021259477,3.99205906299688,6.55020523633519e-05,0.00270365367858387
"AAD021_007067",13.329475094198,7.72192118831615,1.94472132163799,3.97070834900508,7.16592581210206e-05,0.00276697199906005
"AAD021_007296",21.8524302289073,3.45151738452513,0.869083828101034,3.97144357416795,7.14384224380546e-05,0.00276697199906005
"AAD021_007891",127.505738639128,4.76073852824016,1.21405002611134,3.9213693223903,8.80471934125478e-05,0.00329351532858812
"AAD021_011213",9.41889956126311,4.41509667574606,1.13449279271425,3.89169213246654,9.95475122506512e-05,0.00361085976254635
"AAD021_010743",6.69229282876534,3.13187483201453,0.814107008539538,3.84700635071665,0.000119569871246067,0.00420956282004538
"AAD021_000995",125.968610453757,3.39379036381106,0.895429249601418,3.79012676358488,0.000150570423839161,0.0051495084952993
"AAD021_003603",11.4421733386483,-3.81176611079168,1.01784049787613,-3.74495426223016,0.00018042664249179,0.00583704570439655
"AAD021_004381",111.813500884274,2.59943402388821,0.693825961220545,3.74652170598432,0.000179303495175868,0.00583704570439655
"AAD021_002044",9.31817136038677,-4.57900071570192,1.22939060716924,-3.72461013529735,0.000195617297601166,0.00616194487443673
"AAD021_003307",18.7693917018736,3.11453029838556,0.84979430819716,3.66504019660127,0.00024729973872712,0.00759019967324005
"AAD021_009535",6.57603887947984,2.6186519026652,0.731561022311531,3.57953994649822,0.000344199632249704,0.00964406889652968
"AAD021_009582",51.9924349056991,2.34341881593913,0.65456390178658,3.58012229141106,0.000343433441178304,0.00964406889652968
"AAD021_003933",35.4336017462498,2.98102084025071,0.833467172852056,3.57665057167148,0.000348024888070221,0.00964406889652968
"AAD021_002621",24.5841970893927,1.56407846181733,0.437893348930507,3.57182511594976,0.000354502114826488,0.00964406889652968
"AAD021_003370",18.1979842604232,2.11867771824595,0.589239143544244,3.59561604394136,0.000323624825548033,0.00964406889652968
"AAD021_002601",7.28780695878195,2.80463473951478,0.787424219148512,3.56178368827364,0.000368343813160832,0.00979794543007813
"AAD021_003330",23.62638040243,6.00106716615272,1.68932951354358,3.55233666258795,0.000381825991108407,0.00993577633384268
"AAD021_009021",78.582651059214,-1.7568956019997,0.50258675345419,-3.49570614411317,0.00047280907978958,0.0120415418831516
"AAD021_006281",18.28456697652,3.24802966546155,0.931611816552568,3.48646250267723,0.000489453995091648,0.012205759002598
"AAD021_000654",9.7426094304379,-2.45909453896829,0.713987620237551,-3.44416971564595,0.000572816017416028,0.0139930769968773
"AAD021_006960",9.92315480205339,-3.70099464307489,1.08034067828197,-3.42576625825147,0.000613067720973113,0.0146768412400963
"AAD021_001042",72.0802496775599,2.73008753322217,0.801060748589089,3.40809050753102,0.000654191922378352,0.0153542692369978
"AAD021_009390",8.04933138464497,3.14027232761926,0.924037650476232,3.39842464860693,0.00067775130202533,0.0156013136254677
"AAD021_010720",35.3302910332596,-3.82703485384047,1.13179933757374,-3.38137223338951,0.000721247658005986,0.0162893103138333
"AAD021_001646",22.8352154278685,-3.00920789357878,0.894268417841075,-3.36499403707396,0.000765453132787333,0.0169675444434525
"AAD021_010249",18.6812552085413,1.82072827264369,0.550784722311549,3.305698576755,0.000947399451649667,0.0206188571568118
"AAD021_001731",29.7497127318089,-3.57325257033504,1.08786222150796,-3.28465544596439,0.0010210715552862,0.0218254044942425
"AAD021_012319",1151.30859709438,-2.59616102605652,0.799159716606027,-3.2486134775189,0.00115968942091023,0.0243534778391147
"AAD021_001404",55.4900814319763,1.45078255833961,0.454879331334538,3.18937893722993,0.00142578844707285,0.0294253236404517
"AAD021_002063",14.6326486267171,6.17942475268556,1.96388464247191,3.14653143012902,0.00165219502992006,0.0335199567934629
"AAD021_010912",79.9756041973766,2.22785799408733,0.709153129850992,3.14157535278093,0.00168041561632984,0.0335242915457803
"AAD021_005139",11.621399943271,1.87714428251358,0.600090434570143,3.1281023232077,0.00175938919083487,0.0345244075644153
"AAD021_007940",21.7525254753647,5.00615221282651,1.60951838402933,3.1103417410455,0.00186871004014718,0.0360781599686481
"AAD021_004155",15.7667991700599,2.42004927944406,0.782750654405746,3.09172437713429,0.00198997525806352,0.0372187559984692
"AAD021_001429",14.6131885442651,2.59985510964926,0.84054615387614,3.09305455466086,0.00198107713230897,0.0372187559984692
"AAD021_004240",16.7045239104843,2.38285630808939,0.77330229499696,3.08140338326393,0.00206027327145474,0.0376653680040277
"AAD021_000545",11.6024828915024,2.08930509246273,0.678560444951845,3.0790257640364,0.00207678720824213,0.0376653680040277
"AAD021_012492",10.7666468755922,1.8742552928319,0.611525304656016,3.06488591487832,0.00217753042411965,0.0383309399657532
"AAD021_011010",8.06421707592764,2.15803165986664,0.703515967124613,3.06749492650021,0.00215861124980271,0.0383309399657532
"AAD021_008946",30.7538220664891,1.63829160861099,0.535937829201178,3.05686876228328,0.00223662177810885,0.0388005256289319
"AAD021_006804",36.5852394894287,-1.89849549734349,0.626712100866499,-3.02929446346833,0.00245125634274167,0.0413591814338182
"AAD021_001474",10.9204979234218,-2.25669895240526,0.745018028117422,-3.02905281112148,0.00245321794636683,0.0413591814338182
"AAD021_000976",6.7942364193344,2.16749855689058,0.717532966729259,3.02076511797182,0.00252136867096002,0.0419177541547103
"AAD021_003372",136.166533623842,10.4905517498561,3.52842940284546,2.97315053020363,0.00294759853817649,0.048332540413661
"AAD021_008434",12.1934171019196,2.48925094977287,0.844030719921843,2.94924212000646,0.00318554302364936,0.0508412666574437
"AAD021_004387",24.4680295768742,-2.23549501992908,0.757566840941405,-2.95088815813414,0.00316861629584715,0.0508412666574437
"AAD021_001523",18.3501481137563,3.12808346073473,1.06567435188705,2.93530894798742,0.00333215737446879,0.0524814786478834
"AAD021_010481",6.6746091285235,-1.97730236176114,0.676282695406128,-2.9237808023074,0.00345808166022547,0.053757451263505
"AAD021_008317",39.027887322915,-1.57108065633727,0.543737811536016,-2.88940850351954,0.00385967310672676,0.0577503588593992
"AAD021_004271",12.5756738139761,2.83528577152724,0.978778847520898,2.89675832156427,0.00377040089542666,0.0577503588593992
"AAD021_001542",12.6425979209346,1.89192433309012,0.654084282989217,2.89247789970411,0.00382216071303684,0.0577503588593992
"AAD021_008756",10.0194680849055,-3.29049500193621,1.14556568979426,-2.87237565793995,0.0040739836595498,0.0602044251911249
"AAD021_011210",11.7168544802257,-2.79829779236611,0.98533882185308,-2.83993457915673,0.00451227866432677,0.0648077186204161
"AAD021_007760",21.246878388976,1.57658415596165,0.555639155753578,2.83742450408023,0.00454791007862569,0.0648077186204161
"AAD021_000084",11.1385283994615,2.69844196988666,0.950241837300353,2.83974233080809,0.0045149987284418,0.0648077186204161
"AAD021_008071",26.7052989410215,1.43247599703745,0.50650010028465,2.82818502154769,0.0046812742320304,0.0659233559498869
"AAD021_003965",10.6438022181072,1.84229398812696,0.653135595075401,2.82069144909225,0.00479202698057899,0.0660444128333439
"AAD021_002338",14.4471534167739,1.46905780552673,0.520916009755698,2.82014332063953,0.00480022048162149,0.0660444128333439
"AAD021_002313",21.5326543839552,-1.86859774040916,0.66766928671397,-2.79868758020267,0.00513107566742412,0.069094551145088
"AAD021_000829",34.0980808768429,-1.32702576045172,0.474226957864748,-2.79829254420031,0.00513735593309343,0.069094551145088
"AAD021_006512",12.969490243655,-1.55549709170236,0.557427334412162,-2.79049303052696,0.00526278332506188,0.069995018223323
"AAD021_011647",6.8852444700233,-2.83021980055196,1.02404507646003,-2.76376486310115,0.00571386981366996,0.0750219293063313
"AAD021_001907",13.0492520394293,-1.85841107077026,0.673143598732372,-2.76079438959224,0.00576609648803883,0.0750219293063313
"AAD021_009448",9.31781231702912,-2.76859233071216,1.01162709473637,-2.73677162772481,0.00620453489202936,0.0790088113378632
"AAD021_003391",29.7848424262248,-2.37825336427932,0.868060359963329,-2.73973271211208,0.00614891675378049,0.0790088113378632
"AAD021_006457",6.20900872924596,-2.20541055971715,0.809900829614159,-2.72306247762188,0.00646798246837759,0.0807443553472566
"AAD021_002105",10.3004120329855,1.63966027924932,0.602225881517051,2.72266657673181,0.00647573777221106,0.0807443553472566
"AAD021_003337",20.2263712207206,-3.06383489677848,1.12748435343638,-2.71740790676201,0.00657954630153212,0.0811929579683913
"AAD021_004603",33.0448213886514,-1.35370913788283,0.500342966171988,-2.70556244297739,0.00681888270972824,0.0829894999398183
"AAD021_004713",9.70011192501932,-1.86401568846752,0.689512648952976,-2.70338142642926,0.00686379322810527,0.0829894999398183
"AAD021_002246",7.0933047785868,-2.18799427008009,0.810478106729476,-2.69963402084889,0.00694157906553376,0.0830907014144391
"AAD021_006011",8.19719650816429,-2.0688247977462,0.768629434010981,-2.69157633861397,0.00711152208256357,0.0831336571901592
"AAD021_003913",16.0788396869685,-1.71503961047129,0.636387510243965,-2.69496114060097,0.00703968404784526,0.0831336571901592
"AAD021_000998",9.6930776048879,1.97001383130943,0.732452910118355,2.68961158334548,0.00715352271561102,0.0831336571901592
"AAD021_006086",9.26754056791767,-6.3700350342481,2.38024968882393,-2.67620454448857,0.00744611858239961,0.085701960991657
"AAD021_001219",19.001140002052,2.86759981605055,1.08055644385795,2.65381769952918,0.00795868111366029,0.0907289646957273
"AAD021_001920",8.42699321265445,1.92379583786106,0.727947253831299,2.64276817823795,0.00822313155787353,0.09199148107266
"AAD021_002222",19.6655216547963,2.70925947754211,1.02464029107132,2.64410788952035,0.00819065442673088,0.09199148107266
"AAD021_006595",20.9926698733354,2.16220936931581,0.819671757407676,2.63789663334759,0.00834220057932667,0.0924593897542039
"AAD021_006803",7.39183262933047,2.69562918667296,1.02335910625641,2.63409898851045,0.00843608893456765,0.0926421876575915
"AAD021_003287",31.9107249471456,1.36140940320135,0.518856234438016,2.6238663291305,0.00869378975773183,0.094604239454591
"AAD021_006448",15.2545562508767,-2.06124613065421,0.789811537109761,-2.60979491157744,0.00905965187702187,0.0976973269981547
"AAD021_011287",7.6891303420081,-2.2838991118493,0.885540560228126,-2.5791016407661,0.00990576357453251,0.104930964590402
"AAD021_003594",39.8275286336556,1.1165526351008,0.432413735972105,2.58213960893422,0.00981898553192996,0.104930964590402
"AAD021_003941",8.60087707554045,-1.41271759402297,0.550003029535467,-2.56856329539885,0.0102121060604373,0.107227113634592
"AAD021_007232",18.4149963030079,1.72359940484598,0.672149954779399,2.56430784914903,0.0103381804342778,0.107606973737657
"AAD021_004150",9.27124174384848,-2.12261567985846,0.832926610540545,-2.54838259817506,0.0108223706916642,0.111675669982087
"AAD021_003271",15.2567680476203,-1.50532514151344,0.594709136600757,-2.53119558599283,0.0113674442126971,0.116289790517935
"AAD021_000643",15.0622752780264,-1.72891747616837,0.683844183196522,-2.52823306632048,0.0114638222899886,0.116289790517935
"AAD021_001029",11.3212891410889,1.9310736387065,0.765417258358788,2.52290318465921,0.0116390440111207,0.11707508975892
"AAD021_010578",24.7271271828593,1.78944453664005,0.71174464222842,2.5141665008358,0.0119314089271667,0.119015804048488
"AAD021_000399",6.03081646876264,-1.81162829492136,0.721810421709824,-2.50983948199304,0.0120786052713723,0.119488351320931
"AAD021_009629",20.9071729534788,1.5065295657907,0.604519424885941,2.49211109481709,0.0126986311356737,0.124592307126241
"AAD021_012479",15.6803031511245,1.37916140608295,0.559995647380061,2.46280736740607,0.0137853957760629,0.131487345221295
"AAD021_008174",6.9607787177557,-1.60657311929884,0.652511639578696,-2.46213710507317,0.0138111859396368,0.131487345221295
"AAD021_007193",40.0724833311516,1.22580937872166,0.49801924038578,2.46136952012559,0.0138407731811889,0.131487345221295
"AAD021_003730",8.88839242640969,1.62034728965537,0.657242161795338,2.46537331876153,0.0136870564492025,0.131487345221295
"AAD021_003082",14.8874033564995,-1.31096543583063,0.533549665031507,-2.45706355331179,0.0140077903360246,0.132026181356074
"AAD021_001015",20.3791958174309,-1.19731389261695,0.488599954365269,-2.45049939509789,0.014265820232345,0.133407709516539
"AAD021_000660",8.09077070840688,1.92504026945696,0.786975758845557,2.44612397245993,0.0144401338326759,0.133991009284598
"AAD021_001318",7.83224925026875,1.5170107031471,0.621322308373537,2.4415841547976,0.0146229797292747,0.134643897968783
"AAD021_012248",5.84627277159075,-3.24568391043532,1.33601066858845,-2.42938472479754,0.0151244736615505,0.137619484541454
"AAD021_008068",27.8439110903173,1.25522373513698,0.51753026762391,2.42541125352915,0.0152910538379394,0.137619484541454
"AAD021_004092",22.8281147515052,-1.26100089326867,0.51989002980908,-2.42551466842277,0.0152866979766867,0.137619484541454
"AAD021_001151",24.4255338783858,1.43147534669404,0.597427300432325,2.39606617517841,0.0165720980651754,0.148035831223992
"AAD021_002451",48.0190672778572,-1.07839540074791,0.452541464384636,-2.38297589418531,0.0171733188390442,0.152270093706192
"AAD021_012383",43.5355019532909,-2.91773195156325,1.23187221619451,-2.36853458760251,0.0178587104794542,0.154819938068678
"AAD021_008451",9.32469599734126,-1.45773828392275,0.614047153151103,-2.3739842721232,0.017597300042907,0.154819938068678
"AAD021_005190",20.7947101691173,0.978393480326206,0.41351070373958,2.36606567007363,0.0179782551307822,0.154819938068678
"AAD021_000888",10.475899433449,-1.5408486310913,0.651153837510963,-2.3663357909111,0.0179651418552311,0.154819938068678
"AAD021_006456",13.7932545088766,1.02801373343076,0.435553027294061,2.3602493129653,0.0182626568841553,0.156145716359528
"AAD021_005827",13.4100013800596,1.34733882611489,0.573205247630169,2.35053470233438,0.0187464595253807,0.159145475545253
"AAD021_006263",53.6580503548228,1.02174239035572,0.435621496494205,2.34548202643465,0.0190024947603404,0.160183001606531
"AAD021_010226",13.4200702142506,-1.44277989996642,0.616632706937495,-2.3397719318717,0.0192955189095388,0.16151563730572
"AAD021_006215",7.92894157863469,-1.54062694022611,0.65976488110235,-2.33511510593289,0.0195374083936526,0.162404707272237
"AAD021_002188",8.15964376254171,-1.41770831400092,0.60929267860045,-2.32681002709143,0.0199753785012411,0.163770740177983
"AAD021_000605",11.795079714318,-1.44121022153601,0.618874093532223,-2.32876159561036,0.019871698975981,0.163770740177983
"AAD021_000404",29.8917198514324,1.35019175491582,0.581290212767814,2.32274985069314,0.0201925945533652,0.164425412791688
"AAD021_011968",31.7693089540722,1.66519202872416,0.719178621663366,2.3154081316722,0.020590606925098,0.166533489792853
"AAD021_002754",11.8250040002355,1.24809648359852,0.544708774067603,2.29130967411885,0.0219455094862953,0.176300502383191
"AAD021_005088",49.0995692680547,1.0514127526718,0.460058412217456,2.28538969128734,0.0222899879336571,0.177874103710584
"AAD021_006437",11.8260522966567,-1.42086146115906,0.622520909087542,-2.28243170697942,0.0224638651647854,0.17807448080959
"AAD021_004576",9.46651707488738,1.66320513383304,0.729984684722657,2.27841099771147,0.0227021017666606,0.178709050338208
"AAD021_002723",18.5168615273821,-1.42454723918674,0.625883410677737,-2.27605847172746,0.0228425101936056,0.178709050338208
"AAD021_002317",39.686702106882,1.31736631397835,0.582046913151151,2.26333356334843,0.023615134794745,0.181328130424446
"AAD021_000229",8.68140227750575,-4.11163376138208,1.81584931220149,-2.26430339442497,0.023555460958841,0.181328130424446
"AAD021_000588",8.31143656157747,-2.63074531088264,1.16247050861712,-2.26306413055776,0.0236317362959177,0.181328130424446
"AAD021_011713",48.2773753930038,0.929626029358215,0.412085679480572,2.2559047199359,0.024076598874464,0.183564897151168
"AAD021_012257",11.221217004589,1.28642217005096,0.573527783923948,2.24299886790061,0.0248968875082829,0.185102946257234
"AAD021_007399",9.23807636840376,1.46579780923437,0.65267441919754,2.24583309245759,0.0247147007862283,0.185102946257234
"AAD021_002598",29.3680206945099,1.10123054000801,0.490837640776833,2.24357394079462,0.0248598274956437,0.185102946257234
"AAD021_000239",150.307939484435,1.18944590450326,0.52859591308777,2.2501988287332,0.0244363266234266,0.185102946257234
"AAD021_007132",12.316864791337,1.09765005129273,0.490821646663216,2.23635216326532,0.0253287120273569,0.186002872986173
"AAD021_000942",22.8122824256128,-1.33098359396227,0.594627576316826,-2.23834824850622,0.025198354028585,0.186002872986173
"AAD021_005292",13.9907968615125,1.22033206954211,0.548797721831787,2.22364638371469,0.0261722452117921,0.191025472673873
"AAD021_008412",9.6973156333532,-1.3099408052064,0.589792246056146,-2.22102073054671,0.0263495573246486,0.191154061318815
"AAD021_003286",9.42667636156325,-1.51543366424134,0.684331171455543,-2.21447411348818,0.0267961815341085,0.193223068050168
"AAD021_003777",14.7158310951932,-1.29038735824065,0.584028319540272,-2.20946025229803,0.0271426441456612,0.193391339537836
"AAD021_002721",48.0464469701984,1.06706735369162,0.482674169632858,2.21074053849469,0.0270538095684828,0.193391339537836
"AAD021_010228",7.37272523715144,-1.83939752169963,0.836611772206056,-2.19862734760394,0.0279044307629363,0.194977411854293
"AAD021_007869",45.2054863954421,-2.45989993541402,1.11836638680272,-2.19954745103399,0.0278390189953077,0.194977411854293
"AAD021_008109",59.7605158052423,0.963005254228506,0.437793828958621,2.19967754346653,0.0278297811718772,0.194977411854293
"AAD021_002428",16.2480209116442,2.41227430237886,1.09796008706973,2.19705099555743,0.0280168043767238,0.194977411854293
"AAD021_002755",10.9330100588273,3.61785313517848,1.66270371793177,2.17588563504189,0.0295638131964355,0.204554245064354
"AAD021_009034",40.7985919446108,1.10273901386058,0.50925772062496,2.16538496953429,0.0303582161318221,0.208843590286155
"AAD021_010760",13.0410645920647,-1.85265296021046,0.859850407050667,-2.15462241457227,0.0311913935607835,0.212136920978738
"AAD021_000948",22.4210500567715,-1.05226828491479,0.488295542673974,-2.15498236816258,0.0311632139948939,0.212136920978738
"AAD021_008464",43.9569275482089,0.982969743690825,0.459770116595845,2.13795918483952,0.0325200560018455,0.219923768554854
"AAD021_006476",7.50478908502907,-1.4978766518604,0.703042294271534,-2.13056406999303,0.0331250722452571,0.221512354623311
"AAD021_002674",38.8709129523503,1.02898813999837,0.48296230528238,2.13057650409536,0.0331240469438153,0.221512354623311
"AAD021_004878",29.8425429178953,1.00240845229194,0.473691975089256,2.11616093370183,0.0343311225369273,0.228301964870567
"AAD021_012559",9.04638261323798,2.14158167307306,1.01324594465388,2.11358523996326,0.0345507076048105,0.228492801121316
"AAD021_011059",23.6098733170459,1.12336819261481,0.536523474970937,2.09379131579595,0.0362785741072783,0.238601391244022
"AAD021_007208",8.94049821752878,-1.32666605583272,0.635031664661005,-2.08913370727888,0.0366956888641644,0.24002589929183
"AAD021_008196",9.81504387947446,-1.19208636341565,0.573127226527062,-2.07996812616851,0.0375284565032228,0.240273543973645
"AAD021_007536",12.5191914299779,-1.34060800575182,0.64591280320571,-2.07552474435913,0.0379379279958387,0.240273543973645
"AAD021_004049",10.3424730836764,1.40343422790768,0.673957791334011,2.08237703600068,0.0373080443165848,0.240273543973645
"AAD021_003192",14.0312375118994,-1.39449967693049,0.671311391004436,-2.07727694720627,0.0377760054870606,0.240273543973645
"AAD021_000773",43.8311074728122,1.03892576824717,0.499282156794557,2.08083896872499,0.0374486479652303,0.240273543973645
"AAD021_001565",11.9756368435942,-1.5019729540789,0.723540439818949,-2.07586593840524,0.0379063517711584,0.240273543973645
"AAD021_008052",6.0541483853496,-2.52743289849446,1.22383735006057,-2.06517058689977,0.0389068624860301,0.24511323366199
"AAD021_009622",13.0269665944603,1.27068089964014,0.62039266193139,2.04818815181386,0.0405415669390227,0.247771300090551
"AAD021_005020",24.2263686500137,0.834848070071526,0.406114895025972,2.05569428823372,0.0398119928287936,0.247771300090551
"AAD021_005368",11.5627004838631,1.07891660163705,0.525648612316477,2.05254342227288,0.0401168795938605,0.247771300090551
"AAD021_006362",46.3435637443902,1.00612425650439,0.492308994360583,2.04368449089815,0.0409847263307678,0.247771300090551
"AAD021_002247",9.2644077255793,-1.75846245524695,0.857243880839303,-2.05129776315847,0.0402379581880489,0.247771300090551
"AAD021_002662",8.80990796856589,-1.5160165375015,0.740528303802085,-2.04720944455172,0.0406375245144681,0.247771300090551
"AAD021_000299",25.1589352161467,4.19691149495535,2.04168698745341,2.05560966041624,0.039820155889236,0.247771300090551
"AAD021_000333",8.85135487234977,-1.57492244818241,0.769858703819975,-2.04572922325588,0.0407830188930807,0.247771300090551
"AAD021_000551",8.29589525548442,1.26291329406966,0.618820123018808,2.0408407016707,0.0412666634702892,0.248222091326313
"AAD021_009185",22.4554898245645,-1.56616704116163,0.769206989032235,-2.03608009741575,0.04174231290927,0.249827742761981
"AAD021_009517",13.1737235945096,1.11800763192203,0.55304264455947,2.02155772781787,0.0432220628743408,0.252333106434893
"AAD021_004040",30.7078685148088,0.877656676517685,0.434390742064019,2.02043135714053,0.043338663576159,0.252333106434893
"AAD021_004314",6.74612944117978,-1.68608483786384,0.833738115559363,-2.02231948665634,0.0431433567574188,0.252333106434893
"AAD021_002370",9.17048219269498,-1.55570055513843,0.769281932137337,-2.0222762164921,0.0431478242517417,0.252333106434893
"AAD021_001390",20.6004271707565,1.3010900549464,0.643103125509975,2.0231437281768,0.0430583312965429,0.252333106434893
"AAD021_001472",12.2794044666368,-1.41278857826897,0.699541653167727,-2.01959178823942,0.0434257476404244,0.252333106434893
"AAD021_007712",75.6249750123139,1.05735814468819,0.524345724780481,2.01652858928307,0.0437447318000958,0.252958666496206
"AAD021_006163",16.3164048574704,-1.24632862179234,0.619106076385158,-2.01310998119969,0.0441030604261257,0.253804631394579
"AAD021_009406",7.04985041912297,-2.39558953768697,1.19270596833767,-2.00853320204796,0.0445866615074187,0.25535997045158
"AAD021_010922",12.0751658040888,1.59208532781472,0.79439000582667,2.0041608229423,0.0450528357371366,0.255584096575131
"AAD021_009076",10.0401097706545,1.12919988111525,0.563205528878779,2.0049516974083,0.0449682111309005,0.255584096575131
"AAD021_011063",40.8205792775917,0.932175414702697,0.468426477917628,1.99001435368608,0.0465893543524566,0.261892196391952
"AAD021_001053",82.209434313731,0.823629481812288,0.413905750852278,1.98989620249621,0.0466023707865377,0.261892196391952
"AAD021_008331",12.3601130268209,-1.44719905916373,0.730957458216615,-1.97986769667088,0.0477183970637821,0.266348032072683
"AAD021_000986",40.2016535903667,0.902094989345835,0.455883423323928,1.97878436282789,0.0478402898041996,0.266348032072683
"AAD021_001425",7.46639756693372,1.2799940861471,0.647775944341566,1.97598274114387,0.048156731954245,0.266868556246441
"AAD021_009451",9.17855870868828,-1.29348690150389,0.655819447839878,-1.97232165920719,0.0485728986140319,0.267934376225789
"AAD021_009080",33.9928878253583,0.824776734106136,0.41988957373015,1.96427057423482,0.0494987222410988,0.270766555025311
"AAD021_001478",71.9456778204524,-0.85455167864771,0.435124305802194,-1.96392540534425,0.0495387431499942,0.270766555025311
"AAD021_009662",5.86976291185849,1.53965543628993,0.787175163841587,1.95592481446706,0.0504740116787779,0.271786749841629
"AAD021_008207",27.1382655391014,0.984494112787156,0.503226940939045,1.95636209569791,0.0504225140070026,0.271786749841629
"AAD021_002471",6.04287983466747,1.35389917998824,0.692683234651816,1.95457189124663,0.0506336217332357,0.271786749841629
"AAD021_001311",35.8392327568699,1.01894120244954,0.520197468752415,1.95875847857019,0.050141078327625,0.271786749841629
"AAD021_009148",11.2750861980183,-0.930840862905474,0.478261280316725,-1.94630195086885,0.0516184793954553,0.274293154257358
"AAD021_006002",13.0556437048803,-1.37961473334974,0.709352984879824,-1.94489170096813,0.0517880140870199,0.274293154257358
"AAD021_002631",42.6935334036926,0.961455837176415,0.493971469739831,1.94637928721431,0.0516091957734074,0.274293154257358
"AAD021_000199",14.1842656354572,0.976319739225817,0.502944003683301,1.94120962189778,0.0522328565106106,0.275430525300444
"AAD021_003763",16.6433080647555,-1.13082461644692,0.585298004022556,-1.93204932987152,0.0533534175179318,0.280105441969142
"AAD021_010523",37.9465768713331,4.91781856126487,2.55544625829483,1.92444609050255,0.0542986919095602,0.281365948985903
"AAD021_000075",18.1441432251405,-1.02144555271365,0.529795374380431,-1.92800013384069,0.0538551095280162,0.281365948985903
"AAD021_001152",15.5335461715157,1.02193192059838,0.530714844407942,1.92557628897385,0.0541573017319684,0.281365948985903
"AAD021_008238",10.0621456896658,1.10738793195022,0.576973424807614,1.91930491828018,0.0549457559550227,0.283449133527778
"AAD021_007176",29.9782983038879,0.843587736258614,0.440368931086045,1.91563863095007,0.0554111088099415,0.283449133527778
"AAD021_000751",19.9833839338923,1.22868842301858,0.641362908111663,1.91574599572051,0.0553974347276818,0.283449133527778
"AAD021_009098",36.3725478857059,1.14532342556575,0.599292503525859,1.91112590067018,0.0559884033998491,0.285183484551572
"AAD021_007481",19.1528882516914,2.88747039009736,1.53008620329343,1.88712922440725,0.0591429468219649,0.299975031126661
"AAD021_006416",9.55444464735317,-0.99473110097193,0.5279883641153,-1.88400193750236,0.0595647133933872,0.300839501822298
"AAD021_004473",8.81802662057305,-1.21942320610301,0.649400173389986,-1.87776852558785,0.0604128377308787,0.302569735413648
"AAD021_000332",18.0399414732936,0.970626382217057,0.516424432596926,1.87951289859796,0.0601744939785806,0.302569735413648
"AAD021_010221",23.9901068611738,-1.43364596873497,0.76528129395681,-1.87335817568785,0.0610189414071932,0.304331970268376
"AAD021_002362",22.9765119902791,-1.13144753820029,0.605928136998069,-1.86729658042583,0.0618601826829095,0.307161896728383
"AAD021_001526",10.7067722751022,-1.52468457775891,0.817269247141465,-1.86558417937754,0.0620995647521041,0.307161896728383
"AAD021_007621",63.8663029903441,0.837228360840943,0.450868760539285,1.85692253293294,0.0633221762558779,0.31192034970488
"AAD021_011911",8.21192032099515,-1.7292794012338,0.932526773678087,-1.85440187890065,0.0636816862103179,0.312405649154715
"AAD021_008328",18.1221504365751,-0.976681892437833,0.528594493605765,-1.84769592618242,0.064646343646869,0.315843564674703
"AAD021_003156",6.50630562084931,-1.46744243209602,0.795690949643083,-1.84423667600374,0.065148655520297,0.317003823812177
"AAD021_010671",12.9027297120309,-1.33762525885067,0.72620614596924,-1.84193602088756,0.065484508910668,0.31734800472093
"AAD021_002640",48.3442620535494,0.865485557825011,0.470712164221373,1.83867259784257,0.0659633561679347,0.318379586020233
"AAD021_009037",5.75844432021026,-1.95334415528518,1.07006576224712,-1.82544309350034,0.0679341912830015,0.320225291990823
"AAD021_007409",10.9715998619043,1.00542443877881,0.550341787695791,1.82690913402813,0.0677134326857366,0.320225291990823
"AAD021_003700",79.7623061748392,0.740299864323873,0.405569912176316,1.82533230917297,0.0679508973815113,0.320225291990823
"AAD021_004045",24.1532030141788,0.776326831189733,0.42452860199187,1.82867968741621,0.0674476071602067,0.320225291990823
"AAD021_003259",18.1621010558939,-1.32615130039947,0.72400128029002,-1.83169745206561,0.066996508491816,0.320225291990823
"AAD021_001309",29.6114217305864,1.20258586885059,0.658512786020032,1.82621491090381,0.0678178961824824,0.320225291990823
"AAD021_005318",18.0143771615815,-1.88113745861295,1.03444296862435,-1.81850282293916,0.06898731564839,0.323834575808325
"AAD021_012487",21.1291909526621,0.92701383185147,0.511109362669132,1.81372891901332,0.0697194705337533,0.325992993081651
"AAD021_012463",11.9893419462837,-1.29922698539724,0.717159949379334,-1.81162791720543,0.0700437083039775,0.326234703657047
"AAD021_004879",32.5838936474608,0.763316646285589,0.42193735066468,1.80907579071427,0.0704392295703366,0.326805262774004
"AAD021_009028",11.8562637661151,-1.168227350365,0.646503655475237,-1.80699264493137,0.0707634260066552,0.327041779652379
"AAD021_010281",11.0826884590381,-1.19923576097276,0.667182150946535,-1.79746379496423,0.0722620208668677,0.327207320675706
"AAD021_007558",14.8201900374788,-1.20803635840041,0.673139669388779,-1.79462957442001,0.0727127379279347,0.327207320675706
"AAD021_008654",12.5014872940548,0.954600626749277,0.530564164606317,1.79921805962451,0.0719841937774881,0.327207320675706
"AAD021_002605",11.1517441658289,1.04815606455276,0.58326423820265,1.79705182642894,0.0723273924607528,0.327207320675706
"AAD021_002676",19.3424187721496,-2.00637250726175,1.11488177241912,-1.79962804747291,0.071919389311445,0.327207320675706
"AAD021_003431",15.6773274427856,-1.15371301223963,0.641942078675294,-1.79722291241668,0.0723002384823404,0.327207320675706
"AAD021_000031",7.17576723517992,-1.45726576895663,0.811263285481236,-1.79629202385535,0.0724480857255785,0.327207320675706
"AAD021_010184",15.8754623839739,-0.878042914916272,0.49078960871969,-1.78904137193695,0.0736081529274294,0.328878233389491
"AAD021_001148",18.1843070590603,0.878407458910854,0.491036664460604,1.78888364655167,0.0736335560136872,0.328878233389491
"AAD021_003925",14.3575233619829,-1.45735716053237,0.816261525001753,-1.78540469677196,0.0741956973735945,0.329469817305744
"AAD021_004052",24.0277379484314,-0.848502135436002,0.475441925221309,-1.78465989309008,0.0743165001441528,0.329469817305744
"AAD021_010461",742.762998635349,-1.51585314338947,0.853898175684621,-1.77521534364929,0.0758623371876328,0.333850064755869
"AAD021_008449",12.166786482003,-1.25369397390708,0.706133924618674,-1.77543371051617,0.0758263019750622,0.333850064755869
"AAD021_003455",7.20960902897569,-1.19123970706306,0.672782011357726,-1.77061765468289,0.076624304102691,0.335968102604107
"AAD021_008018",33.5240152823541,-1.17465473132513,0.665334023740676,-1.76551129118713,0.0774778742717628,0.337240056375637
"AAD021_005271",30.1552140174841,-1.17006724107171,0.662539181340079,-1.76603478560329,0.0773900131132925,0.337240056375637
"AAD021_001030",61.1650935215617,0.988138429593614,0.561018962781012,1.76132803906545,0.0781828969503371,0.339075824817223
"AAD021_002036",7.3997591154599,1.16872844474841,0.664477337379145,1.75886878152707,0.0785997987654769,0.339653282029877
"AAD021_007934",57.3551928185066,0.901182593461219,0.512858626229464,1.75717546195277,0.078887906397703,0.339672028626081
"AAD021_008477",25.1708853468512,-1.01946682875231,0.58231755761857,-1.75070597720168,0.0799965693181897,0.341135140320301
"AAD021_009355",24.8500872291132,0.920715258527821,0.525559767908914,1.75187545688884,0.0797952256189168,0.341135140320301
"AAD021_002191",10.5969458836817,1.28340696299552,0.734570340270409,1.74715325767587,0.0806107572624757,0.341135140320301
"AAD021_003293",9.75168589705949,1.70698728798116,0.977145760039122,1.74691162545986,0.0806526689311989,0.341135140320301
"AAD021_003331",50.19189907946,0.956833818937822,0.546968353131142,1.74934036578239,0.0802322023843823,0.341135140320301
"AAD021_008225",84.067430850564,0.89178232970443,0.51259559900797,1.7397385608271,0.0819049350644106,0.34521199743697
"AAD021_012138",49.9894300324049,-0.886515813716184,0.510614076477154,-1.7361758215372,0.082532751050768,0.3454255349922
"AAD021_009325",13.3139693558418,-1.08040107117701,0.622060312856838,-1.73681080250117,0.0824205716715449,0.3454255349922
"AAD021_007559",8.49604787450974,-1.09428064954715,0.631003323769225,-1.73419157764589,0.0828840968603521,0.34568733080781
"AAD021_003912",14.9284595232437,-1.08152844695095,0.625537063378582,-1.72895981751987,0.0838162869687003,0.347787312322083
"AAD021_002324",9.09364959367499,-1.19302577720204,0.690364922478236,-1.72810891509287,0.083968699466234,0.347787312322083
"AAD021_001848",7.8384663948971,1.24167670844883,0.720391292228581,1.72361426608533,0.0847775013984242,0.349194075394283
"AAD021_002822",9.63725643263201,-1.06409258407951,0.617587779275227,-1.72298193032297,0.0848917927650263,0.349194075394283
"AAD021_011669",59.3369934879575,0.882916219732201,0.514195833953624,1.71708162810948,0.0859642584755421,0.35239458012063
"AAD021_004921",8.60904997186831,1.37242836664158,0.802203533176955,1.71082313886898,0.0871137667273328,0.353509102988994
"AAD021_006168",14.9034828047682,-0.951555889980669,0.556417877756969,-1.71014614738221,0.0872388511042395,0.353509102988994
"AAD021_000743",9.62781387239925,-1.31491579210737,0.769325139108313,-1.7091808459963,0.0874174557098932,0.353509102988994
"AAD021_001147",9.54005600819567,0.978012131016819,0.570851055117419,1.71325273422793,0.0866660538277925,0.353509102988994
"AAD021_007112",34.8480620303261,-2.87872472025792,1.68890612434865,-1.70449066336836,0.0882894588760672,0.355833273652028
"AAD021_000474",14.2470191523617,-0.952173379576995,0.559894113258204,-1.70063116762559,0.0890122677296474,0.357542565343584
"AAD021_002429",13.4561233514027,-1.98710425407715,1.17112659148908,-1.69674590989397,0.0897447089249591,0.359278985228014
"AAD021_010921",8.85315968465652,1.10018452889235,0.650982802385381,1.69003624191141,0.0910210212851692,0.361967317203812
"AAD021_003655",79.1966013699894,-3.25336656848069,1.92443415505112,-1.69055748669888,0.090921350092345,0.361967317203812
"AAD021_009697",18.9644147081925,0.928429291810333,0.550496519223736,1.68653072161024,0.0916936229477876,0.362405850026881
"AAD021_003984",7.66457067171824,-1.35512563065744,0.803605866025594,-1.68630629509899,0.0917368191797368,0.362405850026881
"AAD021_003695",9.57990803769796,-2.13943863300786,1.27408314925481,-1.67919859410995,0.0931133458909867,0.36663379944576
"AAD021_007151",9.57151717055341,-1.07993016348083,0.644248782081332,-1.67626263877747,0.0936867596016673,0.367542022270091
"AAD021_001174",8.59046172135561,0.931328286070768,0.556057286672485,1.67487830551408,0.0939581109562638,0.367542022270091
"AAD021_008208",34.2123692247626,-0.98395899334941,0.58834515862234,-1.67241793176888,0.0944419385516845,0.368231271812268
"AAD021_002202",30.5936201360895,0.948988786993126,0.568045377631286,1.67062144040385,0.0947964748231914,0.368413572608312
"AAD021_011004",10.4652428930661,-1.03657777970927,0.622803976932804,-1.66437244799597,0.0960380225287766,0.370830686990147
"AAD021_007390",21.1764408796734,-0.920818897216611,0.55283663678301,-1.66562567664638,0.0957879936952822,0.370830686990147
"AAD021_003411",35.5255120841596,-0.80621854511284,0.487264438403754,-1.6545811300204,0.0980094938326993,0.377226251182447
"AAD021_010243",7.6706872811639,1.11294204709821,0.676114661330776,1.64608477045542,0.0997463074736033,0.38268054501892
"AAD021_009516",69.2718374969417,-0.538206233596735,0.331400064341644,-1.62403780658863,0.104367740003276,0.386803174481758
"AAD021_009960",61.3050743374882,-1.00599142249962,0.620336281582899,-1.62168722411763,0.104870335712552,0.386803174481758
"AAD021_007960",17.3237827817515,-1.27436383344086,0.783326557888258,-1.62686151849156,0.103766512462682,0.386803174481758
"AAD021_008254",7.83034520337608,-0.959950790644069,0.587136220577295,-1.63497116512452,0.102055092464368,0.386803174481758
"AAD021_009051",30.3328599155462,-1.76207741334544,1.08844271452728,-1.61889770571043,0.105469274609462,0.386803174481758
"AAD021_005163",34.8615085767697,0.750155472468494,0.459626557808435,1.6320977535444,0.102658894937429,0.386803174481758
"AAD021_006956",7.62064519477639,1.24735182932621,0.761330661873692,1.63838380849706,0.101341654622017,0.386803174481758
"AAD021_006399",8.28347100055647,-0.985550237315573,0.610278934593937,-1.61491767362302,0.106328524368119,0.386803174481758
"AAD021_003713",7.6083320266473,-1.07005849843452,0.658993736248948,-1.62377643302862,0.10442353153706,0.386803174481758
"AAD021_001796",8.36219405833949,-0.887242069987767,0.548399958264988,-1.61787406548096,0.105689740432684,0.386803174481758
"AAD021_003016",204.27190409136,-1.23755346008193,0.767002735199193,-1.61349289029658,0.106637466649106,0.386803174481758
"AAD021_003080",13.0368445707131,-0.977223698821523,0.599660887998306,-1.62962720827689,0.103180310325975,0.386803174481758
"AAD021_000468",10.4731702908722,0.795494960020802,0.488661826148507,1.62790485659718,0.103545061479191,0.386803174481758
"AAD021_000862",17.8493970435342,1.22223418284264,0.747141421534353,1.635880634663,0.101864571683822,0.386803174481758
"AAD021_000992",8.26024158679254,0.868914912561403,0.532888225529499,1.63057630274719,0.10297975278685,0.386803174481758
"AAD021_001078",99.9680355020461,-0.78582351557115,0.486866286198197,-1.61404381007243,0.106517923937742,0.386803174481758
"AAD021_001225",11.8789863060572,0.912905527752454,0.564096366827427,1.61835030579401,0.105587125062728,0.386803174481758
"AAD021_001554",30.1424727121087,0.64432980707033,0.399151689392151,1.61424797688205,0.10647364927699,0.386803174481758
"AAD021_008892",16.8788154346996,0.903286864925734,0.562032398551642,1.60717934989781,0.108015030591645,0.388270245099698
"AAD021_002748",36.183076099708,-0.934172814906562,0.580301006584763,-1.60980733155098,0.107439924179189,0.388270245099698
"AAD021_000350",13.194348945525,0.949030063299878,0.590262894556104,1.60780911700977,0.107876991087554,0.388270245099698
"AAD021_012309",8.38689238350966,2.94868813946131,1.85579562838865,1.58890779477781,0.112081211129199,0.390558162097617
"AAD021_011682",6.95360185449689,-1.0820720626858,0.677256195166418,-1.59772929418521,0.110103236313956,0.390558162097617
"AAD021_003849",10.9708899502017,-0.982720348563596,0.613945108087966,-1.60066484058179,0.109451172483164,0.390558162097617
"AAD021_004044",46.3131166926297,0.759322445207557,0.477576470496779,1.58994944708583,0.111846200549071,0.390558162097617
"AAD021_004065",58.3522900359526,-0.7838533339565,0.490841051555757,-1.59695960937256,0.110274710911038,0.390558162097617
"AAD021_002011",28.8991803165305,-0.788204602690979,0.493429405132077,-1.59740095440806,0.110176359863445,0.390558162097617
"AAD021_002176",11.4388706730278,-0.817278680538618,0.513276686045885,-1.59227703645506,0.111322470318531,0.390558162097617
"AAD021_002463",39.8753979291849,-0.693889470398616,0.436902454754212,-1.58820226997575,0.112240607987953,0.390558162097617
"AAD021_002760",10.5110171389613,-1.05340530512101,0.662542852636092,-1.58994290094562,0.111847676230436,0.390558162097617
"AAD021_003136",58.1378107857959,-0.682549593986881,0.428514374735929,-1.59282776548045,0.111198834537573,0.390558162097617
"AAD021_000843",36.9868178527939,0.774765303371959,0.486173216731775,1.59359931133229,0.111025808844536,0.390558162097617
"AAD021_011116",24.4655422531807,0.873269833733344,0.550845906623236,1.58532508498904,0.112892492453901,0.391687865122666
"AAD021_009744",9.30912989608031,1.06690733833783,0.674166097674007,1.58255857424284,0.113522111794477,0.392734011034651
"AAD021_009303",9.75526609003616,1.05433364388421,0.667095812339631,1.5804830796141,0.113996278819622,0.393237883997371
"AAD021_003976",8.97063435432122,-0.851743860373385,0.540225466625701,-1.57664514724464,0.114877198354558,0.39513794951266
"AAD021_008809",7.76721566001172,-1.07004001973138,0.680247605164645,-1.57301548966481,0.115715231611723,0.396880035069435
"AAD021_012507",16.2993453600313,1.65526431154434,1.05596567292499,1.56753609893333,0.116989435217229,0.400103868442922
"AAD021_008203",5.60622778064252,1.3295118424556,0.8493333533265,1.56535927530507,0.117498691706658,0.400700666589371
"AAD021_008258",42.0169334609262,-0.890423443071322,0.570933930894232,-1.55959104002925,0.11885655522941,0.404179819913646
"AAD021_012209",11.5815856342172,-1.09376412728919,0.705481326419836,-1.55037998360609,0.12105033995344,0.409314285096803
"AAD021_004247",20.625798466439,1.05817071070604,0.682371820147574,1.55072451625742,0.120967716681845,0.409314285096803
"AAD021_010380",33.3893841550834,0.825472369124097,0.533990896253638,1.54585476066245,0.122139648338066,0.410677413091756
"AAD021_010412",37.4355438957977,0.653843553690686,0.422849657037167,1.54627902094577,0.122037196339215,0.410677413091756
"AAD021_009536",58.9853357832496,0.763822708015186,0.496373575531336,1.53880614454056,0.123851629359206,0.41182158193499
"AAD021_009302",23.8902116428297,-1.10237743900172,0.715912346343854,-1.53982180169336,0.123603796125444,0.41182158193499
"AAD021_003687",16.7942352830807,0.928168509757126,0.603187910174345,1.53877173945487,0.123860031422758,0.41182158193499
"AAD021_002297",16.0341564548264,0.935046001700252,0.608207274593917,1.53738049635226,0.124200159631187,0.41182158193499
"AAD021_001162",8.89819890138365,1.17813315598052,0.765357590426718,1.53932380199386,0.12372526595664,0.41182158193499
"AAD021_011003",12.8133270821082,1.09620129051611,0.714520238726234,1.53417808356317,0.124985847826338,0.4124408754627
"AAD021_003332",23.2951143556566,0.696481381873047,0.454235712090456,1.53330388460155,0.12520099793878,0.4124408754627
"AAD021_000603",7.12910253996269,1.05395461106466,0.687774636531301,1.5324127338864,0.125420617099769,0.4124408754627
"AAD021_001321",7.00298419604527,-1.36062680206571,0.890914372862334,-1.52722511108927,0.126705044144731,0.415523117373269
"AAD021_000581",11.3122115536642,-1.00500668418914,0.658839438983514,-1.52541973768253,0.127154438805666,0.415857549864433
"AAD021_002554",28.3599427320384,-0.700035646571473,0.460516945590378,-1.52010833319941,0.128483750575201,0.417921329995967
"AAD021_002568",61.3819504023086,0.710574189096223,0.467044738252266,1.52142638787725,0.128152871075582,0.417921329995967
"AAD021_008028",28.1156515386517,-0.895004322030762,0.591117863201101,-1.51408776108374,0.13000358236093,0.419703523682342
"AAD021_009091",10.6397626328167,-0.888717845569294,0.588308793329601,-1.51063158607488,0.130882341782542,0.419703523682342
"AAD021_007081",22.7377512749212,-1.02342701050327,0.676090164267122,-1.51374338008993,0.130090937953638,0.419703523682342
"AAD021_007388",45.507673704462,0.665450861432851,0.439788929046359,1.51311417246409,0.130250660245162,0.419703523682342
"AAD021_003756",16.6548618833133,0.820541715744822,0.543534874613842,1.50963949889652,0.131135436806346,0.419703523682342
"AAD021_000411",6.66418388020054,1.1073955222685,0.733444289003459,1.50985635701538,0.131080080944619,0.419703523682342
"AAD021_003642",36.1820378067003,0.647019918434001,0.429636668297642,1.50596996526787,0.132074884049515,0.421583029886052
"AAD021_012603",18.3628774111578,-0.83923381829103,0.557968974730925,-1.50408688708138,0.132558996203299,0.42200297461529
"AAD021_000279",16.8819055031043,0.906053965880421,0.603077237327692,1.50238461974664,0.132997806108715,0.422276853878332
"AAD021_009086",14.5897633197279,0.843689271713228,0.563535554093902,1.49713583390454,0.1343579173536,0.425001901412507
"AAD021_000219",10.162904667307,0.98599249856746,0.658938006868187,1.49633575281794,0.134566182652749,0.425001901412507
"AAD021_001258",12.1236709539563,0.800463721052218,0.539867941425541,1.48270282346932,0.13815338415096,0.435183160075524
"AAD021_009181",27.1034156853056,0.800825375054882,0.54154678983997,1.47877411532904,0.139200696129525,0.437331320910871
"AAD021_004537",8.78139468788962,-0.768324613544066,0.520057953540519,-1.47738268074426,0.139573086034432,0.437353361212605
"AAD021_008467",35.610345032452,0.734334441587938,0.499786614307572,1.46929593663752,0.141752538470538,0.439070122532255
"AAD021_006490",22.1476192935142,0.8143952797072,0.554502752344244,1.46869474725639,0.141915602835902,0.439070122532255
"AAD021_003876",6.67488418645053,1.05984522262711,0.719071861142911,1.47390724056781,0.140506567991454,0.439070122532255
"AAD021_004448",11.9738185500999,-0.783087195792136,0.53335379331659,-1.46823216709984,0.14204116940494,0.439070122532255
"AAD021_000535",11.2114366375576,0.802018408529505,0.546632168627499,1.4671994342068,0.14232181081246,0.439070122532255
"AAD021_001664",13.276755019246,-1.13779835780378,0.772808425112148,-1.47229031262006,0.140942498162067,0.439070122532255
"AAD021_012543",9.74104089127076,1.0667603561661,0.730101133619289,1.46111313494051,0.143984396149913,0.440791105348965
"AAD021_009735",27.3593747442582,0.957869623088432,0.655405527553536,1.46149152367378,0.143880600042688,0.440791105348965
"AAD021_007963",36.582937120054,-0.915148124832412,0.626034764142932,-1.46181678278728,0.143791423827557,0.440791105348965
"AAD021_002737",14.3493228714844,-0.771409527653527,0.528571725769084,-1.45942261011239,0.144448826667335,0.441084810002041
"AAD021_002758",13.8909873359642,0.70931853001596,0.489414633750489,1.44932023094671,0.147248173825609,0.448488712644411
"AAD021_008697",16.2174090919284,-1.17960561232076,0.819122816904513,-1.44008393854601,0.149843652616245,0.454083170080115
"AAD021_003108",11.3563552109965,-0.88098813588007,0.611445356152285,-1.44082889340099,0.149633028533065,0.454083170080115
"AAD021_003861",14.6158003817857,0.995142137822275,0.69196161785475,1.43814644070499,0.150392508114191,0.454595535890622
"AAD021_011876",20.1103198761947,-0.923254185255562,0.644354295603738,-1.4328362386263,0.151904642406039,0.455156894444617
"AAD021_011709",19.130611567871,0.88062576948852,0.617688350445636,1.42567974424835,0.153960806010582,0.455156894444617
"AAD021_006551",47.099595939237,0.635847306822816,0.445686984556436,1.42666788319079,0.153675647234612,0.455156894444617
"AAD021_003650",34.6621643694532,-2.83753527207687,1.98283039551032,-1.43105294255214,0.152415042435271,0.455156894444617
"AAD021_002586",10.4822163426557,0.779298222603121,0.543453500414876,1.43397406035328,0.15157966538001,0.455156894444617
"AAD021_003267",27.1489717341455,0.870175774066046,0.610417292476929,1.42554246871854,0.154000453007577,0.455156894444617
"AAD021_000450",10.3839773952721,-0.941171541179001,0.660182616553973,-1.42562302850647,0.153977185329813,0.455156894444617
"AAD021_000703",13.3639973200008,0.952877817555568,0.663974779860474,1.43511146275134,0.15125533762946,0.455156894444617
"AAD021_001134",8.63976220881491,0.965052625885628,0.67578706616181,1.42804246220148,0.153279636973154,0.455156894444617
"AAD021_004022",13.5639332694121,-0.637873070332585,0.448105324328366,-1.42348915690446,0.154594403200373,0.455786947366617
"AAD021_009642",13.8882677387803,-1.74014505076247,1.225644846906,-1.4197791922801,0.155671974498857,0.456660354821352
"AAD021_006821",9.43478346940935,-0.89893012702037,0.634671601044192,-1.41637049072529,0.156667059071105,0.456660354821352
"AAD021_005877",15.844538969246,0.67905401368077,0.479519547576446,1.41611330990112,0.156742331771424,0.456660354821352
"AAD021_003816",20.1318008665407,0.69350743341187,0.488664775566283,1.41918850731201,0.155844065650623,0.456660354821352
"AAD021_001308",10.1029900166058,0.962542047240078,0.679798490847101,1.41592260088817,0.156798166943672,0.456660354821352
"AAD021_003575",46.7525507554568,-0.818761885344035,0.579967529750459,-1.41173745657162,0.158027280088541,0.459122947247532
"AAD021_002707",88.1998873099141,0.525166496233014,0.372940334118123,1.40817832824345,0.15907827179722,0.460229139864358
"AAD021_000707",10.840670418613,-1.06275915164347,0.754883678188564,-1.40784492015206,0.15917699574256,0.460229139864358
"AAD021_007638",9.50176208398891,0.906446789616355,0.648540838850971,1.39767110306009,0.162211855665665,0.466749017384136
"AAD021_006352",28.0053575251775,0.600411064993347,0.429567193598406,1.39771163613267,0.162199678575722,0.466749017384136
"AAD021_005248",16.2901263865285,-0.911422035934491,0.653933773692617,-1.39375281198262,0.163392262234208,0.469018076485243
"AAD021_012373",13.1647384164273,0.681830485679302,0.491746000004231,1.38655014107575,0.165578980728707,0.469213796962627
"AAD021_012213",10.0723290629654,0.828686966507318,0.597103453176429,1.38784487361265,0.165184287168324,0.469213796962627
"AAD021_008974",26.6304710166476,0.630009725296543,0.454362334884637,1.38657999778195,0.165569871056039,0.469213796962627
"AAD021_002825",8.68088045578837,-0.850266642792988,0.61220070458448,-1.38886910195585,0.16487255764566,0.469213796962627
"AAD021_003132",27.3479647252631,-0.738247073210682,0.530474442677058,-1.39167321517902,0.164021376785762,0.469213796962627
"AAD021_003278",11.5901407992355,0.718175781318493,0.518244528253614,1.38578555520617,0.165812394415364,0.469213796962627
"AAD021_007215",12.3512064511288,0.675992553415878,0.488871520232502,1.3827611661534,0.166738109970929,0.469612982671063
"AAD021_001041",13.6855046741382,-0.849738565810763,0.614065701089338,-1.38379095966986,0.166422471983875,0.469612982671063
"AAD021_010974",20.585101193923,0.727455556872671,0.528155825981489,1.37735024605819,0.168403987495377,0.471034321370282
"AAD021_010183",6.78585368900081,1.06053786896671,0.769542035523605,1.378141569934,0.168159583124233,0.471034321370282
"AAD021_001516",10.2771214814724,1.13451706994265,0.823732779044713,1.37728775496631,0.168423299537578,0.471034321370282
"AAD021_004461",10.7147437315012,-1.12848609043711,0.822073936778845,-1.3727306510396,0.169836096755728,0.47387833989885
"AAD021_010740",7.62075243619015,0.783755345587632,0.573929379031119,1.36559544470564,0.172065977142684,0.475665068452176
"AAD021_005270",11.281223451098,1.00130931347328,0.73270222366068,1.36659789084658,0.171751378692673,0.475665068452176
"AAD021_002854",10.6740190967203,-0.947424562533765,0.693612965801501,-1.36592683419488,0.171961929250538,0.475665068452176
"AAD021_000576",84.4064856164665,0.566174638303204,0.414326176421303,1.36649497551295,0.171783656848694,0.475665068452176
"AAD021_005289",10.122425870135,-0.849502293846814,0.623123484686928,-1.36329686606761,0.172788969324816,0.476563125073283
"AAD021_006032",53.1546330273144,0.757457793083701,0.556176212777842,1.36190253319276,0.173228646647344,0.476677448360624
"AAD021_007888",16.0185163404266,0.821652625179716,0.607108782050846,1.35338616319159,0.175932295537049,0.482266162881422
"AAD021_007952",27.4570538355431,0.720866631144949,0.532819680500193,1.35292793702407,0.176078653369639,0.482266162881422
"AAD021_008066",34.143528534693,-0.754547382662426,0.562899941377568,-1.34046448968505,0.180094381627398,0.482266162881422
"AAD021_008318",31.9929668770153,-0.846368549494332,0.629763133445247,-1.34394743760896,0.178965384582369,0.482266162881422
"AAD021_006872",59.1162416426512,0.612112945423985,0.456233022983419,1.34166733793453,0.179703881862391,0.482266162881422
"AAD021_007089",34.8752134023309,-1.1598998914322,0.858531983789433,-1.35102700112881,0.176686783478485,0.482266162881422
"AAD021_006209",10.0795322728325,-0.889518660034037,0.65914390029113,-1.34950601779241,0.177174488734563,0.482266162881422
"AAD021_006454",32.3431248802889,0.654468721710101,0.485566451229055,1.34784584077735,0.177707970489592,0.482266162881422
"AAD021_006565",16.3678565554363,-2.19032323904033,1.62780153182429,-1.34557143252324,0.178440769846794,0.482266162881422
"AAD021_004085",27.5493445906983,0.717529969333337,0.532165279562049,1.34832165285912,0.177554950777404,0.482266162881422
"AAD021_003100",28.796484479735,0.848957192857974,0.63276275000553,1.34166746201567,0.179703841612445,0.482266162881422
"AAD021_000339",15.7840088495323,0.698021393457523,0.520624124487503,1.34073962505031,0.180005004489109,0.482266162881422
"AAD021_005195",25.0532225141422,0.666297508432201,0.498513035164016,1.33656988169423,0.181363075658632,0.484579467775408
"AAD021_010112",36.5048104131268,-0.826183993594984,0.622470821413711,-1.32726541578064,0.184420899862252,0.491652153975758
"AAD021_007937",108.049339814202,0.523631338384448,0.394981958463981,1.32570950941851,0.184935936353064,0.491929590699149
"AAD021_006938",7.73786495541467,-0.872473549621539,0.658775249594265,-1.3243872628167,0.185374462583935,0.492002731070887
"AAD021_008903",14.0923256742037,-0.630613505639128,0.477031177113603,-1.32195448828903,0.18618330646072,0.493056234144871
"AAD021_009627",23.8205299970108,-0.638858360736228,0.484976620512195,-1.31729723396051,0.187739012030485,0.49498589735791
"AAD021_002655",16.6007042034053,-0.739258204003373,0.561090864156536,-1.31753741012103,0.187658549862971,0.49498589735791
"AAD021_005131",9.88176199785298,0.941663488788072,0.716857058146025,1.31360007980315,0.188980821860611,0.496074657384105
"AAD021_006372",21.5791031071,0.54551894384839,0.415151664315646,1.31402326122827,0.188838376415075,0.496074657384105
"AAD021_010352",7.69522301051276,0.874783253831272,0.667570318652386,1.31039866421441,0.190061005283578,0.497818431782152
"AAD021_001460",8.82466933239726,-0.873448154491934,0.667394870703835,-1.30874268417855,0.190621527754703,0.49819643825847
"AAD021_011668",44.3367954288477,0.881775172041678,0.678536266505457,1.29952548679959,0.193763652655134,0.499013421615739
"AAD021_011125",8.25910274880174,-1.40401315918775,1.08061946547843,-1.29926695200344,0.193852331705362,0.499013421615739
"AAD021_007640",8.3335035786301,-0.860139450593957,0.661893310503636,-1.29951373876173,0.193767681659424,0.499013421615739
"AAD021_007744",16.4720192076343,1.50163610621262,1.15290862461872,1.30247625366601,0.192753630407729,0.499013421615739
"AAD021_008101",10.6324655071074,-0.853720175178219,0.654210231337599,-1.30496304442182,0.191905431922581,0.499013421615739
"AAD021_008639",14.9313524620485,-1.55769760062028,1.19396056036352,-1.30464745011846,0.192012922997728,0.499013421615739
"AAD021_002052",18.0924050175854,-0.656816180838668,0.505135491374799,-1.30027723661042,0.193505966998037,0.499013421615739
"AAD021_008585",32.7854590615543,3.01177773840872,2.3333567051882,1.29074895909059,0.196790741741955,0.504407961167282
"AAD021_002714",36.653077651008,0.68294161473649,0.528694802032692,1.29175019710948,0.196443667583265,0.504407961167282
"AAD021_004611",36.7323772005946,0.583462158142232,0.453048818605311,1.28785714514915,0.197795695636768,0.505502741920423
"AAD021_000939",30.6285363630179,-0.677758759446943,0.526581739076546,-1.28709127026606,0.19806247782847,0.505502741920423
"AAD021_001608",41.2593609482335,0.659595450174179,0.513824147031078,1.28369881794264,0.199247358190911,0.507444867562809
"AAD021_003709",17.2466417125516,-0.604839477735683,0.473801777058404,-1.27656650317107,0.201755334109858,0.512741263119957
"AAD021_009770",30.773250135912,-0.674310009927893,0.528798159551211,-1.27517465359595,0.202247430495381,0.512902911658836
"AAD021_009215",10.379313465184,0.86639122243143,0.68235466792005,1.26970806116467,0.204188640283181,0.51564093337335
"AAD021_001602",47.2519566604019,0.619864038955322,0.487914168620391,1.27043664402702,0.20392913731686,0.51564093337335
"AAD021_009772",8.27313253853105,-1.07476850038015,0.84870625336335,-1.26636100078318,0.205383866664405,0.51573705124874
"AAD021_008526",18.983752305805,-0.726795131016171,0.573048469741336,-1.26829608557237,0.204692234439835,0.51573705124874
"AAD021_005078",16.9984441218392,0.596639983673191,0.472182382935878,1.26357950917922,0.206380992103715,0.51573705124874
"AAD021_007354",14.2137075467255,0.610006091772054,0.482603301473284,1.26399071433999,0.206233359834884,0.51573705124874
"AAD021_004212",12.7955964004737,0.976287735661165,0.772137604530229,1.26439604797534,0.206087910659149,0.51573705124874
"AAD021_000810",12.3146855777313,-0.743722001192298,0.589276401556518,-1.26209364438798,0.206915091963584,0.515994510584188
"AAD021_008213",15.1413750313564,0.66811919518102,0.531711412151701,1.25654477205466,0.208918523921333,0.518828782435342
"AAD021_000731",11.1581600695416,-0.723390226172262,0.575235674829911,-1.2575545256058,0.208552908019616,0.518828782435342
"AAD021_000477",14.8372323912217,-0.663771127663407,0.529035989022567,-1.25468047814625,0.209594775292455,0.519430530072606
"AAD021_002227",14.6131917080334,0.814458849507788,0.651383579988617,1.25035213433231,0.21117094161504,0.522170603432722
"AAD021_003026",9.21452259156102,0.785993712668944,0.629171419936681,1.24925209213738,0.211572884431805,0.522170603432722
"AAD021_004358",5.82957859416479,1.26252144624809,1.01295437527569,1.2463754311782,0.212626596760449,0.523691432761848
"AAD021_002532",18.7470867299048,0.62724646128449,0.503761592756072,1.24512561160694,0.21308558104884,0.523744231037909
"AAD021_008074",17.0099049168386,-0.805522207431896,0.648861974080554,-1.24143845626542,0.214443820172955,0.523855617851075
"AAD021_003902",30.380820049702,0.517326265859538,0.416483523362172,1.24212900832976,0.21418896724895,0.523855617851075
"AAD021_001171",18.1155471802903,0.940000630490773,0.755998466700606,1.24338959917896,0.213724301114239,0.523855617851075
"AAD021_008442",20.084076287399,-0.542697712401528,0.438338046378992,-1.23808032837812,0.215686277167743,0.525817665518918
"AAD021_001992",16.0838609308841,-0.727536152718466,0.589635240773867,-1.23387494913569,0.217249505539944,0.528552150673401
"AAD021_008132",56.4053793529733,0.70539748609771,0.572797497787502,1.23149540426135,0.218137634463472,0.529636406597923
"AAD021_009274",10.633539307707,-0.579245649022884,0.47642866241396,-1.21580772678112,0.224058174696629,0.541813404266394
"AAD021_004516",9.70308622556137,0.781276675324277,0.64223426118129,1.21649797051817,0.223795283680606,0.541813404266394
"AAD021_004154",62.4478961840883,0.815714385609577,0.673189809537452,1.21171529047662,0.225621383984477,0.54449354159157
"AAD021_011208",11.3197914891743,1.95287413943749,1.61768470167104,1.2072031944298,0.227353900545905,0.546855920450364
"AAD021_000269",134.082415157647,-0.513121410145229,0.42519616005046,-1.20678749799701,0.227513991966818,0.546855920450364
"AAD021_008702",15.5338957754174,-0.584510463461266,0.486823461440272,-1.20066206696774,0.229882314231656,0.551159565992345
"AAD021_004166",34.6219426095619,0.63824090193212,0.531965617477144,1.19977848372793,0.230225382620027,0.551159565992345
"AAD021_008728",7.50165393268204,-1.13059468791848,0.946072262837465,-1.19504051892146,0.232071199575803,0.553364991817204
"AAD021_006432",8.83299217152442,0.711669022304653,0.595487537595673,1.19510313377518,0.232046737772742,0.553364991817204
"AAD021_008284",17.1107475316568,0.77008092167996,0.64632399846123,1.19147814952465,0.233465929559557,0.55558393177493
"AAD021_009683",8.10279767405946,0.734255839928954,0.619425995055662,1.1853810556707,0.23586681851335,0.558153886455927
"AAD021_002340",11.7281234638617,-0.817608789469184,0.688519697074614,-1.1874878713609,0.23503523786143,0.558153886455927
"AAD021_001537",10.5396316154244,0.81156696679111,0.684760380290309,1.18518388351709,0.23594475066558,0.558153886455927
"AAD021_010360",17.7442551657682,0.77409515162098,0.655410957671368,1.18108362785281,0.237569503194695,0.560888945412327
"AAD021_012574",9.79755664821935,-0.90077423598954,0.769785704293105,-1.17016233344671,0.241935647669914,0.562754471483007
"AAD021_009788",27.9850332856619,-0.519980992730821,0.44305833423733,-1.17361745068153,0.240548288222892,0.562754471483007
"AAD021_009078",15.205881085842,-0.814692215508264,0.69458307982873,-1.17292263397656,0.240826832055662,0.562754471483007
"AAD021_007244",14.6283466653669,-0.692004405170255,0.589833390280738,-1.17322012719708,0.240707542729643,0.562754471483007
"AAD021_007257",36.0855621996436,-0.53881109901077,0.460580081044641,-1.16985323765781,0.24206003505449,0.562754471483007
"AAD021_006500",7.5649643884004,-0.851896036213773,0.726395964269482,-1.17277088271065,0.240887697564713,0.562754471483007
"AAD021_003814",24.6751243849726,0.527278194823127,0.451139862475496,1.16876879806152,0.242496794758973,0.562754471483007
"AAD021_002012",10.957552114264,0.648715548749206,0.554985224724074,1.16888796286736,0.242448773864675,0.562754471483007
"AAD021_000898",13.411416636845,0.662655494455926,0.567320202351884,1.16804494482802,0.242788636012576,0.562754471483007
"AAD021_012704",44.827501593714,0.845687754827175,0.724438572352003,1.167369860058,0.243061037390739,0.562754471483007
"AAD021_002626",12.7395613872906,-0.744253459139244,0.640439556806352,-1.16209789234534,0.245195703471548,0.566600882346414
"AAD021_005967",8.7452296756698,-1.30698760067664,1.12676910192938,-1.15994270559839,0.24607213387962,0.567530528427562
"AAD021_002964",13.8101198409271,0.592538662869517,0.51237085737545,1.15646441311029,0.247491247670779,0.569705814349851
"AAD021_000790",28.4786752575353,0.474320616473631,0.411412586709686,1.15290740195155,0.248948393601604,0.571960128869711
"AAD021_010902",12.3051050719845,0.650833759961072,0.565820412905512,1.15024793223527,0.25004176935294,0.57259191515109
"AAD021_008795",287.254032801385,-1.06625459489366,0.927849768363157,-1.1491672803612,0.250487009858528,0.57259191515109
"AAD021_002595",54.7289791228127,0.438606460395595,0.381811425006233,1.14875153457871,0.250658449071989,0.57259191515109
"AAD021_008858",18.2769105496182,-0.720607963509638,0.629008508683619,-1.14562514427304,0.251950288757289,0.573354554453375
"AAD021_007182",8.05507858504691,-0.879658025272549,0.767536018072468,-1.14608045037633,0.251761865786426,0.573354554453375
"AAD021_009666",8.33320073100998,-1.23123104329802,1.07934681155622,-1.14071865513071,0.253987020839145,0.575668438830375
"AAD021_008300",9.11404523432397,-0.78767478871741,0.690662722117292,-1.14046228860118,0.254093755239867,0.575668438830375
"AAD021_003939",9.26692424086227,-0.763239760194973,0.669682756040667,-1.13970346900888,0.254409861437985,0.575668438830375
"AAD021_003274",9.30027085195058,-1.05875729205519,0.930286703061018,-1.13809784507448,0.255079627861617,0.576094933113877
"AAD021_003627",39.6865114211089,1.03518290082358,0.914330268364143,1.13217612567465,0.257560395210134,0.580602246829624
"AAD021_000968",7.00332101787218,-0.789293295958718,0.697883692414212,-1.13098114275788,0.258063028435552,0.580641813979992
"AAD021_002392",9.55439714252415,0.717369905365275,0.635929115804697,1.1280658292513,0.259292118924225,0.582109839932976
"AAD021_001463",9.01300596929723,-0.676442433505291,0.600146614937,-1.12712863268636,0.259688099017719,0.582109839932976
"AAD021_001437",13.3987742942908,-0.603730607819644,0.537295980093358,-1.12364624003839,0.261163131396271,0.584321996787544
"AAD021_007678",12.3971636400249,-0.90556516908211,0.809464832497598,-1.11872082977094,0.263259256018595,0.587912928086303
"AAD021_010753",13.2038873068052,-0.596174320848716,0.537886376104605,-1.10836479102935,0.267704304284055,0.589617112359553
"AAD021_008396",9.88766971185746,-0.559950282782187,0.503419493807376,-1.11229360338684,0.266011933265737,0.589617112359553
"AAD021_004192",12.9482170394637,0.838700312003088,0.756346382954186,1.10888388032906,0.267480278619196,0.589617112359553
"AAD021_004679",8.20949818978411,-0.929691907687123,0.836099926230492,-1.11193875100382,0.266164485847235,0.589617112359553
"AAD021_002719",11.2857086286364,-0.637763309213186,0.574271699039583,-1.11056022833754,0.266757690008303,0.589617112359553
"AAD021_000661",22.9712248794117,-0.551800038743116,0.497101851750346,-1.11003416462878,0.266984304668415,0.589617112359553
"AAD021_001045",35.6412113275612,0.507150985308252,0.457814288455346,1.10776574278484,0.267962998432412,0.589617112359553
"AAD021_001273",27.2828444667887,-0.72787045103637,0.654666306832892,-1.11181901900164,0.266215972739192,0.589617112359553
"AAD021_000641",11.9598496300843,-0.578629228142112,0.525591746891733,-1.10091003438322,0.270935814396854,0.595064531803733
"AAD021_003910",49.9994532562878,0.747104530442427,0.679518620413729,1.09946145403278,0.271566838220381,0.595358068406221
"AAD021_008533",14.1333992985586,-0.635248486306109,0.581181666988148,-1.0930291204782,0.274381014271704,0.597202930890567
"AAD021_004957",26.7878634323809,1.0488487630572,0.958581704271853,1.09416730820448,0.27388160662306,0.597202930890567
"AAD021_003051",47.08805005694,0.581298596795634,0.531295317004419,1.09411579246199,0.273904196982047,0.597202930890567
"AAD021_000248",8.20671440664848,-0.620839796308436,0.568026549341306,-1.0929767227049,0.274404020041614,0.597202930890567
"AAD021_010373",8.44236025852507,-0.841852086225555,0.773554652646882,-1.08829037915418,0.276466936423996,0.59929887848546
"AAD021_008308",23.3497904645696,-0.80164449650206,0.737225968761283,-1.0873796237116,0.276869072516674,0.59929887848546
"AAD021_000902",15.7918451117463,0.577983577782593,0.530561887438005,1.08938012975938,0.275986290104404,0.59929887848546
"AAD021_011090",12.4101976391056,0.665594050764773,0.613377030693722,1.08513038059478,0.277863913358616,0.600366614242354
"AAD021_012148",29.7900017971999,-0.80920416506434,0.747337001488909,-1.08278348784039,0.278904536378062,0.60086716684068
"AAD021_007955",12.8691746933307,0.560972827025057,0.518294215095346,1.08234437253339,0.279099536143206,0.60086716684068
"AAD021_008385",10.0184348510481,0.838555731268833,0.775644958281258,1.08110769278637,0.279649211859339,0.600969670728237
"AAD021_012014",7.16359705577637,-0.750793791321134,0.704008511246295,-1.06645556030568,0.286217757287125,0.604274002362913
"AAD021_008082",74.3301368819316,0.517349695738677,0.484327232909469,1.06818213097544,0.285438363552707,0.604274002362913
"AAD021_007204",11.0152484904925,-0.683298783571378,0.636398414038879,-1.07369655313068,0.282958706745018,0.604274002362913
"AAD021_007556",6.93656241885174,-0.81185642912616,0.762105357621589,-1.0652810940207,0.286748745651104,0.604274002362913
"AAD021_003672",13.6809104218365,0.684505148047889,0.645005390896752,1.06123942172983,0.288581108096237,0.604274002362913
"AAD021_004014",19.4263502215919,0.668332017701162,0.625966779554395,1.06767969088859,0.2856650225869,0.604274002362913
"AAD021_004367",8.32675263531201,-0.61134947519551,0.573053301309343,-1.06682829293308,0.2860493799535,0.604274002362913
"AAD021_002600",189.464529259575,0.506063183827052,0.473847292984624,1.06798791787858,0.285525961873744,0.604274002362913
"AAD021_002882",9.55513977182445,-0.689178418466517,0.649549322235973,-1.06101014176125,0.288685292201124,0.604274002362913
"AAD021_000497",37.6221131077688,0.504829156585707,0.474593692422072,1.06370810368197,0.28746095225739,0.604274002362913
"AAD021_000504",7.09132112565312,-0.75364481255149,0.70147038549883,-1.074378659643,0.282653003121372,0.604274002362913
"AAD021_000536",62.7172581430956,0.566794189154107,0.533096688173676,1.06321086160913,0.287686337829344,0.604274002362913
"AAD021_001209",8.92878649110355,-0.894170284239386,0.837773275207225,-1.06731774658032,0.285828377015095,0.604274002362913
"AAD021_001604",25.8890967927691,0.638935528187311,0.602287771231616,1.06084758599822,0.288759172390632,0.604274002362913
"AAD021_001642",8.61111489414342,0.670740820256306,0.62683804240572,1.07003847067433,0.284601992653332,0.604274002362913
"AAD021_002079",9.38831545053507,0.58852714300885,0.557118148883558,1.05637761790427,0.290795727478658,0.60670408675836
"AAD021_012698",455.081552382432,-0.728419991732188,0.689742917912088,-1.05607462261038,0.290934123474769,0.60670408675836
"AAD021_001168",10.5087342916198,-0.69853992433771,0.66260096823042,-1.05423921459588,0.291773410447032,0.607396125747996
"AAD021_004484",28.9250660112058,-0.703045626831854,0.670061225452262,-1.04922595149022,0.294074137233107,0.61112281643755
"AAD021_004517",7.21896091958094,-0.623008635165641,0.595206206494443,-1.04671058259783,0.295233081410315,0.611408301813403
"AAD021_001522",19.8637695677212,-0.630286225994269,0.601774907321633,-1.04737870975633,0.294924947052025,0.611408301813403
"AAD021_003366",17.8359631640314,0.466968346629359,0.446674417647255,1.04543338096011,0.295822715466868,0.611571313322697
"AAD021_006475",10.0367247529371,-0.679431672867867,0.651512114885803,-1.04285347477684,0.297016160318659,0.612979903278335
"AAD021_007368",7.44921140536937,-0.761709547148033,0.731297756116439,-1.0415860581784,0.297603635244424,0.613135200322849
"AAD021_003528",7.98166373202713,0.647604452681624,0.623394570772156,1.03883556746328,0.298881216624003,0.61365491646472
"AAD021_001067",8.75507127921179,0.545973870374748,0.525546184475869,1.03886944002695,0.298865460852537,0.61365491646472
"AAD021_007896",10.1618751895971,-0.551322249901732,0.531896029718069,-1.03652258918714,0.299958406540225,0.61440303874428
"AAD021_006355",8.22856753942934,-0.617866023751448,0.597115948802865,-1.03475049526006,0.300785447538971,0.61440303874428
"AAD021_003784",10.4987765551096,0.623741724560501,0.602402803495016,1.03542301088521,0.30047140397937,0.61440303874428
"AAD021_002439",14.5366063470552,0.481898673557903,0.466797654137548,1.03235024702139,0.301908070238341,0.615645587862512
"AAD021_003644",15.0650242404285,-0.759105915345537,0.738440437165673,-1.02798530137269,0.30395674189769,0.618769081720297
"AAD021_001133",11.7845238814466,0.724966257592201,0.70673488699963,1.02579661896977,0.304987460113827,0.619813225392615
"AAD021_003732",7.56439971152849,-0.641076163449836,0.63012101122456,-1.01738579103082,0.308969938744744,0.624766259454319
"AAD021_004157",48.5580243206114,0.503805777224361,0.49567727154756,1.01639878635432,0.309439523339456,0.624766259454319
"AAD021_004502",14.38498638104,0.693052313874015,0.681973241259217,1.0162456119163,0.3095124409828,0.624766259454319
"AAD021_000197",9.08466805167767,0.904167398532029,0.887429961305065,1.01886057261618,0.308269164054063,0.624766259454319
"AAD021_012019",11.5821731068445,-0.926425658082915,0.920431136819867,-1.00651273193969,0.314168990210537,0.627656809351253
"AAD021_007609",10.3318450367534,-0.562825348640752,0.557891777208729,-1.00884324098969,0.313049819573054,0.627656809351253
"AAD021_008321",11.5957036293987,-0.691657476199818,0.6878367229982,-1.00555473860855,0.314629805609296,0.627656809351253
"AAD021_008475",7.255147333812,0.732946886186572,0.725593871049236,1.01013378892893,0.312431195803647,0.627656809351253
"AAD021_009145",11.205200229517,-0.551408684414627,0.546316606425556,-1.0093207453868,0.312820834050442,0.627656809351253
"AAD021_007401",19.9206779287516,-0.947710771166542,0.943398963243588,-1.00457050313913,0.315103706580543,0.627656809351253
"AAD021_003752",9.40782041901725,0.590658304735697,0.587967534762358,1.00457639208673,0.315100869708513,0.627656809351253
"AAD021_004033",18.205237483361,-0.55535795963455,0.553471285086432,-1.00340880294779,0.315663658504139,0.627656809351253
"AAD021_000856",9.61172207461998,-0.538687271783057,0.536695808085398,-1.00371060043261,0.315518126092484,0.627656809351253
"AAD021_003353",8.98426341295264,0.59140138921445,0.593280712766053,0.996832319825735,0.318845907574559,0.632932921006214
"AAD021_006722",32.5620368208711,0.582428655209712,0.585329876799903,0.99504344181771,0.319715136395806,0.633607646135397
"AAD021_009598",9.81367822197273,-0.659872576679378,0.664141752318262,-0.993571890904341,0.320431334596563,0.633977367788572
"AAD021_002405",21.7411357636818,-0.469561829847886,0.476643877989646,-0.98514184600119,0.324554401071991,0.640363186056675
"AAD021_003406",5.17133565427162,0.881497185824713,0.895114858897464,0.984786675210013,0.324728867114788,0.640363186056675
"AAD021_007842",7.74878452590248,-0.681195666621554,0.692744898593377,-0.983328304552983,0.325445883846497,0.640721583822791
"AAD021_011760",12.2894556676712,0.575122696598712,0.586949634809775,0.979850165142541,0.327160085415224,0.640933915289727
"AAD021_010859",8.54097143338671,-0.63744257879612,0.649524990390219,-0.981398080485186,0.326396472372068,0.640933915289727
"AAD021_003088",5.40173371263007,-0.905520114050243,0.923368521543255,-0.98067033142609,0.326755339025159,0.640933915289727
"AAD021_007766",9.86977556661692,0.568700294573262,0.582898552635821,0.975641974065032,0.329241916444736,0.642907951034828
"AAD021_001120",12.4540628196867,0.521099728684171,0.533797043328327,0.97621321660947,0.328958815026478,0.642907951034828
"AAD021_001312",78.9493273790584,-0.908388542897309,0.933690073331388,-0.972901574990722,0.330602222130579,0.644512801124272
"AAD021_009787",12.3046963395361,-0.778333887649533,0.802445706562208,-0.969952086832175,0.332070375254719,0.64486952754272
"AAD021_009217",8.21742794209228,0.502156572768742,0.517744373120001,0.969892863813614,0.332099897502366,0.64486952754272
"AAD021_000774",8.18724504334061,-0.505190209505889,0.521197115101188,-0.969288192256798,0.332401418958946,0.64486952754272
"AAD021_006404",16.4021553375131,0.598024796314015,0.618139582494854,0.967459152025737,0.333314551917851,0.645594690365157
"AAD021_011136",6.9054860750434,0.751779261215828,0.783369107670708,0.9596743780862,0.337219122371825,0.651050466901733
"AAD021_008535",7.06072996302654,-0.547505151085696,0.570105688115801,-0.960357285497712,0.336875428024875,0.651050466901733
"AAD021_001792",61.6121389672977,0.48527792382976,0.506345475695619,0.958392929576557,0.337864659180723,0.651246372044002
"AAD021_012258",30.3119056466248,0.593087665523568,0.625903679629732,0.94757018503937,0.343348310456242,0.651327936000193
"AAD021_011019",7.64800972341455,-0.680515260082821,0.717504885936998,-0.948446865548698,0.342902010537938,0.651327936000193
"AAD021_010406",10.7192248824349,-0.519483418448427,0.544074020225461,-0.954802837733652,0.339677412084984,0.651327936000193
"AAD021_008523",16.1305345918628,0.494048211948679,0.520250993609836,0.949634345761946,0.342298080428027,0.651327936000193
"AAD021_008620",15.1766999094622,0.453635533726278,0.477563853342255,0.949895036132837,0.342165589318184,0.651327936000193
"AAD021_005254",20.2137823970595,-0.661968868721687,0.69732215354258,-0.949301360008012,0.342467362053883,0.651327936000193
"AAD021_006561",6.41237956361169,-0.842890226402997,0.88617433813273,-0.951156211743913,0.341525083151194,0.651327936000193
"AAD021_003770",9.02191821326457,-0.694103293978245,0.729618480002494,-0.951323620498035,0.341440119935221,0.651327936000193
"AAD021_004617",25.8422634661709,0.679414385096654,0.712015383035174,0.954213070791323,0.339975799703497,0.651327936000193
"AAD021_002096",9.23535155580579,0.59167390034058,0.619918821962955,0.954437709226284,0.339862125973651,0.651327936000193
"AAD021_007987",20.4680613476299,-0.572277626857537,0.605641041171109,-0.944912230107363,0.344703687138041,0.651627227867819
"AAD021_008335",8.98455805817435,-0.560266760151057,0.593465505218817,-0.944059520265598,0.345139233473849,0.651627227867819
"AAD021_001257",8.94479248202646,0.626185167049311,0.662794052914526,0.944765820235964,0.344778445291474,0.651627227867819
"AAD021_012017",14.8277929434399,-0.528066462875268,0.56275682926125,-0.938356383108632,0.348061293016193,0.655077622233306
"AAD021_000728",10.9442913829941,0.587496037002929,0.625814853409927,0.938769723667939,0.347848986683789,0.655077622233306
"AAD021_005769",140.725239098071,-0.742288995892703,0.792193740883479,-0.937004368482992,0.348756310824644,0.65535526539576
"AAD021_008408",11.1545166227476,0.666614099228085,0.712290101104526,0.935874439634058,0.349337838873561,0.655419111491618
"AAD021_011244",14.6650582450377,-0.599835256869651,0.644579613408742,-0.930583661648141,0.352068969216827,0.658756230428409
"AAD021_006255",10.5075565098141,0.524448825812226,0.56374328052378,0.930297253964525,0.352217199226551,0.658756230428409
"AAD021_008310",160.028613024391,-0.382139353644784,0.411279490161353,-0.929147605913592,0.35281259590708,0.658840370204016
"AAD021_009529",64.0668193221491,-0.540670958349827,0.596262504611275,-0.906766657585336,0.364530205351718,0.660167353481389
"AAD021_008198",17.9013894522769,-0.592012795286204,0.64613968227156,-0.916230362458055,0.359546083692451,0.660167353481389
"AAD021_008240",8.69356944515654,-0.586147052878445,0.644021689546237,-0.910135578339654,0.36275101342051,0.660167353481389
"AAD021_008373",10.4621968781591,-0.513917614517848,0.565915922026634,-0.908116549676545,0.363816647555282,0.660167353481389
"AAD021_008399",7.91867794738601,-0.600583984938654,0.655000894351953,-0.916920862425482,0.359184110866276,0.660167353481389
"AAD021_008593",64.6909022483954,-0.651857131454966,0.71489485707739,-0.911822381993161,0.361862226107578,0.660167353481389
"AAD021_007099",15.1286845424335,-0.540714622308516,0.596178439290657,-0.906967757760356,0.364423847672298,0.660167353481389
"AAD021_007138",8.60768446118934,-0.563798149506401,0.613811042168631,-0.918520702257927,0.358346325692407,0.660167353481389
"AAD021_006262",104.864581116196,0.414456280163593,0.449669788502206,0.921690295325588,0.356690144064706,0.660167353481389
"AAD021_006390",15.4878341594059,0.558487743533321,0.61065938433904,0.914565071554271,0.360420002297969,0.660167353481389
"AAD021_006393",30.5718007259252,0.406615651562348,0.441478617937638,0.921031359257779,0.357034054848202,0.660167353481389
"AAD021_003530",36.6165546723434,0.545881757223154,0.60203840077908,0.906722488991971,0.364553567795487,0.660167353481389
"AAD021_003723",8.99686329464725,-0.597194360157955,0.6474707392927,-0.922349573372742,0.356346263764145,0.660167353481389
"AAD021_003765",8.46317711602668,-0.661236650261119,0.720817337234497,-0.917342877459126,0.358962995595912,0.660167353481389
"AAD021_003970",13.2982522670303,-0.527430096718507,0.580269815536705,-0.908939397839735,0.363382115900822,0.660167353481389
"AAD021_004585",11.3518385043432,0.825016937854922,0.897539833425825,0.919198131525717,0.35799194828215,0.660167353481389
"AAD021_002299",43.9760628157465,-0.402430479393853,0.441630743794284,-0.911237464892862,0.362170267872007,0.660167353481389
"AAD021_000634",32.5928197977514,-0.665540397551053,0.723173103454946,-0.920305794520628,0.357412981868972,0.660167353481389
"AAD021_001276",9.76328991035539,0.54204565984972,0.589835942083968,0.918976992033754,0.358107606721786,0.660167353481389
"AAD021_001482",10.2168292188448,0.686286502877107,0.756022814734096,0.907758984916988,0.364005572466906,0.660167353481389
"AAD021_008362",18.3022537705823,-0.628404380451216,0.695836975721734,-0.903091388323284,0.366477394121177,0.662648702058985
"AAD021_005647",15.2020668955094,0.517947174935386,0.574837234173542,0.901032751784166,0.367570906099072,0.663623491101945
"AAD021_002269",10.7654720721978,-0.743585129565169,0.828327088649787,-0.897695052780719,0.36934814768717,0.664826665836905
"AAD021_002443",24.61810236552,-0.360311324568049,0.401248141422657,-0.89797630785413,0.369198180550017,0.664826665836905
"AAD021_000445",11.164099920893,-0.529595760631289,0.591971540818758,-0.894630441015464,0.370984673568819,0.666769751143959
"AAD021_005085",12.7350957821596,0.522609419935676,0.588483669388014,0.888061040808757,0.374507917718105,0.67069345216095
"AAD021_006074",8.42446279786869,0.69338054502841,0.78145956647315,0.887289086699323,0.374923279638372,0.67069345216095
"AAD021_003674",9.39168155298151,-0.608083050679374,0.686024349556487,-0.88638697893522,0.375409033373297,0.67069345216095
"AAD021_004351",5.55910538257547,-0.719518065348521,0.809368596619234,-0.888986882310455,0.374010129719772,0.67069345216095
"AAD021_008227",23.0069467515368,0.352869915063164,0.399519858404897,0.883234982291028,0.377109324400884,0.670839960324257
"AAD021_008307",6.84849751303691,0.557756056556942,0.631575676943706,0.883118329154175,0.377172341936696,0.670839960324257
"AAD021_007361",38.5588184271492,0.447919355508702,0.507098094988612,0.883299227378801,0.377074621144585,0.670839960324257
"AAD021_012201",144.058808832458,-0.303354726501186,0.344559530134492,-0.880413107084217,0.378635558581604,0.67244326946911
"AAD021_008202",11.95550634085,-0.502129757554336,0.578301246421565,-0.868284065893742,0.385238842929376,0.681138692742191
"AAD021_002818",45.3600982376548,-0.41614575544635,0.478236478135321,-0.870167321967853,0.384208971271175,0.681138692742191
"AAD021_000490",9.04129565727124,-0.582719449679372,0.670869664686805,-0.868603069049804,0.385064275247584,0.681138692742191
"AAD021_007212",9.21123304981748,-0.494417471024862,0.574648317794874,-0.860382699669451,0.38957811919623,0.687794998049981
"AAD021_006762",6.3057290851211,-0.910020845232962,1.05900721978355,-0.859315053035197,0.390166721463557,0.68781968422957
"AAD021_003097",7.68165045910796,0.477940979100067,0.557256391172217,0.857668008247861,0.391075810179424,0.688408448212897
"AAD021_011860",9.39616744656395,0.59182016772483,0.692811035047686,0.854230284718394,0.392977406177689,0.689636096059605
"AAD021_007838",9.32532637577597,-0.637570989769942,0.747951762817285,-0.852422604592072,0.393979578458485,0.689636096059605
"AAD021_006798",9.50310563975049,0.476449422186165,0.559733354853043,0.851207843976451,0.394653906266357,0.689636096059605
"AAD021_006291",18.2291547907633,-0.460179682422696,0.540487032403829,-0.851416694265606,0.394537921363769,0.689636096059605
"AAD021_004174",11.4832572684243,-0.594165000637713,0.6963377629713,-0.853271260346973,0.393508893813183,0.689636096059605
"AAD021_010368",100.912159987579,-0.366520422790275,0.432893530012566,-0.846675677457308,0.39717591938001,0.692026198529851
"AAD021_004371",79.5298139153787,0.276204938982566,0.326224232826181,0.846672046983504,0.397177943517133,0.692026198529851
"AAD021_008423",13.9296667972549,0.631191072560654,0.749653343534951,0.841977265897736,0.399800678881658,0.693567264668616
"AAD021_006265",9.4821640984538,-0.518088037997673,0.615122792263818,-0.842251408196027,0.399647243781628,0.693567264668616
"AAD021_003671",28.405948648337,0.459074306066001,0.544251509914525,0.843496614530474,0.398950758365099,0.693567264668616
"AAD021_008306",18.5208587078712,-0.461313027815672,0.550667226224615,-0.837734671406619,0.402179736362333,0.694674090080393
"AAD021_002481",12.275378887787,-0.51721298336758,0.616928267867741,-0.838368105833759,0.401823996385102,0.694674090080393
"AAD021_001336",12.4126045344413,0.478373272577765,0.570313445691656,0.838790100762242,0.401587106719901,0.694674090080393
"AAD021_008148",7.32248022974466,-0.714277530151345,0.854273674539424,-0.836122605014655,0.403085932663466,0.695041384760575
"AAD021_008353",66.2715910970071,-0.532979691236994,0.638723879840276,-0.834444598141963,0.404030494587102,0.695041384760575
"AAD021_000129",20.5535950552705,-0.510424242080563,0.611828544285662,-0.83426026269583,0.404134339008655,0.695041384760575
"AAD021_010590",39.1884248291843,0.505173812503557,0.612091183192014,0.825324439194027,0.409187420474878,0.695495229687599
"AAD021_007982",8.73570282684267,0.436606354100998,0.525538954781785,0.830778289845871,0.406098889307719,0.695495229687599
"AAD021_008338",70.1174009231636,-0.327788855778804,0.395580099721736,-0.828628275308546,0.407314783081261,0.695495229687599
"AAD021_005344",12.5435445710294,0.561841910593528,0.678846759901086,0.827641735633227,0.407873424827211,0.695495229687599
"AAD021_007323",19.5982714708753,-0.49672429071324,0.601721624301749,-0.825505135019287,0.409084868580639,0.695495229687599
"AAD021_007555",26.3001979495391,-0.61724493837932,0.743168806552247,-0.830558189387521,0.406223262648578,0.695495229687599
"AAD021_004412",11.7141098368941,0.454794169254852,0.547125007627059,0.83124361510607,0.405836020339492,0.695495229687599
"AAD021_002846",12.9922282422837,-0.448117777297607,0.543469963441978,-0.824549298841699,0.409627516232045,0.695495229687599
"AAD021_001188",32.0836768963677,0.416092669408332,0.503285058548456,0.826753471697334,0.408376806977191,0.695495229687599
"AAD021_011036",16.3442899086759,-0.349035580427979,0.429766382535629,-0.812151891380295,0.416704480633405,0.698556607772176
"AAD021_009887",7.27237467611574,-0.538593260658837,0.666056979679344,-0.808629407228987,0.418728344385811,0.698556607772176
"AAD021_008104",23.12998599334,-0.467535346496268,0.573603791924126,-0.815084127892432,0.415024156283786,0.698556607772176
"AAD021_008145",5.47668533046818,-1.52196653620786,1.87317042390321,-0.812508310395203,0.416500019971217,0.698556607772176
"AAD021_008356",12.515833375675,-0.524134795368892,0.644423015868989,-0.813339658053816,0.416023345406093,0.698556607772176
"AAD021_009039",11.3149913203084,-0.487357679126596,0.596202375018178,-0.817436661690147,0.413678931649505,0.698556607772176
"AAD021_006679",21.657160180208,-0.355499533918554,0.439664818089912,-0.808569435832944,0.418762851304685,0.698556607772176
"AAD021_003458",8.37275753149535,-0.441586677418882,0.539363609758368,-0.818717965820331,0.412947343975021,0.698556607772176
"AAD021_002412",7.85970811996734,-0.517542047855008,0.636324577396833,-0.813330281807191,0.416028719722023,0.698556607772176
"AAD021_002778",7.47704526369232,0.47226048007937,0.575828105942511,0.820141419298,0.41213549256273,0.698556607772176
"AAD021_000579",8.00769610805195,0.525428198810274,0.645223635471213,0.814335014907737,0.415453055779673,0.698556607772176
"AAD021_000582",8.4607405133056,-0.475293722770774,0.58693708131911,-0.80978649653993,0.418062894861002,0.698556607772176
"AAD021_001013",9.1607943496841,0.495612443403196,0.613285039565798,0.808127398238976,0.41901724676727,0.698556607772176
"AAD021_008167",9.45632480875095,-0.410719508899589,0.511517700274226,-0.80294290633423,0.422007734982981,0.702563642245659
"AAD021_004547",10.5999588388852,0.495033384043219,0.621759689166547,0.796181213849354,0.42592671508756,0.707269207399888
"AAD021_002729",42.1506185550834,-0.331857436943174,0.416891838400032,-0.796027665633352,0.426015955334435,0.707269207399888
"AAD021_012358",16.0140730346647,-0.427705588937875,0.538483917454825,-0.794277368504243,0.427033976184481,0.707977381569009
"AAD021_008339",19.8981435314019,0.617531817493623,0.786389314851983,0.785274934222443,0.432292388861088,0.715703996496159
"AAD021_010478",33.8797839192714,0.451258799479277,0.579683058678599,0.77845780159236,0.436299174501937,0.72133993353428
"AAD021_008411",24.7575019807601,0.490447200255247,0.632019785686314,0.77599975722701,0.437749129210198,0.721743398987063
"AAD021_006556",10.2108899187724,0.67578018257216,0.869721878113191,0.777007224468383,0.437154508004674,0.721743398987063
"AAD021_012152",15.1279686344088,0.40264406400207,0.519843436571457,0.774548711546007,0.438606373798034,0.722162076253434
"AAD021_009213",61.197958573378,0.372414749992735,0.481815526362222,0.772940533495301,0.439557574806261,0.72273408934491
"AAD021_011091",8.61447031184611,-0.83968690371605,1.0923266164891,-0.768714129126439,0.442063035327712,0.725856588871428
"AAD021_010905",17.6477515980682,0.466807183023919,0.608335498613357,0.767351542180199,0.442872531249821,0.726189616309639
"AAD021_004542",6.81353461570034,-0.608740984705705,0.796994698123751,-0.763795526041486,0.44498910339475,0.72866204755611
"AAD021_002175",26.7607334680976,-0.436022430719009,0.578121362517382,-0.754205706601786,0.450725711515339,0.737047372518936
"AAD021_002494",8.46451779074729,-0.489495276621401,0.651317546613238,-0.751546275955115,0.452323961782557,0.738651817535771
"AAD021_011678",7.68310070719543,-0.493441757876061,0.657515486147049,-0.750464085291074,0.452975246495555,0.738707588631035
"AAD021_003414",10.5113926957914,0.419426337240717,0.559805391215506,0.749235973469309,0.453714990547927,0.73890727032091
"AAD021_008157",12.7268370071983,0.495918840852011,0.665640315044548,0.745025248085855,0.456256456800207,0.741141370512067
"AAD021_005308",12.1748869655315,-0.401457989825559,0.539675395209082,-0.743887887773771,0.456944303623981,0.741141370512067
"AAD021_001025",5.36939518854199,-0.65016267867459,0.873838430547021,-0.744030768099303,0.456857861223508,0.741141370512067
"AAD021_009984",20.9933152698058,-0.597676855012125,0.807823134509738,-0.739861028336173,0.459384323692512,0.741374514555639
"AAD021_009412",17.9798071447748,0.697281866219859,0.944748971468709,0.738060466089593,0.46047770615554,0.741374514555639
"AAD021_007376",191.894954354375,0.394460032357757,0.53296935777169,0.740117657058125,0.459228605656375,0.741374514555639
"AAD021_000644",8.34395372129127,-0.480607259971765,0.648941468984332,-0.74060186155767,0.45893487897095,0.741374514555639
"AAD021_000686",11.7295083661665,-0.472235347462135,0.640298929366143,-0.7375232501632,0.460804209548367,0.741374514555639
"AAD021_001058",29.4412551275817,0.356167448134575,0.482670727549919,0.7379097753504,0.460569278314091,0.741374514555639
"AAD021_007406",15.1144297980221,-0.495011293347944,0.672495199868839,-0.73608152659601,0.461681084439317,0.741788265870957
"AAD021_008458",8.51518003495053,0.415517861928181,0.566365004447163,0.733657374070586,0.46315758377086,0.743163039911152
"AAD021_003412",8.31610704171808,-0.426710288863693,0.582745677288285,-0.732241019529002,0.464021471633281,0.743552478641281
"AAD021_008470",12.5322799681868,0.413960372781991,0.567533877366397,0.729402048566593,0.465755765058805,0.74533375772111
"AAD021_012260",12.6383856921806,-0.41228738696911,0.56616326268148,-0.728212892190181,0.466483275144614,0.745379969851816
"AAD021_005108",7.43289755213576,0.552364016468307,0.759752373253767,0.727031643353367,0.467206571497717,0.745379969851816
"AAD021_002496",7.58973513372773,0.441414451196824,0.6077548570117,0.726303452953444,0.467652763039861,0.745379969851816
"AAD021_002575",9.34822440391679,-0.484301969336192,0.669788444387535,-0.723067071990239,0.469638678097533,0.747549863939823
"AAD021_008435",16.4978367775192,0.347641614857536,0.48210963156964,0.721084152012674,0.470857741021763,0.748494974771647
"AAD021_008182",11.8882249218849,-0.704022455879431,0.977979244645364,-0.719874639195154,0.471602184005325,0.748684103785641
"AAD021_008081",20.9211417571457,-1.13368084863749,1.57819473920066,-0.718340278596854,0.472547500565933,0.749191202884002
"AAD021_005278",12.3849733293579,0.387778458029627,0.540701044442195,0.717177194339752,0.473264769186873,0.749335884545883
"AAD021_009752",21.1740645234702,0.461263018837847,0.648259987755066,0.711540165289559,0.476749570392972,0.751982697599528
"AAD021_005336",12.8395097184476,0.438369260921451,0.615354195844916,0.712385263449036,0.476226238443668,0.751982697599528
"AAD021_003638",9.55623009324575,0.493733098461713,0.694006142141286,0.711424681254764,0.476821109004212,0.751982697599528
"AAD021_009123",8.7534624752457,-0.428616051199674,0.603613993899295,-0.710083025794102,0.477652651694774,0.752302926419269
"AAD021_010388",14.5208647950812,0.437605480765823,0.618021521949237,0.708074824620375,0.478898792582083,0.753274447727665
"AAD021_002782",9.49605640887061,-0.486240497887538,0.689196351680179,-0.705518096116065,0.480487874447157,0.754782133481952
"AAD021_004840",25.061300575139,-0.406639636779583,0.580625935137132,-0.70034700858401,0.483710621177856,0.758848772673518
"AAD021_008120",43.8281467940605,0.335131097894102,0.480293384627382,0.697763301807918,0.48532523297237,0.759648344743757
"AAD021_004159",32.7999556642679,-0.347033422170904,0.497538505267277,-0.697500632608281,0.485489543633228,0.759648344743757
"AAD021_009983",21.1979783986594,-0.398299778306747,0.574422588813972,-0.693391565831575,0.488063853761132,0.75980423833701
"AAD021_007647",14.28139791793,0.423399690856258,0.613073618339731,0.690618023986857,0.489805617616873,0.75980423833701
"AAD021_007687",7.16445536959278,-0.454149437918184,0.653721882274015,-0.694713532210969,0.487234845825456,0.75980423833701
"AAD021_009102",8.6304363677572,-0.442182904240993,0.63971719728443,-0.691216221977523,0.489429670987045,0.75980423833701
"AAD021_009422",7.01946085354045,-0.579595270664393,0.835251080203058,-0.693917415256126,0.487734001364359,0.75980423833701
"AAD021_005060",19.2186060271278,0.485953298073124,0.704017743679444,0.690257173822582,0.490032474516434,0.75980423833701
"AAD021_002790",7.29680000334201,-0.512661921369226,0.73955266260117,-0.693205429841982,0.488180641113087,0.75980423833701
"AAD021_000742",8.84094252516389,-0.421717250200718,0.61225252653037,-0.688796259593383,0.49095148980407,0.760244415647441
"AAD021_008078",6.99617201010954,-0.417710771145401,0.607830136943317,-0.687216289152761,0.491946441006496,0.760800891324
"AAD021_002374",10.4935031376002,-0.368839994603434,0.540435522832906,-0.682486585393228,0.494931322296743,0.764429410050582
"AAD021_001163",8.83047510681662,0.418636708326173,0.614800931862534,0.680930503891587,0.495915465487714,0.764962386841229
"AAD021_001118",11.2543737089403,0.340305129117451,0.501020600486925,0.679223825900013,0.496996053007545,0.765642568146758
"AAD021_001457",7.203595925388,-0.587212932792676,0.872465567623988,-0.673049979945743,0.500915494646176,0.7706887494749
"AAD021_008714",10.6058632352348,0.425040424906969,0.636131465784533,0.668164440478937,0.50402863132904,0.77249970768356
"AAD021_009022",10.8341758795711,-0.475339684660746,0.709630834990242,-0.669840797810431,0.502959282903664,0.77249970768356
"AAD021_006177",9.37527443878655,0.530652486748651,0.793560753357571,0.668697997605666,0.5036881451149,0.77249970768356
"AAD021_002700",8.97281775595558,0.369629199599162,0.559241383520649,0.66094750941391,0.508645976566391,0.778579583056228
"AAD021_011496",6.55193016062145,-0.472540657779138,0.717087011112724,-0.658972552083858,0.5099133945252,0.77903419570774
"AAD021_008367",9.86091197805239,0.37241644050643,0.565589748311215,0.65845684370769,0.510244619410917,0.77903419570774
"AAD021_010584",14.9571311957057,-0.350843213672937,0.534165613300243,-0.656806063395428,0.511305624982858,0.779659660005708
"AAD021_010293",13.9129331091702,-0.351719380097899,0.53947897810869,-0.651961233653552,0.514426181048614,0.781717550379883
"AAD021_008915",35.7147630713574,-0.481087494211698,0.737163512049786,-0.652619786991311,0.514001425977804,0.781717550379883
"AAD021_001092",10.2655801288269,0.436883266733505,0.670406176994567,0.651669512790072,0.51461439406796,0.781717550379883
"AAD021_010247",16.2035191787758,0.528783712905762,0.819720728382995,0.645077883962818,0.518876715104352,0.787130046297524
"AAD021_008113",38.8247533195933,-0.387984558538234,0.602381933663231,-0.644083988672777,0.519520972410915,0.787130046297524
"AAD021_008579",12.4166367031333,-0.32177953147414,0.50189573879107,-0.641128239600558,0.521439368058593,0.787130046297524
"AAD021_001001",7.60404639660083,-0.48921655957623,0.763103461912682,-0.641088114513374,0.521465435851242,0.787130046297524
"AAD021_001214",12.4748775394743,0.304364143152754,0.474609158554923,0.641294289557062,0.521331498642032,0.787130046297524
"AAD021_003792",7.58066670945209,-0.388276331918547,0.609030115405814,-0.637532237071442,0.523778218564503,0.788875594384345
"AAD021_001306",9.13462599301704,0.4138246181796,0.649356767396236,0.637283907641305,0.523939931107397,0.788875594384345
"AAD021_000770",14.1932537486785,-0.460152773222979,0.72771252530489,-0.632327680535922,0.52717277956892,0.792746001437183
"AAD021_008043",21.7567356066134,0.367716114042461,0.58558402060837,0.627947657554652,0.530038229539608,0.793069700948638
"AAD021_006763",6.31264665813086,-0.562606003947943,0.894673390901018,-0.6288395404063,0.529454110871266,0.793069700948638
"AAD021_004411",8.28805181289598,-0.395422939400436,0.629048322412389,-0.62860502971218,0.529607666665429,0.793069700948638
"AAD021_002611",11.8516618845971,-0.300392163787988,0.477081306352197,-0.629645638570102,0.528926456727045,0.793069700948638
"AAD021_010030",11.7280067422713,-0.414485729685243,0.666122765984472,-0.622236246606389,0.533786535295274,0.79569424999806
"AAD021_008239",12.4459355010994,-0.44827466668059,0.72032916388978,-0.622319196768191,0.533732000778693,0.79569424999806
"AAD021_007178",34.4309229401457,0.27910568146604,0.448380273693969,0.622475380477012,0.533629327449253,0.79569424999806
"AAD021_012031",7.68724314502438,0.487951120212955,0.806872371530704,0.604743869575396,0.545349194347728,0.796864451266018
"AAD021_010736",72.0492728780757,-0.435872242570169,0.722511993554613,-0.603273366336476,0.546326847879653,0.796864451266018
"AAD021_007852",18.9971394601777,-0.296038183849343,0.479925104205277,-0.616842464074811,0.537338639995821,0.796864451266018
"AAD021_008495",8.65096809025993,0.361420458658143,0.583467152815829,0.619435827559303,0.535629284924212,0.796864451266018
"AAD021_005024",12.229919356597,-0.336608838513814,0.550040047398493,-0.611971510267047,0.540556607114816,0.796864451266018
"AAD021_005134",177.543216808252,0.284466411909547,0.471805784478891,0.602931166313995,0.546554481611864,0.796864451266018
"AAD021_007523",6.24033913130569,-0.702379142949021,1.15614831186042,-0.607516471497315,0.543508214871146,0.796864451266018
"AAD021_003521",11.9111994171083,0.333176119376655,0.546256363571297,0.609926293944527,0.541910633718771,0.796864451266018
"AAD021_003724",7.45802263329007,-0.359983729113377,0.58605789689838,-0.614246017361996,0.539052768821416,0.796864451266018
"AAD021_003951",9.23977666390074,0.353615496042683,0.585362881625675,0.604096206203951,0.545779681688697,0.796864451266018
"AAD021_004278",9.879898664172,-0.476152302384042,0.783581496421867,-0.607661493486429,0.543412006935926,0.796864451266018
"AAD021_002711",119.26616752635,-0.299013147827736,0.490138034520973,-0.610059058403763,0.541822686250094,0.796864451266018
"AAD021_002819",36.7141422646645,-0.301188427684643,0.495752390730662,-0.607538023650755,0.543493916584598,0.796864451266018
"AAD021_002851",7.29102125998506,-0.455272841794708,0.750583834500028,-0.606558282857198,0.54414409247846,0.796864451266018
"AAD021_002942",9.40804341909874,0.382602879980704,0.626734947543257,0.610469994501618,0.541550514045919,0.796864451266018
"AAD021_000911",9.13885083349659,0.320221413504245,0.529343659182717,0.604940491775518,0.54521853732586,0.796864451266018
"AAD021_001027",49.9657498534387,-0.320265541602446,0.531085018810506,-0.603040059988434,0.546482039718875,0.796864451266018
"AAD021_001076",45.1127025801298,-0.275816094484471,0.449897910150147,-0.61306373793206,0.539834196052405,0.796864451266018
"AAD021_009128",17.4930350897212,0.282150201019966,0.470254667888089,0.59999447169148,0.54850991984308,0.797772021934589
"AAD021_002177",10.2918921623944,0.395269048023742,0.658425240096311,0.600324872062808,0.548289745875831,0.797772021934589
"AAD021_004078",11.3052693185571,0.299615988491912,0.502739097575476,0.595967152618223,0.551197170471093,0.797802917840264
"AAD021_004142",250.077060777285,0.267625800989584,0.448915494173638,0.596160757343047,0.551067838682533,0.797802917840264
"AAD021_004422",8.24282642511219,0.348748175164723,0.584158655497901,0.59700934306532,0.550501142756309,0.797802917840264
"AAD021_002542",10.2231989943235,-0.467801431120144,0.782043732738728,-0.598178096104545,0.549721105124111,0.797802917840264
"AAD021_003685",14.8234554208927,-0.323375570083856,0.550134287733854,-0.587812062062017,0.556658446862956,0.804290426086413
"AAD021_003189",7.81155951822969,-0.379345105832223,0.645948001763124,-0.587268796864137,0.55702319400638,0.804290426086413
"AAD021_008065",8.75574406203245,-0.329723849580563,0.564433018142203,-0.584168252002388,0.559107119032272,0.805763930401796
"AAD021_002664",9.80343150228817,-0.404090589884007,0.692234872466655,-0.583747808665146,0.559389996795232,0.805763930401796
"AAD021_007611",12.5890958284827,0.357431138928003,0.614848123717925,0.5813324057438,0.561016444172141,0.807135437108237
"AAD021_012493",57.4154616522258,-1.13624683393753,1.98497743284651,-0.572423048814277,0.567035404548157,0.80898853306811
"AAD021_011174",9.177485297456,-0.375465145185571,0.653764957800755,-0.574312129620137,0.565756602530439,0.80898853306811
"AAD021_007843",21.4311508376196,0.27684242982235,0.481450499870377,0.57501743148441,0.565279507967729,0.80898853306811
"AAD021_008366",11.0775540820593,0.307812152816633,0.537540232451775,0.572630910643975,0.566894625918591,0.80898853306811
"AAD021_000807",12.7537962968697,0.276210449448674,0.47840012822521,0.577362824866648,0.563694381643802,0.80898853306811
"AAD021_001113",23.4181357277775,0.263522546166853,0.460113019365193,0.572734382805399,0.566824553550008,0.80898853306811
"AAD021_001129",31.2660277935626,0.365886876048416,0.634412637154697,0.576733272037891,0.564119652461019,0.80898853306811
"AAD021_005449",46.0109922787908,0.201765148740361,0.355265738065568,0.567927405099568,0.570084262409495,0.81237007393353
"AAD021_004471",14.8259866194614,0.324421162477475,0.572524429381547,0.566650339843004,0.570951766498224,0.812638840069411
"AAD021_000658",9.05823319502442,-0.316043362493846,0.561274887633426,-0.563081244960771,0.57337956197282,0.81512510175946
"AAD021_000354",11.1336926871921,-0.429475624941492,0.765924576495403,-0.560728351225676,0.574982736808896,0.816434562230426
"AAD021_010065",8.83967052132973,0.462405855364172,0.82851920305037,0.558111210532872,0.576768445904634,0.817999798279439
"AAD021_007909",7.36139923140514,0.372902642741814,0.67010182341532,0.556486536391193,0.577878295849995,0.818603929150821
"AAD021_001077",10.9004933691939,-0.311261189246224,0.56125597573571,-0.55457973313908,0.579182154630634,0.819481133679514
"AAD021_001223",73.6847693128427,0.346666027633736,0.62681230597168,0.55306193629421,0.580220999778644,0.819981743488828
"AAD021_007899",12.2050297955627,-0.318991393341596,0.578342985662231,-0.551560927079171,0.581249212749047,0.820466164694115
"AAD021_008540",8.64149009018871,-0.33652027343616,0.613469295908233,-0.548552756724273,0.583312414776286,0.822408669596248
"AAD021_008492",17.2482331777642,-0.291425801897312,0.532582542538676,-0.54719368101734,0.584245676968479,0.82275538274267
"AAD021_000379",18.1404750936907,0.267894169473996,0.493658620706604,0.542670903002854,0.587356411421154,0.826164071058897
"AAD021_010952",10.3333836092597,0.320636911880159,0.595077171484439,0.538815681805302,0.590014041930305,0.826277448240133
"AAD021_007884",7.99812034715713,0.372512810720079,0.694639153891554,0.536268087730389,0.591773282514867,0.826277448240133
"AAD021_009179",23.9794093503423,-0.259128272432352,0.481660941116093,-0.537988967575212,0.590584665178148,0.826277448240133
"AAD021_006055",15.9140415481945,-0.311329183384768,0.581325227175593,-0.53555078780493,0.592269048111975,0.826277448240133
"AAD021_002567",20.5955880892238,-0.266041854750517,0.496744139840418,-0.535571199362279,0.592254937923327,0.826277448240133
"AAD021_000802",10.6951971143935,0.306985050309647,0.568951372705501,0.539562895946377,0.58949851069267,0.826277448240133
"AAD021_000900",8.56188634116147,-0.3324132885209,0.614375299404668,-0.54105900553458,0.588466913008027,0.826277448240133
"AAD021_011253",13.1884981240773,0.402078869094098,0.756039218773111,0.531822766742955,0.594848752957844,0.828910311164772
"AAD021_010672",9.99214167958096,-0.338417473503398,0.648607054515171,-0.521760395832208,0.601837167609406,0.834809032428126
"AAD021_008158",11.805165947274,-0.338341366062178,0.649569672632497,-0.520870016438712,0.60245732388764,0.834809032428126
"AAD021_005821",9.47829792472884,-1.02361250078296,1.9528503646796,-0.524163304724528,0.600164961185959,0.834809032428126
"AAD021_006164",13.5283447643339,0.328151446379112,0.631212304689791,0.519874919961172,0.60315075684295,0.834809032428126
"AAD021_002527",173.857628859837,-0.296918871726388,0.571317438449114,-0.519709099957456,0.603266343400442,0.834809032428126
"AAD021_001010",10.0900624658527,0.310892695203686,0.594990257841465,0.522517286806608,0.601310213553129,0.834809032428126
"AAD021_004481",5.16326570230024,0.421622694720881,0.814225894523687,0.517820297237692,0.604583655377299,0.835665860839061
"AAD021_000556",11.7312915989669,-0.343590197261562,0.665732654954195,-0.516108372789978,0.605778720454461,0.836351935852353
"AAD021_009689",17.4672925564206,-0.312067422008923,0.613274770305588,-0.508854166385197,0.610854448638239,0.841183528051185
"AAD021_006988",14.6612597700708,-0.284253415527053,0.559449036152758,-0.508095281532379,0.611386524147478,0.841183528051185
"AAD021_001066",8.62563572337677,-0.28688774799952,0.564177776072958,-0.50850593583541,0.611098577377535,0.841183528051185
"AAD021_011723",45.861169324407,0.25943665472853,0.515191313404282,0.503573425984659,0.614561170514484,0.842645728643571
"AAD021_005018",22.066604600841,-0.2381074264588,0.471807381554457,-0.504670837650549,0.613790046890514,0.842645728643571
"AAD021_001084",10.995163492049,0.245175663958452,0.486809627497643,0.503637664724777,0.614516019812304,0.842645728643571
"AAD021_008618",9.94683021152394,-0.284473092788367,0.566068578601864,-0.502541747664195,0.615286493707414,0.842674980512327
"AAD021_003899",13.8689553253774,-0.248912040462261,0.498071738386007,-0.49975138374415,0.617250146657917,0.844398200628031
"AAD021_010272",9.01363480388468,-0.348355425559149,0.699850650999483,-0.49775680720115,0.61865546305012,0.845221921004807
"AAD021_003665",10.5067489359563,0.321440188512696,0.646900228162846,0.496892989859603,0.619264515222403,0.845221921004807
"AAD021_004285",22.2588412143482,0.247888428655466,0.500328655755911,0.495451191539187,0.620281667032442,0.845645962913249
"AAD021_001218",8.16072265087845,0.310364759698234,0.629584040836454,0.492967959108189,0.622035227040852,0.847071862079522
"AAD021_004924",33.1506374895473,-0.30620991870753,0.624829927644118,-0.490069225496408,0.624084913991654,0.848467417096754
"AAD021_006936",8.06236055967969,-0.419266509039994,0.856495055344379,-0.489514220104184,0.624477689609223,0.848467417096754
"AAD021_009665",15.3900977616636,-0.591424888643347,1.21343337161033,-0.48739790950242,0.625976374721843,0.849539365693929
"AAD021_008005",10.0431338094505,-0.2700809914992,0.561097191972892,-0.481344400512074,0.630271745472302,0.851507087280299
"AAD021_004969",43.8101339465868,-0.275489039460147,0.56904524806797,-0.484125015357726,0.628297148975829,0.851507087280299
"AAD021_006343",12.0235519254818,0.231665911965276,0.481099158073886,0.481534644318993,0.630136563328392,0.851507087280299
"AAD021_001573",9.91858682772719,0.286465873109818,0.594171831916276,0.482126310474751,0.629716220397009,0.851507087280299
"AAD021_008791",9.19056752663961,0.280120651258081,0.588496122041728,0.475994047821812,0.634078618395051,0.855684448950255
"AAD021_012378",12.7105086585341,-0.263193429112191,0.556603809293727,-0.472855960950314,0.636315946010093,0.855809199296721
"AAD021_004277",8.92468655608066,0.26364237440848,0.55667847086223,0.473599013089421,0.635785879378683,0.855809199296721
"AAD021_001135",65.5374937496784,-0.29242453155856,0.617535890788077,-0.473534471308832,0.635831913767158,0.855809199296721
"AAD021_003007",11.7900637726295,-0.485151957997235,1.02939186257959,-0.471299585350787,0.637426811732535,0.856341070307345
"AAD021_005469",10.9917396046728,0.305578562796152,0.655018214420399,0.466519183846738,0.640843919252055,0.858042697253591
"AAD021_006838",10.2872974684035,-0.25022382734595,0.534272975075184,-0.468344533636084,0.639538226294711,0.858042697253591
"AAD021_001167",7.4493166861875,0.326472193430048,0.699012819768288,0.46704750499178,0.640465890740186,0.858042697253591
"AAD021_010452",9.81056833282227,-0.268879473482681,0.593455560870262,-0.453074317963062,0.650495227696586,0.859799769530685
"AAD021_008094",10.2592146006686,0.380737696083222,0.843525909938792,0.451364553948141,0.651726825925899,0.859799769530685
"AAD021_008296",7.592792081302,0.274880551538549,0.600464677272576,0.457779719511743,0.647110707521535,0.859799769530685
"AAD021_007115",11.779189748708,-0.383310138379293,0.833772668402526,-0.459729795549307,0.645710180059991,0.859799769530685
"AAD021_005937",30.4017983162714,-0.210724057467677,0.466086991030805,-0.452113149525234,0.651187471174161,0.859799769530685
"AAD021_006296",13.0745408794486,-0.259520488721804,0.574552663268817,-0.451691385860624,0.651491324751649,0.859799769530685
"AAD021_003706",12.8410223293587,-0.322554308404159,0.700213474876335,-0.460651387008977,0.645048737628623,0.859799769530685
"AAD021_004021",7.39190832341589,0.321464823353846,0.709752993309857,0.452924927945325,0.650602800167902,0.859799769530685
"AAD021_004163",7.63176080372975,-0.342252303811707,0.759394785212426,-0.450690879732561,0.652212356502809,0.859799769530685
"AAD021_004515",8.12588564176697,-0.315646998127469,0.685986710113005,-0.460135733643398,0.645418796568914,0.859799769530685
"AAD021_002570",17.1186942342238,0.254577998552951,0.553079120211548,0.460292188313993,0.645306507499313,0.859799769530685
"AAD021_003021",8.01836455638707,0.264434965963536,0.582758205537019,0.453764466035886,0.6499983617662,0.859799769530685
"AAD021_000882",8.38268927500667,-0.304867663040868,0.666790835824016,-0.457216336310493,0.647515557450385,0.859799769530685
"AAD021_001483",7.7788953603251,-0.34849433897153,0.758299000716932,-0.459573781110152,0.645822182126819,0.859799769530685
"AAD021_006805",12.7073647590154,0.288072199470725,0.640919364703116,0.449467148810779,0.653094701066777,0.860015794474073
"AAD021_012007",25.8897624494045,-0.334557055705107,0.746518460702987,-0.448156439949333,0.654040297582821,0.860314545282018
"AAD021_009283",15.7901880922357,-0.258496382363114,0.581838399552875,-0.444275218964166,0.656843615405778,0.862107245220084
"AAD021_006568",6.32297346983023,0.369500291199689,0.831163411157825,0.444557936790033,0.656639250956535,0.862107245220084
"AAD021_002968",18.3509318752607,0.211036431372194,0.476336692614555,0.443040468316309,0.657736463785869,0.86233356752649
"AAD021_009256",19.8770108603357,0.408028396325598,0.926679541140726,0.440312295902554,0.659710936384418,0.863255619844168
"AAD021_002753",15.1365638373563,0.20215582898923,0.459365795381658,0.4400759286426,0.659882115419727,0.863255619844168
"AAD021_005548",7.20357460766028,0.25112555568148,0.572681769462181,0.438508031986627,0.661018049004276,0.863797603338557
"AAD021_010739",20.5341704638538,-0.391773608853613,0.902740152927681,-0.43398269987554,0.664301003953527,0.865253864779512
"AAD021_005274",13.0336181435258,0.366142517222025,0.843573261199609,0.434037604157047,0.664261134216162,0.865253864779512
"AAD021_003289",8.65255415854322,-0.332732122728436,0.763728002536102,-0.435668355256763,0.663077368423578,0.865253864779512
"AAD021_002840",7.40193349924491,-0.34599202596666,0.799529997872514,-0.432744270868283,0.665200563783573,0.865483777009713
"AAD021_010941",11.6335098185935,0.455061141431487,1.05873826330755,0.42981457948809,0.667330526491269,0.867312312931649
"AAD021_008820",11.7305561041801,0.219455161049713,0.512172017695609,0.42847940431634,0.668302125127453,0.86763301928152
"AAD021_004374",6.78211471916343,-0.283011661304941,0.662231421104826,-0.427360666204544,0.669116652040305,0.867749330977514
"AAD021_008349",14.8927222603142,-0.216247696828144,0.51127856876521,-0.42295474529747,0.672328279303842,0.870970725461795
"AAD021_002958",7.45500190317493,-0.307202601142699,0.730889389169538,-0.42031339583648,0.674256525165437,0.872524389862733
"AAD021_007408",51.3273773153923,0.1464500737294,0.349509575167659,0.419015912966469,0.675204502687563,0.872807548290511
"AAD021_012256",19.6141264866862,0.206646316272222,0.496568729047377,0.416148468850736,0.677301364815363,0.873854476800201
"AAD021_010989",50.8698333906689,0.391661089619405,0.948644747593453,0.412863815050872,0.679706393576573,0.873854476800201
"AAD021_010291",16.9989974363861,-0.295210485235019,0.717120042678781,-0.411661183157381,0.680587779949833,0.873854476800201
"AAD021_007328",47.9203725384619,-0.179660858016225,0.434599023532737,-0.41339452757121,0.679317583393529,0.873854476800201
"AAD021_005930",23.6104837971778,0.27487089154963,0.666569367065574,0.412366521971583,0.680070797360461,0.873854476800201
"AAD021_004575",10.1557009493169,-0.242100963403592,0.58463041130715,-0.414109424896814,0.678793970733471,0.873854476800201
"AAD021_000456",9.64512913094854,0.255148722723577,0.620907218154368,0.410928904131603,0.681124667380608,0.873854476800201
"AAD021_008862",10.4700150176817,0.415923439576231,1.02335525725456,0.406431135842371,0.684425846137961,0.877149612234625
"AAD021_000256",7.86825109118123,0.257777219974663,0.637264764185943,0.404505685017677,0.685840898219722,0.878023053656693
"AAD021_005168",34.0010879558991,-0.369412299314938,0.915877214971062,-0.403342602345021,0.686696205228384,0.878178800917069
"AAD021_010916",9.50748316189371,0.282234040129583,0.705544008981499,0.400023296260438,0.689139358225099,0.879424106391731
"AAD021_000455",8.51313923983256,-0.289409447617395,0.722461149320157,-0.400588250163669,0.688723297833944,0.879424106391731
"AAD021_010939",12.62937646037,0.358591597074808,0.90093824802098,0.398020172706063,0.690615315934992,0.879887535749717
"AAD021_003991",127.258803833467,-0.173494203418474,0.436424509765622,-0.397535426027396,0.690972668007297,0.879887535749717
"AAD021_010416",20.4356113745773,0.238686741640928,0.605066389209675,0.394480251915324,0.693226504334611,0.879949231907242
"AAD021_009111",10.2015458359607,-0.210440439522164,0.532357556231407,-0.395299056167973,0.692622195881297,0.879949231907242
"AAD021_000927",18.2737031237107,0.243797553495935,0.614931267707908,0.396463094818166,0.69176342812593,0.879949231907242
"AAD021_011047",16.0153397281566,0.217693434129774,0.559457930655644,0.389114931080972,0.697191128772764,0.882323016754884
"AAD021_008288",40.3609549294094,0.217754721380052,0.557841443862284,0.390352355092874,0.696276013969913,0.882323016754884
"AAD021_007308",8.66896160350419,-0.224949001959585,0.578338916484061,-0.388957055366661,0.697307914661755,0.882323016754884
"AAD021_011098",78.5930887865741,-0.160802569321788,0.418955308427097,-0.383817954056952,0.701113380002561,0.886120110975032
"AAD021_009115",8.58524431762895,-0.214555329823314,0.564315067944562,-0.380204857199369,0.70379335398295,0.886120110975032
"AAD021_004213",10.9258903683918,-0.246501361927833,0.64566076057816,-0.381781543774012,0.702623409625691,0.886120110975032
"AAD021_004279",9.15589145887267,-0.29878787420106,0.786464542036388,-0.379912708368784,0.704010213481416,0.886120110975032
"AAD021_000082",9.97985027004738,-0.385729906329341,1.01314557677375,-0.380725055877611,0.703407274733333,0.886120110975032
"AAD021_003867",8.18922025953053,-0.23246008355036,0.6146180223017,-0.378218788117885,0.705268069428139,0.886770881413322
"AAD021_002856",19.8968478606,0.207006641449422,0.552251717504083,0.374841100331918,0.707778645476984,0.888061885362631
"AAD021_001145",36.8225263356465,0.188255917394715,0.501284635055151,0.375546953227488,0.707253733700741,0.888061885362631
"AAD021_010229",7.82162194521986,-0.195423392899683,0.593097131473414,-0.329496439165367,0.74178048496644,0.889624591578907
"AAD021_010273",7.37988242373936,-0.246956596681791,0.667699945646521,-0.36986163963615,0.711485584879463,0.889624591578907
"AAD021_010351",11.1185950825524,0.180898532941622,0.558998995304905,0.323611552902615,0.746232140317304,0.889624591578907
"AAD021_010379",14.4791560567491,0.169550549973271,0.489146099915813,0.346625578743145,0.728872626898241,0.889624591578907
"AAD021_010664",15.3681340483778,-0.196285589773653,0.607012184947559,-0.323363508412291,0.746419962312523,0.889624591578907
"AAD021_009596",8.6122860168487,0.232135882627868,0.70452631100521,0.329492141033965,0.741783733181959,0.889624591578907
"AAD021_009663",11.4702902543659,-0.215511467516028,0.663931044796555,-0.324599172165637,0.745484453848959,0.889624591578907
"AAD021_009732",22.1155569056076,0.150932927396927,0.455999787418782,0.330993416140154,0.74064945868698,0.889624591578907
"AAD021_009815",30.0068800650778,0.178482219243622,0.498723091552266,0.357878394377327,0.720434320110952,0.889624591578907
"AAD021_007916",10.2759768636283,-0.213282106442554,0.588747127440599,-0.362264368693796,0.717154482068018,0.889624591578907
"AAD021_008024",86.3909960956736,0.112598956046921,0.331952298169009,0.339202218716355,0.734457397952827,0.889624591578907
"AAD021_008255",11.205049966984,0.191259482611106,0.532826882692578,0.358952389272475,0.719630706692395,0.889624591578907
"AAD021_008311",86.4607245936935,-0.166263895893913,0.448932258828722,-0.370354084885102,0.711118680228165,0.889624591578907
"AAD021_008472",8.42902610142762,0.214925698901131,0.611668210608169,0.351376277487815,0.725306077015985,0.889624591578907
"AAD021_008538",17.1273953897029,-0.231306204005024,0.705633740280209,-0.327799240315765,0.743063461757061,0.889624591578907
"AAD021_008838",6.07569864569609,-0.301499175406614,0.849911744449297,-0.35474174509963,0.72278307411782,0.889624591578907
"AAD021_009285",30.9850221393237,0.208435895381134,0.627713777314998,0.332055632541163,0.739847251189963,0.889624591578907
"AAD021_009288",17.2654277133179,0.174534891590007,0.512918489277224,0.3402780270915,0.733647162762467,0.889624591578907
"AAD021_006923",66.4899169160964,0.246830563295544,0.705208859806959,0.350010581777305,0.726330756243894,0.889624591578907
"AAD021_007143",45.5784709060976,0.607013564896121,1.7508530962046,0.346695885686795,0.72881980148527,0.889624591578907
"AAD021_005869",23.0766318906839,0.17195878825269,0.530530863899647,0.324125889658357,0.745842726965336,0.889624591578907
"AAD021_006205",24.0974005770825,-0.211025220919505,0.619390935637253,-0.340697948222949,0.733330983443612,0.889624591578907
"AAD021_006542",26.7496486787573,-0.194108629633917,0.538673422692815,-0.360345659274543,0.71858865831429,0.889624591578907
"AAD021_003573",16.6814197152404,-0.215715550588452,0.590207962918043,-0.365490749263927,0.714745110930899,0.889624591578907
"AAD021_003620",7.35249590740535,-0.221745034260807,0.656644878180972,-0.337693998124346,0.735593798147661,0.889624591578907
"AAD021_003747",10.4902858278281,-0.186726018624336,0.566762768352905,-0.329460629827518,0.741807547203458,0.889624591578907
"AAD021_004227",9.43351681985068,-0.366541495356164,1.13031912719314,-0.32428142330598,0.745724982499484,0.889624591578907
"AAD021_004580",8.69713831389846,-0.24197779744303,0.664799559048429,-0.363986097989278,0.715868390582759,0.889624591578907
"AAD021_002171",11.9139669559776,-0.183067830492812,0.556862636468843,-0.32874863297289,0.742345691747371,0.889624591578907
"AAD021_002253",14.781688654153,-0.178812255311083,0.529773925511941,-0.337525587236651,0.735720726809869,0.889624591578907
"AAD021_002383",28.3066420242394,0.20587436933611,0.631675791685242,0.325917776248572,0.744486565906261,0.889624591578907
"AAD021_002826",7.60025308997643,-0.222991289666512,0.66945367615742,-0.33309442849945,0.739063004896428,0.889624591578907
"AAD021_002927",11.0119494565429,0.169053428381123,0.458728548875213,0.368526067966855,0.712481011319403,0.889624591578907
"AAD021_002953",10.0552093540525,-0.264611813049331,0.816924329632326,-0.323912268800251,0.746004455176336,0.889624591578907
"AAD021_003070",33.1933688001769,0.138770106541537,0.426040210728724,0.325720678581435,0.744635697476729,0.889624591578907
"AAD021_003254",13.7842953118171,-0.207964215976616,0.64241843238963,-0.323720811065527,0.746149413626111,0.889624591578907
"AAD021_003354",10.2264925193073,0.338152417928652,1.03223239534312,0.327593301134719,0.743219187610322,0.889624591578907
"AAD021_000153",12.0159056670895,0.213667214009938,0.631252371557475,0.338481443614638,0.735000408583848,0.889624591578907
"AAD021_000327",16.0615503591435,0.219454891939509,0.62949241993326,0.348621976993426,0.727373126420117,0.889624591578907
"AAD021_000346",17.0309165315531,-0.176710554511194,0.530510429731664,-0.33309534479949,0.739062313248943,0.889624591578907
"AAD021_000427",16.8194962910735,-0.188229366752254,0.525411638401857,-0.358251231976495,0.720155310460418,0.889624591578907
"AAD021_000506",11.5072808793221,0.222879324637221,0.634546579644374,0.35124186590389,0.725406904021243,0.889624591578907
"AAD021_000633",9.74298458297708,-0.242648947310879,0.690770260463945,-0.351273008116921,0.72538354269373,0.889624591578907
"AAD021_000705",11.1093130960974,0.206065790948857,0.59506823551497,0.346289347423373,0.729125273487338,0.889624591578907
"AAD021_000778",39.2606411489855,0.180063767801159,0.535114678421456,0.336495661700651,0.736497122508504,0.889624591578907
"AAD021_000969",193.550074106987,-0.177326513977191,0.549521157805168,-0.322692787090214,0.746927915235423,0.889624591578907
"AAD021_000996",10.6326196027264,0.173362018554245,0.49038392285898,0.353523046888506,0.723696353870695,0.889624591578907
"AAD021_001241",48.5812987780899,-0.384112817837331,1.1014784405313,-0.348724771818553,0.72729594512793,0.889624591578907
"AAD021_001246",15.1502805035521,0.18095636155654,0.531527144082257,0.340446134447155,0.73352058102185,0.889624591578907
"AAD021_001359",8.8073767515236,-0.281265805998085,0.795203723690483,-0.353702828116486,0.723561602914885,0.889624591578907
"AAD021_012694",11.8030269290761,-0.23880900137712,0.67408992225051,-0.35426876073126,0.723137476872725,0.889624591578907
"AAD021_003804",13.1147139660831,-0.198640209749064,0.621845566955926,-0.319436561591091,0.749395489751233,0.891676343173187
"AAD021_012236",11.1818144068272,-0.208202598794177,0.66686031662437,-0.312213208079457,0.754878494878797,0.892733394064917
"AAD021_011074",12.5586503246879,0.171014670740245,0.55093426878994,0.310408483240401,0.756250343844466,0.892733394064917
"AAD021_007719",16.0409823312799,0.162041051771061,0.518569434871526,0.312477058759173,0.75467799528124,0.892733394064917
"AAD021_007731",7.16743320845586,-0.183719548438353,0.579874212246053,-0.316826554032717,0.75137521419551,0.892733394064917
"AAD021_005203",17.4561485309477,-0.161131833017335,0.51370362035027,-0.313666921224864,0.753774026737477,0.892733394064917
"AAD021_002334",8.00049863119163,-0.171591287884353,0.552564490588374,-0.310536219404256,0.756153220766125,0.892733394064917
"AAD021_003306",47.8244739596161,-0.50421958944951,1.62203698081143,-0.310855791461223,0.755910253817934,0.892733394064917
"AAD021_001305",6.29216740577128,0.194910834127458,0.622037312012225,0.313342673121878,0.754020332816744,0.892733394064917
"AAD021_003972",8.10647229702594,-0.258166166819385,0.84093662365097,-0.306998362966455,0.758844618260097,0.894913308430873
"AAD021_006892",8.34622568131196,0.188293034549077,0.617233362782212,0.305059716312703,0.760320671428306,0.894918444098571
"AAD021_005875",38.1203630444883,-0.160447371349231,0.526007341377013,-0.305028768095142,0.760344241978485,0.894918444098571
"AAD021_004129",8.39025359680403,0.175368557401246,0.58108267371087,0.301796225107384,0.762807408708412,0.896935626939066
"AAD021_010942",82.3598599300562,-0.339016488686398,1.16389405885418,-0.291277789509597,0.770838872753746,0.897355676642221
"AAD021_010618",16.2281312777164,0.194511809940573,0.683525219380397,0.284571518980521,0.775972433978008,0.897355676642221
"AAD021_010621",7.66407622672319,-0.159314429164031,0.561607072544289,-0.283675966618935,0.776658714286835,0.897355676642221
"AAD021_008126",7.10049835488632,0.228252396945729,0.774867221758372,0.294569689536958,0.768322619502731,0.897355676642221
"AAD021_009050",53.0295030278963,-0.120260137569804,0.416606096787028,-0.288666292925813,0.772836759420941,0.897355676642221
"AAD021_009305",61.122024792003,-0.633241732212437,2.11026147111865,-0.300077379452298,0.764118133146678,0.897355676642221
"AAD021_007262",7.88904912078877,-0.181024225830178,0.62935982151564,-0.287632320401755,0.773628201800223,0.897355676642221
"AAD021_006560",15.6612342539202,0.206668432270101,0.726929680604278,0.284303197110211,0.776178036254874,0.897355676642221
"AAD021_003519",8.09511045600571,0.190250498619515,0.669728716356309,0.284070988705072,0.776355979163334,0.897355676642221
"AAD021_003678",39.1275953512652,0.18209068779322,0.631032371681046,0.288559978798137,0.772918125466574,0.897355676642221
"AAD021_003931",12.4675347715371,-0.144025788980615,0.486673515940302,-0.295939237010551,0.767276485621476,0.897355676642221
"AAD021_003990",9.71570282453628,-0.183825069819462,0.640382557568513,-0.287055085506128,0.774070142060241,0.897355676642221
"AAD021_002791",7.92512557823174,-0.205693490531377,0.688578909008688,-0.298721741023848,0.76515236712754,0.897355676642221
"AAD021_000258",19.2190203750552,0.12662675228756,0.444614757040605,0.284801055930755,0.775796563197461,0.897355676642221
"AAD021_000649",25.2564197562881,0.127404968782974,0.443975228237525,0.28696413826677,0.774139779401755,0.897355676642221
"AAD021_000853",17.3693288806355,-0.160517656437502,0.548799375440555,-0.292488773896006,0.769912941939961,0.897355676642221
"AAD021_001181",8.7022605001813,0.215872028016122,0.745310955768933,0.289640218415155,0.772091495352713,0.897355676642221
"AAD021_001300",9.32751903595847,0.166194876432186,0.569371578244246,0.291891767665461,0.77036937799168,0.897355676642221
"AAD021_000724",45.0561212164337,0.134543942374552,0.489049764129157,0.275112988990257,0.783229432719695,0.904074861104605
"AAD021_008337",7.74019734501623,-0.15335443399992,0.564967414887763,-0.271439431653569,0.786053077928995,0.906288597057635
"AAD021_002224",123.328991759588,-0.138041673285827,0.511902257612697,-0.269664122853446,0.787418664110226,0.906288597057635
"AAD021_000554",9.96628659387909,-0.154846784349554,0.573436617131497,-0.270032955209844,0.787134900439276,0.906288597057635
"AAD021_007418",7.22257080911689,0.205041705619285,0.76382675986662,0.268440065722612,0.788360602823485,0.906501096618359
"AAD021_002154",9.362141503714,0.156553052370584,0.589460315080408,0.265587094441173,0.790557225892593,0.908154509974504
"AAD021_008846",9.78186236801093,0.210984274933,0.810732462011766,0.260239086035188,0.794679356315047,0.911140986119838
"AAD021_000620",57.616660780514,0.125686169626636,0.481252454942798,0.261164734508368,0.793965472364381,0.911140986119838
"AAD021_011908",12.3844092649474,-0.152986968938062,0.604851388169054,-0.252933153383625,0.800319869555398,0.912259961881123
"AAD021_010307",12.0099898807697,0.426019227521673,1.70343418677231,0.250094327582389,0.802514402557078,0.912259961881123
"AAD021_008951",8.36477001395806,0.147116130585995,0.574040789196885,0.256281667356459,0.797733351991697,0.912259961881123
"AAD021_006028",16.1470610726604,0.116631468661381,0.464687897245624,0.250988823579652,0.80182275016649,0.912259961881123
"AAD021_003522",11.4868230752821,0.128763514192271,0.502453745179478,0.256269388829566,0.797742832349229,0.912259961881123
"AAD021_003712",10.20097366056,0.178951577681611,0.712260762360647,0.251244469916483,0.80162510489768,0.912259961881123
"AAD021_004146",10.7591766593435,0.131314897249224,0.513050036328896,0.255949494105568,0.797989836360022,0.912259961881123
"AAD021_002257",12.9238451072174,0.127061360170185,0.498386576503768,0.254945390105674,0.798765278050872,0.912259961881123
"AAD021_001064",8.8095904845948,0.173654390394693,0.692456013265475,0.25078039192089,0.801983902214072,0.912259961881123
"AAD021_009304",19.0650000220756,0.19718668292658,0.811710588077181,0.242927326343845,0.80806169617873,0.916824502678616
"AAD021_003785",8.98776354598007,-0.175757641893354,0.720617900167966,-0.243898523548176,0.807309412694897,0.916824502678616
"AAD021_001193",37.7939777180492,0.146612823874972,0.608397700843671,0.240981883514127,0.809569157679106,0.917665039528305
"AAD021_011641",16.3922702382917,-0.17345723110521,0.73311190491377,-0.236604029947669,0.812963993521838,0.919771172254858
"AAD021_000726",11.6909825581336,0.121345063418524,0.51260104645593,0.236724182007608,0.812870773567228,0.919771172254858
"AAD021_002888",13.5200280525126,0.202402547608576,0.863558006331728,0.234382109973543,0.814688346052331,0.920851699928839
"AAD021_003425",12.3067708757273,0.161987485948431,0.704348832176288,0.229981904630869,0.818105830881587,0.923662374636727
"AAD021_001192",9.08337886904792,-0.169740133546162,0.740596480013938,-0.229193816237106,0.818718278604484,0.923662374636727
"AAD021_010634",51.104796109931,-0.148307333147633,0.663571650779835,-0.223498597285374,0.823147474724887,0.9259896031403
"AAD021_007837",11.2504067443343,-0.13090898513145,0.584557310564538,-0.223945510158832,0.822799702923187,0.9259896031403
"AAD021_002938",17.140284537114,0.141107519846819,0.634010944167091,0.222563224097328,0.823875461440618,0.9259896031403
"AAD021_000684",9.09265027708764,0.156737346512217,0.695986442161207,0.225201723794374,0.821822348498367,0.9259896031403
"AAD021_004149",7.82783738270219,0.15973223750202,0.733229251648136,0.217847606520031,0.82754785058096,0.929114003957218
"AAD021_002193",14.2080834020031,0.1206396027085,0.555940818988312,0.217000800423392,0.828207721154846,0.929114003957218
"AAD021_004535",13.3348176000096,0.170564388387201,0.796053013257538,0.214262600036187,0.83034228160221,0.930636433593488
"AAD021_003568",55.7567196584592,-0.0953667986246203,0.449202595986458,-0.212302420949267,0.831871106836643,0.931477750124847
"AAD021_008168",8.68626404355934,-0.117998996885474,0.570878739952244,-0.206697129578421,0.836246399259237,0.933756473799726
"AAD021_006394",8.961582175506,-0.125171571172137,0.604604990558349,-0.207030330756188,0.835986171098759,0.933756473799726
"AAD021_001003",9.29233750710367,-0.121130858468103,0.583312424398164,-0.20766034358531,0.835494183864283,0.933756473799726
"AAD021_009786",37.4840574749319,0.101816010991369,0.494987203026018,0.205694228798107,0.837029766918873,0.933760140728696
"AAD021_005079",32.3782260520669,0.107359273763351,0.529472008903972,0.202766665579903,0.839317413689706,0.934903423327111
"AAD021_006363",8.46825074591394,0.121564750046741,0.602257347242366,0.201848513103851,0.840035154062633,0.934903423327111
"AAD021_000828",25.8982375278583,0.120469445058554,0.59820536986133,0.201384760364956,0.840397730576417,0.934903423327111
"AAD021_011046",9.96170299383495,-0.156836937811026,0.791718034607141,-0.198096962498587,0.842969201317974,0.93689334631162
"AAD021_011106",18.842102526906,-0.085010010696078,0.436631375859854,-0.194695148805256,0.845631609931915,0.937107604936012
"AAD021_009577",47.0738787883928,-0.0983775917448357,0.506847971049319,-0.194096844347953,0.846100052487919,0.937107604936012
"AAD021_005194",17.4671853967897,-0.091783764371795,0.472915459592178,-0.194080701973552,0.846112691916573,0.937107604936012
"AAD021_003973",41.7681637532987,-0.130849370551508,0.681002243649704,-0.192142348680446,0.847630703425638,0.937107604936012
"AAD021_002454",8.66832640063846,0.126149656136845,0.654986212076486,0.192598949124312,0.847273067996946,0.937107604936012
"AAD021_000487",9.70628852164262,-0.110548601506567,0.576222444991123,-0.191850564773245,0.847859261608773,0.937107604936012
"AAD021_003616",12.6255673858116,0.109937518533288,0.577129032007899,0.190490362529159,0.848924894511569,0.937419832777074
"AAD021_002578",74.9952783524422,-0.0748300570444808,0.397244653754462,-0.188372722797507,0.850584480964968,0.938386749967803
"AAD021_002400",21.8209442973281,0.126545995178877,0.696502400126934,0.181687809196085,0.855827733589642,0.943301838956539
"AAD021_005966",11.5343945086155,-0.2756694089951,1.52575768075877,-0.180677058009637,0.856621067457217,0.943307652020505
"AAD021_012243",27.2792675713299,0.100173010006659,0.687029979239281,0.145805878977182,0.884074634753965,0.944718920735929
"AAD021_011714",17.1559821361942,0.078093271316907,0.537981057920683,0.145159890236174,0.884584633399718,0.944718920735929
"AAD021_010524",43.927744719157,-0.0724750555393346,0.485974102264989,-0.149133575640242,0.881448232599167,0.944718920735929
"AAD021_010568",8.99501101238664,-0.153806064768016,0.894571754091737,-0.171932619227594,0.863490501987375,0.944718920735929
"AAD021_009847",77.3810886010513,-0.0997468650899984,0.585222275237786,-0.170442700680642,0.86466199311111,0.944718920735929
"AAD021_009980",11.5994699029834,-0.0722250948524953,0.498216794892953,-0.144967202215681,0.884736767038409,0.944718920735929
"AAD021_007819",123.836459395724,-0.0811760107671484,0.535995648283398,-0.151449010877469,0.879621530206903,0.944718920735929
"AAD021_008606",33.1613431634415,0.152794987007578,1.03666106468936,0.147391459187641,0.882823046480302,0.944718920735929
"AAD021_008773",85.5867159908009,-0.0895350841880668,0.583625646123534,-0.153411839905876,0.878073508515394,0.944718920735929
"AAD021_009392",9.03509204783129,0.126183143422448,0.732183957926372,0.17233803343604,0.863171785282158,0.944718920735929
"AAD021_005155",20.6210227246194,0.130685321509332,0.840417314761451,0.155500510536752,0.87642675148677,0.944718920735929
"AAD021_005160",12.3426206635734,0.0954283307490057,0.565921004492915,0.168624825711343,0.8660917520914,0.944718920735929
"AAD021_006900",10.3436738784828,0.120357708806542,0.692283236811032,0.173856165232259,0.861978502978197,0.944718920735929
"AAD021_007034",7.79377486154805,-0.0968902809750226,0.63053115801056,-0.153664540989107,0.877874244838377,0.944718920735929
"AAD021_006111",7.86901690832816,0.103957249552713,0.605054078805441,0.17181480663341,0.863583124621176,0.944718920735929
"AAD021_006436",9.53393525762453,0.133202941354795,0.789012964691999,0.168822246674733,0.865936459170019,0.944718920735929
"AAD021_006478",7.62610228904881,-0.111323363794571,0.632210872628288,-0.176085810311624,0.860226528476036,0.944718920735929
"AAD021_003862",12.6654337959942,0.100570444158223,0.633113125981466,0.158850669858276,0.87378652682801,0.944718920735929
"AAD021_004061",18.2254086758344,-0.0994996045220969,0.607953390638756,-0.163663211776081,0.869996279720973,0.944718920735929
"AAD021_004396",9.61244707843659,0.105831662309533,0.629538870066209,0.16810981393159,0.866496888828718,0.944718920735929
"AAD021_004415",7.01398491785141,0.125390845549721,0.791214137408474,0.158479025615522,0.874079346930214,0.944718920735929
"AAD021_001794",8.60935739677464,-0.088862404140656,0.590797111046417,-0.15041103363431,0.880440336719366,0.944718920735929
"AAD021_002240",9.77741598287308,0.0934865260463242,0.631198109971226,0.148109641916681,0.882256240222874,0.944718920735929
"AAD021_002352",7.92619588684292,-0.0958846790177808,0.639125331497098,-0.150024845351034,0.880745013341139,0.944718920735929
"AAD021_002663",9.14298967694967,0.0889038029429126,0.6104158108968,0.145644659518728,0.884201910664272,0.944718920735929
"AAD021_003079",22.0966098961378,-0.113189349279847,0.69469961661672,-0.162932793645538,0.870571350230535,0.944718920735929
"AAD021_003081",7.51407519367153,-0.0961595521331886,0.625782892053146,-0.153662801195629,0.877875616700184,0.944718920735929
"AAD021_003143",12.0669267977138,0.0849901376504096,0.581295586252133,0.146208124851555,0.883757091783921,0.944718920735929
"AAD021_000226",6.84789338321284,-0.11286280855257,0.69506062988475,-0.162378364850393,0.87100790707819,0.944718920735929
"AAD021_000625",21.646358903504,-0.0639616776099236,0.429784242333837,-0.148822761073313,0.881693489903848,0.944718920735929
"AAD021_000672",10.0903158657673,0.0948628402674371,0.552976940317144,0.171549360110806,0.863791821878978,0.944718920735929
"AAD021_001420",9.59741285385427,0.099537260677944,0.672894501860004,0.147924021377504,0.882402730437612,0.944718920735929
"AAD021_001488",14.252519078138,-0.109888084825557,0.718856810848086,-0.152865053467205,0.87850469524626,0.944718920735929
"AAD021_001617",9.21314829397982,-0.126117117319351,0.820465177286796,-0.153714162173718,0.877835117700464,0.944718920735929
"AAD021_009160",7.69127319940563,-0.100827953565571,0.714437604994581,-0.141129124307973,0.887767936039452,0.946267336989514
"AAD021_007329",8.39965934797824,-0.0855669632172079,0.605527689161332,-0.141309744787591,0.887625251637221,0.946267336989514
"AAD021_003424",75.9347893272342,-0.0617372027813288,0.447280842476334,-0.138027827079572,0.8902184252042,0.947584538662489
"AAD021_001282",9.29057965693078,0.100454361557716,0.73025047118795,0.137561515563693,0.890586972427151,0.947584538662489
"AAD021_007617",6.66670590329638,-0.107407067311082,0.801881925125934,-0.133943744017193,0.893447059201936,0.949783419062804
"AAD021_004690",17.3832417385775,-0.0905350279575462,0.69813214166369,-0.129681793108388,0.896818187908147,0.95252118094592
"AAD021_003290",11.5152294302218,-0.0703569459599682,0.573289998397198,-0.122724879479272,0.902324961814328,0.957520371712545
"AAD021_002681",13.4527858284348,-0.0593033057425586,0.512268429871473,-0.115766075526922,0.907837937504442,0.962517281835977
"AAD021_003168",23.2513584837534,0.0543779269290402,0.483448965385072,0.112479146347387,0.910443503610337,0.964425552054489
"AAD021_010251",7.16234837985554,-0.0552964859382506,0.546210574375916,-0.101236571630695,0.919362665874113,0.971051745774403
"AAD021_006169",35.5122071922939,-0.0739512156990291,0.723117315937388,-0.102267244981079,0.918544553679851,0.971051745774403
"AAD021_006305",13.8834389548097,0.0781021402182608,0.763488856315506,0.102296372202695,0.918521434766305,0.971051745774403
"AAD021_003541",12.2754774158716,0.0470062529959294,0.467702667821608,0.100504564609109,0.919943759154697,0.971051745774403
"AAD021_007784",10.658358597909,0.0521981458959557,0.56220439005427,0.0928454967968445,0.926026305870567,0.974228686957677
"AAD021_009177",8.43805043248844,-0.0635972321888066,0.684880010902246,-0.0928589405099223,0.926015625479521,0.974228686957677
"AAD021_006402",8.65452724468991,0.0516015155073569,0.569762187435943,0.0905667603874789,0.927836844721597,0.974228686957677
"AAD021_004518",13.5171199878307,-0.0511618591958033,0.561293265371817,-0.0911499609066434,0.927373434771668,0.974228686957677
"AAD021_000303",25.1659915370716,-0.0403224740802514,0.442682069310002,-0.0910867570107393,0.927423655271817,0.974228686957677
"AAD021_001000",9.45618839822373,0.0630643671450063,0.693510009249044,0.0909350496805294,0.927544199938216,0.974228686957677
"AAD021_012482",18.1510594396652,0.0371486866595796,0.535379922898944,0.0693875228985597,0.944681160266608,0.978896863070089
"AAD021_012352",16.4371411153549,-0.037833172539165,0.567579075375312,-0.0666570953380333,0.946854691265185,0.978896863070089
"AAD021_011038",13.5648552236416,0.0398343003732213,0.555911453403334,0.0716558367872302,0.942875802906648,0.978896863070089
"AAD021_010185",11.3347827177414,-0.0528072234379748,0.676266124945922,-0.0780864536756112,0.937759282691396,0.978896863070089
"AAD021_010525",37.6002727358942,0.0456715759641211,0.67256338072596,0.0679067241437134,0.945859886018888,0.978896863070089
"AAD021_009528",9.49442399915965,0.0475063549352729,0.612954171156206,0.0775039263468301,0.938222667898148,0.978896863070089
"AAD021_009935",8.87776602260689,0.0513730530268893,0.676579597218499,0.075930538310777,0.939474360925695,0.978896863070089
"AAD021_008253",8.32937233839183,0.0406224647820523,0.625269380387395,0.0649679419083085,0.948199524961374,0.978896863070089
"AAD021_009221",8.14733570390915,-0.0461198037562613,0.681228553351027,-0.0677009258190863,0.9460237123072,0.978896863070089
"AAD021_009251",16.4035318991852,0.0394636590780346,0.49671556720331,0.0794492093336825,0.936675328922248,0.978896863070089
"AAD021_009461",16.7650603944288,0.0339273123112193,0.522362291671755,0.064949773083044,0.948213991033417,0.978896863070089
"AAD021_007415",14.8454245137677,-0.0491478473599337,0.647978414510532,-0.0758479700239071,0.939540051452618,0.978896863070089
"AAD021_004407",10.8696441191729,-0.0533432406781628,0.679786635312171,-0.0784705640081707,0.937453744521109,0.978896863070089
"AAD021_004633",10.7946195177616,0.0502842839760667,0.61355742632192,0.0819553016862739,0.934682257915367,0.978896863070089
"AAD021_002331",7.82672876667454,-0.0401285978551217,0.619338398591394,-0.0647926851401254,0.948339065626334,0.978896863070089
"AAD021_002979",8.99441848439005,0.0466613004943784,0.636353019557651,0.0733261241171042,0.941546603613056,0.978896863070089
"AAD021_003201",12.0330335468561,-0.0388192931032554,0.566198292663295,-0.0685613037097947,0.94533882151864,0.978896863070089
"AAD021_000335",12.463044287022,-0.044345628078474,0.59094834718126,-0.0750414622360759,0.940181722780116,0.978896863070089
"AAD021_000583",9.02362028106384,-0.0385524961040771,0.598487575882952,-0.0644165353761946,0.948638564044531,0.978896863070089
"AAD021_001562",7.64741562186124,0.0401361340211056,0.597730574235246,0.0671475339411187,0.946464252644103,0.978896863070089
"AAD021_009842",53.0731899745818,0.033502952698266,0.542277105812378,0.0617819788797383,0.950736454839111,0.979234680653414
"AAD021_003960",7.6024633788596,-0.0473620874630514,0.777403048487883,-0.0609234650612379,0.951420161737611,0.979234680653414
"AAD021_002931",15.7193845502051,-0.0353887949230704,0.562690833285705,-0.062892076482614,0.949852444406064,0.979234680653414
"AAD021_005251",20.1527613168412,0.0502192369023469,0.84226162843471,0.0596242725620496,0.952454886048196,0.97945747302379
"AAD021_004382",10.5157732786927,0.0356547532347668,0.625376017536131,0.0570133043720482,0.954534597024381,0.979912446516453
"AAD021_002814",22.8999909116142,-0.0289057108994731,0.504648196847535,-0.0572789342754872,0.95432300081104,0.979912446516453
"AAD021_007962",8.13890342139976,-0.0297653550853298,0.543283790712084,-0.0547878578271519,0.956307473923738,0.980574445864476
"AAD021_002628",13.9808076912996,0.0260683081737567,0.481433551097731,0.0541472610588058,0.956817838571184,0.980574445864476
"AAD021_000626",7.56108866958451,0.0326383493940771,0.615113550553978,0.0530606899566472,0.957683552176644,0.980622080372491
"AAD021_002862",8.13236215017882,-0.0339337026728197,0.662582280210003,-0.0512143226378836,0.959154739007706,0.981289079138653
"AAD021_008610",18.3559461526263,0.0261097637259854,0.551205842170218,0.0473684451949666,0.96221957786485,0.982982352891065
"AAD021_004355",7.43659914279406,-0.027484442754274,0.583824669039702,-0.0470765354939206,0.962452228561678,0.982982352891065
"AAD021_001031",26.3940064330113,0.0203039927996295,0.444766291844848,0.0456509253779339,0.963588478871028,0.983303844167622
"AAD021_000922",10.2165526480926,0.0220737968809648,0.519085612384509,0.0425243858706948,0.966080672216428,0.985007295266665
"AAD021_010422",40.9390865130958,-0.0233047036400593,0.625977709893133,-0.0372292867169948,0.970302187369892,0.985425345880969
"AAD021_007946",43.9269438934934,-0.0173843054389019,0.431910067724486,-0.0402498268458778,0.967893953711002,0.985425345880969
"AAD021_008324",24.497988708659,0.0189032422710399,0.510343912275076,0.0370402033146053,0.970452950111191,0.985425345880969
"AAD021_006053",9.7547903896126,-0.0284331094181378,0.792079532855821,-0.0358967859144435,0.97136465868617,0.985425345880969
"AAD021_004385",9.89163075548484,-0.0277533861681309,0.774917519891898,-0.0358146324682433,0.971430165530111,0.985425345880969
"AAD021_004445",61.1006348232032,0.0233556938586547,0.590317238299348,0.0395646481982136,0.968440212009357,0.985425345880969
"AAD021_003193",23.5746466690289,0.013191409053826,0.396658380864956,0.0332563477546113,0.973470163933335,0.986658582750382
"AAD021_001021",356.733272519556,0.0124557655541462,0.403907213705259,0.0308381854334384,0.975398587319272,0.987776741980684
"AAD021_008041",19.1939506017394,-0.0137993092504072,0.491415186580862,-0.0280807545782603,0.9775977436423,0.989166947709073
"AAD021_002511",17.3700846677048,-0.0109662562410746,0.460258330088045,-0.023826306932841,0.980991156105309,0.991762173866601
"AAD021_008375",9.74552246917561,0.0110910906601107,0.538221797346591,0.0206069146860817,0.983559224516428,0.993519317929253
"AAD021_011686",12.0295072787842,0.00532026957990407,0.574180227230657,0.00926585299804627,0.992607024738928,0.996885372412214
"AAD021_011045",42.2040041735916,-0.0111347988694915,0.852773327792707,-0.0130571612720493,0.989582188635133,0.996885372412214
"AAD021_011131",15.7478119832351,-0.00654899363626969,0.769205374937082,-0.00851397279537388,0.993206914624801,0.996885372412214
"AAD021_008233",17.6996578582497,0.00464952723340104,0.776057814818495,0.00599121243884191,0.995219732692227,0.996885372412214
"AAD021_008358",22.1046159957325,0.00635117866187282,0.520845911789328,0.0121939685387062,0.990270861877558,0.996885372412214
"AAD021_008510",7.1292275093151,-0.00564434232244003,0.701130925925665,-0.00805033997749866,0.993576827401615,0.996885372412214
"AAD021_005949",11.5088850214747,0.00320938542863546,0.486110899417066,0.00660216718547988,0.994732271003726,0.996885372412214
"AAD021_003600",39.2603680572155,0.00520788545295668,0.514696140709528,0.010118368957998,0.991926847384906,0.996885372412214
"AAD021_003248",13.3908039868097,-0.00676533668620467,0.564624857859665,-0.0119820029033971,0.99043997362937,0.996885372412214
"AAD021_000056",45.122526785088,0.00553052477267084,0.395041317609036,0.0139998641310332,0.988830089434365,0.996885372412214
"AAD021_008493",9.72478513161642,0.00180634076059691,0.634715734118706,0.00284590512492177,0.99772929930445,0.997818961918172
"AAD021_003261",15.1085886074218,-0.00169034757637715,0.61837551815177,-0.00273352926621245,0.997818961918172,0.997818961918172
"AAD021_007093",9.01594273197249,-1.68889810562494,0.731769225733361,-2.30796547085233,NA,NA
"AAD021_000623",10.3008618604914,-0.579038251290757,1.25262056147772,-0.462261493303019,NA,NA
