"","baseMean","log2FoldChange","lfcSE","stat","pvalue","padj"
"AAD021_005235",76.7820473337172,4.0347755605892,1.22975905816137,44.3648760692845,1.26248739371033e-09,1.51119741027127e-06
"AAD021_010209",13.8689079177462,4.03592450462973,0.982548663697936,39.7004663873858,1.2332302738161e-08,7.38088318878936e-06
"AAD021_003933",35.4336017462498,1.974587453195,0.863612220585637,35.7986805114828,8.25940363529595e-08,2.53681297128136e-05
"AAD021_001915",59.7046830689518,2.19071829996605,1.10559956700637,35.7451985268352,8.47723632842559e-08,2.53681297128136e-05
"AAD021_002660",9.32514667286935,3.57246017931401,1.12549531702157,34.6449836915239,1.44787359812292e-07,3.46620939390627e-05
"AAD021_004381",111.813500884274,3.09002104964984,0.717047764288319,32.7790971818825,3.58540368947849e-07,7.15288036050959e-05
"AAD021_004871",6.75850536498651,1.91663622213912,0.881531136948274,31.705549915524,6.03721524503118e-07,0.000103236380690033
"AAD021_003738",24.3651275828414,3.42370401535609,1.00517281558189,30.3658144202547,1.15593690544768e-06,0.00017295705947761
"AAD021_005114",5.8034289257773,4.17989428343438,1.23003966284539,28.8715258212499,2.38304132984417e-06,0.000316944496869274
"AAD021_001484",13.4289530242771,1.11902518129433,0.880492556602208,28.575018429289,2.7505374347381e-06,0.000329239330938151
"AAD021_010188",10.49148548149,-3.1940053541303,1.44039137221443,26.4585532218624,7.64525986642052e-06,0.000831943278191396
"AAD021_010743",6.69229282876534,2.96644129499162,0.881944248334559,25.6725814633403,1.11678129777673e-05,0.00111054545304693
"AAD021_004710",19.926532448083,-2.34260685682566,0.752335320839575,25.5128871403822,1.20610617289976e-05,0.00111054545304693
"AAD021_006840",14.1361143309081,3.31265258583777,1.59398930148561,25.2544719585346,1.36598361471333e-05,0.00116791599057989
"AAD021_001429",14.6131885442651,1.5414728899306,0.864420138049234,24.823342903111,1.68109744229646e-05,0.00134151575895257
"AAD021_000995",125.968610453757,2.77485843556836,0.906533805110125,24.0892262004705,2.39311046778381e-05,0.00169865541840034
"AAD021_001042",72.0802496775599,2.33480143848044,0.817842199070446,24.0614662346672,2.42526361194378e-05,0.00169865541840034
"AAD021_001317",84.7195723808321,1.62476915289777,0.664744210235043,23.9535766136197,2.55436905022608e-05,0.00169865541840034
"AAD021_010578",24.7271271828593,1.42964169717737,0.755088778465513,22.6754629115414,4.71873315613864e-05,0.00297280188836734
"AAD021_007523",6.24033913130569,0.0727619455706321,1.27718141538461,22.4192470503908,5.33566611239279e-05,0.00319339616826709
"AAD021_006281",18.28456697652,1.99439536562668,0.951720346213629,22.1659724275548,6.0244247339761e-05,0.00327783473025881
"AAD021_004184",29.3681126494458,3.17815830404007,1.03251868588741,22.2484351401914,5.79096632553455e-05,0.00327783473025881
"AAD021_007760",21.246878388976,1.10226188649696,0.583971146959933,21.3858763319512,8.7531259226931e-05,0.00388055249239394
"AAD021_009390",8.04933138464497,2.28039725381143,0.964059010102104,21.5203419030596,8.20754795539057e-05,0.00388055249239394
"AAD021_009418",11.582696417918,-2.54050112736149,0.759029000404488,21.4101175978015,8.65216848436006e-05,0.00388055249239394
"AAD021_006091",17.7817967701175,2.04061376174597,1.00511555954498,21.4233228626277,8.59766143561279e-05,0.00388055249239394
"AAD021_000373",16.1608511172625,1.73221995022553,1.1393470188902,21.5480051280815,8.0995802809084e-05,0.00388055249239394
"AAD021_011213",9.41889956126311,1.93567225798464,1.09884658516186,21.1278512229614,9.90319640737714e-05,0.00423361646415373
"AAD021_007111",11.2932165803019,-0.741657801429328,1.15696417199886,20.9046585304465,0.00011018644386383,0.00454804045879326
"AAD021_007067",13.329475094198,3.08740803559603,1.78060832878001,20.770844418625,0.000117465083368933,0.00468685682642043
"AAD021_011253",13.1884981240773,0.496541119908571,0.820527155614852,20.4378996903924,0.000137720019832617,0.00531776979805298
"AAD021_000583",9.02362028106384,0.196832455936426,0.661840484023338,20.2291490994193,0.00015215621164307,0.0056915932917736
"AAD021_000245",47.6769230699861,3.82752908976619,1.64121184829278,19.8266289743028,0.000184379670092761,0.00668795348791016
"AAD021_012306",11.4703040924477,1.54451714587367,0.69394329649739,18.9631822933592,0.000278233241269426,0.00979544675880891
"AAD021_007232",18.4149963030079,2.48396353438757,0.740765173679075,18.8546881030185,0.000292979248636355,0.0100198903033633
"AAD021_006401",17.2195228556442,-3.73358840399432,0.853141746123628,18.5632531528835,0.000336552232161868,0.0110432534975582
"AAD021_002601",7.28780695878195,1.47321951353093,0.800366451111552,18.5079680135697,0.000345517794194923,0.0110432534975582
"AAD021_003318",7.17146103958047,-2.11582912283945,1.0333276102033,18.4773825850682,0.000350579476112959,0.0110432534975582
"AAD021_005834",11.9059114410393,1.35303483929497,1.15131321141952,18.1573329445998,0.000408177350406844,0.0122147072109248
"AAD021_003307",18.7693917018736,1.550908924234,0.860843758432401,18.1667231899854,0.000406360432742067,0.0122147072109248
"AAD021_012157",6.50683696338808,-3.20746200874176,1.46210455928696,17.6979128276856,0.000507670364377213,0.0145521156580002
"AAD021_009879",169.109195797368,1.77462510012076,1.0970226519582,17.6857835814313,0.000510600549403515,0.0145521156580002
"AAD021_001542",12.6425979209346,2.15448243666442,0.719492345885907,17.6213158450793,0.000526459173587711,0.0146551542042905
"AAD021_011010",8.06421707592764,2.76995614575614,0.8038869119284,17.5235942306583,0.000551436441642658,0.0150015777419605
"AAD021_009582",51.9924349056991,1.5712581907974,0.670613251990657,17.3199135142465,0.000607345944633541,0.0158041977331815
"AAD021_004921",8.60904997186831,0.95796992180863,0.844108055834141,17.3551098438622,0.000597297173887189,0.0158041977331815
"AAD021_002428",16.2480209116442,2.61433741170224,1.15401001210898,17.227138217044,0.000634646327205213,0.0160077934680185
"AAD021_000660",8.09077070840688,2.20734852130547,0.865294978413377,17.2031004122541,0.000641916530045853,0.0160077934680185
"AAD021_008852",15.9473275676556,1.81758662865101,1.13437792914798,17.1346780488434,0.000663067045203378,0.0161977806756825
"AAD021_009535",6.57603887947984,1.27217849017194,0.738985758064368,16.8736067991312,0.000750326971299765,0.0179628276929164
"AAD021_003603",11.4421733386483,-0.91948238726411,1.12798954919633,16.7320453129704,0.000802319216146808,0.0188309039554457
"AAD021_010422",40.9390865130958,-0.803445357090122,0.643029455686288,16.3061854091299,0.000981300547831642,0.0217521621436014
"AAD021_007891",127.505738639128,1.5815028200421,1.20874807114318,16.3078391027947,0.000980534017016496,0.0217521621436014
"AAD021_009019",6.94521346674296,-2.92884971173001,1.34931348542144,16.374134381095,0.000950289337146652,0.0217521621436014
"AAD021_008434",12.1934171019196,2.35959007396564,0.904917660752857,16.1395585655924,0.00106166734250879,0.0231057419815094
"AAD021_010221",23.9901068611738,-0.922726416858945,0.80865497897631,16.0525747388647,0.00110618392700217,0.0235206439258479
"AAD021_007296",21.8524302289073,1.81656105032258,0.878102654355547,16.0262264671256,0.00112003066313561,0.0235206439258479
"AAD021_011968",31.7693089540722,2.01122426553405,0.756814353008269,15.8926859096204,0.00119290098080216,0.0237176684074991
"AAD021_005020",24.2263686500137,1.65280873142155,0.459581221771118,15.86485615051,0.00120866981859436,0.0237176684074991
"AAD021_006457",6.20900872924596,-2.36124470449159,0.847172839965188,15.9510191801038,0.00116050805031979,0.0237176684074991
"AAD021_003330",23.62638040243,3.41077165956485,1.66711987826145,15.9049538994977,0.00118601474903373,0.0237176684074991
"AAD021_007641",16.3838912665743,1.54975367192833,0.935670838070328,15.777828422857,0.00125932902031074,0.0242416441106868
"AAD021_007481",19.1528882516914,2.62170856254599,1.56701685762709,15.7501539149689,0.00127587600582562,0.0242416441106868
"AAD021_004155",15.7667991700599,0.578507378163638,0.786144171657007,15.6784346243131,0.00131976928844381,0.0246838099729257
"AAD021_010541",9.82562703102966,-3.56892680414621,1.23650608915047,15.6429062755735,0.00134206512861556,0.0247146455223512
"AAD021_012309",8.38689238350966,1.59295600179075,1.82343152312373,15.5478431929026,0.00140357753855421,0.0250758554276029
"AAD021_005270",11.281223451098,0.96290181319039,0.777132903062732,15.5524642058789,0.00140052373069486,0.0250758554276029
"AAD021_002063",14.6326486267171,2.73671765628457,1.88959955713067,15.5036789050721,0.00143309909300267,0.0252267590341794
"AAD021_009021",78.582651059214,-1.15663287393579,0.520605655803418,15.4265019009967,0.00148617480746884,0.0257819020947855
"AAD021_007257",36.0855621996436,-0.168457178101285,0.493552154155859,14.8470565638126,0.00195212573678569,0.0333813500990352
"AAD021_005139",11.621399943271,1.86952128982959,0.660121181167033,14.507679642131,0.00228957929040176,0.0386003719804352
"AAD021_010912",79.9756041973766,1.37571769364152,0.722837267602597,14.1217844089483,0.00274398379264408,0.0442848760841841
"AAD021_008339",19.8981435314019,0.764627661071624,0.818006420992646,14.0697454093643,0.00281173816407518,0.0442848760841841
"AAD021_004452",6.89633349896606,-2.99560098620565,1.13991102608101,14.1316968538691,0.00273126255205247,0.0442848760841841
"AAD021_003293",9.75168589705949,1.12800372000363,1.01454924208952,14.1539145325817,0.00270296119855635,0.0442848760841841
"AAD021_003370",18.1979842604232,1.07919445263306,0.609089013734152,14.0859011407816,0.00279052795403845,0.0442848760841841
"AAD021_000684",9.09265027708764,0.177831520047531,0.740469384824293,13.9281317161647,0.00300462797182499,0.0467083075620066
"AAD021_007940",21.7525254753647,3.69490247644625,1.63832636333541,13.8527904930698,0.00311253447211637,0.0475641120171509
"AAD021_012694",11.8030269290761,1.3608770628791,0.786629011842938,13.8346039690084,0.00313915192093143,0.0475641120171509
"AAD021_009622",13.0269665944603,1.52075159677291,0.674671890023256,13.7792644744661,0.00322154068428994,0.0482023024886882
"AAD021_010671",12.9027297120309,-1.02007403552679,0.778735939744962,13.6553499762318,0.00341387207361647,0.0498342057575477
"AAD021_002621",24.5841970893927,0.801680542727509,0.459129069466097,13.666777283839,0.00339566942999351,0.0498342057575477
"AAD021_011709",19.130611567871,0.499443798034411,0.645070671323544,13.4184149610101,0.00381383247499232,0.0550018972598291
"AAD021_003007",11.7900637726295,-0.301278595894918,1.09693664975866,13.2053640787329,0.00421290009576842,0.0600338263647
"AAD021_001318",7.83224925026875,1.28042013620248,0.671402304538366,13.1674580482351,0.00428811334919918,0.0603867256351932
"AAD021_012383",43.5355019532909,-1.26614419624415,1.2717678175044,12.9913638070413,0.00465531896956789,0.0633229182565086
"AAD021_001025",5.36939518854199,-2.45142539832697,0.866231079421332,13.0175844984349,0.00459873185699671,0.0633229182565086
"AAD021_001474",10.9204979234218,-2.29108514969533,0.77668899171947,12.9951579538123,0.00464708834910736,0.0633229182565086
"AAD021_011059",23.6098733170459,1.4883084483256,0.579674731718342,12.8364016001307,0.00500409082517759,0.0673022103116582
"AAD021_001920",8.42699321265445,1.51795764653638,0.777153994181157,12.7808860106175,0.00513522823874327,0.0682985355752855
"AAD021_010249",18.6812552085413,1.35427716520418,0.585560928788394,12.4996574797628,0.00585359529984224,0.0769807810104748
"AAD021_010720",35.3302910332596,-2.49158420101347,1.15110101923551,12.4766254437281,0.00591665150623532,0.0769807810104748
"AAD021_001029",11.3212891410889,1.25132476854652,0.799852581256398,12.2521870813246,0.00656736017856817,0.0845282810080226
"AAD021_012492",10.7666468755922,1.14408448498312,0.642857076951782,12.0225097207968,0.00730644813428403,0.0930406214546594
"AAD021_002429",13.4561233514027,-0.471304837347853,1.21748673437491,11.9421537619136,0.00758396710572797,0.0955310274861858
"AAD021_001646",22.8352154278685,-1.35601378088994,0.936038699667713,11.9201844816542,0.00766163628961892,0.0955310274861858
"AAD021_011287",7.6891303420081,-2.92643061062865,0.915563751935717,11.849078070282,0.00791844849103029,0.0970492079672801
"AAD021_009683",8.10279767405946,1.02857234113986,0.682567580122613,11.7766477300065,0.00818878028796599,0.0970492079672801
"AAD021_005292",13.9907968615125,0.774333398822037,0.58183988516656,11.798836953416,0.00810500930861233,0.0970492079672801
"AAD021_003730",8.88839242640969,1.61598088063259,0.718110739647016,11.8140498232301,0.00804806569628715,0.0970492079672801
"AAD021_004358",5.82957859416479,1.74137918676941,1.0958623830373,11.7920748510129,0.00813044822688927,0.0970492079672801
"AAD021_008946",30.7538220664891,1.08498046863553,0.559445622843598,11.6904694281485,0.00852231468224482,0.100011869359285
"AAD021_009960",61.3050743374882,-0.344740307668824,0.644827446038058,11.6211886585634,0.00880014591370995,0.101286294795296
"AAD021_000084",11.1385283994615,1.34078134418364,0.968902774630057,11.6329232365118,0.00875246662005961,0.101286294795296
"AAD021_002338",14.4471534167739,1.08779381627197,0.556193334113747,11.5978784166197,0.00889562056311623,0.101410074419525
"AAD021_004713",9.70011192501932,-1.86009997233863,0.727758451326962,11.4909093343009,0.00934702209877388,0.105550806153135
"AAD021_000299",25.1589352161467,2.48996995991622,2.05047509744272,11.4220980591506,0.00964927123652757,0.107945585702089
"AAD021_012479",15.6803031511245,1.51333146340592,0.614804593967592,11.3695761811263,0.00988644084318896,0.109574719345344
"AAD021_010481",6.6746091285235,-1.91466942888122,0.719416211400391,11.2937043801038,0.0102392368567269,0.112443729518368
"AAD021_000976",6.7942364193344,0.445943780698138,0.709273977142152,11.2370159142823,0.0105109103566577,0.113913542976778
"AAD021_001321",7.00298419604527,-0.474468831105766,0.980248999450643,11.2262276723759,0.0105634112534857,0.113913542976778
"AAD021_011911",8.21192032099515,-0.56591312991276,1.02566970944673,11.1827670346171,0.010777544260143,0.114165667959214
"AAD021_008606",33.1613431634415,0.224922584877791,1.05224706955789,11.1969776728982,0.0107070608266651,0.114165667959214
"AAD021_005647",15.2020668955094,1.01274605830141,0.624863226070048,11.0864865867828,0.0112672853847206,0.117910196156111
"AAD021_006988",14.6612597700708,-0.216017680271595,0.605150698188482,11.063823078505,0.011385718915821,0.117910196156111
"AAD021_006011",8.19719650816429,-1.49949129173545,0.831178761074214,11.0560630794949,0.0114265520084452,0.117910196156111
"AAD021_002105",10.3004120329855,1.67104940814901,0.663019443611751,11.0041954435561,0.0117032108459554,0.119487211929472
"AAD021_000654",9.7426094304379,-1.60833238547119,0.772034053782948,10.990193130529,0.011779023398227,0.119487211929472
"AAD021_008317",39.027887322915,-1.22563000285545,0.564529856169296,10.929657072694,0.0121123914008284,0.121836407620097
"AAD021_008697",16.2174090919284,0.590148239671152,0.882646551627439,10.8512007101242,0.0125583110788965,0.125269153011993
"AAD021_008238",10.0621456896658,0.434117105391088,0.605952892138045,10.789921675888,0.012917816600264,0.127790301409223
"AAD021_008526",18.983752305805,-0.891628619228692,0.606901191242818,10.5276537731398,0.0145744742942728,0.142997096149545
"AAD021_003965",10.6438022181072,1.37020910080227,0.696544411383926,10.5093246269717,0.0146977760587279,0.143034454815425
"AAD021_011136",6.9054860750434,0.674420493086217,0.838647254662417,10.4253997414621,0.0152755874705533,0.147458695179454
"AAD021_006960",9.92315480205339,-2.92771610518257,1.12582141664291,10.4054750896263,0.0154160166959666,0.147623775880576
"AAD021_003337",20.2263712207206,-1.24930138290456,1.18937801049679,10.3753751816584,0.015630573856752,0.148490451639144
"AAD021_001404",55.4900814319763,0.812298101359287,0.471247905241114,10.3347024531163,0.0159251700285315,0.150097862394899
"AAD021_002882",9.55513977182445,-0.417929459833779,0.708591628629197,10.283349554439,0.0163049366543408,0.152476634181608
"AAD021_002044",9.31817136038677,-3.7938155479521,1.27406195018561,10.261867374484,0.0164664326877744,0.152793177730744
"AAD021_009666",8.33320073100998,-2.78068954193638,1.09073555587077,10.1850305169682,0.0170570495923336,0.156330907234606
"AAD021_009098",36.3725478857059,1.12255851709195,0.632134421308132,10.1784109014286,0.017108896280479,0.156330907234606
"AAD021_011046",9.96170299383495,0.666657946026387,0.880402243416668,10.129415924512,0.0174974872321358,0.157477385089222
"AAD021_002723",18.5168615273821,-0.818846923389761,0.671756002345457,10.1445278614865,0.0173767142856945,0.157477385089222
"AAD021_002222",19.6655216547963,-0.462509735054326,1.00374000287092,10.0911385488964,0.017807100951836,0.159067909248863
"AAD021_007182",8.05507858504691,-1.25770610161303,0.801891230724609,10.0732566020363,0.01795358226574,0.159188429422895
"AAD021_012319",1151.30859709438,-2.25223599648338,0.799901245532414,9.99249312774475,0.0186300545277234,0.159659934679872
"AAD021_011210",11.7168544802257,-1.68371106890118,1.03166023799084,10.0402676060227,0.0182269290722091,0.159659934679872
"AAD021_008449",12.166786482003,-0.304964737755942,0.77344367384192,9.97183636752256,0.0188070599748221,0.159659934679872
"AAD021_006804",36.5852394894287,-1.08801947150685,0.654781883095942,10.0156594913167,0.0184334919762083,0.159659934679872
"AAD021_006163",16.3164048574704,0.361642225502947,0.695660534701037,9.97786671548398,0.0187552164767508,0.159659934679872
"AAD021_004240",16.7045239104843,1.19919337265122,0.793994758621196,10.013919029029,0.0184481884026407,0.159659934679872
"AAD021_003271",15.2567680476203,-1.71085734386667,0.622426214085375,9.92133904699978,0.0192467539152555,0.162242003074372
"AAD021_003530",36.6165546723434,0.784482831303135,0.627002319418005,9.89338737927685,0.0194944636255502,0.163180929788697
"AAD021_000399",6.03081646876264,-1.46378732458004,0.775242303781216,9.85748054577934,0.0198172733593652,0.164731084799723
"AAD021_001133",11.7845238814466,1.26499685757155,0.765705601769151,9.7358741821282,0.0209500306192465,0.172946114836125
"AAD021_007418",7.22257080911689,-1.62234231424907,0.759616089381963,9.6939627328123,0.0213549800680061,0.175081583160297
"AAD021_000031",7.17576723517992,-1.47179135078499,0.854130463165777,9.66275526698894,0.0216614895595517,0.176386414984921
"AAD021_004690",17.3832417385775,0.492981786776673,0.739753062626458,9.55813467198401,0.0227208800365946,0.183762793268944
"AAD021_002754",11.8250040002355,0.625279831936808,0.574507484324056,9.50489288083956,0.0232793653236647,0.185960027084914
"AAD021_000545",11.6024828915024,0.780335261126806,0.692808509963259,9.48806983610372,0.0234586166163927,0.185960027084914
"AAD021_000829",34.0980808768429,-0.901905016881304,0.502734117719317,9.50081393798729,0.0233227030737739,0.185960027084914
"AAD021_008052",6.0541483853496,-0.120242454186484,1.37908908609164,9.42420964081215,0.0241514629691957,0.188451225885369
"AAD021_006595",20.9926698733354,1.36768346018567,0.8445925132781,9.41570934321712,0.0242451869560124,0.188451225885369
"AAD021_004154",62.4478961840883,0.476732975526528,0.691377213542949,9.43989339804375,0.0239794662513177,0.188451225885369
"AAD021_008174",6.9607787177557,-1.32105038958015,0.701794124442217,9.26224698394368,0.0259999188660528,0.200786470210744
"AAD021_004271",12.5756738139761,1.63646388024933,1.00349139139358,9.1867908836638,0.0269077756009004,0.206465432014601
"AAD021_000056",45.122526785088,0.280912671947188,0.419097003972771,9.03096915142221,0.0288819559156673,0.220201918669133
"AAD021_006556",10.2108899187724,-0.355209904813903,0.890366365593452,8.97163741497278,0.0296703690295622,0.224781213470797
"AAD021_004502",14.38498638104,1.29236865028111,0.736864813397747,8.95182223619112,0.029938341658124,0.225384873992292
"AAD021_000239",150.307939484435,1.0041142604522,0.537427357240464,8.93307216951249,0.0301940910160511,0.225889543413833
"AAD021_012248",5.84627277159075,-0.954641587498496,1.47341029427838,8.90748684428756,0.0305465255165602,0.22677259857532
"AAD021_004387",24.4680295768742,-1.81681196841323,0.782480593266174,8.87001801181071,0.0310699299635359,0.22677259857532
"AAD021_002471",6.04287983466747,1.31046314495576,0.75653621609446,8.88916731618676,0.0308013449313928,0.22677259857532
"AAD021_001731",29.7497127318089,-2.86596404250459,1.10706604360371,8.87982989595045,0.0309320250059641,0.22677259857532
"AAD021_008838",6.07569864569609,1.23659972775637,0.953751109704981,8.83628903941418,0.0315485911687726,0.227491949572414
"AAD021_000998",9.6930776048879,1.35415072051085,0.772785102323394,8.83760194706986,0.031529824939915,0.227491949572414
"AAD021_002313",21.5326543839552,-1.21339038374699,0.700481605863856,8.64729460673061,0.0343671417127862,0.246332147486258
"AAD021_007132",12.316864791337,1.27454020561618,0.543706862020519,8.6329993903442,0.0345900765714109,0.246454295571303
"AAD021_008915",35.7147630713574,0.766813598107218,0.770136954209936,8.55065730676804,0.0359019925162293,0.252407664545964
"AAD021_005190",20.7947101691173,0.966906845554316,0.449807065903016,8.54104722536736,0.0360582377922805,0.252407664545964
"AAD021_001907",13.0492520394293,-0.766562953175061,0.729173711199712,8.54716971239192,0.0359586188645167,0.252407664545964
"AAD021_008071",26.7052989410215,0.705232166131549,0.527908157808241,8.4572913363197,0.0374484027166072,0.260614756114993
"AAD021_012373",13.1647384164273,0.850114128615671,0.54425374383977,8.41039994985063,0.0382494111717597,0.26218338263294
"AAD021_008451",9.32469599734126,-0.272534990054094,0.685640609615921,8.40568318434369,0.0383309038937046,0.26218338263294
"AAD021_001523",18.3501481137563,1.67853762591592,1.08239063005009,8.42585697625435,0.0379835400131409,0.26218338263294
"AAD021_000350",13.194348945525,0.66713635868789,0.628445002211658,8.31843831228825,0.0398691786762266,0.2711557208832
"AAD021_010922",12.0751658040888,0.557971410817415,0.816919601256026,8.23676686344233,0.0413636806466235,0.279730653864454
"AAD021_001151",24.4255338783858,1.28969957289386,0.631626233074907,8.20801188718474,0.0419027637343946,0.281784315674552
"AAD021_007399",9.23807636840376,1.65071928127789,0.722082652327878,8.16040831162493,0.0428103062422674,0.286278975262537
"AAD021_005318",18.0143771615815,-2.57391753591933,1.04906555826333,8.14530841618571,0.043102162505655,0.28654283881804
"AAD021_003372",136.166533623842,2.62489293816088,3.41473826295311,8.12141670445028,0.0435679170132693,0.28654283881804
"AAD021_000898",13.411416636845,0.528859662971564,0.605475379752994,8.12233149388425,0.043549993762429,0.28654283881804
"AAD021_008068",27.8439110903173,1.25617801456743,0.552432696336393,8.09269947818483,0.0441342366949387,0.288681318709517
"AAD021_007937",108.049339814202,0.225172334981136,0.408025511449084,8.05035398441754,0.0449824231431185,0.292630220121266
"AAD021_011174",9.177485297456,-0.565124475452824,0.691323325159692,8.00477912795266,0.0459130387105467,0.295472620088841
"AAD021_003088",5.40173371263007,-0.430824976824887,1.00683859498384,8.0126972907087,0.0457500185405484,0.295472620088841
"AAD021_001015",20.3791958174309,-1.29727540958572,0.515151247524434,7.97931469762081,0.0464411485508589,0.297273020403091
"AAD021_006436",9.53393525762453,-1.50255136251314,0.794403179295688,7.94042052714143,0.0472592162162401,0.300900435164039
"AAD021_004150",9.27124174384848,-1.75481706258023,0.880036712742867,7.92433461812632,0.0476016403103426,0.301477055298837
"AAD021_012201",144.058808832458,0.113583471015607,0.359150505054259,7.81110378015512,0.0500812767826637,0.311175708566649
"AAD021_007176",29.9782983038879,1.10392323970445,0.478842838295387,7.80702700604931,0.0501728586076552,0.311175708566649
"AAD021_004603",33.0448213886514,-1.05456211776477,0.527397450720877,7.8122635050386,0.050055254114772,0.311175708566649
"AAD021_000404",29.8917198514324,0.953286352503818,0.606261642021085,7.83033257113817,0.0496515037053948,0.311175708566649
"AAD021_010736",72.0492728780757,0.219937699741399,0.736240858551346,7.78535812063211,0.0506623755831465,0.312592080273332
"AAD021_006512",12.969490243655,-1.16951887439882,0.599743419669381,7.76978896858336,0.051016959676313,0.313165644782291
"AAD021_004576",9.46651707488738,1.53430480429146,0.790301399061037,7.7124200188594,0.0523444756052896,0.316446147977433
"AAD021_003287",31.9107249471456,0.643167935504029,0.538301492315327,7.71439726696143,0.0522981683531452,0.316446147977433
"AAD021_000900",8.56188634116147,-0.82261078108162,0.645948482856334,7.73359506850197,0.0518506206433083,0.316446147977433
"AAD021_003354",10.2264925193073,-2.03641050427382,1.0256273771299,7.68495185401405,0.0529919193978976,0.318750389544138
"AAD021_000882",8.38268927500667,-0.378054045017098,0.708668022636121,7.6454782716859,0.0539359880282898,0.322806888349314
"AAD021_009160",7.69127319940563,-0.45899433845163,0.759690812718123,7.6182374532318,0.0545970023906729,0.325137372445948
"AAD021_003082",14.8874033564995,-0.780391604886694,0.575388454827246,7.57567747487781,0.055645527545033,0.329741071640616
"AAD021_010228",7.37272523715144,-0.227029582354034,0.934617341852147,7.52205269245982,0.0569945231957249,0.331177176866617
"AAD021_005368",11.5627004838631,1.3743976062193,0.58702644086493,7.52205091429029,0.056994568449894,0.331177176866617
"AAD021_003913",16.0788396869685,-1.28151655577926,0.673708794905133,7.54111054338955,0.0565115021050168,0.331177176866617
"AAD021_004461",10.7147437315012,0.406867346841065,0.898520911511054,7.52304936293581,0.0569691635587005,0.331177176866617
"AAD021_006456",13.7932545088766,0.504138375843627,0.462398544864944,7.47064956793176,0.0583174052679209,0.337226734810151
"AAD021_008974",26.6304710166476,0.496752303415131,0.482273884951152,7.35292364972403,0.0614603679925764,0.347019153241103
"AAD021_006803",7.39183262933047,1.30746378129501,1.04232592584139,7.37364465016822,0.0608955076208992,0.347019153241103
"AAD021_007361",38.5588184271492,0.0214629959270268,0.528885157084871,7.38056161289168,0.0607080724912059,0.347019153241103
"AAD021_003912",14.9284595232437,-1.30523151985857,0.653407015022316,7.35532829030947,0.0613945571235628,0.347019153241103
"AAD021_003972",8.10647229702594,0.667424568086234,0.935893188018561,7.38230777004938,0.0606608438318866,0.347019153241103
"AAD021_003941",8.60087707554045,-0.91849284488352,0.601556154188172,7.27100188430558,0.0637437327915903,0.358221822307669
"AAD021_001526",10.7067722751022,0.186785245407026,0.912333292757732,7.26020367835933,0.0640507708929915,0.358265293265939
"AAD021_006437",11.8260522966567,-1.58586474402505,0.656178898494748,7.24426260973523,0.0645066626802281,0.359137094084805
"AAD021_000942",22.8122824256128,-0.7347351171593,0.632591541488258,7.22911308132032,0.0649428299089849,0.359891515745625
"AAD021_010523",37.9465768713331,2.29787945799946,2.55185453412671,7.13860379914463,0.0676087863735964,0.366781619843896
"AAD021_009517",13.1737235945096,1.30460149011385,0.606694742754897,7.13496199054528,0.0677182439310785,0.366781619843896
"AAD021_008196",9.81504387947446,-0.6132287844912,0.625894644781974,7.14948628501385,0.067282723782876,0.366781619843896
"AAD021_008225",84.067430850564,0.546026970452585,0.527273317011437,7.17326699117774,0.0665754921364281,0.366781619843896
"AAD021_000888",10.475899433449,-1.44832251526275,0.688973502427929,7.13810724163291,0.0676237007295325,0.366781619843896
"AAD021_003081",7.51407519367153,-0.775387747647009,0.654719261185639,7.06507192583805,0.0698523772320221,0.371077564436486
"AAD021_000456",9.64512913094854,0.476805070198125,0.682138169305113,7.06785407762439,0.0697661927628594,0.371077564436486
"AAD021_001030",61.1650935215617,0.989291604510052,0.579552063989889,7.05833724713744,0.0700614282060533,0.371077564436486
"AAD021_001219",19.001140002052,0.868080389273361,1.08323829459754,7.07731222077503,0.0694739704696383,0.371077564436486
"AAD021_001478",71.9456778204524,-0.389110405944639,0.455245991697926,7.07406910433278,0.0695740373486697,0.371077564436486
"AAD021_003353",8.98426341295264,0.282914608091207,0.636515260419616,7.03195592498764,0.0708861731996487,0.373791847224579
"AAD021_009406",7.04985041912297,-3.05556795537738,1.21859848293884,7.00700919875952,0.0716747007313041,0.376292178839347
"AAD021_012574",9.79755664821935,-0.985372055427803,0.806058006099091,6.97635956026984,0.0726551029926075,0.379035508183889
"AAD021_001134",8.63976220881491,0.927797030937375,0.728944177475416,6.97091692330008,0.0728305487738468,0.379035508183889
"AAD021_009451",9.17855870868828,-1.15244289046713,0.702850802188411,6.9600397968676,0.0731824053552871,0.379217918659215
"AAD021_002246",7.0933047785868,-1.26053238958963,0.881703048402428,6.94526312556025,0.0736630382703908,0.380063175903697
"AAD021_003306",47.8244739596161,-1.11087345502601,1.62638139004525,6.93072209246355,0.0741389834726823,0.380877095351076
"AAD021_007638",9.50176208398891,0.660160564681157,0.691842121419533,6.90096323860153,0.075122304732943,0.383013440554324
"AAD021_009285",30.9850221393237,0.442759292892817,0.663530496633062,6.89732446208487,0.075243401636524,0.383013440554324
"AAD021_003594",39.8275286336556,0.529991664611887,0.45137964247419,6.87963645814018,0.0758347413628861,0.383013440554324
"AAD021_001602",47.2519566604019,0.348118065504556,0.50991987901778,6.88170216243543,0.0757654506199364,0.383013440554324
"AAD021_006086",9.26754056791767,-1.69382882104686,2.52551386308909,6.86229954127738,0.0764186973112959,0.384341095300929
"AAD021_003712",10.20097366056,1.20849620453808,0.80534047781342,6.83759706224797,0.0772582515783993,0.386937770457506
"AAD021_003411",35.5255120841596,-0.295618194990265,0.519804634840709,6.82373109443442,0.0777334034623209,0.387120316732969
"AAD021_000082",9.97985027004738,-2.13763870295382,1.01956253656405,6.81768361957755,0.077941517404048,0.387120316732969
"AAD021_000986",40.2016535903667,0.735086773802718,0.482108499571911,6.796358710937,0.0786796788168596,0.38917179976769
"AAD021_010243",7.6706872811639,1.88461583865552,0.769631507735091,6.77820049232258,0.0793135385406659,0.390692615774391
"AAD021_009529",64.0668193221491,-0.483242757617978,0.6136915070799,6.73365575314727,0.0808894215272484,0.39359608767527
"AAD021_008207",27.1382655391014,1.04145698561136,0.537133441606227,6.73444386447177,0.080861279494668,0.39359608767527
"AAD021_009355",24.8500872291132,1.36849219453096,0.570539301872041,6.74755707077391,0.0803944137437804,0.39359608767527
"AAD021_012487",21.1291909526621,1.14285027056718,0.552754048552846,6.69779072592333,0.0821801378740071,0.39801629457817
"AAD021_008464",43.9569275482089,0.775390464579373,0.483914395555573,6.68088602339321,0.0827953695488423,0.39801629457817
"AAD021_000643",15.0622752780264,-1.2449284642992,0.722461522984896,6.68684825741678,0.0825778742924871,0.39801629457817
"AAD021_010307",12.0099898807697,2.79262579853045,1.84256168463719,6.66108420266102,0.0835216851394166,0.399901828447527
"AAD021_007193",40.0724833311516,0.400785855314299,0.51360220263217,6.64277498679033,0.0841987129374736,0.399943886453
"AAD021_006168",14.9034828047682,-1.11270277527199,0.586104180404668,6.64511915713875,0.0841117373126864,0.399943886453
"AAD021_002676",19.3424187721496,-0.165835844634218,1.1611490864997,6.62029963883907,0.0850370238352271,0.402329318303426
"AAD021_010226",13.4200702142506,-1.391585443409,0.650710585071523,6.58600489918894,0.0863316981214336,0.406846624611638
"AAD021_002317",39.686702106882,0.3600053388982,0.595410571222918,6.56165351376589,0.0872624970578966,0.408020347571493
"AAD021_000474",14.2470191523617,-1.24972154236714,0.58709018796184,6.56227765732049,0.0872385198389471,0.408020347571493
"AAD021_009629",20.9071729534788,0.942408742552624,0.633582379292813,6.53026953985582,0.0884763616115068,0.410489166081293
"AAD021_008903",14.0923256742037,-0.360259983306659,0.520911611184691,6.53527494128143,0.0882816802631235,0.410489166081293
"AAD021_009034",40.7985919446108,0.893764570839881,0.532475759806061,6.49299652537246,0.0899391132791665,0.415664550560472
"AAD021_006215",7.92894157863469,-0.793650833394111,0.721226491889624,6.44997478518894,0.0916563903292365,0.417200645958507
"AAD021_006263",53.6580503548228,0.0791941160685199,0.447623120107118,6.47579761641518,0.0906218884573887,0.417200645958507
"AAD021_003575",46.7525507554568,0.20338012323064,0.612276480787482,6.46195654588706,0.0911749786589993,0.417200645958507
"AAD021_001309",29.6114217305864,1.49097990356595,0.695144095769255,6.44974518958352,0.0916656390034146,0.417200645958507
"AAD021_007963",36.582937120054,-0.432900676432616,0.656287895484745,6.40739349981692,0.0933871003360519,0.420241951512233
"AAD021_003391",29.7848424262248,-1.89895422319775,0.890240442811157,6.40895152529833,0.0933232247723081,0.420241951512233
"AAD021_000327",16.0615503591435,0.917851445235547,0.680163577383288,6.41820387640072,0.092944763098658,0.420241951512233
"AAD021_002011",28.8991803165305,-0.539309705571606,0.524796336467677,6.39746883783032,0.0937949764578516,0.420496579850368
"AAD021_001617",9.21314829397982,0.572338073233026,0.903075843795767,6.38878405834086,0.0941533005142103,0.420527987744439
"AAD021_002662",8.80990796856589,-0.630923829036987,0.80100745154841,6.371616310516,0.0948654949227519,0.4205703608242
"AAD021_000339",15.7840088495323,1.08278600424092,0.570988077529698,6.37664779759946,0.0946562322138181,0.4205703608242
"AAD021_010461",742.762998635349,-0.895097590546182,0.854994560454906,6.30271366546296,0.0977762773114223,0.431289435479223
"AAD021_005088",49.0995692680547,0.50639415414743,0.478171876318474,6.29740767451835,0.098003948580074,0.431289435479223
"AAD021_009596",8.6122860168487,0.0644395378264036,0.746656795918883,6.28895551713737,0.0983676675603795,0.431304388533972
"AAD021_010760",13.0410645920647,-0.384963972514047,0.923268169825848,6.2554476362407,0.0998223865097806,0.431362442787752
"AAD021_008495",8.65096809025993,1.60358906366817,0.680723639827349,6.26188535308341,0.0995413059544274,0.431362442787752
"AAD021_004022",13.5639332694121,-0.378838359435628,0.488144332174231,6.26711208505419,0.0993136573846045,0.431362442787752
"AAD021_001565",11.9756368435942,-1.73263558817779,0.756186338830607,6.26966718449059,0.0992025527005162,0.431362442787752
"AAD021_007884",7.99812034715713,1.045522071342,0.769411139527601,6.1703947453007,0.103608117201961,0.444850896143885
"AAD021_009185",22.4554898245645,-0.501952122284532,0.806860484585638,6.16865325080718,0.103687050980906,0.444850896143885
"AAD021_011098",78.5930887865741,-0.104317183593815,0.436345250359866,6.15249701897454,0.104422088731927,0.446368207244156
"AAD021_002451",48.0190672778572,-0.409573771103495,0.477668621030904,6.14452708760322,0.10478652150009,0.446368207244156
"AAD021_009076",10.0401097706545,1.22878726789489,0.620781368028356,6.09477338953918,0.107089239774098,0.448566679586756
"AAD021_007536",12.5191914299779,-1.62392607835033,0.677237567836398,6.10087829361274,0.106804104813474,0.448566679586756
"AAD021_000346",17.0309165315531,-0.538774856528235,0.55644383744372,6.10052557397299,0.106820559098617,0.448566679586756
"AAD021_000379",18.1404750936907,0.645447289648482,0.536112221366965,6.0929117791546,0.107176332800177,0.448566679586756
"AAD021_000551",8.29589525548442,0.65966308222321,0.653879364526216,6.1072326298858,0.106508091795222,0.448566679586756
"AAD021_008041",19.1939506017394,0.654476290091765,0.537999812106058,6.0687411380525,0.108313296382613,0.448676268927279
"AAD021_007408",51.3273773153923,0.256155862580651,0.374319058030003,6.06845089552485,0.108327018980772,0.448676268927279
"AAD021_001642",8.61111489414342,0.588785638117067,0.674435406417265,6.07256895420078,0.108132473677309,0.448676268927279
"AAD021_002052",18.0924050175854,-0.40842865672122,0.545719370584291,6.03352036083461,0.109990726848789,0.453996207027588
"AAD021_011669",59.3369934879575,0.304458865282309,0.529837425521807,6.00271714254612,0.111478105010364,0.458554267001394
"AAD021_009665",15.3900977616636,-2.50210199740742,1.21771964687268,5.98717282794865,0.112235965347775,0.460090583977008
"AAD021_012257",11.221217004589,0.740396769420869,0.608468334422724,5.94568884374182,0.114282687046644,0.462149920252813
"AAD021_011647",6.8852444700233,-2.54615993090165,1.07776308090514,5.95433151144526,0.113853359596976,0.462149920252813
"AAD021_006821",9.43478346940935,-0.722369895599274,0.677862186194433,5.96785623437462,0.113184604874047,0.462149920252813
"AAD021_002755",10.9330100588273,1.65749568845245,1.66818048527922,5.94653905397485,0.114240384085238,0.462149920252813
"AAD021_002888",13.5200280525126,1.51977579938983,0.956249714922822,5.91993304472891,0.115571303654464,0.465787375334657
"AAD021_011116",24.4655422531807,0.866590920291685,0.583329156991974,5.85304694609626,0.118982854533929,0.470135201227891
"AAD021_010368",100.912159987579,0.0159183059058569,0.449788061552971,5.85258677959337,0.119006654947411,0.470135201227891
"AAD021_008239",12.4459355010994,-0.870586887006099,0.755049777827445,5.88969886060433,0.117101684868079,0.470135201227891
"AAD021_006448",15.2545562508767,-1.24870260257112,0.83548176359468,5.86908775361799,0.118156034905114,0.470135201227891
"AAD021_003976",8.97063435432122,-0.610421765077932,0.586598631941686,5.85724531541496,0.118765918948986,0.470135201227891
"AAD021_001129",31.2660277935626,1.06462376712659,0.670044915568431,5.86443131814778,0.118395483456408,0.470135201227891
"AAD021_004481",5.16326570230024,0.395963857975758,0.881352079078825,5.83016800590951,0.120171698057364,0.472942544356821
"AAD021_000658",9.05823319502442,-0.851572272813406,0.589878249428876,5.82374470829039,0.120507498770953,0.472942544356821
"AAD021_006568",6.32297346983023,0.585198529984289,0.895578322948578,5.80881153016327,0.121291644497249,0.473162494074521
"AAD021_003600",39.2603680572155,0.428212089798379,0.54784052601247,5.80013631332926,0.121749413679994,0.473162494074521
"AAD021_004092",22.8281147515052,-1.06892212077047,0.55004313032321,5.80534354143106,0.121474444300982,0.473162494074521
"AAD021_002822",9.63725643263201,-0.929868286132185,0.659381166467071,5.79190019260169,0.122185536148712,0.473320669158602
"AAD021_009744",9.30912989608031,1.30004448430141,0.738525130739524,5.76946619454492,0.12338103274175,0.476409987715724
"AAD021_002640",48.3442620535494,-0.144120236671622,0.482525850907175,5.74972804294535,0.124442075957818,0.478961945085234
"AAD021_012559",9.04638261323798,1.00506207989032,1.0395722149779,5.74051489713275,0.124940306768306,0.479235539590917
"AAD021_009448",9.31781231702912,-2.14883525202085,1.06218942874487,5.70705236778289,0.126765924110032,0.479235539590917
"AAD021_003777",14.7158310951932,-1.22322521810368,0.617591808702825,5.71350105815564,0.126412139080849,0.479235539590917
"AAD021_002605",11.1517441658289,0.726519771296096,0.622001319374366,5.7284925328473,0.125593311930141,0.479235539590917
"AAD021_003192",14.0312375118994,-1.30438950074067,0.705413153364152,5.70433393935551,0.126915343400435,0.479235539590917
"AAD021_003290",11.5152294302218,0.196960065349191,0.621378783570289,5.70946551052491,0.126633425217722,0.479235539590917
"AAD021_002778",7.47704526369232,0.21721019217103,0.620094596763267,5.6825535560034,0.128118573886257,0.480745871291063
"AAD021_000605",11.795079714318,-1.22788902688028,0.659674882949805,5.68945956286372,0.127735889937854,0.480745871291063
"AAD021_000229",8.68140227750575,-3.54183493703334,1.84601921414923,5.66801308619137,0.128927876146737,0.480837088867111
"AAD021_000333",8.85135487234977,-0.0700518709399738,0.860998773192099,5.66768331546952,0.128946286989426,0.480837088867111
"AAD021_005827",13.4100013800596,0.85638323785857,0.608771044349472,5.64087259538626,0.130451501039618,0.484939275603798
"AAD021_010251",7.16234837985554,-0.774215011569422,0.57053024881221,5.60074016810637,0.13273587221382,0.486133604993022
"AAD021_010525",37.6002727358942,0.341781150738548,0.703353018053153,5.59956355870281,0.132803415900349,0.486133604993022
"AAD021_009148",11.2750861980183,-0.178247979756758,0.534399047034879,5.61134937253649,0.132128319001486,0.486133604993022
"AAD021_002188",8.15964376254171,-1.2774762571989,0.655447667391469,5.61818032202454,0.131738532890693,0.486133604993022
"AAD021_003156",6.50630562084931,-1.14546143653488,0.851126688624842,5.60711283678256,0.132370613526095,0.486133604993022
"AAD021_008203",5.60622778064252,1.28370444483602,0.917303385438527,5.57907528326317,0.133984799132104,0.488477553120479
"AAD021_001390",20.6004271707565,0.42576836779762,0.666149543356314,5.57432873474876,0.134259912261184,0.488477553120479
"AAD021_002383",28.3066420242394,0.0955130827431811,0.654583487645584,5.54602189279979,0.13591176452791,0.492989036787602
"AAD021_011003",12.8133270821082,1.32926659824484,0.769141579860076,5.50630939940955,0.138261732084245,0.499997864969307
"AAD021_010184",15.8754623839739,-0.420001490142017,0.532401788757907,5.47884273045351,0.139909546954996,0.503382278735135
"AAD021_007960",17.3237827817515,-0.627574684263494,0.820174873872165,5.46897568666959,0.140506035213169,0.503382278735135
"AAD021_005160",12.3426206635734,0.810803176141661,0.625628392511287,5.47109475817341,0.140377728997947,0.503382278735135
"AAD021_000634",32.5928197977514,0.744936111563311,0.762744538437052,5.46281390929579,0.140879752194044,0.503382278735135
"AAD021_011678",7.68310070719543,-0.480561035065452,0.709377865138105,5.44100835880363,0.142209855380779,0.503624842872168
"AAD021_004040",30.7078685148088,0.87837199057009,0.465688231512809,5.45054659968821,0.141626580881015,0.503624842872168
"AAD021_003286",9.42667636156325,-1.00191787561412,0.735363693562844,5.44420251019386,0.142014276362694,0.503624842872168
"AAD021_008423",13.9296667972549,-0.375127128263115,0.771774696023842,5.41887413210071,0.14357216727874,0.503976200095755
"AAD021_001171",18.1155471802903,-0.411354289927866,0.769841059041825,5.42387854920271,0.143263079739786,0.503976200095755
"AAD021_001181",8.7022605001813,0.926152320777115,0.813861867276447,5.42261602735402,0.143340997326134,0.503976200095755
"AAD021_006393",30.5718007259252,0.726265808691748,0.474485276972645,5.40817337527804,0.144235197227805,0.504100946435294
"AAD021_000153",12.0159056670895,-0.160706703007555,0.664661270846288,5.40471696191409,0.144449978803096,0.504100946435294
"AAD021_007354",14.2137075467255,0.547740648711913,0.520824750030494,5.39623488360621,0.144978339017638,0.504474045942189
"AAD021_008535",7.06072996302654,0.40950138962336,0.64956341241564,5.37847649965407,0.146090461846857,0.506870385016487
"AAD021_003814",24.6751243849726,0.858699010369676,0.489160734858728,5.36338838057206,0.147041696063019,0.508696272218015
"AAD021_006209",10.0795322728325,0.523636484994577,0.746059694924812,5.35197108970164,0.147765392580147,0.509542850554302
"AAD021_001113",23.4181357277775,0.854121483380062,0.502857850789453,5.34611690377929,0.148137771088469,0.509542850554302
"AAD021_003700",79.7623061748392,0.384134085306317,0.420886944149896,5.32420169253157,0.149539666399019,0.510642791609856
"AAD021_004611",36.7323772005946,0.999526034568579,0.486332087059495,5.31592741886494,0.150072217442707,0.510642791609856
"AAD021_000641",11.9598496300843,-0.630367802937806,0.565049106958755,5.31450477953572,0.150163962110835,0.510642791609856
"AAD021_001163",8.83047510681662,1.53404960723852,0.70851103832692,5.32048974434781,0.149778354549958,0.510642791609856
"AAD021_008756",10.0194680849055,-3.12799199899963,1.18611890784681,5.296285708,0.151343587527919,0.513196244393538
"AAD021_008331",12.3601130268209,-0.906647368992933,0.780025003740348,5.27124977526182,0.152978866210097,0.515561903721069
"AAD021_008477",25.1708853468512,-0.117138288778628,0.625081628361117,5.26585578122648,0.153333364849374,0.515561903721069
"AAD021_002953",10.0552093540525,0.167474597714446,0.867403822750283,5.26881266365861,0.153138939678025,0.515561903721069
"AAD021_011713",48.2773753930038,0.284759425197297,0.428364206732301,5.21726677057882,0.156561815131185,0.516265820143329
"AAD021_009787",12.3046963395361,-0.701955049129101,0.850642489854245,5.22699387070183,0.155910417219074,0.516265820143329
"AAD021_003671",28.405948648337,0.522338993889362,0.579069719251073,5.2219099005838,0.156250557587241,0.516265820143329
"AAD021_003723",8.99686329464725,0.394436567226272,0.72378107209488,5.2415357485287,0.154941352467319,0.516265820143329
"AAD021_004049",10.3424730836764,0.683402847828796,0.707775511717575,5.25438354636728,0.154089911621401,0.516265820143329
"AAD021_002370",9.17048219269498,-1.7360769002612,0.807232820271562,5.2231747787114,0.156165866232935,0.516265820143329
"AAD021_002598",29.3680206945099,0.50849413488453,0.513045366675609,5.22942052685354,0.155748309404455,0.516265820143329
"AAD021_003763",16.6433080647555,-0.713893312061284,0.628754966608444,5.20590130952104,0.157326180918711,0.517361094944222
"AAD021_002814",22.8999909116142,-0.160163932298615,0.536160970196777,5.18283814034628,0.158888083045143,0.521065850424758
"AAD021_009303",9.75526609003616,0.551269956070783,0.704129321251833,5.16429602102382,0.160154391650387,0.523783625151676
"AAD021_004382",10.5157732786927,-0.935107286553586,0.645662335231379,5.15644131993677,0.160693679250482,0.524115351669828
"AAD021_003785",8.98776354598007,1.21078129874824,0.81587848818983,5.12420812358418,0.162924702415567,0.52939485491806
"AAD021_003278",11.5901407992355,0.276512039027633,0.550727275338306,5.12030382081227,0.16319691016271,0.52939485491806
"AAD021_007112",34.8480620303261,0.681736218092642,1.75297716890495,5.10193426782723,0.164483387453002,0.532125985895254
"AAD021_011091",8.61447031184611,-0.923167182021263,1.15068635305576,5.06950955459379,0.16677750007775,0.53809344364708
"AAD021_004585",11.3518385043432,-0.641350057619265,0.909598496293894,5.05620194094801,0.16772771823029,0.539704512692626
"AAD021_005967",8.7452296756698,-0.104300484734798,1.21820951095683,5.04412533290071,0.168594438662567,0.541038989488185
"AAD021_006399",8.28347100055647,-1.39490045227873,0.642639081878505,5.02476836887006,0.169992441009356,0.543274861629364
"AAD021_000199",14.1842656354572,0.306046628326775,0.528781352851866,5.02192249998755,0.170198891487896,0.543274861629364
"AAD021_007208",8.94049821752878,-0.60292342749229,0.697043492247538,5.00850104295432,0.171175713478118,0.544939704875818
"AAD021_008328",18.1221504365751,-1.15117976295125,0.5560338131256,4.97138520577052,0.173904491612778,0.546691899750965
"AAD021_008809",7.76721566001172,-1.48617541602946,0.715108305906835,4.98495667020325,0.172902010816536,0.546691899750965
"AAD021_007409",10.9715998619043,0.389943488125216,0.581067608770494,4.97370761019369,0.173732557275535,0.546691899750965
"AAD021_002392",9.55439714252415,1.47810864072878,0.719048754913692,4.98542535260876,0.172867487767546,0.546691899750965
"AAD021_003080",13.0368445707131,-1.15835769150179,0.630393653870276,4.96996513163437,0.174009702426999,0.546691899750965
"AAD021_005254",20.2137823970595,0.92895928958677,0.767292402258826,4.95594756063412,0.175051447067984,0.548525084137113
"AAD021_009662",5.86976291185849,0.298331292669933,0.803442645597878,4.93181157934045,0.176858873466578,0.550217973494571
"AAD021_007869",45.2054863954421,-2.58439502714321,1.12787852352909,4.93032596547562,0.176970693229248,0.550217973494571
"AAD021_003984",7.66457067171824,-0.941269642240891,0.872115236788166,4.93193621959313,0.176849495005971,0.550217973494571
"AAD021_000468",10.4731702908722,-0.0489534917731227,0.508359900366189,4.92017752008992,0.177736323740004,0.551166786312914
"AAD021_011090",12.4101976391056,0.274872474089575,0.646923319135527,4.90567891262982,0.178835527699699,0.55314244614093
"AAD021_006362",46.3435637443902,0.66983731663195,0.513772568754687,4.89592048283359,0.179578938024514,0.554010280451916
"AAD021_008412",9.6973156333532,-0.759438473051278,0.643964003093233,4.88120221209357,0.180705669216407,0.554147696318491
"AAD021_003627",39.6865114211089,0.716836713941487,0.929489849989429,4.87591954347042,0.181111685389666,0.554147696318491
"AAD021_002707",88.1998873099141,0.838858252459836,0.39255088475204,4.88767150001223,0.180209611839269,0.554147696318491
"AAD021_002721",48.0464469701984,0.437292866515313,0.499208458883614,4.87119835966456,0.181475268969798,0.554147696318491
"AAD021_002412",7.85970811996734,0.167078875572581,0.70125107917387,4.86203865679394,0.18218261599138,0.554892089927944
"AAD021_008018",33.5240152823541,-0.121570935502033,0.702306449585111,4.83258005304128,0.184475039638633,0.55655788154385
"AAD021_006476",7.50478908502907,-0.615998989174659,0.774671451678756,4.82849211051872,0.184795279191344,0.55655788154385
"AAD021_006551",47.099595939237,0.267894054537743,0.46581193905625,4.84378736411185,0.183599744059229,0.55655788154385
"AAD021_000354",11.1336926871921,-0.553974687626457,0.809387040214082,4.8251900580654,0.18505433321174,0.55655788154385
"AAD021_000703",13.3639973200008,-0.129057205444186,0.683747428484465,4.84153109842774,0.183775646627502,0.55655788154385
"AAD021_008109",59.7605158052423,0.451446329428727,0.453529889031888,4.8071445727328,0.186476048943726,0.559428146831177
"AAD021_002674",38.8709129523503,0.548891277569394,0.504106878241077,4.79883018597988,0.18713452611358,0.560000069394887
"AAD021_010902",12.3051050719845,0.136491608904451,0.596171360842378,4.76415414412416,0.189904249536151,0.560597468594647
"AAD021_010351",11.1185950825524,0.804218025128385,0.619577157335165,4.76794513403208,0.189599595118333,0.560597468594647
"AAD021_008307",6.84849751303691,1.38770337653316,0.720384133089521,4.76944571378851,0.189479130393528,0.560597468594647
"AAD021_008714",10.6058632352348,1.05381232908589,0.70076437296106,4.76117265914183,0.190144170634442,0.560597468594647
"AAD021_003706",12.8410223293587,-0.329371872037371,0.745385432592996,4.77733124349218,0.188847262423608,0.560597468594647
"AAD021_000497",37.6221131077688,0.715068769181908,0.502700623208441,4.77586913107001,0.188964272895765,0.560597468594647
"AAD021_001488",14.252519078138,0.628818922476886,0.784065135842419,4.75000199646286,0.191045593808357,0.561871193583793
"AAD021_001053",82.209434313731,0.599047448776824,0.429228088913953,4.74334096313612,0.191585004749896,0.56207659481771
"AAD021_004879",32.5838936474608,0.524404008213806,0.448672358427164,4.71672366761646,0.193754677756496,0.565808961965306
"AAD021_007115",11.779189748708,0.790016916783018,0.898987866568017,4.68354853348372,0.19649094819669,0.565808961965306
"AAD021_006390",15.4878341594059,0.452760914496253,0.652927325168312,4.681769379944,0.196638703573573,0.565808961965306
"AAD021_006432",8.83299217152442,0.267300219605746,0.634509965788843,4.70422335960005,0.194781504357998,0.565808961965306
"AAD021_003861",14.6158003817857,0.130009426011223,0.717542702724556,4.6914038425699,0.195839813995858,0.565808961965306
"AAD021_003876",6.67488418645053,1.55349977605905,0.80565187716407,4.68324806383568,0.196515894385347,0.565808961965306
"AAD021_004679",8.20949818978411,-0.364114934147638,0.905126487434659,4.70374345230579,0.194821026756223,0.565808961965306
"AAD021_003259",18.1621010558939,-0.321714673368176,0.776197204138938,4.70433972578516,0.194771922234634,0.565808961965306
"AAD021_000948",22.4210500567715,-0.66497368061329,0.52326773681549,4.67234165937705,0.19742338530217,0.566704537665942
"AAD021_008284",17.1107475316568,0.319640893075468,0.679250069853014,4.65319750787454,0.199025750434358,0.56694723913485
"AAD021_009028",11.8562637661151,-1.29210782132111,0.680407892998082,4.64400762239664,0.199799232685688,0.56694723913485
"AAD021_003528",7.98166373202713,1.24520083533931,0.699847548588995,4.65842184175705,0.198587277855169,0.56694723913485
"AAD021_001848",7.8384663948971,1.18876714868331,0.784545259378314,4.66302240363929,0.198201901869638,0.56694723913485
"AAD021_001225",11.8789863060572,0.355012235664506,0.597136134409311,4.64309572733858,0.199876136102679,0.56694723913485
"AAD021_012209",11.5815856342172,-1.02396912378017,0.749017063200446,4.60763872792269,0.202887771451391,0.568454768434627
"AAD021_010921",8.85315968465652,0.964650523127392,0.701966794862686,4.58125848120027,0.205155731542723,0.568454768434627
"AAD021_008028",28.1156515386517,0.080572343089317,0.632037456615341,4.5504226916791,0.207836553892759,0.568454768434627
"AAD021_009217",8.21742794209228,0.819231346692552,0.577842544830757,4.62794321404324,0.201158036325807,0.568454768434627
"AAD021_004878",29.8425429178953,0.513109917891798,0.496773973909107,4.58208427803615,0.20508438088991,0.568454768434627
"AAD021_004924",33.1506374895473,1.03180454003478,0.66862679092091,4.57025521881542,0.206108638090835,0.568454768434627
"AAD021_006002",13.0556437048803,-1.38592093070248,0.745074986425563,4.54848601375116,0.20800600549237,0.568454768434627
"AAD021_006352",28.0053575251775,0.941936867581964,0.467672291226897,4.5893563670047,0.204457050048706,0.568454768434627
"AAD021_003455",7.20960902897569,-0.553604790543123,0.740371088335138,4.61144207977718,0.202562716761339,0.568454768434627
"AAD021_003970",13.2982522670303,0.40501746479452,0.646995384751097,4.57083254048804,0.20605853888102,0.568454768434627
"AAD021_004045",24.1532030141788,0.771438582444182,0.458508319261555,4.55098650854809,0.207787246219857,0.568454768434627
"AAD021_004314",6.74612944117978,-1.13083558346337,0.895083218022015,4.58884073916698,0.204501472244854,0.568454768434627
"AAD021_002191",10.5969458836817,0.508475430901056,0.766853254729587,4.57924145112302,0.205330104204353,0.568454768434627
"AAD021_002655",16.6007042034053,0.220113879481052,0.61374910379753,4.60046935592584,0.203501821649062,0.568454768434627
"AAD021_000843",36.9868178527939,0.966948182574405,0.516607813670883,4.5541406371436,0.207511607086928,0.568454768434627
"AAD021_001209",8.92878649110355,-0.730208287076907,0.893282755096349,4.55167856117322,0.207726738725564,0.568454768434627
"AAD021_010952",10.3333836092597,0.969555884397479,0.669678424720457,4.5332849434561,0.209340492312197,0.568573797788496
"AAD021_008356",12.515833375675,-0.377324289667255,0.693589342365092,4.51007863100048,0.21139305634282,0.568573797788496
"AAD021_008492",17.2482331777642,-0.960423670693524,0.553655184209921,4.52050372837789,0.210468676864951,0.568573797788496
"AAD021_007368",7.44921140536937,0.730569200104408,0.833398706878369,4.51036265290378,0.211367822765441,0.568573797788496
"AAD021_003672",13.6809104218365,0.435230702830238,0.688796216124576,4.52074526934109,0.210447304187105,0.568573797788496
"AAD021_004078",11.3052693185571,-0.114265007139131,0.535288239722807,4.49961589672986,0.212324551053849,0.568573797788496
"AAD021_002247",9.2644077255793,-0.752855225868844,0.925427749806243,4.51032569476872,0.211371106107746,0.568573797788496
"AAD021_001425",7.46639756693372,0.894994667232982,0.694444597932202,4.51991648884056,0.210520646960097,0.568573797788496
"AAD021_001554",30.1424727121087,0.633305399089094,0.428340899044418,4.50262231628385,0.212056501967418,0.568573797788496
"AAD021_009984",20.9933152698058,0.287294479322637,0.858659508819351,4.49220488116396,0.212986648943462,0.569073702645813
"AAD021_004247",20.625798466439,0.999938241956439,0.717822868054188,4.45980647811021,0.215903599650839,0.571762408809856
"AAD021_002840",7.40193349924491,-0.812437213019397,0.841850843846454,4.46147544867172,0.215752438042336,0.571762408809856
"AAD021_000773",43.8311074728122,0.66205062662748,0.520162771826973,4.4748625905186,0.214543476294017,0.571762408809856
"AAD021_001282",9.29057965693078,0.785991776969679,0.808475720028607,4.46800900899716,0.215161622642873,0.571762408809856
"AAD021_009302",23.8902116428297,-0.99766750089895,0.745941786440519,4.42284694230111,0.219276272193669,0.579412136458768
"AAD021_002299",43.9760628157465,-0.442413242971515,0.464048014195566,4.38636857457968,0.222652670209294,0.587037987313931
"AAD021_002979",8.99441848439005,1.05139263563618,0.726629937846472,4.36394016091921,0.22475235320191,0.591271575346563
"AAD021_010281",11.0826884590381,-1.00967833432714,0.709682847530539,4.34473904465187,0.226564384417149,0.591885333597579
"AAD021_010568",8.99501101238664,-0.359435861935335,0.946405601664261,4.33110181522481,0.227859504266176,0.591885333597579
"AAD021_007744",16.4720192076343,1.10211781403002,1.18135321616422,4.29916379334279,0.23091934067675,0.591885333597579
"AAD021_009080",33.9928878253583,0.418703315535453,0.442180843719974,4.30873538067549,0.229998388579086,0.591885333597579
"AAD021_007215",12.3512064511288,0.779522224641194,0.536119362064763,4.31241835889358,0.229644923048329,0.591885333597579
"AAD021_004213",10.9258903683918,-0.386874029671012,0.682307237680104,4.31774160766081,0.229134919025093,0.591885333597579
"AAD021_004279",9.15589145887267,0.00465803996271468,0.855297012698956,4.30080146634688,0.230761528231876,0.591885333597579
"AAD021_004367",8.32675263531201,-0.242563165354576,0.626535671308532,4.33085941798122,0.227882586103263,0.591885333597579
"AAD021_004473",8.81802662057305,-0.718407044165525,0.706221738472837,4.31700372580016,0.229205550960609,0.591885333597579
"AAD021_004633",10.7946195177616,-0.898817061331829,0.634017447921881,4.30567770990571,0.230292221626511,0.591885333597579
"AAD021_002362",22.9765119902791,-0.93054016514549,0.636907151859966,4.31210220767451,0.229675245337651,0.591885333597579
"AAD021_003100",28.796484479735,0.767837736422243,0.664892363259284,4.32580577233696,0.228364300626259,0.591885333597579
"AAD021_003108",11.3563552109965,-1.05916254539029,0.649316479322627,4.27829431717963,0.23293910725654,0.595786562790765
"AAD021_003267",27.1489717341455,0.213912860322962,0.629725746502894,4.27202951739739,0.233548579617342,0.596071747978589
"AAD021_002324",9.09364959367499,-0.690506818134119,0.746495280227956,4.25058746900618,0.23564567137108,0.597019445036925
"AAD021_002340",11.7281234638617,0.104700483341052,0.746088640229547,4.24784686495485,0.235914951965301,0.597019445036925
"AAD021_003097",7.68165045910796,0.0706722274331957,0.593199831549995,4.24846523683105,0.235854168611194,0.597019445036925
"AAD021_000927",18.2737031237107,0.843116072555118,0.661019005959567,4.25149780628905,0.235556287749365,0.597019445036925
"AAD021_010974",20.585101193923,1.01379254717412,0.570895879232287,4.22071744265328,0.238595844423047,0.599998373475604
"AAD021_007390",21.1764408796734,-1.0181453650081,0.579340930714586,4.22182903461113,0.238485451976168,0.599998373475604
"AAD021_003644",15.0650242404285,0.0701357021116922,0.794632314905204,4.22483288072964,0.238187373471651,0.599998373475604
"AAD021_006416",9.55444464735317,-0.315781709306049,0.589809762273413,4.2073251455496,0.23992952180956,0.600827693736491
"AAD021_001273",27.2828444667887,0.656597092328234,0.704644938550773,4.21161801639278,0.239501272591689,0.600827693736491
"AAD021_008208",34.2123692247626,-1.10332467061317,0.608329668640287,4.17705506539383,0.242969171516666,0.607169307527034
"AAD021_001152",15.5335461715157,0.348534208911059,0.556512038605908,4.16463289427595,0.244226742783505,0.609040439816365
"AAD021_012507",16.2993453600313,-0.454353270696623,1.05612873693069,4.12306810703592,0.248477982086544,0.612613057960008
"AAD021_011860",9.39616744656395,0.31270135475994,0.74032582776506,4.12740275377215,0.248031499329358,0.612613057960008
"AAD021_011063",40.8205792775917,0.336665744933154,0.486234405488129,4.11072200400164,0.249753694473253,0.612613057960008
"AAD021_008654",12.5014872940548,0.893759869742205,0.576953080119757,4.11333407487118,0.249483293951096,0.612613057960008
"AAD021_003685",14.8234554208927,-0.231387994894092,0.591860964049975,4.12205264578608,0.248582683929036,0.612613057960008
"AAD021_000075",18.1441432251405,-0.850496612003118,0.563756324109918,4.11076622876283,0.249749114119289,0.612613057960008
"AAD021_000992",8.26024158679254,0.988855276042757,0.58987866626282,4.12892046939477,0.247875342883271,0.612613057960008
"AAD021_001472",12.2794044666368,-0.754304338199304,0.751228754465427,4.13746062044106,0.246998326797168,0.612613057960008
"AAD021_004957",26.7878634323809,0.185192827887519,0.977835293064129,4.09212434775137,0.251686657533821,0.61609187948463
"AAD021_007712",75.6249750123139,0.405038891294437,0.535860762298212,4.08031920304921,0.252920702109049,0.617849143723534
"AAD021_010412",37.4355438957977,0.722711086625317,0.452054630400883,4.06600616924848,0.254424301072336,0.619074873775234
"AAD021_010621",7.66407622672319,0.175011263906489,0.624592531731613,4.0656972744892,0.254456840348718,0.619074873775234
"AAD021_012543",9.74104089127076,1.20300837318362,0.795281214583045,4.03251787886148,0.257974127879025,0.620486504008693
"AAD021_010452",9.81056833282227,0.460969691826315,0.656425268833562,4.04455362576202,0.256693159312771,0.620486504008693
"AAD021_003522",11.4868230752821,-0.202519288364742,0.534291946550553,4.03512674688886,0.257695972677274,0.620486504008693
"AAD021_003431",15.6773274427856,-0.22285495106493,0.694566230201369,4.03089526392343,0.258147267331937,0.620486504008693
"AAD021_000258",19.2190203750552,-0.271312964068758,0.469115474012143,4.0372547130362,0.257469292810376,0.620486504008693
"AAD021_001312",78.9493273790584,0.581990161762626,0.94988856260362,4.03470311708128,0.257741121156186,0.620486504008693
"AAD021_011876",20.1103198761947,0.0550352393551537,0.697419103513888,4.01921020502371,0.259397232571035,0.622241457690439
"AAD021_003424",75.9347893272342,-0.223074012988348,0.462916589143368,4.00572188748276,0.260846931983437,0.624467555168347
"AAD021_010352",7.69522301051276,1.29396297113251,0.744098952964194,3.97356672339416,0.264332629287456,0.627789994557708
"AAD021_005195",25.0532225141422,0.593475170433413,0.529244797117858,3.9787906909847,0.26376347854708,0.627789994557708
"AAD021_000332",18.0399414732936,0.142241108058382,0.537701810323605,3.98299267400417,0.263306479884982,0.627789994557708
"AAD021_001148",18.1843070590603,0.667541090917478,0.525485942573858,3.97362154196362,0.264326651031376,0.627789994557708
"AAD021_008074",17.0099049168386,-0.10886470919421,0.697502566393039,3.96622124686206,0.265134802353427,0.628448234489212
"AAD021_009086",14.5897633197279,0.989320105864167,0.611184569038104,3.94904863603318,0.267018778180248,0.631662998975804
"AAD021_005548",7.20357460766028,0.59328930317671,0.634042991647702,3.93383106976214,0.268698395632155,0.634382602705502
"AAD021_003849",10.9708899502017,-1.01318321837667,0.652850258507965,3.92661053834348,0.269498692651922,0.635019557292028
"AAD021_008132",56.4053793529733,0.619858327565094,0.593199830666275,3.91209521226224,0.271114046933596,0.636320616038263
"AAD021_004471",14.8259866194614,0.614660439274696,0.623975895333879,3.91554264562657,0.270729604469958,0.636320616038263
"AAD021_010185",11.3347827177414,1.3055024754947,0.764938614629466,3.89294582527565,0.273258500641627,0.639496894222195
"AAD021_002729",42.1506185550834,-0.323470277108891,0.440639424528903,3.89047911621712,0.273535847821022,0.639496894222195
"AAD021_007034",7.79377486154805,-0.260933708913836,0.67340952662199,3.87883792242388,0.274848172772682,0.641312403136257
"AAD021_009128",17.4930350897212,0.790080018175733,0.517877371465292,3.85949003632662,0.277041859349876,0.641530085568564
"AAD021_007376",191.894954354375,-0.0221326136091298,0.539183795976633,3.85440338032956,0.277621206620314,0.641530085568564
"AAD021_006454",32.3431248802889,0.850727901139693,0.517507203969719,3.8646118806284,0.276459606293075,0.641530085568564
"AAD021_004212",12.7955964004737,1.02845192690992,0.818732865375973,3.8689358513723,0.275968915444071,0.641530085568564
"AAD021_001311",35.8392327568699,0.513995026447365,0.54102470463043,3.85832130787512,0.277174875706019,0.641530085568564
"AAD021_000279",16.8819055031043,0.986266747472903,0.646128733586326,3.84352164725161,0.278864256643566,0.643160915611461
"AAD021_011004",10.4652428930661,-0.263195655740069,0.681114074018474,3.83648905298779,0.279670275250597,0.643779460528777
"AAD021_001562",7.64741562186124,-0.361128233437291,0.634203479475437,3.82998487837578,0.280417598234167,0.644260777516886
"AAD021_012138",49.9894300324049,-0.880242347944055,0.528230808054997,3.81611091674532,0.282017714268478,0.645459281031297
"AAD021_008892",16.8788154346996,0.799924528318376,0.600349879507663,3.81886285687875,0.281699674745213,0.645459281031297
"AAD021_003695",9.57990803769796,-1.7742893419214,1.32696506918305,3.80821111278955,0.282932484168287,0.64631714417832
"AAD021_008475",7.255147333812,1.57768200233415,0.821715020764176,3.79547710478199,0.28441265784039,0.648460859876089
"AAD021_000751",19.9833839338923,0.390349144832959,0.664080488838618,3.78573336756078,0.285549946247734,0.64981613243068
"AAD021_010740",7.62075243619015,1.13522866686795,0.644028370186192,3.76938813102937,0.287466939542694,0.650756887894484
"AAD021_002463",39.8753979291849,0.00166687954499237,0.468530743976318,3.76902403084708,0.287509773007201,0.650756887894484
"AAD021_001092",10.2655801288269,-0.582539419089404,0.691277276944851,3.7683055453796,0.287594313864814,0.650756887894484
"AAD021_009752",21.1740645234702,1.24503120324692,0.69854433637045,3.75807797048971,0.288800166923702,0.651520028973444
"AAD021_001457",7.203595925388,-0.189696951795867,0.946885386406679,3.75621618201221,0.289020163228821,0.651520028973444
"AAD021_002631",42.6935334036926,0.472982182445203,0.513104786525514,3.75159403649738,0.289566984280607,0.651525714631366
"AAD021_007558",14.8201900374788,-0.93023563521509,0.710276511368136,3.74589145483299,0.290242904304175,0.65163260764108
"AAD021_008213",15.1413750313564,0.941439307986421,0.580167278817322,3.74201428019072,0.29070326857171,0.65163260764108
"AAD021_010590",39.1884248291843,0.97909399477263,0.641058197141717,3.68358803214488,0.297720250947696,0.656021928093253
"AAD021_007388",45.507673704462,0.451196951058527,0.461982219151871,3.68011606136884,0.298141962308045,0.656021928093253
"AAD021_003756",16.6548618833133,0.374327231038413,0.573409400925828,3.69805602555137,0.295968677052898,0.656021928093253
"AAD021_002036",7.3997591154599,0.8452407447222,0.713138453221225,3.68690927286004,0.297317346316712,0.656021928093253
"AAD021_002175",26.7607334680976,-1.10113705448877,0.595742422577074,3.6846154785664,0.297595557817155,0.656021928093253
"AAD021_002568",61.3819504023086,0.73422620237996,0.488317921060068,3.6836803656989,0.297709043238255,0.656021928093253
"AAD021_002586",10.4822163426557,0.97508866083423,0.599793257396318,3.71435714318217,0.294006219867829,0.656021928093253
"AAD021_003201",12.0330335468561,-0.934892328540702,0.586444311030525,3.69290027820423,0.29659180061573,0.656021928093253
"AAD021_000219",10.162904667307,0.750256525946627,0.705737298545711,3.69068312891004,0.296860125669049,0.656021928093253
"AAD021_001013",9.1607943496841,0.0168648067269215,0.648368484238017,3.70533041015294,0.295091486067996,0.656021928093253
"AAD021_007621",63.8663029903441,0.183118669295392,0.464066890264082,3.6677096616956,0.299653226818252,0.658137454131097
"AAD021_002748",36.183076099708,-0.319929435277225,0.610158183433195,3.65724477561878,0.300933301776115,0.659738392355329
"AAD021_003638",9.55623009324575,0.86745107320664,0.755814657138087,3.64502230171119,0.302434540381194,0.660609753350893
"AAD021_000335",12.463044287022,0.713538015623167,0.657622145305977,3.64744127030848,0.302136899027974,0.660609753350893
"AAD021_008254",7.83034520337608,-1.02451741301792,0.629727074830831,3.63480017734244,0.303695206605425,0.662155122598714
"AAD021_008702",15.5338957754174,0.0821051714080455,0.534959389099794,3.62574807395748,0.304815483578939,0.6633893342618
"AAD021_008396",9.88766971185746,-0.640783464776225,0.542860107230666,3.60404963499158,0.307515846324012,0.665062749208045
"AAD021_009037",5.75844432021026,-0.939318988365285,1.1491661552545,3.6017216805908,0.307806819600048,0.665062749208045
"AAD021_005131",9.88176199785298,0.479950366979121,0.755542625799957,3.61316300384968,0.306379109315106,0.665062749208045
"AAD021_000588",8.31143656157747,-2.19001249434439,1.21309898048158,3.60424310074568,0.307491675862858,0.665062749208045
"AAD021_004052",24.0277379484314,-0.537874730994637,0.509307005491496,3.59268338064879,0.308938846615841,0.666029071555067
"AAD021_001483",7.7788953603251,-0.453391828539972,0.811741825000005,3.58927349856957,0.30936688703811,0.666029071555067
"AAD021_002854",10.6740190967203,-0.00772568340739952,0.764664371372979,3.58314591440846,0.310137403124786,0.66648917691269
"AAD021_003951",9.23977666390074,0.722923616946285,0.643924140290253,3.57253253868527,0.311476019963207,0.666971012336241
"AAD021_001174",8.59046172135561,0.915457992224928,0.609695717396162,3.57670266198802,0.310949450783525,0.666971012336241
"AAD021_000477",14.8372323912217,-0.88558696278553,0.560852303661122,3.55574383380528,0.313603973854434,0.670328494113852
"AAD021_001463",9.01300596929723,-0.509496826207732,0.647986322556508,3.54637497419591,0.314797063717106,0.671679296380349
"AAD021_007952",27.4570538355431,0.779955672385965,0.564937963853084,3.54080528577528,0.315508247652889,0.6719988833461
"AAD021_010584",14.9571311957057,0.346411618506338,0.590030960400558,3.51038209314547,0.319418092427733,0.673698846771268
"AAD021_007934",57.3551928185066,0.69387051770736,0.531389677047764,3.50833019015093,0.319683329127886,0.673698846771268
"AAD021_006355",8.22856753942934,-0.0979580207642499,0.663402039202057,3.5206278799219,0.318096592339436,0.673698846771268
"AAD021_002202",30.5936201360895,-0.00948277809793158,0.583629242854207,3.52172958304425,0.317954783129783,0.673698846771268
"AAD021_002443",24.61810236552,-0.782677560845631,0.422572068502785,3.52899296894945,0.317021252419992,0.673698846771268
"AAD021_003254",13.7842953118171,-0.242622283548101,0.684371393386509,3.50882155254831,0.319619796056599,0.673698846771268
"AAD021_012463",11.9893419462837,-0.525222918623102,0.771486671397229,3.46943312427378,0.324748234783904,0.681189830715543
"AAD021_006956",7.62064519477639,0.0864072304139767,0.781945856651731,3.46793139511215,0.324945190759044,0.681189830715543
"AAD021_003931",12.4675347715371,0.2494753969985,0.538626628790362,3.47389030046595,0.32416428320627,0.681189830715543
"AAD021_008385",10.0184348510481,1.15381293212058,0.847038001992514,3.46292664835316,0.325602337509351,0.681374122375338
"AAD021_007559",8.49604787450974,-0.992206515457485,0.676256349633844,3.44095023045435,0.32850181885763,0.683799429646981
"AAD021_007888",16.0185163404266,0.811844856280345,0.647446908890008,3.43031997171754,0.329912467657867,0.683799429646981
"AAD021_008082",74.3301368819316,-0.0639891786477077,0.496712138821783,3.41966762569538,0.331331386128028,0.683799429646981
"AAD021_008168",8.68626404355934,-0.868728777764245,0.595253049202658,3.44900049608025,0.327437071576997,0.683799429646981
"AAD021_009325",13.3139693558418,-1.09021815874327,0.659032930732068,3.42699353354909,0.330354982853257,0.683799429646981
"AAD021_002532",18.7470867299048,0.298557026271391,0.535796986524483,3.4344892136747,0.329358570366148,0.683799429646981
"AAD021_000269",134.082415157647,-0.163167970251305,0.437517050019797,3.42304463671323,0.330880980656716,0.683799429646981
"AAD021_001066",8.62563572337677,-0.0117449746982929,0.616130013457369,3.42411183348783,0.330738756249618,0.683799429646981
"AAD021_011045",42.2040041735916,0.544577910229553,0.88239689308358,3.39716748000632,0.33434608594252,0.684123529697773
"AAD021_009181",27.1034156853056,0.927111491456866,0.57714199422518,3.39793021967272,0.334243496919174,0.684123529697773
"AAD021_005289",10.122425870135,-0.498418487013672,0.671948814417737,3.4103696984194,0.332574271279882,0.684123529697773
"AAD021_003713",7.6083320266473,-0.593641542932144,0.719421343789281,3.40058575926851,0.333886540310073,0.684123529697773
"AAD021_000535",11.2114366375576,0.850204937355757,0.595944395502856,3.39995488579252,0.333971311784807,0.684123529697773
"AAD021_000856",9.61172207461998,-0.327665836673287,0.586945849399455,3.37334022617057,0.337564796841284,0.689530822216751
"AAD021_009697",18.9644147081925,0.324999205712836,0.575825479781358,3.35041528029835,0.340687190222307,0.692554244144328
"AAD021_004192",12.9482170394637,1.36768628205846,0.819909013353383,3.34973185295092,0.34078065981705,0.692554244144328
"AAD021_001147",9.54005600819567,0.511942637490209,0.607867064239755,3.35452052725103,0.340126203560027,0.692554244144328
"AAD021_009215",10.379313465184,0.991430312771506,0.745242603512616,3.33006897302856,0.343479482407725,0.695676718176052
"AAD021_001168",10.5087342916198,-0.404322219902797,0.716291250311232,3.33250322435283,0.343144361232652,0.695676718176052
"AAD021_000411",6.66418388020054,0.523808389282251,0.77618780944445,3.32258574715213,0.344511479998756,0.696588245875863
"AAD021_000862",17.8493970435342,0.0350288603007592,0.763034628903184,3.31589087285731,0.345437047998565,0.697281865858824
"AAD021_001516",10.2771214814724,0.95297621681001,0.876917305422435,3.30443819237279,0.347025408527788,0.699308777790845
"AAD021_009735",27.3593747442582,0.84178028456872,0.686488145953341,3.29935940392679,0.347731813730556,0.69955458997559
"AAD021_008296",7.592792081302,0.0596424977564117,0.647067429970925,3.28442843073714,0.349815804150795,0.702499792813767
"AAD021_007151",9.57151717055341,-0.688809274046341,0.694358138849916,3.28047391936035,0.350369570851979,0.702499792813767
"AAD021_012482",18.1510594396652,-0.0389718718785754,0.57249143382453,3.19013929514369,0.363228200686154,0.703908102777086
"AAD021_010229",7.82162194521986,-0.0781828473152091,0.642700387783617,3.2065006325128,0.360869440440264,0.703908102777086
"AAD021_010380",33.3893841550834,0.666239329955504,0.559491703759517,3.20444202459223,0.36116549407947,0.703908102777086
"AAD021_009536",58.9853357832496,0.104911438422636,0.509154204066468,3.24173085997253,0.355835308681877,0.703908102777086
"AAD021_007784",10.658358597909,-0.395663821576173,0.593203778229154,3.19858552023776,0.362008880072783,0.703908102777086
"AAD021_007946",43.9269438934934,0.347609273797856,0.46090609776365,3.2524257340315,0.35431917262133,0.703908102777086
"AAD021_008585",32.7854590615543,2.6920027435166,2.35180873867065,3.26088628932224,0.353123751005375,0.703908102777086
"AAD021_009051",30.3328599155462,-1.56242530578868,1.10693284043197,3.19785063506401,0.362114829681574,0.703908102777086
"AAD021_009102",8.6304363677572,-0.245947139117844,0.687952902705297,3.19290964324703,0.362827875628633,0.703908102777086
"AAD021_005060",19.2186060271278,1.2795113922595,0.759900290490633,3.20448571716794,0.361159208361156,0.703908102777086
"AAD021_005163",34.8615085767697,0.55886323527446,0.48525802043198,3.23804814547539,0.356358680300153,0.703908102777086
"AAD021_007081",22.7377512749212,-0.816268993040057,0.707897236301216,3.18474156267781,0.364009286231425,0.703908102777086
"AAD021_005877",15.844538969246,0.817154437297435,0.524507985744094,3.1877411789346,0.36357504446854,0.703908102777086
"AAD021_004146",10.7591766593435,0.369847649898816,0.562562547137306,3.23704662584447,0.356501127238103,0.703908102777086
"AAD021_004351",5.55910538257547,0.509421369376884,0.910156403032475,3.21133710444812,0.360174719711796,0.703908102777086
"AAD021_001796",8.36219405833949,-0.305913590102947,0.608421499818992,3.19298452789012,0.362817059818855,0.703908102777086
"AAD021_002176",11.4388706730278,-0.84633897347782,0.550292513926017,3.2262338468723,0.358042179206685,0.703908102777086
"AAD021_002663",9.14298967694967,0.681830183192089,0.677756166551406,3.20921013456062,0.36048009956275,0.703908102777086
"AAD021_002760",10.5110171389613,-0.730694360125222,0.712515252872878,3.19458552806749,0.362585889175127,0.703908102777086
"AAD021_003168",23.2513584837534,0.634357284146595,0.52444256740221,3.1903068408957,0.363203978916193,0.703908102777086
"AAD021_003331",50.19189907946,0.655096774222842,0.565882216432871,3.25693450595344,0.353681676265012,0.703908102777086
"AAD021_003406",5.17133565427162,1.57079266140599,0.991598607341365,3.22787709634203,0.357807610219085,0.703908102777086
"AAD021_003026",9.21452259156102,0.433279245122211,0.669657046736357,3.15786880414335,0.367919513907644,0.71032202927008
"AAD021_011682",6.95360185449689,-0.558819288738371,0.741713384010187,3.13367282607355,0.371471097421346,0.712970770914611
"AAD021_006938",7.73786495541467,-0.885402104445004,0.706561211987887,3.13684521145069,0.371003771485502,0.712970770914611
"AAD021_003925",14.3575233619829,-1.22077078670977,0.851601289419812,3.13810619158355,0.370818155957422,0.712970770914611
"AAD021_000226",6.84789338321284,-0.0257486648814693,0.747738142800418,3.1322966086919,0.371673985840198,0.712970770914611
"AAD021_008158",11.805165947274,-0.107333481896806,0.699264428420613,3.11059527911485,0.374885881953758,0.715222655570202
"AAD021_008324",24.497988708659,-0.188579393439639,0.540050509762936,3.1042098880838,0.375835463954601,0.715222655570202
"AAD021_005271",30.1552140174841,-0.753804138966225,0.689036857931309,3.11994499471382,0.373499176868384,0.715222655570202
"AAD021_004044",46.3131166926297,0.265991648904929,0.495850608208054,3.10707249912505,0.375409506091202,0.715222655570202
"AAD021_000661",22.9712248794117,-0.356089164436515,0.527734216853057,3.10648053255328,0.375497557094171,0.715222655570202
"AAD021_002758",13.8909873359642,0.133987730623942,0.51682024781214,3.09265002741897,0.377559785050346,0.717363591595658
"AAD021_005274",13.0336181435258,0.884265443933809,0.893835414747655,3.08614085213611,0.378533695744264,0.718074221562416
"AAD021_004142",250.077060777285,0.0557697700685277,0.45496613303865,3.08171241458538,0.379197509841941,0.718195283672158
"AAD021_009770",30.773250135912,-0.797175845504931,0.552787436624314,3.0707292081988,0.380848160748864,0.718719463421645
"AAD021_007143",45.5784709060976,2.1951536318976,1.79430564291132,3.06852250409759,0.381180541687617,0.718719463421645
"AAD021_012704",44.827501593714,0.28622851582161,0.741214566439446,3.06789189402099,0.381275571656428,0.718719463421645
"AAD021_008442",20.084076287399,-0.133988195496255,0.477009397755535,3.03932378625021,0.385601870673092,0.723313385076567
"AAD021_002554",28.3599427320384,-0.664242427970395,0.486769018999651,3.04282624778195,0.385069227984364,0.723313385076567
"AAD021_001041",13.6855046741382,-0.994090358139312,0.647321459271177,3.0358570189255,0.386129701807792,0.723313385076567
"AAD021_001308",10.1029900166058,0.342871982967702,0.714189300397207,3.04446265373804,0.384820583354263,0.723313385076567
"AAD021_009177",8.43805043248844,-0.43980199791015,0.722102404498894,3.02769739092595,0.387374465985498,0.723381023064962
"AAD021_004065",58.3522900359526,-0.682233180769162,0.508791675226269,3.03102111159166,0.386867016307651,0.723381023064962
"AAD021_005018",22.066604600841,-0.0150236510596873,0.504813621080139,3.02090160776616,0.388413772700658,0.723641587444744
"AAD021_003642",36.1820378067003,0.366804464596833,0.453398924633903,3.01888202356226,0.388723091668313,0.723641587444744
"AAD021_003458",8.37275753149535,-0.351823896385166,0.586536808880474,3.00625810445082,0.390661305695576,0.726120470368952
"AAD021_011496",6.55193016062145,0.319300239306955,0.794143741508648,2.99716241798242,0.392062882541705,0.726987833708954
"AAD021_009305",61.122024792003,3.55905682152037,2.17671126174544,2.99535019531908,0.392342640414356,0.726987833708954
"AAD021_007916",10.2759768636283,-0.074159009877643,0.634949460961493,2.98165567344735,0.394462166675768,0.727536538537588
"AAD021_003687",16.7942352830807,0.483704022926802,0.633978944280088,2.98478461074431,0.393977044012509,0.727536538537588
"AAD021_002790",7.29680000334201,0.545434065460135,0.831874507248369,2.98319227696977,0.394223862613341,0.727536538537588
"AAD021_008240",8.69356944515654,-0.315796980513717,0.701128252205903,2.96755072678258,0.396655321794839,0.729450863589479
"AAD021_008408",11.1545166227476,0.92600343839135,0.775683348811665,2.95622287740368,0.398424112042799,0.729450863589479
"AAD021_006872",59.1162416426512,-0.141198643019047,0.468614437855354,2.94658700077466,0.399933936111576,0.729450863589479
"AAD021_005875",38.1203630444883,-0.00552375214083023,0.548518766525196,2.94456137983255,0.400251938163618,0.729450863589479
"AAD021_003665",10.5067489359563,0.939163684149276,0.711732859077679,2.94377603870407,0.400375286030315,0.729450863589479
"AAD021_004537",8.78139468788962,-0.678394970285912,0.564686042543435,2.94427254893081,0.400297299031749,0.729450863589479
"AAD021_003332",23.2951143556566,0.371091639873728,0.481267594171574,2.95674771245002,0.39834201488337,0.729450863589479
"AAD021_000774",8.18724504334061,-0.00595403876446305,0.579047380147987,2.94570732262757,0.400072010573825,0.729450863589479
"AAD021_009627",23.8205299970108,-0.783132450036075,0.511531521078252,2.91898255687741,0.40428588451507,0.735389371079691
"AAD021_008202",11.95550634085,-0.803078088920436,0.610701899767484,2.91533759396977,0.404863488338777,0.735389371079691
"AAD021_008182",11.8882249218849,-1.50028157530668,1.00335153557445,2.90698357872166,0.4061899294785,0.736680826645098
"AAD021_012258",30.3119056466248,0.885468261562668,0.661335095662581,2.90225787656297,0.406941882607394,0.736928038549244
"AAD021_010065",8.83967052132973,1.27107037302195,0.915546122591701,2.89741845851319,0.407713138063929,0.737209405230397
"AAD021_004412",11.7141098368941,0.914841242643267,0.605772767158157,2.88825245453397,0.409177272000754,0.737628305097745
"AAD021_000743",9.62781387239925,-0.86218835670983,0.820329243546435,2.89094391738294,0.408746895137488,0.737628305097745
"AAD021_000256",7.86825109118123,0.124395999790701,0.684065438063081,2.88325246958874,0.409977797436879,0.737960035386381
"AAD021_010183",6.78585368900081,0.170504984500842,0.800129383942867,2.8735970453572,0.411527387954465,0.739104694303576
"AAD021_010273",7.37988242373936,0.173572978146254,0.737107301165579,2.87159909205654,0.411848647535911,0.739104694303576
"AAD021_011641",16.3922702382917,0.151142615116689,0.778441361604478,2.80767592835986,0.42223788089406,0.741725047475582
"AAD021_009516",69.2718374969417,-0.401652914739459,0.349240394652249,2.80168123307334,0.423223230932182,0.741725047475582
"AAD021_007766",9.86977556661692,0.95807725231399,0.645149234045393,2.82412066076738,0.419544603946518,0.741725047475582
"AAD021_008579",12.4166367031333,-0.830604302054686,0.528796151626315,2.82667993413047,0.419126736190009,0.741725047475582
"AAD021_005469",10.9917396046728,0.696542666033146,0.71007673041625,2.82452867848411,0.419477961322733,0.741725047475582
"AAD021_006305",13.8834389548097,0.502866449133154,0.809655231293773,2.82654561015178,0.419148659473853,0.741725047475582
"AAD021_006404",16.4021553375131,-0.0116305726564328,0.645754105614787,2.8120702383637,0.421516793445486,0.741725047475582
"AAD021_006478",7.62610228904881,0.0796876431021225,0.685995975719317,2.84856555570427,0.415567435324346,0.741725047475582
"AAD021_003655",79.1966013699894,-1.32087669355579,1.93491115502319,2.80904738804335,0.422012720684426,0.741725047475582
"AAD021_003939",9.26692424086227,-1.17456914307731,0.703404331716409,2.84134616030494,0.416738752161283,0.741725047475582
"AAD021_001794",8.60935739677464,0.470220113912248,0.655666648870038,2.81793586705879,0.420555858586823,0.741725047475582
"AAD021_002595",54.7289791228127,-0.15057610514585,0.396165825899784,2.80175951999402,0.423210350636838,0.741725047475582
"AAD021_003016",204.27190409136,-0.693535653773215,0.772338676178777,2.81339365749935,0.421299825953897,0.741725047475582
"AAD021_003261",15.1085886074218,-0.549026838004269,0.646295872204568,2.81910337869101,0.420364808141295,0.741725047475582
"AAD021_000554",9.96628659387909,0.641584892405444,0.648830670450376,2.82112159460182,0.420034718979688,0.741725047475582
"AAD021_000581",11.3122115536642,-0.631957802280286,0.70461082577807,2.84238144287072,0.416570613450304,0.741725047475582
"AAD021_012358",16.0140730346647,-0.501327467964031,0.57322565497031,2.78171501348221,0.426518803440788,0.74640790602138
"AAD021_012698",455.081552382432,-0.534923146391473,0.691768373682687,2.76786103565527,0.428817925485982,0.749335849352876
"AAD021_012152",15.1279686344088,0.77836330018312,0.569510806499782,2.74370997727466,0.432850274327936,0.753083980189737
"AAD021_010293",13.9129331091702,-0.158739385226293,0.583062555864245,2.74956508441747,0.431869834720507,0.753083980189737
"AAD021_006805",12.7073647590154,0.00531302722552706,0.679583694414577,2.74466394237021,0.432690408083667,0.753083980189737
"AAD021_008233",17.6996578582497,-0.358507585979879,0.808683166992729,2.73479077087697,0.434347307875655,0.753498155836463
"AAD021_005278",12.3849733293579,0.769093957809158,0.594672737833557,2.73553560190877,0.434222130365135,0.753498155836463
"AAD021_012378",12.7105086585341,-0.0469266197001487,0.604623724680664,2.72163684614904,0.436562853113386,0.755152796498155
"AAD021_008618",9.94683021152394,0.546542677803847,0.633672012392116,2.72323631120737,0.436292958561306,0.755152796498155
"AAD021_000922",10.2165526480926,0.799667103710139,0.587655005902441,2.71765484965671,0.43723537052525,0.755169264041672
"AAD021_001078",99.9680355020461,-0.4637490450232,0.499995496699959,2.71411371087964,0.437834143061755,0.755169264041672
"AAD021_002782",9.49605640887061,-1.10106427788473,0.718015243336305,2.70608187819057,0.439194732133131,0.756426035055192
"AAD021_008258",42.0169334609262,-0.554361112275087,0.592786449203663,2.67395875124146,0.444670887012521,0.757263645986874
"AAD021_009145",11.205200229517,-0.152039412663469,0.594698473851032,2.69136900280677,0.441696035165076,0.757263645986874
"AAD021_009256",19.8770108603357,0.814721284726394,0.975178739733876,2.67241487221997,0.444935470567386,0.757263645986874
"AAD021_007089",34.8752134023309,-0.03322218468586,0.890728268393709,2.6657230607004,0.446083763585581,0.757263645986874
"AAD021_007415",14.8454245137677,0.787833414760089,0.708784349988857,2.66248628989426,0.446640045168532,0.757263645986874
"AAD021_006475",10.0367247529371,-0.642400628683973,0.692581206092733,2.6791851701918,0.443776153827656,0.757263645986874
"AAD021_003724",7.45802263329007,0.52238698430274,0.664121220938381,2.66596519226495,0.446042172701373,0.757263645986874
"AAD021_004014",19.4263502215919,0.807070545401926,0.664879324361779,2.69334630790122,0.441359204135751,0.757263645986874
"AAD021_004516",9.70308622556137,0.217741225104916,0.677806039434244,2.66631001241585,0.445982948452804,0.757263645986874
"AAD021_002297",16.0341564548264,0.553108628523656,0.641315165482256,2.67330933214606,0.444782166174406,0.757263645986874
"AAD021_001437",13.3987742942908,0.120218413304374,0.591687249160319,2.69690516386582,0.440753485574438,0.757263645986874
"AAD021_002331",7.82672876667454,0.222806759125613,0.684429734784296,2.65377517436332,0.448139958929407,0.757889999795835
"AAD021_003366",17.8359631640314,-0.0238199927288459,0.472169003295802,2.6529874730159,0.448275789352925,0.757889999795835
"AAD021_001608",41.2593609482335,0.497128133806476,0.537597788808583,2.64917158070256,0.448934269909738,0.75793275187864
"AAD021_003274",9.30027085195058,-1.14909714264846,0.97675991002028,2.61466788822605,0.454923877455737,0.765884502552063
"AAD021_000939",30.6285363630179,-0.315338020437177,0.554267602209949,2.61656900670975,0.454592187654418,0.765884502552063
"AAD021_000644",8.34395372129127,-0.766935038427402,0.686939224786808,2.60547045328694,0.456531312798099,0.767511209858601
"AAD021_006542",26.7496486787573,-0.432318195628585,0.56199645018773,2.57974531409995,0.46105152483845,0.771858287037238
"AAD021_000450",10.3839773952721,-0.837222464412976,0.702557779802635,2.58279666456801,0.46051349905588,0.771858287037238
"AAD021_001162",8.89819890138365,0.854504572182636,0.814425330746233,2.57989614564663,0.461024917829192,0.771858287037238
"AAD021_003136",58.1378107857959,-0.420435371297929,0.448624211511731,2.56757525371546,0.46320240011541,0.773296057096437
"AAD021_000603",7.12910253996269,0.406837717479949,0.724708068657889,2.57050917433492,0.462683141609362,0.773296057096437
"AAD021_006900",10.3436738784828,0.56767978664137,0.760106967011466,2.54414521663931,0.467365853953603,0.777095217383305
"AAD021_007329",8.39965934797824,-0.627802256685235,0.638407269172613,2.54380967397474,0.46742569466665,0.777095217383305
"AAD021_001573",9.91858682772719,0.994741205372283,0.665627440761705,2.54823881957911,0.466636290969982,0.777095217383305
"AAD021_012213",10.0723290629654,0.559199235474208,0.640531869100066,2.5197373523667,0.471734659774379,0.781582540414876
"AAD021_007843",21.4311508376196,0.522468874353363,0.518749920440911,2.50010243852624,0.475272570691922,0.781582540414876
"AAD021_008094",10.2592146006686,1.08037594206855,0.919571524388983,2.49655880366767,0.475913305602637,0.781582540414876
"AAD021_008467",35.610345032452,0.100285297244429,0.51779560379663,2.5141170466031,0.472745218475719,0.781582540414876
"AAD021_009022",10.8341758795711,0.697980830064692,0.788869519961251,2.50147366288081,0.475024818330988,0.781582540414876
"AAD021_005449",46.0109922787908,-0.135184997677937,0.37343022284844,2.49511821456989,0.476173977362793,0.781582540414876
"AAD021_004085",27.5493445906983,0.372272925544192,0.557382048707526,2.49098555780856,0.476922397949428,0.781582540414876
"AAD021_004448",11.9738185500999,-0.483864678092634,0.578058305476779,2.51584472166479,0.472434391777551,0.781582540414876
"AAD021_002096",9.23535155580579,0.994811656479665,0.686837017942183,2.50831841560182,0.473789634985994,0.781582540414876
"AAD021_002737",14.3493228714844,-0.429422499361882,0.571271943803077,2.49613133297457,0.475990643841094,0.781582540414876
"AAD021_000968",7.00332101787218,-0.987373888638575,0.741077749727542,2.48886218512219,0.477307299117188,0.781582540414876
"AAD021_012603",18.3628774111578,-0.557508004793717,0.595024352877297,2.46986695235613,0.480761421774774,0.781754955351962
"AAD021_012236",11.1818144068272,0.628361147353395,0.730720914155223,2.46674408280204,0.481331162986129,0.781754955351962
"AAD021_004371",79.5298139153787,-0.11013113374336,0.340089031397894,2.48048871440275,0.478827531566132,0.781754955351962
"AAD021_003079",22.0966098961378,-0.258682748695401,0.726074870834583,2.47715880769903,0.479433144606189,0.781754955351962
"AAD021_003414",10.5113926957914,0.566870227923079,0.60938716382572,2.48131641722978,0.478677089873399,0.781754955351962
"AAD021_001258",12.1236709539563,0.362773984705471,0.573426152170377,2.47120295827632,0.480517840386732,0.781754955351962
"AAD021_002542",10.2231989943235,0.51583252297065,0.858092458337402,2.45719402828585,0.483076773838311,0.783526962445066
"AAD021_008795",287.254032801385,-0.9185712543738,0.930722140068079,2.45201283339648,0.484025892040651,0.784004049760026
"AAD021_012260",12.6383856921806,-0.868486032002836,0.594242047888297,2.42647203123705,0.488725886578268,0.785241458032466
"AAD021_005024",12.229919356597,0.392006682644645,0.611995227590019,2.4274817474848,0.488539407164339,0.785241458032466
"AAD021_005769",140.725239098071,-0.407303784365339,0.799997576704092,2.42829667280083,0.488388943073737,0.785241458032466
"AAD021_002527",173.857628859837,-0.20615228916982,0.578900952719238,2.43327813989305,0.487469971574249,0.785241458032466
"AAD021_003189",7.81155951822969,-0.984406561646518,0.677222349878554,2.43954488279151,0.48631580835769,0.785241458032466
"AAD021_001664",13.276755019246,-0.695222543421685,0.814887240371177,2.43999016484636,0.48623388067037,0.785241458032466
"AAD021_011668",44.3367954288477,0.425549778561798,0.696381714912635,2.37498199317554,0.49830870682783,0.787890110336295
"AAD021_011208",11.3197914891743,1.40314666512122,1.66253406040972,2.37166350731641,0.498931247815298,0.787890110336295
"AAD021_009786",37.4840574749319,0.36607979208063,0.525536623835844,2.41353174331135,0.491120663846077,0.787890110336295
"AAD021_008227",23.0069467515368,0.393572564914058,0.433836535529903,2.40101669231122,0.493445393817792,0.787890110336295
"AAD021_008349",14.8927222603142,-0.32835294109664,0.547247594989098,2.384168521662,0.496588451126597,0.787890110336295
"AAD021_008362",18.3022537705823,0.448707429174278,0.752662082408823,2.38806028852363,0.495861066107545,0.787890110336295
"AAD021_008411",24.7575019807601,-0.138019963265644,0.654306418479559,2.40410790114137,0.492870396305598,0.787890110336295
"AAD021_005251",20.1527613168412,0.829125425224465,0.895880509762836,2.39005027999056,0.495489447359268,0.787890110336295
"AAD021_006372",21.5791031071,0.261799607250113,0.443279595430195,2.37913315783817,0.497530798570388,0.787890110336295
"AAD021_003770",9.02191821326457,0.146812510963942,0.800256688487353,2.40431582273607,0.492831739313501,0.787890110336295
"AAD021_002719",11.2857086286364,-0.458167007249589,0.616624753903227,2.3755907589743,0.498194568523341,0.787890110336295
"AAD021_000576",84.4064856164665,0.486796235431614,0.429716758355879,2.37495233369498,0.498314268236946,0.787890110336295
"AAD021_000707",10.840670418613,-0.929821154707815,0.797258918524967,2.37252247470698,0.498770050000794,0.787890110336295
"AAD021_006762",6.3057290851211,-0.109774836263245,1.14744171736525,2.36808178183598,0.499603842698134,0.787912779591129
"AAD021_010360",17.7442551657682,0.837793275494684,0.695876389645357,2.35052057496749,0.502911651034253,0.791317861138862
"AAD021_001460",8.82466933239726,-0.123544232155348,0.733765583227357,2.34960205380236,0.503085123079928,0.791317861138862
"AAD021_009091",10.6397626328167,-0.658946167806859,0.636256289419332,2.34525234660883,0.503907230962194,0.791567956079235
"AAD021_000742",8.84094252516389,-0.10604290531393,0.669800733449852,2.34176702019698,0.504566708845828,0.791567956079235
"AAD021_007138",8.60768446118934,0.00751519596981433,0.674157043907982,2.33190580325503,0.506436172981753,0.791839733692743
"AAD021_003678",39.1275953512652,0.452505745737657,0.659712866857061,2.33038733926816,0.506724507943727,0.791839733692743
"AAD021_002931",15.7193845502051,0.347918217101108,0.614102180412506,2.33182706200273,0.506451121765406,0.791839733692743
"AAD021_006490",22.1476192935142,0.57201838915147,0.586706779339904,2.32306035739272,0.508117555455301,0.792981374028677
"AAD021_002494",8.46451779074729,-0.430812340632283,0.697380099329498,2.31750407816928,0.509175886767908,0.793598354767169
"AAD021_010291",16.9989974363861,0.147468533054115,0.756542322841774,2.29361342605814,0.513745509029762,0.795023349626553
"AAD021_008593",64.6909022483954,-0.38697804144943,0.730784076970504,2.30347639100896,0.511855249914229,0.795023349626553
"AAD021_004033",18.205237483361,-0.0717643981869868,0.59326740849076,2.29073945566385,0.51429730253681,0.795023349626553
"AAD021_002177",10.2918921623944,0.218522507967462,0.703451697995397,2.29456069574773,0.513563734102882,0.795023349626553
"AAD021_002227",14.6131917080334,0.846189876823184,0.697281406113305,2.28843835747624,0.514739428538495,0.795023349626553
"AAD021_002825",8.68088045578837,-0.369645608591303,0.671563730930227,2.30566276080752,0.511436940468563,0.795023349626553
"AAD021_001214",12.4748775394743,-0.0970071492483048,0.504535662193368,2.3003570652757,0.512452506200298,0.795023349626553
"AAD021_006500",7.5649643884004,0.00756994735908969,0.803554884963608,2.27601132277202,0.517132071607231,0.797689548600329
"AAD021_002439",14.5366063470552,0.239834386981912,0.500071268902859,2.2711885099352,0.518062882677483,0.79809687331396
"AAD021_010406",10.7192248824349,-0.736609465581168,0.578838462647339,2.24765904237469,0.52262213019931,0.80368964286767
"AAD021_008148",7.32248022974466,-0.71948582156367,0.906700851901119,2.23863329783275,0.524378956624603,0.80368964286767
"AAD021_006032",53.1546330273144,0.195449445346041,0.571240250827597,2.24004710955126,0.524103473415247,0.80368964286767
"AAD021_000902",15.7918451117463,0.287161239789675,0.565281819774191,2.2410412611535,0.523909826113216,0.80368964286767
"AAD021_003816",20.1318008665407,0.486316718242699,0.521833290362156,2.22931234596426,0.526197854022256,0.805446075785985
"AAD021_008066",34.143528534693,-0.272115326023383,0.592858312321595,2.21818568057125,0.528375247703229,0.807746068327924
"AAD021_008078",6.99617201010954,-0.716783630158704,0.648143409463871,2.21389928996852,0.529215835983745,0.807999178153754
"AAD021_008321",11.5957036293987,-0.388896854531086,0.737435247085279,2.20438329922526,0.53108551408554,0.80963059631144
"AAD021_003132",27.3479647252631,-0.505159211269091,0.558749402154751,2.2015804780374,0.531637133417537,0.80963059631144
"AAD021_010859",8.54097143338671,-0.356116834654937,0.70096568659483,2.19738267468473,0.53246408666129,0.809798762714045
"AAD021_004617",25.8422634661709,0.369766596073881,0.739888063210737,2.19072721559715,0.533777129307754,0.809798762714045
"AAD021_002968",18.3509318752607,0.228372675745471,0.513149108945388,2.19248673809696,0.533429765299298,0.809798762714045
"AAD021_004166",34.6219426095619,0.377351729116629,0.554770998501608,2.17923120792165,0.536050752463133,0.812218671770089
"AAD021_009772",8.27313253853105,-1.13334914155033,0.892022432328042,2.16148153198888,0.539575101648909,0.814926196031883
"AAD021_003752",9.40782041901725,-0.0101840200086374,0.619697200573235,2.1589228691309,0.540084536181628,0.814926196031883
"AAD021_002626",12.7395613872906,-0.863585076206977,0.677128217102364,2.16428410279802,0.539017506336554,0.814926196031883
"AAD021_001084",10.995163492049,0.412765824415779,0.533904032723184,2.156531884659,0.540560901962669,0.814926196031883
"AAD021_001067",8.75507127921179,0.760817335834822,0.583071386761439,2.15277291285382,0.54131043522396,0.815029674167396
"AAD021_007244",14.6283466653669,-0.0231683538467453,0.643758871232593,2.13114338565744,0.545637983877127,0.817432624156346
"AAD021_005821",9.47829792472884,1.76876679721261,2.05470325797247,2.13617675743038,0.54462870014216,0.817432624156346
"AAD021_002714",36.653077651008,0.0679385488284122,0.547008791141872,2.13494832512146,0.544874898940334,0.817432624156346
"AAD021_000731",11.1581600695416,-0.0575075770366333,0.635849206606422,2.13275131026323,0.54531541868717,0.817432624156346
"AAD021_004227",9.43351681985068,0.473176889814353,1.20944943851055,2.1270068359205,0.546468448256812,0.817653415704256
"AAD021_010739",20.5341704638538,0.0877926973827088,0.943531347681964,2.11315576844066,0.549255850335111,0.818753739540633
"AAD021_008523",16.1305345918628,-0.241619063746528,0.543195727857321,2.11356714067114,0.549172918491659,0.818753739540633
"AAD021_009078",15.205881085842,-0.79469912283237,0.728731850663501,2.11781077987644,0.548317933690177,0.818753739540633
"AAD021_008101",10.6324655071074,-0.418473942204775,0.704637545942469,2.10424401300405,0.551054647886794,0.820413449652353
"AAD021_011106",18.842102526906,0.0104273374545118,0.470718087083809,2.09932274225281,0.552049789346775,0.8208740345939
"AAD021_007178",34.4309229401457,0.31572054266495,0.47716881584097,2.08947270611905,0.554045440836319,0.822819345758156
"AAD021_005344",12.5435445710294,0.359291869892369,0.719136163103467,2.08256442893068,0.555448143715375,0.82388033212801
"AAD021_010112",36.5048104131268,-0.752127186447443,0.643482054996011,2.05757743465205,0.560542695038285,0.827928957162805
"AAD021_006936",8.06236055967969,-1.04300434533958,0.888841103351436,2.05853368761886,0.560347121397191,0.827928957162805
"AAD021_003248",13.3908039868097,-0.191204924086183,0.603958498406374,2.05807667931842,0.560440583112181,0.827928957162805
"AAD021_000810",12.3146855777313,-0.265160189794432,0.638946018921637,2.05561429912679,0.560944347751909,0.827928957162805
"AAD021_007640",8.3335035786301,-0.433379119275102,0.719447625596313,2.04621311075933,0.56287061338502,0.8287283200761
"AAD021_007955",12.8691746933307,0.629759465810521,0.563922851569767,2.04630928352961,0.562850884490393,0.8287283200761
"AAD021_008846",9.78186236801093,1.16938942738728,0.893410871780003,2.03059898908985,0.566080121517545,0.829101116879233
"AAD021_005078",16.9984441218392,0.0602800007074248,0.498608788429499,2.03292791495325,0.565600597385211,0.829101116879233
"AAD021_006111",7.86901690832816,-0.0782602271050767,0.650558093725806,2.02813840319308,0.566587062328499,0.829101116879233
"AAD021_001064",8.8095904845948,-0.0226342904134648,0.736601859453484,2.03454347417147,0.565268121534832,0.829101116879233
"AAD021_001522",19.8637695677212,0.0970440897434764,0.646210643966567,2.03974132470462,0.564199350517797,0.829101116879233
"AAD021_005248",16.2901263865285,-0.554155164653494,0.693724360151442,2.02379314186197,0.567483064621442,0.829398325215954
"AAD021_010753",13.2038873068052,-0.64347039424796,0.573388727579831,2.01771307128709,0.568738442041223,0.830219408687006
"AAD021_003709",17.2466417125516,-0.156980688978148,0.515819814488657,2.00574657026382,0.57121483943651,0.831420963710443
"AAD021_004157",48.5580243206114,0.0675055051755601,0.513136868586021,2.00317638789031,0.571747695088635,0.831420963710443
"AAD021_002079",9.38831545053507,0.380840290356217,0.599898319393787,1.99439793801346,0.573570247264823,0.831420963710443
"AAD021_002862",8.13236215017882,0.227566586552539,0.719154629904729,1.9936337903616,0.573729086069194,0.831420963710443
"AAD021_000579",8.00769610805195,0.919461512864466,0.715114174128509,1.99585558468384,0.573267338874064,0.831420963710443
"AAD021_000828",25.8982375278583,-0.359572694751506,0.6191768307347,2.00415253775172,0.571545277219081,0.831420963710443
"AAD021_004535",13.3348176000096,0.396524913575318,0.846435172313096,1.97779873696844,0.577027423554382,0.834658766040276
"AAD021_000790",28.4786752575353,0.475955098500987,0.441747692692007,1.97621535742401,0.577357943426356,0.834658766040276
"AAD021_002856",19.8968478606,0.75460097518522,0.598653720883892,1.96890336259831,0.578885949546331,0.835858240780408
"AAD021_003784",10.4987765551096,0.531962288221589,0.651523314609893,1.95395186018455,0.58201896232704,0.839369515548756
"AAD021_006565",16.3678565554363,-0.596365038611845,1.67141715762697,1.94524425639747,0.58384887906161,0.840995316771055
"AAD021_011760",12.2894556676712,0.426062436477172,0.627264497392775,1.91741370257482,0.589723450911578,0.843937104241604
"AAD021_009642",13.8882677387803,-1.12265670701093,1.26642195113608,1.8835188418675,0.596931060987569,0.843937104241604
"AAD021_009788",27.9850332856619,-0.0918836523837589,0.47613803641967,1.89214630911511,0.595090978155736,0.843937104241604
"AAD021_007678",12.3971636400249,-0.296726151860941,0.858065476260174,1.85897572395268,0.60218600678373,0.843937104241604
"AAD021_007687",7.16445536959278,0.296594470778482,0.730880085189423,1.85730526475547,0.602544759440151,0.843937104241604
"AAD021_008318",31.9929668770153,-0.657189098018152,0.654678024212337,1.92165337571595,0.588825983150838,0.843937104241604
"AAD021_008620",15.1766999094622,0.526584348676631,0.519436849852282,1.85066136959615,0.603972989967352,0.843937104241604
"AAD021_008728",7.50165393268204,-1.24721602201742,0.989942039844496,1.86800591141106,0.600249056661505,0.843937104241604
"AAD021_009461",16.7650603944288,0.0555386934560162,0.557778506189071,1.88859670840166,0.595847591808368,0.843937104241604
"AAD021_005155",20.6210227246194,1.16566823698484,0.895558497965061,1.91670479330759,0.589873604031322,0.843937104241604
"AAD021_007099",15.1286845424335,-0.576730869891175,0.632493384270751,1.87562440514013,0.598618067518492,0.843937104241604
"AAD021_005949",11.5088850214747,0.429289516717832,0.538456252958269,1.84702826406283,0.604754917914897,0.843937104241604
"AAD021_006053",9.7547903896126,0.469624134849965,0.850532107084073,1.85840783076416,0.602307953643833,0.843937104241604
"AAD021_006291",18.2291547907633,-0.0800314804801494,0.583448736034718,1.88516852953244,0.596578923862117,0.843937104241604
"AAD021_003541",12.2754774158716,-0.332337222854642,0.497976946954562,1.83968458774233,0.606337434960551,0.843937104241604
"AAD021_003616",12.6255673858116,-0.0888798657957149,0.616377790104448,1.91292589599026,0.590674436581664,0.843937104241604
"AAD021_003650",34.6621643694532,-1.47443757748633,1.99907943293801,1.85633357958166,0.602753505006991,0.843937104241604
"AAD021_003747",10.4902858278281,0.297204295789591,0.624822075017925,1.8449394029612,0.605204784018582,0.843937104241604
"AAD021_003902",30.380820049702,0.457148996927442,0.44534683917062,1.86549817122683,0.60078655342924,0.843937104241604
"AAD021_004422",8.24282642511219,0.884068665710952,0.656844875890619,1.92030500351167,0.58911131211096,0.843937104241604
"AAD021_001992",16.0838609308841,-0.764937136574024,0.623802844599121,1.89561821232958,0.594351538329466,0.843937104241604
"AAD021_002154",9.362141503714,-0.435348183003156,0.62053395663024,1.84229192402839,0.605775265704179,0.843937104241604
"AAD021_003143",12.0669267977138,0.277990288196178,0.632216955633653,1.89190506495601,0.595142380417548,0.843937104241604
"AAD021_000427",16.8194962910735,0.273666346505637,0.570137007061751,1.90199827791717,0.592994304327678,0.843937104241604
"AAD021_000504",7.09132112565312,-0.653247536463136,0.752220581942527,1.87115511844713,0.599574514501552,0.843937104241604
"AAD021_000728",10.9442913829941,0.505838483469978,0.672366991324196,1.87687117332959,0.598351431483621,0.843937104241604
"AAD021_001001",7.60404639660083,-0.0961681802076473,0.822554850289914,1.85663093821607,0.602689618959411,0.843937104241604
"AAD021_001003",9.29233750710367,0.338511784528128,0.641225108215618,1.89074794821791,0.595388969679959,0.843937104241604
"AAD021_001482",10.2168292188448,0.337621321871212,0.795184515782071,1.84846364307968,0.604445913382452,0.843937104241604
"AAD021_009598",9.81367822197273,-0.777353358988823,0.704355049852301,1.83361430053661,0.607647548749264,0.844778299480684
"AAD021_010916",9.50748316189371,-0.0115255199426668,0.744029038386506,1.81648340055922,0.611354549240806,0.848945934386595
"AAD021_008951",8.36477001395806,-0.0161731846630469,0.616991514172378,1.81057584240347,0.612636222668304,0.849739928776315
"AAD021_000197",9.08466805167767,1.07615739816377,0.951557086817611,1.80426370087243,0.614007546480256,0.850656288352855
"AAD021_001306",9.13462599301704,0.284301671777299,0.696940073177322,1.79093016758736,0.616910619238837,0.853690186391778
"AAD021_011714",17.1559821361942,0.503456443895775,0.583535275752789,1.78000772589461,0.619295112293,0.854266941779717
"AAD021_002964",13.8101198409271,0.366621487447969,0.550013180327946,1.77921486500442,0.61946842561804,0.854266941779717
"AAD021_000248",8.20671440664848,-0.455057125889345,0.617142168741558,1.78163908961488,0.618938603374643,0.854266941779717
"AAD021_008399",7.91867794738601,-0.656402858864997,0.699402617611569,1.76929686780336,0.621638962691024,0.85528946935765
"AAD021_002846",12.9922282422837,-0.423281928526078,0.581734921668053,1.77029277571768,0.621420797908792,0.85528946935765
"AAD021_008043",21.7567356066134,-0.153108698176771,0.608657967623923,1.76587374825401,0.622389195456321,0.855338538417011
"AAD021_010634",51.104796109931,-0.113041360174187,0.679109323103005,1.74919146842933,0.626053345295974,0.857790033517004
"AAD021_009689",17.4672925564206,-0.309315941018711,0.646228559271411,1.75369732469764,0.625062366833787,0.857790033517004
"AAD021_002819",36.7141422646645,0.284008282591291,0.52762995519041,1.74796667255666,0.62632288161559,0.857790033517004
"AAD021_007731",7.16743320845586,-0.599220542353176,0.61513533205424,1.73288803638016,0.629646954881525,0.85939270808801
"AAD021_008253",8.32937233839183,0.663449414490606,0.695325785940464,1.7373764310429,0.628656378039835,0.85939270808801
"AAD021_002269",10.7654720721978,-1.08643732473865,0.862640451913225,1.73491806268224,0.629198816786619,0.85939270808801
"AAD021_008639",14.9313524620485,-0.758970141495126,1.23762046557361,1.7267681730343,0.630999107711782,0.860257325661734
"AAD021_008255",11.205049966984,0.555645297284713,0.587067664794084,1.71319349767853,0.634004573657266,0.862883370890107
"AAD021_002012",10.957552114264,0.378858181997674,0.59597993221582,1.70940877830652,0.634844038698225,0.862883370890107
"AAD021_000911",9.13885083349659,0.254152519103959,0.574880495435139,1.70562169954235,0.635684687196146,0.862883370890107
"AAD021_001027",49.9657498534387,-0.272769210586587,0.551522957641962,1.70506283092445,0.635808799603237,0.862883370890107
"AAD021_001359",8.8073767515236,0.511771994876525,0.870007763321834,1.69977659777737,0.636983464226974,0.863498535311084
"AAD021_002791",7.92512557823174,0.316677536497869,0.752725513983128,1.68737695512272,0.639743824620378,0.864304015881029
"AAD021_003051",47.08805005694,0.46270541522797,0.552545524849157,1.69108745185528,0.638917073770905,0.864304015881029
"AAD021_001257",8.94479248202646,0.583478524950443,0.713537344577117,1.689302488837,0.639314710514724,0.864304015881029
"AAD021_012031",7.68724314502438,-0.0391586652496451,0.846720310425856,1.68043043874447,0.641293285426859,0.864414138727651
"AAD021_007611",12.5890958284827,0.268337421277352,0.656032416532789,1.67982497609715,0.641428440848348,0.864414138727651
"AAD021_000445",11.164099920893,-0.590353635267267,0.630249036391504,1.67730212267919,0.641991787242174,0.864414138727651
"AAD021_008335",8.98455805817435,-0.0103769236876237,0.656664364241183,1.66947012766441,0.643742477103529,0.864825752068377
"AAD021_009274",10.633539307707,-0.32525507056027,0.521944217095806,1.66962718411833,0.64370734311063,0.864825752068377
"AAD021_004517",7.21896091958094,-0.463706650190292,0.648795352823054,1.66228913209234,0.645350066886557,0.865043706677725
"AAD021_001118",11.2543737089403,0.442885430511706,0.547371319554761,1.6629032669713,0.645212492038359,0.865043706677725
"AAD021_011125",8.25910274880174,-1.00149254875022,1.13258373643435,1.65758155611844,0.646405188580655,0.865243500309876
"AAD021_009980",11.5994699029834,-0.039569577143605,0.538961751379418,1.64551880671148,0.649113336072071,0.865243500309876
"AAD021_005085",12.7350957821596,0.567180047624242,0.633392399619686,1.64904538645794,0.648320935156164,0.865243500309876
"AAD021_006169",35.5122071922939,0.666268864167952,0.75766670463012,1.64835438091558,0.648476156617595,0.865243500309876
"AAD021_004021",7.39190832341589,0.013192670202584,0.758440872374626,1.6469207245661,0.648798267958034,0.865243500309876
"AAD021_002575",9.34822440391679,0.396140314177189,0.745288869693098,1.63878784867777,0.650627261962013,0.866296810421056
"AAD021_010618",16.2281312777164,0.807712434653265,0.736187345722559,1.63157155812056,0.652252555914334,0.866533084827367
"AAD021_003792",7.58066670945209,0.11481121405514,0.675823787733997,1.63216236330611,0.652119405865494,0.866533084827367
"AAD021_010388",14.5208647950812,-0.119181055741447,0.648335950033538,1.61987903016892,0.654890830083891,0.869073529501572
"AAD021_004840",25.061300575139,-0.559209616689112,0.605311593994435,1.61214339659762,0.656639531235286,0.870429146056076
"AAD021_003862",12.6654337959942,0.68860200122644,0.694336369393912,1.60853739318941,0.657455576091478,0.870546819227321
"AAD021_003910",49.9994532562878,-0.0297226788368428,0.691263541950039,1.58931310658917,0.661815421584999,0.875351447112976
"AAD021_002700",8.97281775595558,0.423214043968094,0.612408640715599,1.58356503337842,0.663122052982685,0.876111586556594
"AAD021_012148",29.7900017971999,-0.591255957738556,0.773692827431101,1.56747826631135,0.666786176122172,0.876117511326279
"AAD021_011047",16.0153397281566,0.72103966283682,0.611005138221082,1.56918328522936,0.666397310643616,0.876117511326279
"AAD021_007556",6.93656241885174,-0.918980069933706,0.809597680769692,1.57885202614898,0.664194430275972,0.876117511326279
"AAD021_001120",12.4540628196867,0.643359873520236,0.582149953123412,1.57167168519508,0.665829994448182,0.876117511326279
"AAD021_001537",10.5396316154244,0.535253868937794,0.729737134708523,1.5753112859388,0.665000684959755,0.876117511326279
"AAD021_007609",10.3318450367534,-0.371380772324419,0.604033220131555,1.56303976396055,0.667799032551713,0.876486230224124
"AAD021_012007",25.8897624494045,-0.0761983140946742,0.77973047570434,1.54947216250201,0.670900136958168,0.876711205173501
"AAD021_005168",34.0010879558991,0.376275001332236,0.947225654102271,1.55267116540912,0.670168274167152,0.876711205173501
"AAD021_002352",7.92619588684292,-0.651140130575696,0.672511266095492,1.55883915673508,0.668758347956335,0.876711205173501
"AAD021_001276",9.76328991035539,0.697781545734606,0.645948836807057,1.54990211226863,0.670801749552112,0.876711205173501
"AAD021_012493",57.4154616522258,1.44770898465556,2.0080242282554,1.5427165192074,0.672447045024224,0.87760230777546
"AAD021_007262",7.88904912078877,0.0651914044736723,0.684255273931614,1.5400925152957,0.673048386414263,0.87760230777546
"AAD021_004415",7.01398491785141,0.576608023044328,0.869804261426995,1.53293893196964,0.67468917222836,0.877926453861144
"AAD021_001167",7.4493166861875,0.00160668417483049,0.74638714070559,1.53261352694372,0.674763857604221,0.877926453861144
"AAD021_008308",23.3497904645696,-0.693368971368452,0.766318649238132,1.52426452752692,0.676681519353937,0.879405949534422
"AAD021_007204",11.0152484904925,-0.131591729811046,0.691475168892922,1.52126855416188,0.67737033038491,0.879405949534422
"AAD021_012019",11.5821731068445,-0.879799266117014,0.962568506625299,1.46982710318038,0.689251520713293,0.879567239119203
"AAD021_010247",16.2035191787758,0.94392613731119,0.874262644459213,1.51401848372112,0.679038671666128,0.879567239119203
"AAD021_010373",8.44236025852507,-0.154036841718245,0.840719037419269,1.47226995624844,0.688685037871297,0.879567239119203
"AAD021_010030",11.7280067422713,-0.79279072857263,0.699033232897032,1.49144779784038,0.684245576210116,0.879567239119203
"AAD021_008198",17.9013894522769,0.084165597863643,0.691654474473428,1.47617409393395,0.687780152979434,0.879567239119203
"AAD021_008353",66.2715910970071,-0.422672516558877,0.653748206499226,1.48183446372255,0.686469228209529,0.879567239119203
"AAD021_008610",18.3559461526263,-0.350234585661153,0.578351471529572,1.50022428077034,0.682218567417655,0.879567239119203
"AAD021_008858",18.2769105496182,-0.624218462949787,0.662103444104722,1.50932599758751,0.680119573741592,0.879567239119203
"AAD021_004969",43.8101339465868,0.278509883782213,0.596200916151671,1.48210088437102,0.686407555629064,0.879567239119203
"AAD021_006679",21.657160180208,-0.167159412229371,0.472940327538428,1.49234980482133,0.684037113713053,0.879567239119203
"AAD021_003674",9.39168155298151,-0.108899893877069,0.749602454407091,1.4750089524363,0.688050145155367,0.879567239119203
"AAD021_003867",8.18922025953053,-0.25780136665378,0.66469159921133,1.50742484989044,0.680557742161434,0.879567239119203
"AAD021_003990",9.71570282453628,0.502148453111368,0.710674975988732,1.50315102352451,0.68154326693202,0.879567239119203
"AAD021_004484",28.9250660112058,-0.102098018024657,0.700837316168875,1.49614493266455,0.683160363295836,0.879567239119203
"AAD021_002481",12.275378887787,0.0946485158573215,0.671284330277167,1.47165815454849,0.688826890181416,0.879567239119203
"AAD021_001336",12.4126045344413,-0.190376581504823,0.597625095375991,1.49014948910127,0.684545682240565,0.879567239119203
"AAD021_007896",10.1618751895971,-0.536880390541682,0.57411946341525,1.46269469865696,0.690906745417595,0.879579604960484
"AAD021_008300",9.11404523432397,-0.408878743760432,0.748742073388472,1.46436740531071,0.690518390257136,0.879579604960484
"AAD021_004278",9.879898664172,0.317610801280614,0.847884022056097,1.45712551721984,0.692200491121785,0.879579604960484
"AAD021_000996",10.6326196027264,0.226821974380502,0.534908105353083,1.45715605352876,0.69219339431041,0.879579604960484
"AAD021_004515",8.12588564176697,-0.353508244183159,0.735769781834236,1.4430306661117,0.695479820418217,0.881110166485134
"AAD021_003021",8.01836455638707,0.26935452790118,0.634525327498576,1.44245765465212,0.695613289330369,0.881110166485134
"AAD021_000556",11.7312915989669,-0.627281687792968,0.699100709464466,1.44265773170794,0.695566684972734,0.881110166485134
"AAD021_007962",8.13890342139976,0.449597698343583,0.607722328412148,1.43278959027889,0.697866987885397,0.882287776229538
"AAD021_000672",10.0903158657673,0.420754234671406,0.607228280052456,1.43214593471559,0.698017146273494,0.882287776229538
"AAD021_008533",14.1333992985586,-0.235766754693463,0.62665815405934,1.42605529938214,0.699438750354646,0.883152093011087
"AAD021_006028",16.1470610726604,0.446961141746911,0.508799054183864,1.42198146924633,0.700390338558566,0.883421744209276
"AAD021_006722",32.5620368208711,0.493259004968084,0.611444324641533,1.41482866002994,0.702062521880922,0.883668600096177
"AAD021_002496",7.58973513372773,0.726870401403584,0.673020658497361,1.41652193284865,0.70166650943696,0.883668600096177
"AAD021_009251",16.4035318991852,0.555208982445214,0.548492301721388,1.40430514263213,0.70452589280098,0.883980601344627
"AAD021_005108",7.43289755213576,0.766133481635032,0.828436166108442,1.40742777806452,0.703794546077183,0.883980601344627
"AAD021_001792",61.6121389672977,-0.0386773081120209,0.520106501137321,1.40886004897365,0.703459206985395,0.883980601344627
"AAD021_009304",19.0650000220756,-0.690662464186425,0.830127182023766,1.39271517854496,0.707243218988406,0.884460204840102
"AAD021_005079",32.3782260520669,0.0487397670568546,0.556559936997713,1.39007126833471,0.707863722837776,0.884460204840102
"AAD021_000129",20.5535950552705,-0.0387798386213303,0.649966657279563,1.394085974845,0.706921595407136,0.884460204840102
"AAD021_001604",25.8890967927691,0.50338917347428,0.633223583145138,1.39818603632614,0.705959989449982,0.884460204840102
"AAD021_012014",7.16359705577637,-0.542456458031778,0.759119644302659,1.36002624971066,0.714930957831618,0.887380395993333
"AAD021_009663",11.4702902543659,-0.109466529195063,0.706149376158888,1.37286621544402,0.71190718312607,0.887380395993333
"AAD021_009887",7.27237467611574,-0.025967274637083,0.731131244775396,1.37685730393414,0.710968360753448,0.887380395993333
"AAD021_008310",160.028613024391,-0.220682511710705,0.421055779414888,1.367008818974,0.713285937046878,0.887380395993333
"AAD021_004285",22.2588412143482,0.149027594521278,0.530317512120008,1.35493421873069,0.716131547643743,0.887380395993333
"AAD021_002405",21.7411357636818,-0.44035117267388,0.508195423626335,1.35662560855968,0.715732665589834,0.887380395993333
"AAD021_000969",193.550074106987,0.0537598174675809,0.557118616778732,1.35813891835738,0.715375855463881,0.887380395993333
"AAD021_001045",35.6412113275612,0.270849267732756,0.481166590924512,1.36386435980071,0.71402654941684,0.887380395993333
"AAD021_007647",14.28139791793,0.753732464811487,0.666161291355971,1.34933978170164,0.717451516972445,0.888096655445725
"AAD021_007837",11.2504067443343,0.551659639000959,0.648975388552238,1.33853609534373,0.720003270213283,0.888970069762913
"AAD021_006074",8.42446279786869,-0.0658894022705766,0.813333425622799,1.33692076023371,0.720385102481224,0.888970069762913
"AAD021_004159",32.7999556642679,-0.31496902530916,0.523687445641147,1.34257999219351,0.719047718075571,0.888970069762913
"AAD021_007838",9.32532637577597,-0.642390753677544,0.79070005854698,1.33201934123852,0.721544172590603,0.889437877931401
"AAD021_008005",10.0431338094505,-0.021549646899649,0.613153253513716,1.32195756144183,0.723925757515324,0.889437877931401
"AAD021_008373",10.4621968781591,-0.567903798891286,0.606301467406275,1.32189481581024,0.723940618395747,0.889437877931401
"AAD021_007212",9.21123304981748,-0.215396071276103,0.628384527491257,1.31961997992792,0.724479474505527,0.889437877931401
"AAD021_000770",14.1932537486785,-0.394612310956708,0.768127837894061,1.32790458113813,0.722517763574301,0.889437877931401
"AAD021_008538",17.1273953897029,-0.376510501177104,0.735802640633328,1.31196297641849,0.726294328394247,0.890752367917945
"AAD021_008338",70.1174009231636,-0.30514415465888,0.41152177414096,1.29167494592852,0.731110885991834,0.891561139366172
"AAD021_005134",177.543216808252,0.470758084369388,0.481160089985536,1.29705377488131,0.729832805300455,0.891561139366172
"AAD021_006177",9.37527443878655,0.517934240369975,0.842998644204574,1.29036293225207,0.731422755937828,0.891561139366172
"AAD021_003732",7.56439971152849,-0.402856943660452,0.684352274970628,1.29134657575122,0.731188936329966,0.891561139366172
"AAD021_002334",8.00049863119163,0.436868616733964,0.621030729845958,1.29653325470551,0.729956453533152,0.891561139366172
"AAD021_000582",8.4607405133056,-0.0488843170948903,0.646063999718743,1.30063392297913,0.728982550475473,0.891561139366172
"AAD021_011036",16.3442899086759,-0.141782658190636,0.467877632785434,1.28308741046882,0.733153002565279,0.892761082472675
"AAD021_003899",13.8689553253774,-0.544569724418737,0.528548091796378,1.26529544885339,0.737390040842279,0.897008007000212
"AAD021_010989",50.8698333906689,0.613255823331024,0.963790654121425,1.25346537941641,0.740211696889535,0.898841231672143
"AAD021_010664",15.3681340483778,0.238101072905958,0.654743351677282,1.25268111915757,0.740398875880312,0.898841231672143
"AAD021_012017",14.8277929434399,-0.498346694583047,0.598864928980825,1.24427867790492,0.742405204023504,0.899925517281634
"AAD021_009422",7.01946085354045,0.0285010624371248,0.908717125351338,1.24264425021789,0.742795665057857,0.899925517281634
"AAD021_007401",19.9206779287516,-0.850805864341389,0.972457409351934,1.23711273701331,0.744117591269024,0.900615527552095
"AAD021_008358",22.1046159957325,0.336842300293749,0.561686004194678,1.22874019177297,0.746119799166625,0.901216346722957
"AAD021_006561",6.41237956361169,-0.324750292288923,0.956961730973127,1.22948511546861,0.745941594416949,0.901216346722957
"AAD021_007323",19.5982714708753,-0.530026544282328,0.633791926167155,1.22263566621626,0.747580620040157,0.902070566721842
"AAD021_008113",38.8247533195933,-0.667161338196879,0.619586993517749,1.19875033701038,0.753304048052986,0.902703085756546
"AAD021_008288",40.3609549294094,-0.293155962181717,0.574675249500487,1.2090242851317,0.750840739019637,0.902703085756546
"AAD021_003765",8.46317711602668,-0.699646105997771,0.769152799932762,1.19841794679712,0.75338377833817,0.902703085756546
"AAD021_004445",61.1006348232032,0.578847663053916,0.611594634601919,1.20450331958565,0.75192443346189,0.902703085756546
"AAD021_002193",14.2080834020031,0.544182151673374,0.606961858474538,1.20265017508115,0.752368760616253,0.902703085756546
"AAD021_002600",189.464529259575,0.199625441291385,0.480356861141295,1.20325000362672,0.752224932528998,0.902703085756546
"AAD021_002958",7.45500190317493,-0.35288184418418,0.77825400999562,1.21193773292072,0.75014259723311,0.902703085756546
"AAD021_007852",18.9971394601777,-0.453496613300773,0.510951441622281,1.19185493156498,0.754958491197743,0.903685313963699
"AAD021_011019",7.64800972341455,-0.693228551793567,0.767315614811262,1.17588259980826,0.758794280239653,0.903724902400888
"AAD021_008167",9.45632480875095,-0.056821320336407,0.5656127885614,1.18292676528783,0.757102023513022,0.903724902400888
"AAD021_009039",11.3149913203084,-0.422277629609398,0.637703474516104,1.16657566319689,0.761031496758642,0.903724902400888
"AAD021_003519",8.09511045600571,0.55587484235694,0.732780517861259,1.18484297001542,0.756641841804741,0.903724902400888
"AAD021_004542",6.81353461570034,-0.70736780659439,0.850163567903847,1.17367975863735,0.759323664735151,0.903724902400888
"AAD021_002567",20.5955880892238,0.0349997092038122,0.537191791107872,1.17449201179456,0.759128454811064,0.903724902400888
"AAD021_001193",37.7939777180492,0.59302329893745,0.637708213848456,1.17060766025963,0.760062092098513,0.903724902400888
"AAD021_001241",48.5812987780899,0.338522242377492,1.122149729165,1.16816813808146,0.760648587673182,0.903724902400888
"AAD021_006838",10.2872974684035,-0.479721436113858,0.570681564555684,1.16110464068657,0.762347328505593,0.904390240060649
"AAD021_001031",26.3940064330113,0.332114989135494,0.48101139629374,1.14419668095456,0.766416943150666,0.908317901932027
"AAD021_000536",62.7172581430956,0.222291477585313,0.547914650857686,1.14023292701177,0.767371631766956,0.908549795474823
"AAD021_006798",9.50310563975049,0.226608007898719,0.600605989620114,1.13061500755965,0.769689108619787,0.91039314527459
"AAD021_007842",7.74878452590248,-0.374038749274992,0.750565881855633,1.10494504663639,0.775880465785732,0.91230738462232
"AAD021_008104",23.12998599334,-0.119221197190244,0.60707993977615,1.10572278082188,0.775692764266326,0.91230738462232
"AAD021_008311",86.4607245936935,0.302672505330503,0.466410036499504,1.11750305955786,0.772850543967134,0.91230738462232
"AAD021_006763",6.31264665813086,0.151702192385522,0.973493567171885,1.10916140716589,0.774862956522317,0.91230738462232
"AAD021_006255",10.5075565098141,0.359669224286165,0.60673648709015,1.10959799180075,0.774757610078946,0.91230738462232
"AAD021_001188",32.0836768963677,0.0667671247565837,0.525434369511916,1.11926497589359,0.772425594980428,0.91230738462232
"AAD021_006205",24.0974005770825,0.42505803092696,0.659829178038322,1.08957824943414,0.779590512858445,0.915275037880786
"AAD021_002171",11.9139669559776,-0.231230743598212,0.595486255676123,1.08815764877895,0.779933616239266,0.915275037880786
"AAD021_008157",12.7268370071983,0.464663741129815,0.708378564437503,1.07901652810003,0.782141838739814,0.916070235784303
"AAD021_008458",8.51518003495053,0.197825164319494,0.609785269305928,1.07983740029955,0.781943509086611,0.916070235784303
"AAD021_011131",15.7478119832351,-0.611954063158312,0.79327868949412,1.07493775559067,0.783127391884284,0.916327945342608
"AAD021_008862",10.4700150176817,-0.489848722083116,1.05093171371199,1.06294854654695,0.786025127184931,0.917042018358575
"AAD021_000490",9.04129565727124,-0.340929918675082,0.722059620492789,1.06290350430939,0.786036015735921,0.917042018358575
"AAD021_001135",65.5374937496784,0.335393236963306,0.638007646124181,1.06293998640433,0.786027196520384,0.917042018358575
"AAD021_012352",16.4371411153549,-0.256737036960098,0.598219926545992,1.05558429891032,0.787805552805358,0.917979114506285
"AAD021_001218",8.16072265087845,0.292948455107833,0.681287841778722,1.05323734775708,0.788373040695456,0.917979114506285
"AAD021_008065",8.75574406203245,0.106260096432903,0.624280314615538,1.03973399032031,0.791638734719953,0.920885875082394
"AAD021_004407",10.8696441191729,-0.292102393810527,0.721787887706471,1.025921390524,0.794980085957722,0.922683352257521
"AAD021_002664",9.80343150228817,-0.398409286373329,0.7350318286649,1.02378717970014,0.795496424001472,0.922683352257521
"AAD021_001010",10.0900624658527,-0.200430137787298,0.627522654857705,1.02766491656885,0.794558278104869,0.922683352257521
"AAD021_011244",14.6650582450377,-0.447174611443271,0.684618780187303,1.0167463566511,0.797199922760665,0.923098929797244
"AAD021_000686",11.7295083661665,-0.363537153752156,0.685502449418576,1.01593154412711,0.797397070518254,0.923098929797244
"AAD021_010379",14.4791560567491,0.206607202381804,0.528514669775622,1.00434471253563,0.800200665311273,0.924556174109646
"AAD021_001305",6.29216740577128,0.348735469937507,0.682562921911654,1.00675363766099,0.799617780493796,0.924556174109646
"AAD021_007987",20.4680613476299,-0.253309607013666,0.6423443731022,0.985228269847283,0.804826217671039,0.92632402168484
"AAD021_008510",7.1292275093151,0.00984451339295291,0.756023882888272,0.991839380759743,0.803226576847917,0.92632402168484
"AAD021_006265",9.4821640984538,-0.132082616647092,0.673151294648146,0.988952052450372,0.803925209432204,0.92632402168484
"AAD021_002454",8.66832640063846,0.435843200913913,0.715662039896489,0.987685890719234,0.804231572960336,0.92632402168484
"AAD021_006262",104.864581116196,0.0638799977404689,0.460216221161023,0.978884944607898,0.806360990302213,0.927198948503121
"AAD021_001058",29.4412551275817,0.0661984254694744,0.506315879219839,0.973407373265459,0.807686209758569,0.927831471286955
"AAD021_010272",9.01363480388468,0.203674640423565,0.761767174147922,0.964344747239124,0.8098785536711,0.929457937434618
"AAD021_012243",27.2792675713299,-0.510035237654824,0.705140112811563,0.955418696691567,0.812037499867628,0.93015204530292
"AAD021_009050",53.0295030278963,0.1338027317605,0.439769435556034,0.958182608488414,0.811369035473415,0.93015204530292
"AAD021_008120",43.8281467940605,-0.122432193646177,0.497781129021721,0.943710106098223,0.814868763008234,0.93052532051842
"AAD021_004575",10.1557009493169,-0.144175421890252,0.630303832632121,0.946428076405482,0.814211608739706,0.93052532051842
"AAD021_002224",123.328991759588,0.193988703416223,0.523973877248685,0.946849692007561,0.814109665393295,0.93052532051842
"AAD021_003289",8.65255415854322,-0.0837031974801424,0.815962707229398,0.938192402755618,0.816202673524164,0.93052532051842
"AAD021_000487",9.70628852164262,-0.492410569842459,0.610549223923472,0.937995456438614,0.816250281156508,0.93052532051842
"AAD021_008337",7.74019734501623,0.184515915510747,0.623715884906036,0.927539109679145,0.818777411945389,0.931727510173164
"AAD021_004163",7.63176080372975,-0.400767914704361,0.812482883547234,0.927190681297631,0.818861604596632,0.931727510173164
"AAD021_004355",7.43659914279406,0.291187156358749,0.646135278413603,0.913029062958188,0.822282512167692,0.934310317302408
"AAD021_000802",10.6951971143935,0.328947746457751,0.61662399087405,0.911330692336279,0.822692626931276,0.934310317302408
"AAD021_012256",19.6141264866862,0.0851880245912653,0.52983111674301,0.894340630904665,0.826793326055841,0.935417401974331
"AAD021_009983",21.1979783986594,-0.133776720287575,0.611653423886187,0.897913419765416,0.825931319535625,0.935417401974331
"AAD021_007308",8.66896160350419,-0.129798826520788,0.626270477237037,0.895451997742626,0.826525205827981,0.935417401974331
"AAD021_004547",10.5999588388852,0.306778667384498,0.666921462072325,0.89680215565312,0.826199453229777,0.935417401974331
"AAD021_001145",36.8225263356465,0.414059653570034,0.528683524312666,0.890930319414935,0.827615962079251,0.935463934474848
"AAD021_008470",12.5322799681868,0.228799548001548,0.60640127037085,0.884722711873792,0.829112917460232,0.936271851131979
"AAD021_006055",15.9140415481945,-0.260689283131953,0.621147138243682,0.875435723903507,0.831351319317115,0.937914730652768
"AAD021_001192",9.08337886904792,0.283121656261656,0.801246554112918,0.83666913659917,0.840677633263881,0.94754343410251
"AAD021_007982",8.73570282684267,0.0536883270151327,0.561106584456629,0.812780307669826,0.84640777362028,0.950441163751109
"AAD021_008126",7.10049835488632,0.524172878106335,0.840461550783903,0.81808983001666,0.845135471183837,0.950441163751109
"AAD021_003412",8.31610704171808,-0.33872008383766,0.632999459308194,0.813831067287069,0.846156044624542,0.950441163751109
"AAD021_001000",9.45618839822373,0.0825041113077702,0.743470798211247,0.812709947152669,0.846424628703995,0.950441163751109
"AAD021_003521",11.9111994171083,0.188271290919119,0.586864135491911,0.809066690061528,0.847297194261636,0.950529279785546
"AAD021_002374",10.4935031376002,-0.0644329843973251,0.593413569151648,0.804526533747534,0.848384042647629,0.950857396113494
"AAD021_008145",5.47668533046818,-0.597227008141765,1.93946879272305,0.789961304356012,0.851866619644135,0.951189975424628
"AAD021_008306",18.5208587078712,-0.146720918635319,0.590918673447811,0.788644337186696,0.852181185721975,0.951189975424628
"AAD021_009123",8.7534624752457,-0.26273253559579,0.655855790947688,0.785653735267019,0.852895303407109,0.951189975424628
"AAD021_003991",127.258803833467,-0.31335679231377,0.446155221504336,0.7733398232767,0.855832584404615,0.951189975424628
"AAD021_004411",8.28805181289598,-0.581173205331401,0.671784200817592,0.773818641747312,0.855718466769612,0.951189975424628
"AAD021_002711",119.26616752635,0.0750099599265321,0.502696752763672,0.792668047252789,0.851219924232538,0.951189975424628
"AAD021_002818",45.3600982376548,-0.27089298914101,0.500472769668317,0.77478015573385,0.855489283378509,0.951189975424628
"AAD021_000455",8.51313923983256,0.105429854383497,0.782256100933262,0.777231115618093,0.854904935951932,0.951189975424628
"AAD021_000807",12.7537962968697,0.10634974355827,0.514748672409043,0.793103164915479,0.851115944398186,0.951189975424628
"AAD021_011908",12.3844092649474,-0.466218773530745,0.638070837321365,0.704055794601658,0.872249573097111,0.952702763770866
"AAD021_010905",17.6477515980682,0.301542206228328,0.643739787978602,0.710440619782275,0.870745505686205,0.952702763770866
"AAD021_010942",82.3598599300562,-0.127782022037072,1.17295121645551,0.713144232085597,0.870108024643067,0.952702763770866
"AAD021_007899",12.2050297955627,-0.0596523290882186,0.62445298079178,0.750310085552982,0.861311447316266,0.952702763770866
"AAD021_008367",9.86091197805239,0.268489173101125,0.610510656698637,0.741625256283157,0.863372292396675,0.952702763770866
"AAD021_008375",9.74552246917561,0.200085340905429,0.590061208959182,0.730402236651813,0.866030796692704,0.952702763770866
"AAD021_008435",16.4978367775192,0.0890824372600898,0.514033127299277,0.718518141960047,0.868839892543735,0.952702763770866
"AAD021_008820",11.7305561041801,0.0476870198085798,0.549577290396086,0.75970886633516,0.859077832907224,0.952702763770866
"AAD021_009213",61.197958573378,0.274120972708945,0.49917457972739,0.712218084092058,0.870326439075671,0.952702763770866
"AAD021_005336",12.8395097184476,0.296996067766684,0.657778182758855,0.700836891085828,0.873007086176906,0.952702763770866
"AAD021_007555",26.3001979495391,-0.275233293962123,0.773225278361272,0.727447961604383,0.866729701820948,0.952702763770866
"AAD021_006296",13.0745408794486,-0.197996093877939,0.616376139362251,0.708898343556385,0.87110899988464,0.952702763770866
"AAD021_004174",11.4832572684243,-0.276151773188248,0.745977742656066,0.739535917215207,0.863867617172817,0.952702763770866
"AAD021_004374",6.78211471916343,-0.411234561186839,0.712267234207948,0.757531238778256,0.859595646569478,0.952702763770866
"AAD021_004396",9.61244707843659,-0.3660799470305,0.663801596062606,0.720064408466243,0.868474756542804,0.952702763770866
"AAD021_004580",8.69713831389846,-0.27973022489152,0.71511753651817,0.732881284377385,0.865444023713058,0.952702763770866
"AAD021_002257",12.9238451072174,0.0651091277415351,0.537215638029992,0.702948846051697,0.872510132445424,0.952702763770866
"AAD021_003193",23.5746466690289,0.259707351717348,0.431740989452041,0.744775196114603,0.862625188150326,0.952702763770866
"AAD021_000506",11.5072808793221,0.515609825133719,0.687733296531726,0.756044882716779,0.859948980697314,0.952702763770866
"AAD021_001076",45.1127025801298,0.0704881056015143,0.475043628584762,0.700391376011453,0.873111889604544,0.952702763770866
"AAD021_001300",9.32751903595847,0.466459667030232,0.627392786150048,0.692807347783415,0.874894415674217,0.953778338398942
"AAD021_011686",12.0295072787842,0.419611066873962,0.6287693985954,0.65323662079723,0.88414404315296,0.954299378413236
"AAD021_010478",33.8797839192714,0.307698540074495,0.603905943850682,0.648698032282113,0.88519904762163,0.954299378413236
"AAD021_010672",9.99214167958096,-0.427229230252502,0.689857701596364,0.659190209669418,0.882758194430778,0.954299378413236
"AAD021_007617",6.66670590329638,0.424502344311844,0.876718292833257,0.632621476830352,0.888925486157693,0.954299378413236
"AAD021_008366",11.0775540820593,0.161692856355518,0.577684540196803,0.651939650724884,0.884445657406163,0.954299378413236
"AAD021_009111",10.2015458359607,-0.0256675525845356,0.580514918949346,0.649413550567104,0.885032809305,0.954299378413236
"AAD021_009115",8.58524431762895,-0.250407050730721,0.610011398552888,0.656187392645677,0.883457446358763,0.954299378413236
"AAD021_009412",17.9798071447748,0.222700237556262,0.971829327754666,0.637862730306438,0.887712451465125,0.954299378413236
"AAD021_005937",30.4017983162714,-0.229976989150032,0.492349378766874,0.667375949925088,0.880849281612319,0.954299378413236
"AAD021_003620",7.35249590740535,-0.205182447376868,0.709976784685938,0.663971092791641,0.8816437748567,0.954299378413236
"AAD021_003960",7.6024633788596,-0.212650160411373,0.823595683831561,0.644647025572837,0.886139618971918,0.954299378413236
"AAD021_004149",7.82783738270219,-0.379431435883974,0.769700850846735,0.640718993164597,0.887050635756933,0.954299378413236
"AAD021_002611",11.8516618845971,-0.343764364647329,0.515259324761848,0.663373711439434,0.881783098226044,0.954299378413236
"AAD021_002927",11.0119494565429,-0.116137778363111,0.491616931155037,0.651492311002926,0.884549663403628,0.954299378413236
"AAD021_002942",9.40804341909874,0.171287935395755,0.67026664885844,0.682047643886634,0.877418179684159,0.954299378413236
"AAD021_000620",57.616660780514,-0.138524021553441,0.497888573462513,0.641894459274937,0.886778117839625,0.954299378413236
"AAD021_001420",9.59741285385427,0.295737370832268,0.728955618692294,0.63399345942068,0.888608131437662,0.954299378413236
"AAD021_007406",15.1144297980221,-0.421501768962441,0.710041617528284,0.620261563049695,0.891778687700608,0.956046767352582
"AAD021_002681",13.4527858284348,0.134222482455285,0.557071794011837,0.615672895522152,0.892835235230595,0.956046767352582
"AAD021_000649",25.2564197562881,0.242678987082708,0.475988185999098,0.615177207541592,0.892949278112102,0.956046767352582
"AAD021_008540",8.64149009018871,-0.474839176778342,0.656612526844686,0.60896709725688,0.894376528101818,0.956410248323379
"AAD021_009221",8.14733570390915,0.108764271003956,0.739012833101557,0.603259471310892,0.895685788112371,0.956410248323379
"AAD021_007328",47.9203725384619,0.115645555890768,0.459182871774335,0.60517551932125,0.89524654106076,0.956410248323379
"AAD021_009935",8.87776602260689,0.0567216901969583,0.725244932570595,0.596148533634519,0.897313509882654,0.95729435947374
"AAD021_009732",22.1155569056076,0.0420169188912482,0.485766234692134,0.587302331567741,0.899332962372895,0.958230941796956
"AAD021_005308",12.1748869655315,-0.202375044403487,0.584720499236665,0.571525051165679,0.902918979724488,0.958230941796956
"AAD021_006402",8.65452724468991,0.0360102275983625,0.616445088265426,0.577664575408207,0.901525973627712,0.958230941796956
"AAD021_003804",13.1147139660831,0.135280235425995,0.673870574173205,0.571254393144713,0.902980316575575,0.958230941796956
"AAD021_004277",8.92468655608066,0.384460855293548,0.609437970581255,0.562731607793083,0.904908541298811,0.958230941796956
"AAD021_002400",21.8209442973281,0.31625612688965,0.734214213971125,0.565464347799377,0.904290961416604,0.958230941796956
"AAD021_002628",13.9808076912996,0.320628973896713,0.527838793904646,0.569505376901262,0.903376530298939,0.958230941796956
"AAD021_002851",7.29102125998506,-0.360153278987052,0.806638893568915,0.55431261089187,0.906807026471905,0.958230941796956
"AAD021_003425",12.3067708757273,0.431275021328464,0.755589532451759,0.553467681480143,0.906997207231371,0.958230941796956
"AAD021_000303",25.1659915370716,0.130837114072589,0.475644362449183,0.562185099126438,0.905031969959788,0.958230941796956
"AAD021_001223",73.6847693128427,0.415823126588631,0.642001461096312,0.557978332007281,0.905981182733012,0.958230941796956
"AAD021_006164",13.5283447643339,-0.0315108865613292,0.664710659666565,0.548998681592479,0.908002028424308,0.958446585558991
"AAD021_006923",66.4899169160964,-0.146512608673217,0.716581871561668,0.541917160396565,0.909590469838454,0.959277350129189
"AAD021_009392",9.03509204783129,0.103789669765775,0.779437984233063,0.516190593476153,0.915320280062322,0.9637512173853
"AAD021_005203",17.4561485309477,-0.318112793027679,0.545224052601822,0.515636808661171,0.915442885686789,0.9637512173853
"AAD021_008081",20.9211417571457,-0.818698710930947,1.59914606767225,0.510267198125504,0.916630031955379,0.964153030097178
"AAD021_010939",12.62937646037,-0.266236311062517,0.929581244190184,0.495570128220976,0.919863551788909,0.965350384150793
"AAD021_011074",12.5586503246879,0.184222205776194,0.595898829625302,0.494090402497591,0.920187793079411,0.965350384150793
"AAD021_002240",9.77741598287308,-0.0180022619559598,0.677756728173949,0.498367223555391,0.91924997882423,0.965350384150793
"AAD021_002578",74.9952783524422,0.158899016933779,0.415347033116749,0.487614215725017,0.921603965899009,0.965989445867876
"AAD021_002570",17.1186942342238,0.38836674428575,0.594434851061055,0.458335554598833,0.927944783579634,0.971784694614892
"AAD021_010941",11.6335098185935,-0.197241924608577,1.08869118248536,0.425079611531075,0.935014270116437,0.972881105236839
"AAD021_011038",13.5648552236416,0.0554236311473275,0.597417016797239,0.405095213559321,0.939187943351091,0.972881105236839
"AAD021_010416",20.4356113745773,-0.159999383944127,0.631931521370195,0.441254496649549,0.93159441774392,0.972881105236839
"AAD021_009815",30.0068800650778,0.311736699901121,0.529716059792482,0.388865855574934,0.942532822340674,0.972881105236839
"AAD021_007719",16.0409823312799,-0.0209290356662174,0.551714895311212,0.392585330331855,0.941769897143344,0.972881105236839
"AAD021_008472",8.42902610142762,0.351963381623042,0.66685142679635,0.426730297544239,0.934666936607338,0.972881105236839
"AAD021_008791",9.19056752663961,-0.0784642618778983,0.626846291146372,0.412006951126841,0.937751122534028,0.972881105236839
"AAD021_009179",23.9794093503423,0.00219826325231431,0.516088502133455,0.436175304693435,0.932672195293151,0.972881105236839
"AAD021_006892",8.34622568131196,-0.0490273899929467,0.659783189839038,0.403669187967509,0.939483487815502,0.972881105236839
"AAD021_005869",23.0766318906839,0.0047602486916087,0.560845914962087,0.387517924223204,0.942808756954664,0.972881105236839
"AAD021_006343",12.0235519254818,0.0425265055229596,0.518091049998473,0.416612256683706,0.936789811553646,0.972881105236839
"AAD021_002253",14.781688654153,0.114755139667187,0.574687254036174,0.414351805182591,0.937262048958417,0.972881105236839
"AAD021_002753",15.1365638373563,0.278081686591029,0.49991900423367,0.413074251398456,0.937528613355222,0.972881105236839
"AAD021_002826",7.60025308997643,0.00903746638353659,0.727209058543594,0.395915563249972,0.941084945600357,0.972881105236839
"AAD021_000625",21.646358903504,0.0346666164494076,0.464883688729469,0.447371381980872,0.930291844639802,0.972881105236839
"AAD021_000633",9.74298458297708,-0.351648590035102,0.735584627419359,0.393533995405576,0.941574957417054,0.972881105236839
"AAD021_000726",11.6909825581336,0.0158792694059207,0.551679840067938,0.412088260349648,0.937734177260944,0.972881105236839
"AAD021_007909",7.36139923140514,0.0475515919104453,0.715129583532885,0.365259228906538,0.947321813268877,0.97669613306016
"AAD021_009847",77.3810886010513,0.0691346012553018,0.6002321702531,0.343194323682468,0.951710207818986,0.978917226980969
"AAD021_007819",123.836459395724,0.0470041073764847,0.54566069446759,0.32324677485451,0.955598710006508,0.978917226980969
"AAD021_008493",9.72478513161642,-0.141378840926049,0.679823348187016,0.321068438833791,0.956018578396619,0.978917226980969
"AAD021_009283",15.7901880922357,-0.241809671622619,0.618455872973019,0.323409460177118,0.955567314292441,0.978917226980969
"AAD021_009288",17.2654277133179,0.0978315907421027,0.548697775792262,0.326400630747756,0.95498911621062,0.978917226980969
"AAD021_004385",9.89163075548484,0.176552889930919,0.826129618605648,0.339752552654929,0.952386633003967,0.978917226980969
"AAD021_001077",10.9004933691939,-0.111512776204734,0.609871657874838,0.334580430026833,0.953398875690281,0.978917226980969
"AAD021_001246",15.1502805035521,-0.0264508834550105,0.56563435698209,0.337118772260638,0.952902736603523,0.978917226980969
"AAD021_006560",15.6612342539202,0.166750130169998,0.764416794509306,0.303610578162719,0.959348003895478,0.981486803985373
"AAD021_002511",17.3700846677048,-0.00348088957296882,0.49537602827499,0.295796671407217,0.96081706489898,0.982150321677267
"AAD021_006363",8.46825074591394,-0.169109139946352,0.642768792841861,0.290884169676076,0.961733704826264,0.982248502284162
"AAD021_011723",45.861169324407,0.177190848527193,0.536014418356049,0.263505074417708,0.966739398502622,0.982998554885916
"AAD021_005194",17.4671853967897,0.0404721086992876,0.510943521498235,0.252075055716816,0.968774559656319,0.982998554885916
"AAD021_005930",23.6104837971778,-0.000372223955470624,0.69249444442519,0.248918005808761,0.969330715758926,0.982998554885916
"AAD021_005966",11.5343945086155,-0.724720068249215,1.55234178319501,0.250125830270932,0.969118251888505,0.982998554885916
"AAD021_003573",16.6814197152404,-0.0134529075811843,0.630627447020895,0.252890586048977,0.968630467584728,0.982998554885916
"AAD021_003973",41.7681637532987,-0.0488529329737923,0.701718580614799,0.245904849402621,0.96985905874709,0.982998554885916
"AAD021_004061",18.2254086758344,0.0292106396260479,0.645570990866536,0.259931863240837,0.96737921180414,0.982998554885916
"AAD021_003070",33.1933688001769,0.189905354438471,0.453900591736476,0.248069224094863,0.969479790450253,0.982998554885916
"AAD021_000626",7.56108866958451,-0.0797431828821691,0.664286719836265,0.257404110934544,0.967829868944483,0.982998554885916
"AAD021_008024",86.3909960956736,0.127909076991728,0.347922415877131,0.227168431668758,0.973088611051428,0.985437451293198
"AAD021_010524",43.927744719157,0.13383467192276,0.509878373209736,0.211391363066127,0.975729725329992,0.986225928278356
"AAD021_004129",8.39025359680403,0.205295200379575,0.631809266444837,0.215713653532433,0.975013579520637,0.986225928278356
"AAD021_002938",17.140284537114,0.264702664974885,0.673691629819928,0.202634603075097,0.977162866280811,0.986225928278356
"AAD021_001021",356.733272519556,0.0182736186055382,0.408465707239953,0.207070326253415,0.976439914970733,0.986225928278356
"AAD021_009577",47.0738787883928,-0.133524857912128,0.526541291411778,0.161029952066343,0.983620704026297,0.988239861711145
"AAD021_009842",53.0731899745818,0.215088954935468,0.562687818231551,0.173626749606711,0.981730160934718,0.988239861711145
"AAD021_006394",8.961582175506,0.0454882056430822,0.65754029724789,0.164513621363966,0.983103825588001,0.988239861711145
"AAD021_003568",55.7567196584592,-0.168254042369687,0.467527979463585,0.156103526062253,0.984343657094856,0.988239861711145
"AAD021_000705",11.1093130960974,0.08480045406232,0.637172491051082,0.169105158563738,0.982415566831585,0.988239861711145
"AAD021_000778",39.2606411489855,0.0365688403155784,0.55634805887956,0.16201289626747,0.983475332332907,0.988239861711145
"AAD021_000853",17.3693288806355,-0.134031803232024,0.584287600655459,0.152007526879075,0.984937472866663,0.988239861711145
"AAD021_009528",9.49442399915965,0.224684798592387,0.666779818938323,0.132014168600904,0.987736492042056,0.990218242022061
"AAD021_008773",85.5867159908009,-0.177552540098108,0.595231027251782,0.109969354516096,0.990614796681369,0.990614796681369
"AAD021_004518",13.5171199878307,-0.170961687842596,0.599233853806303,0.110988544859055,0.990486913194356,0.990614796681369
"AAD021_000724",45.0561212164337,0.0563893421985333,0.509607721819544,0.118690420197794,0.989503829871536,0.990614796681369
"AAD021_007093",9.01594273197249,-0.758212821537948,0.797124479442839,5.38082113836283,NA,NA
"AAD021_000623",10.3008618604914,-1.95113398811521,1.26529189692101,3.29664664070991,NA,NA
