"","GPNJ7M_10_sample_2B","GPNJ7M_11_sample_2C","GPNJ7M_12_sample_2D","GPNJ7M_13_sample_2E","GPNJ7M_14_sample_2F","GPNJ7M_15_sample_2G","GPNJ7M_16_sample_2H","GPNJ7M_1_sample_1A","GPNJ7M_2_sample_1B","GPNJ7M_3_sample_1C","GPNJ7M_4_sample_1D","GPNJ7M_5_sample_1E","GPNJ7M_6_sample_1F","GPNJ7M_7_sample_1G","GPNJ7M_8_sample_1H","GPNJ7M_9_sample_2A"
"AAD021_012357",0,4.88777910504077,2.69923355274996,5.29720352392352,4.73905888127928,6.73478417459417,2.38352129749135,4.40628821411946,0,0,1.46747342326925,4.78402026684813,2.68441280852863,4.73726695339619,3.87551208644215,6.28949388258885
"AAD021_012358",11.3235807064143,24.4388955252039,24.2931019747496,5.29720352392352,13.032411923518,14.5920323782874,12.3775842817095,21.3888573727049,19.0221599806686,0,16.1422076559618,10.7640456004083,29.5285408938149,8.44469326474973,17.7166266808784,28.3027224716498
"AAD021_012360",0,4.18952494717781,5.39846710549992,10.594407047847,2.36952944063964,1.12246402909903,2.13262431880805,3.30471616058959,0,20.4262650888008,2.93494684653851,3.5880152001361,4.47402134754771,3.08952192612795,2.2145783351098,3.14474694129443
"AAD021_012362",3.7745269021381,10.4738123679445,7.19795614066656,10.594407047847,1.18476472031982,8.97971223279222,5.93789516217143,6.24224163666923,6.34071999355621,0,11.739787386154,7.1760304002722,6.2636298865668,9.06259764997533,3.3218675026647,9.43424082388328
"AAD021_012364",7.54905380427619,6.98254157862968,3.59897807033328,5.29720352392352,0,3.36739208729708,3.63800619090785,10.8321251930437,6.34071999355621,0,1.46747342326925,7.1760304002722,11.632455503624,10.504374548835,7.19737958910684,6.28949388258885
"AAD021_012368",7.54905380427619,3.49127078931484,0.89974451758332,5.29720352392352,4.73905888127928,2.24492805819806,2.84349909174406,7.71100437470905,4.2271466623708,0,4.40242026980776,5.98002533356017,5.36882561705725,5.14920321021325,4.4291566702196,9.43424082388328
"AAD021_012370",0,9.07730405221858,8.09770065824988,0,13.032411923518,2.24492805819806,10.5376731046986,4.58988355637443,6.34071999355621,0,4.40242026980776,1.19600506671203,2.68441280852863,5.76710759543884,0.55364458377745,0
"AAD021_012371",11.3235807064143,9.07730405221858,6.29821162308324,21.1888140956941,7.10858832191892,1.12246402909903,8.90684274325714,8.07819505921901,0,10.2131325444004,5.86989369307702,2.39201013342407,2.68441280852863,11.1222789340606,5.5364458377745,6.28949388258885
"AAD021_012373",7.54905380427619,20.2493705780261,29.6915690802496,10.594407047847,11.8476472031982,17.9594244655844,16.1828551250728,8.72077875711143,4.2271466623708,20.4262650888008,7.33736711634627,7.1760304002722,11.632455503624,8.44469326474973,9.41195792421664,18.8684816477666
"AAD021_012378",15.0981076085524,27.2319121566557,18.8946348692497,10.594407047847,13.032411923518,13.4695683491883,7.35964470804346,9.27156478387636,19.0221599806686,0,10.2723139628848,11.9600506671203,11.632455503624,19.9789084556274,6.09009042155194,9.43424082388328
"AAD021_012379",7.54905380427619,0,0,0,3.55429416095946,2.24492805819806,5.85426283594366,6.42583697892421,2.1135733311854,0,8.80484053961553,4.78402026684813,0.894804269509542,4.94323508180472,1.1072891675549,22.013228589061
"AAD021_012383",11.3235807064143,69.1271616284338,354.499339927828,0,13.032411923518,7.8572482036932,1.2544848934165,21.2052620304499,16.9085866494832,0,13.2072608094233,5.98002533356017,3.57921707803817,1.64774502726824,164.432441381902,18.8684816477666
"AAD021_012386",0,6.28428742076671,0.89974451758332,0,1.18476472031982,2.24492805819806,2.17444048192193,4.13089520073699,2.1135733311854,0,2.93494684653851,5.98002533356017,4.47402134754771,4.94323508180472,1.1072891675549,0
"AAD021_012453",3.7745269021381,5.58603326290374,5.39846710549992,0,8.29335304223874,3.36739208729708,4.93430724743823,8.1699927303465,2.1135733311854,0,2.93494684653851,1.19600506671203,7.15843415607634,2.47161754090236,3.3218675026647,0
"AAD021_012455",0,2.0947624735889,12.5964232461665,5.29720352392352,2.36952944063964,0,2.34170513437746,7.16021834794412,2.1135733311854,0,2.93494684653851,1.19600506671203,4.47402134754771,7.62082075111561,1.1072891675549,3.14474694129443
"AAD021_012458",0,4.88777910504077,5.39846710549992,5.29720352392352,1.18476472031982,5.61232014549514,1.63083036144145,4.77347889862941,0,0,5.86989369307702,2.39201013342407,4.47402134754771,6.59098010907296,2.76822291888725,3.14474694129443
"AAD021_012463",18.8726345106905,6.98254157862968,3.59897807033328,10.594407047847,13.032411923518,2.24492805819806,6.35605679331026,20.8380713459399,6.34071999355621,0,5.86989369307702,22.7240962675286,14.3168683121527,12.5640558329203,24.9140062699852,22.013228589061
"AAD021_012467",0,3.49127078931484,4.4987225879166,0,3.55429416095946,3.36739208729708,3.30347688599678,1.46876273803982,0,0,1.46747342326925,2.39201013342407,3.57921707803817,4.1193625681706,2.2145783351098,0
"AAD021_012473",0,4.88777910504077,5.39846710549992,5.29720352392352,13.032411923518,1.12246402909903,5.97971132528531,7.71100437470905,6.34071999355621,0,1.46747342326925,2.39201013342407,5.36882561705725,3.70742631135354,8.30466875666174,6.28949388258885
"AAD021_012478",0,0,2.69923355274996,0,10.6628824828784,5.61232014549514,7.90325482852394,20.9298690170674,4.2271466623708,0,0,3.5880152001361,31.318149432834,5.14920321021325,4.98280125399704,0
"AAD021_012479",11.3235807064143,43.990011945367,15.2956567989164,21.1888140956941,15.4019413641577,30.3065287856738,30.7766960518181,9.36336245500385,8.45429332474161,0,10.2723139628848,13.1560557338324,13.4220640426431,7.82678887952414,4.98280125399704,15.7237347064721
"AAD021_012482",15.0981076085524,36.3092162088743,26.9923355274996,31.7832211435411,11.8476472031982,20.2043525237825,7.69417401295452,21.2052620304499,8.45429332474161,20.4262650888008,11.739787386154,16.7440709339685,17.0012811206813,14.8297052454142,10.5192470917715,18.8684816477666
"AAD021_012487",11.3235807064143,13.2668289993964,31.4910581154162,10.594407047847,47.3905888127928,38.163776989367,39.390825653278,10.8321251930437,19.0221599806686,10.2131325444004,23.4795747723081,15.5480658672564,11.632455503624,24.7161754090236,21.5921387673205,9.43424082388328
"AAD021_012492",3.7745269021381,9.77555821008155,6.29821162308324,0,45.0210593721532,13.4695683491883,20.8244492307139,7.61920670358156,14.7950133182978,10.2131325444004,8.80484053961553,9.56804053369627,5.36882561705725,4.73726695339619,4.98280125399704,6.28949388258885
"AAD021_012493",113.235807064143,0.698254157862968,0,201.293733909094,1.18476472031982,0,0.292713141797183,1.37696506691233,2.1135733311854,30.6393976332011,39.6217824282699,26.3121114676647,2.68441280852863,97.0109884804177,308.933677747817,88.052914356244
"AAD021_012506",0,6.98254157862968,2.69923355274996,5.29720352392352,0,2.24492805819806,3.09439607042736,2.20314410705973,4.2271466623708,0,0,2.39201013342407,1.78960853901908,4.53129882498766,0.55364458377745,0
"AAD021_012507",3.7745269021381,56.5585867869004,12.5964232461665,5.29720352392352,31.9886474486351,2.24492805819806,22.9570735495219,3.58010917397206,42.271466623708,51.0656627220019,1.46747342326925,13.1560557338324,1.78960853901908,4.73726695339619,1.66093375133235,3.14474694129443
"AAD021_012517",11.3235807064143,2.79301663145187,0.89974451758332,0,4.73905888127928,1.12246402909903,3.34529304911066,4.49808588524695,2.1135733311854,0,1.46747342326925,2.39201013342407,2.68441280852863,7.20888449429855,7.19737958910684,3.14474694129443
"AAD021_012521",3.7745269021381,2.0947624735889,7.19795614066656,15.8916105717705,1.18476472031982,1.12246402909903,1.96535966635251,3.67190684509955,0,0,1.46747342326925,3.5880152001361,4.47402134754771,2.88355379771942,1.66093375133235,0
"AAD021_012529",15.0981076085524,2.79301663145187,4.4987225879166,0,5.9238236015991,6.73478417459417,7.27601238181569,6.70122999230668,10.567866655927,0,5.86989369307702,1.19600506671203,6.2636298865668,7.62082075111561,9.41195792421664,3.14474694129443
"AAD021_012543",3.7745269021381,9.07730405221858,10.7969342109998,0,36.7277063299144,5.61232014549514,10.4540407784708,7.25201601907161,10.567866655927,0,2.93494684653851,4.78402026684813,6.2636298865668,8.44469326474973,7.19737958910684,31.4474694129443
"AAD021_012558",3.7745269021381,0.698254157862968,0,0,41.4667652111937,2.24492805819806,4.85067492121046,8.99617177049389,29.5900266365956,0,1.46747342326925,95.6804053369627,0.894804269509542,9.47453390679239,0.55364458377745,0
"AAD021_012559",0,6.28428742076671,11.6966787285832,5.29720352392352,45.0210593721532,8.97971223279222,14.5520247636314,0.642583697892421,19.0221599806686,0,16.1422076559618,2.39201013342407,0.894804269509542,2.0596812840853,11.6265362593264,0
"AAD021_012574",7.54905380427619,2.79301663145187,0.89974451758332,15.8916105717705,5.9238236015991,3.36739208729708,8.7395780908016,22.4904294262347,2.1135733311854,0,24.9470481955773,15.5480658672564,3.57921707803817,21.6266534828957,14.3947591782137,6.28949388258885
"AAD021_012584",0,11.1720665258075,1.79948903516664,5.29720352392352,2.36952944063964,3.36739208729708,4.59977794252716,3.2129184894621,2.1135733311854,0,2.93494684653851,5.98002533356017,9.84284696460496,6.38501198066443,5.5364458377745,0
"AAD021_012585",7.54905380427619,9.77555821008155,3.59897807033328,5.29720352392352,0,3.36739208729708,3.42892537533843,3.39651383171708,0,0,2.93494684653851,2.39201013342407,7.15843415607634,4.94323508180472,2.76822291888725,3.14474694129443
"AAD021_012589",3.7745269021381,4.18952494717781,0.89974451758332,5.29720352392352,5.9238236015991,5.61232014549514,4.80885875809658,5.23246725426686,4.2271466623708,20.4262650888008,5.86989369307702,5.98002533356017,3.57921707803817,4.1193625681706,1.66093375133235,3.14474694129443
"AAD021_012603",33.9707421192429,10.4738123679445,18.8946348692497,10.594407047847,9.47811776255856,7.8572482036932,20.0299421315501,30.6604221565812,8.45429332474161,10.2131325444004,16.1422076559618,25.1161064009527,17.8960853901908,26.9818248215174,21.0384941835431,25.1579755303554
"AAD021_012604",0,2.0947624735889,4.4987225879166,10.594407047847,0,0,1.96535966635251,4.40628821411946,4.2271466623708,0,2.93494684653851,2.39201013342407,7.15843415607634,6.38501198066443,5.5364458377745,0
"AAD021_012609",7.54905380427619,2.0947624735889,0.89974451758332,0,2.36952944063964,4.48985611639611,3.38710921222455,3.12112081833462,10.567866655927,0,1.46747342326925,3.5880152001361,2.68441280852863,4.53129882498766,1.1072891675549,12.5789877651777
"AAD021_012615",7.54905380427619,13.2668289993964,7.19795614066656,5.29720352392352,2.36952944063964,10.1021762618913,6.89966691379074,8.44538574372896,6.34071999355621,0,4.40242026980776,4.78402026684813,4.47402134754771,11.3282470624692,7.75102417288429,3.14474694129443
"AAD021_012138",30.1962152171048,78.9027198385154,51.2854375022492,42.3776281913881,23.6952944063964,24.6942086401786,38.1363407598615,31.4866011967286,48.6121866172643,20.4262650888008,118.86534728481,41.8601773349212,81.4271885253683,63.6441516782358,43.7379221184185,59.7501918845941
"AAD021_012141",3.7745269021381,9.77555821008155,10.7969342109998,0,4.73905888127928,1.12246402909903,1.88172734012475,7.98639738809152,0,0,1.46747342326925,3.5880152001361,3.57921707803817,5.76710759543884,3.87551208644215,0
"AAD021_012142",3.7745269021381,4.18952494717781,4.4987225879166,26.4860176196176,1.18476472031982,1.12246402909903,4.30706480072998,10.9239228641712,2.1135733311854,0,11.739787386154,5.98002533356017,1.78960853901908,10.2984064204265,6.09009042155194,3.14474694129443
"AAD021_012147",3.7745269021381,6.28428742076671,5.39846710549992,0,2.36952944063964,5.61232014549514,6.23060830396861,5.41606259652183,2.1135733311854,10.2131325444004,2.93494684653851,13.1560557338324,4.47402134754771,11.1222789340606,5.5364458377745,0
"AAD021_012148",64.1669573363477,23.0423872094779,17.0951458340831,68.8636458110057,5.9238236015991,10.1021762618913,5.89607899905754,54.9868050053657,10.567866655927,20.4262650888008,19.0771545025003,46.6441976017693,31.318149432834,18.7430996851762,34.3259641942019,44.026457178122
"AAD021_012152",18.8726345106905,9.77555821008155,9.89718969341652,10.594407047847,17.7714708047973,12.3471043200893,35.2928416681175,8.99617177049389,10.567866655927,10.2131325444004,19.0771545025003,10.7640456004083,21.475302468229,17.5072909147251,12.7338254268813,15.7237347064721
"AAD021_012154",0,3.49127078931484,6.29821162308324,0,1.18476472031982,1.12246402909903,4.85067492121046,4.58988355637443,0,0,5.86989369307702,2.39201013342407,1.78960853901908,7.20888449429855,3.87551208644215,3.14474694129443
"AAD021_012155",11.3235807064143,18.1546081044372,5.39846710549992,0,0,0,0,0,0,0,4.40242026980776,8.37203546698423,1.78960853901908,3.70742631135354,35.9868979455342,6.28949388258885
"AAD021_012172",7.54905380427619,18.1546081044372,6.29821162308324,5.29720352392352,0,0,0.12544848934165,3.76370451622704,0,0,0,0,0,1.02984064204265,0,12.5789877651777
"AAD021_012187",0,0,0,0,7.10858832191892,7.8572482036932,4.64159410564104,4.31449054299197,2.1135733311854,0,1.46747342326925,2.39201013342407,3.57921707803817,1.44177689885971,15.5020483457686,15.7237347064721
"AAD021_012201",271.765936953943,140.349085730457,181.748392551831,169.510512765553,110.183118989743,117.858723055398,89.4865890637102,125.39561876015,82.4293599162307,81.705060355203,129.137661247694,177.008749873381,121.693380653298,123.37490891671,157.235061792796,223.277032831904
"AAD021_012209",22.6471614128286,23.0423872094779,20.6941239044164,15.8916105717705,2.36952944063964,4.48985611639611,5.93789516217143,20.3790829903025,2.1135733311854,10.2131325444004,8.80484053961553,8.37203546698423,14.3168683121527,13.7998646033715,11.6265362593264,0
"AAD021_012211",3.7745269021381,3.49127078931484,4.4987225879166,0,3.55429416095946,0,8.82321041702937,2.4785371204422,4.2271466623708,0,1.46747342326925,2.39201013342407,2.68441280852863,0.61790438522559,3.3218675026647,0
"AAD021_012213",11.3235807064143,17.4563539465742,8.9974451758332,0,17.7714708047973,11.2246402909903,17.6882369971726,9.17976711274887,12.6814399871124,10.2131325444004,5.86989369307702,7.1760304002722,3.57921707803817,12.9759920897374,4.98280125399704,9.43424082388328
"AAD021_012215",11.3235807064143,9.77555821008155,4.4987225879166,0,2.36952944063964,1.12246402909903,1.88172734012475,6.70122999230668,4.2271466623708,10.2131325444004,2.93494684653851,5.98002533356017,0.894804269509542,8.03275700793268,4.98280125399704,3.14474694129443
"AAD021_012222",11.3235807064143,11.1720665258075,6.29821162308324,0,1.18476472031982,0,0.878139425391549,4.68168122750192,2.1135733311854,30.6393976332011,5.86989369307702,8.37203546698423,5.36882561705725,5.56113946703031,2.2145783351098,3.14474694129443
"AAD021_012230",0,4.18952494717781,27.8920800450829,0,4.73905888127928,2.24492805819806,6.31424063019637,2.38673944931471,2.1135733311854,0,1.46747342326925,2.39201013342407,1.78960853901908,5.35517133862178,6.09009042155194,0
"AAD021_012236",7.54905380427619,12.5685748415334,11.6966787285832,0,15.4019413641577,17.9594244655844,16.3501197775284,7.43561136132658,16.9085866494832,0,7.33736711634627,9.56804053369627,4.47402134754771,13.7998646033715,34.8796087779793,3.14474694129443
"AAD021_012239",0,3.49127078931484,4.4987225879166,0,1.18476472031982,0,1.71446268766921,2.93752547607964,0,10.2131325444004,1.46747342326925,2.39201013342407,0.894804269509542,5.76710759543884,1.1072891675549,0
"AAD021_012241",3.7745269021381,5.58603326290374,5.39846710549992,0,7.10858832191892,1.12246402909903,2.59260211306076,1.00977438240238,6.34071999355621,10.2131325444004,7.33736711634627,0,0,3.91339443976207,2.2145783351098,0
"AAD021_012243",45.2943228256572,32.8179454195595,19.794379386833,15.8916105717705,16.5867060844775,29.1840647565747,36.0873487672813,10.0059461528963,23.2493066430394,30.6393976332011,79.2435648565397,27.5081165343768,17.0012811206813,9.88647016360945,39.8624100319764,3.14474694129443
"AAD021_012245",0,5.58603326290374,1.79948903516664,0,3.55429416095946,3.36739208729708,3.7634546802495,4.13089520073699,8.45429332474161,0,2.93494684653851,4.78402026684813,3.57921707803817,4.32533069657913,2.76822291888725,3.14474694129443
"AAD021_012250",0,3.49127078931484,1.79948903516664,10.594407047847,7.10858832191892,8.97971223279222,7.19238005558792,5.14066958313937,6.34071999355621,10.2131325444004,5.86989369307702,2.39201013342407,0.894804269509542,10.504374548835,4.4291566702196,0
"AAD021_012252",0,5.58603326290374,6.29821162308324,5.29720352392352,1.18476472031982,0,3.34529304911066,1.56056040916731,0,0,1.46747342326925,3.5880152001361,4.47402134754771,4.32533069657913,3.3218675026647,0
"AAD021_012256",22.6471614128286,21.645878893752,28.7918245626662,37.0804246674646,22.5105296860766,11.2246402909903,18.2318471176531,24.785371204422,10.567866655927,0,24.9470481955773,21.5280912008166,12.5272597731336,19.1550359419933,16.055692929546,22.013228589061
"AAD021_012257",3.7745269021381,23.0423872094779,11.6966787285832,5.29720352392352,17.7714708047973,17.9594244655844,17.9809501389698,5.04887191201188,19.0221599806686,10.2131325444004,8.80484053961553,7.1760304002722,5.36882561705725,5.97307572384737,7.75102417288429,12.5789877651777
"AAD021_012258",41.5197959235191,34.9127078931484,14.3959122813331,0,35.5429416095946,68.4703057750407,43.1960964966414,21.5724527149598,31.703599967781,0,20.5446279257696,14.3520608005444,36.6869750498912,24.7161754090236,26.0212954375401,72.3291796497718
"AAD021_012260",3.7745269021381,20.947624735889,10.7969342109998,0,10.6628824828784,8.97971223279222,13.5066206857843,14.5040320381432,23.2493066430394,10.2131325444004,22.0121013490388,20.3320861341046,10.7376512341145,14.4177689885971,8.30466875666174,9.43424082388328
"AAD021_012297",0,5.58603326290374,0.89974451758332,0,2.36952944063964,4.48985611639611,5.60336585726036,3.12112081833462,0,0,0,0,7.15843415607634,2.67758566931089,1.1072891675549,0
"AAD021_012306",11.3235807064143,4.18952494717781,15.2956567989164,10.594407047847,14.2171766438378,41.531169076664,20.2390229471195,3.48831150284457,12.6814399871124,20.4262650888008,5.86989369307702,3.5880152001361,2.68441280852863,3.50145818294501,1.66093375133235,12.5789877651777
"AAD021_012309",52.8433766299334,15.3615914729853,1.79948903516664,15.8916105717705,0,0,0.0836323262277666,0.458988355637444,2.1135733311854,0,0,0,0.894804269509542,0.41193625681706,0,44.026457178122
"AAD021_012319",1879.71439726477,1515.21152256264,412.982733570744,768.09451096891,88.8573540239865,126.83843528819,133.728089638199,1057.50917138867,200.789466462613,469.804097042417,3507.26148161352,2333.40588515518,637.100639890794,1639.71227026031,2021.35637537147,1572.37347064721
"AAD021_012327",7.54905380427619,2.0947624735889,6.29821162308324,10.594407047847,8.29335304223874,6.73478417459417,8.23778413343501,4.58988355637443,6.34071999355621,0,5.86989369307702,8.37203546698423,3.57921707803817,8.2387251363412,6.09009042155194,9.43424082388328
"AAD021_012349",0,0.698254157862968,4.4987225879166,0,8.29335304223874,10.1021762618913,29.1040495272628,3.85550218735453,8.45429332474161,0,0,5.98002533356017,2.68441280852863,5.97307572384737,6.64373500532939,12.5789877651777
"AAD021_012352",3.7745269021381,13.2668289993964,21.5938684219997,21.1888140956941,16.5867060844775,12.3471043200893,19.9463098053223,35.6174963974656,16.9085866494832,10.2131325444004,8.80484053961553,11.9600506671203,25.0545195462672,22.0385897397127,10.5192470917715,12.5789877651777
"AAD021_012354",3.7745269021381,5.58603326290374,0.89974451758332,0,4.73905888127928,1.12246402909903,7.27601238181569,2.75393013382466,2.1135733311854,0,0,1.19600506671203,7.15843415607634,2.0596812840853,1.66093375133235,3.14474694129443
"AAD021_011756",11.3235807064143,1.39650831572594,4.4987225879166,0,4.73905888127928,5.61232014549514,7.77780633918229,9.82235081064129,6.34071999355621,0,2.93494684653851,2.39201013342407,6.2636298865668,5.35517133862178,1.66093375133235,9.43424082388328
"AAD021_011760",0,18.8528622623001,10.7969342109998,5.29720352392352,27.2495885673559,20.2043525237825,12.6702974235066,9.36336245500385,19.0221599806686,10.2131325444004,13.2072608094233,14.3520608005444,10.7376512341145,13.3879283465545,7.75102417288429,3.14474694129443
"AAD021_011786",3.7745269021381,6.98254157862968,1.79948903516664,5.29720352392352,2.36952944063964,2.24492805819806,3.42892537533843,6.24224163666923,8.45429332474161,0,4.40242026980776,9.56804053369627,5.36882561705725,5.76710759543884,8.30466875666174,15.7237347064721
"AAD021_011788",3.7745269021381,4.18952494717781,4.4987225879166,0,7.10858832191892,11.2246402909903,7.52690936049899,4.40628821411946,4.2271466623708,0,4.40242026980776,7.1760304002722,5.36882561705725,4.94323508180472,9.96560250799409,3.14474694129443
"AAD021_011793",11.3235807064143,4.88777910504077,4.4987225879166,10.594407047847,1.18476472031982,3.36739208729708,2.04899199258028,4.31449054299197,2.1135733311854,0,2.93494684653851,3.5880152001361,3.57921707803817,4.53129882498766,2.76822291888725,6.28949388258885
"AAD021_011806",0,4.18952494717781,0.89974451758332,0,4.73905888127928,0,5.01793957366599,4.13089520073699,0,0,0,3.5880152001361,1.78960853901908,4.53129882498766,0,0
"AAD021_011817",0,4.18952494717781,7.19795614066656,15.8916105717705,1.18476472031982,0,5.60336585726036,6.42583697892421,0,10.2131325444004,2.93494684653851,0,4.47402134754771,6.59098010907296,9.96560250799409,0
"AAD021_011820",0,2.79301663145187,2.69923355274996,5.29720352392352,4.73905888127928,4.48985611639611,6.35605679331026,19.7364992924101,4.2271466623708,10.2131325444004,5.86989369307702,5.98002533356017,8.05323842558588,8.44469326474973,14.9484037619911,3.14474694129443
"AAD021_011824",0,14.6633373151223,8.09770065824988,5.29720352392352,7.10858832191892,1.12246402909903,3.67982235402173,4.68168122750192,4.2271466623708,10.2131325444004,1.46747342326925,1.19600506671203,6.2636298865668,5.97307572384737,2.2145783351098,3.14474694129443
"AAD021_011830",3.7745269021381,0,8.09770065824988,0,5.9238236015991,2.24492805819806,16.0155904726173,7.89459971696403,2.1135733311854,0,4.40242026980776,2.39201013342407,3.57921707803817,5.56113946703031,2.2145783351098,9.43424082388328
"AAD021_011856",0,8.37904989435561,5.39846710549992,5.29720352392352,1.18476472031982,1.12246402909903,2.67623443928853,2.20314410705973,0,10.2131325444004,1.46747342326925,2.39201013342407,5.36882561705725,4.32533069657913,2.2145783351098,3.14474694129443
"AAD021_011860",0,29.3266746302446,18.8946348692497,21.1888140956941,4.73905888127928,4.48985611639611,12.879378239076,5.41606259652183,8.45429332474161,0,13.2072608094233,7.1760304002722,7.15843415607634,6.38501198066443,4.98280125399704,6.28949388258885
"AAD021_011872",3.7745269021381,6.28428742076671,7.19795614066656,0,2.36952944063964,2.24492805819806,2.96894758108571,12.7598762867209,0,10.2131325444004,2.93494684653851,2.39201013342407,2.68441280852863,7.82678887952414,9.96560250799409,3.14474694129443
"AAD021_011876",11.3235807064143,28.6284204723817,49.4859484670826,21.1888140956941,18.9562355251171,6.73478417459417,10.1613276366736,12.1172925888285,8.45429332474161,40.8525301776015,5.86989369307702,19.1360810673925,36.6869750498912,16.6834184010909,27.6822291888725,6.28949388258885
"AAD021_011888",7.54905380427619,3.49127078931484,5.39846710549992,10.594407047847,3.55429416095946,2.24492805819806,4.76704259498269,4.8652765697569,6.34071999355621,0,2.93494684653851,8.37203546698423,4.47402134754771,4.1193625681706,3.3218675026647,3.14474694129443
"AAD021_011891",0,4.88777910504077,2.69923355274996,0,3.55429416095946,2.24492805819806,4.13980014827444,10.2813391662787,2.1135733311854,0,4.40242026980776,5.98002533356017,0.894804269509542,7.20888449429855,9.96560250799409,3.14474694129443
"AAD021_011908",11.3235807064143,13.9650831572594,13.4961677637498,5.29720352392352,5.9238236015991,17.9594244655844,13.0884590546455,7.43561136132658,14.7950133182978,0,33.7518887351929,10.7640456004083,6.2636298865668,17.5072909147251,14.3947591782137,12.5789877651777
"AAD021_011911",22.6471614128286,25.1371496830668,18.8946348692497,5.29720352392352,0,1.12246402909903,4.2652486376161,6.88482533456165,0,10.2131325444004,0,2.39201013342407,17.0012811206813,10.504374548835,3.3218675026647,3.14474694129443
"AAD021_011912",0,4.18952494717781,4.4987225879166,5.29720352392352,0,1.12246402909903,2.80168292863018,2.20314410705973,0,10.2131325444004,1.46747342326925,0,3.57921707803817,1.85371315567677,0,0
"AAD021_011950",11.3235807064143,7.68079573649265,6.29821162308324,0,0,1.12246402909903,4.51614561629939,2.4785371204422,8.45429332474161,0,4.40242026980776,3.5880152001361,3.57921707803817,2.47161754090236,3.3218675026647,3.14474694129443
"AAD021_011968",26.4216883149667,13.9650831572594,0.89974451758332,21.1888140956941,35.5429416095946,90.9195863570213,144.642108210922,6.60943232117919,16.9085866494832,20.4262650888008,32.2844153119236,19.1360810673925,39.3713878584199,14.4177689885971,21.0384941835431,6.28949388258885
"AAD021_011975",0,10.4738123679445,8.9974451758332,0,3.55429416095946,2.24492805819806,5.72881434660201,4.95707424088439,4.2271466623708,0,2.93494684653851,3.5880152001361,4.47402134754771,5.97307572384737,3.87551208644215,6.28949388258885
"AAD021_011977",0,3.49127078931484,3.59897807033328,10.594407047847,3.55429416095946,2.24492805819806,2.46715362371911,7.3438136901991,2.1135733311854,0,4.40242026980776,5.98002533356017,0.894804269509542,5.97307572384737,2.2145783351098,3.14474694129443
"AAD021_011984",0,4.88777910504077,5.39846710549992,0,5.9238236015991,1.12246402909903,1.12903640407485,3.12112081833462,4.2271466623708,0,0,3.5880152001361,1.78960853901908,3.70742631135354,2.2145783351098,6.28949388258885
"AAD021_011990",0,6.28428742076671,1.79948903516664,0,0,2.24492805819806,3.97253549581891,3.58010917397206,0,10.2131325444004,1.46747342326925,3.5880152001361,1.78960853901908,3.70742631135354,0,3.14474694129443
"AAD021_012007",86.8141187491762,13.9650831572594,23.3933574571663,21.1888140956941,24.8800591267162,10.1021762618913,22.2880149396998,32.863566263641,8.45429332474161,40.8525301776015,5.86989369307702,14.3520608005444,62.636298865668,11.9461514476947,10.5192470917715,22.013228589061
"AAD021_012014",7.54905380427619,2.79301663145187,3.59897807033328,5.29720352392352,4.73905888127928,4.48985611639611,6.89966691379074,13.4942576557408,4.2271466623708,0,5.86989369307702,5.98002533356017,11.632455503624,11.7401833192862,7.19737958910684,18.8684816477666
"AAD021_012017",22.6471614128286,12.5685748415334,13.4961677637498,0,15.4019413641577,5.61232014549514,19.3190673586141,22.3986317551072,10.567866655927,10.2131325444004,19.0771545025003,13.1560557338324,13.4220640426431,17.9192271715421,24.9140062699852,15.7237347064721
"AAD021_012019",15.0981076085524,7.68079573649265,13.4961677637498,10.594407047847,1.18476472031982,10.1021762618913,5.85426283594366,20.654476003685,2.1135733311854,30.6393976332011,0,15.5480658672564,0.894804269509542,23.686334766981,7.19737958910684,18.8684816477666
"AAD021_012020",7.54905380427619,1.39650831572594,2.69923355274996,0,4.73905888127928,0,5.10157189989376,5.23246725426686,6.34071999355621,20.4262650888008,2.93494684653851,3.5880152001361,5.36882561705725,5.35517133862178,3.87551208644215,3.14474694129443
"AAD021_012031",15.0981076085524,0.698254157862968,1.79948903516664,10.594407047847,2.36952944063964,12.3471043200893,10.7885700833819,4.49808588524695,4.2271466623708,10.2131325444004,19.0771545025003,1.19600506671203,8.94804269509542,4.73726695339619,9.96560250799409,6.28949388258885
"AAD021_011496",0,3.49127078931484,3.59897807033328,5.29720352392352,8.29335304223874,6.73478417459417,8.23778413343501,11.1993158775536,0,0,4.40242026980776,10.7640456004083,8.94804269509542,13.7998646033715,7.19737958910684,12.5789877651777
"AAD021_011518",3.7745269021381,4.88777910504077,4.4987225879166,10.594407047847,10.6628824828784,5.61232014549514,6.60695377199356,2.20314410705973,2.1135733311854,10.2131325444004,4.40242026980776,7.1760304002722,3.57921707803817,2.26564941249383,4.98280125399704,0
"AAD021_011637",0,3.49127078931484,1.79948903516664,0,3.55429416095946,4.48985611639611,3.47074153845231,8.72077875711143,4.2271466623708,0,4.40242026980776,4.78402026684813,2.68441280852863,4.53129882498766,2.2145783351098,3.14474694129443
"AAD021_011639",0,2.0947624735889,3.59897807033328,0,0,2.24492805819806,2.0071758294664,8.1699927303465,0,10.2131325444004,0,4.78402026684813,7.15843415607634,5.97307572384737,6.64373500532939,6.28949388258885
"AAD021_011641",7.54905380427619,50.2742993661337,35.0900361857495,0,21.3257649657568,14.5920323782874,17.0609945504644,21.6642503860873,12.6814399871124,0,8.80484053961553,4.78402026684813,16.1064768511718,30.8952192612795,11.6265362593264,9.43424082388328
"AAD021_011645",3.7745269021381,4.88777910504077,5.39846710549992,0,9.47811776255856,6.73478417459417,13.4229883595565,4.95707424088439,6.34071999355621,0,2.93494684653851,4.78402026684813,1.78960853901908,7.62082075111561,2.2145783351098,3.14474694129443
"AAD021_011646",0,4.88777910504077,5.39846710549992,0,2.36952944063964,2.24492805819806,2.67623443928853,2.29494177818722,2.1135733311854,0,0,4.78402026684813,0.894804269509542,4.32533069657913,0.55364458377745,6.28949388258885
"AAD021_011647",18.8726345106905,5.58603326290374,1.79948903516664,10.594407047847,0,1.12246402909903,0.669058609822132,5.96684862328677,0,10.2131325444004,14.6747342326925,19.1360810673925,5.36882561705725,4.73726695339619,7.75102417288429,3.14474694129443
"AAD021_011649",0,12.5685748415334,8.9974451758332,5.29720352392352,0,2.24492805819806,1.71446268766921,3.30471616058959,2.1135733311854,0,2.93494684653851,5.98002533356017,0,7.00291636589002,2.76822291888725,0
"AAD021_011651",7.54905380427619,3.49127078931484,1.79948903516664,0,10.6628824828784,4.48985611639611,8.57231343834607,6.24224163666923,4.2271466623708,20.4262650888008,1.46747342326925,2.39201013342407,8.94804269509542,4.94323508180472,4.98280125399704,6.28949388258885
"AAD021_011655",3.7745269021381,4.18952494717781,0,5.29720352392352,2.36952944063964,1.12246402909903,2.04899199258028,3.48831150284457,2.1135733311854,0,0,2.39201013342407,1.78960853901908,5.56113946703031,2.76822291888725,0
"AAD021_011662",0,3.49127078931484,1.79948903516664,0,2.36952944063964,8.97971223279222,5.68699818348813,5.59965793877681,2.1135733311854,0,4.40242026980776,3.5880152001361,2.68441280852863,3.70742631135354,1.66093375133235,6.28949388258885
"AAD021_011663",0,6.98254157862968,8.9974451758332,15.8916105717705,2.36952944063964,12.3471043200893,4.47432945318551,10.2813391662787,8.45429332474161,0,1.46747342326925,15.5480658672564,3.57921707803817,8.44469326474973,4.98280125399704,3.14474694129443
"AAD021_011667",11.3235807064143,4.88777910504077,4.4987225879166,0,1.18476472031982,3.36739208729708,9.95224682110422,6.97662300568914,2.1135733311854,10.2131325444004,1.46747342326925,2.39201013342407,5.36882561705725,3.29549005453648,9.96560250799409,3.14474694129443
"AAD021_011668",22.6471614128286,83.7904989435561,100.771385969332,37.0804246674646,41.4667652111937,105.511618735309,34.372886079612,19.8282969635376,101.451519896899,10.2131325444004,24.9470481955773,44.2521874683452,24.1597152767576,26.1579523078833,23.8067171024303,12.5789877651777
"AAD021_011669",41.5197959235191,116.608444363116,125.964232461665,42.3776281913881,71.0858832191892,95.4094424734174,52.8556301759485,30.2014338009438,103.565093228085,51.0656627220019,32.2844153119236,44.2521874683452,42.950604936458,29.8653786192369,26.5749400213176,44.026457178122
"AAD021_011678",11.3235807064143,20.947624735889,12.5964232461665,0,5.9238236015991,5.61232014549514,6.23060830396861,10.5567321796612,4.2271466623708,0,7.33736711634627,5.98002533356017,4.47402134754771,12.5640558329203,5.5364458377745,9.43424082388328
"AAD021_011681",0,3.49127078931484,0.89974451758332,5.29720352392352,7.10858832191892,6.73478417459417,2.92713141797183,2.4785371204422,4.2271466623708,0,1.46747342326925,2.39201013342407,0.894804269509542,3.91339443976207,2.2145783351098,0
"AAD021_011682",18.8726345106905,6.28428742076671,8.9974451758332,0,1.18476472031982,5.61232014549514,7.06693156624627,7.89459971696403,6.34071999355621,0,7.33736711634627,10.7640456004083,5.36882561705725,11.3282470624692,11.072891675549,3.14474694129443
"AAD021_011685",0,6.98254157862968,1.79948903516664,5.29720352392352,3.55429416095946,2.24492805819806,5.39428504169094,5.96684862328677,4.2271466623708,0,2.93494684653851,3.5880152001361,6.2636298865668,8.44469326474973,11.072891675549,6.28949388258885
"AAD021_011686",7.54905380427619,11.1720665258075,14.3959122813331,10.594407047847,28.4343532876757,4.48985611639611,10.035879147332,7.71100437470905,19.0221599806686,10.2131325444004,5.86989369307702,10.7640456004083,11.632455503624,13.1819602181459,17.1629820971009,9.43424082388328
"AAD021_011688",15.0981076085524,5.58603326290374,7.19795614066656,10.594407047847,8.29335304223874,4.48985611639611,12.0012388136845,10.7403275219162,0,0,2.93494684653851,3.5880152001361,5.36882561705725,10.7103426772436,8.30466875666174,3.14474694129443
"AAD021_011690",3.7745269021381,6.28428742076671,2.69923355274996,10.594407047847,5.9238236015991,3.36739208729708,8.27960029654889,5.41606259652183,4.2271466623708,0,8.80484053961553,9.56804053369627,4.47402134754771,6.59098010907296,6.64373500532939,0
"AAD021_011693",0,7.68079573649265,1.79948903516664,0,8.29335304223874,2.24492805819806,5.39428504169094,6.15044396554174,0,0,0,2.39201013342407,0.894804269509542,14.8297052454142,6.64373500532939,9.43424082388328
"AAD021_011699",0,6.28428742076671,1.79948903516664,0,2.36952944063964,3.36739208729708,5.01793957366599,4.0390975296095,4.2271466623708,0,2.93494684653851,4.78402026684813,2.68441280852863,5.35517133862178,1.1072891675549,6.28949388258885
"AAD021_011700",3.7745269021381,8.37904989435561,8.9974451758332,5.29720352392352,3.55429416095946,3.36739208729708,3.30347688599678,7.89459971696403,2.1135733311854,20.4262650888008,4.40242026980776,5.98002533356017,7.15843415607634,8.44469326474973,7.19737958910684,0
"AAD021_011701",3.7745269021381,7.68079573649265,3.59897807033328,10.594407047847,3.55429416095946,3.36739208729708,4.39069712695774,4.0390975296095,12.6814399871124,0,8.80484053961553,3.5880152001361,3.57921707803817,5.35517133862178,4.98280125399704,12.5789877651777
"AAD021_011709",3.7745269021381,4.88777910504077,8.09770065824988,10.594407047847,47.3905888127928,22.4492805819806,42.8197510286165,14.5040320381432,42.271466623708,20.4262650888008,16.1422076559618,11.9600506671203,4.47402134754771,20.596812840853,31.5577412753146,3.14474694129443
"AAD021_011710",0,2.79301663145187,5.39846710549992,0,1.18476472031982,3.36739208729708,4.13980014827444,3.30471616058959,4.2271466623708,0,1.46747342326925,7.1760304002722,0.894804269509542,4.73726695339619,4.98280125399704,0
"AAD021_011711",3.7745269021381,2.79301663145187,7.19795614066656,5.29720352392352,16.5867060844775,10.1021762618913,19.695412826639,5.32426492539434,6.34071999355621,0,7.33736711634627,4.78402026684813,0,8.65066139315826,10.5192470917715,0
"AAD021_011713",37.745269021381,60.0498575762152,53.9846710549992,37.0804246674646,46.205824092473,104.38915470621,53.4410564595428,39.1058079003102,69.7479199291183,61.2787952664022,39.6217824282699,43.0561824016332,25.0545195462672,31.9250599033222,28.7895183564274,40.8817102368275
"AAD021_011714",26.4216883149667,6.28428742076671,11.6966787285832,5.29720352392352,16.5867060844775,43.7760971348621,13.7157015013537,15.1466157360356,19.0221599806686,10.2131325444004,11.739787386154,20.3320861341046,24.1597152767576,16.4774502726824,18.2702712646558,15.7237347064721
"AAD021_011721",3.7745269021381,8.37904989435561,5.39846710549992,0,2.36952944063964,3.36739208729708,3.97253549581891,5.32426492539434,6.34071999355621,0,2.93494684653851,2.39201013342407,4.47402134754771,8.2387251363412,2.2145783351098,3.14474694129443
"AAD021_011723",67.9414842384857,41.8952494717781,17.9948903516664,79.4580528588527,43.8362946518333,51.6333453385553,36.0455326041674,48.836361039824,16.9085866494832,20.4262650888008,79.2435648565397,55.0162330687535,41.1609963974389,32.3369961601392,40.4160546157538,59.7501918845941
"AAD021_011724",0,3.49127078931484,2.69923355274996,0,1.18476472031982,3.36739208729708,2.67623443928853,2.4785371204422,0,0,4.40242026980776,1.19600506671203,2.68441280852863,5.97307572384737,2.2145783351098,3.14474694129443
"AAD021_011727",0,13.9650831572594,6.29821162308324,0,3.55429416095946,7.8572482036932,6.06334365151308,8.62898108598394,4.2271466623708,0,10.2723139628848,10.7640456004083,8.05323842558588,8.65066139315826,6.64373500532939,0
"AAD021_011731",3.7745269021381,6.28428742076671,7.19795614066656,5.29720352392352,1.18476472031982,3.36739208729708,6.18879214085473,3.48831150284457,2.1135733311854,0,1.46747342326925,0,2.68441280852863,3.08952192612795,1.1072891675549,3.14474694129443
"AAD021_011733",7.54905380427619,4.88777910504077,11.6966787285832,5.29720352392352,4.73905888127928,11.2246402909903,3.21984455976901,5.6914556099043,6.34071999355621,10.2131325444004,4.40242026980776,2.39201013342407,3.57921707803817,6.59098010907296,6.64373500532939,0
"AAD021_011738",3.7745269021381,4.18952494717781,3.59897807033328,0,2.36952944063964,3.36739208729708,1.88172734012475,4.22269287186448,2.1135733311854,0,5.86989369307702,0,2.68441280852863,4.73726695339619,2.76822291888725,0
"AAD021_011739",0,4.88777910504077,9.89718969341652,5.29720352392352,4.73905888127928,0,2.38352129749135,4.68168122750192,0,20.4262650888008,0,5.98002533356017,2.68441280852863,6.1790438522559,5.5364458377745,0
"AAD021_010859",11.3235807064143,2.79301663145187,7.19795614066656,5.29720352392352,5.9238236015991,4.48985611639611,12.2103196292539,14.6876273803982,2.1135733311854,0,13.2072608094233,11.9600506671203,9.84284696460496,13.7998646033715,12.1801808431039,9.43424082388328
"AAD021_010874",3.7745269021381,1.39650831572594,6.29821162308324,5.29720352392352,4.73905888127928,5.61232014549514,6.89966691379074,8.44538574372896,2.1135733311854,0,4.40242026980776,5.98002533356017,1.78960853901908,8.44469326474973,8.30466875666174,31.4474694129443
"AAD021_010902",3.7745269021381,11.1720665258075,8.9974451758332,10.594407047847,15.4019413641577,8.97971223279222,27.933196960074,15.4220087494181,21.135733311854,20.4262650888008,8.80484053961553,9.56804053369627,14.3168683121527,10.7103426772436,8.85831334043919,0
"AAD021_010904",3.7745269021381,4.18952494717781,1.79948903516664,10.594407047847,1.18476472031982,2.24492805819806,5.47791736791871,6.79302766343416,4.2271466623708,10.2131325444004,1.46747342326925,4.78402026684813,4.47402134754771,6.38501198066443,3.87551208644215,0
"AAD021_010905",30.1962152171048,9.07730405221858,7.19795614066656,31.7832211435411,9.47811776255856,7.8572482036932,34.6655992214092,20.10368997692,8.45429332474161,20.4262650888008,17.6096810792311,11.9600506671203,21.475302468229,10.504374548835,15.5020483457686,25.1579755303554
"AAD021_010912",52.8433766299334,72.6184324177487,113.367809215498,31.7832211435411,246.431061826523,49.3884172803572,135.735265467665,34.3323290016808,54.9529066108205,10.2131325444004,73.3736711634627,26.3121114676647,40.2661921279294,7.41485262270708,27.6822291888725,301.895706364265
"AAD021_010915",3.7745269021381,13.9650831572594,11.6966787285832,0,7.10858832191892,4.48985611639611,11.1649155514068,6.97662300568914,8.45429332474161,10.2131325444004,7.33736711634627,7.1760304002722,6.2636298865668,8.2387251363412,6.64373500532939,6.28949388258885
"AAD021_010916",3.7745269021381,13.2668289993964,2.69923355274996,10.594407047847,7.10858832191892,6.73478417459417,22.204382613472,17.9005458698603,12.6814399871124,0,10.2723139628848,4.78402026684813,5.36882561705725,19.7729403272189,8.30466875666174,6.28949388258885
"AAD021_010919",3.7745269021381,4.18952494717781,3.59897807033328,0,2.36952944063964,0,6.77421842444909,4.68168122750192,16.9085866494832,0,1.46747342326925,1.19600506671203,3.57921707803817,3.91339443976207,4.98280125399704,6.28949388258885
"AAD021_010921",3.7745269021381,13.2668289993964,8.9974451758332,0,15.4019413641577,7.8572482036932,30.442166746907,8.99617177049389,8.45429332474161,0,8.80484053961553,4.78402026684813,11.632455503624,5.35517133862178,7.75102417288429,6.28949388258885
"AAD021_010922",0,6.98254157862968,8.09770065824988,0,20.1410002454369,7.8572482036932,55.531864615237,13.2188646423584,31.703599967781,10.2131325444004,5.86989369307702,8.37203546698423,10.7376512341145,9.06259764997533,2.2145783351098,3.14474694129443
"AAD021_010935",0,9.77555821008155,4.4987225879166,5.29720352392352,4.73905888127928,4.48985611639611,9.2413720481682,4.68168122750192,6.34071999355621,20.4262650888008,5.86989369307702,3.5880152001361,4.47402134754771,5.35517133862178,2.76822291888725,0
"AAD021_010939",3.7745269021381,5.58603326290374,22.493612939583,42.3776281913881,7.10858832191892,0,10.9976508989513,25.2443595600594,6.34071999355621,0,22.0121013490388,14.3520608005444,4.47402134754771,3.50145818294501,18.2702712646558,15.7237347064721
"AAD021_010940",0,2.0947624735889,4.4987225879166,5.29720352392352,2.36952944063964,0,3.13621223354125,3.30471616058959,2.1135733311854,0,5.86989369307702,1.19600506671203,7.15843415607634,3.70742631135354,4.98280125399704,0
"AAD021_010941",22.6471614128286,3.49127078931484,0.89974451758332,47.6748317153116,4.73905888127928,1.12246402909903,2.71805060240241,21.4806550438324,0,0,24.9470481955773,10.7640456004083,9.84284696460496,5.14920321021325,8.30466875666174,22.013228589061
"AAD021_010942",275.540463856081,16.0598456308483,9.89718969341652,248.968565624405,2.36952944063964,4.48985611639611,4.34888096384386,127.598762867209,4.2271466623708,51.0656627220019,85.1134585496168,120.796511737915,92.1648397594828,32.1310280317307,71.9737958910684,166.671587888605
"AAD021_010943",0,4.18952494717781,4.4987225879166,0,2.36952944063964,2.24492805819806,12.7957459128483,5.87505095215928,4.2271466623708,0,2.93494684653851,2.39201013342407,2.68441280852863,9.26856577838386,3.3218675026647,0
"AAD021_010952",18.8726345106905,16.0598456308483,12.5964232461665,15.8916105717705,11.8476472031982,4.48985611639611,15.7228773308201,9.08796944162138,6.34071999355621,0,1.46747342326925,5.98002533356017,10.7376512341145,9.26856577838386,11.072891675549,15.7237347064721
"AAD021_010954",0,4.88777910504077,2.69923355274996,0,1.18476472031982,5.61232014549514,4.51614561629939,3.12112081833462,0,0,1.46747342326925,1.19600506671203,1.78960853901908,6.59098010907296,4.4291566702196,0
"AAD021_010974",18.8726345106905,20.947624735889,25.192846492333,5.29720352392352,53.3144124143919,30.3065287856738,31.4039384985263,13.9532460113783,25.3628799742248,0,16.1422076559618,33.4881418679369,17.8960853901908,14.2118008601886,13.8411145944362,9.43424082388328
"AAD021_010975",0,3.49127078931484,5.39846710549992,5.29720352392352,4.73905888127928,2.24492805819806,3.97253549581891,1.83595342254977,0,0,2.93494684653851,2.39201013342407,1.78960853901908,5.97307572384737,1.66093375133235,0
"AAD021_010978",7.54905380427619,6.98254157862968,4.4987225879166,0,2.36952944063964,3.36739208729708,3.63800619090785,8.26179040147398,8.45429332474161,0,7.33736711634627,5.98002533356017,8.05323842558588,10.2984064204265,1.1072891675549,9.43424082388328
"AAD021_010989",3.7745269021381,35.6109620510114,96.2726633814152,10.594407047847,63.9772948972703,110.001474851705,99.8988136790671,20.9298690170674,82.4293599162307,0,77.7760914332705,56.2122381354656,11.632455503624,74.972398740705,73.0810850586233,0
"AAD021_011002",7.54905380427619,6.98254157862968,3.59897807033328,0,0,1.12246402909903,2.13262431880805,4.95707424088439,8.45429332474161,0,17.6096810792311,13.1560557338324,3.57921707803817,10.7103426772436,4.4291566702196,0
"AAD021_011003",0,7.68079573649265,4.4987225879166,5.29720352392352,27.2495885673559,12.3471043200893,44.1578682482607,6.5176346500517,19.0221599806686,0,8.80484053961553,10.7640456004083,4.47402134754771,8.65066139315826,20.4848495997656,25.1579755303554
"AAD021_011004",3.7745269021381,9.77555821008155,15.2956567989164,10.594407047847,9.47811776255856,7.8572482036932,7.02511540313239,13.7696506691233,6.34071999355621,0,10.2723139628848,10.7640456004083,13.4220640426431,9.06259764997533,33.7723196104244,6.28949388258885
"AAD021_011010",11.3235807064143,11.1720665258075,7.19795614066656,5.29720352392352,13.032411923518,6.73478417459417,38.2617892492032,2.66213246269717,4.2271466623708,0,1.46747342326925,2.39201013342407,5.36882561705725,5.76710759543884,1.66093375133235,12.5789877651777
"AAD021_011016",0,4.18952494717781,3.59897807033328,0,8.29335304223874,5.61232014549514,10.5376731046986,5.6914556099043,10.567866655927,0,4.40242026980776,4.78402026684813,7.15843415607634,9.26856577838386,7.75102417288429,3.14474694129443
"AAD021_011019",15.0981076085524,10.4738123679445,4.4987225879166,0,5.9238236015991,6.73478417459417,5.22702038923541,7.89459971696403,14.7950133182978,10.2131325444004,2.93494684653851,13.1560557338324,15.2116725816622,4.53129882498766,2.2145783351098,3.14474694129443
"AAD021_011024",0,13.2668289993964,3.59897807033328,5.29720352392352,4.73905888127928,2.24492805819806,5.60336585726036,6.24224163666923,2.1135733311854,10.2131325444004,1.46747342326925,11.9600506671203,3.57921707803817,7.20888449429855,7.75102417288429,0
"AAD021_011028",7.54905380427619,16.7580997887112,7.19795614066656,5.29720352392352,7.10858832191892,6.73478417459417,10.9558347358374,7.80280204583654,14.7950133182978,0,2.93494684653851,7.1760304002722,9.84284696460496,8.44469326474973,6.64373500532939,6.28949388258885
"AAD021_011034",3.7745269021381,10.4738123679445,5.39846710549992,10.594407047847,4.73905888127928,5.61232014549514,7.56872552361287,4.95707424088439,4.2271466623708,0,5.86989369307702,5.98002533356017,0,8.44469326474973,4.4291566702196,0
"AAD021_011036",18.8726345106905,11.8703206836705,15.2956567989164,10.594407047847,14.2171766438378,14.5920323782874,17.8555016496282,16.7071761452029,14.7950133182978,20.4262650888008,17.6096810792311,11.9600506671203,16.1064768511718,22.6564941249383,24.3603616862078,12.5789877651777
"AAD021_011038",7.54905380427619,21.645878893752,22.493612939583,5.29720352392352,15.4019413641577,19.0818884946835,12.2103196292539,10.8321251930437,25.3628799742248,10.2131325444004,7.33736711634627,17.9400760006805,6.2636298865668,15.2416415022312,13.8411145944362,6.28949388258885
"AAD021_011039",0,3.49127078931484,2.69923355274996,0,1.18476472031982,1.12246402909903,7.23419621870181,6.15044396554174,2.1135733311854,0,2.93494684653851,1.19600506671203,1.78960853901908,8.65066139315826,3.87551208644215,0
"AAD021_011043",7.54905380427619,9.77555821008155,6.29821162308324,0,2.36952944063964,2.24492805819806,7.31782854492957,7.43561136132658,2.1135733311854,0,1.46747342326925,5.98002533356017,4.47402134754771,11.5342151908777,1.66093375133235,6.28949388258885
"AAD021_011044",7.54905380427619,5.58603326290374,1.79948903516664,10.594407047847,4.73905888127928,4.48985611639611,5.10157189989376,7.3438136901991,6.34071999355621,0,4.40242026980776,4.78402026684813,3.57921707803817,7.41485262270708,5.5364458377745,0
"AAD021_011045",132.108441574833,55.8603326290374,21.5938684219997,105.94407047847,1.18476472031982,5.61232014549514,37.634546802495,22.3986317551072,10.567866655927,40.8525301776015,26.4145216188466,50.2322128019054,9.84284696460496,45.3129882498766,34.3259641942019,72.3291796497718
"AAD021_011046",30.1962152171048,25.1371496830668,14.3959122813331,5.29720352392352,0,2.24492805819806,16.2664874513006,5.04887191201188,4.2271466623708,0,4.40242026980776,9.56804053369627,1.78960853901908,9.88647016360945,8.85831334043919,22.013228589061
"AAD021_011047",11.3235807064143,26.5336579987928,17.0951458340831,21.1888140956941,9.47811776255856,11.2246402909903,35.5019224836869,11.6583042331911,10.567866655927,10.2131325444004,14.6747342326925,16.7440709339685,9.84284696460496,26.3639204362919,13.8411145944362,9.43424082388328
"AAD021_011059",15.0981076085524,6.28428742076671,16.1954013164998,21.1888140956941,52.1296476940721,37.0413129602679,67.1149417977827,19.5529039501551,14.7950133182978,10.2131325444004,16.1422076559618,14.3520608005444,8.05323842558588,23.2743985101639,37.0941871130891,18.8684816477666
"AAD021_011060",0,3.49127078931484,4.4987225879166,0,10.6628824828784,1.12246402909903,14.1756792956064,5.41606259652183,6.34071999355621,0,5.86989369307702,1.19600506671203,3.57921707803817,3.08952192612795,0.55364458377745,6.28949388258885
"AAD021_011062",7.54905380427619,4.18952494717781,1.79948903516664,0,3.55429416095946,2.24492805819806,5.72881434660201,6.24224163666923,8.45429332474161,10.2131325444004,1.46747342326925,3.5880152001361,1.78960853901908,5.97307572384737,5.5364458377745,6.28949388258885
"AAD021_011063",37.745269021381,37.0074703667373,48.5862039494993,42.3776281913881,36.7277063299144,94.2869784443184,48.2976683965352,28.8244687340315,86.6565065786015,10.2131325444004,39.6217824282699,34.684146934649,33.1077579718531,24.9221435374321,24.3603616862078,28.3027224716498
"AAD021_011072",0,5.58603326290374,6.29821162308324,0,4.73905888127928,3.36739208729708,4.39069712695774,5.14066958313937,2.1135733311854,20.4262650888008,2.93494684653851,2.39201013342407,2.68441280852863,6.1790438522559,2.76822291888725,0
"AAD021_011074",15.0981076085524,11.1720665258075,8.9974451758332,21.1888140956941,5.9238236015991,15.7144964073864,12.1266873030262,6.79302766343416,12.6814399871124,20.4262650888008,13.2072608094233,17.9400760006805,4.47402134754771,12.5640558329203,9.41195792421664,12.5789877651777
"AAD021_011090",7.54905380427619,2.79301663145187,8.9974451758332,26.4860176196176,10.6628824828784,8.97971223279222,28.64407173301,24.1427875065295,19.0221599806686,0,5.86989369307702,13.1560557338324,8.94804269509542,10.7103426772436,13.2874700106588,9.43424082388328
"AAD021_011091",22.6471614128286,9.07730405221858,14.3959122813331,21.1888140956941,0,0,1.33811721964426,11.7501019043186,2.1135733311854,10.2131325444004,0,2.39201013342407,11.632455503624,1.44177689885971,7.19737958910684,22.013228589061
"AAD021_011094",7.54905380427619,6.28428742076671,4.4987225879166,5.29720352392352,1.18476472031982,6.73478417459417,4.05616782204668,4.22269287186448,2.1135733311854,0,1.46747342326925,2.39201013342407,5.36882561705725,8.8566295215668,9.96560250799409,0
"AAD021_011095",0,3.49127078931484,0.89974451758332,0,0,4.48985611639611,7.06693156624627,3.58010917397206,6.34071999355621,0,0,2.39201013342407,4.47402134754771,4.53129882498766,3.87551208644215,6.28949388258885
"AAD021_011098",75.4905380427619,143.840356519771,189.846093210081,58.2692387631587,54.4991771347117,79.694946066031,60.7170688413585,65.5435371850269,86.6565065786015,51.0656627220019,61.6338837773087,82.5243496031303,51.8986476315534,81.7693469781865,64.2227717181841,50.3159510607108
"AAD021_011101",0,5.58603326290374,3.59897807033328,0,3.55429416095946,2.24492805819806,8.02870331786559,5.87505095215928,2.1135733311854,0,2.93494684653851,2.39201013342407,3.57921707803817,5.97307572384737,8.85831334043919,3.14474694129443
"AAD021_011106",15.0981076085524,10.4738123679445,16.1954013164998,15.8916105717705,16.5867060844775,22.4492805819806,24.9642493789883,24.785371204422,21.135733311854,10.2131325444004,17.6096810792311,23.9201013342407,12.5272597731336,26.5698885647004,23.8067171024303,18.8684816477666
"AAD021_011116",11.3235807064143,11.8703206836705,15.2956567989164,26.4860176196176,35.5429416095946,14.5920323782874,78.6980189803283,22.0314410705973,33.8171732989664,0,22.0121013490388,20.3320861341046,26.8441280852863,18.7430996851762,22.6994279348754,31.4474694129443
"AAD021_011125",18.8726345106905,6.28428742076671,0,21.1888140956941,0,2.24492805819806,2.29988897126358,10.0059461528963,0,0,20.5446279257696,20.3320861341046,7.15843415607634,5.56113946703031,14.3947591782137,3.14474694129443
"AAD021_011131",30.1962152171048,6.98254157862968,5.39846710549992,0,15.4019413641577,6.73478417459417,28.4349909174406,8.53718341485645,23.2493066430394,10.2131325444004,42.5567292748084,14.3520608005444,22.3701067377386,3.50145818294501,18.2702712646558,15.7237347064721
"AAD021_011136",3.7745269021381,0,1.79948903516664,10.594407047847,9.47811776255856,16.8369604364854,10.4122246153569,11.0157205352986,2.1135733311854,10.2131325444004,5.86989369307702,0,17.0012811206813,2.88355379771942,8.30466875666174,0
"AAD021_011174",0,5.58603326290374,1.79948903516664,0,3.55429416095946,15.7144964073864,12.0430549767984,14.9630203937807,16.9085866494832,20.4262650888008,5.86989369307702,5.98002533356017,12.5272597731336,17.5072909147251,9.96560250799409,3.14474694129443
"AAD021_011178",0,6.98254157862968,3.59897807033328,5.29720352392352,9.47811776255856,2.24492805819806,5.60336585726036,2.66213246269717,8.45429332474161,0,0,0,3.57921707803817,6.1790438522559,2.76822291888725,3.14474694129443
"AAD021_011198",0,3.49127078931484,0.89974451758332,0,4.73905888127928,0,5.22702038923541,4.0390975296095,6.34071999355621,0,1.46747342326925,7.1760304002722,4.47402134754771,5.56113946703031,7.19737958910684,15.7237347064721
"AAD021_011202",3.7745269021381,1.39650831572594,5.39846710549992,0,4.73905888127928,2.24492805819806,9.53408518996539,15.5138064205456,4.2271466623708,0,7.33736711634627,9.56804053369627,6.2636298865668,10.092438292018,4.4291566702196,12.5789877651777
"AAD021_011206",0,3.49127078931484,6.29821162308324,5.29720352392352,3.55429416095946,6.73478417459417,8.36323262277666,6.15044396554174,6.34071999355621,0,2.93494684653851,10.7640456004083,4.47402134754771,4.1193625681706,5.5364458377745,18.8684816477666
"AAD021_011208",0,14.6633373151223,61.1826271956658,0,28.4343532876757,4.48985611639611,32.2820779239179,1.10157205352986,12.6814399871124,0,10.2723139628848,0,0.894804269509542,1.23580877045118,14.9484037619911,0
"AAD021_011210",15.0981076085524,2.0947624735889,7.19795614066656,0,0,4.48985611639611,7.77780633918229,32.496375579131,2.1135733311854,0,5.86989369307702,22.7240962675286,14.3168683121527,58.7009165964311,9.96560250799409,3.14474694129443
"AAD021_011213",0,3.49127078931484,0.89974451758332,0,18.9562355251171,20.2043525237825,72.8855723074985,0.550786026764932,21.135733311854,0,7.33736711634627,3.5880152001361,1.78960853901908,0.82387251363412,0,0
"AAD021_011240",3.7745269021381,7.68079573649265,5.39846710549992,5.29720352392352,1.18476472031982,2.24492805819806,4.2652486376161,7.3438136901991,4.2271466623708,0,5.86989369307702,5.98002533356017,3.57921707803817,4.73726695339619,2.2145783351098,0
"AAD021_011244",18.8726345106905,6.98254157862968,31.4910581154162,0,21.3257649657568,4.48985611639611,13.0048267284177,14.8712227226532,23.2493066430394,20.4262650888008,5.86989369307702,16.7440709339685,15.2116725816622,18.3311634283592,16.6093375133235,6.28949388258885
"AAD021_011249",0,6.98254157862968,8.9974451758332,0,1.18476472031982,6.73478417459417,6.77421842444909,6.5176346500517,2.1135733311854,10.2131325444004,4.40242026980776,7.1760304002722,5.36882561705725,11.1222789340606,8.30466875666174,6.28949388258885
"AAD021_011253",15.0981076085524,60.7481117340782,53.0849265374159,5.29720352392352,3.55429416095946,5.61232014549514,15.3465318627952,6.5176346500517,0,0,11.739787386154,8.37203546698423,4.47402134754771,5.76710759543884,6.64373500532939,9.43424082388328
"AAD021_011261",11.3235807064143,13.9650831572594,9.89718969341652,0,2.36952944063964,1.12246402909903,2.21625664503581,3.12112081833462,4.2271466623708,20.4262650888008,2.93494684653851,0,3.57921707803817,4.53129882498766,2.76822291888725,3.14474694129443
"AAD021_011262",7.54905380427619,22.344133051615,16.1954013164998,0,1.18476472031982,3.36739208729708,4.93430724743823,3.58010917397206,4.2271466623708,0,8.80484053961553,4.78402026684813,4.47402134754771,7.00291636589002,6.64373500532939,0
"AAD021_011265",22.6471614128286,1.39650831572594,8.9974451758332,5.29720352392352,7.10858832191892,0,6.94148307690462,7.06842067681663,8.45429332474161,10.2131325444004,13.2072608094233,7.1760304002722,5.36882561705725,7.00291636589002,6.09009042155194,3.14474694129443
"AAD021_011285",7.54905380427619,6.98254157862968,7.19795614066656,0,2.36952944063964,2.24492805819806,8.23778413343501,8.81257642823891,4.2271466623708,10.2131325444004,5.86989369307702,4.78402026684813,7.15843415607634,4.94323508180472,8.85831334043919,6.28949388258885
"AAD021_011287",15.0981076085524,5.58603326290374,3.59897807033328,5.29720352392352,0,0,1.96535966635251,18.5431295677527,2.1135733311854,10.2131325444004,7.33736711634627,10.7640456004083,4.47402134754771,3.91339443976207,8.30466875666174,25.1579755303554
"AAD021_010183",3.7745269021381,3.49127078931484,3.59897807033328,0,13.032411923518,3.36739208729708,13.966598480037,7.43561136132658,12.6814399871124,20.4262650888008,0,3.5880152001361,2.68441280852863,6.1790438522559,3.87551208644215,9.43424082388328
"AAD021_010184",18.8726345106905,9.07730405221858,6.29821162308324,10.594407047847,10.6628824828784,12.3471043200893,14.342943948062,22.6740247684897,8.45429332474161,20.4262650888008,13.2072608094233,15.5480658672564,23.2649110072481,20.8027809692615,30.4504521077597,15.7237347064721
"AAD021_010185",22.6471614128286,9.77555821008155,2.69923355274996,10.594407047847,17.7714708047973,8.97971223279222,18.3154794438809,4.40628821411946,10.567866655927,0,5.86989369307702,4.78402026684813,29.5285408938149,5.97307572384737,19.9312050159882,9.43424082388328
"AAD021_010188",18.8726345106905,9.07730405221858,13.4961677637498,0,0,0,0,0.642583697892421,0,20.4262650888008,0,10.7640456004083,8.05323842558588,4.1193625681706,62.5618379668518,18.8684816477666
"AAD021_010221",7.54905380427619,107.531140310897,80.0772620649155,10.594407047847,3.55429416095946,4.48985611639611,11.5412610194318,6.60943232117919,29.5900266365956,20.4262650888008,5.86989369307702,17.9400760006805,17.8960853901908,14.00583273178,30.4504521077597,15.7237347064721
"AAD021_010222",0,4.18952494717781,2.69923355274996,0,3.55429416095946,1.12246402909903,4.2652486376161,5.50786026764932,0,0,1.46747342326925,7.1760304002722,4.47402134754771,5.35517133862178,6.09009042155194,0
"AAD021_010226",18.8726345106905,5.58603326290374,13.4961677637498,5.29720352392352,8.29335304223874,4.48985611639611,8.07051948097947,32.5881732502585,12.6814399871124,0,11.739787386154,16.7440709339685,21.475302468229,22.2445578681213,13.8411145944362,18.8684816477666
"AAD021_010228",7.54905380427619,13.2668289993964,6.29821162308324,5.29720352392352,1.18476472031982,1.12246402909903,6.14697597774084,8.35358807260147,2.1135733311854,0,0,17.9400760006805,6.2636298865668,16.8893865294995,9.41195792421664,15.7237347064721
"AAD021_010229",7.54905380427619,6.28428742076671,1.79948903516664,5.29720352392352,8.29335304223874,4.48985611639611,13.8411499906954,11.6583042331911,6.34071999355621,0,11.739787386154,11.9600506671203,9.84284696460496,10.7103426772436,8.85831334043919,6.28949388258885
"AAD021_010231",3.7745269021381,6.28428742076671,6.29821162308324,0,14.2171766438378,22.4492805819806,32.9929526968539,4.22269287186448,2.1135733311854,0,2.93494684653851,1.19600506671203,2.68441280852863,2.0596812840853,2.2145783351098,6.28949388258885
"AAD021_010243",0,13.9650831572594,7.19795614066656,10.594407047847,27.2495885673559,12.3471043200893,7.10874772936016,5.32426492539434,4.2271466623708,0,1.46747342326925,9.56804053369627,6.2636298865668,7.00291636589002,3.87551208644215,6.28949388258885
"AAD021_010244",3.7745269021381,5.58603326290374,3.59897807033328,0,2.36952944063964,3.36739208729708,3.67982235402173,6.70122999230668,2.1135733311854,0,1.46747342326925,2.39201013342407,4.47402134754771,8.2387251363412,4.4291566702196,6.28949388258885
"AAD021_010245",0,5.58603326290374,1.79948903516664,0,2.36952944063964,6.73478417459417,14.6356570898591,5.32426492539434,2.1135733311854,0,2.93494684653851,1.19600506671203,8.94804269509542,7.82678887952414,3.87551208644215,0
"AAD021_010247",45.2943228256572,6.28428742076671,5.39846710549992,58.2692387631587,3.55429416095946,5.61232014549514,18.5663764225642,12.3008879310835,2.1135733311854,20.4262650888008,8.80484053961553,8.37203546698423,24.1597152767576,6.38501198066443,13.8411145944362,18.8684816477666
"AAD021_010249",7.54905380427619,30.7231829459706,33.2905471505828,37.0804246674646,37.9124710502342,30.3065287856738,27.6822999813907,7.71100437470905,23.2493066430394,10.2131325444004,11.739787386154,7.1760304002722,6.2636298865668,12.9759920897374,8.85831334043919,6.28949388258885
"AAD021_010251",0,4.88777910504077,6.29821162308324,5.29720352392352,5.9238236015991,8.97971223279222,6.81603458756297,14.5958297092707,10.567866655927,10.2131325444004,8.80484053961553,4.78402026684813,10.7376512341145,6.59098010907296,6.64373500532939,3.14474694129443
"AAD021_010254",3.7745269021381,1.39650831572594,4.4987225879166,5.29720352392352,1.18476472031982,4.48985611639611,3.13621223354125,4.77347889862941,0,0,2.93494684653851,5.98002533356017,0,7.62082075111561,2.76822291888725,3.14474694129443
"AAD021_010272",0,13.9650831572594,14.3959122813331,5.29720352392352,7.10858832191892,6.73478417459417,15.4719803521368,5.23246725426686,4.2271466623708,0,19.0771545025003,19.1360810673925,14.3168683121527,5.97307572384737,10.5192470917715,3.14474694129443
"AAD021_010273",0,22.344133051615,11.6966787285832,10.594407047847,5.9238236015991,6.73478417459417,5.89607899905754,8.26179040147398,4.2271466623708,0,4.40242026980776,11.9600506671203,6.2636298865668,7.41485262270708,6.09009042155194,6.28949388258885
"AAD021_010274",11.3235807064143,9.77555821008155,6.29821162308324,5.29720352392352,5.9238236015991,2.24492805819806,9.45045286373762,5.04887191201188,0,0,5.86989369307702,9.56804053369627,2.68441280852863,8.65066139315826,4.98280125399704,9.43424082388328
"AAD021_010281",7.54905380427619,12.5685748415334,27.8920800450829,0,10.6628824828784,4.48985611639611,7.10874772936016,19.5529039501551,4.2271466623708,0,17.6096810792311,17.9400760006805,8.94804269509542,17.5072909147251,14.9484037619911,6.28949388258885
"AAD021_010290",3.7745269021381,5.58603326290374,5.39846710549992,0,1.18476472031982,16.8369604364854,5.77063050971589,6.42583697892421,6.34071999355621,10.2131325444004,4.40242026980776,8.37203546698423,8.05323842558588,7.62082075111561,5.5364458377745,3.14474694129443
"AAD021_010291",22.6471614128286,5.58603326290374,4.4987225879166,0,40.2820004908739,17.9594244655844,13.0466428915316,19.920094634665,8.45429332474161,0,30.8169418886543,25.1161064009527,8.05323842558588,35.0145818294501,23.8067171024303,15.7237347064721
"AAD021_010293",11.3235807064143,25.8354038409298,28.7918245626662,5.29720352392352,7.10858832191892,19.0818884946835,12.6284812603927,15.7891994339281,19.0221599806686,0,8.80484053961553,14.3520608005444,16.1064768511718,17.9192271715421,11.6265362593264,9.43424082388328
"AAD021_010294",7.54905380427619,2.79301663145187,2.69923355274996,5.29720352392352,0,3.36739208729708,3.59619002779396,8.81257642823891,0,0,5.86989369307702,11.9600506671203,3.57921707803817,11.5342151908777,14.9484037619911,0
"AAD021_010306",0,6.28428742076671,0.89974451758332,0,7.10858832191892,5.61232014549514,4.55796177941328,3.94729985848201,6.34071999355621,0,1.46747342326925,4.78402026684813,1.78960853901908,4.73726695339619,3.87551208644215,3.14474694129443
"AAD021_010307",0,12.5685748415334,112.468064697915,0,15.4019413641577,11.2246402909903,7.65235784984064,2.66213246269717,0,0,0,1.19600506671203,0,2.67758566931089,22.145783351098,6.28949388258885
"AAD021_010346",3.7745269021381,25.8354038409298,9.89718969341652,0,7.10858832191892,8.97971223279222,13.7157015013537,4.68168122750192,14.7950133182978,0,5.86989369307702,5.98002533356017,7.15843415607634,4.32533069657913,4.4291566702196,6.28949388258885
"AAD021_010351",0,5.58603326290374,6.29821162308324,10.594407047847,9.47811776255856,25.8166726692776,16.7682814086672,12.7598762867209,6.34071999355621,0,8.80484053961553,15.5480658672564,11.632455503624,13.1819602181459,16.6093375133235,18.8684816477666
"AAD021_010352",11.3235807064143,11.1720665258075,5.39846710549992,0,4.73905888127928,11.2246402909903,25.7169403150382,6.15044396554174,2.1135733311854,10.2131325444004,4.40242026980776,7.1760304002722,7.15843415607634,7.41485262270708,5.5364458377745,3.14474694129443
"AAD021_010353",15.0981076085524,7.68079573649265,1.79948903516664,0,10.6628824828784,3.36739208729708,8.15415180720724,6.88482533456165,4.2271466623708,20.4262650888008,7.33736711634627,5.98002533356017,3.57921707803817,6.59098010907296,4.98280125399704,0
"AAD021_010354",11.3235807064143,6.28428742076671,0.89974451758332,5.29720352392352,9.47811776255856,4.48985611639611,6.02152748839919,4.58988355637443,2.1135733311854,0,4.40242026980776,1.19600506671203,7.15843415607634,6.59098010907296,7.19737958910684,3.14474694129443
"AAD021_010359",0,6.28428742076671,0.89974451758332,0,1.18476472031982,5.61232014549514,5.51973353103259,6.70122999230668,2.1135733311854,0,1.46747342326925,7.1760304002722,4.47402134754771,7.20888449429855,3.87551208644215,0
"AAD021_010360",22.6471614128286,24.4388955252039,8.09770065824988,5.29720352392352,21.3257649657568,41.531169076664,33.662011306676,6.5176346500517,23.2493066430394,0,24.9470481955773,11.9600506671203,33.1077579718531,8.2387251363412,10.5192470917715,9.43424082388328
"AAD021_010361",3.7745269021381,6.98254157862968,1.79948903516664,0,1.18476472031982,2.24492805819806,0.961771751619315,2.20314410705973,0,10.2131325444004,1.46747342326925,5.98002533356017,3.57921707803817,5.76710759543884,13.2874700106588,9.43424082388328
"AAD021_010368",166.079183694076,108.927648626623,195.24456031558,132.430088098088,86.4878245833468,61.7355216004465,44.408765226944,57.8325328103179,63.4071999355621,91.9181928996034,98.32071935904,102.856435737235,123.482989192317,54.375585899852,118.479940928374,106.92139600401
"AAD021_010373",15.0981076085524,0.698254157862968,1.79948903516664,5.29720352392352,4.73905888127928,10.1021762618913,5.77063050971589,7.71100437470905,4.2271466623708,0,11.739787386154,10.7640456004083,8.05323842558588,16.8893865294995,9.96560250799409,22.013228589061
"AAD021_010378",3.7745269021381,4.88777910504077,7.19795614066656,10.594407047847,4.73905888127928,6.73478417459417,3.55437386468008,6.88482533456165,6.34071999355621,0,1.46747342326925,4.78402026684813,0.894804269509542,12.9759920897374,7.19737958910684,3.14474694129443
"AAD021_010379",15.0981076085524,13.9650831572594,4.4987225879166,5.29720352392352,17.7714708047973,16.8369604364854,21.5353240036499,14.9630203937807,14.7950133182978,10.2131325444004,16.1422076559618,20.3320861341046,10.7376512341145,14.6237371170056,15.5020483457686,18.8684816477666
"AAD021_010380",15.0981076085524,23.0423872094779,41.3882478088327,26.4860176196176,35.5429416095946,88.6746582988232,43.9069712695774,23.9591921642746,65.5207732667475,0,23.4795747723081,41.8601773349212,22.3701067377386,25.1281116658407,22.6994279348754,37.7369632955331
"AAD021_010384",3.7745269021381,3.49127078931484,6.29821162308324,0,10.6628824828784,10.1021762618913,4.59977794252716,4.68168122750192,12.6814399871124,0,7.33736711634627,11.9600506671203,2.68441280852863,6.1790438522559,3.3218675026647,6.28949388258885
"AAD021_010388",7.54905380427619,12.5685748415334,14.3959122813331,5.29720352392352,20.1410002454369,15.7144964073864,11.2485478776346,8.07819505921901,6.34071999355621,61.2787952664022,13.2072608094233,11.9600506671203,12.5272597731336,8.03275700793268,8.85831334043919,12.5789877651777
"AAD021_010405",0,6.28428742076671,8.9974451758332,10.594407047847,7.10858832191892,3.36739208729708,11.123099388293,2.84572780495215,8.45429332474161,0,10.2723139628848,4.78402026684813,9.84284696460496,2.88355379771942,3.3218675026647,9.43424082388328
"AAD021_010406",3.7745269021381,9.07730405221858,16.1954013164998,5.29720352392352,7.10858832191892,7.8572482036932,10.6631215940402,16.9825691585854,10.567866655927,0,17.6096810792311,7.1760304002722,14.3168683121527,13.3879283465545,12.7338254268813,18.8684816477666
"AAD021_010408",7.54905380427619,5.58603326290374,2.69923355274996,5.29720352392352,9.47811776255856,4.48985611639611,5.64518202037424,6.15044396554174,0,0,2.93494684653851,5.98002533356017,5.36882561705725,9.68050203520091,3.87551208644215,6.28949388258885
"AAD021_010412",26.4216883149667,53.7655701554485,51.2854375022492,31.7832211435411,45.0210593721532,85.3072662115261,30.818512214932,26.1623362713343,38.0443199613372,20.4262650888008,29.3494684653851,34.684146934649,35.7921707803817,28.4236017203772,24.9140062699852,37.7369632955331
"AAD021_010416",15.0981076085524,36.3092162088743,26.9923355274996,10.594407047847,15.4019413641577,29.1840647565747,23.5424998331163,10.9239228641712,40.1578932925226,30.6393976332011,17.6096810792311,23.9201013342407,15.2116725816622,14.4177689885971,16.6093375133235,0
"AAD021_010422",75.4905380427619,160.598456308483,67.480838818749,52.9720352392352,8.29335304223874,11.2246402909903,21.1171623725111,53.3344469250709,27.4764533054102,30.6393976332011,26.4145216188466,28.7041216010888,25.0545195462672,22.2445578681213,7.75102417288429,34.5922163542387
"AAD021_010426",0,6.98254157862968,5.39846710549992,5.29720352392352,5.9238236015991,7.8572482036932,6.14697597774084,3.39651383171708,0,0,4.40242026980776,4.78402026684813,4.47402134754771,4.1193625681706,3.87551208644215,6.28949388258885
"AAD021_010429",7.54905380427619,6.98254157862968,0.89974451758332,0,0,0,1.08722024096097,8.44538574372896,0,20.4262650888008,1.46747342326925,10.7640456004083,9.84284696460496,7.00291636589002,8.85831334043919,3.14474694129443
"AAD021_010431",7.54905380427619,1.39650831572594,7.19795614066656,15.8916105717705,11.8476472031982,10.1021762618913,15.3047156996813,4.8652765697569,14.7950133182978,0,5.86989369307702,1.19600506671203,6.2636298865668,6.1790438522559,4.4291566702196,3.14474694129443
"AAD021_010437",3.7745269021381,6.28428742076671,6.29821162308324,5.29720352392352,5.9238236015991,7.8572482036932,6.06334365151308,8.26179040147398,2.1135733311854,0,4.40242026980776,8.37203546698423,9.84284696460496,4.94323508180472,6.64373500532939,9.43424082388328
"AAD021_010440",0,4.88777910504077,0.89974451758332,5.29720352392352,2.36952944063964,7.8572482036932,3.17802839665513,2.84572780495215,4.2271466623708,0,7.33736711634627,2.39201013342407,3.57921707803817,4.73726695339619,8.85831334043919,0
"AAD021_010452",7.54905380427619,6.28428742076671,10.7969342109998,10.594407047847,9.47811776255856,15.7144964073864,12.2939519554817,12.3008879310835,10.567866655927,0,4.40242026980776,4.78402026684813,17.8960853901908,15.0356733738227,19.3775604322107,0
"AAD021_010461",520.884712495057,246.483717725628,23.3933574571663,317.832211435411,274.865415114198,556.742158433118,705.1041424263,451.460946604989,255.742373073434,439.164699409216,2265.77896552773,953.21603816949,112.745337958202,1788.00932271445,2364.06237272971,559.764955550408
"AAD021_010470",0,1.39650831572594,2.69923355274996,5.29720352392352,5.9238236015991,8.97971223279222,8.15415180720724,10.3731368374062,8.45429332474161,0,2.93494684653851,4.78402026684813,5.36882561705725,5.56113946703031,5.5364458377745,12.5789877651777
"AAD021_010471",3.7745269021381,6.28428742076671,5.39846710549992,15.8916105717705,3.55429416095946,3.36739208729708,5.64518202037424,2.93752547607964,0,0,4.40242026980776,0,2.68441280852863,4.32533069657913,2.76822291888725,6.28949388258885
"AAD021_010478",3.7745269021381,52.3690618397226,20.6941239044164,21.1888140956941,41.4667652111937,32.5514568438718,60.7170688413585,18.0841412121153,48.6121866172643,30.6393976332011,35.2193621584621,44.2521874683452,25.9493238157767,15.0356733738227,34.3259641942019,56.6054449432997
"AAD021_010480",3.7745269021381,11.1720665258075,4.4987225879166,0,4.73905888127928,2.24492805819806,1.42174954587203,3.94729985848201,2.1135733311854,10.2131325444004,1.46747342326925,0,11.632455503624,2.47161754090236,4.4291566702196,6.28949388258885
"AAD021_010481",3.7745269021381,4.88777910504077,3.59897807033328,5.29720352392352,3.55429416095946,2.24492805819806,2.13262431880805,14.7794250515257,2.1135733311854,10.2131325444004,8.80484053961553,13.1560557338324,11.632455503624,11.7401833192862,4.98280125399704,3.14474694129443
"AAD021_010496",0,12.5685748415334,8.9974451758332,0,7.10858832191892,2.24492805819806,4.22343247450221,4.22269287186448,4.2271466623708,0,2.93494684653851,3.5880152001361,1.78960853901908,1.44177689885971,2.2145783351098,3.14474694129443
"AAD021_010500",0,3.49127078931484,2.69923355274996,0,4.73905888127928,2.24492805819806,3.88890316959114,11.2911135486811,0,10.2131325444004,0,7.1760304002722,8.94804269509542,8.44469326474973,9.96560250799409,6.28949388258885
"AAD021_010523",0,0,1.79948903516664,0,377.939945782023,7.8572482036932,98.1843509913979,0,86.6565065786015,0,13.2072608094233,0,0,1.64774502726824,14.3947591782137,0
"AAD021_010524",15.0981076085524,43.291757787504,81.8767511000821,37.0804246674646,69.9011184988694,31.4289928147728,41.2725529934028,44.1546798123221,31.703599967781,51.0656627220019,41.0892558515391,50.2322128019054,65.3207116741966,40.5757212964804,34.8796087779793,22.013228589061
"AAD021_010525",26.4216883149667,116.608444363116,102.570875004498,0,40.2820004908739,55.0007374258524,24.6715362371911,22.4904294262347,35.9307466301518,30.6393976332011,13.2072608094233,26.3121114676647,43.8454092059676,27.599729206743,23.8067171024303,12.5789877651777
"AAD021_010532",0,4.18952494717781,1.79948903516664,0,7.10858832191892,3.36739208729708,3.55437386468008,6.33403930779672,2.1135733311854,0,2.93494684653851,3.5880152001361,12.5272597731336,3.08952192612795,3.3218675026647,6.28949388258885
"AAD021_010538",0,5.58603326290374,5.39846710549992,0,7.10858832191892,5.61232014549514,5.10157189989376,4.40628821411946,10.567866655927,10.2131325444004,2.93494684653851,5.98002533356017,5.36882561705725,9.06259764997533,7.19737958910684,0
"AAD021_010541",11.3235807064143,10.4738123679445,2.69923355274996,5.29720352392352,1.18476472031982,0,0.0418161631138833,2.11134643593224,6.34071999355621,20.4262650888008,4.40242026980776,20.3320861341046,2.68441280852863,17.5072909147251,41.5233437833087,9.43424082388328
"AAD021_010568",3.7745269021381,21.645878893752,27.8920800450829,21.1888140956941,5.9238236015991,3.36739208729708,0.919955588505432,5.59965793877681,4.2271466623708,0,14.6747342326925,13.1560557338324,5.36882561705725,5.97307572384737,1.1072891675549,9.43424082388328
"AAD021_010578",18.8726345106905,107.531140310897,95.3729188638319,21.1888140956941,36.7277063299144,34.7963849020699,13.3393560333288,11.1075182064261,14.7950133182978,0,7.33736711634627,3.5880152001361,7.15843415607634,8.8566295215668,9.96560250799409,6.28949388258885
"AAD021_010584",11.3235807064143,38.4039786824632,16.1954013164998,10.594407047847,9.47811776255856,17.9594244655844,15.6810611677062,11.7501019043186,10.567866655927,0,13.2072608094233,25.1161064009527,18.7908896597004,17.3013227863165,10.5192470917715,12.5789877651777
"AAD021_010590",30.1962152171048,17.4563539465742,54.8844155725825,37.0804246674646,95.9659423459054,21.3268165528815,78.2798573491895,32.679970921386,44.3850399548935,10.2131325444004,24.9470481955773,26.3121114676647,28.6337366243053,25.5400479226577,85.8149104855047,12.5789877651777
"AAD021_010608",3.7745269021381,13.2668289993964,6.29821162308324,0,3.55429416095946,2.24492805819806,7.15056389247404,5.96684862328677,10.567866655927,0,5.86989369307702,2.39201013342407,12.5272597731336,8.03275700793268,7.19737958910684,6.28949388258885
"AAD021_010618",15.0981076085524,18.1546081044372,34.1902916681662,5.29720352392352,29.6191180079955,12.3471043200893,29.3549465059461,17.1661645008404,19.0221599806686,0,2.93494684653851,13.1560557338324,6.2636298865668,26.7758566931089,23.8067171024303,6.28949388258885
"AAD021_010621",15.0981076085524,14.6633373151223,12.5964232461665,10.594407047847,7.10858832191892,5.61232014549514,5.51973353103259,4.8652765697569,10.567866655927,0,4.40242026980776,10.7640456004083,5.36882561705725,7.41485262270708,4.98280125399704,3.14474694129443
"AAD021_010634",71.7160111406238,9.77555821008155,19.794379386833,5.29720352392352,49.7601182534324,61.7355216004465,90.5319931415573,38.0960335179078,95.1107999033431,40.8525301776015,55.7639900842317,86.1123648032664,20.5804981987195,51.286063973724,79.7248200639527,40.8817102368275
"AAD021_010664",7.54905380427619,30.7231829459706,25.192846492333,5.29720352392352,21.3257649657568,21.3268165528815,11.123099388293,16.0645924473105,19.0221599806686,0,8.80484053961553,5.98002533356017,26.8441280852863,14.2118008601886,23.2530725186529,9.43424082388328
"AAD021_010671",3.7745269021381,9.07730405221858,63.8818607484157,10.594407047847,4.73905888127928,4.48985611639611,3.0107637441996,8.99617177049389,8.45429332474161,0,13.2072608094233,13.1560557338324,11.632455503624,9.47453390679239,11.6265362593264,31.4474694129443
"AAD021_010672",7.54905380427619,17.4563539465742,9.89718969341652,5.29720352392352,14.2171766438378,10.1021762618913,6.10515981462696,8.72077875711143,23.2493066430394,0,11.739787386154,4.78402026684813,20.5804981987195,10.2984064204265,9.96560250799409,0
"AAD021_010720",18.8726345106905,6.28428742076671,3.59897807033328,31.7832211435411,1.18476472031982,0,1.17085256718873,21.8478457283423,0,20.4262650888008,92.450825665963,142.324602938732,16.1064768511718,113.900375009917,73.0810850586233,18.8684816477666
"AAD021_010736",45.2943228256572,17.4563539465742,11.6966787285832,47.6748317153116,61.6077654566306,120.103651113596,98.8115934381062,118.78618643897,48.6121866172643,51.0656627220019,55.7639900842317,157.872668805988,4.47402134754771,194.84584947447,82.49304298284,31.4474694129443
"AAD021_010737",11.3235807064143,3.49127078931484,2.69923355274996,10.594407047847,3.55429416095946,1.12246402909903,2.63441827617465,6.42583697892421,0,0,2.93494684653851,5.98002533356017,0.894804269509542,5.14920321021325,3.3218675026647,3.14474694129443
"AAD021_010739",7.54905380427619,4.88777910504077,4.4987225879166,5.29720352392352,14.2171766438378,12.3471043200893,27.0132413715686,23.0412154529997,21.135733311854,0,7.33736711634627,19.1360810673925,18.7908896597004,9.47453390679239,34.3259641942019,119.500383769188
"AAD021_010740",7.54905380427619,9.07730405221858,5.39846710549992,10.594407047847,3.55429416095946,15.7144964073864,14.2174954587203,5.50786026764932,8.45429332474161,0,2.93494684653851,9.56804053369627,5.36882561705725,6.79694823748149,4.98280125399704,12.5789877651777
"AAD021_010741",11.3235807064143,0.698254157862968,0,5.29720352392352,2.36952944063964,2.24492805819806,4.43251329007163,8.99617177049389,0,0,4.40242026980776,3.5880152001361,7.15843415607634,5.35517133862178,6.64373500532939,6.28949388258885
"AAD021_010747",7.54905380427619,4.18952494717781,3.59897807033328,0,1.18476472031982,2.24492805819806,4.05616782204668,6.15044396554174,0,0,0,5.98002533356017,10.7376512341145,7.62082075111561,7.19737958910684,0
"AAD021_010749",0,5.58603326290374,5.39846710549992,5.29720352392352,4.73905888127928,6.73478417459417,2.46715362371911,3.94729985848201,2.1135733311854,0,0,1.19600506671203,1.78960853901908,3.50145818294501,1.66093375133235,0
"AAD021_010753",18.8726345106905,16.0598456308483,9.89718969341652,5.29720352392352,7.10858832191892,11.2246402909903,14.1338631324925,22.1232387417248,12.6814399871124,0,17.6096810792311,13.1560557338324,23.2649110072481,16.6834184010909,10.5192470917715,12.5789877651777
"AAD021_010760",0,9.07730405221858,0.89974451758332,10.594407047847,5.9238236015991,4.48985611639611,8.40504878589054,5.23246725426686,6.34071999355621,10.2131325444004,16.1422076559618,60.9962584023137,3.57921707803817,16.2714821442739,21.5921387673205,28.3027224716498
"AAD021_009507",3.7745269021381,2.0947624735889,11.6966787285832,5.29720352392352,4.73905888127928,7.8572482036932,4.76704259498269,9.54695779725883,4.2271466623708,0,2.93494684653851,7.1760304002722,2.68441280852863,5.35517133862178,4.98280125399704,0
"AAD021_009512",3.7745269021381,4.18952494717781,6.29821162308324,0,3.55429416095946,6.73478417459417,4.80885875809658,10.0977438240238,6.34071999355621,0,10.2723139628848,5.98002533356017,4.47402134754771,8.8566295215668,3.3218675026647,3.14474694129443
"AAD021_009515",0,3.49127078931484,4.4987225879166,0,4.73905888127928,5.61232014549514,4.0143516589328,5.6914556099043,0,10.2131325444004,0,4.78402026684813,2.68441280852863,6.1790438522559,4.4291566702196,0
"AAD021_009516",56.6179035320715,64.937636681256,84.5759846528321,37.0804246674646,52.1296476940721,69.5927698041397,57.4554081184756,89.778122362684,44.3850399548935,71.4919278108026,80.711038279809,77.7403293362822,77.8479714473302,82.1812832350035,83.6003321503949,75.4739265910662
"AAD021_009517",18.8726345106905,11.1720665258075,7.19795614066656,0,24.8800591267162,29.1840647565747,29.3967626690599,5.96684862328677,14.7950133182978,0,13.2072608094233,17.9400760006805,8.94804269509542,8.8566295215668,8.30466875666174,12.5789877651777
"AAD021_009526",3.7745269021381,3.49127078931484,1.79948903516664,0,2.36952944063964,12.3471043200893,2.13262431880805,2.75393013382466,2.1135733311854,0,4.40242026980776,0,1.78960853901908,4.1193625681706,2.2145783351098,6.28949388258885
"AAD021_009528",7.54905380427619,11.1720665258075,5.39846710549992,15.8916105717705,11.8476472031982,2.24492805819806,12.7957459128483,6.5176346500517,10.567866655927,0,13.2072608094233,13.1560557338324,3.57921707803817,12.5640558329203,9.41195792421664,15.7237347064721
"AAD021_009529",75.4905380427619,199.700689148809,107.969342109998,47.6748317153116,26.064823847036,51.6333453385553,33.9547244484732,68.2974673188516,61.2936266043767,51.0656627220019,33.7518887351929,94.4844002702506,29.5285408938149,84.8588689043144,16.055692929546,40.8817102368275
"AAD021_009535",7.54905380427619,3.49127078931484,1.79948903516664,10.594407047847,7.10858832191892,24.6942086401786,17.3118915291477,3.58010917397206,12.6814399871124,0,7.33736711634627,0,3.57921707803817,1.23580877045118,4.98280125399704,0
"AAD021_009536",52.8433766299334,43.291757787504,62.0823717132491,42.3776281913881,65.1620596175901,113.368866939002,74.6418511582817,28.4572780495215,139.495839858237,40.8525301776015,66.0363040471165,38.2721621347851,53.6882561705725,26.3639204362919,58.1326812966322,40.8817102368275
"AAD021_009539",0,4.88777910504077,11.6966787285832,10.594407047847,9.47811776255856,5.61232014549514,7.40146087115734,3.12112081833462,6.34071999355621,0,1.46747342326925,0,6.2636298865668,3.70742631135354,2.76822291888725,0
"AAD021_009558",7.54905380427619,6.28428742076671,2.69923355274996,5.29720352392352,4.73905888127928,8.97971223279222,7.65235784984064,7.52740903245407,16.9085866494832,0,4.40242026980776,9.56804053369627,7.15843415607634,8.2387251363412,5.5364458377745,6.28949388258885
"AAD021_009577",49.0688497277953,18.8528622623001,33.2905471505828,68.8636458110057,39.097235770554,40.408705047565,39.7253549581891,49.1117540532065,23.2493066430394,30.6393976332011,85.1134585496168,60.9962584023137,34.0025622413626,38.1041037555781,59.7936150479645,81.7634204736551
"AAD021_009582",18.8726345106905,37.7057245246003,43.1877368439994,26.4860176196176,50.9448829737523,98.7768345607145,295.598457052041,22.5822270973622,65.5207732667475,20.4262650888008,48.4266229678854,21.5280912008166,38.4765835889103,20.184876584036,14.3947591782137,12.5789877651777
"AAD021_009596",3.7745269021381,4.18952494717781,3.59897807033328,0,5.9238236015991,31.4289928147728,7.52690936049899,4.8652765697569,14.7950133182978,0,22.0121013490388,9.56804053369627,8.05323842558588,11.7401833192862,11.072891675549,0
"AAD021_009597",0,6.28428742076671,1.79948903516664,10.594407047847,7.10858832191892,1.12246402909903,7.61054168672676,4.8652765697569,4.2271466623708,0,1.46747342326925,4.78402026684813,2.68441280852863,4.32533069657913,3.3218675026647,3.14474694129443
"AAD021_009598",15.0981076085524,9.07730405221858,20.6941239044164,0,8.29335304223874,6.73478417459417,8.82321041702937,20.7462736748124,8.45429332474161,10.2131325444004,4.40242026980776,9.56804053369627,10.7376512341145,14.8297052454142,8.85831334043919,0
"AAD021_009599",3.7745269021381,10.4738123679445,11.6966787285832,10.594407047847,10.6628824828784,2.24492805819806,3.84708700647726,3.94729985848201,4.2271466623708,0,1.46747342326925,8.37203546698423,2.68441280852863,5.97307572384737,8.85831334043919,15.7237347064721
"AAD021_009612",0,1.39650831572594,1.79948903516664,0,3.55429416095946,2.24492805819806,5.64518202037424,3.94729985848201,2.1135733311854,10.2131325444004,1.46747342326925,2.39201013342407,7.15843415607634,12.7700239613289,4.98280125399704,3.14474694129443
"AAD021_009622",7.54905380427619,6.98254157862968,4.4987225879166,5.29720352392352,47.3905888127928,14.5920323782874,38.8053993696837,8.07819505921901,14.7950133182978,0,11.739787386154,5.98002533356017,5.36882561705725,18.1251952999507,15.5020483457686,3.14474694129443
"AAD021_009627",26.4216883149667,19.5511164201631,14.3959122813331,10.594407047847,18.9562355251171,13.4695683491883,18.1900309545392,31.3948035256011,19.0221599806686,20.4262650888008,33.7518887351929,26.3121114676647,20.5804981987195,19.1550359419933,34.3259641942019,53.4606980020053
"AAD021_009629",11.3235807064143,34.9127078931484,28.7918245626662,31.7832211435411,17.7714708047973,38.163776989367,46.7504703613215,8.53718341485645,33.8171732989664,0,22.0121013490388,23.9201013342407,11.632455503624,6.38501198066443,7.75102417288429,12.5789877651777
"AAD021_009642",30.1962152171048,0.698254157862968,0.89974451758332,26.4860176196176,0,2.24492805819806,1.29630105653038,20.1954876480475,0,10.2131325444004,16.1422076559618,46.6441976017693,3.57921707803817,8.03275700793268,17.1629820971009,37.7369632955331
"AAD021_009662",11.3235807064143,2.0947624735889,3.59897807033328,10.594407047847,2.36952944063964,13.4695683491883,8.36323262277666,5.41606259652183,2.1135733311854,10.2131325444004,11.739787386154,2.39201013342407,7.15843415607634,0.82387251363412,2.2145783351098,0
"AAD021_009663",0,23.0423872094779,6.29821162308324,5.29720352392352,15.4019413641577,14.5920323782874,12.4612166079372,12.3008879310835,19.0221599806686,0,16.1422076559618,14.3520608005444,21.475302468229,12.1521195761033,11.072891675549,0
"AAD021_009665",11.3235807064143,23.0423872094779,21.5938684219997,26.4860176196176,0,0,0.627242446708249,63.9829767758596,0,0,27.8819950421158,7.1760304002722,11.632455503624,2.67758566931089,5.5364458377745,44.026457178122
"AAD021_009666",22.6471614128286,3.49127078931484,15.2956567989164,0,2.36952944063964,1.12246402909903,2.46715362371911,36.443675437613,0,0,5.86989369307702,2.39201013342407,10.7376512341145,0.82387251363412,4.4291566702196,25.1579755303554
"AAD021_009672",3.7745269021381,2.0947624735889,4.4987225879166,0,0,3.36739208729708,3.34529304911066,2.84572780495215,0,0,4.40242026980776,3.5880152001361,0.894804269509542,4.94323508180472,1.1072891675549,0
"AAD021_009683",3.7745269021381,0.698254157862968,4.4987225879166,5.29720352392352,10.6628824828784,26.9391366983767,12.3357681185956,6.15044396554174,4.2271466623708,10.2131325444004,10.2723139628848,13.1560557338324,3.57921707803817,11.7401833192862,6.09009042155194,0
"AAD021_009689",22.6471614128286,6.28428742076671,10.7969342109998,10.594407047847,20.1410002454369,15.7144964073864,16.9773622242366,15.3302110782906,16.9085866494832,20.4262650888008,29.3494684653851,15.5480658672564,33.1077579718531,28.6295698487857,3.3218675026647,12.5789877651777
"AAD021_009690",7.54905380427619,6.28428742076671,3.59897807033328,0,10.6628824828784,10.1021762618913,7.35964470804346,6.60943232117919,8.45429332474161,10.2131325444004,10.2723139628848,10.7640456004083,5.36882561705725,8.44469326474973,2.2145783351098,12.5789877651777
"AAD021_009691",0,5.58603326290374,7.19795614066656,0,17.7714708047973,6.73478417459417,5.01793957366599,1.19336972465735,4.2271466623708,0,2.93494684653851,2.39201013342407,0,4.32533069657913,1.66093375133235,3.14474694129443
"AAD021_009693",0,6.98254157862968,3.59897807033328,0,4.73905888127928,5.61232014549514,6.89966691379074,6.97662300568914,2.1135733311854,0,2.93494684653851,7.1760304002722,2.68441280852863,9.06259764997533,8.30466875666174,3.14474694129443
"AAD021_009695",0,2.0947624735889,4.4987225879166,10.594407047847,4.73905888127928,0,3.72163851713561,2.66213246269717,2.1135733311854,10.2131325444004,4.40242026980776,1.19600506671203,2.68441280852863,5.35517133862178,1.66093375133235,0
"AAD021_009697",15.0981076085524,19.5511164201631,17.9948903516664,15.8916105717705,13.032411923518,39.286241018466,35.1673931787758,11.2911135486811,48.6121866172643,0,19.0771545025003,17.9400760006805,16.1064768511718,11.1222789340606,12.1801808431039,12.5789877651777
"AAD021_009708",0,6.98254157862968,3.59897807033328,5.29720352392352,7.10858832191892,8.97971223279222,7.40146087115734,11.6583042331911,4.2271466623708,0,4.40242026980776,2.39201013342407,8.05323842558588,15.2416415022312,7.75102417288429,0
"AAD021_009719",3.7745269021381,6.28428742076671,6.29821162308324,10.594407047847,4.73905888127928,10.1021762618913,5.77063050971589,6.60943232117919,8.45429332474161,0,10.2723139628848,3.5880152001361,8.05323842558588,8.44469326474973,2.76822291888725,12.5789877651777
"AAD021_009723",0,0,4.4987225879166,0,1.18476472031982,3.36739208729708,2.17444048192193,3.02932314720713,2.1135733311854,0,1.46747342326925,5.98002533356017,3.57921707803817,3.70742631135354,3.3218675026647,0
"AAD021_009727",0,5.58603326290374,1.79948903516664,0,2.36952944063964,1.12246402909903,2.96894758108571,4.31449054299197,2.1135733311854,0,1.46747342326925,4.78402026684813,1.78960853901908,5.97307572384737,0.55364458377745,0
"AAD021_009729",3.7745269021381,6.28428742076671,8.09770065824988,0,4.73905888127928,6.73478417459417,2.96894758108571,5.04887191201188,2.1135733311854,0,5.86989369307702,3.5880152001361,9.84284696460496,3.50145818294501,13.2874700106588,9.43424082388328
"AAD021_009731",3.7745269021381,4.18952494717781,6.29821162308324,5.29720352392352,2.36952944063964,2.24492805819806,4.59977794252716,3.94729985848201,8.45429332474161,0,2.93494684653851,0,3.57921707803817,8.8566295215668,6.09009042155194,0
"AAD021_009732",30.1962152171048,15.3615914729853,22.493612939583,31.7832211435411,23.6952944063964,26.9391366983767,21.0753462093972,20.287285319175,25.3628799742248,0,36.6868355817314,22.7240962675286,12.5272597731336,22.0385897397127,30.4504521077597,12.5789877651777
"AAD021_009735",3.7745269021381,76.1097032070635,35.9897807033328,15.8916105717705,35.5429416095946,57.2456654840504,41.2307368302889,12.6680786155934,42.271466623708,0,23.4795747723081,22.7240962675286,25.0545195462672,19.7729403272189,11.6265362593264,15.7237347064721
"AAD021_009743",3.7745269021381,4.88777910504077,3.59897807033328,26.4860176196176,3.55429416095946,2.24492805819806,2.2580728081497,6.42583697892421,0,0,1.46747342326925,7.1760304002722,1.78960853901908,3.91339443976207,6.09009042155194,9.43424082388328
"AAD021_009744",0,4.88777910504077,9.89718969341652,10.594407047847,9.47811776255856,33.6739208729708,12.7539297497344,4.8652765697569,0,10.2131325444004,14.6747342326925,11.9600506671203,4.47402134754771,10.504374548835,4.98280125399704,6.28949388258885
"AAD021_009752",11.3235807064143,32.1196912616965,21.5938684219997,10.594407047847,60.4230007363108,34.7963849020699,20.3644714364612,11.4747088909361,19.0221599806686,10.2131325444004,13.2072608094233,7.1760304002722,25.0545195462672,27.8056973351516,32.6650304428695,0
"AAD021_009770",56.6179035320715,19.5511164201631,31.4910581154162,47.6748317153116,9.47811776255856,17.9594244655844,15.6810611677062,44.889061181342,19.0221599806686,20.4262650888008,39.6217824282699,27.5081165343768,21.475302468229,30.689251132871,42.0769883670862,47.1712041194164
"AAD021_009772",18.8726345106905,2.79301663145187,0.89974451758332,0,5.9238236015991,3.36739208729708,6.89966691379074,19.920094634665,2.1135733311854,0,11.739787386154,8.37203546698423,11.632455503624,12.7700239613289,7.75102417288429,18.8684816477666
"AAD021_009779",0,9.77555821008155,8.9974451758332,15.8916105717705,4.73905888127928,4.48985611639611,7.06693156624627,5.59965793877681,2.1135733311854,0,5.86989369307702,3.5880152001361,4.47402134754771,7.41485262270708,4.4291566702196,3.14474694129443
"AAD021_009784",11.3235807064143,3.49127078931484,2.69923355274996,5.29720352392352,5.9238236015991,8.97971223279222,11.9594226505706,6.24224163666923,10.567866655927,0,8.80484053961553,4.78402026684813,9.84284696460496,3.29549005453648,7.19737958910684,6.28949388258885
"AAD021_009786",22.6471614128286,27.9301663145187,91.7739407934987,31.7832211435411,47.3905888127928,24.6942086401786,40.8962075253778,33.7815429749158,21.135733311854,51.0656627220019,17.6096810792311,46.6441976017693,32.2129537023435,24.9221435374321,33.7723196104244,50.3159510607108
"AAD021_009787",22.6471614128286,35.6109620510114,24.2931019747496,26.4860176196176,3.55429416095946,3.36739208729708,2.508969786833,15.4220087494181,4.2271466623708,10.2131325444004,7.33736711634627,5.98002533356017,10.7376512341145,12.7700239613289,11.072891675549,0
"AAD021_009788",33.9707421192429,18.1546081044372,27.8920800450829,26.4860176196176,17.7714708047973,31.4289928147728,25.2987786838994,26.8967176403542,23.2493066430394,10.2131325444004,35.2193621584621,26.3121114676647,59.9518860571393,33.3668368021819,23.2530725186529,28.3027224716498
"AAD021_009789",3.7745269021381,3.49127078931484,2.69923355274996,5.29720352392352,5.9238236015991,6.73478417459417,7.02511540313239,8.99617177049389,6.34071999355621,0,5.86989369307702,9.56804053369627,8.05323842558588,10.092438292018,4.98280125399704,15.7237347064721
"AAD021_009791",3.7745269021381,3.49127078931484,5.39846710549992,0,4.73905888127928,10.1021762618913,5.05975573677988,3.76370451622704,0,10.2131325444004,1.46747342326925,2.39201013342407,3.57921707803817,4.32533069657913,4.4291566702196,3.14474694129443
"AAD021_009792",3.7745269021381,4.88777910504077,7.19795614066656,0,1.18476472031982,3.36739208729708,3.80527084336338,3.94729985848201,4.2271466623708,10.2131325444004,2.93494684653851,2.39201013342407,2.68441280852863,3.29549005453648,1.1072891675549,0
"AAD021_009797",0,3.49127078931484,5.39846710549992,0,0,1.12246402909903,2.46715362371911,2.66213246269717,2.1135733311854,0,1.46747342326925,0,0,2.0596812840853,1.66093375133235,3.14474694129443
"AAD021_009814",0,3.49127078931484,1.79948903516664,0,1.18476472031982,0,4.30706480072998,10.7403275219162,0,0,2.93494684653851,2.39201013342407,1.78960853901908,17.3013227863165,3.87551208644215,3.14474694129443
"AAD021_009815",22.6471614128286,42.593503629641,29.6915690802496,26.4860176196176,52.1296476940721,21.3268165528815,28.3931747543267,20.3790829903025,27.4764533054102,61.2787952664022,16.1422076559618,23.9201013342407,25.0545195462672,40.5757212964804,22.6994279348754,15.7237347064721
"AAD021_009842",22.6471614128286,50.9725535239967,90.8741962759153,100.646866954547,55.6839418550315,48.2659532512582,33.2020335124233,77.569032102728,40.1578932925226,30.6393976332011,35.2193621584621,49.0362077351934,21.475302468229,85.8887095463571,60.9009042155194,44.026457178122
"AAD021_009847",98.1376994555905,74.7131948913376,57.5836491253325,180.1049198134,65.1620596175901,37.0413129602679,25.6333079888105,97.489126737393,25.3628799742248,51.0656627220019,92.450825665963,105.248445870659,61.7414945961584,51.4920321021325,91.9050009070566,119.500383769188
"AAD021_009865",3.7745269021381,3.49127078931484,5.39846710549992,5.29720352392352,9.47811776255856,23.5717446110796,13.1720913808732,2.57033479156968,6.34071999355621,0,0,15.5480658672564,5.36882561705725,3.08952192612795,3.87551208644215,6.28949388258885
"AAD021_009871",3.7745269021381,7.68079573649265,6.29821162308324,5.29720352392352,13.032411923518,15.7144964073864,10.2449599629014,4.13089520073699,8.45429332474161,0,8.80484053961553,3.5880152001361,9.84284696460496,8.2387251363412,2.2145783351098,0
"AAD021_009872",3.7745269021381,6.28428742076671,0.89974451758332,5.29720352392352,4.73905888127928,0,1.0035879147332,4.0390975296095,2.1135733311854,10.2131325444004,2.93494684653851,2.39201013342407,18.7908896597004,7.20888449429855,2.2145783351098,3.14474694129443
"AAD021_009874",0,6.28428742076671,3.59897807033328,0,2.36952944063964,6.73478417459417,2.46715362371911,5.32426492539434,0,0,0,2.39201013342407,6.2636298865668,4.53129882498766,4.98280125399704,3.14474694129443
"AAD021_009879",7.54905380427619,27.9301663145187,131.362699567165,15.8916105717705,1062.73395412688,295.208039653044,507.104610082062,13.8614483402508,473.44042618553,10.2131325444004,55.7639900842317,23.9201013342407,3.57921707803817,9.47453390679239,49.8280125399705,15.7237347064721
"AAD021_009887",7.54905380427619,7.68079573649265,10.7969342109998,5.29720352392352,5.9238236015991,7.8572482036932,7.73599017606841,10.4649345085337,6.34071999355621,0,4.40242026980776,11.9600506671203,2.68441280852863,17.7132590431336,6.64373500532939,3.14474694129443
"AAD021_009909",0,3.49127078931484,4.4987225879166,5.29720352392352,3.55429416095946,6.73478417459417,8.02870331786559,5.50786026764932,14.7950133182978,10.2131325444004,7.33736711634627,5.98002533356017,8.05323842558588,5.14920321021325,7.75102417288429,0
"AAD021_009929",11.3235807064143,2.0947624735889,1.79948903516664,10.594407047847,8.29335304223874,6.73478417459417,4.55796177941328,4.40628821411946,0,0,2.93494684653851,2.39201013342407,3.57921707803817,5.56113946703031,8.30466875666174,3.14474694129443
"AAD021_009934",3.7745269021381,5.58603326290374,9.89718969341652,0,5.9238236015991,1.12246402909903,4.22343247450221,3.39651383171708,4.2271466623708,0,4.40242026980776,5.98002533356017,1.78960853901908,5.35517133862178,4.98280125399704,6.28949388258885
"AAD021_009935",22.6471614128286,2.0947624735889,2.69923355274996,0,13.032411923518,8.97971223279222,12.8375620759622,11.3829112198086,8.45429332474161,0,11.739787386154,8.37203546698423,8.94804269509542,8.03275700793268,13.2874700106588,9.43424082388328
"AAD021_009944",0,4.88777910504077,1.79948903516664,5.29720352392352,1.18476472031982,0,4.64159410564104,6.42583697892421,0,0,0,2.39201013342407,1.78960853901908,4.53129882498766,1.1072891675549,6.28949388258885
"AAD021_009960",41.5197959235191,108.927648626623,218.637917772747,52.9720352392352,39.097235770554,30.3065287856738,7.86143866541006,55.6293887032582,19.0221599806686,30.6393976332011,42.5567292748084,86.1123648032664,27.7389323547958,54.787522156669,74.7420188099557,91.1976612975384
"AAD021_009980",3.7745269021381,7.68079573649265,8.9974451758332,10.594407047847,16.5867060844775,12.3471043200893,11.4994448563179,14.5040320381432,16.9085866494832,0,11.739787386154,22.7240962675286,8.94804269509542,10.9163108056521,12.7338254268813,15.7237347064721
"AAD021_009983",26.4216883149667,30.7231829459706,18.8946348692497,21.1888140956941,10.6628824828784,33.6739208729708,8.19596797032112,14.3204366958882,8.45429332474161,20.4262650888008,33.7518887351929,23.9201013342407,9.84284696460496,28.8355379771942,27.128584605095,22.013228589061
"AAD021_009984",11.3235807064143,69.1271616284338,56.6839046077492,5.29720352392352,5.9238236015991,20.2043525237825,24.9642493789883,6.33403930779672,16.9085866494832,10.2131325444004,16.1422076559618,11.9600506671203,41.1609963974389,32.3369961601392,4.4291566702196,3.14474694129443
"AAD021_009992",0,7.68079573649265,8.09770065824988,15.8916105717705,11.8476472031982,1.12246402909903,11.3739963669763,10.8321251930437,4.2271466623708,0,4.40242026980776,1.19600506671203,7.15843415607634,5.76710759543884,4.4291566702196,3.14474694129443
"AAD021_009999",7.54905380427619,7.68079573649265,3.59897807033328,10.594407047847,10.6628824828784,12.3471043200893,12.0430549767984,6.42583697892421,8.45429332474161,0,4.40242026980776,5.98002533356017,3.57921707803817,9.47453390679239,7.19737958910684,15.7237347064721
"AAD021_010030",15.0981076085524,4.88777910504077,1.79948903516664,10.594407047847,7.10858832191892,14.5920323782874,4.76704259498269,11.1075182064261,12.6814399871124,10.2131325444004,23.4795747723081,14.3520608005444,8.05323842558588,9.06259764997533,14.3947591782137,25.1579755303554
"AAD021_010040",7.54905380427619,4.88777910504077,0.89974451758332,21.1888140956941,0,3.36739208729708,3.0107637441996,1.83595342254977,4.2271466623708,0,1.46747342326925,3.5880152001361,2.68441280852863,7.20888449429855,2.76822291888725,0
"AAD021_010065",7.54905380427619,23.0423872094779,10.7969342109998,15.8916105717705,1.18476472031982,13.4695683491883,16.8937298980088,7.3438136901991,4.2271466623708,0,2.93494684653851,2.39201013342407,0.894804269509542,12.5640558329203,16.055692929546,6.28949388258885
"AAD021_010068",0,2.0947624735889,4.4987225879166,0,7.10858832191892,8.97971223279222,6.60695377199356,4.95707424088439,6.34071999355621,0,4.40242026980776,9.56804053369627,1.78960853901908,7.20888449429855,3.3218675026647,0
"AAD021_010069",3.7745269021381,7.68079573649265,3.59897807033328,0,2.36952944063964,1.12246402909903,1.96535966635251,5.96684862328677,8.45429332474161,0,4.40242026980776,4.78402026684813,8.05323842558588,8.2387251363412,7.75102417288429,6.28949388258885
"AAD021_010112",71.7160111406238,13.9650831572594,6.29821162308324,52.9720352392352,9.47811776255856,19.0818884946835,25.3405948470133,42.0433333763898,31.703599967781,40.8525301776015,48.4266229678854,52.6242229353295,36.6869750498912,36.4563587283098,47.0597896210832,47.1712041194164
"AAD021_010133",0,9.07730405221858,2.69923355274996,5.29720352392352,3.55429416095946,0,4.39069712695774,4.77347889862941,4.2271466623708,0,2.93494684653851,10.7640456004083,6.2636298865668,4.94323508180472,2.76822291888725,3.14474694129443
"AAD021_007558",22.6471614128286,6.98254157862968,10.7969342109998,21.1888140956941,2.36952944063964,5.61232014549514,12.7121135866205,33.0471616058959,4.2271466623708,0,19.0771545025003,25.1161064009527,21.475302468229,18.5371315567677,20.4848495997656,12.5789877651777
"AAD021_007559",7.54905380427619,7.68079573649265,9.89718969341652,5.29720352392352,4.73905888127928,8.97971223279222,3.72163851713561,13.8614483402508,12.6814399871124,0,7.33736711634627,7.1760304002722,17.8960853901908,15.2416415022312,4.4291566702196,9.43424082388328
"AAD021_007560",7.54905380427619,6.28428742076671,0.89974451758332,5.29720352392352,9.47811776255856,2.24492805819806,3.63800619090785,5.41606259652183,0,0,11.739787386154,3.5880152001361,57.2674732486107,2.26564941249383,4.98280125399704,0
"AAD021_007609",11.3235807064143,7.68079573649265,11.6966787285832,5.29720352392352,9.47811776255856,7.8572482036932,10.035879147332,9.27156478387636,16.9085866494832,10.2131325444004,10.2723139628848,4.78402026684813,25.0545195462672,10.9163108056521,11.072891675549,3.14474694129443
"AAD021_007611",0,4.88777910504077,17.0951458340831,10.594407047847,17.7714708047973,15.7144964073864,16.1828551250728,11.6583042331911,8.45429332474161,30.6393976332011,11.739787386154,3.5880152001361,9.84284696460496,20.8027809692615,11.6265362593264,9.43424082388328
"AAD021_007617",3.7745269021381,4.18952494717781,10.7969342109998,10.594407047847,3.55429416095946,0,15.6810611677062,9.91414848176878,2.1135733311854,0,4.40242026980776,5.98002533356017,6.2636298865668,11.5342151908777,8.30466875666174,9.43424082388328
"AAD021_007621",52.8433766299334,83.7904989435561,60.2828826780824,84.7552563827763,68.7163537785495,108.879010822606,59.7134809266253,34.1487336594258,137.382266527051,61.2787952664022,49.8940963911547,45.4481925350573,37.5817793194008,51.9039683589496,40.9696991995313,44.026457178122
"AAD021_007622",3.7745269021381,6.98254157862968,2.69923355274996,5.29720352392352,0,0,0.627242446708249,2.57033479156968,2.1135733311854,0,1.46747342326925,4.78402026684813,8.94804269509542,4.1193625681706,11.072891675549,3.14474694129443
"AAD021_007638",0,4.88777910504077,3.59897807033328,10.594407047847,9.47811776255856,4.48985611639611,35.0419446894342,13.1270669712309,4.2271466623708,10.2131325444004,11.739787386154,8.37203546698423,8.94804269509542,8.03275700793268,9.41195792421664,9.43424082388328
"AAD021_007640",0,10.4738123679445,18.8946348692497,10.594407047847,2.36952944063964,7.8572482036932,6.69058609822132,6.15044396554174,8.45429332474161,0,14.6747342326925,7.1760304002722,8.05323842558588,11.9461514476947,17.1629820971009,3.14474694129443
"AAD021_007641",3.7745269021381,20.2493705780261,37.7892697384994,5.29720352392352,99.5202365068649,14.5920323782874,24.0442937904829,4.8652765697569,27.4764533054102,0,14.6747342326925,2.39201013342407,4.47402134754771,1.44177689885971,1.1072891675549,0
"AAD021_007647",15.0981076085524,16.7580997887112,7.19795614066656,37.0804246674646,21.3257649657568,12.3471043200893,9.40863670062374,11.4747088909361,6.34071999355621,0,16.1422076559618,7.1760304002722,25.9493238157767,7.82678887952414,12.1801808431039,22.013228589061
"AAD021_007675",3.7745269021381,6.28428742076671,3.59897807033328,0,4.73905888127928,1.12246402909903,7.56872552361287,6.33403930779672,6.34071999355621,0,1.46747342326925,0,3.57921707803817,3.70742631135354,5.5364458377745,6.28949388258885
"AAD021_007678",30.1962152171048,9.77555821008155,2.69923355274996,21.1888140956941,4.73905888127928,5.61232014549514,12.16850346614,25.9787409290793,2.1135733311854,0,10.2723139628848,13.1560557338324,13.4220640426431,25.7460160510663,20.4848495997656,0
"AAD021_007680",0,3.49127078931484,8.09770065824988,0,3.55429416095946,16.8369604364854,11.9176064874567,0.73438136901991,8.45429332474161,0,4.40242026980776,3.5880152001361,0,2.47161754090236,1.66093375133235,0
"AAD021_007684",0,9.07730405221858,1.79948903516664,10.594407047847,1.18476472031982,5.61232014549514,3.47074153845231,2.66213246269717,2.1135733311854,0,0,3.5880152001361,0,7.00291636589002,1.1072891675549,3.14474694129443
"AAD021_007687",11.3235807064143,13.9650831572594,8.09770065824988,0,15.4019413641577,5.61232014549514,4.43251329007163,6.24224163666923,4.2271466623708,0,7.33736711634627,7.1760304002722,12.5272597731336,11.3282470624692,6.64373500532939,0
"AAD021_007695",3.7745269021381,4.88777910504077,1.79948903516664,5.29720352392352,4.73905888127928,2.24492805819806,6.94148307690462,4.31449054299197,0,0,1.46747342326925,3.5880152001361,5.36882561705725,5.56113946703031,5.5364458377745,6.28949388258885
"AAD021_007700",0,3.49127078931484,0,10.594407047847,1.18476472031982,4.48985611639611,5.72881434660201,0.275393013382466,2.1135733311854,0,1.46747342326925,5.98002533356017,0.894804269509542,5.14920321021325,14.9484037619911,3.14474694129443
"AAD021_007712",67.9414842384857,81.6957364699672,82.7764956176654,79.4580528588527,48.5753535331126,216.635557616112,74.3491380164845,39.7483915982026,162.745146501276,61.2787952664022,49.8940963911547,44.2521874683452,53.6882561705725,53.3457452578093,47.0597896210832,50.3159510607108
"AAD021_007719",11.3235807064143,23.7406413673409,17.9948903516664,10.594407047847,9.47811776255856,26.9391366983767,20.5317360889167,12.6680786155934,21.135733311854,0,29.3494684653851,22.7240962675286,14.3168683121527,15.0356733738227,12.1801808431039,9.43424082388328
"AAD021_007730",0,5.58603326290374,4.4987225879166,0,1.18476472031982,0,1.92354350323863,2.4785371204422,4.2271466623708,10.2131325444004,0,2.39201013342407,1.78960853901908,3.70742631135354,0.55364458377745,0
"AAD021_007731",11.3235807064143,2.79301663145187,5.39846710549992,10.594407047847,4.73905888127928,6.73478417459417,6.06334365151308,7.43561136132658,10.567866655927,0,14.6747342326925,9.56804053369627,3.57921707803817,7.82678887952414,7.19737958910684,6.28949388258885
"AAD021_007734",7.54905380427619,5.58603326290374,4.4987225879166,5.29720352392352,4.73905888127928,7.8572482036932,2.29988897126358,6.42583697892421,2.1135733311854,0,1.46747342326925,2.39201013342407,6.2636298865668,4.94323508180472,3.87551208644215,0
"AAD021_007744",3.7745269021381,2.0947624735889,13.4961677637498,0,56.8687065753514,12.3471043200893,62.1388183872306,23.5920014797646,31.703599967781,0,2.93494684653851,2.39201013342407,44.7402134754771,0.82387251363412,0.55364458377745,6.28949388258885
"AAD021_007751",0,6.28428742076671,4.4987225879166,0,3.55429416095946,5.61232014549514,2.96894758108571,4.22269287186448,0,0,2.93494684653851,3.5880152001361,4.47402134754771,7.00291636589002,2.76822291888725,0
"AAD021_007760",7.54905380427619,5.58603326290374,4.4987225879166,15.8916105717705,48.5753535331126,53.8782733967533,51.1411674882793,18.6349272388802,42.271466623708,20.4262650888008,2.93494684653851,15.5480658672564,16.1064768511718,13.593896474963,13.8411145944362,9.43424082388328
"AAD021_007764",3.7745269021381,6.28428742076671,7.19795614066656,5.29720352392352,1.18476472031982,2.24492805819806,3.59619002779396,3.58010917397206,8.45429332474161,0,4.40242026980776,1.19600506671203,3.57921707803817,1.85371315567677,2.76822291888725,3.14474694129443
"AAD021_007766",11.3235807064143,5.58603326290374,17.9948903516664,5.29720352392352,20.1410002454369,19.0818884946835,12.0848711399123,7.06842067681663,8.45429332474161,0,10.2723139628848,16.7440709339685,6.2636298865668,9.68050203520091,8.30466875666174,0
"AAD021_007778",3.7745269021381,1.39650831572594,4.4987225879166,0,9.47811776255856,6.73478417459417,5.43610120480483,8.9043740993664,4.2271466623708,0,7.33736711634627,8.37203546698423,4.47402134754771,13.1819602181459,12.1801808431039,0
"AAD021_007784",11.3235807064143,6.28428742076671,8.09770065824988,10.594407047847,11.8476472031982,6.73478417459417,15.0120025578841,23.7755968220196,8.45429332474161,10.2131325444004,10.2723139628848,14.3520608005444,9.84284696460496,13.7998646033715,6.09009042155194,3.14474694129443
"AAD021_007787",3.7745269021381,17.4563539465742,11.6966787285832,0,1.18476472031982,1.12246402909903,0.585426283594366,2.84572780495215,0,0,4.40242026980776,2.39201013342407,1.78960853901908,7.00291636589002,6.64373500532939,3.14474694129443
"AAD021_007792",7.54905380427619,4.18952494717781,4.4987225879166,0,4.73905888127928,1.12246402909903,8.07051948097947,5.87505095215928,6.34071999355621,0,5.86989369307702,7.1760304002722,4.47402134754771,3.91339443976207,3.87551208644215,9.43424082388328
"AAD021_007799",3.7745269021381,7.68079573649265,2.69923355274996,0,8.29335304223874,3.36739208729708,3.2616607228829,8.72077875711143,4.2271466623708,10.2131325444004,8.80484053961553,5.98002533356017,13.4220640426431,12.9759920897374,8.30466875666174,6.28949388258885
"AAD021_007801",3.7745269021381,3.49127078931484,6.29821162308324,5.29720352392352,0,0,2.42533746060523,4.68168122750192,2.1135733311854,10.2131325444004,5.86989369307702,0,2.68441280852863,3.50145818294501,3.3218675026647,3.14474694129443
"AAD021_007802",11.3235807064143,5.58603326290374,11.6966787285832,5.29720352392352,14.2171766438378,5.61232014549514,12.2939519554817,6.33403930779672,2.1135733311854,0,0,3.5880152001361,6.2636298865668,6.79694823748149,9.41195792421664,3.14474694129443
"AAD021_007807",3.7745269021381,17.4563539465742,4.4987225879166,0,7.10858832191892,5.61232014549514,7.98688715475171,5.23246725426686,2.1135733311854,30.6393976332011,2.93494684653851,2.39201013342407,6.2636298865668,3.70742631135354,2.76822291888725,6.28949388258885
"AAD021_007817",11.3235807064143,4.18952494717781,4.4987225879166,0,4.73905888127928,1.12246402909903,2.7598667655163,6.24224163666923,0,0,0,2.39201013342407,3.57921707803817,4.1193625681706,4.4291566702196,3.14474694129443
"AAD021_007819",124.559387770557,80.9974823121043,126.863976979248,31.7832211435411,194.30141413245,163.879748248458,118.088844633606,99.1414848176878,205.016613124984,20.4262650888008,157.01965628981,127.972542138188,213.858220412781,99.8945422781371,103.531537166383,116.355636827894
"AAD021_007820",0,3.49127078931484,2.69923355274996,0,2.36952944063964,0,1.96535966635251,5.96684862328677,0,0,1.46747342326925,3.5880152001361,0.894804269509542,4.32533069657913,1.66093375133235,3.14474694129443
"AAD021_007821",3.7745269021381,7.68079573649265,5.39846710549992,10.594407047847,10.6628824828784,7.8572482036932,10.4122246153569,9.63875546838631,8.45429332474161,0,8.80484053961553,10.7640456004083,8.05323842558588,10.7103426772436,9.41195792421664,9.43424082388328
"AAD021_007822",0,4.88777910504077,3.59897807033328,5.29720352392352,1.18476472031982,5.61232014549514,2.84349909174406,4.31449054299197,6.34071999355621,0,4.40242026980776,1.19600506671203,7.15843415607634,3.29549005453648,3.3218675026647,0
"AAD021_007828",3.7745269021381,11.1720665258075,8.9974451758332,0,13.032411923518,6.73478417459417,26.0514696199493,2.20314410705973,8.45429332474161,0,1.46747342326925,1.19600506671203,2.68441280852863,2.67758566931089,6.09009042155194,0
"AAD021_007829",0,4.18952494717781,1.79948903516664,0,2.36952944063964,1.12246402909903,3.38710921222455,3.67190684509955,0,0,2.93494684653851,3.5880152001361,1.78960853901908,7.82678887952414,1.66093375133235,3.14474694129443
"AAD021_007831",11.3235807064143,1.39650831572594,4.4987225879166,5.29720352392352,4.73905888127928,2.24492805819806,3.55437386468008,8.53718341485645,2.1135733311854,0,2.93494684653851,13.1560557338324,3.57921707803817,6.59098010907296,8.30466875666174,9.43424082388328
"AAD021_007837",15.0981076085524,8.37904989435561,11.6966787285832,31.7832211435411,5.9238236015991,8.97971223279222,11.8757903243429,11.3829112198086,4.2271466623708,0,8.80484053961553,13.1560557338324,14.3168683121527,17.095354657908,7.75102417288429,9.43424082388328
"AAD021_007838",15.0981076085524,6.28428742076671,4.4987225879166,5.29720352392352,5.9238236015991,5.61232014549514,11.457628693204,28.2736827072665,4.2271466623708,0,2.93494684653851,9.56804053369627,8.05323842558588,14.00583273178,14.9484037619911,12.5789877651777
"AAD021_007839",0,8.37904989435561,0.89974451758332,0,1.18476472031982,1.12246402909903,2.0071758294664,2.29494177818722,0,10.2131325444004,4.40242026980776,2.39201013342407,2.68441280852863,6.38501198066443,1.1072891675549,0
"AAD021_007841",0,14.6633373151223,9.89718969341652,0,8.29335304223874,10.1021762618913,5.31065271546318,5.87505095215928,0,0,5.86989369307702,5.98002533356017,10.7376512341145,7.20888449429855,3.3218675026647,6.28949388258885
"AAD021_007842",7.54905380427619,6.28428742076671,8.9974451758332,0,9.47811776255856,1.12246402909903,8.94865890637102,13.6778529979958,4.2271466623708,10.2131325444004,1.46747342326925,8.37203546698423,10.7376512341145,10.7103426772436,8.85831334043919,12.5789877651777
"AAD021_007843",11.3235807064143,15.3615914729853,21.5938684219997,15.8916105717705,34.3581768892748,34.7963849020699,25.6333079888105,12.7598762867209,25.3628799742248,0,32.2844153119236,38.2721621347851,13.4220640426431,21.4206853544871,22.145783351098,18.8684816477666
"AAD021_007852",26.4216883149667,12.5685748415334,20.6941239044164,15.8916105717705,14.2171766438378,10.1021762618913,17.8136854865143,16.339985460693,8.45429332474161,40.8525301776015,27.8819950421158,16.7440709339685,22.3701067377386,14.2118008601886,18.8239158484333,18.8684816477666
"AAD021_007853",3.7745269021381,3.49127078931484,3.59897807033328,5.29720352392352,4.73905888127928,7.8572482036932,3.97253549581891,3.58010917397206,4.2271466623708,0,0,7.1760304002722,1.78960853901908,4.53129882498766,5.5364458377745,9.43424082388328
"AAD021_007868",15.0981076085524,6.98254157862968,1.79948903516664,10.594407047847,4.73905888127928,5.61232014549514,3.80527084336338,7.98639738809152,0,0,1.46747342326925,7.1760304002722,10.7376512341145,8.8566295215668,5.5364458377745,9.43424082388328
"AAD021_007869",64.1669573363477,7.68079573649265,12.5964232461665,47.6748317153116,1.18476472031982,1.12246402909903,1.83991117701086,142.653580932117,0,30.6393976332011,70.4387243169242,49.0362077351934,69.7947330217443,46.7547651487363,64.2227717181841,110.066142945305
"AAD021_007872",7.54905380427619,4.88777910504077,5.39846710549992,0,3.55429416095946,5.61232014549514,5.89607899905754,3.39651383171708,8.45429332474161,0,2.93494684653851,2.39201013342407,7.15843415607634,6.1790438522559,5.5364458377745,0
"AAD021_007873",3.7745269021381,8.37904989435561,1.79948903516664,5.29720352392352,2.36952944063964,2.24492805819806,2.80168292863018,4.8652765697569,6.34071999355621,10.2131325444004,2.93494684653851,1.19600506671203,2.68441280852863,4.73726695339619,3.3218675026647,0
"AAD021_007876",7.54905380427619,3.49127078931484,3.59897807033328,15.8916105717705,5.9238236015991,8.97971223279222,10.0776953104459,4.22269287186448,10.567866655927,0,2.93494684653851,3.5880152001361,1.78960853901908,3.50145818294501,3.3218675026647,6.28949388258885
"AAD021_007883",3.7745269021381,5.58603326290374,0,5.29720352392352,3.55429416095946,5.61232014549514,7.06693156624627,6.60943232117919,6.34071999355621,0,8.80484053961553,2.39201013342407,5.36882561705725,7.62082075111561,4.4291566702196,0
"AAD021_007884",3.7745269021381,0.698254157862968,3.59897807033328,0,17.7714708047973,13.4695683491883,15.5974288414785,4.22269287186448,14.7950133182978,0,4.40242026980776,4.78402026684813,19.6856939292099,10.2984064204265,5.5364458377745,9.43424082388328
"AAD021_007888",11.3235807064143,13.2668289993964,16.1954013164998,21.1888140956941,14.2171766438378,10.1021762618913,52.9392625021762,24.5099781910395,8.45429332474161,0,13.2072608094233,17.9400760006805,15.2116725816622,14.8297052454142,10.5192470917715,12.5789877651777
"AAD021_007891",3.7745269021381,10.4738123679445,89.974451758332,15.8916105717705,562.763242151914,198.676133150528,630.044129636879,3.85550218735453,452.304692873676,0,16.1422076559618,20.3320861341046,3.57921707803817,5.56113946703031,22.6994279348754,9.43424082388328
"AAD021_007896",18.8726345106905,4.18952494717781,8.9974451758332,5.29720352392352,5.9238236015991,12.3471043200893,6.60695377199356,8.81257642823891,16.9085866494832,10.2131325444004,10.2723139628848,11.9600506671203,10.7376512341145,12.3580877045118,9.41195792421664,9.43424082388328
"AAD021_007899",7.54905380427619,11.8703206836705,15.2956567989164,5.29720352392352,16.5867060844775,15.7144964073864,8.78139425391549,5.59965793877681,31.703599967781,0,10.2723139628848,16.7440709339685,17.8960853901908,11.7401833192862,14.3947591782137,6.28949388258885
"AAD021_007900",11.3235807064143,2.79301663145187,2.69923355274996,0,3.55429416095946,10.1021762618913,4.47432945318551,4.13089520073699,0,0,4.40242026980776,4.78402026684813,2.68441280852863,8.44469326474973,7.19737958910684,3.14474694129443
"AAD021_007909",0,4.88777910504077,14.3959122813331,5.29720352392352,7.10858832191892,14.5920323782874,5.05975573677988,5.50786026764932,14.7950133182978,10.2131325444004,4.40242026980776,9.56804053369627,3.57921707803817,3.91339443976207,8.30466875666174,6.28949388258885
"AAD021_007911",15.0981076085524,6.98254157862968,2.69923355274996,0,5.9238236015991,8.97971223279222,6.18879214085473,5.41606259652183,2.1135733311854,10.2131325444004,7.33736711634627,5.98002533356017,1.78960853901908,2.67758566931089,4.4291566702196,72.3291796497718
"AAD021_007915",7.54905380427619,6.98254157862968,0,5.29720352392352,4.73905888127928,2.24492805819806,4.64159410564104,5.6914556099043,10.567866655927,10.2131325444004,1.46747342326925,4.78402026684813,4.47402134754771,7.62082075111561,2.2145783351098,0
"AAD021_007916",11.3235807064143,4.88777910504077,6.29821162308324,15.8916105717705,10.6628824828784,5.61232014549514,13.4648045226704,18.1759388832428,10.567866655927,10.2131325444004,2.93494684653851,7.1760304002722,20.5804981987195,11.7401833192862,11.072891675549,3.14474694129443
"AAD021_007920",0,9.77555821008155,7.19795614066656,0,2.36952944063964,1.12246402909903,1.88172734012475,4.13089520073699,0,0,2.93494684653851,2.39201013342407,12.5272597731336,4.1193625681706,3.87551208644215,3.14474694129443
"AAD021_007922",0,8.37904989435561,2.69923355274996,5.29720352392352,3.55429416095946,2.24492805819806,2.21625664503581,2.4785371204422,4.2271466623708,0,1.46747342326925,4.78402026684813,0.894804269509542,6.1790438522559,4.4291566702196,0
"AAD021_007923",3.7745269021381,3.49127078931484,3.59897807033328,0,1.18476472031982,0,2.29988897126358,3.85550218735453,2.1135733311854,10.2131325444004,2.93494684653851,3.5880152001361,2.68441280852863,5.97307572384737,6.64373500532939,3.14474694129443
"AAD021_007924",3.7745269021381,11.8703206836705,7.19795614066656,0,0,1.12246402909903,1.42174954587203,2.66213246269717,0,10.2131325444004,1.46747342326925,3.5880152001361,7.15843415607634,2.67758566931089,4.98280125399704,6.28949388258885
"AAD021_007926",0,2.79301663145187,2.69923355274996,5.29720352392352,1.18476472031982,2.24492805819806,4.72522643186881,5.96684862328677,2.1135733311854,0,5.86989369307702,2.39201013342407,8.94804269509542,4.1193625681706,3.87551208644215,6.28949388258885
"AAD021_007934",45.2943228256572,69.8254157862968,60.2828826780824,58.2692387631587,81.7487657020676,125.715971259091,62.2642668765722,38.3714265312903,114.132959884012,0,35.2193621584621,58.6042482688896,46.5298220144962,45.3129882498766,25.4676508537627,53.4606980020053
"AAD021_007935",11.3235807064143,1.39650831572594,4.4987225879166,0,3.55429416095946,1.12246402909903,4.34888096384386,13.0352693001034,2.1135733311854,0,4.40242026980776,8.37203546698423,8.94804269509542,10.504374548835,5.5364458377745,6.28949388258885
"AAD021_007937",109.461280162005,227.630855463328,201.542771938664,95.3496634306233,135.063178116459,133.573219462784,73.3037339386374,81.51633196121,114.132959884012,71.4919278108026,98.32071935904,76.5443242695701,93.0596440289924,74.972398740705,57.5790367128547,84.9081674149495
"AAD021_007938",0,3.49127078931484,1.79948903516664,0,0,3.36739208729708,3.63800619090785,2.29494177818722,0,0,2.93494684653851,2.39201013342407,0.894804269509542,4.94323508180472,5.5364458377745,0
"AAD021_007940",7.54905380427619,2.79301663145187,0,0,60.4230007363108,14.5920323782874,228.776228396055,1.46876273803982,21.135733311854,0,0,0,0.894804269509542,1.64774502726824,6.64373500532939,3.14474694129443
"AAD021_007945",3.7745269021381,6.28428742076671,5.39846710549992,0,1.18476472031982,0,6.98329924001851,3.30471616058959,0,10.2131325444004,0,3.5880152001361,4.47402134754771,3.50145818294501,6.64373500532939,3.14474694129443
"AAD021_007946",33.9707421192429,52.3690618397226,103.470619522082,31.7832211435411,43.8362946518333,50.5108813094563,42.3179570712499,29.7424454453063,46.4986132860789,30.6393976332011,27.8819950421158,47.8402026684813,28.6337366243053,36.8682949851269,59.2399704641871,37.7369632955331
"AAD021_007952",22.6471614128286,32.1196912616965,15.2956567989164,26.4860176196176,40.2820004908739,42.6536331057631,49.0085431694712,18.9103202522627,38.0443199613372,20.4262650888008,17.6096810792311,19.1360810673925,54.5830604400821,13.593896474963,12.7338254268813,15.7237347064721
"AAD021_007955",3.7745269021381,13.9650831572594,12.5964232461665,15.8916105717705,11.8476472031982,17.9594244655844,22.9988897126358,12.576280944466,12.6814399871124,10.2131325444004,8.80484053961553,14.3520608005444,20.5804981987195,5.76710759543884,9.41195792421664,12.5789877651777
"AAD021_007956",0,7.68079573649265,7.19795614066656,0,3.55429416095946,8.97971223279222,3.42892537533843,3.02932314720713,2.1135733311854,0,8.80484053961553,1.19600506671203,10.7376512341145,5.76710759543884,3.87551208644215,3.14474694129443
"AAD021_007957",0,6.28428742076671,3.59897807033328,10.594407047847,10.6628824828784,3.36739208729708,14.8029217423147,7.89459971696403,6.34071999355621,0,1.46747342326925,3.5880152001361,13.4220640426431,5.97307572384737,5.5364458377745,6.28949388258885
"AAD021_007960",7.54905380427619,10.4738123679445,7.19795614066656,26.4860176196176,16.5867060844775,6.73478417459417,5.18520422612153,30.9358151699637,8.45429332474161,10.2131325444004,19.0771545025003,4.78402026684813,85.901209872916,16.2714821442739,11.072891675549,9.43424082388328
"AAD021_007961",0,3.49127078931484,4.4987225879166,0,7.10858832191892,6.73478417459417,2.71805060240241,5.59965793877681,4.2271466623708,0,4.40242026980776,2.39201013342407,8.05323842558588,5.76710759543884,4.98280125399704,3.14474694129443
"AAD021_007962",11.3235807064143,10.4738123679445,11.6966787285832,0,5.9238236015991,15.7144964073864,9.36682053750985,5.50786026764932,10.567866655927,0,7.33736711634627,9.56804053369627,8.94804269509542,11.7401833192862,6.09009042155194,6.28949388258885
"AAD021_007963",90.5886456513143,24.4388955252039,69.2803278539157,47.6748317153116,14.2171766438378,21.3268165528815,9.45045286373762,42.3187263897723,14.7950133182978,10.2131325444004,30.8169418886543,43.0561824016332,56.3726689791012,12.1521195761033,42.6306329508636,56.6054449432997
"AAD021_007964",0,4.18952494717781,8.9974451758332,15.8916105717705,8.29335304223874,5.61232014549514,6.18879214085473,1.83595342254977,2.1135733311854,10.2131325444004,14.6747342326925,0,4.47402134754771,2.47161754090236,2.76822291888725,6.28949388258885
"AAD021_007967",11.3235807064143,6.98254157862968,10.7969342109998,0,8.29335304223874,5.61232014549514,7.44327703427122,6.97662300568914,6.34071999355621,20.4262650888008,1.46747342326925,7.1760304002722,8.05323842558588,4.94323508180472,7.19737958910684,0
"AAD021_007977",3.7745269021381,8.37904989435561,0.89974451758332,0,1.18476472031982,3.36739208729708,2.59260211306076,4.95707424088439,0,0,2.93494684653851,3.5880152001361,5.36882561705725,4.94323508180472,3.3218675026647,6.28949388258885
"AAD021_007982",3.7745269021381,10.4738123679445,8.09770065824988,5.29720352392352,11.8476472031982,10.1021762618913,9.95224682110422,7.80280204583654,10.567866655927,10.2131325444004,11.739787386154,7.1760304002722,12.5272597731336,6.59098010907296,3.87551208644215,9.43424082388328
"AAD021_007987",7.54905380427619,18.8528622623001,46.7867149143326,15.8916105717705,27.2495885673559,6.73478417459417,15.6810611677062,28.4572780495215,14.7950133182978,30.6393976332011,7.33736711634627,22.7240962675286,19.6856939292099,24.3042391522066,29.8968075239823,9.43424082388328
"AAD021_007993",3.7745269021381,8.37904989435561,6.29821162308324,5.29720352392352,8.29335304223874,1.12246402909903,6.89966691379074,2.20314410705973,2.1135733311854,0,2.93494684653851,2.39201013342407,4.47402134754771,2.67758566931089,1.66093375133235,3.14474694129443
"AAD021_007996",3.7745269021381,6.28428742076671,0.89974451758332,10.594407047847,3.55429416095946,4.48985611639611,2.92713141797183,3.94729985848201,2.1135733311854,0,5.86989369307702,1.19600506671203,4.47402134754771,5.76710759543884,3.3218675026647,3.14474694129443
"AAD021_007998",0,6.28428742076671,6.29821162308324,5.29720352392352,1.18476472031982,1.12246402909903,2.508969786833,6.42583697892421,0,30.6393976332011,4.40242026980776,2.39201013342407,2.68441280852863,5.76710759543884,3.3218675026647,0
"AAD021_008002",3.7745269021381,9.77555821008155,4.4987225879166,0,1.18476472031982,4.48985611639611,5.64518202037424,5.04887191201188,4.2271466623708,0,4.40242026980776,1.19600506671203,7.15843415607634,4.94323508180472,6.09009042155194,3.14474694129443
"AAD021_008003",7.54905380427619,3.49127078931484,3.59897807033328,5.29720352392352,3.55429416095946,7.8572482036932,3.67982235402173,4.0390975296095,6.34071999355621,0,0,3.5880152001361,6.2636298865668,4.32533069657913,2.76822291888725,3.14474694129443
"AAD021_008005",3.7745269021381,8.37904989435561,6.29821162308324,15.8916105717705,13.032411923518,8.97971223279222,5.05975573677988,8.07819505921901,8.45429332474161,20.4262650888008,8.80484053961553,8.37203546698423,12.5272597731336,14.8297052454142,7.19737958910684,9.43424082388328
"AAD021_008006",3.7745269021381,4.88777910504077,1.79948903516664,21.1888140956941,2.36952944063964,12.3471043200893,4.2652486376161,3.02932314720713,8.45429332474161,10.2131325444004,0,9.56804053369627,1.78960853901908,3.70742631135354,3.87551208644215,0
"AAD021_008013",7.54905380427619,6.28428742076671,11.6966787285832,5.29720352392352,15.4019413641577,8.97971223279222,6.06334365151308,3.67190684509955,4.2271466623708,0,7.33736711634627,2.39201013342407,12.5272597731336,2.67758566931089,6.09009042155194,3.14474694129443
"AAD021_008018",105.686753259867,11.8703206836705,16.1954013164998,42.3776281913881,13.032411923518,5.61232014549514,27.0968736977964,29.5588501030514,16.9085866494832,10.2131325444004,24.9470481955773,43.0561824016332,54.5830604400821,37.4861993703525,49.274367956193,47.1712041194164
"AAD021_008024",71.7160111406238,64.937636681256,102.570875004498,58.2692387631587,108.998354269423,102.144226648012,94.588160963604,78.2116158006204,120.473679877568,51.0656627220019,77.7760914332705,100.464425603811,77.8479714473302,81.5633788497779,84.1539767341723,106.92139600401
"AAD021_008027",0,3.49127078931484,4.4987225879166,5.29720352392352,0,3.36739208729708,2.17444048192193,2.84572780495215,0,0,1.46747342326925,2.39201013342407,1.78960853901908,2.0596812840853,2.2145783351098,3.14474694129443
"AAD021_008028",15.0981076085524,49.5760452082707,46.7867149143326,10.594407047847,11.8476472031982,39.286241018466,20.3226552733473,27.7228966805016,19.0221599806686,0,20.5446279257696,75.3483192028581,18.7908896597004,39.3399125260293,24.9140062699852,31.4474694129443
"AAD021_008031",3.7745269021381,4.88777910504077,2.69923355274996,10.594407047847,4.73905888127928,1.12246402909903,4.55796177941328,5.50786026764932,4.2271466623708,0,0,5.98002533356017,6.2636298865668,5.76710759543884,3.3218675026647,3.14474694129443
"AAD021_008033",3.7745269021381,14.6633373151223,6.29821162308324,21.1888140956941,4.73905888127928,3.36739208729708,6.39787295642414,4.40628821411946,8.45429332474161,0,2.93494684653851,7.1760304002722,3.57921707803817,7.82678887952414,3.87551208644215,3.14474694129443
"AAD021_008034",0,1.39650831572594,5.39846710549992,0,11.8476472031982,10.1021762618913,31.2366738460708,5.96684862328677,14.7950133182978,0,4.40242026980776,8.37203546698423,5.36882561705725,4.53129882498766,10.5192470917715,3.14474694129443
"AAD021_008039",0,4.18952494717781,3.59897807033328,0,4.73905888127928,2.24492805819806,1.88172734012475,4.13089520073699,0,0,0,2.39201013342407,2.68441280852863,4.1193625681706,2.2145783351098,3.14474694129443
"AAD021_008041",15.0981076085524,18.1546081044372,9.89718969341652,10.594407047847,37.9124710502342,24.6942086401786,21.9953017979026,14.9630203937807,16.9085866494832,20.4262650888008,14.6747342326925,17.9400760006805,30.4233451633244,18.5371315567677,33.7723196104244,0
"AAD021_008043",7.54905380427619,16.0598456308483,28.7918245626662,15.8916105717705,16.5867060844775,40.408705047565,24.5042715847356,10.1895414951512,54.9529066108205,20.4262650888008,26.4145216188466,17.9400760006805,26.8441280852863,10.2984064204265,22.6994279348754,9.43424082388328
"AAD021_008050",0,4.88777910504077,0,5.29720352392352,5.9238236015991,3.36739208729708,5.05975573677988,2.84572780495215,2.1135733311854,20.4262650888008,0,1.19600506671203,2.68441280852863,2.47161754090236,1.66093375133235,0
"AAD021_008065",7.54905380427619,9.07730405221858,10.7969342109998,5.29720352392352,9.47811776255856,5.61232014549514,10.2031437997875,9.82235081064129,4.2271466623708,0,8.80484053961553,16.7440709339685,11.632455503624,7.41485262270708,7.75102417288429,15.7237347064721
"AAD021_008066",64.1669573363477,29.3266746302446,30.5913135978329,58.2692387631587,8.29335304223874,22.4492805819806,21.3262431880805,38.6468195446727,6.34071999355621,20.4262650888008,44.0242026980776,43.0561824016332,41.1609963974389,36.2503905999013,43.1842775346411,37.7369632955331
"AAD021_008067",0,6.28428742076671,6.29821162308324,10.594407047847,9.47811776255856,4.48985611639611,4.64159410564104,4.0390975296095,0,10.2131325444004,4.40242026980776,9.56804053369627,3.57921707803817,5.14920321021325,6.64373500532939,3.14474694129443
"AAD021_008068",7.54905380427619,46.7830285768188,30.5913135978329,42.3776281913881,36.7277063299144,80.81741009513,34.038356774701,17.2579621719679,29.5900266365956,0,23.4795747723081,15.5480658672564,20.5804981987195,26.7758566931089,16.055692929546,18.8684816477666
"AAD021_008071",26.4216883149667,25.1371496830668,22.493612939583,21.1888140956941,37.9124710502342,81.939874124229,28.0168292863018,17.1661645008404,46.4986132860789,20.4262650888008,22.0121013490388,21.5280912008166,9.84284696460496,19.1550359419933,12.7338254268813,15.7237347064721
"AAD021_008072",0,4.18952494717781,4.4987225879166,0,4.73905888127928,2.24492805819806,4.05616782204668,3.02932314720713,4.2271466623708,0,1.46747342326925,9.56804053369627,2.68441280852863,5.14920321021325,3.3218675026647,3.14474694129443
"AAD021_008073",3.7745269021381,4.18952494717781,6.29821162308324,10.594407047847,9.47811776255856,7.8572482036932,10.3704084522431,6.88482533456165,2.1135733311854,10.2131325444004,7.33736711634627,5.98002533356017,1.78960853901908,9.68050203520091,5.5364458377745,12.5789877651777
"AAD021_008074",7.54905380427619,34.9127078931484,41.3882478088327,5.29720352392352,22.5105296860766,7.8572482036932,11.6667095087734,25.0607642178044,6.34071999355621,0,10.2723139628848,16.7440709339685,18.7908896597004,25.9519841794748,24.9140062699852,12.5789877651777
"AAD021_008075",11.3235807064143,4.18952494717781,2.69923355274996,0,5.9238236015991,2.24492805819806,4.55796177941328,5.41606259652183,4.2271466623708,0,8.80484053961553,8.37203546698423,2.68441280852863,8.2387251363412,3.87551208644215,3.14474694129443
"AAD021_008078",3.7745269021381,13.9650831572594,6.29821162308324,10.594407047847,3.55429416095946,4.48985611639611,4.34888096384386,5.59965793877681,6.34071999355621,10.2131325444004,11.739787386154,4.78402026684813,7.15843415607634,6.79694823748149,5.5364458377745,6.28949388258885
"AAD021_008079",11.3235807064143,4.18952494717781,8.09770065824988,5.29720352392352,4.73905888127928,6.73478417459417,8.23778413343501,13.3106623134859,0,0,7.33736711634627,10.7640456004083,9.84284696460496,5.35517133862178,9.96560250799409,3.14474694129443
"AAD021_008081",33.9707421192429,4.18952494717781,1.79948903516664,52.9720352392352,0,0,0.501793957366599,29.0998617474139,0,10.2131325444004,42.5567292748084,43.0561824016332,25.0545195462672,21.8326216113042,14.9484037619911,53.4606980020053
"AAD021_008082",41.5197959235191,155.012423045579,105.270108557248,84.7552563827763,66.3468243379099,112.246402909903,38.7217670434559,40.94176132286,124.700826539939,61.2787952664022,80.711038279809,59.8002533356017,50.1090390925344,51.4920321021325,44.291566702196,72.3291796497718
"AAD021_008084",0,4.18952494717781,4.4987225879166,0,1.18476472031982,2.24492805819806,2.92713141797183,2.29494177818722,2.1135733311854,0,4.40242026980776,3.5880152001361,0,2.0596812840853,1.66093375133235,0
"AAD021_008094",11.3235807064143,15.3615914729853,30.5913135978329,5.29720352392352,29.6191180079955,3.36739208729708,10.9976508989513,11.9336972465735,6.34071999355621,0,0,9.56804053369627,7.15843415607634,12.3580877045118,9.96560250799409,0
"AAD021_008097",0,1.39650831572594,6.29821162308324,10.594407047847,5.9238236015991,8.97971223279222,10.5794892678125,4.22269287186448,4.2271466623708,10.2131325444004,7.33736711634627,11.9600506671203,2.68441280852863,6.1790438522559,8.30466875666174,3.14474694129443
"AAD021_008101",15.0981076085524,4.18952494717781,11.6966787285832,5.29720352392352,5.9238236015991,6.73478417459417,12.544848934165,13.2188646423584,2.1135733311854,0,20.5446279257696,19.1360810673925,6.2636298865668,17.5072909147251,17.1629820971009,12.5789877651777
"AAD021_008104",26.4216883149667,35.6109620510114,15.2956567989164,15.8916105717705,16.5867060844775,13.4695683491883,36.3800619090784,35.6174963974656,19.0221599806686,10.2131325444004,19.0771545025003,21.5280912008166,47.4246262840057,33.1608686737734,17.1629820971009,6.28949388258885
"AAD021_008105",7.54905380427619,6.98254157862968,6.29821162308324,21.1888140956941,4.73905888127928,0,4.13980014827444,10.1895414951512,4.2271466623708,0,7.33736711634627,4.78402026684813,5.36882561705725,17.095354657908,3.3218675026647,0
"AAD021_008106",0,0.698254157862968,0.89974451758332,5.29720352392352,3.55429416095946,3.36739208729708,3.09439607042736,5.78325328103179,4.2271466623708,0,0,1.19600506671203,7.15843415607634,5.76710759543884,2.2145783351098,3.14474694129443
"AAD021_008108",7.54905380427619,8.37904989435561,3.59897807033328,15.8916105717705,5.9238236015991,2.24492805819806,3.63800619090785,6.97662300568914,8.45429332474161,10.2131325444004,7.33736711634627,9.56804053369627,5.36882561705725,8.44469326474973,4.4291566702196,0
"AAD021_008109",37.745269021381,47.4812827346818,59.3831381604991,68.8636458110057,99.5202365068649,48.2659532512582,104.164062316683,36.627270779868,71.8614932603037,30.6393976332011,89.5158788194245,47.8402026684813,47.4246262840057,30.0713467476454,42.0769883670862,94.3424082388328
"AAD021_008113",22.6471614128286,50.9725535239967,35.9897807033328,47.6748317153116,18.9562355251171,23.5717446110796,37.634546802495,17.5333551853503,71.8614932603037,0,93.9182990892323,21.5280912008166,62.636298865668,32.7489324169563,43.7379221184185,40.8817102368275
"AAD021_008117",0,3.49127078931484,2.69923355274996,0,0,0,2.04899199258028,2.4785371204422,2.1135733311854,20.4262650888008,5.86989369307702,1.19600506671203,10.7376512341145,1.85371315567677,2.76822291888725,0
"AAD021_008120",52.8433766299334,50.9725535239967,41.3882478088327,37.0804246674646,29.6191180079955,83.0623381533281,32.6584233919428,26.5295269558442,78.2022132538599,40.8525301776015,52.8290432376932,55.0162330687535,25.9493238157767,37.692167498761,25.4676508537627,31.4474694129443
"AAD021_008122",3.7745269021381,12.5685748415334,12.5964232461665,0,2.36952944063964,11.2246402909903,3.72163851713561,5.23246725426686,4.2271466623708,0,2.93494684653851,7.1760304002722,5.36882561705725,10.7103426772436,4.98280125399704,3.14474694129443
"AAD021_008123",7.54905380427619,5.58603326290374,5.39846710549992,5.29720352392352,2.36952944063964,5.61232014549514,2.38352129749135,2.93752547607964,2.1135733311854,10.2131325444004,7.33736711634627,2.39201013342407,8.94804269509542,4.53129882498766,1.1072891675549,3.14474694129443
"AAD021_008124",0,3.49127078931484,5.39846710549992,0,2.36952944063964,2.24492805819806,5.14338806300764,3.67190684509955,4.2271466623708,0,4.40242026980776,9.56804053369627,0.894804269509542,9.47453390679239,0.55364458377745,0
"AAD021_008126",3.7745269021381,9.77555821008155,10.7969342109998,5.29720352392352,1.18476472031982,14.5920323782874,14.4265762742897,6.60943232117919,0,0,14.6747342326925,11.9600506671203,8.05323842558588,7.41485262270708,5.5364458377745,0
"AAD021_008127",18.8726345106905,2.0947624735889,2.69923355274996,0,0,5.61232014549514,3.72163851713561,6.24224163666923,0,0,1.46747342326925,2.39201013342407,5.36882561705725,6.38501198066443,9.96560250799409,6.28949388258885
"AAD021_008131",3.7745269021381,12.5685748415334,20.6941239044164,0,4.73905888127928,6.73478417459417,4.18161631138833,9.36336245500385,8.45429332474161,0,0,11.9600506671203,8.05323842558588,7.41485262270708,5.5364458377745,3.14474694129443
"AAD021_008132",33.9707421192429,146.633373151223,104.370364039665,58.2692387631587,59.238236015991,99.8992985898135,51.6847776087597,31.7619942101111,84.5429332474161,10.2131325444004,38.1543090050006,58.6042482688896,30.4233451633244,38.5160400123951,36.5405425293117,22.013228589061
"AAD021_008133",7.54905380427619,2.79301663145187,8.9974451758332,5.29720352392352,7.10858832191892,5.61232014549514,6.02152748839919,4.58988355637443,6.34071999355621,0,4.40242026980776,4.78402026684813,5.36882561705725,4.53129882498766,6.64373500532939,18.8684816477666
"AAD021_008137",7.54905380427619,8.37904989435561,2.69923355274996,0,8.29335304223874,3.36739208729708,13.255723707101,9.36336245500385,0,0,7.33736711634627,10.7640456004083,4.47402134754771,8.2387251363412,12.1801808431039,6.28949388258885
"AAD021_008144",11.3235807064143,1.39650831572594,0.89974451758332,5.29720352392352,1.18476472031982,0,1.63083036144145,9.08796944162138,0,0,0,10.7640456004083,21.475302468229,7.20888449429855,3.87551208644215,3.14474694129443
"AAD021_008145",15.0981076085524,0,0.89974451758332,15.8916105717705,0,0,0.2508969786833,9.54695779725883,0,10.2131325444004,0,10.7640456004083,15.2116725816622,5.76710759543884,3.3218675026647,0
"AAD021_008146",11.3235807064143,11.1720665258075,4.4987225879166,0,3.55429416095946,3.36739208729708,0.752690936049899,3.76370451622704,0,20.4262650888008,0,1.19600506671203,5.36882561705725,3.08952192612795,1.1072891675549,9.43424082388328
"AAD021_008148",11.3235807064143,3.49127078931484,0.89974451758332,21.1888140956941,3.55429416095946,1.12246402909903,2.84349909174406,11.9336972465735,0,20.4262650888008,4.40242026980776,7.1760304002722,12.5272597731336,6.38501198066443,5.5364458377745,3.14474694129443
"AAD021_008150",3.7745269021381,4.18952494717781,4.4987225879166,0,4.73905888127928,1.12246402909903,2.46715362371911,3.58010917397206,0,0,2.93494684653851,4.78402026684813,1.78960853901908,4.73726695339619,4.4291566702196,3.14474694129443
"AAD021_008153",0,2.79301663145187,4.4987225879166,0,2.36952944063964,6.73478417459417,3.59619002779396,8.53718341485645,2.1135733311854,0,4.40242026980776,11.9600506671203,3.57921707803817,10.2984064204265,4.4291566702196,6.28949388258885
"AAD021_008156",15.0981076085524,4.18952494717781,5.39846710549992,10.594407047847,4.73905888127928,0,6.39787295642414,3.76370451622704,6.34071999355621,0,1.46747342326925,8.37203546698423,8.05323842558588,5.56113946703031,4.4291566702196,3.14474694129443
"AAD021_008157",15.0981076085524,9.77555821008155,17.0951458340831,5.29720352392352,28.4343532876757,3.36739208729708,26.8459767191131,16.339985460693,4.2271466623708,0,20.5446279257696,14.3520608005444,16.1064768511718,9.68050203520091,9.96560250799409,6.28949388258885
"AAD021_008158",3.7745269021381,24.4388955252039,36.8895252209161,5.29720352392352,9.47811776255856,6.73478417459417,14.3847601111758,13.3106623134859,12.6814399871124,0,8.80484053961553,13.1560557338324,17.0012811206813,9.26856577838386,11.072891675549,3.14474694129443
"AAD021_008164",7.54905380427619,9.07730405221858,13.4961677637498,5.29720352392352,4.73905888127928,4.48985611639611,3.13621223354125,6.15044396554174,4.2271466623708,0,4.40242026980776,9.56804053369627,5.36882561705725,8.03275700793268,9.41195792421664,9.43424082388328
"AAD021_008166",3.7745269021381,20.2493705780261,5.39846710549992,0,1.18476472031982,8.97971223279222,6.18879214085473,5.78325328103179,4.2271466623708,0,4.40242026980776,8.37203546698423,4.47402134754771,11.1222789340606,4.98280125399704,9.43424082388328
"AAD021_008167",11.3235807064143,13.2668289993964,9.89718969341652,10.594407047847,9.47811776255856,11.2246402909903,5.01793957366599,7.25201601907161,12.6814399871124,0,8.80484053961553,11.9600506671203,8.94804269509542,9.88647016360945,11.6265362593264,9.43424082388328
"AAD021_008168",7.54905380427619,4.18952494717781,7.19795614066656,10.594407047847,7.10858832191892,6.73478417459417,5.47791736791871,13.4942576557408,6.34071999355621,20.4262650888008,11.739787386154,5.98002533356017,8.94804269509542,9.47453390679239,3.3218675026647,9.43424082388328
"AAD021_008174",0,6.98254157862968,1.79948903516664,0,2.36952944063964,4.48985611639611,4.89249108432434,10.9239228641712,4.2271466623708,10.2131325444004,11.739787386154,14.3520608005444,8.05323842558588,8.44469326474973,16.055692929546,6.28949388258885
"AAD021_008182",22.6471614128286,4.88777910504077,2.69923355274996,21.1888140956941,2.36952944063964,3.36739208729708,2.46715362371911,25.7033479156968,0,10.2131325444004,20.5446279257696,7.1760304002722,19.6856939292099,2.26564941249383,6.64373500532939,37.7369632955331
"AAD021_008185",11.3235807064143,10.4738123679445,8.9974451758332,0,2.36952944063964,4.48985611639611,3.21984455976901,8.44538574372896,2.1135733311854,0,2.93494684653851,4.78402026684813,7.15843415607634,4.94323508180472,6.64373500532939,6.28949388258885
"AAD021_008187",7.54905380427619,3.49127078931484,4.4987225879166,5.29720352392352,8.29335304223874,2.24492805819806,6.10515981462696,4.22269287186448,6.34071999355621,0,4.40242026980776,2.39201013342407,1.78960853901908,6.1790438522559,3.3218675026647,3.14474694129443
"AAD021_008188",3.7745269021381,6.98254157862968,8.9974451758332,15.8916105717705,4.73905888127928,0,2.21625664503581,9.36336245500385,6.34071999355621,20.4262650888008,5.86989369307702,3.5880152001361,5.36882561705725,8.44469326474973,8.85831334043919,6.28949388258885
"AAD021_008196",7.54905380427619,6.98254157862968,2.69923355274996,10.594407047847,3.55429416095946,4.48985611639611,9.57590135307927,14.4122343670157,2.1135733311854,10.2131325444004,11.739787386154,14.3520608005444,16.1064768511718,14.2118008601886,18.2702712646558,9.43424082388328
"AAD021_008197",3.7745269021381,4.18952494717781,0.89974451758332,5.29720352392352,4.73905888127928,4.48985611639611,2.67623443928853,4.77347889862941,4.2271466623708,0,1.46747342326925,8.37203546698423,4.47402134754771,5.56113946703031,8.30466875666174,6.28949388258885
"AAD021_008198",18.8726345106905,17.4563539465742,17.9948903516664,42.3776281913881,17.7714708047973,5.61232014549514,10.035879147332,30.4768268143262,6.34071999355621,0,10.2723139628848,16.7440709339685,25.9493238157767,30.8952192612795,22.145783351098,12.5789877651777
"AAD021_008202",3.7745269021381,9.77555821008155,8.9974451758332,10.594407047847,5.9238236015991,11.2246402909903,9.57590135307927,18.5431295677527,8.45429332474161,30.6393976332011,13.2072608094233,3.5880152001361,18.7908896597004,18.9490678135848,8.30466875666174,9.43424082388328
"AAD021_008207",7.54905380427619,16.0598456308483,35.0900361857495,15.8916105717705,33.173412168955,55.0007374258524,66.8222286559855,15.4220087494181,38.0443199613372,20.4262650888008,16.1422076559618,23.9201013342407,16.1064768511718,24.098271023798,26.0212954375401,25.1579755303554
"AAD021_008208",37.745269021381,53.0673159975856,57.5836491253325,26.4860176196176,13.032411923518,15.7144964073864,25.424227173241,84.0866667527796,16.9085866494832,20.4262650888008,32.2844153119236,33.4881418679369,26.8441280852863,50.6681595884984,42.6306329508636,9.43424082388328
"AAD021_008213",15.0981076085524,17.4563539465742,16.1954013164998,5.29720352392352,22.5105296860766,28.0616007274757,30.0658212788821,11.4747088909361,16.9085866494832,0,13.2072608094233,14.3520608005444,6.2636298865668,24.5102072806151,11.6265362593264,9.43424082388328
"AAD021_008217",15.0981076085524,6.98254157862968,0.89974451758332,0,0,1.12246402909903,7.81962250229617,4.22269287186448,0,0,5.86989369307702,1.19600506671203,2.68441280852863,0.82387251363412,6.64373500532939,9.43424082388328
"AAD021_008219",7.54905380427619,2.79301663145187,5.39846710549992,10.594407047847,5.9238236015991,6.73478417459417,2.84349909174406,4.49808588524695,2.1135733311854,0,7.33736711634627,0,4.47402134754771,6.38501198066443,3.3218675026647,0
"AAD021_008225",41.5197959235191,228.32910962119,161.954013164998,68.8636458110057,114.922177871023,130.205827375487,73.3455501017513,52.2328748715411,107.792239890456,40.8525301776015,58.6989369307702,55.0162330687535,46.5298220144962,65.4978648339126,40.4160546157538,59.7501918845941
"AAD021_008227",30.1962152171048,24.4388955252039,29.6915690802496,21.1888140956941,22.5105296860766,25.8166726692776,29.0622333641489,15.972794776183,16.9085866494832,10.2131325444004,29.3494684653851,27.5081165343768,21.475302468229,14.8297052454142,17.7166266808784,31.4474694129443
"AAD021_008230",0,9.07730405221858,5.39846710549992,0,2.36952944063964,2.24492805819806,5.47791736791871,5.23246725426686,6.34071999355621,0,5.86989369307702,1.19600506671203,7.15843415607634,2.67758566931089,7.19737958910684,0
"AAD021_008233",52.8433766299334,11.1720665258075,5.39846710549992,47.6748317153116,4.73905888127928,4.48985611639611,6.23060830396861,11.1993158775536,12.6814399871124,10.2131325444004,26.4145216188466,9.56804053369627,16.1064768511718,10.7103426772436,12.1801808431039,40.8817102368275
"AAD021_008238",3.7745269021381,5.58603326290374,4.4987225879166,0,22.5105296860766,21.3268165528815,20.5317360889167,8.9043740993664,21.135733311854,0,17.6096810792311,7.1760304002722,3.57921707803817,9.88647016360945,11.6265362593264,3.14474694129443
"AAD021_008239",11.3235807064143,49.5760452082707,7.19795614066656,10.594407047847,3.55429416095946,6.73478417459417,8.36323262277666,9.36336245500385,21.135733311854,10.2131325444004,10.2723139628848,10.7640456004083,11.632455503624,12.9759920897374,2.2145783351098,12.5789877651777
"AAD021_008240",11.3235807064143,16.7580997887112,8.9974451758332,5.29720352392352,1.18476472031982,7.8572482036932,8.61412960145996,7.3438136901991,6.34071999355621,0,11.739787386154,17.9400760006805,5.36882561705725,10.2984064204265,4.4291566702196,15.7237347064721
"AAD021_008241",0,2.79301663145187,6.29821162308324,10.594407047847,3.55429416095946,3.36739208729708,2.80168292863018,3.12112081833462,0,0,4.40242026980776,2.39201013342407,0,4.73726695339619,4.4291566702196,0
"AAD021_008243",11.3235807064143,0,2.69923355274996,0,4.73905888127928,5.61232014549514,5.26883655234929,4.68168122750192,4.2271466623708,0,4.40242026980776,2.39201013342407,1.78960853901908,5.56113946703031,4.98280125399704,6.28949388258885
"AAD021_008250",3.7745269021381,9.07730405221858,8.09770065824988,10.594407047847,8.29335304223874,5.61232014549514,2.21625664503581,4.13089520073699,12.6814399871124,0,4.40242026980776,8.37203546698423,2.68441280852863,1.85371315567677,2.76822291888725,9.43424082388328
"AAD021_008253",3.7745269021381,12.5685748415334,11.6966787285832,5.29720352392352,5.9238236015991,20.2043525237825,9.70134984242092,7.98639738809152,4.2271466623708,0,8.80484053961553,8.37203546698423,4.47402134754771,14.6237371170056,12.7338254268813,3.14474694129443
"AAD021_008254",18.8726345106905,8.37904989435561,7.19795614066656,0,4.73905888127928,3.36739208729708,5.89607899905754,10.6485298507887,10.567866655927,10.2131325444004,5.86989369307702,8.37203546698423,10.7376512341145,8.44469326474973,8.30466875666174,3.14474694129443
"AAD021_008255",3.7745269021381,17.4563539465742,12.5964232461665,0,16.5867060844775,13.4695683491883,18.6500087487919,11.2911135486811,12.6814399871124,0,7.33736711634627,9.56804053369627,16.1064768511718,11.9461514476947,12.1801808431039,15.7237347064721
"AAD021_008256",3.7745269021381,2.0947624735889,5.39846710549992,0,5.9238236015991,4.48985611639611,3.38710921222455,3.12112081833462,2.1135733311854,0,1.46747342326925,3.5880152001361,1.78960853901908,4.73726695339619,6.09009042155194,0
"AAD021_008257",3.7745269021381,3.49127078931484,3.59897807033328,0,2.36952944063964,3.36739208729708,5.26883655234929,3.02932314720713,2.1135733311854,0,5.86989369307702,4.78402026684813,3.57921707803817,4.1193625681706,4.4291566702196,6.28949388258885
"AAD021_008258",60.3924304342096,23.0423872094779,20.6941239044164,63.5664422870822,10.6628824828784,28.0616007274757,29.1458656903766,80.965545934445,16.9085866494832,30.6393976332011,36.6868355817314,60.9962584023137,40.2661921279294,57.0531715691628,63.6691271344067,47.1712041194164
"AAD021_008259",11.3235807064143,4.18952494717781,0.89974451758332,0,2.36952944063964,3.36739208729708,4.0143516589328,1.28516739578484,0,0,4.40242026980776,3.5880152001361,8.05323842558588,3.50145818294501,0.55364458377745,0
"AAD021_008261",0,5.58603326290374,4.4987225879166,5.29720352392352,4.73905888127928,5.61232014549514,2.38352129749135,3.12112081833462,6.34071999355621,0,1.46747342326925,9.56804053369627,0.894804269509542,5.56113946703031,1.66093375133235,0
"AAD021_008262",11.3235807064143,0.698254157862968,0.89974451758332,0,0,1.12246402909903,0.961771751619315,6.5176346500517,0,0,17.6096810792311,1.19600506671203,0,4.1193625681706,29.8968075239823,3.14474694129443
"AAD021_008263",7.54905380427619,2.0947624735889,1.79948903516664,0,1.18476472031982,4.48985611639611,2.7598667655163,3.67190684509955,0,0,1.46747342326925,4.78402026684813,11.632455503624,3.91339443976207,1.1072891675549,3.14474694129443
"AAD021_008268",7.54905380427619,13.2668289993964,9.89718969341652,5.29720352392352,2.36952944063964,0,0.919955588505432,3.58010917397206,0,10.2131325444004,4.40242026980776,2.39201013342407,7.15843415607634,4.53129882498766,3.3218675026647,0
"AAD021_008273",15.0981076085524,3.49127078931484,3.59897807033328,0,9.47811776255856,8.97971223279222,13.8829661538092,8.99617177049389,6.34071999355621,0,2.93494684653851,7.1760304002722,7.15843415607634,7.62082075111561,6.09009042155194,9.43424082388328
"AAD021_008274",0,1.39650831572594,2.69923355274996,0,5.9238236015991,6.73478417459417,5.31065271546318,8.07819505921901,4.2271466623708,0,5.86989369307702,1.19600506671203,8.94804269509542,8.65066139315826,3.3218675026647,0
"AAD021_008277",3.7745269021381,3.49127078931484,3.59897807033328,0,1.18476472031982,1.12246402909903,2.13262431880805,2.75393013382466,0,0,4.40242026980776,5.98002533356017,1.78960853901908,3.91339443976207,7.75102417288429,3.14474694129443
"AAD021_008284",11.3235807064143,41.8952494717781,47.686459431916,21.1888140956941,18.9562355251171,17.9594244655844,18.0645824651976,8.26179040147398,25.3628799742248,0,20.5446279257696,10.7640456004083,9.84284696460496,11.7401833192862,11.072891675549,0
"AAD021_008288",11.3235807064143,85.885261417145,60.2828826780824,21.1888140956941,41.4667652111937,53.8782733967533,34.8746800369787,25.7951455868243,88.7700799097869,20.4262650888008,48.4266229678854,32.2921368012249,32.2129537023435,34.3966774442245,33.218675026647,22.013228589061
"AAD021_008292",3.7745269021381,7.68079573649265,5.39846710549992,15.8916105717705,4.73905888127928,4.48985611639611,11.0394670620652,7.25201601907161,2.1135733311854,0,5.86989369307702,1.19600506671203,6.2636298865668,10.092438292018,8.85831334043919,0
"AAD021_008295",11.3235807064143,4.18952494717781,0.89974451758332,0,3.55429416095946,6.73478417459417,3.93071933270503,5.41606259652183,2.1135733311854,0,1.46747342326925,4.78402026684813,5.36882561705725,8.03275700793268,3.87551208644215,3.14474694129443
"AAD021_008296",3.7745269021381,13.9650831572594,8.9974451758332,0,13.032411923518,3.36739208729708,7.06693156624627,6.5176346500517,8.45429332474161,10.2131325444004,4.40242026980776,4.78402026684813,4.47402134754771,5.76710759543884,7.19737958910684,18.8684816477666
"AAD021_008297",0,12.5685748415334,5.39846710549992,5.29720352392352,0,1.12246402909903,2.2580728081497,2.75393013382466,0,0,7.33736711634627,3.5880152001361,5.36882561705725,2.0596812840853,2.2145783351098,3.14474694129443
"AAD021_008299",0,9.07730405221858,11.6966787285832,0,7.10858832191892,8.97971223279222,8.27960029654889,2.84572780495215,2.1135733311854,10.2131325444004,5.86989369307702,2.39201013342407,1.78960853901908,1.23580877045118,4.4291566702196,0
"AAD021_008300",22.6471614128286,11.1720665258075,2.69923355274996,15.8916105717705,3.55429416095946,7.8572482036932,4.05616782204668,10.0059461528963,2.1135733311854,0,13.2072608094233,11.9600506671203,14.3168683121527,7.41485262270708,9.41195792421664,9.43424082388328
"AAD021_008301",11.3235807064143,9.07730405221858,5.39846710549992,5.29720352392352,3.55429416095946,5.61232014549514,3.63800619090785,12.576280944466,4.2271466623708,0,4.40242026980776,4.78402026684813,8.94804269509542,21.0087490976701,2.76822291888725,3.14474694129443
"AAD021_008302",7.54905380427619,4.18952494717781,1.79948903516664,10.594407047847,3.55429416095946,2.24492805819806,6.77421842444909,6.97662300568914,8.45429332474161,0,11.739787386154,1.19600506671203,7.15843415607634,6.1790438522559,7.19737958910684,3.14474694129443
"AAD021_008306",15.0981076085524,25.8354038409298,18.8946348692497,15.8916105717705,22.5105296860766,7.8572482036932,15.3465318627952,16.4317831318205,6.34071999355621,40.8525301776015,17.6096810792311,15.5480658672564,15.2116725816622,34.190709315816,16.6093375133235,9.43424082388328
"AAD021_008307",0,9.07730405221858,7.19795614066656,10.594407047847,15.4019413641577,11.2246402909903,9.70134984242092,6.60943232117919,2.1135733311854,0,2.93494684653851,10.7640456004083,5.36882561705725,9.26856577838386,6.09009042155194,3.14474694129443
"AAD021_008308",52.8433766299334,16.7580997887112,12.5964232461665,31.7832211435411,9.47811776255856,19.0818884946835,6.02152748839919,32.9553639347684,2.1135733311854,20.4262650888008,35.2193621584621,15.5480658672564,44.7402134754771,33.3668368021819,7.75102417288429,31.4474694129443
"AAD021_008310",313.285732877462,87.980023890734,129.563210531998,169.510512765553,90.0421187443063,163.879748248458,112.820008081257,147.335262159619,181.767306481945,122.557590532804,151.149762596733,206.908876541182,137.799857504469,137.998646033715,200.419339327437,204.408551184138
"AAD021_008311",52.8433766299334,97.0573279429525,124.164743426498,42.3776281913881,105.444060108464,139.185539608279,67.4076549395798,72.0611718350786,103.565093228085,30.6393976332011,70.4387243169242,111.228471204219,59.9518860571393,139.028486675758,89.1367779881694,78.6186735323607
"AAD021_008314",7.54905380427619,2.0947624735889,1.79948903516664,0,7.10858832191892,16.8369604364854,6.02152748839919,4.49808588524695,6.34071999355621,30.6393976332011,7.33736711634627,1.19600506671203,4.47402134754771,5.56113946703031,6.64373500532939,3.14474694129443
"AAD021_008315",0,2.79301663145187,0,0,24.8800591267162,7.8572482036932,13.7993338275815,6.24224163666923,4.2271466623708,0,1.46747342326925,0,7.15843415607634,5.14920321021325,4.98280125399704,6.28949388258885
"AAD021_008316",3.7745269021381,1.39650831572594,3.59897807033328,0,4.73905888127928,4.48985611639611,5.14338806300764,9.45516012613134,2.1135733311854,0,0,5.98002533356017,7.15843415607634,10.2984064204265,5.5364458377745,6.28949388258885
"AAD021_008317",30.1962152171048,9.07730405221858,26.0925910099163,31.7832211435411,16.5867060844775,24.6942086401786,15.4719803521368,77.201841418218,12.6814399871124,40.8525301776015,52.8290432376932,49.0362077351934,69.7947330217443,65.7038329623211,58.6863258804096,40.8817102368275
"AAD021_008318",67.9414842384857,9.07730405221858,15.2956567989164,47.6748317153116,22.5105296860766,5.61232014549514,17.9809501389698,32.7717685925135,27.4764533054102,51.0656627220019,27.8819950421158,49.0362077351934,39.3713878584199,19.7729403272189,44.291566702196,31.4474694129443
"AAD021_008320",15.0981076085524,2.0947624735889,1.79948903516664,21.1888140956941,4.73905888127928,4.48985611639611,4.97612341055211,2.4785371204422,2.1135733311854,0,4.40242026980776,10.7640456004083,8.05323842558588,6.38501198066443,6.09009042155194,3.14474694129443
"AAD021_008321",11.3235807064143,21.645878893752,22.493612939583,15.8916105717705,11.8476472031982,3.36739208729708,6.64876993510744,18.9103202522627,2.1135733311854,0,11.739787386154,5.98002533356017,20.5804981987195,13.1819602181459,13.2874700106588,6.28949388258885
"AAD021_008323",3.7745269021381,4.88777910504077,6.29821162308324,5.29720352392352,1.18476472031982,1.12246402909903,2.38352129749135,2.84572780495215,2.1135733311854,0,1.46747342326925,4.78402026684813,3.57921707803817,6.79694823748149,1.66093375133235,3.14474694129443
"AAD021_008324",22.6471614128286,39.1022328403262,42.287992326416,31.7832211435411,22.5105296860766,19.0818884946835,12.1266873030262,19.7364992924101,10.567866655927,51.0656627220019,23.4795747723081,20.3320861341046,25.9493238157767,19.3610040704018,11.072891675549,18.8684816477666
"AAD021_008328",7.54905380427619,13.2668289993964,28.7918245626662,10.594407047847,17.7714708047973,7.8572482036932,8.9904750694849,35.7092940685931,14.7950133182978,20.4262650888008,20.5446279257696,27.5081165343768,19.6856939292099,25.7460160510663,13.8411145944362,15.7237347064721
"AAD021_008329",0,8.37904989435561,4.4987225879166,5.29720352392352,8.29335304223874,17.9594244655844,8.9904750694849,10.2813391662787,8.45429332474161,0,5.86989369307702,4.78402026684813,2.68441280852863,10.092438292018,6.64373500532939,6.28949388258885
"AAD021_008331",15.0981076085524,27.2319121566557,16.1954013164998,5.29720352392352,5.9238236015991,7.8572482036932,5.77063050971589,23.4084061375096,0,0,11.739787386154,9.56804053369627,14.3168683121527,31.5131236465051,10.5192470917715,12.5789877651777
"AAD021_008335",3.7745269021381,20.947624735889,7.19795614066656,5.29720352392352,5.9238236015991,10.1021762618913,7.31782854492957,5.78325328103179,8.45429332474161,10.2131325444004,8.80484053961553,14.3520608005444,7.15843415607634,14.4177689885971,7.19737958910684,6.28949388258885
"AAD021_008336",0,7.68079573649265,8.9974451758332,5.29720352392352,3.55429416095946,14.5920323782874,4.47432945318551,3.02932314720713,6.34071999355621,0,7.33736711634627,3.5880152001361,3.57921707803817,6.1790438522559,4.4291566702196,6.28949388258885
"AAD021_008337",7.54905380427619,11.8703206836705,7.19795614066656,0,8.29335304223874,8.97971223279222,10.746753920268,6.97662300568914,14.7950133182978,0,4.40242026980776,5.98002533356017,10.7376512341145,11.7401833192862,8.30466875666174,6.28949388258885
"AAD021_008338",60.3924304342096,74.7131948913376,51.2854375022492,26.4860176196176,65.1620596175901,76.3275539787339,74.4327703427122,57.6489374680629,86.6565065786015,61.2787952664022,102.723139628848,99.2684205370988,71.5843415607634,97.8348609940518,47.6134342048607,66.039685767183
"AAD021_008339",11.3235807064143,1.39650831572594,1.79948903516664,0,22.5105296860766,30.3065287856738,82.8378191286028,19.0021179233902,29.5900266365956,0,27.8819950421158,10.7640456004083,41.1609963974389,29.8653786192369,10.5192470917715,0
"AAD021_008340",0,6.28428742076671,7.19795614066656,10.594407047847,8.29335304223874,5.61232014549514,10.035879147332,10.4649345085337,6.34071999355621,0,4.40242026980776,1.19600506671203,8.94804269509542,18.3311634283592,2.2145783351098,3.14474694129443
"AAD021_008349",7.54905380427619,27.2319121566557,18.8946348692497,0,13.032411923518,21.3268165528815,9.15773972194044,10.4649345085337,19.0221599806686,10.2131325444004,20.5446279257696,14.3520608005444,12.5272597731336,15.4476096306398,13.2874700106588,25.1579755303554
"AAD021_008350",0,3.49127078931484,1.79948903516664,5.29720352392352,0,5.61232014549514,3.59619002779396,5.32426492539434,4.2271466623708,0,4.40242026980776,5.98002533356017,5.36882561705725,5.56113946703031,3.87551208644215,3.14474694129443
"AAD021_008352",3.7745269021381,8.37904989435561,5.39846710549992,31.7832211435411,4.73905888127928,3.36739208729708,2.7598667655163,4.49808588524695,2.1135733311854,0,2.93494684653851,5.98002533356017,8.05323842558588,3.91339443976207,6.09009042155194,3.14474694129443
"AAD021_008353",143.432022281248,30.7231829459706,36.8895252209161,111.241274002394,23.6952944063964,25.8166726692776,41.2725529934028,113.645516855831,21.135733311854,51.0656627220019,58.6989369307702,93.2883952035386,45.6350177449866,67.1456098611808,66.9909946370714,125.789877651777
"AAD021_008354",0,3.49127078931484,0.89974451758332,0,2.36952944063964,2.24492805819806,2.84349909174406,2.93752547607964,2.1135733311854,0,1.46747342326925,3.5880152001361,2.68441280852863,3.70742631135354,4.4291566702196,3.14474694129443
"AAD021_008355",3.7745269021381,3.49127078931484,3.59897807033328,5.29720352392352,2.36952944063964,5.61232014549514,8.90684274325714,7.16021834794412,6.34071999355621,0,7.33736711634627,5.98002533356017,0.894804269509542,5.56113946703031,12.1801808431039,12.5789877651777
"AAD021_008356",22.6471614128286,27.2319121566557,13.4961677637498,10.594407047847,3.55429416095946,13.4695683491883,5.85426283594366,11.4747088909361,14.7950133182978,20.4262650888008,0,7.1760304002722,13.4220640426431,13.7998646033715,8.85831334043919,12.5789877651777
"AAD021_008357",0,25.8354038409298,8.09770065824988,5.29720352392352,7.10858832191892,1.12246402909903,3.2616607228829,4.0390975296095,2.1135733311854,10.2131325444004,11.739787386154,8.37203546698423,6.2636298865668,6.1790438522559,4.4291566702196,3.14474694129443
"AAD021_008358",30.1962152171048,37.0074703667373,18.8946348692497,37.0804246674646,9.47811776255856,38.163776989367,11.7085256718873,14.3204366958882,19.0221599806686,10.2131325444004,22.0121013490388,26.3121114676647,25.0545195462672,20.596812840853,14.9484037619911,18.8684816477666
"AAD021_008359",7.54905380427619,6.98254157862968,4.4987225879166,0,2.36952944063964,2.24492805819806,3.7634546802495,3.85550218735453,0,0,8.80484053961553,5.98002533356017,3.57921707803817,8.2387251363412,0.55364458377745,3.14474694129443
"AAD021_008361",0,4.18952494717781,2.69923355274996,5.29720352392352,5.9238236015991,0,4.30706480072998,8.07819505921901,6.34071999355621,0,8.80484053961553,4.78402026684813,13.4220640426431,7.82678887952414,7.75102417288429,3.14474694129443
"AAD021_008362",41.5197959235191,6.98254157862968,9.89718969341652,42.3776281913881,10.6628824828784,11.2246402909903,9.2413720481682,9.7305531395138,4.2271466623708,0,24.9470481955773,20.3320861341046,38.4765835889103,25.5400479226577,12.1801808431039,25.1579755303554
"AAD021_008366",3.7745269021381,11.1720665258075,15.2956567989164,21.1888140956941,15.4019413641577,11.2246402909903,11.1649155514068,12.576280944466,19.0221599806686,0,8.80484053961553,4.78402026684813,9.84284696460496,14.00583273178,12.7338254268813,6.28949388258885
"AAD021_008367",7.54905380427619,12.5685748415334,13.4961677637498,0,22.5105296860766,5.61232014549514,12.5866650972789,12.209090259956,4.2271466623708,10.2131325444004,10.2723139628848,8.37203546698423,11.632455503624,8.65066139315826,7.75102417288429,9.43424082388328
"AAD021_008369",11.3235807064143,12.5685748415334,9.89718969341652,0,9.47811776255856,6.73478417459417,5.05975573677988,5.50786026764932,4.2271466623708,0,2.93494684653851,9.56804053369627,4.47402134754771,4.1193625681706,1.66093375133235,6.28949388258885
"AAD021_008371",7.54905380427619,6.28428742076671,9.89718969341652,5.29720352392352,5.9238236015991,8.97971223279222,4.09798398516056,4.0390975296095,8.45429332474161,0,10.2723139628848,7.1760304002722,7.15843415607634,7.41485262270708,7.19737958910684,6.28949388258885
"AAD021_008373",0,12.5685748415334,9.89718969341652,10.594407047847,9.47811776255856,6.73478417459417,8.02870331786559,15.8809971050555,8.45429332474161,20.4262650888008,7.33736711634627,9.56804053369627,13.4220640426431,6.38501198066443,18.2702712646558,9.43424082388328
"AAD021_008374",3.7745269021381,8.37904989435561,9.89718969341652,10.594407047847,2.36952944063964,2.24492805819806,2.34170513437746,5.59965793877681,0,10.2131325444004,4.40242026980776,2.39201013342407,8.05323842558588,12.7700239613289,4.4291566702196,6.28949388258885
"AAD021_008375",18.8726345106905,6.28428742076671,6.29821162308324,5.29720352392352,7.10858832191892,15.7144964073864,9.95224682110422,8.99617177049389,6.34071999355621,20.4262650888008,7.33736711634627,8.37203546698423,11.632455503624,12.1521195761033,7.19737958910684,3.14474694129443
"AAD021_008376",3.7745269021381,1.39650831572594,2.69923355274996,0,4.73905888127928,12.3471043200893,3.42892537533843,4.77347889862941,0,0,1.46747342326925,5.98002533356017,1.78960853901908,4.1193625681706,3.87551208644215,3.14474694129443
"AAD021_008379",11.3235807064143,8.37904989435561,6.29821162308324,5.29720352392352,7.10858832191892,6.73478417459417,4.13980014827444,2.75393013382466,6.34071999355621,0,7.33736711634627,3.5880152001361,2.68441280852863,8.2387251363412,2.76822291888725,6.28949388258885
"AAD021_008381",3.7745269021381,2.0947624735889,1.79948903516664,0,2.36952944063964,1.12246402909903,2.71805060240241,2.84572780495215,0,0,4.40242026980776,4.78402026684813,7.15843415607634,4.53129882498766,1.1072891675549,9.43424082388328
"AAD021_008383",3.7745269021381,5.58603326290374,7.19795614066656,0,1.18476472031982,8.97971223279222,7.90325482852394,4.95707424088439,4.2271466623708,0,5.86989369307702,1.19600506671203,0,7.20888449429855,4.98280125399704,3.14474694129443
"AAD021_008385",15.0981076085524,4.18952494717781,3.59897807033328,10.594407047847,13.032411923518,4.48985611639611,21.7444048192193,9.27156478387636,2.1135733311854,0,5.86989369307702,7.1760304002722,7.15843415607634,4.94323508180472,9.96560250799409,40.8817102368275
"AAD021_008394",3.7745269021381,2.0947624735889,6.29821162308324,0,3.55429416095946,4.48985611639611,13.9247823169231,6.24224163666923,2.1135733311854,0,5.86989369307702,1.19600506671203,9.84284696460496,4.32533069657913,5.5364458377745,0
"AAD021_008396",15.0981076085524,11.1720665258075,14.3959122813331,5.29720352392352,8.29335304223874,8.97971223279222,4.59977794252716,10.3731368374062,8.45429332474161,10.2131325444004,10.2723139628848,11.9600506671203,9.84284696460496,9.68050203520091,6.64373500532939,12.5789877651777
"AAD021_008399",3.7745269021381,4.88777910504077,8.9974451758332,0,4.73905888127928,12.3471043200893,5.89607899905754,14.6876273803982,6.34071999355621,10.2131325444004,7.33736711634627,4.78402026684813,3.57921707803817,13.1819602181459,16.055692929546,9.43424082388328
"AAD021_008404",3.7745269021381,7.68079573649265,5.39846710549992,10.594407047847,4.73905888127928,13.4695683491883,10.2449599629014,5.78325328103179,2.1135733311854,0,13.2072608094233,9.56804053369627,6.2636298865668,5.35517133862178,4.98280125399704,6.28949388258885
"AAD021_008405",7.54905380427619,14.6633373151223,3.59897807033328,0,10.6628824828784,2.24492805819806,7.69417401295452,9.45516012613134,4.2271466623708,10.2131325444004,5.86989369307702,4.78402026684813,4.47402134754771,12.3580877045118,4.4291566702196,9.43424082388328
"AAD021_008408",7.54905380427619,37.0074703667373,10.7969342109998,5.29720352392352,15.4019413641577,14.5920323782874,15.3465318627952,6.33403930779672,6.34071999355621,20.4262650888008,4.40242026980776,13.1560557338324,6.2636298865668,10.7103426772436,3.87551208644215,0
"AAD021_008409",0,4.18952494717781,1.79948903516664,5.29720352392352,3.55429416095946,5.61232014549514,2.55078594994688,3.48831150284457,0,10.2131325444004,5.86989369307702,0,0.894804269509542,4.32533069657913,2.2145783351098,0
"AAD021_008411",22.6471614128286,67.7306533127079,32.3908026329995,5.29720352392352,31.9886474486351,33.6739208729708,20.2808391102334,16.7989738163304,46.4986132860789,30.6393976332011,16.1422076559618,13.1560557338324,24.1597152767576,15.8595458874568,14.9484037619911,3.14474694129443
"AAD021_008412",11.3235807064143,7.68079573649265,8.09770065824988,15.8916105717705,1.18476472031982,6.73478417459417,5.64518202037424,11.0157205352986,14.7950133182978,0,5.86989369307702,22.7240962675286,10.7376512341145,11.9461514476947,12.1801808431039,9.43424082388328
"AAD021_008416",0,1.39650831572594,2.69923355274996,15.8916105717705,3.55429416095946,6.73478417459417,2.63441827617465,7.89459971696403,10.567866655927,0,2.93494684653851,1.19600506671203,6.2636298865668,3.70742631135354,8.30466875666174,12.5789877651777
"AAD021_008418",3.7745269021381,2.0947624735889,3.59897807033328,0,2.36952944063964,3.36739208729708,5.64518202037424,6.5176346500517,6.34071999355621,0,2.93494684653851,9.56804053369627,12.5272597731336,5.56113946703031,1.66093375133235,3.14474694129443
"AAD021_008419",0,1.39650831572594,2.69923355274996,0,2.36952944063964,0,3.13621223354125,4.58988355637443,2.1135733311854,0,0,4.78402026684813,7.15843415607634,4.94323508180472,4.4291566702196,3.14474694129443
"AAD021_008422",0,9.77555821008155,3.59897807033328,0,7.10858832191892,4.48985611639611,5.31065271546318,4.22269287186448,2.1135733311854,0,7.33736711634627,2.39201013342407,6.2636298865668,4.1193625681706,2.76822291888725,0
"AAD021_008423",7.54905380427619,43.291757787504,34.1902916681662,0,7.10858832191892,17.9594244655844,17.9809501389698,5.50786026764932,27.4764533054102,0,24.9470481955773,8.37203546698423,11.632455503624,7.20888449429855,4.4291566702196,6.28949388258885
"AAD021_008424",0,5.58603326290374,1.79948903516664,0,5.9238236015991,1.12246402909903,4.93430724743823,4.8652765697569,2.1135733311854,0,7.33736711634627,3.5880152001361,6.2636298865668,6.1790438522559,2.2145783351098,0
"AAD021_008427",0,8.37904989435561,0,0,2.36952944063964,2.24492805819806,2.71805060240241,1.83595342254977,12.6814399871124,0,10.2723139628848,1.19600506671203,59.0570817876298,4.1193625681706,16.6093375133235,3.14474694129443
"AAD021_008435",11.3235807064143,25.8354038409298,10.7969342109998,21.1888140956941,15.4019413641577,14.5920323782874,24.002477627369,16.523580802948,23.2493066430394,0,20.5446279257696,13.1560557338324,17.8960853901908,17.5072909147251,9.96560250799409,22.013228589061
"AAD021_008436",3.7745269021381,21.645878893752,26.9923355274996,5.29720352392352,7.10858832191892,2.24492805819806,2.80168292863018,7.98639738809152,2.1135733311854,0,8.80484053961553,3.5880152001361,5.36882561705725,7.20888449429855,6.64373500532939,12.5789877651777
"AAD021_008437",3.7745269021381,11.1720665258075,6.29821162308324,5.29720352392352,7.10858832191892,11.2246402909903,6.73240226133521,5.32426492539434,6.34071999355621,0,5.86989369307702,10.7640456004083,4.47402134754771,10.7103426772436,9.96560250799409,12.5789877651777
"AAD021_008439",0,0.698254157862968,5.39846710549992,10.594407047847,1.18476472031982,6.73478417459417,4.47432945318551,3.12112081833462,4.2271466623708,0,1.46747342326925,0,3.57921707803817,4.1193625681706,4.98280125399704,6.28949388258885
"AAD021_008442",11.3235807064143,11.1720665258075,16.1954013164998,26.4860176196176,15.4019413641577,10.1021762618913,21.3262431880805,22.0314410705973,14.7950133182978,30.6393976332011,14.6747342326925,19.1360810673925,27.7389323547958,26.3639204362919,27.128584605095,25.1579755303554
"AAD021_008444",3.7745269021381,4.18952494717781,1.79948903516664,5.29720352392352,13.032411923518,15.7144964073864,9.2413720481682,4.40628821411946,4.2271466623708,10.2131325444004,7.33736711634627,1.19600506671203,8.94804269509542,5.97307572384737,4.4291566702196,3.14474694129443
"AAD021_008447",3.7745269021381,3.49127078931484,4.4987225879166,5.29720352392352,7.10858832191892,1.12246402909903,2.42533746060523,5.14066958313937,2.1135733311854,0,5.86989369307702,2.39201013342407,9.84284696460496,5.14920321021325,5.5364458377745,15.7237347064721
"AAD021_008449",3.7745269021381,31.4214371038336,42.287992326416,0,9.47811776255856,6.73478417459417,6.06334365151308,14.0450436825058,4.2271466623708,0,4.40242026980776,9.56804053369627,17.8960853901908,16.8893865294995,15.5020483457686,12.5789877651777
"AAD021_008451",7.54905380427619,4.88777910504077,9.89718969341652,15.8916105717705,8.29335304223874,2.24492805819806,5.10157189989376,7.80280204583654,4.2271466623708,0,11.739787386154,11.9600506671203,24.1597152767576,11.1222789340606,21.0384941835431,3.14474694129443
"AAD021_008458",11.3235807064143,5.58603326290374,2.69923355274996,10.594407047847,9.47811776255856,5.61232014549514,12.8375620759622,7.43561136132658,8.45429332474161,10.2131325444004,10.2723139628848,5.98002533356017,4.47402134754771,7.62082075111561,10.5192470917715,12.5789877651777
"AAD021_008464",49.0688497277953,83.0922447856932,61.1826271956658,26.4860176196176,54.4991771347117,102.144226648012,49.7194179424072,31.0276128410912,52.8393332796351,20.4262650888008,29.3494684653851,28.7041216010888,32.2129537023435,34.8086137010416,23.8067171024303,25.1579755303554
"AAD021_008466",0,3.49127078931484,3.59897807033328,5.29720352392352,8.29335304223874,4.48985611639611,8.11233564409336,7.52740903245407,10.567866655927,10.2131325444004,14.6747342326925,8.37203546698423,8.94804269509542,5.97307572384737,2.76822291888725,9.43424082388328
"AAD021_008467",26.4216883149667,46.7830285768188,27.8920800450829,15.8916105717705,36.7277063299144,78.572482036932,38.0527084336338,20.3790829903025,76.0886399226745,30.6393976332011,36.6868355817314,27.5081165343768,29.5285408938149,27.8056973351516,19.9312050159882,31.4474694129443
"AAD021_008470",3.7745269021381,10.4738123679445,17.9948903516664,0,15.4019413641577,26.9391366983767,13.0048267284177,8.07819505921901,14.7950133182978,20.4262650888008,16.1422076559618,15.5480658672564,12.5272597731336,7.41485262270708,11.6265362593264,6.28949388258885
"AAD021_008472",11.3235807064143,11.8703206836705,6.29821162308324,5.29720352392352,7.10858832191892,21.3268165528815,6.35605679331026,5.04887191201188,8.45429332474161,0,14.6747342326925,9.56804053369627,4.47402134754771,10.2984064204265,9.96560250799409,3.14474694129443
"AAD021_008473",7.54905380427619,4.88777910504077,2.69923355274996,10.594407047847,4.73905888127928,0,5.72881434660201,4.58988355637443,0,0,2.93494684653851,3.5880152001361,2.68441280852863,6.38501198066443,4.98280125399704,3.14474694129443
"AAD021_008475",0,14.6633373151223,10.7969342109998,0,11.8476472031982,20.2043525237825,8.57231343834607,3.67190684509955,6.34071999355621,10.2131325444004,0,9.56804053369627,2.68441280852863,7.62082075111561,6.64373500532939,3.14474694129443
"AAD021_008477",22.6471614128286,40.4987411560521,44.0874813615827,26.4860176196176,15.4019413641577,14.5920323782874,15.8065096570479,36.443675437613,2.1135733311854,10.2131325444004,13.2072608094233,22.7240962675286,26.8441280852863,43.8712113510169,41.5233437833087,25.1579755303554
"AAD021_008482",0,9.77555821008155,4.4987225879166,0,1.18476472031982,2.24492805819806,2.508969786833,3.39651383171708,2.1135733311854,0,1.46747342326925,1.19600506671203,6.2636298865668,3.91339443976207,2.76822291888725,3.14474694129443
"AAD021_008483",3.7745269021381,3.49127078931484,3.59897807033328,0,5.9238236015991,1.12246402909903,6.73240226133521,5.04887191201188,4.2271466623708,0,2.93494684653851,5.98002533356017,7.15843415607634,7.20888449429855,3.87551208644215,0
"AAD021_008491",3.7745269021381,3.49127078931484,0.89974451758332,0,1.18476472031982,3.36739208729708,2.71805060240241,3.2129184894621,8.45429332474161,0,2.93494684653851,4.78402026684813,1.78960853901908,4.1193625681706,2.76822291888725,3.14474694129443
"AAD021_008492",22.6471614128286,9.07730405221858,10.7969342109998,26.4860176196176,10.6628824828784,7.8572482036932,15.4301641890229,42.5941194031548,14.7950133182978,10.2131325444004,23.4795747723081,13.1560557338324,15.2116725816622,17.095354657908,19.9312050159882,15.7237347064721
"AAD021_008493",3.7745269021381,13.9650831572594,14.3959122813331,0,10.6628824828784,12.3471043200893,7.52690936049899,6.97662300568914,8.45429332474161,30.6393976332011,7.33736711634627,9.56804053369627,11.632455503624,4.73726695339619,9.41195792421664,3.14474694129443
"AAD021_008495",0,10.4738123679445,10.7969342109998,10.594407047847,20.1410002454369,7.8572482036932,13.8411499906954,5.32426492539434,2.1135733311854,10.2131325444004,2.93494684653851,8.37203546698423,7.15843415607634,15.2416415022312,9.41195792421664,3.14474694129443
"AAD021_008496",0,6.98254157862968,7.19795614066656,0,2.36952944063964,4.48985611639611,2.67623443928853,7.25201601907161,0,0,2.93494684653851,2.39201013342407,5.36882561705725,12.3580877045118,4.98280125399704,0
"AAD021_008498",7.54905380427619,16.7580997887112,12.5964232461665,5.29720352392352,1.18476472031982,4.48985611639611,1.54719803521368,6.15044396554174,0,0,2.93494684653851,2.39201013342407,5.36882561705725,6.59098010907296,7.19737958910684,0
"AAD021_008505",0,7.68079573649265,3.59897807033328,10.594407047847,3.55429416095946,1.12246402909903,3.34529304911066,3.30471616058959,0,0,11.739787386154,3.5880152001361,0.894804269509542,4.73726695339619,2.76822291888725,0
"AAD021_008506",0,7.68079573649265,7.19795614066656,10.594407047847,3.55429416095946,0,3.21984455976901,5.6914556099043,0,0,2.93494684653851,4.78402026684813,1.78960853901908,6.1790438522559,6.09009042155194,0
"AAD021_008509",0,18.1546081044372,6.29821162308324,5.29720352392352,3.55429416095946,2.24492805819806,3.7634546802495,4.13089520073699,0,0,5.86989369307702,7.1760304002722,6.2636298865668,5.56113946703031,4.4291566702196,0
"AAD021_008510",7.54905380427619,2.0947624735889,3.59897807033328,10.594407047847,2.36952944063964,14.5920323782874,5.14338806300764,10.0059461528963,0,10.2131325444004,8.80484053961553,7.1760304002722,3.57921707803817,7.00291636589002,11.6265362593264,9.43424082388328
"AAD021_008511",3.7745269021381,4.18952494717781,2.69923355274996,10.594407047847,1.18476472031982,5.61232014549514,4.05616782204668,2.11134643593224,4.2271466623708,0,5.86989369307702,5.98002533356017,1.78960853901908,6.38501198066443,4.98280125399704,3.14474694129443
"AAD021_008515",3.7745269021381,3.49127078931484,4.4987225879166,0,3.55429416095946,1.12246402909903,5.05975573677988,4.40628821411946,4.2271466623708,10.2131325444004,5.86989369307702,3.5880152001361,1.78960853901908,5.97307572384737,3.87551208644215,6.28949388258885
"AAD021_008522",7.54905380427619,4.88777910504077,2.69923355274996,0,4.73905888127928,8.97971223279222,6.23060830396861,8.26179040147398,2.1135733311854,0,10.2723139628848,7.1760304002722,13.4220640426431,9.88647016360945,10.5192470917715,15.7237347064721
"AAD021_008523",7.54905380427619,13.2668289993964,25.192846492333,10.594407047847,11.8476472031982,26.9391366983767,14.6356570898591,16.0645924473105,19.0221599806686,40.8525301776015,16.1422076559618,10.7640456004083,10.7376512341145,15.6535777590483,8.30466875666174,9.43424082388328
"AAD021_008526",41.5197959235191,16.0598456308483,40.4885032912494,21.1888140956941,7.10858832191892,6.73478417459417,7.90325482852394,19.4611062790276,2.1135733311854,30.6393976332011,19.0771545025003,19.1360810673925,16.1064768511718,13.1819602181459,10.5192470917715,31.4474694129443
"AAD021_008531",0,13.2668289993964,5.39846710549992,5.29720352392352,3.55429416095946,10.1021762618913,9.53408518996539,4.68168122750192,2.1135733311854,0,8.80484053961553,5.98002533356017,11.632455503624,5.14920321021325,4.4291566702196,0
"AAD021_008533",15.0981076085524,22.344133051615,10.7969342109998,15.8916105717705,4.73905888127928,12.3471043200893,15.053818720998,19.920094634665,16.9085866494832,0,7.33736711634627,27.5081165343768,16.1064768511718,20.596812840853,8.85831334043919,12.5789877651777
"AAD021_008535",11.3235807064143,3.49127078931484,2.69923355274996,0,7.10858832191892,8.97971223279222,8.61412960145996,6.97662300568914,2.1135733311854,10.2131325444004,4.40242026980776,8.37203546698423,12.5272597731336,8.65066139315826,13.8411145944362,3.14474694129443
"AAD021_008538",7.54905380427619,6.28428742076671,25.192846492333,15.8916105717705,8.29335304223874,28.0616007274757,13.1302752177593,25.7033479156968,23.2493066430394,30.6393976332011,7.33736711634627,5.98002533356017,47.4246262840057,8.8566295215668,13.8411145944362,6.28949388258885
"AAD021_008540",11.3235807064143,4.88777910504077,7.19795614066656,10.594407047847,8.29335304223874,6.73478417459417,5.89607899905754,14.5958297092707,4.2271466623708,10.2131325444004,7.33736711634627,3.5880152001361,5.36882561705725,13.593896474963,11.072891675549,12.5789877651777
"AAD021_008541",3.7745269021381,9.77555821008155,6.29821162308324,5.29720352392352,11.8476472031982,4.48985611639611,3.2616607228829,5.96684862328677,8.45429332474161,10.2131325444004,5.86989369307702,8.37203546698423,2.68441280852863,10.504374548835,9.96560250799409,3.14474694129443
"AAD021_008578",0,4.18952494717781,0.89974451758332,5.29720352392352,3.55429416095946,6.73478417459417,2.88531525485795,7.3438136901991,12.6814399871124,10.2131325444004,8.80484053961553,7.1760304002722,0.894804269509542,7.82678887952414,6.09009042155194,6.28949388258885
"AAD021_008579",18.8726345106905,13.9650831572594,8.9974451758332,15.8916105717705,4.73905888127928,7.8572482036932,10.4958569415847,18.7267249100077,19.0221599806686,10.2131325444004,10.2723139628848,7.1760304002722,11.632455503624,11.3282470624692,13.2874700106588,15.7237347064721
"AAD021_008585",0,2.0947624735889,29.6915690802496,0,319.886474486351,41.531169076664,20.1972067840056,0.367190684509955,59.1800532731913,0,0,1.19600506671203,0,0.61790438522559,45.9525004535283,0
"AAD021_008593",184.951818204767,18.1546081044372,26.0925910099163,95.3496634306233,14.2171766438378,38.163776989367,34.1219891009288,100.610247555728,23.2493066430394,20.4262650888008,67.5037774703857,68.1722888025859,64.425907404687,69.4112592736746,66.4373500532939,141.513612358249
"AAD021_008606",3.7745269021381,3.49127078931484,1.79948903516664,0,35.5429416095946,103.266690677111,50.3048442260016,22.5822270973622,118.360106546383,10.2131325444004,8.80484053961553,127.972542138188,0.894804269509542,31.5131236465051,11.6265362593264,3.14474694129443
"AAD021_008610",11.3235807064143,4.88777910504077,10.7969342109998,5.29720352392352,22.5105296860766,24.6942086401786,14.7192894160869,28.4572780495215,14.7950133182978,30.6393976332011,19.0771545025003,22.7240962675286,14.3168683121527,13.1819602181459,20.4848495997656,34.5922163542387
"AAD021_008618",11.3235807064143,9.77555821008155,14.3959122813331,0,16.5867060844775,11.2246402909903,12.4194004448233,10.0977438240238,8.45429332474161,0,5.86989369307702,8.37203546698423,16.1064768511718,10.9163108056521,20.4848495997656,3.14474694129443
"AAD021_008620",7.54905380427619,11.1720665258075,13.4961677637498,10.594407047847,11.8476472031982,31.4289928147728,20.0299421315501,9.45516012613134,19.0221599806686,20.4262650888008,13.2072608094233,11.9600506671203,11.632455503624,15.8595458874568,16.055692929546,18.8684816477666
"AAD021_008631",3.7745269021381,9.77555821008155,4.4987225879166,0,3.55429416095946,7.8572482036932,8.82321041702937,8.53718341485645,8.45429332474161,10.2131325444004,7.33736711634627,13.1560557338324,8.94804269509542,6.59098010907296,4.4291566702196,12.5789877651777
"AAD021_008632",3.7745269021381,4.88777910504077,0.89974451758332,5.29720352392352,1.18476472031982,1.12246402909903,5.14338806300764,5.23246725426686,4.2271466623708,0,2.93494684653851,7.1760304002722,3.57921707803817,5.35517133862178,2.2145783351098,0
"AAD021_008639",3.7745269021381,37.7057245246003,19.794379386833,37.0804246674646,0,0,0.501793957366599,19.0939155945177,0,20.4262650888008,8.80484053961553,15.5480658672564,18.7908896597004,40.9876575532975,4.98280125399704,9.43424082388328
"AAD021_008641",0,5.58603326290374,2.69923355274996,0,4.73905888127928,11.2246402909903,8.15415180720724,3.2129184894621,2.1135733311854,0,2.93494684653851,1.19600506671203,15.2116725816622,5.56113946703031,1.66093375133235,0
"AAD021_008646",3.7745269021381,0.698254157862968,5.39846710549992,0,5.9238236015991,5.61232014549514,17.7718693234004,7.61920670358156,6.34071999355621,10.2131325444004,0,8.37203546698423,11.632455503624,3.29549005453648,2.76822291888725,3.14474694129443
"AAD021_008654",3.7745269021381,13.2668289993964,13.4961677637498,15.8916105717705,26.064823847036,15.7144964073864,14.9283702316563,6.15044396554174,12.6814399871124,20.4262650888008,10.2723139628848,13.1560557338324,5.36882561705725,11.3282470624692,7.19737958910684,9.43424082388328
"AAD021_008669",0,6.98254157862968,3.59897807033328,0,4.73905888127928,1.12246402909903,2.7598667655163,3.76370451622704,4.2271466623708,20.4262650888008,0,5.98002533356017,1.78960853901908,6.1790438522559,3.87551208644215,0
"AAD021_008678",3.7745269021381,6.98254157862968,6.29821162308324,5.29720352392352,5.9238236015991,1.12246402909903,5.05975573677988,3.85550218735453,0,0,2.93494684653851,1.19600506671203,3.57921707803817,2.67758566931089,2.76822291888725,6.28949388258885
"AAD021_008692",7.54905380427619,6.98254157862968,2.69923355274996,0,3.55429416095946,0,2.84349909174406,13.9532460113783,0,0,1.46747342326925,3.5880152001361,5.36882561705725,6.1790438522559,3.87551208644215,12.5789877651777
"AAD021_008697",7.54905380427619,4.18952494717781,5.39846710549992,21.1888140956941,11.8476472031982,20.2043525237825,9.78498216864869,13.8614483402508,10.567866655927,10.2131325444004,4.40242026980776,2.39201013342407,109.166120880164,8.44469326474973,17.1629820971009,3.14474694129443
"AAD021_008702",15.0981076085524,12.5685748415334,8.9974451758332,5.29720352392352,16.5867060844775,21.3268165528815,13.2139075439871,15.3302110782906,16.9085866494832,0,14.6747342326925,11.9600506671203,33.1077579718531,20.8027809692615,23.8067171024303,18.8684816477666
"AAD021_008706",3.7745269021381,7.68079573649265,1.79948903516664,15.8916105717705,4.73905888127928,8.97971223279222,6.18879214085473,4.31449054299197,2.1135733311854,0,2.93494684653851,3.5880152001361,3.57921707803817,2.47161754090236,4.98280125399704,3.14474694129443
"AAD021_008707",0,2.0947624735889,6.29821162308324,5.29720352392352,9.47811776255856,8.97971223279222,7.52690936049899,7.3438136901991,10.567866655927,0,4.40242026980776,0,10.7376512341145,9.47453390679239,10.5192470917715,9.43424082388328
"AAD021_008712",0,4.88777910504077,3.59897807033328,0,1.18476472031982,2.24492805819806,2.42533746060523,2.29494177818722,2.1135733311854,20.4262650888008,2.93494684653851,2.39201013342407,2.68441280852863,2.88355379771942,1.1072891675549,6.28949388258885
"AAD021_008714",7.54905380427619,7.68079573649265,3.59897807033328,5.29720352392352,17.7714708047973,6.73478417459417,32.1984455976901,12.8516739578484,6.34071999355621,0,5.86989369307702,8.37203546698423,16.1064768511718,13.1819602181459,13.2874700106588,12.5789877651777
"AAD021_008718",0,5.58603326290374,3.59897807033328,0,9.47811776255856,3.36739208729708,5.39428504169094,5.41606259652183,4.2271466623708,0,0,1.19600506671203,3.57921707803817,4.73726695339619,6.09009042155194,0
"AAD021_008728",7.54905380427619,1.39650831572594,4.4987225879166,10.594407047847,1.18476472031982,4.48985611639611,3.84708700647726,5.14066958313937,0,0,29.3494684653851,2.39201013342407,20.5804981987195,5.14920321021325,8.30466875666174,15.7237347064721
"AAD021_008733",0,4.18952494717781,0,5.29720352392352,0,2.24492805819806,3.88890316959114,2.75393013382466,6.34071999355621,0,2.93494684653851,2.39201013342407,4.47402134754771,9.47453390679239,2.2145783351098,0
"AAD021_008738",3.7745269021381,21.645878893752,5.39846710549992,10.594407047847,8.29335304223874,15.7144964073864,10.5376731046986,5.32426492539434,6.34071999355621,0,7.33736711634627,3.5880152001361,3.57921707803817,5.35517133862178,2.2145783351098,3.14474694129443
"AAD021_008745",18.8726345106905,7.68079573649265,5.39846710549992,0,0,2.24492805819806,2.55078594994688,5.6914556099043,0,0,0,2.39201013342407,3.57921707803817,7.20888449429855,6.64373500532939,0
"AAD021_008753",7.54905380427619,5.58603326290374,6.29821162308324,0,7.10858832191892,3.36739208729708,2.7598667655163,3.48831150284457,8.45429332474161,0,1.46747342326925,1.19600506671203,2.68441280852863,1.44177689885971,2.76822291888725,6.28949388258885
"AAD021_008756",15.0981076085524,11.1720665258075,8.9974451758332,15.8916105717705,0,0,0.209080815569416,12.3008879310835,0,30.6393976332011,7.33736711634627,3.5880152001361,22.3701067377386,9.47453390679239,12.1801808431039,9.43424082388328
"AAD021_008758",0,9.07730405221858,7.19795614066656,0,4.73905888127928,3.36739208729708,2.71805060240241,3.30471616058959,4.2271466623708,10.2131325444004,2.93494684653851,1.19600506671203,8.94804269509542,4.1193625681706,3.3218675026647,0
"AAD021_008773",196.275398911181,35.6109620510114,46.7867149143326,132.430088098088,63.9772948972703,52.7558093676543,74.140057200915,92.3484571542536,48.6121866172643,71.4919278108026,136.475028364041,82.5243496031303,31.318149432834,80.1216019509182,138.411145944362,81.7634204736551
"AAD021_008782",11.3235807064143,3.49127078931484,5.39846710549992,0,9.47811776255856,2.24492805819806,5.60336585726036,14.0450436825058,0,0,5.86989369307702,2.39201013342407,10.7376512341145,7.41485262270708,6.09009042155194,6.28949388258885
"AAD021_008785",18.8726345106905,4.18952494717781,3.59897807033328,5.29720352392352,1.18476472031982,5.61232014549514,11.0394670620652,11.0157205352986,8.45429332474161,0,8.80484053961553,5.98002533356017,8.05323842558588,8.8566295215668,7.19737958910684,9.43424082388328
"AAD021_008788",3.7745269021381,8.37904989435561,4.4987225879166,0,4.73905888127928,7.8572482036932,8.65594576457384,13.3106623134859,4.2271466623708,10.2131325444004,11.739787386154,3.5880152001361,8.05323842558588,8.03275700793268,4.4291566702196,0
"AAD021_008791",3.7745269021381,13.9650831572594,8.09770065824988,5.29720352392352,7.10858832191892,10.1021762618913,12.2103196292539,5.78325328103179,21.135733311854,10.2131325444004,7.33736711634627,9.56804053369627,11.632455503624,5.76710759543884,5.5364458377745,9.43424082388328
"AAD021_008792",7.54905380427619,3.49127078931484,0.89974451758332,0,0,2.24492805819806,3.5125577015662,3.58010917397206,2.1135733311854,0,0,2.39201013342407,9.84284696460496,3.70742631135354,3.87551208644215,6.28949388258885
"AAD021_008795",634.1205195592,94.9625654693636,38.6890142560828,434.370688961728,110.183118989743,17.9594244655844,36.4636942353062,438.792867989396,61.2936266043767,91.9181928996034,510.680751297701,502.322128019054,243.386761306595,239.746901467529,246.925484364742,880.52914356244
"AAD021_008798",3.7745269021381,3.49127078931484,1.79948903516664,0,4.73905888127928,2.24492805819806,8.23778413343501,5.59965793877681,2.1135733311854,0,2.93494684653851,8.37203546698423,2.68441280852863,10.7103426772436,3.3218675026647,3.14474694129443
"AAD021_008803",0,5.58603326290374,0,0,4.73905888127928,1.12246402909903,3.59619002779396,2.29494177818722,8.45429332474161,0,2.93494684653851,3.5880152001361,0,8.2387251363412,2.2145783351098,3.14474694129443
"AAD021_008804",7.54905380427619,9.77555821008155,0.89974451758332,5.29720352392352,10.6628824828784,0,8.07051948097947,6.05864629441425,6.34071999355621,20.4262650888008,2.93494684653851,4.78402026684813,6.2636298865668,8.2387251363412,4.4291566702196,6.28949388258885
"AAD021_008807",18.8726345106905,2.0947624735889,1.79948903516664,5.29720352392352,3.55429416095946,4.48985611639611,3.67982235402173,6.5176346500517,2.1135733311854,0,5.86989369307702,9.56804053369627,9.84284696460496,6.79694823748149,8.30466875666174,9.43424082388328
"AAD021_008809",15.0981076085524,4.18952494717781,7.19795614066656,0,4.73905888127928,2.24492805819806,4.80885875809658,16.4317831318205,6.34071999355621,10.2131325444004,5.86989369307702,5.98002533356017,7.15843415607634,10.9163108056521,6.64373500532939,15.7237347064721
"AAD021_008818",0,0.698254157862968,5.39846710549992,5.29720352392352,2.36952944063964,0,2.21625664503581,2.57033479156968,2.1135733311854,0,1.46747342326925,2.39201013342407,1.78960853901908,7.82678887952414,6.09009042155194,0
"AAD021_008820",3.7745269021381,16.0598456308483,14.3959122813331,0,16.5867060844775,20.2043525237825,12.16850346614,11.2911135486811,16.9085866494832,0,17.6096810792311,11.9600506671203,8.94804269509542,14.4177689885971,11.072891675549,12.5789877651777
"AAD021_008821",3.7745269021381,4.18952494717781,8.9974451758332,0,2.36952944063964,1.12246402909903,5.10157189989376,8.72077875711143,4.2271466623708,0,2.93494684653851,5.98002533356017,8.05323842558588,6.38501198066443,4.4291566702196,6.28949388258885
"AAD021_008822",0,4.88777910504077,10.7969342109998,10.594407047847,5.9238236015991,3.36739208729708,1.08722024096097,4.49808588524695,0,0,7.33736711634627,4.78402026684813,11.632455503624,3.91339443976207,2.2145783351098,3.14474694129443
"AAD021_008829",0,5.58603326290374,9.89718969341652,0,1.18476472031982,2.24492805819806,2.0071758294664,2.66213246269717,0,10.2131325444004,1.46747342326925,0,0.894804269509542,2.47161754090236,2.76822291888725,3.14474694129443
"AAD021_008830",0,9.77555821008155,5.39846710549992,5.29720352392352,1.18476472031982,5.61232014549514,6.18879214085473,4.77347889862941,0,0,1.46747342326925,7.1760304002722,8.05323842558588,3.50145818294501,2.2145783351098,9.43424082388328
"AAD021_008835",3.7745269021381,3.49127078931484,3.59897807033328,15.8916105717705,0,0,3.0107637441996,5.96684862328677,2.1135733311854,10.2131325444004,5.86989369307702,3.5880152001361,6.2636298865668,1.85371315567677,2.2145783351098,0
"AAD021_008837",3.7745269021381,4.18952494717781,7.19795614066656,0,3.55429416095946,7.8572482036932,6.64876993510744,8.1699927303465,2.1135733311854,0,2.93494684653851,9.56804053369627,2.68441280852863,8.03275700793268,0,0
"AAD021_008838",0,1.39650831572594,2.69923355274996,0,4.73905888127928,13.4695683491883,14.8447379054286,5.14066958313937,4.2271466623708,0,2.93494684653851,11.9600506671203,0,23.0684303817554,9.41195792421664,3.14474694129443
"AAD021_008843",0,7.68079573649265,8.9974451758332,10.594407047847,2.36952944063964,3.36739208729708,4.43251329007163,5.78325328103179,4.2271466623708,10.2131325444004,2.93494684653851,1.19600506671203,4.47402134754771,6.59098010907296,2.76822291888725,3.14474694129443
"AAD021_008846",0,20.2493705780261,18.8946348692497,5.29720352392352,22.5105296860766,4.48985611639611,16.4337521037561,10.0977438240238,0,10.2131325444004,2.93494684653851,7.1760304002722,16.1064768511718,7.62082075111561,13.8411145944362,0
"AAD021_008852",0,2.79301663145187,26.0925910099163,5.29720352392352,94.7811776255856,22.4492805819806,47.9631390916241,0.826179040147398,33.8171732989664,10.2131325444004,5.86989369307702,0,0,1.23580877045118,3.3218675026647,0
"AAD021_008853",0,5.58603326290374,0,10.594407047847,1.18476472031982,0,5.18520422612153,5.14066958313937,2.1135733311854,0,1.46747342326925,4.78402026684813,9.84284696460496,10.7103426772436,3.87551208644215,15.7237347064721
"AAD021_008855",11.3235807064143,6.98254157862968,6.29821162308324,0,5.9238236015991,4.48985611639611,6.39787295642414,7.3438136901991,0,0,4.40242026980776,2.39201013342407,5.36882561705725,4.32533069657913,6.09009042155194,0
"AAD021_008857",3.7745269021381,0,4.4987225879166,0,11.8476472031982,8.97971223279222,28.0586454494157,4.49808588524695,6.34071999355621,10.2131325444004,5.86989369307702,1.19600506671203,1.78960853901908,5.56113946703031,9.41195792421664,6.28949388258885
"AAD021_008858",33.9707421192429,11.1720665258075,9.89718969341652,10.594407047847,8.29335304223874,5.61232014549514,25.08969786833,33.4143522904059,10.567866655927,10.2131325444004,19.0771545025003,20.3320861341046,35.7921707803817,18.1251952999507,14.3947591782137,25.1579755303554
"AAD021_008862",30.1962152171048,3.49127078931484,0.89974451758332,37.0804246674646,0,0,6.98329924001851,17.5333551853503,8.45429332474161,10.2131325444004,10.2723139628848,7.1760304002722,8.94804269509542,5.97307572384737,3.87551208644215,15.7237347064721
"AAD021_008864",3.7745269021381,3.49127078931484,1.79948903516664,0,3.55429416095946,5.61232014549514,3.09439607042736,3.48831150284457,4.2271466623708,0,2.93494684653851,2.39201013342407,1.78960853901908,4.1193625681706,2.2145783351098,0
"AAD021_008867",7.54905380427619,5.58603326290374,2.69923355274996,15.8916105717705,5.9238236015991,11.2246402909903,8.94865890637102,5.78325328103179,8.45429332474161,10.2131325444004,2.93494684653851,8.37203546698423,4.47402134754771,7.62082075111561,4.4291566702196,9.43424082388328
"AAD021_008875",0,4.88777910504077,8.9974451758332,0,8.29335304223874,13.4695683491883,4.0143516589328,4.8652765697569,2.1135733311854,0,8.80484053961553,5.98002533356017,4.47402134754771,6.59098010907296,7.75102417288429,3.14474694129443
"AAD021_008892",7.54905380427619,16.7580997887112,15.2956567989164,10.594407047847,29.6191180079955,12.3471043200893,45.2450884892217,18.4513318966252,21.135733311854,10.2131325444004,7.33736711634627,7.1760304002722,23.2649110072481,13.593896474963,12.1801808431039,18.8684816477666
"AAD021_008897",3.7745269021381,4.18952494717781,1.79948903516664,5.29720352392352,0,2.24492805819806,4.43251329007163,3.48831150284457,2.1135733311854,0,4.40242026980776,7.1760304002722,3.57921707803817,6.1790438522559,7.19737958910684,0
"AAD021_008903",18.8726345106905,23.7406413673409,29.6915690802496,5.29720352392352,11.8476472031982,7.8572482036932,10.9140185727235,11.2911135486811,16.9085866494832,0,14.6747342326925,20.3320861341046,15.2116725816622,11.1222789340606,15.5020483457686,12.5789877651777
"AAD021_008906",0,6.98254157862968,4.4987225879166,0,5.9238236015991,2.24492805819806,4.18161631138833,2.75393013382466,6.34071999355621,0,1.46747342326925,3.5880152001361,3.57921707803817,3.50145818294501,5.5364458377745,0
"AAD021_008907",3.7745269021381,4.88777910504077,6.29821162308324,0,7.10858832191892,4.48985611639611,5.89607899905754,7.89459971696403,0,0,0,3.5880152001361,3.57921707803817,7.82678887952414,9.96560250799409,3.14474694129443
"AAD021_008909",0,3.49127078931484,2.69923355274996,0,4.73905888127928,2.24492805819806,3.0107637441996,4.31449054299197,6.34071999355621,0,1.46747342326925,1.19600506671203,2.68441280852863,3.91339443976207,4.98280125399704,0
"AAD021_008915",11.3235807064143,10.4738123679445,8.09770065824988,31.7832211435411,73.4554126598288,30.3065287856738,36.0873487672813,19.0939155945177,48.6121866172643,20.4262650888008,13.2072608094233,9.56804053369627,172.697224015342,17.095354657908,43.1842775346411,25.1579755303554
"AAD021_008939",3.7745269021381,2.0947624735889,0.89974451758332,0,20.1410002454369,22.4492805819806,8.53049727523219,8.26179040147398,29.5900266365956,0,8.80484053961553,4.78402026684813,4.47402134754771,5.76710759543884,3.87551208644215,0
"AAD021_008944",3.7745269021381,4.18952494717781,2.69923355274996,0,8.29335304223874,2.24492805819806,3.17802839665513,2.84572780495215,2.1135733311854,0,0,4.78402026684813,5.36882561705725,4.73726695339619,5.5364458377745,9.43424082388328
"AAD021_008946",7.54905380427619,20.2493705780261,34.1902916681662,15.8916105717705,73.4554126598288,59.4905935422485,74.7254834845094,13.6778529979958,44.3850399548935,10.2131325444004,36.6868355817314,21.5280912008166,10.7376512341145,20.184876584036,21.5921387673205,28.3027224716498
"AAD021_008951",3.7745269021381,3.49127078931484,5.39846710549992,10.594407047847,8.29335304223874,10.1021762618913,10.3704084522431,7.16021834794412,12.6814399871124,0,14.6747342326925,3.5880152001361,12.5272597731336,5.56113946703031,13.2874700106588,12.5789877651777
"AAD021_008962",7.54905380427619,6.28428742076671,5.39846710549992,0,4.73905888127928,3.36739208729708,3.38710921222455,10.9239228641712,8.45429332474161,0,2.93494684653851,5.98002533356017,10.7376512341145,12.7700239613289,9.96560250799409,3.14474694129443
"AAD021_008964",7.54905380427619,4.18952494717781,6.29821162308324,0,4.73905888127928,0,3.47074153845231,2.75393013382466,8.45429332474161,0,5.86989369307702,7.1760304002722,4.47402134754771,2.26564941249383,6.09009042155194,3.14474694129443
"AAD021_008965",7.54905380427619,6.98254157862968,4.4987225879166,0,3.55429416095946,6.73478417459417,4.55796177941328,1.28516739578484,0,0,2.93494684653851,0,0,8.2387251363412,2.76822291888725,3.14474694129443
"AAD021_008974",15.0981076085524,16.7580997887112,20.6941239044164,15.8916105717705,30.8038827283153,53.8782733967533,47.294080481802,24.6935735332945,25.3628799742248,40.8525301776015,27.8819950421158,25.1161064009527,14.3168683121527,23.2743985101639,37.0941871130891,6.28949388258885
"AAD021_008979",7.54905380427619,3.49127078931484,4.4987225879166,0,2.36952944063964,1.12246402909903,3.55437386468008,5.59965793877681,8.45429332474161,10.2131325444004,2.93494684653851,8.37203546698423,7.15843415607634,4.53129882498766,5.5364458377745,0
"AAD021_008980",11.3235807064143,2.79301663145187,4.4987225879166,0,7.10858832191892,5.61232014549514,4.0143516589328,3.58010917397206,2.1135733311854,10.2131325444004,2.93494684653851,4.78402026684813,5.36882561705725,5.56113946703031,4.4291566702196,0
"AAD021_008988",7.54905380427619,4.18952494717781,1.79948903516664,10.594407047847,3.55429416095946,7.8572482036932,22.580728081497,6.24224163666923,2.1135733311854,0,1.46747342326925,3.5880152001361,3.57921707803817,4.94323508180472,7.19737958910684,6.28949388258885
"AAD021_008991",7.54905380427619,4.18952494717781,3.59897807033328,5.29720352392352,0,3.36739208729708,4.59977794252716,4.0390975296095,6.34071999355621,0,7.33736711634627,1.19600506671203,3.57921707803817,4.32533069657913,2.76822291888725,6.28949388258885
"AAD021_008997",7.54905380427619,7.68079573649265,4.4987225879166,0,2.36952944063964,2.24492805819806,8.78139425391549,3.76370451622704,6.34071999355621,0,4.40242026980776,7.1760304002722,9.84284696460496,4.53129882498766,3.3218675026647,3.14474694129443
"AAD021_008998",3.7745269021381,3.49127078931484,4.4987225879166,0,4.73905888127928,3.36739208729708,17.5209723447171,3.85550218735453,2.1135733311854,0,1.46747342326925,2.39201013342407,7.15843415607634,3.29549005453648,4.98280125399704,6.28949388258885
"AAD021_009002",3.7745269021381,6.28428742076671,4.4987225879166,0,23.6952944063964,3.36739208729708,5.26883655234929,2.38673944931471,8.45429332474161,10.2131325444004,5.86989369307702,1.19600506671203,5.36882561705725,5.35517133862178,1.66093375133235,6.28949388258885
"AAD021_009014",3.7745269021381,1.39650831572594,1.79948903516664,0,8.29335304223874,2.24492805819806,6.64876993510744,4.0390975296095,0,10.2131325444004,1.46747342326925,2.39201013342407,9.84284696460496,4.1193625681706,2.76822291888725,0
"AAD021_009017",7.54905380427619,5.58603326290374,9.89718969341652,0,1.18476472031982,4.48985611639611,1.67264652455533,3.48831150284457,2.1135733311854,0,1.46747342326925,3.5880152001361,3.57921707803817,5.35517133862178,9.96560250799409,0
"AAD021_009019",11.3235807064143,10.4738123679445,0.89974451758332,0,1.18476472031982,0,0.0836323262277666,1.56056040916731,0,20.4262650888008,1.46747342326925,22.7240962675286,0.894804269509542,8.03275700793268,27.6822291888725,3.14474694129443
"AAD021_009021",173.628237498352,87.980023890734,98.9718969341652,74.1608493349292,23.6952944063964,15.7144964073864,21.4098755143082,86.9323945577318,31.703599967781,61.2787952664022,74.841144586732,121.992516804627,121.693380653298,61.9964066509676,91.3513563232792,106.92139600401
"AAD021_009022",0,21.645878893752,18.8946348692497,15.8916105717705,14.2171766438378,8.97971223279222,7.15056389247404,9.08796944162138,0,10.2131325444004,7.33736711634627,9.56804053369627,18.7908896597004,11.1222789340606,19.9312050159882,0
"AAD021_009028",22.6471614128286,4.88777910504077,6.29821162308324,10.594407047847,4.73905888127928,3.36739208729708,9.19955588505432,28.365480378394,10.567866655927,0,13.2072608094233,14.3520608005444,13.4220640426431,17.5072909147251,14.3947591782137,15.7237347064721
"AAD021_009034",11.3235807064143,38.4039786824632,31.4910581154162,63.5664422870822,42.6515299315135,102.144226648012,62.1806345503444,25.4279549023144,73.9750665914891,0,32.2844153119236,41.8601773349212,20.5804981987195,31.3071555180966,31.0040966915372,47.1712041194164
"AAD021_009035",3.7745269021381,8.37904989435561,3.59897807033328,0,3.55429416095946,4.48985611639611,6.52332144576579,4.49808588524695,0,20.4262650888008,4.40242026980776,2.39201013342407,17.8960853901908,5.56113946703031,2.76822291888725,0
"AAD021_009037",11.3235807064143,0.698254157862968,1.79948903516664,0,3.55429416095946,1.12246402909903,4.13980014827444,14.3204366958882,0,0,0,7.1760304002722,16.1064768511718,5.76710759543884,13.2874700106588,12.5789877651777
"AAD021_009039",3.7745269021381,8.37904989435561,17.9948903516664,5.29720352392352,16.5867060844775,8.97971223279222,7.77780633918229,22.3068340839798,10.567866655927,10.2131325444004,4.40242026980776,9.56804053369627,13.4220640426431,18.3311634283592,13.2874700106588,9.43424082388328
"AAD021_009050",26.4216883149667,80.9974823121043,64.781605265999,37.0804246674646,58.0534712956712,65.1029136877436,44.1578682482607,40.1155822827126,71.8614932603037,20.4262650888008,45.4916761213469,51.4282178686174,82.3219927948779,47.5786376623705,43.7379221184185,69.1844327084774
"AAD021_009051",60.3924304342096,0,1.79948903516664,5.29720352392352,10.6628824828784,5.61232014549514,20.5735522520306,81.7917249745924,6.34071999355621,20.4262650888008,16.1422076559618,40.6641722682091,75.1635586388015,19.3610040704018,15.5020483457686,103.776649062716
"AAD021_009056",0,6.28428742076671,0.89974451758332,0,3.55429416095946,0,5.93789516217143,5.87505095215928,0,10.2131325444004,7.33736711634627,7.1760304002722,8.05323842558588,7.62082075111561,7.19737958910684,3.14474694129443
"AAD021_009057",3.7745269021381,2.79301663145187,7.19795614066656,0,2.36952944063964,3.36739208729708,4.30706480072998,11.7501019043186,0,0,5.86989369307702,2.39201013342407,8.05323842558588,7.20888449429855,3.3218675026647,3.14474694129443
"AAD021_009061",0,4.18952494717781,1.79948903516664,0,3.55429416095946,3.36739208729708,4.43251329007163,3.58010917397206,2.1135733311854,0,4.40242026980776,3.5880152001361,5.36882561705725,4.1193625681706,1.1072891675549,0
"AAD021_009063",0,6.28428742076671,10.7969342109998,5.29720352392352,7.10858832191892,3.36739208729708,8.4886811121183,4.8652765697569,2.1135733311854,0,2.93494684653851,4.78402026684813,6.2636298865668,4.73726695339619,4.98280125399704,3.14474694129443
"AAD021_009074",0,4.18952494717781,2.69923355274996,0,11.8476472031982,14.5920323782874,6.02152748839919,4.8652765697569,8.45429332474161,0,7.33736711634627,4.78402026684813,4.47402134754771,4.1193625681706,4.98280125399704,12.5789877651777
"AAD021_009076",22.6471614128286,7.68079573649265,2.69923355274996,21.1888140956941,8.29335304223874,20.2043525237825,18.4409279332225,7.06842067681663,10.567866655927,0,5.86989369307702,8.37203546698423,6.2636298865668,7.62082075111561,7.75102417288429,6.28949388258885
"AAD021_009078",18.8726345106905,17.4563539465742,25.192846492333,5.29720352392352,7.10858832191892,13.4695683491883,13.2975398702149,40.6663683094775,2.1135733311854,0,14.6747342326925,16.7440709339685,14.3168683121527,30.0713467476454,11.072891675549,12.5789877651777
"AAD021_009079",7.54905380427619,6.98254157862968,7.19795614066656,0,3.55429416095946,0,1.7562788507831,3.58010917397206,0,0,1.46747342326925,2.39201013342407,2.68441280852863,4.73726695339619,1.66093375133235,6.28949388258885
"AAD021_009080",33.9707421192429,33.5161995774225,29.6915690802496,42.3776281913881,30.8038827283153,74.0826259205358,37.7599952918366,20.7462736748124,50.7257599484497,30.6393976332011,38.1543090050006,26.3121114676647,26.8441280852863,26.5698885647004,23.2530725186529,18.8684816477666
"AAD021_009086",15.0981076085524,15.3615914729853,17.9948903516664,5.29720352392352,30.8038827283153,26.9391366983767,23.8352129749135,5.59965793877681,23.2493066430394,0,14.6747342326925,17.9400760006805,7.15843415607634,12.9759920897374,13.8411145944362,3.14474694129443
"AAD021_009089",0,2.79301663145187,2.69923355274996,0,3.55429416095946,2.24492805819806,3.47074153845231,2.38673944931471,0,0,0,3.5880152001361,4.47402134754771,3.70742631135354,2.2145783351098,12.5789877651777
"AAD021_009091",11.3235807064143,13.2668289993964,8.9974451758332,15.8916105717705,4.73905888127928,6.73478417459417,5.68699818348813,13.8614483402508,4.2271466623708,20.4262650888008,7.33736711634627,7.1760304002722,12.5272597731336,19.5669721988104,7.75102417288429,9.43424082388328
"AAD021_009092",11.3235807064143,2.0947624735889,2.69923355274996,0,3.55429416095946,4.48985611639611,2.2580728081497,2.38673944931471,4.2271466623708,0,1.46747342326925,5.98002533356017,4.47402134754771,4.53129882498766,2.76822291888725,3.14474694129443
"AAD021_009095",3.7745269021381,15.3615914729853,9.89718969341652,0,9.47811776255856,14.5920323782874,7.15056389247404,8.62898108598394,8.45429332474161,0,16.1422076559618,4.78402026684813,8.05323842558588,6.38501198066443,2.2145783351098,3.14474694129443
"AAD021_009098",18.8726345106905,71.2219241020227,128.663466014415,42.3776281913881,53.3144124143919,52.7558093676543,37.634546802495,23.4084061375096,10.567866655927,10.2131325444004,33.7518887351929,14.3520608005444,11.632455503624,26.5698885647004,29.3431629402048,18.8684816477666
"AAD021_009099",7.54905380427619,11.1720665258075,13.4961677637498,5.29720352392352,3.55429416095946,3.36739208729708,2.7598667655163,6.70122999230668,6.34071999355621,0,1.46747342326925,9.56804053369627,10.7376512341145,5.56113946703031,7.75102417288429,0
"AAD021_009101",0,12.5685748415334,8.09770065824988,10.594407047847,4.73905888127928,10.1021762618913,7.23419621870181,5.96684862328677,16.9085866494832,0,2.93494684653851,3.5880152001361,4.47402134754771,6.1790438522559,3.3218675026647,3.14474694129443
"AAD021_009102",0,6.28428742076671,5.39846710549992,0,10.6628824828784,8.97971223279222,11.7085256718873,17.3497598430954,10.567866655927,0,5.86989369307702,5.98002533356017,13.4220640426431,17.9192271715421,11.072891675549,12.5789877651777
"AAD021_009108",3.7745269021381,6.28428742076671,2.69923355274996,5.29720352392352,3.55429416095946,5.61232014549514,5.26883655234929,5.6914556099043,4.2271466623708,10.2131325444004,1.46747342326925,9.56804053369627,6.2636298865668,5.56113946703031,2.76822291888725,0
"AAD021_009111",11.3235807064143,18.8528622623001,11.6966787285832,10.594407047847,9.47811776255856,8.97971223279222,11.4158125300901,11.1075182064261,10.567866655927,0,11.739787386154,15.5480658672564,9.84284696460496,10.504374548835,11.6265362593264,0
"AAD021_009114",0,8.37904989435561,4.4987225879166,0,1.18476472031982,5.61232014549514,2.13262431880805,3.2129184894621,2.1135733311854,0,1.46747342326925,1.19600506671203,0,3.08952192612795,1.66093375133235,12.5789877651777
"AAD021_009115",0,13.9650831572594,12.5964232461665,0,5.9238236015991,13.4695683491883,7.23419621870181,7.43561136132658,12.6814399871124,10.2131325444004,8.80484053961553,10.7640456004083,6.2636298865668,9.06259764997533,9.41195792421664,9.43424082388328
"AAD021_009116",7.54905380427619,6.28428742076671,3.59897807033328,0,9.47811776255856,8.97971223279222,6.77421842444909,7.98639738809152,4.2271466623708,0,5.86989369307702,5.98002533356017,16.1064768511718,6.59098010907296,3.87551208644215,6.28949388258885
"AAD021_009122",3.7745269021381,9.07730405221858,8.09770065824988,0,3.55429416095946,3.36739208729708,3.59619002779396,2.4785371204422,4.2271466623708,0,4.40242026980776,4.78402026684813,0.894804269509542,4.94323508180472,2.76822291888725,0
"AAD021_009123",11.3235807064143,13.2668289993964,12.5964232461665,5.29720352392352,1.18476472031982,13.4695683491883,7.48509319738511,7.25201601907161,8.45429332474161,10.2131325444004,10.2723139628848,11.9600506671203,10.7376512341145,6.59098010907296,9.96560250799409,0
"AAD021_009128",18.8726345106905,12.5685748415334,13.4961677637498,15.8916105717705,14.2171766438378,32.5514568438718,31.0275930305014,15.1466157360356,8.45429332474161,0,22.0121013490388,23.9201013342407,16.1064768511718,22.6564941249383,17.7166266808784,15.7237347064721
"AAD021_009129",7.54905380427619,11.8703206836705,20.6941239044164,10.594407047847,4.73905888127928,7.8572482036932,2.29988897126358,2.57033479156968,4.2271466623708,0,4.40242026980776,3.5880152001361,3.57921707803817,5.76710759543884,3.87551208644215,3.14474694129443
"AAD021_009131",7.54905380427619,1.39650831572594,6.29821162308324,0,5.9238236015991,21.3268165528815,3.97253549581891,2.93752547607964,6.34071999355621,0,2.93494684653851,1.19600506671203,3.57921707803817,8.44469326474973,9.41195792421664,3.14474694129443
"AAD021_009134",3.7745269021381,6.28428742076671,6.29821162308324,0,5.9238236015991,7.8572482036932,8.27960029654889,6.5176346500517,4.2271466623708,10.2131325444004,2.93494684653851,3.5880152001361,4.47402134754771,8.03275700793268,4.98280125399704,0
"AAD021_009139",7.54905380427619,4.88777910504077,0.89974451758332,5.29720352392352,3.55429416095946,7.8572482036932,11.3321802038624,7.06842067681663,2.1135733311854,0,4.40242026980776,4.78402026684813,0.894804269509542,8.44469326474973,4.98280125399704,6.28949388258885
"AAD021_009144",0,3.49127078931484,0.89974451758332,0,3.55429416095946,2.24492805819806,4.34888096384386,3.2129184894621,4.2271466623708,10.2131325444004,0,2.39201013342407,2.68441280852863,3.91339443976207,0,0
"AAD021_009145",7.54905380427619,11.8703206836705,8.9974451758332,10.594407047847,14.2171766438378,10.1021762618913,9.4922690268515,17.6251528564778,10.567866655927,0,8.80484053961553,7.1760304002722,21.475302468229,15.4476096306398,18.8239158484333,6.28949388258885
"AAD021_009147",0,4.88777910504077,4.4987225879166,0,2.36952944063964,0,3.67982235402173,6.70122999230668,2.1135733311854,0,1.46747342326925,9.56804053369627,2.68441280852863,12.5640558329203,3.3218675026647,0
"AAD021_009148",11.3235807064143,6.98254157862968,12.5964232461665,15.8916105717705,4.73905888127928,10.1021762618913,8.9904750694849,10.4649345085337,6.34071999355621,10.2131325444004,11.739787386154,20.3320861341046,16.1064768511718,15.0356733738227,16.055692929546,3.14474694129443
"AAD021_009150",0,4.18952494717781,5.39846710549992,0,0,4.48985611639611,2.29988897126358,3.67190684509955,2.1135733311854,0,4.40242026980776,4.78402026684813,3.57921707803817,3.50145818294501,4.98280125399704,0
"AAD021_009152",0,4.18952494717781,3.59897807033328,0,3.55429416095946,3.36739208729708,7.10874772936016,6.24224163666923,6.34071999355621,0,4.40242026980776,3.5880152001361,7.15843415607634,5.35517133862178,3.3218675026647,9.43424082388328
"AAD021_009160",11.3235807064143,10.4738123679445,17.0951458340831,5.29720352392352,4.73905888127928,3.36739208729708,6.02152748839919,11.7501019043186,4.2271466623708,0,2.93494684653851,1.19600506671203,8.05323842558588,4.32533069657913,7.19737958910684,25.1579755303554
"AAD021_009168",0,3.49127078931484,7.19795614066656,0,5.9238236015991,13.4695683491883,5.51973353103259,6.05864629441425,6.34071999355621,10.2131325444004,0,9.56804053369627,2.68441280852863,9.26856577838386,9.96560250799409,6.28949388258885
"AAD021_009170",0,5.58603326290374,7.19795614066656,0,2.36952944063964,2.24492805819806,3.59619002779396,8.26179040147398,2.1135733311854,10.2131325444004,4.40242026980776,3.5880152001361,5.36882561705725,6.59098010907296,6.09009042155194,6.28949388258885
"AAD021_009172",11.3235807064143,5.58603326290374,6.29821162308324,5.29720352392352,4.73905888127928,5.61232014549514,6.77421842444909,10.5567321796612,6.34071999355621,0,5.86989369307702,5.98002533356017,7.15843415607634,8.03275700793268,12.7338254268813,9.43424082388328
"AAD021_009177",11.3235807064143,1.39650831572594,3.59897807033328,0,5.9238236015991,14.5920323782874,9.61771751619315,8.1699927303465,12.6814399871124,10.2131325444004,16.1422076559618,4.78402026684813,3.57921707803817,8.2387251363412,18.2702712646558,6.28949388258885
"AAD021_009179",22.6471614128286,18.8528622623001,32.3908026329995,26.4860176196176,24.8800591267162,16.8369604364854,24.378823095394,36.627270779868,14.7950133182978,20.4262650888008,11.739787386154,14.3520608005444,36.6869750498912,29.6594104908283,26.5749400213176,25.1579755303554
"AAD021_009181",49.0688497277953,22.344133051615,13.4961677637498,58.2692387631587,17.7714708047973,25.8166726692776,57.6226727709312,26.0705386002068,16.9085866494832,10.2131325444004,20.5446279257696,23.9201013342407,37.5817793194008,15.0356733738227,13.8411145944362,25.1579755303554
"AAD021_009184",11.3235807064143,5.58603326290374,5.39846710549992,0,1.18476472031982,4.48985611639611,3.72163851713561,4.22269287186448,8.45429332474161,0,2.93494684653851,2.39201013342407,6.2636298865668,6.79694823748149,6.64373500532939,3.14474694129443
"AAD021_009185",18.8726345106905,6.98254157862968,2.69923355274996,21.1888140956941,17.7714708047973,8.97971223279222,11.0812832251791,38.0960335179078,21.135733311854,10.2131325444004,2.93494684653851,37.076157068073,91.2700354899733,17.7132590431336,21.0384941835431,31.4474694129443
"AAD021_009193",0,0.698254157862968,0,0,15.4019413641577,10.1021762618913,8.32141645966277,2.4785371204422,6.34071999355621,0,1.46747342326925,2.39201013342407,17.0012811206813,3.91339443976207,0.55364458377745,0
"AAD021_009198",22.6471614128286,9.77555821008155,1.79948903516664,31.7832211435411,0,1.12246402909903,0.167264652455533,18.0841412121153,0,0,5.86989369307702,2.39201013342407,3.57921707803817,7.62082075111561,5.5364458377745,3.14474694129443
"AAD021_009210",7.54905380427619,4.88777910504077,11.6966787285832,0,0,2.24492805819806,1.96535966635251,3.12112081833462,0,0,0,3.5880152001361,6.2636298865668,4.94323508180472,4.98280125399704,0
"AAD021_009211",0,4.18952494717781,3.59897807033328,5.29720352392352,5.9238236015991,10.1021762618913,4.34888096384386,3.48831150284457,4.2271466623708,0,11.739787386154,8.37203546698423,2.68441280852863,6.79694823748149,6.09009042155194,6.28949388258885
"AAD021_009212",7.54905380427619,11.8703206836705,7.19795614066656,0,13.032411923518,4.48985611639611,16.6010167562117,3.39651383171708,0,0,2.93494684653851,1.19600506671203,3.57921707803817,3.08952192612795,2.76822291888725,3.14474694129443
"AAD021_009213",94.3631725534524,30.0249287881076,47.686459431916,26.4860176196176,69.9011184988694,81.939874124229,102.198702650331,51.5902911736487,46.4986132860789,30.6393976332011,99.7881927823093,56.2122381354656,36.6869750498912,62.8202791646017,66.4373500532939,75.4739265910662
"AAD021_009215",11.3235807064143,26.5336579987928,8.9974451758332,15.8916105717705,10.6628824828784,15.7144964073864,11.123099388293,4.0390975296095,8.45429332474161,20.4262650888008,4.40242026980776,4.78402026684813,10.7376512341145,8.8566295215668,3.3218675026647,0
"AAD021_009217",0,6.28428742076671,7.19795614066656,15.8916105717705,8.29335304223874,11.2246402909903,14.3847601111758,5.87505095215928,4.2271466623708,10.2131325444004,10.2723139628848,10.7640456004083,6.2636298865668,8.8566295215668,8.30466875666174,3.14474694129443
"AAD021_009221",18.8726345106905,9.77555821008155,7.19795614066656,0,8.29335304223874,15.7144964073864,5.22702038923541,8.07819505921901,2.1135733311854,0,13.2072608094233,8.37203546698423,2.68441280852863,6.59098010907296,14.9484037619911,9.43424082388328
"AAD021_009225",0,6.28428742076671,2.69923355274996,0,0,0,1.08722024096097,5.32426492539434,0,0,0,4.78402026684813,13.4220640426431,5.14920321021325,1.1072891675549,6.28949388258885
"AAD021_009245",0,4.18952494717781,5.39846710549992,5.29720352392352,27.2495885673559,4.48985611639611,17.4373400184893,4.8652765697569,4.2271466623708,0,4.40242026980776,0,1.78960853901908,2.67758566931089,3.87551208644215,3.14474694129443
"AAD021_009251",18.8726345106905,11.1720665258075,16.1954013164998,37.0804246674646,15.4019413641577,16.8369604364854,11.9176064874567,14.1368413536333,4.2271466623708,10.2131325444004,14.6747342326925,15.5480658672564,12.5272597731336,20.184876584036,17.7166266808784,25.1579755303554
"AAD021_009252",3.7745269021381,0,1.79948903516664,0,11.8476472031982,13.4695683491883,12.0848711399123,4.68168122750192,14.7950133182978,0,1.46747342326925,9.56804053369627,1.78960853901908,4.53129882498766,3.3218675026647,0
"AAD021_009255",0,12.5685748415334,7.19795614066656,5.29720352392352,7.10858832191892,4.48985611639611,4.51614561629939,4.22269287186448,4.2271466623708,0,1.46747342326925,2.39201013342407,2.68441280852863,5.14920321021325,4.4291566702196,0
"AAD021_009256",22.6471614128286,28.6284204723817,13.4961677637498,79.4580528588527,5.9238236015991,3.36739208729708,3.17802839665513,21.0216666881949,0,10.2131325444004,10.2723139628848,9.56804053369627,24.1597152767576,7.20888449429855,18.2702712646558,59.7501918845941
"AAD021_009263",0,6.98254157862968,0.89974451758332,0,3.55429416095946,2.24492805819806,3.38710921222455,3.94729985848201,0,0,1.46747342326925,2.39201013342407,4.47402134754771,4.1193625681706,1.66093375133235,0
"AAD021_009274",11.3235807064143,13.9650831572594,11.6966787285832,10.594407047847,9.47811776255856,11.2246402909903,6.98329924001851,10.6485298507887,12.6814399871124,0,13.2072608094233,10.7640456004083,15.2116725816622,13.3879283465545,12.7338254268813,6.28949388258885
"AAD021_009281",0,0.698254157862968,0,0,10.6628824828784,3.36739208729708,4.09798398516056,6.15044396554174,4.2271466623708,0,2.93494684653851,1.19600506671203,4.47402134754771,4.32533069657913,7.19737958910684,22.013228589061
"AAD021_009283",15.0981076085524,4.88777910504077,8.9974451758332,5.29720352392352,15.4019413641577,19.0818884946835,14.1338631324925,17.9005458698603,14.7950133182978,10.2131325444004,20.5446279257696,20.3320861341046,8.05323842558588,19.7729403272189,19.9312050159882,37.7369632955331
"AAD021_009284",0,3.49127078931484,6.29821162308324,5.29720352392352,7.10858832191892,1.12246402909903,3.72163851713561,10.8321251930437,10.567866655927,0,4.40242026980776,9.56804053369627,4.47402134754771,5.97307572384737,5.5364458377745,9.43424082388328
"AAD021_009285",11.3235807064143,118.703206836705,64.781605265999,21.1888140956941,29.6191180079955,33.6739208729708,23.291602854433,9.7305531395138,33.8171732989664,20.4262650888008,19.0771545025003,27.5081165343768,33.1077579718531,18.3311634283592,15.5020483457686,15.7237347064721
"AAD021_009286",7.54905380427619,5.58603326290374,12.5964232461665,15.8916105717705,4.73905888127928,1.12246402909903,3.97253549581891,13.0352693001034,6.34071999355621,0,7.33736711634627,3.5880152001361,6.2636298865668,9.06259764997533,9.41195792421664,9.43424082388328
"AAD021_009288",18.8726345106905,18.1546081044372,15.2956567989164,5.29720352392352,14.2171766438378,13.4695683491883,30.0658212788821,18.5431295677527,8.45429332474161,20.4262650888008,20.5446279257696,10.7640456004083,21.475302468229,12.7700239613289,18.8239158484333,28.3027224716498
"AAD021_009296",3.7745269021381,6.28428742076671,1.79948903516664,5.29720352392352,2.36952944063964,0,3.05257990731348,3.12112081833462,0,0,1.46747342326925,2.39201013342407,0,4.1193625681706,2.76822291888725,3.14474694129443
"AAD021_009298",7.54905380427619,2.0947624735889,3.59897807033328,5.29720352392352,4.73905888127928,10.1021762618913,10.4958569415847,9.17976711274887,8.45429332474161,10.2131325444004,5.86989369307702,3.5880152001361,8.94804269509542,7.41485262270708,4.4291566702196,6.28949388258885
"AAD021_009302",52.8433766299334,14.6633373151223,14.3959122813331,31.7832211435411,4.73905888127928,7.8572482036932,10.0776953104459,26.3459316135893,10.567866655927,10.2131325444004,36.6868355817314,21.5280912008166,52.793451901063,11.7401833192862,12.7338254268813,62.8949388258885
"AAD021_009303",7.54905380427619,1.39650831572594,4.4987225879166,10.594407047847,23.6952944063964,8.97971223279222,18.0645824651976,13.4942576557408,16.9085866494832,0,5.86989369307702,14.3520608005444,8.94804269509542,3.08952192612795,6.09009042155194,12.5789877651777
"AAD021_009304",45.2943228256572,7.68079573649265,3.59897807033328,26.4860176196176,11.8476472031982,11.2246402909903,18.0645824651976,53.5180422673259,10.567866655927,10.2131325444004,20.5446279257696,5.98002533356017,38.4765835889103,8.03275700793268,4.4291566702196,28.3027224716498
"AAD021_009305",207.598979617595,27.9301663145187,3.59897807033328,259.562972672252,0,0,0.12544848934165,9.17976711274887,0,10.2131325444004,2.93494684653851,4.78402026684813,390.13466150616,1.44177689885971,3.3218675026647,56.6054449432997
"AAD021_009306",15.0981076085524,4.88777910504077,9.89718969341652,5.29720352392352,4.73905888127928,3.36739208729708,5.43610120480483,9.7305531395138,4.2271466623708,10.2131325444004,2.93494684653851,0,2.68441280852863,9.06259764997533,13.2874700106588,3.14474694129443
"AAD021_009307",3.7745269021381,7.68079573649265,2.69923355274996,5.29720352392352,2.36952944063964,4.48985611639611,4.22343247450221,3.76370451622704,2.1135733311854,0,5.86989369307702,4.78402026684813,0.894804269509542,4.94323508180472,2.2145783351098,3.14474694129443
"AAD021_009316",3.7745269021381,6.98254157862968,3.59897807033328,0,4.73905888127928,2.24492805819806,3.63800619090785,9.17976711274887,4.2271466623708,0,1.46747342326925,3.5880152001361,6.2636298865668,7.62082075111561,4.4291566702196,0
"AAD021_009320",3.7745269021381,5.58603326290374,2.69923355274996,5.29720352392352,5.9238236015991,3.36739208729708,5.89607899905754,2.75393013382466,12.6814399871124,0,2.93494684653851,4.78402026684813,1.78960853901908,4.1193625681706,1.66093375133235,3.14474694129443
"AAD021_009323",3.7745269021381,9.77555821008155,1.79948903516664,0,4.73905888127928,6.73478417459417,6.31424063019637,3.94729985848201,6.34071999355621,0,2.93494684653851,5.98002533356017,3.57921707803817,4.73726695339619,2.76822291888725,0
"AAD021_009325",7.54905380427619,10.4738123679445,19.794379386833,21.1888140956941,4.73905888127928,5.61232014549514,5.93789516217143,18.2677365543703,4.2271466623708,30.6393976332011,14.6747342326925,5.98002533356017,16.1064768511718,14.8297052454142,22.145783351098,9.43424082388328
"AAD021_009343",0,7.68079573649265,5.39846710549992,10.594407047847,3.55429416095946,1.12246402909903,2.17444048192193,3.12112081833462,0,0,0,3.5880152001361,2.68441280852863,2.88355379771942,1.1072891675549,0
"AAD021_009344",15.0981076085524,3.49127078931484,3.59897807033328,0,9.47811776255856,2.24492805819806,6.06334365151308,5.78325328103179,8.45429332474161,0,4.40242026980776,8.37203546698423,2.68441280852863,7.41485262270708,3.87551208644215,0
"AAD021_009355",7.54905380427619,18.1546081044372,46.7867149143326,15.8916105717705,49.7601182534324,43.7760971348621,47.294080481802,12.8516739578484,14.7950133182978,20.4262650888008,19.0771545025003,14.3520608005444,19.6856939292099,15.6535777590483,35.9868979455342,15.7237347064721
"AAD021_009378",7.54905380427619,4.18952494717781,2.69923355274996,5.29720352392352,8.29335304223874,2.24492805819806,2.84349909174406,13.2188646423584,0,0,8.80484053961553,15.5480658672564,5.36882561705725,14.00583273178,6.64373500532939,6.28949388258885
"AAD021_009385",0,9.77555821008155,4.4987225879166,5.29720352392352,4.73905888127928,3.36739208729708,2.09080815569416,3.58010917397206,0,0,1.46747342326925,3.5880152001361,5.36882561705725,4.94323508180472,2.76822291888725,6.28949388258885
"AAD021_009392",0,18.8528622623001,7.19795614066656,10.594407047847,17.7714708047973,4.48985611639611,10.9558347358374,17.3497598430954,10.567866655927,0,4.40242026980776,4.78402026684813,8.94804269509542,16.0655140158654,8.85831334043919,3.14474694129443
"AAD021_009402",18.8726345106905,2.79301663145187,0,5.29720352392352,0,0,5.81244667282978,8.35358807260147,0,10.2131325444004,1.46747342326925,2.39201013342407,23.2649110072481,10.092438292018,2.2145783351098,9.43424082388328
"AAD021_009406",0,0,0.89974451758332,0,0,3.36739208729708,2.09080815569416,5.87505095215928,2.1135733311854,0,44.0242026980776,4.78402026684813,12.5272597731336,5.14920321021325,13.2874700106588,18.8684816477666
"AAD021_009410",3.7745269021381,1.39650831572594,7.19795614066656,0,2.36952944063964,1.12246402909903,5.18520422612153,10.6485298507887,6.34071999355621,0,2.93494684653851,0,6.2636298865668,6.1790438522559,5.5364458377745,9.43424082388328
"AAD021_009412",3.7745269021381,2.79301663145187,3.59897807033328,0,29.6191180079955,22.4492805819806,29.3131303428322,40.2991776249675,12.6814399871124,10.2131325444004,4.40242026980776,14.3520608005444,5.36882561705725,13.1819602181459,19.3775604322107,75.4739265910662
"AAD021_009413",3.7745269021381,11.1720665258075,6.29821162308324,0,4.73905888127928,3.36739208729708,4.47432945318551,12.025494917701,2.1135733311854,10.2131325444004,8.80484053961553,8.37203546698423,1.78960853901908,5.76710759543884,11.072891675549,3.14474694129443
"AAD021_009416",0,4.18952494717781,3.59897807033328,0,3.55429416095946,2.24492805819806,3.42892537533843,5.14066958313937,2.1135733311854,0,0,2.39201013342407,3.57921707803817,7.41485262270708,1.66093375133235,0
"AAD021_009417",0,2.79301663145187,2.69923355274996,15.8916105717705,7.10858832191892,7.8572482036932,5.47791736791871,3.67190684509955,14.7950133182978,10.2131325444004,5.86989369307702,3.5880152001361,8.94804269509542,5.97307572384737,4.4291566702196,3.14474694129443
"AAD021_009418",7.54905380427619,1.39650831572594,2.69923355274996,5.29720352392352,2.36952944063964,4.48985611639611,1.88172734012475,27.9064920227566,6.34071999355621,10.2131325444004,13.2072608094233,14.3520608005444,29.5285408938149,21.8326216113042,22.6994279348754,12.5789877651777
"AAD021_009422",7.54905380427619,4.88777910504077,2.69923355274996,0,4.73905888127928,8.97971223279222,7.35964470804346,2.01954876480475,0,20.4262650888008,11.739787386154,1.19600506671203,5.36882561705725,13.593896474963,14.3947591782137,6.28949388258885
"AAD021_009427",7.54905380427619,6.28428742076671,5.39846710549992,5.29720352392352,7.10858832191892,4.48985611639611,5.43610120480483,17.3497598430954,2.1135733311854,10.2131325444004,8.80484053961553,7.1760304002722,8.05323842558588,6.79694823748149,4.98280125399704,9.43424082388328
"AAD021_009448",11.3235807064143,2.79301663145187,2.69923355274996,15.8916105717705,0,1.12246402909903,1.0035879147332,18.2677365543703,0,10.2131325444004,7.33736711634627,22.7240962675286,6.2636298865668,12.5640558329203,17.1629820971009,18.8684816477666
"AAD021_009451",18.8726345106905,17.4563539465742,15.2956567989164,5.29720352392352,2.36952944063964,3.36739208729708,6.02152748839919,15.8809971050555,4.2271466623708,0,8.80484053961553,7.1760304002722,9.84284696460496,9.26856577838386,16.6093375133235,6.28949388258885
"AAD021_009452",0,5.58603326290374,5.39846710549992,0,2.36952944063964,1.12246402909903,3.21984455976901,3.02932314720713,2.1135733311854,0,5.86989369307702,2.39201013342407,1.78960853901908,2.88355379771942,1.1072891675549,9.43424082388328
"AAD021_009457",3.7745269021381,18.1546081044372,15.2956567989164,5.29720352392352,4.73905888127928,5.61232014549514,9.28318821128209,5.96684862328677,8.45429332474161,10.2131325444004,10.2723139628848,9.56804053369627,8.94804269509542,10.2984064204265,8.85831334043919,9.43424082388328
"AAD021_009461",22.6471614128286,6.98254157862968,13.4961677637498,15.8916105717705,16.5867060844775,14.5920323782874,27.2641383502519,24.234585177657,14.7950133182978,10.2131325444004,17.6096810792311,7.1760304002722,19.6856939292099,18.3311634283592,28.7895183564274,9.43424082388328
"AAD021_004840",33.9707421192429,8.37904989435561,12.5964232461665,26.4860176196176,5.9238236015991,14.5920323782874,36.3800619090784,43.1449054299197,27.4764533054102,30.6393976332011,19.0771545025003,21.5280912008166,24.1597152767576,34.190709315816,29.3431629402048,31.4474694129443
"AAD021_004841",3.7745269021381,5.58603326290374,4.4987225879166,5.29720352392352,9.47811776255856,2.24492805819806,7.61054168672676,6.42583697892421,0,10.2131325444004,10.2723139628848,7.1760304002722,0.894804269509542,9.88647016360945,6.09009042155194,0
"AAD021_004877",3.7745269021381,34.2144537352854,18.8946348692497,5.29720352392352,0,2.24492805819806,5.43610120480483,7.43561136132658,10.567866655927,0,0,5.98002533356017,4.47402134754771,4.1193625681706,2.76822291888725,0
"AAD021_004878",26.4216883149667,34.2144537352854,34.1902916681662,21.1888140956941,34.3581768892748,79.694946066031,30.9439607042736,17.4415575142229,40.1578932925226,20.4262650888008,39.6217824282699,22.7240962675286,17.8960853901908,21.4206853544871,22.145783351098,15.7237347064721
"AAD021_004879",30.1962152171048,53.7655701554485,35.0900361857495,31.7832211435411,28.4343532876757,63.9804496586446,33.7038274697899,17.2579621719679,38.0443199613372,30.6393976332011,30.8169418886543,23.9201013342407,24.1597152767576,21.8326216113042,23.2530725186529,34.5922163542387
"AAD021_004883",0,3.49127078931484,0,0,8.29335304223874,0,4.22343247450221,5.6914556099043,0,0,0,2.39201013342407,1.78960853901908,4.32533069657913,0.55364458377745,0
"AAD021_004884",30.1962152171048,1.39650831572594,0.89974451758332,0,0,3.36739208729708,3.05257990731348,6.05864629441425,6.34071999355621,0,5.86989369307702,2.39201013342407,1.78960853901908,6.59098010907296,14.9484037619911,6.28949388258885
"AAD021_004906",18.8726345106905,4.88777910504077,5.39846710549992,0,2.36952944063964,0,1.79809501389698,11.7501019043186,2.1135733311854,0,4.40242026980776,5.98002533356017,1.78960853901908,5.35517133862178,4.4291566702196,3.14474694129443
"AAD021_004913",22.6471614128286,9.77555821008155,8.09770065824988,21.1888140956941,3.55429416095946,5.61232014549514,4.09798398516056,7.61920670358156,0,10.2131325444004,4.40242026980776,5.98002533356017,8.05323842558588,7.20888449429855,4.98280125399704,0
"AAD021_004914",0,4.88777910504077,6.29821162308324,0,3.55429416095946,2.24492805819806,4.30706480072998,12.392685602211,6.34071999355621,0,4.40242026980776,1.19600506671203,3.57921707803817,5.97307572384737,7.75102417288429,3.14474694129443
"AAD021_004921",0,1.39650831572594,0.89974451758332,0,22.5105296860766,17.9594244655844,30.442166746907,8.81257642823891,25.3628799742248,0,1.46747342326925,7.1760304002722,1.78960853901908,6.38501198066443,13.8411145944362,0
"AAD021_004923",7.54905380427619,4.18952494717781,4.4987225879166,0,2.36952944063964,7.8572482036932,5.47791736791871,3.12112081833462,4.2271466623708,0,0,7.1760304002722,0,9.88647016360945,6.09009042155194,3.14474694129443
"AAD021_004924",22.6471614128286,44.6882661032299,24.2931019747496,10.594407047847,40.2820004908739,17.9594244655844,78.6143866541006,19.2775109367726,8.45429332474161,20.4262650888008,27.8819950421158,40.6641722682091,17.0012811206813,40.9876575532975,93.0122900746115,22.013228589061
"AAD021_004937",11.3235807064143,0.698254157862968,3.59897807033328,15.8916105717705,4.73905888127928,12.3471043200893,6.56513760887967,9.36336245500385,8.45429332474161,0,5.86989369307702,8.37203546698423,2.68441280852863,6.79694823748149,5.5364458377745,9.43424082388328
"AAD021_004953",7.54905380427619,11.1720665258075,3.59897807033328,15.8916105717705,4.73905888127928,5.61232014549514,14.7192894160869,8.81257642823891,6.34071999355621,0,7.33736711634627,7.1760304002722,7.15843415607634,10.7103426772436,7.75102417288429,6.28949388258885
"AAD021_004957",0,62.1446200498041,120.565765356165,10.594407047847,29.6191180079955,33.6739208729708,29.4803949952877,10.6485298507887,50.7257599484497,0,26.4145216188466,7.1760304002722,35.7921707803817,4.73726695339619,3.87551208644215,6.28949388258885
"AAD021_004969",26.4216883149667,80.2992281542413,74.6787949594156,47.6748317153116,24.8800591267162,37.0413129602679,59.9225617421947,66.0943232117919,10.567866655927,10.2131325444004,35.2193621584621,38.2721621347851,51.8986476315534,55.8173627987117,56.4717475452998,25.1579755303554
"AAD021_004972",11.3235807064143,1.39650831572594,2.69923355274996,5.29720352392352,13.032411923518,7.8572482036932,7.77780633918229,3.85550218735453,2.1135733311854,0,5.86989369307702,11.9600506671203,6.2636298865668,6.1790438522559,4.98280125399704,3.14474694129443
"AAD021_004986",0,0,0,0,1.18476472031982,15.7144964073864,2.04899199258028,2.75393013382466,10.567866655927,0,4.40242026980776,2.39201013342407,0,4.73726695339619,1.1072891675549,0
"AAD021_005018",15.0981076085524,11.8703206836705,17.0951458340831,21.1888140956941,21.3257649657568,17.9594244655844,32.240261760804,34.8831150284457,14.7950133182978,10.2131325444004,23.4795747723081,21.5280912008166,20.5804981987195,39.5458806544378,28.2358737726499,22.013228589061
"AAD021_005020",18.8726345106905,13.9650831572594,21.5938684219997,26.4860176196176,60.4230007363108,50.5108813094563,29.8567404633127,11.7501019043186,16.9085866494832,10.2131325444004,14.6747342326925,29.9001266678008,25.0545195462672,18.9490678135848,22.6994279348754,15.7237347064721
"AAD021_005024",15.0981076085524,13.2668289993964,12.5964232461665,10.594407047847,11.8476472031982,8.97971223279222,14.1756792956064,13.6778529979958,4.2271466623708,0,7.33736711634627,15.5480658672564,9.84284696460496,16.4774502726824,16.6093375133235,25.1579755303554
"AAD021_005044",0,3.49127078931484,2.69923355274996,0,2.36952944063964,0,3.17802839665513,7.43561136132658,4.2271466623708,0,5.86989369307702,7.1760304002722,2.68441280852863,5.76710759543884,7.19737958910684,6.28949388258885
"AAD021_005045",11.3235807064143,6.28428742076671,7.19795614066656,5.29720352392352,3.55429416095946,8.97971223279222,8.94865890637102,9.54695779725883,10.567866655927,0,2.93494684653851,7.1760304002722,9.84284696460496,13.1819602181459,4.98280125399704,3.14474694129443
"AAD021_005047",0,2.0947624735889,3.59897807033328,0,16.5867060844775,8.97971223279222,17.6046046709449,5.78325328103179,4.2271466623708,10.2131325444004,2.93494684653851,0,1.78960853901908,3.70742631135354,4.98280125399704,0
"AAD021_005054",3.7745269021381,6.28428742076671,2.69923355274996,5.29720352392352,7.10858832191892,4.48985611639611,2.67623443928853,3.67190684509955,0,10.2131325444004,1.46747342326925,1.19600506671203,2.68441280852863,4.73726695339619,2.2145783351098,3.14474694129443
"AAD021_005057",7.54905380427619,4.88777910504077,10.7969342109998,10.594407047847,7.10858832191892,10.1021762618913,6.94148307690462,8.9043740993664,4.2271466623708,0,5.86989369307702,4.78402026684813,11.632455503624,10.092438292018,5.5364458377745,6.28949388258885
"AAD021_005058",3.7745269021381,6.98254157862968,1.79948903516664,0,0,5.61232014549514,2.7598667655163,2.29494177818722,0,0,1.46747342326925,0,4.47402134754771,6.1790438522559,7.19737958910684,0
"AAD021_005060",22.6471614128286,19.5511164201631,41.3882478088327,5.29720352392352,26.064823847036,20.2043525237825,50.6811896940265,11.6583042331911,16.9085866494832,0,10.2723139628848,14.3520608005444,7.15843415607634,8.8566295215668,47.0597896210832,6.28949388258885
"AAD021_005062",0,7.68079573649265,8.09770065824988,0,4.73905888127928,5.61232014549514,2.88531525485795,3.67190684509955,2.1135733311854,0,5.86989369307702,2.39201013342407,1.78960853901908,5.56113946703031,4.4291566702196,0
"AAD021_005068",0,4.18952494717781,4.4987225879166,0,2.36952944063964,3.36739208729708,4.89249108432434,6.15044396554174,4.2271466623708,0,4.40242026980776,8.37203546698423,3.57921707803817,8.2387251363412,4.4291566702196,0
"AAD021_005078",26.4216883149667,14.6633373151223,13.4961677637498,21.1888140956941,10.6628824828784,28.0616007274757,18.273663280767,14.4122343670157,27.4764533054102,0,22.0121013490388,15.5480658672564,12.5272597731336,11.7401833192862,11.072891675549,25.1579755303554
"AAD021_005079",18.8726345106905,66.334144996982,53.9846710549992,37.0804246674646,17.7714708047973,49.3884172803572,21.3262431880805,18.0841412121153,33.8171732989664,40.8525301776015,32.2844153119236,38.2721621347851,17.8960853901908,25.5400479226577,30.4504521077597,15.7237347064721
"AAD021_005085",11.3235807064143,11.1720665258075,6.29821162308324,10.594407047847,15.4019413641577,11.2246402909903,29.2713141797183,19.8282969635376,6.34071999355621,0,10.2723139628848,14.3520608005444,10.7376512341145,11.5342151908777,13.2874700106588,22.013228589061
"AAD021_005088",52.8433766299334,61.4463658919412,78.2777730297488,31.7832211435411,66.3468243379099,98.7768345607145,53.6501372751122,27.1721106537367,92.9972265721577,20.4262650888008,33.7518887351929,33.4881418679369,30.4233451633244,31.3071555180966,27.6822291888725,47.1712041194164
"AAD021_005090",0,4.18952494717781,10.7969342109998,10.594407047847,0,2.24492805819806,3.5125577015662,5.78325328103179,8.45429332474161,0,2.93494684653851,2.39201013342407,3.57921707803817,3.29549005453648,1.66093375133235,9.43424082388328
"AAD021_005104",0,4.18952494717781,0.89974451758332,0,13.032411923518,13.4695683491883,15.6810611677062,2.38673944931471,8.45429332474161,0,4.40242026980776,2.39201013342407,4.47402134754771,2.26564941249383,3.87551208644215,3.14474694129443
"AAD021_005108",0,12.5685748415334,4.4987225879166,15.8916105717705,7.10858832191892,11.2246402909903,8.27960029654889,5.87505095215928,0,20.4262650888008,5.86989369307702,9.56804053369627,2.68441280852863,10.092438292018,3.87551208644215,0
"AAD021_005109",0,4.18952494717781,1.79948903516664,10.594407047847,2.36952944063964,3.36739208729708,5.60336585726036,4.68168122750192,2.1135733311854,0,7.33736711634627,2.39201013342407,4.47402134754771,7.00291636589002,7.75102417288429,3.14474694129443
"AAD021_005114",0,11.8703206836705,16.1954013164998,0,8.29335304223874,19.0818884946835,34.4147022427259,0.0917976711274887,2.1135733311854,0,1.46747342326925,0,0,0.20596812840853,0,0
"AAD021_005120",3.7745269021381,7.68079573649265,2.69923355274996,10.594407047847,2.36952944063964,3.36739208729708,4.2652486376161,2.20314410705973,2.1135733311854,0,1.46747342326925,0,9.84284696460496,3.70742631135354,4.4291566702196,3.14474694129443
"AAD021_005125",0,4.88777910504077,7.19795614066656,0,4.73905888127928,3.36739208729708,2.46715362371911,3.58010917397206,2.1135733311854,0,4.40242026980776,2.39201013342407,3.57921707803817,3.29549005453648,6.09009042155194,6.28949388258885
"AAD021_005127",0,9.07730405221858,40.4885032912494,5.29720352392352,15.4019413641577,14.5920323782874,5.01793957366599,1.92775109367726,2.1135733311854,0,1.46747342326925,1.19600506671203,0,3.29549005453648,5.5364458377745,0
"AAD021_005131",18.8726345106905,2.79301663145187,0.89974451758332,10.594407047847,16.5867060844775,16.8369604364854,14.342943948062,4.40628821411946,16.9085866494832,0,17.6096810792311,10.7640456004083,13.4220640426431,3.70742631135354,4.4291566702196,6.28949388258885
"AAD021_005134",101.912226357729,324.68818340628,220.437406807913,95.3496634306233,300.930238961234,159.389892132062,244.039127932623,141.368413536333,194.448746469057,153.196988166006,93.9182990892323,142.324602938732,264.862063774824,119.667482605356,136.75021219303,141.513612358249
"AAD021_005139",7.54905380427619,10.4738123679445,25.192846492333,15.8916105717705,26.064823847036,22.4492805819806,22.8316250601803,8.72077875711143,4.2271466623708,0,4.40242026980776,2.39201013342407,3.57921707803817,6.38501198066443,10.5192470917715,15.7237347064721
"AAD021_005140",0,2.79301663145187,7.19795614066656,0,8.29335304223874,3.36739208729708,4.72522643186881,3.02932314720713,0,0,4.40242026980776,4.78402026684813,7.15843415607634,4.94323508180472,3.3218675026647,9.43424082388328
"AAD021_005155",45.2943228256572,13.9650831572594,1.79948903516664,52.9720352392352,13.032411923518,7.8572482036932,31.529386987868,3.48831150284457,10.567866655927,0,26.4145216188466,38.2721621347851,4.47402134754771,23.4803666385724,24.9140062699852,31.4474694129443
"AAD021_005157",15.0981076085524,9.07730405221858,7.19795614066656,0,7.10858832191892,4.48985611639611,3.88890316959114,5.96684862328677,4.2271466623708,0,4.40242026980776,7.1760304002722,7.15843415607634,11.7401833192862,11.072891675549,0
"AAD021_005158",0,4.18952494717781,5.39846710549992,10.594407047847,4.73905888127928,5.61232014549514,4.22343247450221,4.0390975296095,6.34071999355621,0,1.46747342326925,5.98002533356017,3.57921707803817,4.53129882498766,3.87551208644215,3.14474694129443
"AAD021_005159",3.7745269021381,7.68079573649265,6.29821162308324,0,11.8476472031982,16.8369604364854,14.5102086005175,3.76370451622704,12.6814399871124,0,7.33736711634627,8.37203546698423,0.894804269509542,8.03275700793268,6.09009042155194,3.14474694129443
"AAD021_005160",11.3235807064143,4.88777910504077,8.9974451758332,0,9.47811776255856,33.6739208729708,19.695412826639,12.4844832733385,8.45429332474161,10.2131325444004,7.33736711634627,19.1360810673925,9.84284696460496,21.8326216113042,13.8411145944362,6.28949388258885
"AAD021_005163",45.2943228256572,47.4812827346818,33.2905471505828,10.594407047847,46.205824092473,74.0826259205358,44.3669490638302,28.4572780495215,50.7257599484497,10.2131325444004,26.4145216188466,31.0961317345129,34.8973665108721,25.9519841794748,18.2702712646558,31.4474694129443
"AAD021_005165",7.54905380427619,4.88777910504077,1.79948903516664,0,9.47811776255856,2.24492805819806,3.5125577015662,6.97662300568914,2.1135733311854,0,7.33736711634627,8.37203546698423,5.36882561705725,5.76710759543884,4.98280125399704,3.14474694129443
"AAD021_005168",52.8433766299334,75.4114490492005,21.5938684219997,111.241274002394,8.29335304223874,5.61232014549514,2.21625664503581,33.3225546192784,4.2271466623708,10.2131325444004,33.7518887351929,27.5081165343768,68.0051244827252,37.0742631135354,13.2874700106588,37.7369632955331
"AAD021_005170",0,4.18952494717781,6.29821162308324,5.29720352392352,3.55429416095946,2.24492805819806,4.0143516589328,3.67190684509955,4.2271466623708,0,2.93494684653851,4.78402026684813,1.78960853901908,1.44177689885971,2.2145783351098,3.14474694129443
"AAD021_005172",0,1.39650831572594,2.69923355274996,0,2.36952944063964,2.24492805819806,4.72522643186881,4.0390975296095,2.1135733311854,0,1.46747342326925,1.19600506671203,10.7376512341145,5.76710759543884,6.09009042155194,3.14474694129443
"AAD021_005179",0,20.2493705780261,18.8946348692497,0,7.10858832191892,10.1021762618913,4.2652486376161,6.79302766343416,4.2271466623708,0,4.40242026980776,7.1760304002722,5.36882561705725,8.8566295215668,8.30466875666174,9.43424082388328
"AAD021_005190",18.8726345106905,12.5685748415334,14.3959122813331,37.0804246674646,28.4343532876757,42.6536331057631,29.4803949952877,16.4317831318205,16.9085866494832,0,23.4795747723081,16.7440709339685,16.1064768511718,14.6237371170056,20.4848495997656,25.1579755303554
"AAD021_005194",11.3235807064143,27.9301663145187,18.8946348692497,21.1888140956941,16.5867060844775,21.3268165528815,14.4683924374036,19.8282969635376,10.567866655927,10.2131325444004,20.5446279257696,21.5280912008166,14.3168683121527,24.9221435374321,12.7338254268813,12.5789877651777
"AAD021_005195",18.8726345106905,16.7580997887112,18.8946348692497,10.594407047847,24.8800591267162,62.8579856295456,38.6381347172281,20.47088066143,27.4764533054102,30.6393976332011,22.0121013490388,29.9001266678008,8.05323842558588,29.0415061056027,22.6994279348754,18.8684816477666
"AAD021_005198",0,4.18952494717781,5.39846710549992,10.594407047847,1.18476472031982,15.7144964073864,4.72522643186881,2.20314410705973,2.1135733311854,0,0,3.5880152001361,0,5.35517133862178,3.3218675026647,0
"AAD021_005202",3.7745269021381,6.28428742076671,5.39846710549992,0,5.9238236015991,3.36739208729708,4.05616782204668,4.77347889862941,10.567866655927,0,5.86989369307702,3.5880152001361,7.15843415607634,2.67758566931089,4.98280125399704,9.43424082388328
"AAD021_005203",7.54905380427619,24.4388955252039,25.192846492333,21.1888140956941,13.032411923518,17.9594244655844,15.388348025909,26.1623362713343,12.6814399871124,10.2131325444004,22.0121013490388,7.1760304002722,26.8441280852863,19.9789084556274,16.6093375133235,12.5789877651777
"AAD021_005205",3.7745269021381,2.0947624735889,4.4987225879166,0,3.55429416095946,0,2.04899199258028,4.49808588524695,0,10.2131325444004,1.46747342326925,2.39201013342407,0.894804269509542,4.94323508180472,2.2145783351098,3.14474694129443
"AAD021_005233",0,4.88777910504077,2.69923355274996,10.594407047847,2.36952944063964,3.36739208729708,4.93430724743823,4.95707424088439,2.1135733311854,0,5.86989369307702,8.37203546698423,8.05323842558588,4.53129882498766,4.98280125399704,6.28949388258885
"AAD021_005235",7.54905380427619,2.0947624735889,0.89974451758332,15.8916105717705,127.954589794541,132.450755433685,873.246934307224,0,57.0664799420059,10.2131325444004,2.93494684653851,0,1.78960853901908,0.41193625681706,0.55364458377745,3.14474694129443
"AAD021_005241",11.3235807064143,2.0947624735889,4.4987225879166,0,4.73905888127928,2.24492805819806,4.0143516589328,6.24224163666923,4.2271466623708,0,5.86989369307702,2.39201013342407,5.36882561705725,7.00291636589002,3.87551208644215,0
"AAD021_005245",3.7745269021381,9.07730405221858,12.5964232461665,5.29720352392352,4.73905888127928,2.24492805819806,3.80527084336338,7.06842067681663,2.1135733311854,0,4.40242026980776,1.19600506671203,12.5272597731336,7.41485262270708,7.75102417288429,3.14474694129443
"AAD021_005248",3.7745269021381,20.2493705780261,18.8946348692497,0,11.8476472031982,22.4492805819806,7.35964470804346,19.8282969635376,4.2271466623708,20.4262650888008,22.0121013490388,16.7440709339685,7.15843415607634,25.7460160510663,33.7723196104244,25.1579755303554
"AAD021_005251",37.745269021381,11.8703206836705,6.29821162308324,68.8636458110057,1.18476472031982,11.2246402909903,9.82679833176257,14.6876273803982,6.34071999355621,0,16.1422076559618,14.3520608005444,26.8441280852863,18.9490678135848,14.9484037619911,62.8949388258885
"AAD021_005254",15.0981076085524,26.5336579987928,13.4961677637498,58.2692387631587,4.73905888127928,7.8572482036932,12.8375620759622,12.576280944466,0,10.2131325444004,11.739787386154,16.7440709339685,31.318149432834,29.0415061056027,31.0040966915372,40.8817102368275
"AAD021_005267",26.4216883149667,4.18952494717781,6.29821162308324,5.29720352392352,2.36952944063964,5.61232014549514,2.09080815569416,4.40628821411946,0,0,5.86989369307702,4.78402026684813,5.36882561705725,1.44177689885971,3.3218675026647,6.28949388258885
"AAD021_005269",0,4.18952494717781,0,0,1.18476472031982,2.24492805819806,2.13262431880805,4.77347889862941,2.1135733311854,0,1.46747342326925,7.1760304002722,8.05323842558588,3.29549005453648,0.55364458377745,0
"AAD021_005270",0,4.18952494717781,0.89974451758332,0,40.2820004908739,33.6739208729708,13.4229883595565,7.3438136901991,25.3628799742248,0,10.2723139628848,13.1560557338324,4.47402134754771,15.8595458874568,11.6265362593264,0
"AAD021_005271",60.3924304342096,8.37904989435561,16.1954013164998,42.3776281913881,7.10858832191892,17.9594244655844,15.8901419832756,49.5707424088439,10.567866655927,20.4262650888008,36.6868355817314,60.9962584023137,39.3713878584199,48.4025101760046,18.2702712646558,28.3027224716498
"AAD021_005273",0,2.79301663145187,4.4987225879166,0,16.5867060844775,7.8572482036932,12.4612166079372,2.66213246269717,4.2271466623708,0,2.93494684653851,1.19600506671203,0.894804269509542,5.97307572384737,2.76822291888725,6.28949388258885
"AAD021_005274",0,14.6633373151223,12.5964232461665,0,16.5867060844775,37.0413129602679,26.2187342724048,24.5099781910395,6.34071999355621,0,5.86989369307702,28.7041216010888,8.94804269509542,21.4206853544871,6.09009042155194,0
"AAD021_005278",7.54905380427619,6.28428742076671,11.6966787285832,15.8916105717705,9.47811776255856,23.5717446110796,20.071758294664,10.8321251930437,12.6814399871124,0,10.2723139628848,21.5280912008166,15.2116725816622,12.9759920897374,4.98280125399704,15.7237347064721
"AAD021_005281",3.7745269021381,4.18952494717781,1.79948903516664,5.29720352392352,9.47811776255856,4.48985611639611,5.93789516217143,10.4649345085337,6.34071999355621,0,8.80484053961553,7.1760304002722,11.632455503624,4.53129882498766,4.98280125399704,3.14474694129443
"AAD021_005289",3.7745269021381,5.58603326290374,8.9974451758332,15.8916105717705,3.55429416095946,11.2246402909903,6.73240226133521,19.7364992924101,4.2271466623708,10.2131325444004,5.86989369307702,9.56804053369627,9.84284696460496,21.6266534828957,14.9484037619911,9.43424082388328
"AAD021_005292",11.3235807064143,3.49127078931484,8.09770065824988,10.594407047847,15.4019413641577,37.0413129602679,30.3167182575654,10.9239228641712,19.0221599806686,20.4262650888008,13.2072608094233,10.7640456004083,4.47402134754771,16.0655140158654,9.41195792421664,3.14474694129443
"AAD021_005308",7.54905380427619,13.2668289993964,17.9948903516664,21.1888140956941,13.032411923518,5.61232014549514,9.4922690268515,17.9005458698603,8.45429332474161,10.2131325444004,7.33736711634627,14.3520608005444,10.7376512341145,13.593896474963,17.1629820971009,6.28949388258885
"AAD021_005317",3.7745269021381,6.28428742076671,0.89974451758332,5.29720352392352,5.9238236015991,2.24492805819806,4.80885875809658,4.13089520073699,0,10.2131325444004,1.46747342326925,5.98002533356017,2.68441280852863,5.35517133862178,3.87551208644215,3.14474694129443
"AAD021_005318",7.54905380427619,2.0947624735889,4.4987225879166,26.4860176196176,2.36952944063964,0,2.84349909174406,45.4398472081069,0,81.705060355203,14.6747342326925,10.7640456004083,45.6350177449866,10.2984064204265,17.1629820971009,12.5789877651777
"AAD021_005319",3.7745269021381,4.18952494717781,4.4987225879166,5.29720352392352,2.36952944063964,2.24492805819806,1.67264652455533,4.49808588524695,2.1135733311854,0,7.33736711634627,1.19600506671203,3.57921707803817,5.97307572384737,2.76822291888725,0
"AAD021_005332",3.7745269021381,4.88777910504077,1.79948903516664,0,1.18476472031982,4.48985611639611,2.04899199258028,3.2129184894621,0,0,0,2.39201013342407,3.57921707803817,4.94323508180472,3.3218675026647,0
"AAD021_005333",3.7745269021381,1.39650831572594,1.79948903516664,0,9.47811776255856,4.48985611639611,6.77421842444909,5.59965793877681,4.2271466623708,0,4.40242026980776,7.1760304002722,9.84284696460496,4.32533069657913,5.5364458377745,0
"AAD021_005334",3.7745269021381,18.1546081044372,6.29821162308324,5.29720352392352,14.2171766438378,5.61232014549514,7.61054168672676,5.59965793877681,14.7950133182978,0,0,7.1760304002722,8.94804269509542,7.20888449429855,8.30466875666174,6.28949388258885
"AAD021_005335",3.7745269021381,3.49127078931484,0,10.594407047847,1.18476472031982,8.97971223279222,5.01793957366599,7.80280204583654,6.34071999355621,0,2.93494684653851,4.78402026684813,7.15843415607634,5.56113946703031,3.87551208644215,0
"AAD021_005336",15.0981076085524,20.947624735889,10.7969342109998,10.594407047847,16.5867060844775,19.0818884946835,10.2867761260153,9.7305531395138,10.567866655927,20.4262650888008,11.739787386154,5.98002533356017,25.0545195462672,8.2387251363412,3.3218675026647,6.28949388258885
"AAD021_005344",15.0981076085524,0.698254157862968,1.79948903516664,26.4860176196176,11.8476472031982,11.2246402909903,18.3154794438809,12.1172925888285,14.7950133182978,10.2131325444004,11.739787386154,11.9600506671203,14.3168683121527,7.20888449429855,10.5192470917715,22.013228589061
"AAD021_005345",0,4.88777910504077,6.29821162308324,5.29720352392352,5.9238236015991,4.48985611639611,4.93430724743823,4.95707424088439,2.1135733311854,0,0,2.39201013342407,6.2636298865668,3.70742631135354,2.2145783351098,3.14474694129443
"AAD021_005348",3.7745269021381,11.8703206836705,6.29821162308324,0,3.55429416095946,0,2.38352129749135,2.75393013382466,0,0,11.739787386154,4.78402026684813,1.78960853901908,3.29549005453648,6.09009042155194,6.28949388258885
"AAD021_005356",11.3235807064143,6.28428742076671,4.4987225879166,21.1888140956941,4.73905888127928,2.24492805819806,5.56154969414648,9.54695779725883,2.1135733311854,0,1.46747342326925,5.98002533356017,3.57921707803817,10.2984064204265,3.3218675026647,6.28949388258885
"AAD021_005368",11.3235807064143,5.58603326290374,11.6966787285832,15.8916105717705,10.6628824828784,23.5717446110796,21.7025886561054,5.6914556099043,4.2271466623708,20.4262650888008,8.80484053961553,13.1560557338324,8.05323842558588,7.82678887952414,6.64373500532939,9.43424082388328
"AAD021_005375",0,2.0947624735889,3.59897807033328,5.29720352392352,5.9238236015991,10.1021762618913,5.77063050971589,5.04887191201188,6.34071999355621,0,5.86989369307702,7.1760304002722,3.57921707803817,4.73726695339619,2.76822291888725,22.013228589061
"AAD021_005415",0,0,0.89974451758332,21.1888140956941,1.18476472031982,0,2.92713141797183,3.76370451622704,0,0,2.93494684653851,1.19600506671203,2.68441280852863,7.62082075111561,2.2145783351098,3.14474694129443
"AAD021_005416",7.54905380427619,11.8703206836705,7.19795614066656,5.29720352392352,3.55429416095946,6.73478417459417,7.65235784984064,6.5176346500517,8.45429332474161,0,4.40242026980776,3.5880152001361,6.2636298865668,8.8566295215668,8.85831334043919,6.28949388258885
"AAD021_005449",41.5197959235191,26.5336579987928,35.9897807033328,74.1608493349292,46.205824092473,55.0007374258524,34.0801729378149,57.4653421258079,50.7257599484497,40.8525301776015,55.7639900842317,46.6441976017693,43.8454092059676,37.4861993703525,41.5233437833087,47.1712041194164
"AAD021_005469",11.3235807064143,9.07730405221858,5.39846710549992,10.594407047847,11.8476472031982,14.5920323782874,24.4206392585078,17.1661645008404,10.567866655927,0,2.93494684653851,7.1760304002722,21.475302468229,17.9192271715421,4.98280125399704,6.28949388258885
"AAD021_005548",0,9.07730405221858,4.4987225879166,0,15.4019413641577,12.3471043200893,10.5376731046986,6.70122999230668,10.567866655927,0,7.33736711634627,8.37203546698423,6.2636298865668,11.5342151908777,9.41195792421664,3.14474694129443
"AAD021_005556",0,8.37904989435561,1.79948903516664,0,5.9238236015991,5.61232014549514,5.68699818348813,2.75393013382466,8.45429332474161,0,2.93494684653851,0,0.894804269509542,7.00291636589002,1.66093375133235,3.14474694129443
"AAD021_005646",0,4.88777910504077,2.69923355274996,0,5.9238236015991,7.8572482036932,16.6010167562117,3.94729985848201,2.1135733311854,0,4.40242026980776,8.37203546698423,2.68441280852863,8.2387251363412,2.76822291888725,0
"AAD021_005647",7.54905380427619,9.07730405221858,1.79948903516664,5.29720352392352,18.9562355251171,23.5717446110796,47.0431835031187,12.392685602211,21.135733311854,10.2131325444004,7.33736711634627,22.7240962675286,10.7376512341145,20.596812840853,18.2702712646558,6.28949388258885
"AAD021_005650",0,9.07730405221858,17.0951458340831,0,3.55429416095946,4.48985611639611,2.80168292863018,0.917976711274887,0,0,0,1.19600506671203,9.84284696460496,3.29549005453648,2.76822291888725,3.14474694129443
"AAD021_006679",26.4216883149667,12.5685748415334,17.9948903516664,21.1888140956941,11.8476472031982,23.5717446110796,24.713352400305,28.181885036139,19.0221599806686,10.2131325444004,23.4795747723081,25.1161064009527,35.7921707803817,24.3042391522066,19.9312050159882,22.013228589061
"AAD021_006717",0,6.28428742076671,7.19795614066656,0,2.36952944063964,1.12246402909903,2.508969786833,8.62898108598394,6.34071999355621,0,1.46747342326925,2.39201013342407,5.36882561705725,7.62082075111561,1.1072891675549,6.28949388258885
"AAD021_006721",7.54905380427619,4.18952494717781,10.7969342109998,5.29720352392352,1.18476472031982,11.2246402909903,2.92713141797183,3.76370451622704,0,0,4.40242026980776,5.98002533356017,1.78960853901908,7.20888449429855,6.09009042155194,6.28949388258885
"AAD021_006722",3.7745269021381,65.635890839119,45.8869703967493,21.1888140956941,45.0210593721532,50.5108813094563,46.6250218719799,26.6213246269717,52.8393332796351,0,27.8819950421158,32.2921368012249,19.6856939292099,38.7220081408037,19.9312050159882,25.1579755303554
"AAD021_006726",3.7745269021381,11.8703206836705,5.39846710549992,0,4.73905888127928,11.2246402909903,6.18879214085473,4.40628821411946,2.1135733311854,0,4.40242026980776,7.1760304002722,8.05323842558588,4.73726695339619,2.76822291888725,3.14474694129443
"AAD021_006727",3.7745269021381,3.49127078931484,7.19795614066656,5.29720352392352,7.10858832191892,2.24492805819806,3.97253549581891,5.23246725426686,4.2271466623708,0,1.46747342326925,1.19600506671203,0,2.88355379771942,5.5364458377745,9.43424082388328
"AAD021_006729",11.3235807064143,9.07730405221858,4.4987225879166,5.29720352392352,7.10858832191892,2.24492805819806,3.47074153845231,2.01954876480475,2.1135733311854,0,4.40242026980776,2.39201013342407,8.05323842558588,5.97307572384737,1.66093375133235,3.14474694129443
"AAD021_006738",0,3.49127078931484,8.09770065824988,5.29720352392352,2.36952944063964,2.24492805819806,3.72163851713561,4.68168122750192,2.1135733311854,0,0,2.39201013342407,5.36882561705725,4.73726695339619,1.66093375133235,3.14474694129443
"AAD021_006742",15.0981076085524,9.07730405221858,9.89718969341652,5.29720352392352,0,6.73478417459417,9.03229123259879,8.35358807260147,4.2271466623708,0,2.93494684653851,9.56804053369627,8.94804269509542,9.47453390679239,6.64373500532939,9.43424082388328
"AAD021_006762",18.8726345106905,2.79301663145187,3.59897807033328,21.1888140956941,1.18476472031982,1.12246402909903,0.292713141797183,6.70122999230668,2.1135733311854,0,1.46747342326925,11.9600506671203,3.57921707803817,5.14920321021325,4.98280125399704,15.7237347064721
"AAD021_006763",3.7745269021381,11.8703206836705,2.69923355274996,0,7.10858832191892,4.48985611639611,9.03229123259879,11.9336972465735,0,0,2.93494684653851,5.98002533356017,4.47402134754771,20.184876584036,3.3218675026647,12.5789877651777
"AAD021_006765",7.54905380427619,3.49127078931484,1.79948903516664,0,1.18476472031982,2.24492805819806,3.93071933270503,3.85550218735453,2.1135733311854,10.2131325444004,2.93494684653851,3.5880152001361,1.78960853901908,4.32533069657913,1.66093375133235,6.28949388258885
"AAD021_006780",3.7745269021381,10.4738123679445,3.59897807033328,0,3.55429416095946,7.8572482036932,7.31782854492957,4.68168122750192,10.567866655927,0,2.93494684653851,5.98002533356017,10.7376512341145,4.32533069657913,4.98280125399704,0
"AAD021_006785",0,3.49127078931484,4.4987225879166,0,4.73905888127928,3.36739208729708,3.0107637441996,4.49808588524695,6.34071999355621,0,2.93494684653851,0,11.632455503624,7.41485262270708,3.3218675026647,0
"AAD021_006786",0,8.37904989435561,7.19795614066656,0,5.9238236015991,5.61232014549514,4.18161631138833,5.14066958313937,6.34071999355621,10.2131325444004,2.93494684653851,4.78402026684813,2.68441280852863,5.14920321021325,4.98280125399704,3.14474694129443
"AAD021_006788",0,9.77555821008155,9.89718969341652,5.29720352392352,5.9238236015991,5.61232014549514,5.56154969414648,7.25201601907161,8.45429332474161,0,5.86989369307702,2.39201013342407,2.68441280852863,7.00291636589002,9.41195792421664,0
"AAD021_006793",0,4.88777910504077,6.29821162308324,5.29720352392352,1.18476472031982,3.36739208729708,3.38710921222455,6.15044396554174,2.1135733311854,0,0,3.5880152001361,6.2636298865668,4.94323508180472,9.41195792421664,0
"AAD021_006798",7.54905380427619,6.98254157862968,5.39846710549992,5.29720352392352,8.29335304223874,8.97971223279222,18.3991117701086,6.88482533456165,10.567866655927,10.2131325444004,14.6747342326925,7.1760304002722,6.2636298865668,9.88647016360945,9.41195792421664,15.7237347064721
"AAD021_006799",0,4.88777910504077,7.19795614066656,0,3.55429416095946,1.12246402909903,6.56513760887967,2.4785371204422,0,0,0,1.19600506671203,1.78960853901908,1.23580877045118,2.76822291888725,0
"AAD021_006803",3.7745269021381,26.5336579987928,2.69923355274996,0,20.1410002454369,6.73478417459417,28.1422777756434,4.22269287186448,14.7950133182978,0,2.93494684653851,1.19600506671203,0,4.73726695339619,2.2145783351098,0
"AAD021_006804",26.4216883149667,64.239382523393,68.3805833363323,5.29720352392352,27.2495885673559,14.5920323782874,10.4540407784708,67.3794906075767,8.45429332474161,10.2131325444004,26.4145216188466,56.2122381354656,34.8973665108721,67.7635142464064,64.2227717181841,31.4474694129443
"AAD021_006805",3.7745269021381,38.4039786824632,18.8946348692497,0,10.6628824828784,13.4695683491883,17.9391339758559,7.25201601907161,21.135733311854,10.2131325444004,11.739787386154,14.3520608005444,8.05323842558588,10.7103426772436,7.19737958910684,9.43424082388328
"AAD021_006821",15.0981076085524,6.28428742076671,2.69923355274996,0,8.29335304223874,4.48985611639611,12.3775842817095,15.6974017628006,10.567866655927,0,16.1422076559618,17.9400760006805,17.0012811206813,12.5640558329203,11.6265362593264,0
"AAD021_006838",3.7745269021381,15.3615914729853,17.0951458340831,5.29720352392352,8.29335304223874,10.1021762618913,9.4922690268515,11.841899575446,14.7950133182978,10.2131325444004,11.739787386154,7.1760304002722,8.05323842558588,15.8595458874568,8.85831334043919,6.28949388258885
"AAD021_006871",0,2.0947624735889,0.89974451758332,5.29720352392352,3.55429416095946,3.36739208729708,3.84708700647726,2.29494177818722,0,0,0,3.5880152001361,0.894804269509542,3.70742631135354,4.98280125399704,18.8684816477666
"AAD021_006872",37.745269021381,67.0323991548449,57.5836491253325,47.6748317153116,45.0210593721532,76.3275539787339,83.5905100646527,32.9553639347684,112.019386552826,51.0656627220019,85.1134585496168,44.2521874683452,60.8466903266489,35.2205499578587,28.2358737726499,81.7634204736551
"AAD021_006892",3.7745269021381,6.28428742076671,15.2956567989164,15.8916105717705,4.73905888127928,5.61232014549514,13.2975398702149,14.1368413536333,6.34071999355621,0,8.80484053961553,8.37203546698423,10.7376512341145,7.00291636589002,7.19737958910684,6.28949388258885
"AAD021_006893",7.54905380427619,7.68079573649265,7.19795614066656,5.29720352392352,15.4019413641577,5.61232014549514,8.94865890637102,10.7403275219162,6.34071999355621,0,2.93494684653851,7.1760304002722,11.632455503624,6.79694823748149,3.87551208644215,9.43424082388328
"AAD021_006896",0,10.4738123679445,6.29821162308324,5.29720352392352,4.73905888127928,8.97971223279222,2.92713141797183,3.2129184894621,6.34071999355621,10.2131325444004,4.40242026980776,5.98002533356017,3.57921707803817,6.79694823748149,2.76822291888725,6.28949388258885
"AAD021_006900",22.6471614128286,9.07730405221858,8.09770065824988,21.1888140956941,8.29335304223874,8.97971223279222,7.44327703427122,12.1172925888285,0,0,5.86989369307702,10.7640456004083,9.84284696460496,10.2984064204265,5.5364458377745,25.1579755303554
"AAD021_006911",0,6.98254157862968,4.4987225879166,0,1.18476472031982,3.36739208729708,4.47432945318551,4.40628821411946,2.1135733311854,0,2.93494684653851,2.39201013342407,0,5.97307572384737,2.76822291888725,9.43424082388328
"AAD021_006916",3.7745269021381,0.698254157862968,6.29821162308324,0,10.6628824828784,8.97971223279222,7.56872552361287,3.39651383171708,8.45429332474161,0,4.40242026980776,7.1760304002722,6.2636298865668,6.1790438522559,4.98280125399704,3.14474694129443
"AAD021_006923",139.65749537911,9.77555821008155,18.8946348692497,47.6748317153116,42.6515299315135,80.81741009513,86.5594576457384,124.018653693237,88.7700799097869,20.4262650888008,39.6217824282699,43.0561824016332,63.5311031351775,45.5189563782852,64.7764163019616,147.803106240838
"AAD021_006926",7.54905380427619,9.07730405221858,4.4987225879166,31.7832211435411,3.55429416095946,1.12246402909903,0.418161631138833,8.44538574372896,0,0,8.80484053961553,1.19600506671203,7.15843415607634,1.44177689885971,3.87551208644215,12.5789877651777
"AAD021_006936",7.54905380427619,4.88777910504077,4.4987225879166,26.4860176196176,4.73905888127928,0,3.09439607042736,15.5138064205456,4.2271466623708,0,20.5446279257696,2.39201013342407,15.2116725816622,6.1790438522559,7.19737958910684,6.28949388258885
"AAD021_006938",11.3235807064143,11.1720665258075,8.9974451758332,0,1.18476472031982,5.61232014549514,6.85785075067686,7.25201601907161,6.34071999355621,10.2131325444004,11.739787386154,3.5880152001361,15.2116725816622,8.44469326474973,6.09009042155194,9.43424082388328
"AAD021_006956",3.7745269021381,1.39650831572594,5.39846710549992,10.594407047847,8.29335304223874,20.2043525237825,3.93071933270503,4.58988355637443,19.0221599806686,0,11.739787386154,8.37203546698423,1.78960853901908,3.29549005453648,4.4291566702196,15.7237347064721
"AAD021_006960",0,13.2668289993964,3.59897807033328,5.29720352392352,3.55429416095946,0,0.418161631138833,3.67190684509955,4.2271466623708,30.6393976332011,14.6747342326925,32.2921368012249,0.894804269509542,17.5072909147251,23.8067171024303,3.14474694129443
"AAD021_006966",7.54905380427619,6.98254157862968,5.39846710549992,5.29720352392352,3.55429416095946,2.24492805819806,2.17444048192193,1.92775109367726,2.1135733311854,10.2131325444004,10.2723139628848,2.39201013342407,9.84284696460496,2.47161754090236,2.2145783351098,0
"AAD021_006977",0,6.98254157862968,3.59897807033328,5.29720352392352,10.6628824828784,13.4695683491883,7.35964470804346,3.12112081833462,14.7950133182978,0,10.2723139628848,8.37203546698423,7.15843415607634,6.79694823748149,4.98280125399704,0
"AAD021_006988",22.6471614128286,36.3092162088743,32.3908026329995,5.29720352392352,14.2171766438378,7.8572482036932,7.86143866541006,10.3731368374062,14.7950133182978,20.4262650888008,4.40242026980776,9.56804053369627,17.8960853901908,11.1222789340606,6.09009042155194,12.5789877651777
"AAD021_007014",3.7745269021381,3.49127078931484,1.79948903516664,0,4.73905888127928,3.36739208729708,5.85426283594366,17.3497598430954,2.1135733311854,0,8.80484053961553,8.37203546698423,5.36882561705725,11.3282470624692,7.19737958910684,18.8684816477666
"AAD021_007061",7.54905380427619,7.68079573649265,5.39846710549992,0,3.55429416095946,4.48985611639611,3.55437386468008,8.44538574372896,8.45429332474161,0,2.93494684653851,3.5880152001361,7.15843415607634,9.47453390679239,6.64373500532939,6.28949388258885
"AAD021_007063",3.7745269021381,6.98254157862968,8.09770065824988,5.29720352392352,3.55429416095946,3.36739208729708,3.55437386468008,4.13089520073699,2.1135733311854,10.2131325444004,2.93494684653851,3.5880152001361,5.36882561705725,5.97307572384737,5.5364458377745,3.14474694129443
"AAD021_007074",7.54905380427619,3.49127078931484,0,5.29720352392352,2.36952944063964,6.73478417459417,4.85067492121046,3.58010917397206,6.34071999355621,0,4.40242026980776,5.98002533356017,3.57921707803817,5.14920321021325,6.64373500532939,0
"AAD021_007081",33.9707421192429,30.0249287881076,23.3933574571663,42.3776281913881,4.73905888127928,5.61232014549514,10.7885700833819,39.4729985848201,8.45429332474161,0,26.4145216188466,35.880152001361,32.2129537023435,12.5640558329203,23.2530725186529,34.5922163542387
"AAD021_007085",3.7745269021381,3.49127078931484,1.79948903516664,0,3.55429416095946,1.12246402909903,3.63800619090785,4.31449054299197,8.45429332474161,20.4262650888008,4.40242026980776,4.78402026684813,4.47402134754771,7.82678887952414,3.87551208644215,12.5789877651777
"AAD021_007088",0,0.698254157862968,2.69923355274996,5.29720352392352,0,4.48985611639611,3.88890316959114,6.5176346500517,6.34071999355621,0,2.93494684653851,7.1760304002722,8.05323842558588,5.14920321021325,7.19737958910684,37.7369632955331
"AAD021_007089",64.1669573363477,27.9301663145187,22.493612939583,90.0524599066998,3.55429416095946,3.36739208729708,8.40504878589054,50.3051237778638,6.34071999355621,10.2131325444004,17.6096810792311,74.1523141361461,20.5804981987195,47.9905739191875,58.6863258804096,50.3159510607108
"AAD021_007091",0,4.88777910504077,10.7969342109998,5.29720352392352,2.36952944063964,2.24492805819806,3.05257990731348,7.71100437470905,4.2271466623708,20.4262650888008,2.93494684653851,4.78402026684813,5.36882561705725,6.1790438522559,7.75102417288429,6.28949388258885
"AAD021_007093",15.0981076085524,6.98254157862968,7.19795614066656,10.594407047847,3.55429416095946,6.73478417459417,2.67623443928853,16.523580802948,2.1135733311854,0,2.93494684653851,15.5480658672564,17.0012811206813,16.4774502726824,11.072891675549,9.43424082388328
"AAD021_007099",15.0981076085524,18.8528622623001,26.0925910099163,15.8916105717705,16.5867060844775,4.48985611639611,9.78498216864869,25.8869432579518,6.34071999355621,10.2131325444004,14.6747342326925,4.78402026684813,19.6856939292099,21.0087490976701,16.055692929546,15.7237347064721
"AAD021_007103",11.3235807064143,9.77555821008155,8.09770065824988,5.29720352392352,9.47811776255856,5.61232014549514,9.11592355882656,9.7305531395138,4.2271466623708,0,5.86989369307702,3.5880152001361,6.2636298865668,9.06259764997533,6.64373500532939,6.28949388258885
"AAD021_007104",3.7745269021381,6.28428742076671,7.19795614066656,0,4.73905888127928,5.61232014549514,5.77063050971589,3.58010917397206,4.2271466623708,10.2131325444004,8.80484053961553,2.39201013342407,15.2116725816622,6.1790438522559,12.7338254268813,0
"AAD021_007105",3.7745269021381,3.49127078931484,1.79948903516664,0,3.55429416095946,5.61232014549514,2.96894758108571,4.77347889862941,2.1135733311854,0,7.33736711634627,2.39201013342407,1.78960853901908,4.53129882498766,3.3218675026647,3.14474694129443
"AAD021_007108",11.3235807064143,9.77555821008155,5.39846710549992,5.29720352392352,7.10858832191892,4.48985611639611,7.86143866541006,2.66213246269717,2.1135733311854,0,4.40242026980776,5.98002533356017,2.68441280852863,5.35517133862178,4.98280125399704,6.28949388258885
"AAD021_007111",33.9707421192429,7.68079573649265,5.39846710549992,5.29720352392352,1.18476472031982,1.12246402909903,1.12903640407485,5.04887191201188,0,0,0,16.7440709339685,14.3168683121527,8.65066139315826,60.9009042155194,18.8684816477666
"AAD021_007112",49.0688497277953,53.7655701554485,2.69923355274996,47.6748317153116,0,0,0.2508969786833,16.339985460693,0,10.2131325444004,0,56.2122381354656,110.060925149674,18.3311634283592,131.767410939033,59.7501918845941
"AAD021_007115",7.54905380427619,5.58603326290374,5.39846710549992,0,18.9562355251171,11.2246402909903,25.3824110101272,10.4649345085337,4.2271466623708,0,14.6747342326925,17.9400760006805,0,19.9789084556274,40.4160546157538,6.28949388258885
"AAD021_007117",3.7745269021381,10.4738123679445,4.4987225879166,5.29720352392352,9.47811776255856,13.4695683491883,42.9451995179581,3.12112081833462,4.2271466623708,10.2131325444004,2.93494684653851,0,3.57921707803817,2.88355379771942,2.76822291888725,0
"AAD021_007118",7.54905380427619,23.7406413673409,8.9974451758332,5.29720352392352,7.10858832191892,1.12246402909903,1.88172734012475,6.5176346500517,0,0,7.33736711634627,5.98002533356017,5.36882561705725,3.70742631135354,6.09009042155194,3.14474694129443
"AAD021_007120",0,4.18952494717781,4.4987225879166,0,1.18476472031982,3.36739208729708,2.55078594994688,3.67190684509955,2.1135733311854,0,4.40242026980776,5.98002533356017,0.894804269509542,3.50145818294501,2.76822291888725,6.28949388258885
"AAD021_007124",0,11.8703206836705,2.69923355274996,0,8.29335304223874,1.12246402909903,5.60336585726036,6.42583697892421,6.34071999355621,0,4.40242026980776,5.98002533356017,5.36882561705725,7.62082075111561,2.76822291888725,6.28949388258885
"AAD021_007126",0,9.77555821008155,5.39846710549992,5.29720352392352,5.9238236015991,10.1021762618913,11.5412610194318,8.53718341485645,0,10.2131325444004,4.40242026980776,3.5880152001361,5.36882561705725,7.62082075111561,3.3218675026647,6.28949388258885
"AAD021_007130",3.7745269021381,8.37904989435561,9.89718969341652,10.594407047847,4.73905888127928,6.73478417459417,5.72881434660201,6.97662300568914,4.2271466623708,0,8.80484053961553,14.3520608005444,4.47402134754771,8.65066139315826,4.4291566702196,0
"AAD021_007132",7.54905380427619,13.2668289993964,4.4987225879166,10.594407047847,20.1410002454369,23.5717446110796,25.3405948470133,7.98639738809152,8.45429332474161,10.2131325444004,10.2723139628848,11.9600506671203,5.36882561705725,11.3282470624692,10.5192470917715,15.7237347064721
"AAD021_007133",0,9.07730405221858,7.19795614066656,5.29720352392352,3.55429416095946,6.73478417459417,4.13980014827444,7.61920670358156,0,0,7.33736711634627,3.5880152001361,2.68441280852863,8.8566295215668,3.87551208644215,6.28949388258885
"AAD021_007138",0,5.58603326290374,8.9974451758332,5.29720352392352,4.73905888127928,11.2246402909903,10.7049377571541,11.9336972465735,8.45429332474161,0,5.86989369307702,5.98002533356017,13.4220640426431,18.1251952999507,11.6265362593264,15.7237347064721
"AAD021_007142",0,4.18952494717781,20.6941239044164,5.29720352392352,0,7.8572482036932,11.9594226505706,2.93752547607964,2.1135733311854,0,4.40242026980776,1.19600506671203,0.894804269509542,3.50145818294501,5.5364458377745,6.28949388258885
"AAD021_007143",181.177291302629,120.09971515243,6.29821162308324,180.1049198134,1.18476472031982,0,0.12544848934165,2.4785371204422,0,40.8525301776015,1.46747342326925,35.880152001361,61.7414945961584,5.76710759543884,13.2874700106588,75.4739265910662
"AAD021_007151",7.54905380427619,6.98254157862968,8.09770065824988,5.29720352392352,4.73905888127928,5.61232014549514,9.19955588505432,15.2384134071631,0,0,17.6096810792311,19.1360810673925,11.632455503624,14.00583273178,12.1801808431039,15.7237347064721
"AAD021_007164",15.0981076085524,0.698254157862968,0.89974451758332,5.29720352392352,1.18476472031982,1.12246402909903,6.23060830396861,6.70122999230668,4.2271466623708,0,5.86989369307702,4.78402026684813,5.36882561705725,6.38501198066443,4.98280125399704,6.28949388258885
"AAD021_007166",3.7745269021381,11.8703206836705,8.9974451758332,0,13.032411923518,7.8572482036932,5.18520422612153,5.41606259652183,8.45429332474161,10.2131325444004,2.93494684653851,5.98002533356017,1.78960853901908,8.44469326474973,3.3218675026647,0
"AAD021_007170",7.54905380427619,6.98254157862968,4.4987225879166,5.29720352392352,2.36952944063964,4.48985611639611,1.83991117701086,10.5567321796612,6.34071999355621,10.2131325444004,4.40242026980776,3.5880152001361,4.47402134754771,7.00291636589002,4.98280125399704,3.14474694129443
"AAD021_007172",11.3235807064143,9.07730405221858,13.4961677637498,5.29720352392352,3.55429416095946,4.48985611639611,5.01793957366599,10.9239228641712,2.1135733311854,0,5.86989369307702,5.98002533356017,4.47402134754771,10.2984064204265,2.2145783351098,6.28949388258885
"AAD021_007176",37.745269021381,25.8354038409298,63.8818607484157,26.4860176196176,54.4991771347117,47.1434892221592,35.9200841148257,14.8712227226532,21.135733311854,10.2131325444004,27.8819950421158,25.1161064009527,21.475302468229,27.187792949926,18.8239158484333,22.013228589061
"AAD021_007178",18.8726345106905,57.2568409447634,46.7867149143326,47.6748317153116,30.8038827283153,35.9188489311689,34.8746800369787,18.9103202522627,46.4986132860789,20.4262650888008,29.3494684653851,27.5081165343768,48.3194305535153,22.2445578681213,21.5921387673205,44.026457178122
"AAD021_007182",7.54905380427619,2.0947624735889,0,0,5.9238236015991,6.73478417459417,6.23060830396861,4.13089520073699,4.2271466623708,20.4262650888008,29.3494684653851,14.3520608005444,12.5272597731336,6.79694823748149,7.75102417288429,0
"AAD021_007183",11.3235807064143,10.4738123679445,3.59897807033328,15.8916105717705,4.73905888127928,10.1021762618913,6.14697597774084,4.77347889862941,10.567866655927,0,7.33736711634627,7.1760304002722,8.94804269509542,8.2387251363412,9.41195792421664,9.43424082388328
"AAD021_007186",0,6.28428742076671,4.4987225879166,0,4.73905888127928,3.36739208729708,2.88531525485795,3.2129184894621,4.2271466623708,10.2131325444004,2.93494684653851,2.39201013342407,4.47402134754771,4.53129882498766,1.66093375133235,3.14474694129443
"AAD021_007193",33.9707421192429,34.9127078931484,35.9897807033328,58.2692387631587,39.097235770554,102.144226648012,37.4672821500394,21.2052620304499,84.5429332474161,30.6393976332011,39.6217824282699,34.684146934649,20.5804981987195,27.187792949926,17.1629820971009,25.1579755303554
"AAD021_007194",7.54905380427619,8.37904989435561,1.79948903516664,0,1.18476472031982,3.36739208729708,2.67623443928853,6.5176346500517,2.1135733311854,10.2131325444004,0,2.39201013342407,1.78960853901908,6.1790438522559,3.3218675026647,0
"AAD021_007198",7.54905380427619,4.18952494717781,1.79948903516664,5.29720352392352,5.9238236015991,2.24492805819806,4.51614561629939,11.3829112198086,6.34071999355621,0,1.46747342326925,3.5880152001361,8.94804269509542,8.65066139315826,3.87551208644215,6.28949388258885
"AAD021_007199",0,4.88777910504077,6.29821162308324,10.594407047847,3.55429416095946,2.24492805819806,3.88890316959114,6.42583697892421,6.34071999355621,0,5.86989369307702,3.5880152001361,3.57921707803817,6.79694823748149,4.98280125399704,0
"AAD021_007202",3.7745269021381,4.18952494717781,8.09770065824988,10.594407047847,3.55429416095946,2.24492805819806,0.209080815569416,5.50786026764932,0,0,0,4.78402026684813,4.47402134754771,6.38501198066443,2.76822291888725,0
"AAD021_007204",7.54905380427619,9.77555821008155,10.7969342109998,0,10.6628824828784,14.5920323782874,7.98688715475171,17.4415575142229,6.34071999355621,10.2131325444004,2.93494684653851,13.1560557338324,5.36882561705725,16.6834184010909,23.2530725186529,18.8684816477666
"AAD021_007208",11.3235807064143,6.98254157862968,9.89718969341652,0,3.55429416095946,6.73478417459417,6.89966691379074,10.5567321796612,2.1135733311854,0,11.739787386154,20.3320861341046,8.94804269509542,12.3580877045118,12.7338254268813,18.8684816477666
"AAD021_007212",7.54905380427619,16.0598456308483,9.89718969341652,15.8916105717705,2.36952944063964,7.8572482036932,8.27960029654889,9.91414848176878,8.45429332474161,0,8.80484053961553,13.1560557338324,15.2116725816622,8.03275700793268,6.64373500532939,9.43424082388328
"AAD021_007215",15.0981076085524,6.28428742076671,11.6966787285832,15.8916105717705,21.3257649657568,20.2043525237825,15.0120025578841,8.26179040147398,19.0221599806686,10.2131325444004,7.33736711634627,11.9600506671203,7.15843415607634,14.2118008601886,10.5192470917715,3.14474694129443
"AAD021_007217",3.7745269021381,6.98254157862968,8.09770065824988,5.29720352392352,11.8476472031982,3.36739208729708,6.06334365151308,8.72077875711143,2.1135733311854,10.2131325444004,4.40242026980776,4.78402026684813,4.47402134754771,5.97307572384737,3.3218675026647,0
"AAD021_007232",7.54905380427619,2.79301663145187,10.7969342109998,10.594407047847,92.411648184946,24.6942086401786,48.2558522334213,3.85550218735453,12.6814399871124,0,13.2072608094233,16.7440709339685,4.47402134754771,19.7729403272189,13.2874700106588,12.5789877651777
"AAD021_007233",0,10.4738123679445,9.89718969341652,5.29720352392352,4.73905888127928,0,2.71805060240241,4.13089520073699,4.2271466623708,0,1.46747342326925,7.1760304002722,5.36882561705725,3.50145818294501,4.98280125399704,9.43424082388328
"AAD021_007234",7.54905380427619,4.18952494717781,1.79948903516664,5.29720352392352,2.36952944063964,2.24492805819806,1.7562788507831,4.13089520073699,4.2271466623708,0,4.40242026980776,3.5880152001361,7.15843415607634,2.88355379771942,6.64373500532939,15.7237347064721
"AAD021_007238",0,6.98254157862968,3.59897807033328,5.29720352392352,3.55429416095946,3.36739208729708,4.55796177941328,8.81257642823891,0,0,1.46747342326925,7.1760304002722,3.57921707803817,6.38501198066443,4.98280125399704,0
"AAD021_007243",7.54905380427619,4.18952494717781,6.29821162308324,10.594407047847,2.36952944063964,3.36739208729708,3.47074153845231,9.63875546838631,4.2271466623708,0,5.86989369307702,3.5880152001361,13.4220640426431,10.7103426772436,7.75102417288429,15.7237347064721
"AAD021_007244",45.2943228256572,8.37904989435561,9.89718969341652,15.8916105717705,8.29335304223874,15.7144964073864,8.36323262277666,8.99617177049389,10.567866655927,0,19.0771545025003,10.7640456004083,22.3701067377386,17.9192271715421,19.9312050159882,12.5789877651777
"AAD021_007245",3.7745269021381,4.18952494717781,9.89718969341652,5.29720352392352,11.8476472031982,15.7144964073864,10.9558347358374,6.5176346500517,4.2271466623708,0,8.80484053961553,9.56804053369627,1.78960853901908,8.65066139315826,6.64373500532939,9.43424082388328
"AAD021_007256",0,0.698254157862968,2.69923355274996,0,3.55429416095946,4.48985611639611,12.2103196292539,7.43561136132658,4.2271466623708,0,2.93494684653851,9.56804053369627,1.78960853901908,20.596812840853,25.4676508537627,0
"AAD021_007257",41.5197959235191,70.5236699441597,115.167298250665,10.594407047847,21.3257649657568,29.1840647565747,25.0478817052161,26.7131222980992,27.4764533054102,20.4262650888008,24.9470481955773,37.076157068073,42.950604936458,30.0713467476454,23.8067171024303,31.4474694129443
"AAD021_007258",3.7745269021381,10.4738123679445,8.9974451758332,0,2.36952944063964,1.12246402909903,2.0071758294664,3.39651383171708,0,10.2131325444004,1.46747342326925,1.19600506671203,5.36882561705725,3.08952192612795,0.55364458377745,3.14474694129443
"AAD021_007262",0,10.4738123679445,5.39846710549992,10.594407047847,10.6628824828784,5.61232014549514,10.1613276366736,12.8516739578484,4.2271466623708,0,8.80484053961553,4.78402026684813,14.3168683121527,8.03275700793268,13.8411145944362,6.28949388258885
"AAD021_007270",0,17.4563539465742,3.59897807033328,5.29720352392352,10.6628824828784,5.61232014549514,11.6248933456596,9.7305531395138,6.34071999355621,0,0,3.5880152001361,0,3.70742631135354,1.66093375133235,6.28949388258885
"AAD021_007271",7.54905380427619,3.49127078931484,2.69923355274996,0,3.55429416095946,3.36739208729708,5.56154969414648,5.50786026764932,4.2271466623708,0,4.40242026980776,5.98002533356017,5.36882561705725,6.59098010907296,5.5364458377745,0
"AAD021_007278",3.7745269021381,3.49127078931484,2.69923355274996,0,2.36952944063964,3.36739208729708,2.67623443928853,2.84572780495215,0,0,0,2.39201013342407,2.68441280852863,4.94323508180472,3.3218675026647,3.14474694129443
"AAD021_007283",7.54905380427619,4.88777910504077,5.39846710549992,5.29720352392352,16.5867060844775,5.61232014549514,6.06334365151308,7.43561136132658,6.34071999355621,10.2131325444004,8.80484053961553,2.39201013342407,18.7908896597004,8.44469326474973,8.30466875666174,0
"AAD021_007285",3.7745269021381,6.28428742076671,4.4987225879166,0,0,1.12246402909903,4.59977794252716,8.62898108598394,0,0,1.46747342326925,2.39201013342407,1.78960853901908,11.5342151908777,6.64373500532939,6.28949388258885
"AAD021_007296",3.7745269021381,56.5585867869004,49.4859484670826,10.594407047847,62.7925301769505,35.9188489311689,64.6477881740635,6.5176346500517,21.135733311854,10.2131325444004,13.2072608094233,0,3.57921707803817,5.56113946703031,6.09009042155194,0
"AAD021_007300",7.54905380427619,8.37904989435561,3.59897807033328,5.29720352392352,2.36952944063964,4.48985611639611,2.34170513437746,3.48831150284457,0,0,0,0,0.894804269509542,6.38501198066443,2.76822291888725,3.14474694129443
"AAD021_007305",3.7745269021381,2.79301663145187,1.79948903516664,10.594407047847,1.18476472031982,4.48985611639611,3.7634546802495,14.4122343670157,0,0,7.33736711634627,4.78402026684813,0.894804269509542,12.3580877045118,10.5192470917715,0
"AAD021_007308",11.3235807064143,9.77555821008155,7.19795614066656,0,11.8476472031982,11.2246402909903,8.69776192768772,12.209090259956,10.567866655927,0,8.80484053961553,9.56804053369627,5.36882561705725,17.3013227863165,8.30466875666174,6.28949388258885
"AAD021_007323",45.2943228256572,11.1720665258075,11.6966787285832,15.8916105717705,14.2171766438378,11.2246402909903,16.5592005930978,25.8869432579518,6.34071999355621,10.2131325444004,32.2844153119236,21.5280912008166,9.84284696460496,17.095354657908,32.1113858590921,31.4474694129443
"AAD021_007328",30.1962152171048,61.4463658919412,76.4782839945822,63.5664422870822,52.1296476940721,35.9188489311689,40.6453105466945,36.443675437613,63.4071999355621,30.6393976332011,36.6868355817314,49.0362077351934,37.5817793194008,77.4440162816073,42.0769883670862,31.4474694129443
"AAD021_007329",15.0981076085524,5.58603326290374,3.59897807033328,10.594407047847,5.9238236015991,6.73478417459417,4.55796177941328,6.42583697892421,12.6814399871124,20.4262650888008,7.33736711634627,5.98002533356017,7.15843415607634,5.35517133862178,6.64373500532939,9.43424082388328
"AAD021_007332",15.0981076085524,2.79301663145187,4.4987225879166,5.29720352392352,1.18476472031982,1.12246402909903,3.0107637441996,10.4649345085337,4.2271466623708,0,2.93494684653851,11.9600506671203,1.78960853901908,8.65066139315826,4.4291566702196,9.43424082388328
"AAD021_007334",7.54905380427619,9.07730405221858,3.59897807033328,0,3.55429416095946,7.8572482036932,8.82321041702937,9.7305531395138,6.34071999355621,0,4.40242026980776,1.19600506671203,4.47402134754771,11.3282470624692,4.98280125399704,6.28949388258885
"AAD021_007351",0,7.68079573649265,2.69923355274996,0,3.55429416095946,0,2.0071758294664,5.6914556099043,2.1135733311854,10.2131325444004,1.46747342326925,5.98002533356017,5.36882561705725,14.6237371170056,7.19737958910684,6.28949388258885
"AAD021_007352",7.54905380427619,6.98254157862968,7.19795614066656,0,22.5105296860766,7.8572482036932,22.0371179610165,6.70122999230668,8.45429332474161,0,7.33736711634627,1.19600506671203,2.68441280852863,3.50145818294501,9.41195792421664,0
"AAD021_007354",7.54905380427619,9.77555821008155,12.5964232461665,5.29720352392352,20.1410002454369,28.0616007274757,25.5078594994688,12.8516739578484,8.45429332474161,10.2131325444004,24.9470481955773,13.1560557338324,11.632455503624,18.1251952999507,12.7338254268813,6.28949388258885
"AAD021_007355",0,1.39650831572594,3.59897807033328,0,11.8476472031982,4.48985611639611,7.44327703427122,5.41606259652183,4.2271466623708,0,4.40242026980776,3.5880152001361,1.78960853901908,6.38501198066443,1.1072891675549,12.5789877651777
"AAD021_007361",33.9707421192429,89.3765322064599,75.5785394769989,26.4860176196176,23.6952944063964,60.6130575713475,27.8913807969601,18.9103202522627,57.0664799420059,20.4262650888008,38.1543090050006,32.2921368012249,26.8441280852863,28.4236017203772,14.3947591782137,44.026457178122
"AAD021_007368",3.7745269021381,11.8703206836705,7.19795614066656,5.29720352392352,4.73905888127928,5.61232014549514,9.65953367930704,7.71100437470905,2.1135733311854,0,0,13.1560557338324,6.2636298865668,14.2118008601886,11.6265362593264,15.7237347064721
"AAD021_007376",132.108441574833,451.072185979477,379.692186420161,90.0524599066998,233.398649903004,250.309478489083,138.327867580726,96.9383407106281,344.512452983221,142.983855621605,137.94250178731,156.676663739276,180.750462440928,95.7751797099665,110.175272171712,132.079371534366
"AAD021_007384",0,2.79301663145187,4.4987225879166,5.29720352392352,2.36952944063964,8.97971223279222,3.67982235402173,8.1699927303465,4.2271466623708,0,7.33736711634627,3.5880152001361,5.36882561705725,5.56113946703031,7.75102417288429,3.14474694129443
"AAD021_007387",0,2.79301663145187,4.4987225879166,0,2.36952944063964,3.36739208729708,16.8937298980088,2.11134643593224,4.2271466623708,0,2.93494684653851,1.19600506671203,0.894804269509542,3.70742631135354,3.3218675026647,0
"AAD021_007388",33.9707421192429,85.1870072592821,59.3831381604991,37.0804246674646,36.7277063299144,93.1645144152193,50.513925041571,30.7522198277087,57.0664799420059,20.4262650888008,45.4916761213469,43.0561824016332,34.8973665108721,33.3668368021819,27.6822291888725,40.8817102368275
"AAD021_007390",26.4216883149667,8.37904989435561,15.2956567989164,10.594407047847,15.4019413641577,11.2246402909903,15.8483258201618,40.758165980605,6.34071999355621,20.4262650888008,35.2193621584621,28.7041216010888,17.0012811206813,30.2773148760539,27.128584605095,28.3027224716498
"AAD021_007395",0,4.88777910504077,5.39846710549992,0,5.9238236015991,1.12246402909903,4.05616782204668,7.61920670358156,2.1135733311854,10.2131325444004,4.40242026980776,4.78402026684813,5.36882561705725,6.79694823748149,2.2145783351098,3.14474694129443
"AAD021_007399",15.0981076085524,3.49127078931484,12.5964232461665,5.29720352392352,11.8476472031982,10.1021762618913,34.1219891009288,5.6914556099043,6.34071999355621,0,5.86989369307702,4.78402026684813,10.7376512341145,5.76710759543884,3.87551208644215,12.5789877651777
"AAD021_007401",33.9707421192429,13.2668289993964,0,21.1888140956941,10.6628824828784,3.36739208729708,12.7957459128483,6.24224163666923,4.2271466623708,71.4919278108026,16.1422076559618,26.3121114676647,7.15843415607634,11.5342151908777,42.0769883670862,34.5922163542387
"AAD021_007406",22.6471614128286,20.2493705780261,8.9974451758332,0,10.6628824828784,28.0616007274757,6.56513760887967,8.62898108598394,16.9085866494832,10.2131325444004,27.8819950421158,22.7240962675286,5.36882561705725,12.1521195761033,28.2358737726499,12.5789877651777
"AAD021_007408",56.6179035320715,74.0149407334746,86.3754736879987,63.5664422870822,50.9448829737523,33.6739208729708,52.8138140128346,40.758165980605,40.1578932925226,40.8525301776015,41.0892558515391,37.076157068073,62.636298865668,37.8981356271695,38.7551208644215,62.8949388258885
"AAD021_007409",3.7745269021381,16.0598456308483,19.794379386833,15.8916105717705,18.9562355251171,11.2246402909903,11.0812832251791,7.06842067681663,19.0221599806686,0,11.739787386154,3.5880152001361,5.36882561705725,9.26856577838386,7.19737958910684,15.7237347064721
"AAD021_007415",3.7745269021381,31.4214371038336,33.2905471505828,5.29720352392352,22.5105296860766,10.1021762618913,25.08969786833,9.7305531395138,10.567866655927,0,13.2072608094233,10.7640456004083,14.3168683121527,24.3042391522066,19.9312050159882,3.14474694129443
"AAD021_007418",3.7745269021381,12.5685748415334,11.6966787285832,10.594407047847,2.36952944063964,5.61232014549514,2.96894758108571,23.5002038086371,2.1135733311854,0,13.2072608094233,4.78402026684813,3.57921707803817,3.50145818294501,2.76822291888725,12.5789877651777
"AAD021_007429",3.7745269021381,4.18952494717781,5.39846710549992,5.29720352392352,7.10858832191892,10.1021762618913,4.47432945318551,8.62898108598394,4.2271466623708,0,8.80484053961553,22.7240962675286,0.894804269509542,20.596812840853,9.41195792421664,6.28949388258885
"AAD021_007445",11.3235807064143,13.9650831572594,6.29821162308324,0,8.29335304223874,6.73478417459417,6.81603458756297,4.31449054299197,8.45429332474161,0,4.40242026980776,7.1760304002722,6.2636298865668,5.97307572384737,4.4291566702196,6.28949388258885
"AAD021_007446",7.54905380427619,4.18952494717781,8.09770065824988,5.29720352392352,4.73905888127928,4.48985611639611,8.36323262277666,3.48831150284457,14.7950133182978,0,4.40242026980776,10.7640456004083,1.78960853901908,7.41485262270708,6.64373500532939,12.5789877651777
"AAD021_007481",0,0,0,0,112.552648430383,79.694946066031,45.7050662834744,1.10157205352986,16.9085866494832,0,19.0771545025003,2.39201013342407,0,9.88647016360945,19.3775604322107,0
"AAD021_007495",0,4.18952494717781,4.4987225879166,5.29720352392352,0,3.36739208729708,1.17085256718873,4.49808588524695,0,0,1.46747342326925,1.19600506671203,0,3.70742631135354,1.1072891675549,0
"AAD021_007503",0,4.88777910504077,3.59897807033328,0,7.10858832191892,5.61232014549514,6.23060830396861,4.68168122750192,19.0221599806686,0,2.93494684653851,4.78402026684813,0.894804269509542,5.56113946703031,1.66093375133235,3.14474694129443
"AAD021_007524",0,4.88777910504077,3.59897807033328,5.29720352392352,3.55429416095946,1.12246402909903,4.39069712695774,4.13089520073699,0,0,1.46747342326925,3.5880152001361,0.894804269509542,3.91339443976207,2.2145783351098,0
"AAD021_007536",15.0981076085524,19.5511164201631,9.89718969341652,15.8916105717705,2.36952944063964,4.48985611639611,5.14338806300764,22.5822270973622,8.45429332474161,20.4262650888008,13.2072608094233,5.98002533356017,22.3701067377386,17.5072909147251,6.64373500532939,9.43424082388328
"AAD021_007555",52.8433766299334,9.07730405221858,3.59897807033328,47.6748317153116,11.8476472031982,11.2246402909903,17.8136854865143,38.3714265312903,6.34071999355621,10.2131325444004,33.7518887351929,39.4681672014971,34.0025622413626,23.4803666385724,26.5749400213176,53.4606980020053
"AAD021_007556",18.8726345106905,5.58603326290374,1.79948903516664,10.594407047847,2.36952944063964,3.36739208729708,5.10157189989376,8.99617177049389,12.6814399871124,0,7.33736711634627,8.37203546698423,0.894804269509542,8.44469326474973,13.2874700106588,3.14474694129443
"AAD021_005708",0,1.39650831572594,4.4987225879166,5.29720352392352,2.36952944063964,1.12246402909903,3.21984455976901,3.12112081833462,4.2271466623708,0,0,0,0,3.91339443976207,0.55364458377745,0
"AAD021_005742",7.54905380427619,9.07730405221858,3.59897807033328,0,3.55429416095946,5.61232014549514,3.5125577015662,2.38673944931471,10.567866655927,0,5.86989369307702,0,7.15843415607634,1.85371315567677,1.66093375133235,6.28949388258885
"AAD021_005750",3.7745269021381,4.18952494717781,4.4987225879166,0,7.10858832191892,1.12246402909903,3.0107637441996,3.02932314720713,0,0,0,1.19600506671203,0,2.88355379771942,1.1072891675549,0
"AAD021_005751",7.54905380427619,3.49127078931484,8.09770065824988,0,2.36952944063964,0,2.59260211306076,5.32426492539434,2.1135733311854,10.2131325444004,2.93494684653851,2.39201013342407,6.2636298865668,5.76710759543884,7.75102417288429,3.14474694129443
"AAD021_005757",3.7745269021381,4.18952494717781,4.4987225879166,15.8916105717705,2.36952944063964,0,1.37993338275815,2.93752547607964,0,0,2.93494684653851,3.5880152001361,3.57921707803817,5.35517133862178,7.75102417288429,0
"AAD021_005769",430.296066843743,67.0323991548449,62.0823717132491,275.454583244023,17.7714708047973,42.6536331057631,32.0311809452346,132.096848752456,29.5900266365956,194.049518343607,111.527980168463,224.848952541862,98.4284696460496,118.225705706496,146.162170117247,257.869249186143
"AAD021_005775",3.7745269021381,4.18952494717781,1.79948903516664,10.594407047847,1.18476472031982,2.24492805819806,1.88172734012475,5.59965793877681,0,0,1.46747342326925,2.39201013342407,6.2636298865668,5.14920321021325,0.55364458377745,0
"AAD021_005808",3.7745269021381,6.98254157862968,7.19795614066656,0,3.55429416095946,2.24492805819806,4.0143516589328,8.1699927303465,0,0,5.86989369307702,3.5880152001361,6.2636298865668,9.26856577838386,7.75102417288429,3.14474694129443
"AAD021_005820",7.54905380427619,10.4738123679445,3.59897807033328,0,17.7714708047973,6.73478417459417,10.4958569415847,6.70122999230668,6.34071999355621,0,0,5.98002533356017,4.47402134754771,6.1790438522559,4.98280125399704,6.28949388258885
"AAD021_005821",26.4216883149667,0.698254157862968,0.89974451758332,31.7832211435411,0,0,0,0.550786026764932,0,0,5.86989369307702,9.56804053369627,5.36882561705725,5.35517133862178,36.5405425293117,28.3027224716498
"AAD021_005827",15.0981076085524,6.28428742076671,10.7969342109998,26.4860176196176,16.5867060844775,28.0616007274757,13.8411499906954,6.05864629441425,14.7950133182978,0,19.0771545025003,11.9600506671203,9.84284696460496,5.14920321021325,6.09009042155194,25.1579755303554
"AAD021_005834",0,2.79301663145187,8.09770065824988,5.29720352392352,55.6839418550315,33.6739208729708,32.9093203706261,0.642583697892421,48.6121866172643,0,0,0,0.894804269509542,1.44177689885971,1.1072891675549,0
"AAD021_005860",0,4.88777910504077,1.79948903516664,5.29720352392352,1.18476472031982,2.24492805819806,4.93430724743823,5.96684862328677,4.2271466623708,10.2131325444004,4.40242026980776,5.98002533356017,4.47402134754771,10.7103426772436,7.75102417288429,0
"AAD021_005867",0,4.88777910504077,0.89974451758332,0,5.9238236015991,2.24492805819806,4.2652486376161,3.58010917397206,4.2271466623708,0,1.46747342326925,3.5880152001361,1.78960853901908,4.73726695339619,4.98280125399704,6.28949388258885
"AAD021_005869",18.8726345106905,11.1720665258075,32.3908026329995,52.9720352392352,17.7714708047973,19.0818884946835,13.966598480037,21.8478457283423,10.567866655927,30.6393976332011,29.3494684653851,17.9400760006805,13.4220640426431,19.5669721988104,27.128584605095,31.4474694129443
"AAD021_005872",7.54905380427619,5.58603326290374,4.4987225879166,0,10.6628824828784,1.12246402909903,9.32500437439597,2.84572780495215,4.2271466623708,10.2131325444004,2.93494684653851,0,6.2636298865668,3.29549005453648,2.2145783351098,0
"AAD021_005875",18.8726345106905,31.4214371038336,18.8946348692497,26.4860176196176,56.8687065753514,48.2659532512582,35.4182901574591,81.1491412767,40.1578932925226,10.2131325444004,19.0771545025003,33.4881418679369,39.3713878584199,71.0590043009429,42.6306329508636,34.5922163542387
"AAD021_005877",15.0981076085524,20.2493705780261,14.3959122813331,10.594407047847,21.3257649657568,24.6942086401786,25.2569625207855,7.3438136901991,16.9085866494832,10.2131325444004,17.6096810792311,17.9400760006805,7.15843415607634,16.6834184010909,12.1801808431039,15.7237347064721
"AAD021_005882",0,9.07730405221858,4.4987225879166,0,4.73905888127928,5.61232014549514,5.93789516217143,3.58010917397206,4.2271466623708,0,2.93494684653851,3.5880152001361,4.47402134754771,4.73726695339619,1.66093375133235,6.28949388258885
"AAD021_005883",7.54905380427619,2.0947624735889,2.69923355274996,5.29720352392352,1.18476472031982,2.24492805819806,2.96894758108571,8.99617177049389,2.1135733311854,10.2131325444004,5.86989369307702,4.78402026684813,10.7376512341145,5.35517133862178,9.96560250799409,3.14474694129443
"AAD021_005924",3.7745269021381,6.98254157862968,0.89974451758332,0,1.18476472031982,3.36739208729708,4.34888096384386,9.91414848176878,0,10.2131325444004,1.46747342326925,3.5880152001361,5.36882561705725,9.06259764997533,5.5364458377745,9.43424082388328
"AAD021_005928",15.0981076085524,2.0947624735889,2.69923355274996,5.29720352392352,3.55429416095946,5.61232014549514,4.47432945318551,10.8321251930437,6.34071999355621,0,7.33736711634627,11.9600506671203,6.2636298865668,5.76710759543884,7.19737958910684,9.43424082388328
"AAD021_005930",22.6471614128286,14.6633373151223,8.9974451758332,26.4860176196176,18.9562355251171,37.0413129602679,21.9116694716748,20.654476003685,23.2493066430394,0,48.4266229678854,37.076157068073,3.57921707803817,24.3042391522066,19.9312050159882,50.3159510607108
"AAD021_005932",3.7745269021381,4.18952494717781,4.4987225879166,0,8.29335304223874,4.48985611639611,4.89249108432434,4.68168122750192,2.1135733311854,10.2131325444004,4.40242026980776,1.19600506671203,6.2636298865668,6.59098010907296,5.5364458377745,3.14474694129443
"AAD021_005937",30.1962152171048,23.7406413673409,46.7867149143326,26.4860176196176,29.6191180079955,24.6942086401786,28.4768070805545,52.3246725426686,12.6814399871124,10.2131325444004,33.7518887351929,31.0961317345129,34.0025622413626,29.0415061056027,32.1113858590921,40.8817102368275
"AAD021_005949",7.54905380427619,9.77555821008155,10.7969342109998,10.594407047847,9.47811776255856,13.4695683491883,18.984538053703,10.0977438240238,14.7950133182978,0,10.2723139628848,11.9600506671203,19.6856939292099,15.4476096306398,8.85831334043919,12.5789877651777
"AAD021_005966",15.0981076085524,9.77555821008155,0,37.0804246674646,1.18476472031982,0,0.418161631138833,20.9298690170674,0,20.4262650888008,13.2072608094233,3.5880152001361,26.8441280852863,3.50145818294501,6.09009042155194,25.1579755303554
"AAD021_005967",7.54905380427619,24.4388955252039,32.3908026329995,15.8916105717705,2.36952944063964,2.24492805819806,0.501793957366599,4.95707424088439,2.1135733311854,10.2131325444004,1.46747342326925,1.19600506671203,29.5285408938149,1.23580877045118,3.87551208644215,0
"AAD021_005975",7.54905380427619,4.18952494717781,1.79948903516664,5.29720352392352,1.18476472031982,4.48985611639611,4.18161631138833,8.9043740993664,6.34071999355621,0,2.93494684653851,0,4.47402134754771,12.1521195761033,2.76822291888725,6.28949388258885
"AAD021_005977",0,3.49127078931484,2.69923355274996,5.29720352392352,8.29335304223874,3.36739208729708,6.31424063019637,4.31449054299197,8.45429332474161,0,2.93494684653851,2.39201013342407,6.2636298865668,5.97307572384737,3.3218675026647,0
"AAD021_006001",3.7745269021381,6.28428742076671,0.89974451758332,5.29720352392352,5.9238236015991,3.36739208729708,3.80527084336338,4.0390975296095,4.2271466623708,0,2.93494684653851,4.78402026684813,5.36882561705725,6.1790438522559,1.1072891675549,9.43424082388328
"AAD021_006002",15.0981076085524,20.2493705780261,6.29821162308324,10.594407047847,5.9238236015991,5.61232014549514,5.18520422612153,31.9455895523661,10.567866655927,10.2131325444004,2.93494684653851,9.56804053369627,7.15843415607634,24.3042391522066,19.9312050159882,22.013228589061
"AAD021_006003",3.7745269021381,4.88777910504077,2.69923355274996,0,1.18476472031982,2.24492805819806,3.38710921222455,6.70122999230668,2.1135733311854,0,5.86989369307702,4.78402026684813,4.47402134754771,7.20888449429855,2.76822291888725,0
"AAD021_006004",0,3.49127078931484,2.69923355274996,5.29720352392352,3.55429416095946,1.12246402909903,4.09798398516056,7.43561136132658,0,10.2131325444004,0,3.5880152001361,6.2636298865668,5.97307572384737,3.87551208644215,3.14474694129443
"AAD021_006009",0,6.98254157862968,11.6966787285832,10.594407047847,3.55429416095946,3.36739208729708,3.05257990731348,9.08796944162138,2.1135733311854,0,2.93494684653851,1.19600506671203,11.632455503624,9.68050203520091,8.30466875666174,6.28949388258885
"AAD021_006011",15.0981076085524,27.2319121566557,6.29821162308324,5.29720352392352,0,5.61232014549514,1.63083036144145,8.35358807260147,2.1135733311854,0,10.2723139628848,10.7640456004083,8.05323842558588,12.9759920897374,7.75102417288429,9.43424082388328
"AAD021_006023",0,10.4738123679445,13.4961677637498,0,26.064823847036,0,7.27601238181569,1.19336972465735,6.34071999355621,0,5.86989369307702,2.39201013342407,1.78960853901908,1.02984064204265,1.1072891675549,0
"AAD021_006028",7.54905380427619,20.947624735889,17.9948903516664,10.594407047847,16.5867060844775,25.8166726692776,21.8280371454471,10.3731368374062,16.9085866494832,10.2131325444004,20.5446279257696,20.3320861341046,14.3168683121527,19.7729403272189,18.2702712646558,6.28949388258885
"AAD021_006032",30.1962152171048,98.4538362586785,80.9770065824988,15.8916105717705,67.5315890582297,111.123938880804,50.1793957366599,30.7522198277087,84.5429332474161,61.2787952664022,46.9591495446161,44.2521874683452,36.6869750498912,43.2533069657913,23.2530725186529,25.1579755303554
"AAD021_006047",0,7.68079573649265,3.59897807033328,5.29720352392352,8.29335304223874,6.73478417459417,9.95224682110422,17.4415575142229,8.45429332474161,10.2131325444004,5.86989369307702,4.78402026684813,3.57921707803817,7.00291636589002,6.64373500532939,0
"AAD021_006053",0,7.68079573649265,8.9974451758332,0,30.8038827283153,6.73478417459417,8.32141645966277,6.60943232117919,2.1135733311854,10.2131325444004,17.6096810792311,11.9600506671203,1.78960853901908,13.7998646033715,22.145783351098,6.28949388258885
"AAD021_006055",15.0981076085524,10.4738123679445,13.4961677637498,15.8916105717705,7.10858832191892,15.7144964073864,12.3775842817095,16.339985460693,8.45429332474161,30.6393976332011,11.739787386154,10.7640456004083,25.9493238157767,6.1790438522559,18.8239158484333,34.5922163542387
"AAD021_006074",7.54905380427619,20.2493705780261,7.19795614066656,0,5.9238236015991,12.3471043200893,17.2700753660338,6.15044396554174,21.135733311854,0,11.739787386154,5.98002533356017,11.632455503624,6.38501198066443,1.66093375133235,0
"AAD021_006081",0,4.88777910504077,53.9846710549992,10.594407047847,3.55429416095946,4.48985611639611,5.72881434660201,5.14066958313937,0,0,10.2723139628848,3.5880152001361,3.57921707803817,6.1790438522559,7.75102417288429,0
"AAD021_006086",22.6471614128286,3.49127078931484,0,0,0,0,0,0,0,10.2131325444004,0,2.39201013342407,1.78960853901908,3.29549005453648,65.8837054695165,37.7369632955331
"AAD021_006091",3.7745269021381,0.698254157862968,3.59897807033328,0,33.173412168955,14.5920323782874,155.012516663165,1.74415575142229,35.9307466301518,10.2131325444004,4.40242026980776,2.39201013342407,2.68441280852863,2.67758566931089,4.98280125399704,9.43424082388328
"AAD021_006101",7.54905380427619,4.18952494717781,5.39846710549992,10.594407047847,5.9238236015991,5.61232014549514,4.2652486376161,13.3106623134859,6.34071999355621,0,13.2072608094233,5.98002533356017,6.2636298865668,9.26856577838386,9.41195792421664,9.43424082388328
"AAD021_006103",0,4.88777910504077,5.39846710549992,5.29720352392352,5.9238236015991,0,5.77063050971589,4.22269287186448,0,0,0,2.39201013342407,0.894804269509542,4.53129882498766,3.87551208644215,0
"AAD021_006104",3.7745269021381,0.698254157862968,5.39846710549992,0,0,5.61232014549514,0.794507099163782,4.13089520073699,0,0,1.46747342326925,5.98002533356017,10.7376512341145,3.91339443976207,4.4291566702196,0
"AAD021_006111",7.54905380427619,16.7580997887112,12.5964232461665,5.29720352392352,3.55429416095946,12.3471043200893,8.40504878589054,11.0157205352986,6.34071999355621,0,7.33736711634627,4.78402026684813,10.7376512341145,7.62082075111561,5.5364458377745,6.28949388258885
"AAD021_006113",0,6.98254157862968,4.4987225879166,0,3.55429416095946,7.8572482036932,5.43610120480483,2.66213246269717,0,0,0,2.39201013342407,4.47402134754771,2.26564941249383,1.1072891675549,15.7237347064721
"AAD021_006116",0,4.18952494717781,5.39846710549992,0,2.36952944063964,0,3.30347688599678,4.22269287186448,0,10.2131325444004,4.40242026980776,1.19600506671203,3.57921707803817,3.50145818294501,0,0
"AAD021_006130",3.7745269021381,1.39650831572594,4.4987225879166,0,3.55429416095946,2.24492805819806,2.34170513437746,2.20314410705973,0,0,5.86989369307702,0,5.36882561705725,5.97307572384737,4.4291566702196,0
"AAD021_006134",15.0981076085524,4.18952494717781,0.89974451758332,0,8.29335304223874,3.36739208729708,2.29988897126358,6.88482533456165,0,0,1.46747342326925,3.5880152001361,3.57921707803817,5.35517133862178,8.30466875666174,15.7237347064721
"AAD021_006136",7.54905380427619,4.88777910504077,0,0,2.36952944063964,5.61232014549514,4.51614561629939,6.88482533456165,4.2271466623708,0,1.46747342326925,7.1760304002722,1.78960853901908,13.7998646033715,7.19737958910684,3.14474694129443
"AAD021_006147",7.54905380427619,5.58603326290374,4.4987225879166,5.29720352392352,3.55429416095946,2.24492805819806,2.34170513437746,2.84572780495215,4.2271466623708,10.2131325444004,4.40242026980776,1.19600506671203,3.57921707803817,2.0596812840853,2.2145783351098,0
"AAD021_006150",3.7745269021381,2.0947624735889,0.89974451758332,0,4.73905888127928,4.48985611639611,2.38352129749135,4.68168122750192,0,10.2131325444004,0,1.19600506671203,8.05323842558588,4.73726695339619,4.98280125399704,3.14474694129443
"AAD021_006151",3.7745269021381,4.18952494717781,3.59897807033328,0,9.47811776255856,6.73478417459417,4.0143516589328,6.5176346500517,0,0,13.2072608094233,4.78402026684813,5.36882561705725,4.73726695339619,6.09009042155194,0
"AAD021_006158",0,6.28428742076671,0.89974451758332,0,5.9238236015991,4.48985611639611,3.38710921222455,2.93752547607964,4.2271466623708,0,2.93494684653851,1.19600506671203,3.57921707803817,4.53129882498766,5.5364458377745,3.14474694129443
"AAD021_006163",22.6471614128286,41.8952494717781,22.493612939583,15.8916105717705,2.36952944063964,5.61232014549514,16.8100975717811,6.70122999230668,4.2271466623708,10.2131325444004,11.739787386154,20.3320861341046,19.6856939292099,32.7489324169563,20.4848495997656,6.28949388258885
"AAD021_006164",11.3235807064143,11.1720665258075,4.4987225879166,15.8916105717705,9.47811776255856,32.5514568438718,5.64518202037424,13.5860553268683,21.135733311854,0,19.0771545025003,8.37203546698423,12.5272597731336,11.1222789340606,15.5020483457686,25.1579755303554
"AAD021_006168",7.54905380427619,7.68079573649265,12.5964232461665,10.594407047847,8.29335304223874,13.4695683491883,8.36323262277666,34.5159243439358,6.34071999355621,30.6393976332011,13.2072608094233,16.7440709339685,11.632455503624,26.7758566931089,18.8239158484333,9.43424082388328
"AAD021_006169",45.2943228256572,30.0249287881076,40.4885032912494,47.6748317153116,13.032411923518,20.2043525237825,62.8915093232805,16.4317831318205,40.1578932925226,30.6393976332011,7.33736711634627,86.1123648032664,3.57921707803817,34.8086137010416,26.0212954375401,62.8949388258885
"AAD021_006175",0,4.18952494717781,4.4987225879166,0,4.73905888127928,1.12246402909903,6.98329924001851,3.39651383171708,6.34071999355621,0,0,0,1.78960853901908,3.50145818294501,2.2145783351098,3.14474694129443
"AAD021_006177",0,3.49127078931484,16.1954013164998,0,21.3257649657568,8.97971223279222,19.1936188692724,5.50786026764932,19.0221599806686,0,10.2723139628848,9.56804053369627,0.894804269509542,15.6535777590483,10.5192470917715,9.43424082388328
"AAD021_006187",0,4.18952494717781,0.89974451758332,0,2.36952944063964,2.24492805819806,5.31065271546318,5.78325328103179,0,0,2.93494684653851,2.39201013342407,2.68441280852863,5.56113946703031,1.1072891675549,9.43424082388328
"AAD021_006188",0,5.58603326290374,0.89974451758332,10.594407047847,8.29335304223874,5.61232014549514,5.97971132528531,6.05864629441425,0,0,5.86989369307702,0,3.57921707803817,4.53129882498766,4.4291566702196,3.14474694129443
"AAD021_006204",3.7745269021381,5.58603326290374,9.89718969341652,5.29720352392352,3.55429416095946,2.24492805819806,4.51614561629939,8.62898108598394,2.1135733311854,0,5.86989369307702,0,5.36882561705725,5.97307572384737,10.5192470917715,6.28949388258885
"AAD021_006205",0,44.6882661032299,34.1902916681662,26.4860176196176,15.4019413641577,40.408705047565,20.1972067840056,19.2775109367726,16.9085866494832,10.2131325444004,23.4795747723081,10.7640456004083,53.6882561705725,22.6564941249383,28.7895183564274,18.8684816477666
"AAD021_006209",7.54905380427619,4.18952494717781,30.5913135978329,0,5.9238236015991,12.3471043200893,10.4958569415847,5.6914556099043,6.34071999355621,0,7.33736711634627,13.1560557338324,12.5272597731336,11.9461514476947,24.3603616862078,9.43424082388328
"AAD021_006215",3.7745269021381,9.77555821008155,8.9974451758332,0,2.36952944063964,3.36739208729708,7.98688715475171,11.4747088909361,6.34071999355621,0,7.33736711634627,15.5480658672564,16.1064768511718,10.504374548835,13.8411145944362,9.43424082388328
"AAD021_006239",7.54905380427619,5.58603326290374,2.69923355274996,10.594407047847,3.55429416095946,7.8572482036932,6.81603458756297,3.30471616058959,8.45429332474161,0,5.86989369307702,7.1760304002722,8.05323842558588,4.94323508180472,1.1072891675549,0
"AAD021_006249",3.7745269021381,6.28428742076671,6.29821162308324,0,4.73905888127928,3.36739208729708,4.89249108432434,6.88482533456165,8.45429332474161,0,4.40242026980776,1.19600506671203,2.68441280852863,6.38501198066443,3.87551208644215,0
"AAD021_006255",3.7745269021381,17.4563539465742,13.4961677637498,0,22.5105296860766,11.2246402909903,12.8375620759622,7.89459971696403,14.7950133182978,10.2131325444004,10.2723139628848,10.7640456004083,10.7376512341145,9.88647016360945,5.5364458377745,6.28949388258885
"AAD021_006261",3.7745269021381,1.39650831572594,8.9974451758332,0,4.73905888127928,4.48985611639611,4.34888096384386,9.82235081064129,0,0,7.33736711634627,2.39201013342407,2.68441280852863,8.44469326474973,5.5364458377745,3.14474694129443
"AAD021_006262",71.7160111406238,120.797969310293,116.067042768248,105.94407047847,98.335471786545,190.818884946835,78.112592696734,63.6157860913497,207.130186456169,102.131325444004,77.7760914332705,82.5243496031303,125.272597731336,60.7605978805164,83.6003321503949,94.3424082388328
"AAD021_006263",41.5197959235191,58.6533492604893,58.4833936429158,68.8636458110057,55.6839418550315,99.8992985898135,44.785110694969,34.9749126995732,95.1107999033431,91.9181928996034,45.4916761213469,35.880152001361,36.6869750498912,30.0713467476454,27.6822291888725,31.4474694129443
"AAD021_006265",18.8726345106905,6.98254157862968,2.69923355274996,10.594407047847,8.29335304223874,7.8572482036932,5.97971132528531,10.1895414951512,6.34071999355621,0,8.80484053961553,11.9600506671203,9.84284696460496,9.47453390679239,11.6265362593264,22.013228589061
"AAD021_006266",3.7745269021381,9.07730405221858,4.4987225879166,0,4.73905888127928,1.12246402909903,2.7598667655163,3.12112081833462,2.1135733311854,0,10.2723139628848,1.19600506671203,1.78960853901908,4.53129882498766,7.75102417288429,0
"AAD021_006270",15.0981076085524,4.18952494717781,3.59897807033328,0,7.10858832191892,1.12246402909903,5.14338806300764,5.87505095215928,4.2271466623708,0,4.40242026980776,2.39201013342407,11.632455503624,7.62082075111561,4.98280125399704,6.28949388258885
"AAD021_006278",0,6.98254157862968,5.39846710549992,5.29720352392352,2.36952944063964,1.12246402909903,1.7562788507831,11.2911135486811,0,0,1.46747342326925,7.1760304002722,4.47402134754771,5.14920321021325,0.55364458377745,6.28949388258885
"AAD021_006281",7.54905380427619,2.79301663145187,1.79948903516664,0,101.889765947505,34.7963849020699,71.1711096198293,3.30471616058959,40.1578932925226,0,7.33736711634627,4.78402026684813,0.894804269509542,10.7103426772436,4.98280125399704,0
"AAD021_006285",0,2.0947624735889,4.4987225879166,0,1.18476472031982,0,3.7634546802495,6.60943232117919,6.34071999355621,0,4.40242026980776,4.78402026684813,5.36882561705725,5.14920321021325,2.76822291888725,0
"AAD021_006290",0,6.28428742076671,1.79948903516664,0,3.55429416095946,1.12246402909903,2.04899199258028,3.30471616058959,0,0,0,1.19600506671203,0,6.79694823748149,4.4291566702196,0
"AAD021_006291",7.54905380427619,36.3092162088743,30.5913135978329,31.7832211435411,10.6628824828784,15.7144964073864,10.5376731046986,13.1270669712309,10.567866655927,10.2131325444004,24.9470481955773,17.9400760006805,22.3701067377386,21.4206853544871,18.2702712646558,9.43424082388328
"AAD021_006296",22.6471614128286,6.28428742076671,2.69923355274996,21.1888140956941,10.6628824828784,6.73478417459417,12.6702974235066,12.7598762867209,10.567866655927,10.2131325444004,17.6096810792311,15.5480658672564,10.7376512341145,12.1521195761033,17.1629820971009,18.8684816477666
"AAD021_006305",7.54905380427619,14.6633373151223,1.79948903516664,0,8.29335304223874,46.0210251930601,16.1410389619589,10.8321251930437,19.0221599806686,10.2131325444004,11.739787386154,27.5081165343768,2.68441280852863,24.098271023798,15.5020483457686,6.28949388258885
"AAD021_006307",0,11.8703206836705,8.9974451758332,0,9.47811776255856,5.61232014549514,2.96894758108571,5.96684862328677,2.1135733311854,0,5.86989369307702,1.19600506671203,5.36882561705725,6.38501198066443,3.87551208644215,0
"AAD021_006314",0,3.49127078931484,0.89974451758332,5.29720352392352,1.18476472031982,5.61232014549514,5.10157189989376,3.2129184894621,6.34071999355621,0,2.93494684653851,3.5880152001361,3.57921707803817,8.44469326474973,7.75102417288429,0
"AAD021_006315",11.3235807064143,2.0947624735889,0,0,2.36952944063964,2.24492805819806,7.06693156624627,3.67190684509955,0,0,4.40242026980776,9.56804053369627,8.94804269509542,3.50145818294501,2.2145783351098,0
"AAD021_006326",0,3.49127078931484,2.69923355274996,0,5.9238236015991,5.61232014549514,2.63441827617465,4.68168122750192,0,0,0,2.39201013342407,2.68441280852863,5.14920321021325,3.87551208644215,3.14474694129443
"AAD021_006339",0,5.58603326290374,4.4987225879166,0,3.55429416095946,1.12246402909903,1.92354350323863,4.13089520073699,0,0,5.86989369307702,5.98002533356017,7.15843415607634,4.1193625681706,3.87551208644215,0
"AAD021_006343",7.54905380427619,10.4738123679445,10.7969342109998,26.4860176196176,10.6628824828784,10.1021762618913,11.5412610194318,13.4024599846134,8.45429332474161,10.2131325444004,13.2072608094233,10.7640456004083,15.2116725816622,8.03275700793268,9.41195792421664,15.7237347064721
"AAD021_006345",7.54905380427619,4.18952494717781,4.4987225879166,15.8916105717705,4.73905888127928,6.73478417459417,5.31065271546318,13.8614483402508,2.1135733311854,0,1.46747342326925,2.39201013342407,6.2636298865668,8.2387251363412,4.98280125399704,3.14474694129443
"AAD021_006348",7.54905380427619,2.79301663145187,1.79948903516664,0,3.55429416095946,6.73478417459417,3.05257990731348,3.39651383171708,2.1135733311854,20.4262650888008,2.93494684653851,0,7.15843415607634,2.88355379771942,1.66093375133235,3.14474694129443
"AAD021_006352",22.6471614128286,23.0423872094779,37.7892697384994,26.4860176196176,43.8362946518333,38.163776989367,45.0778238367662,20.0118923057925,12.6814399871124,30.6393976332011,24.9470481955773,11.9600506671203,34.0025622413626,24.9221435374321,32.1113858590921,18.8684816477666
"AAD021_006354",0,6.98254157862968,2.69923355274996,5.29720352392352,4.73905888127928,3.36739208729708,2.63441827617465,3.58010917397206,2.1135733311854,0,2.93494684653851,5.98002533356017,2.68441280852863,5.76710759543884,2.2145783351098,3.14474694129443
"AAD021_006355",7.54905380427619,14.6633373151223,15.2956567989164,5.29720352392352,8.29335304223874,8.97971223279222,3.0107637441996,7.52740903245407,4.2271466623708,10.2131325444004,4.40242026980776,5.98002533356017,9.84284696460496,7.00291636589002,12.7338254268813,6.28949388258885
"AAD021_006356",3.7745269021381,9.07730405221858,8.09770065824988,5.29720352392352,7.10858832191892,3.36739208729708,4.30706480072998,14.5040320381432,8.45429332474161,0,1.46747342326925,5.98002533356017,10.7376512341145,9.47453390679239,5.5364458377745,0
"AAD021_006361",11.3235807064143,10.4738123679445,0,0,1.18476472031982,3.36739208729708,3.93071933270503,3.30471616058959,4.2271466623708,0,0,0,1.78960853901908,2.47161754090236,1.1072891675549,3.14474694129443
"AAD021_006362",49.0688497277953,52.3690618397226,82.7764956176654,95.3496634306233,47.3905888127928,85.3072662115261,29.1040495272628,21.3888573727049,61.2936266043767,30.6393976332011,41.0892558515391,28.7041216010888,35.7921707803817,23.686334766981,33.7723196104244,25.1579755303554
"AAD021_006363",7.54905380427619,11.8703206836705,6.29821162308324,15.8916105717705,3.55429416095946,10.1021762618913,9.19955588505432,10.5567321796612,4.2271466623708,0,16.1422076559618,3.5880152001361,10.7376512341145,10.2984064204265,6.09009042155194,9.43424082388328
"AAD021_006365",0,5.58603326290374,1.79948903516664,0,7.10858832191892,4.48985611639611,5.43610120480483,4.40628821411946,10.567866655927,0,5.86989369307702,3.5880152001361,8.05323842558588,7.41485262270708,4.4291566702196,0
"AAD021_006372",18.8726345106905,17.4563539465742,9.89718969341652,21.1888140956941,29.6191180079955,30.3065287856738,23.7933968117996,18.8185225811352,23.2493066430394,20.4262650888008,26.4145216188466,17.9400760006805,23.2649110072481,15.8595458874568,16.055692929546,31.4474694129443
"AAD021_006373",0,3.49127078931484,2.69923355274996,0,8.29335304223874,4.48985611639611,4.97612341055211,3.85550218735453,8.45429332474161,10.2131325444004,4.40242026980776,3.5880152001361,2.68441280852863,4.73726695339619,4.98280125399704,9.43424082388328
"AAD021_006379",3.7745269021381,1.39650831572594,4.4987225879166,15.8916105717705,4.73905888127928,5.61232014549514,2.34170513437746,1.92775109367726,0,0,1.46747342326925,3.5880152001361,0.894804269509542,3.91339443976207,2.76822291888725,0
"AAD021_006380",3.7745269021381,2.0947624735889,4.4987225879166,0,2.36952944063964,2.24492805819806,4.51614561629939,2.66213246269717,0,0,0,1.19600506671203,0,3.70742631135354,0.55364458377745,0
"AAD021_006387",3.7745269021381,4.18952494717781,3.59897807033328,0,4.73905888127928,3.36739208729708,5.47791736791871,5.6914556099043,2.1135733311854,0,4.40242026980776,4.78402026684813,2.68441280852863,4.94323508180472,3.3218675026647,0
"AAD021_006389",0,6.98254157862968,7.19795614066656,5.29720352392352,8.29335304223874,4.48985611639611,5.43610120480483,2.93752547607964,10.567866655927,0,1.46747342326925,5.98002533356017,4.47402134754771,2.47161754090236,5.5364458377745,12.5789877651777
"AAD021_006390",7.54905380427619,43.990011945367,24.2931019747496,5.29720352392352,14.2171766438378,31.4289928147728,12.5866650972789,8.35358807260147,25.3628799742248,0,10.2723139628848,16.7440709339685,14.3168683121527,8.2387251363412,7.19737958910684,18.8684816477666
"AAD021_006393",22.6471614128286,25.8354038409298,18.8946348692497,15.8916105717705,33.173412168955,62.8579856295456,54.0682989062511,18.1759388832428,31.703599967781,20.4262650888008,35.2193621584621,41.8601773349212,19.6856939292099,37.280231241944,32.6650304428695,18.8684816477666
"AAD021_006394",3.7745269021381,8.37904989435561,19.794379386833,5.29720352392352,9.47811776255856,14.5920323782874,6.27242446708249,7.25201601907161,12.6814399871124,10.2131325444004,7.33736711634627,7.1760304002722,8.94804269509542,12.1521195761033,9.96560250799409,0
"AAD021_006398",0,4.18952494717781,0,5.29720352392352,3.55429416095946,3.36739208729708,3.17802839665513,3.94729985848201,4.2271466623708,10.2131325444004,1.46747342326925,1.19600506671203,0.894804269509542,4.1193625681706,3.3218675026647,0
"AAD021_006399",3.7745269021381,10.4738123679445,8.9974451758332,0,4.73905888127928,7.8572482036932,3.80527084336338,15.3302110782906,12.6814399871124,10.2131325444004,7.33736711634627,4.78402026684813,4.47402134754771,12.7700239613289,12.1801808431039,12.5789877651777
"AAD021_006400",7.54905380427619,3.49127078931484,2.69923355274996,0,3.55429416095946,4.48985611639611,2.59260211306076,7.06842067681663,6.34071999355621,20.4262650888008,22.0121013490388,5.98002533356017,4.47402134754771,7.62082075111561,9.41195792421664,9.43424082388328
"AAD021_006401",15.0981076085524,22.344133051615,13.4961677637498,5.29720352392352,4.73905888127928,1.12246402909903,1.04540407784708,44.1546798123221,4.2271466623708,10.2131325444004,48.4266229678854,13.1560557338324,20.5804981987195,24.098271023798,43.1842775346411,3.14474694129443
"AAD021_006402",11.3235807064143,7.68079573649265,6.29821162308324,0,9.47811776255856,12.3471043200893,11.3321802038624,6.79302766343416,19.0221599806686,0,8.80484053961553,13.1560557338324,12.5272597731336,4.94323508180472,8.85831334043919,6.28949388258885
"AAD021_006403",15.0981076085524,3.49127078931484,1.79948903516664,5.29720352392352,3.55429416095946,3.36739208729708,1.92354350323863,4.22269287186448,0,0,2.93494684653851,1.19600506671203,2.68441280852863,3.50145818294501,3.3218675026647,0
"AAD021_006404",15.0981076085524,39.1022328403262,23.3933574571663,10.594407047847,5.9238236015991,19.0818884946835,29.6894758108571,16.7071761452029,12.6814399871124,10.2131325444004,26.4145216188466,7.1760304002722,6.2636298865668,18.9490678135848,11.6265362593264,9.43424082388328
"AAD021_006411",7.54905380427619,4.18952494717781,5.39846710549992,0,0,6.73478417459417,8.53049727523219,16.2481877895655,2.1135733311854,30.6393976332011,5.86989369307702,4.78402026684813,5.36882561705725,15.2416415022312,9.96560250799409,6.28949388258885
"AAD021_006416",15.0981076085524,11.1720665258075,6.29821162308324,10.594407047847,3.55429416095946,5.61232014549514,6.69058609822132,7.98639738809152,4.2271466623708,20.4262650888008,5.86989369307702,13.1560557338324,11.632455503624,10.504374548835,12.7338254268813,6.28949388258885
"AAD021_006421",11.3235807064143,4.18952494717781,1.79948903516664,5.29720352392352,1.18476472031982,2.24492805819806,7.27601238181569,6.70122999230668,2.1135733311854,0,4.40242026980776,5.98002533356017,5.36882561705725,7.00291636589002,3.3218675026647,6.28949388258885
"AAD021_006423",7.54905380427619,4.88777910504077,4.4987225879166,0,8.29335304223874,5.61232014549514,4.80885875809658,10.3731368374062,8.45429332474161,0,13.2072608094233,4.78402026684813,8.05323842558588,3.70742631135354,4.4291566702196,9.43424082388328
"AAD021_006426",3.7745269021381,4.18952494717781,5.39846710549992,0,4.73905888127928,1.12246402909903,1.54719803521368,2.11134643593224,2.1135733311854,0,2.93494684653851,1.19600506671203,9.84284696460496,2.67758566931089,3.3218675026647,3.14474694129443
"AAD021_006431",11.3235807064143,4.18952494717781,0.89974451758332,5.29720352392352,4.73905888127928,1.12246402909903,8.15415180720724,6.15044396554174,2.1135733311854,0,2.93494684653851,3.5880152001361,5.36882561705725,4.73726695339619,6.09009042155194,3.14474694129443
"AAD021_006432",11.3235807064143,9.77555821008155,18.8946348692497,10.594407047847,10.6628824828784,11.2246402909903,5.72881434660201,6.05864629441425,12.6814399871124,10.2131325444004,4.40242026980776,1.19600506671203,5.36882561705725,5.35517133862178,8.30466875666174,9.43424082388328
"AAD021_006433",3.7745269021381,7.68079573649265,3.59897807033328,0,7.10858832191892,1.12246402909903,4.72522643186881,5.41606259652183,0,10.2131325444004,0,1.19600506671203,11.632455503624,5.35517133862178,6.64373500532939,6.28949388258885
"AAD021_006436",0,29.3266746302446,4.4987225879166,0,4.73905888127928,5.61232014549514,6.23060830396861,6.88482533456165,8.45429332474161,30.6393976332011,20.5446279257696,7.1760304002722,2.68441280852863,3.70742631135354,4.98280125399704,15.7237347064721
"AAD021_006437",7.54905380427619,27.2319121566557,10.7969342109998,10.594407047847,1.18476472031982,7.8572482036932,4.72522643186881,22.3986317551072,10.567866655927,10.2131325444004,11.739787386154,16.7440709339685,9.84284696460496,16.0655140158654,11.6265362593264,9.43424082388328
"AAD021_006439",7.54905380427619,6.28428742076671,0,5.29720352392352,3.55429416095946,3.36739208729708,5.81244667282978,4.49808588524695,2.1135733311854,10.2131325444004,2.93494684653851,3.5880152001361,3.57921707803817,2.67758566931089,3.3218675026647,12.5789877651777
"AAD021_006442",3.7745269021381,14.6633373151223,10.7969342109998,5.29720352392352,4.73905888127928,6.73478417459417,15.0120025578841,2.66213246269717,2.1135733311854,0,7.33736711634627,2.39201013342407,8.94804269509542,6.59098010907296,3.3218675026647,3.14474694129443
"AAD021_006448",26.4216883149667,11.8703206836705,11.6966787285832,26.4860176196176,2.36952944063964,2.24492805819806,3.55437386468008,20.7462736748124,0,10.2131325444004,19.0771545025003,16.7440709339685,35.7921707803817,12.5640558329203,31.0040966915372,12.5789877651777
"AAD021_006450",0,0.698254157862968,6.29821162308324,0,2.36952944063964,2.24492805819806,3.2616607228829,3.39651383171708,0,0,5.86989369307702,3.5880152001361,3.57921707803817,5.14920321021325,1.66093375133235,3.14474694129443
"AAD021_006453",11.3235807064143,0.698254157862968,6.29821162308324,5.29720352392352,7.10858832191892,10.1021762618913,6.43968911953803,8.53718341485645,12.6814399871124,0,4.40242026980776,3.5880152001361,6.2636298865668,10.9163108056521,9.41195792421664,12.5789877651777
"AAD021_006454",3.7745269021381,16.7580997887112,44.987225879166,42.3776281913881,46.205824092473,50.5108813094563,49.0085431694712,20.5626783325575,23.2493066430394,20.4262650888008,38.1543090050006,45.4481925350573,22.3701067377386,20.596812840853,32.6650304428695,40.8817102368275
"AAD021_006456",15.0981076085524,17.4563539465742,19.794379386833,21.1888140956941,15.4019413641577,20.2043525237825,16.3919359406422,11.3829112198086,19.0221599806686,0,11.739787386154,8.37203546698423,10.7376512341145,7.82678887952414,7.75102417288429,18.8684816477666
"AAD021_006457",3.7745269021381,0.698254157862968,0,0,2.36952944063964,2.24492805819806,2.63441827617465,11.3829112198086,12.6814399871124,0,16.1422076559618,9.56804053369627,8.94804269509542,18.9490678135848,3.3218675026647,6.28949388258885
"AAD021_006471",7.54905380427619,6.28428742076671,7.19795614066656,0,7.10858832191892,3.36739208729708,9.91043065799034,8.35358807260147,2.1135733311854,10.2131325444004,4.40242026980776,9.56804053369627,8.94804269509542,4.73726695339619,8.30466875666174,6.28949388258885
"AAD021_006475",15.0981076085524,4.88777910504077,11.6966787285832,10.594407047847,9.47811776255856,4.48985611639611,10.0776953104459,23.9591921642746,6.34071999355621,0,10.2723139628848,8.37203546698423,14.3168683121527,16.2714821442739,14.3947591782137,0
"AAD021_006476",11.3235807064143,4.18952494717781,8.09770065824988,5.29720352392352,4.73905888127928,4.48985611639611,3.67982235402173,11.3829112198086,0,0,5.86989369307702,10.7640456004083,17.8960853901908,9.68050203520091,9.96560250799409,12.5789877651777
"AAD021_006478",3.7745269021381,4.88777910504077,6.29821162308324,10.594407047847,5.9238236015991,15.7144964073864,6.89966691379074,12.1172925888285,4.2271466623708,0,10.2723139628848,2.39201013342407,10.7376512341145,14.00583273178,11.072891675549,3.14474694129443
"AAD021_006489",11.3235807064143,4.88777910504077,1.79948903516664,0,4.73905888127928,3.36739208729708,4.89249108432434,6.60943232117919,4.2271466623708,0,1.46747342326925,5.98002533356017,5.36882561705725,5.56113946703031,6.09009042155194,3.14474694129443
"AAD021_006490",18.8726345106905,27.2319121566557,31.4910581154162,31.7832211435411,39.097235770554,31.4289928147728,15.1792672103396,8.53718341485645,33.8171732989664,30.6393976332011,14.6747342326925,11.9600506671203,20.5804981987195,13.1819602181459,18.8239158484333,6.28949388258885
"AAD021_006494",0,13.9650831572594,16.1954013164998,0,5.9238236015991,4.48985611639611,4.34888096384386,5.32426492539434,2.1135733311854,0,10.2723139628848,2.39201013342407,6.2636298865668,4.1193625681706,4.98280125399704,3.14474694129443
"AAD021_006500",15.0981076085524,3.49127078931484,7.19795614066656,0,7.10858832191892,6.73478417459417,6.64876993510744,10.7403275219162,4.2271466623708,0,1.46747342326925,5.98002533356017,9.84284696460496,9.47453390679239,17.1629820971009,15.7237347064721
"AAD021_006501",7.54905380427619,9.07730405221858,9.89718969341652,5.29720352392352,5.9238236015991,5.61232014549514,5.18520422612153,3.76370451622704,4.2271466623708,0,0,2.39201013342407,5.36882561705725,6.38501198066443,8.30466875666174,9.43424082388328
"AAD021_006512",7.54905380427619,16.7580997887112,18.8946348692497,0,9.47811776255856,7.8572482036932,5.18520422612153,14.6876273803982,10.567866655927,20.4262650888008,14.6747342326925,9.56804053369627,27.7389323547958,13.1819602181459,23.8067171024303,6.28949388258885
"AAD021_006513",3.7745269021381,8.37904989435561,2.69923355274996,5.29720352392352,7.10858832191892,11.2246402909903,6.43968911953803,5.6914556099043,4.2271466623708,0,4.40242026980776,11.9600506671203,5.36882561705725,11.9461514476947,4.98280125399704,6.28949388258885
"AAD021_006517",3.7745269021381,7.68079573649265,8.9974451758332,0,3.55429416095946,4.48985611639611,3.30347688599678,2.84572780495215,4.2271466623708,0,1.46747342326925,1.19600506671203,6.2636298865668,2.47161754090236,1.66093375133235,6.28949388258885
"AAD021_006519",0,1.39650831572594,5.39846710549992,0,7.10858832191892,10.1021762618913,9.45045286373762,8.26179040147398,8.45429332474161,0,7.33736711634627,4.78402026684813,3.57921707803817,5.76710759543884,7.19737958910684,12.5789877651777
"AAD021_006542",18.8726345106905,15.3615914729853,12.5964232461665,68.8636458110057,16.5867060844775,11.2246402909903,19.7790451528668,50.3969214489913,21.135733311854,20.4262650888008,30.8169418886543,22.7240962675286,31.318149432834,29.2474742340113,28.7895183564274,28.3027224716498
"AAD021_006549",0,2.79301663145187,4.4987225879166,0,2.36952944063964,4.48985611639611,2.71805060240241,2.20314410705973,2.1135733311854,0,2.93494684653851,2.39201013342407,0.894804269509542,4.1193625681706,0.55364458377745,0
"AAD021_006551",41.5197959235191,98.4538362586785,55.7841600901658,52.9720352392352,40.2820004908739,77.4500180078329,38.9308478590253,33.1389592770234,71.8614932603037,20.4262650888008,38.1543090050006,34.684146934649,37.5817793194008,38.5160400123951,21.0384941835431,53.4606980020053
"AAD021_006556",3.7745269021381,0.698254157862968,4.4987225879166,5.29720352392352,2.36952944063964,10.1021762618913,34.2474375902704,13.7696506691233,44.3850399548935,0,8.80484053961553,9.56804053369627,17.8960853901908,2.26564941249383,6.64373500532939,0
"AAD021_006557",26.4216883149667,4.88777910504077,0.89974451758332,26.4860176196176,0,4.48985611639611,2.80168292863018,4.8652765697569,2.1135733311854,0,8.80484053961553,5.98002533356017,7.15843415607634,7.62082075111561,7.75102417288429,15.7237347064721
"AAD021_006560",37.745269021381,9.77555821008155,1.79948903516664,15.8916105717705,20.1410002454369,3.36739208729708,28.2259101018712,19.7364992924101,12.6814399871124,20.4262650888008,10.2723139628848,13.1560557338324,17.8960853901908,22.2445578681213,6.09009042155194,9.43424082388328
"AAD021_006561",11.3235807064143,2.79301663145187,2.69923355274996,10.594407047847,2.36952944063964,0,7.94507099163782,10.4649345085337,2.1135733311854,10.2131325444004,1.46747342326925,1.19600506671203,17.0012811206813,10.9163108056521,4.4291566702196,6.28949388258885
"AAD021_006565",33.9707421192429,2.79301663145187,0.89974451758332,31.7832211435411,0,0,0.334529304911066,6.60943232117919,0,10.2131325444004,23.4795747723081,32.2921368012249,76.9531671778206,2.88355379771942,11.072891675549,28.3027224716498
"AAD021_006567",0,6.98254157862968,2.69923355274996,5.29720352392352,2.36952944063964,3.36739208729708,2.2580728081497,2.66213246269717,2.1135733311854,0,7.33736711634627,9.56804053369627,6.2636298865668,6.79694823748149,11.072891675549,0
"AAD021_006568",3.7745269021381,2.0947624735889,1.79948903516664,0,15.4019413641577,11.2246402909903,9.36682053750985,8.07819505921901,8.45429332474161,10.2131325444004,1.46747342326925,4.78402026684813,0,18.1251952999507,5.5364458377745,0
"AAD021_006571",0,4.18952494717781,1.79948903516664,0,4.73905888127928,7.8572482036932,3.59619002779396,8.62898108598394,2.1135733311854,0,2.93494684653851,4.78402026684813,7.15843415607634,6.1790438522559,9.96560250799409,0
"AAD021_006572",0,6.98254157862968,2.69923355274996,5.29720352392352,1.18476472031982,2.24492805819806,6.35605679331026,4.49808588524695,4.2271466623708,0,5.86989369307702,8.37203546698423,4.47402134754771,5.76710759543884,3.3218675026647,9.43424082388328
"AAD021_006577",0,13.2668289993964,4.4987225879166,0,7.10858832191892,4.48985611639611,1.88172734012475,2.84572780495215,0,10.2131325444004,0,3.5880152001361,0.894804269509542,1.64774502726824,1.1072891675549,0
"AAD021_006595",0,12.5685748415334,17.9948903516664,15.8916105717705,60.4230007363108,15.7144964073864,88.6502658014326,10.2813391662787,52.8393332796351,0,4.40242026980776,5.98002533356017,23.2649110072481,6.59098010907296,6.09009042155194,15.7237347064721
"AAD021_006660",3.7745269021381,13.9650831572594,28.7918245626662,0,4.73905888127928,1.12246402909903,2.80168292863018,5.14066958313937,0,0,2.93494684653851,3.5880152001361,4.47402134754771,4.94323508180472,2.76822291888725,3.14474694129443
"AAD021_003454",3.7745269021381,4.18952494717781,7.19795614066656,0,3.55429416095946,2.24492805819806,2.67623443928853,6.79302766343416,4.2271466623708,0,0,4.78402026684813,4.47402134754771,4.73726695339619,4.4291566702196,3.14474694129443
"AAD021_003455",11.3235807064143,10.4738123679445,8.9974451758332,0,3.55429416095946,6.73478417459417,4.64159410564104,10.9239228641712,2.1135733311854,0,4.40242026980776,5.98002533356017,11.632455503624,12.9759920897374,8.85831334043919,12.5789877651777
"AAD021_003458",7.54905380427619,5.58603326290374,2.69923355274996,15.8916105717705,3.55429416095946,6.73478417459417,7.65235784984064,7.61920670358156,10.567866655927,10.2131325444004,10.2723139628848,7.1760304002722,14.3168683121527,8.03275700793268,9.41195792421664,6.28949388258885
"AAD021_003488",7.54905380427619,6.98254157862968,9.89718969341652,5.29720352392352,7.10858832191892,10.1021762618913,9.32500437439597,9.36336245500385,4.2271466623708,0,7.33736711634627,11.9600506671203,8.05323842558588,8.44469326474973,4.98280125399704,6.28949388258885
"AAD021_003497",0,7.68079573649265,4.4987225879166,0,0,1.12246402909903,2.508969786833,2.66213246269717,2.1135733311854,0,1.46747342326925,2.39201013342407,1.78960853901908,4.32533069657913,1.1072891675549,3.14474694129443
"AAD021_003508",0,6.98254157862968,8.09770065824988,5.29720352392352,4.73905888127928,5.61232014549514,2.84349909174406,5.96684862328677,2.1135733311854,0,2.93494684653851,3.5880152001361,7.15843415607634,6.59098010907296,10.5192470917715,3.14474694129443
"AAD021_003519",7.54905380427619,7.68079573649265,11.6966787285832,0,24.8800591267162,5.61232014549514,8.69776192768772,11.3829112198086,6.34071999355621,0,4.40242026980776,10.7640456004083,5.36882561705725,9.47453390679239,12.1801808431039,3.14474694129443
"AAD021_003521",7.54905380427619,20.947624735889,16.1954013164998,5.29720352392352,13.032411923518,10.1021762618913,19.4863320110696,8.72077875711143,14.7950133182978,10.2131325444004,14.6747342326925,15.5480658672564,5.36882561705725,10.504374548835,11.6265362593264,6.28949388258885
"AAD021_003522",11.3235807064143,6.98254157862968,7.19795614066656,10.594407047847,14.2171766438378,8.97971223279222,17.7300531602865,19.3693086079001,14.7950133182978,0,16.1422076559618,16.7440709339685,8.05323842558588,12.5640558329203,12.7338254268813,6.28949388258885
"AAD021_003528",0,5.58603326290374,9.89718969341652,0,16.5867060844775,12.3471043200893,18.4409279332225,4.31449054299197,10.567866655927,0,5.86989369307702,3.5880152001361,17.0012811206813,6.59098010907296,7.75102417288429,9.43424082388328
"AAD021_003530",7.54905380427619,18.8528622623001,15.2956567989164,31.7832211435411,86.4878245833468,52.7558093676543,67.6167357551493,55.1704003476207,57.0664799420059,0,13.2072608094233,20.3320861341046,39.3713878584199,76.6201437679732,26.5749400213176,15.7237347064721
"AAD021_003535",0,3.49127078931484,5.39846710549992,0,3.55429416095946,3.36739208729708,8.57231343834607,5.23246725426686,4.2271466623708,0,0,3.5880152001361,7.15843415607634,2.67758566931089,2.76822291888725,9.43424082388328
"AAD021_003541",7.54905380427619,13.2668289993964,21.5938684219997,10.594407047847,13.032411923518,8.97971223279222,10.746753920268,12.8516739578484,14.7950133182978,10.2131325444004,14.6747342326925,9.56804053369627,15.2116725816622,9.68050203520091,7.75102417288429,15.7237347064721
"AAD021_003568",75.4905380427619,47.4812827346818,52.1851820198326,90.0524599066998,48.5753535331126,31.4289928147728,47.4195289711436,96.4793523549906,27.4764533054102,61.2787952664022,38.1543090050006,62.1922634690257,59.9518860571393,47.1667014055534,49.8280125399705,53.4606980020053
"AAD021_003571",0,2.79301663145187,0.89974451758332,5.29720352392352,10.6628824828784,4.48985611639611,8.32141645966277,5.59965793877681,2.1135733311854,0,10.2723139628848,7.1760304002722,11.632455503624,5.76710759543884,3.87551208644215,6.28949388258885
"AAD021_003573",0,24.4388955252039,15.2956567989164,10.594407047847,21.3257649657568,8.97971223279222,19.1936188692724,20.7462736748124,8.45429332474161,40.8525301776015,5.86989369307702,19.1360810673925,21.475302468229,16.0655140158654,16.6093375133235,15.7237347064721
"AAD021_003575",41.5197959235191,64.239382523393,148.457845401248,31.7832211435411,41.4667652111937,29.1840647565747,32.3238940870318,45.072656523597,10.567866655927,10.2131325444004,38.1543090050006,51.4282178686174,81.4271885253683,42.0174981953401,62.5618379668518,18.8684816477666
"AAD021_003581",11.3235807064143,10.4738123679445,3.59897807033328,0,4.73905888127928,8.97971223279222,6.64876993510744,3.76370451622704,2.1135733311854,10.2131325444004,5.86989369307702,4.78402026684813,4.47402134754771,4.53129882498766,2.2145783351098,9.43424082388328
"AAD021_003582",0,3.49127078931484,3.59897807033328,0,23.6952944063964,8.97971223279222,140.042330268395,3.48831150284457,8.45429332474161,10.2131325444004,1.46747342326925,1.19600506671203,2.68441280852863,2.88355379771942,1.66093375133235,6.28949388258885
"AAD021_003586",0,4.18952494717781,0.89974451758332,0,0,0,2.508969786833,3.30471616058959,4.2271466623708,10.2131325444004,0,1.19600506671203,2.68441280852863,3.70742631135354,2.2145783351098,0
"AAD021_003594",30.1962152171048,30.7231829459706,49.4859484670826,84.7552563827763,40.2820004908739,70.7152338332388,45.7468824465883,24.6935735332945,71.8614932603037,20.4262650888008,38.1543090050006,26.3121114676647,30.4233451633244,23.0684303817554,26.5749400213176,25.1579755303554
"AAD021_003596",3.7745269021381,2.79301663145187,1.79948903516664,0,5.9238236015991,0,10.7885700833819,9.82235081064129,4.2271466623708,0,2.93494684653851,5.98002533356017,8.94804269509542,10.7103426772436,5.5364458377745,6.28949388258885
"AAD021_003598",11.3235807064143,6.98254157862968,3.59897807033328,10.594407047847,0,2.24492805819806,8.94865890637102,9.54695779725883,8.45429332474161,0,2.93494684653851,5.98002533356017,4.47402134754771,3.70742631135354,3.3218675026647,3.14474694129443
"AAD021_003600",45.2943228256572,107.531140310897,47.686459431916,74.1608493349292,21.3257649657568,33.6739208729708,25.3405948470133,33.0471616058959,23.2493066430394,20.4262650888008,22.0121013490388,39.4681672014971,37.5817793194008,43.8712113510169,17.7166266808784,34.5922163542387
"AAD021_003603",18.8726345106905,11.8703206836705,3.59897807033328,5.29720352392352,3.55429416095946,1.12246402909903,0.543610120480483,6.05864629441425,0,0,2.93494684653851,21.5280912008166,5.36882561705725,8.2387251363412,65.330060885739,28.3027224716498
"AAD021_003605",7.54905380427619,10.4738123679445,8.09770065824988,5.29720352392352,4.73905888127928,8.97971223279222,2.38352129749135,12.4844832733385,8.45429332474161,20.4262650888008,4.40242026980776,7.1760304002722,6.2636298865668,10.9163108056521,7.75102417288429,0
"AAD021_003612",3.7745269021381,4.88777910504077,3.59897807033328,15.8916105717705,1.18476472031982,4.48985611639611,3.38710921222455,5.41606259652183,0,0,2.93494684653851,5.98002533356017,4.47402134754771,6.59098010907296,4.98280125399704,6.28949388258885
"AAD021_003613",7.54905380427619,4.88777910504077,5.39846710549992,10.594407047847,3.55429416095946,8.97971223279222,5.05975573677988,5.78325328103179,6.34071999355621,0,2.93494684653851,5.98002533356017,7.15843415607634,8.44469326474973,4.4291566702196,3.14474694129443
"AAD021_003616",11.3235807064143,23.7406413673409,14.3959122813331,15.8916105717705,4.73905888127928,22.4492805819806,7.10874772936016,11.841899575446,21.135733311854,0,8.80484053961553,13.1560557338324,9.84284696460496,12.5640558329203,6.64373500532939,18.8684816477666
"AAD021_003620",3.7745269021381,13.2668289993964,8.09770065824988,15.8916105717705,5.9238236015991,2.24492805819806,6.85785075067686,8.62898108598394,2.1135733311854,0,11.739787386154,10.7640456004083,3.57921707803817,9.06259764997533,6.09009042155194,9.43424082388328
"AAD021_003625",7.54905380427619,4.88777910504077,5.39846710549992,0,4.73905888127928,3.36739208729708,7.44327703427122,5.32426492539434,2.1135733311854,0,4.40242026980776,3.5880152001361,5.36882561705725,2.47161754090236,5.5364458377745,6.28949388258885
"AAD021_003626",0,11.1720665258075,6.29821162308324,15.8916105717705,3.55429416095946,4.48985611639611,4.47432945318551,7.98639738809152,2.1135733311854,10.2131325444004,8.80484053961553,5.98002533356017,3.57921707803817,9.88647016360945,3.87551208644215,6.28949388258885
"AAD021_003627",3.7745269021381,24.4388955252039,34.1902916681662,0,111.367883710063,24.6942086401786,135.609816978323,17.5333551853503,99.3379465657139,10.2131325444004,38.1543090050006,45.4481925350573,49.2142348230248,25.7460160510663,15.5020483457686,0
"AAD021_003638",3.7745269021381,4.18952494717781,3.59897807033328,5.29720352392352,11.8476472031982,14.5920323782874,21.7444048192193,6.24224163666923,10.567866655927,10.2131325444004,7.33736711634627,13.1560557338324,0,10.2984064204265,17.1629820971009,12.5789877651777
"AAD021_003641",3.7745269021381,6.28428742076671,6.29821162308324,0,7.10858832191892,8.97971223279222,6.48150528265191,5.23246725426686,8.45429332474161,0,5.86989369307702,3.5880152001361,5.36882561705725,4.94323508180472,4.4291566702196,0
"AAD021_003642",26.4216883149667,51.6708076818596,50.3856929846659,42.3776281913881,30.8038827283153,62.8579856295456,39.6417226319614,22.2150364128523,52.8393332796351,10.2131325444004,41.0892558515391,39.4681672014971,25.0545195462672,24.9221435374321,22.6994279348754,37.7369632955331
"AAD021_003644",7.54905380427619,23.0423872094779,57.5836491253325,0,11.8476472031982,10.1021762618913,17.186443039806,19.0939155945177,2.1135733311854,0,11.739787386154,14.3520608005444,22.3701067377386,19.5669721988104,18.8239158484333,6.28949388258885
"AAD021_003650",86.8141187491762,14.6633373151223,0,37.0804246674646,2.36952944063964,0,0,0.275393013382466,2.1135733311854,91.9181928996034,8.80484053961553,51.4282178686174,9.84284696460496,4.53129882498766,192.668315154552,47.1712041194164
"AAD021_003655",143.432022281248,78.9027198385154,0,63.5664422870822,7.10858832191892,0,0,2.66213246269717,8.45429332474161,132.770723077205,24.9470481955773,52.6242229353295,22.3701067377386,9.68050203520091,558.073740447669,154.092600123427
"AAD021_003661",3.7745269021381,5.58603326290374,1.79948903516664,0,3.55429416095946,1.12246402909903,4.85067492121046,6.60943232117919,6.34071999355621,10.2131325444004,4.40242026980776,7.1760304002722,1.78960853901908,6.1790438522559,6.09009042155194,6.28949388258885
"AAD021_003663",0,18.8528622623001,8.9974451758332,5.29720352392352,0,0,0.292713141797183,4.8652765697569,0,0,10.2723139628848,1.19600506671203,17.0012811206813,2.88355379771942,6.09009042155194,6.28949388258885
"AAD021_003665",7.54905380427619,6.98254157862968,12.5964232461665,10.594407047847,4.73905888127928,8.97971223279222,33.2438496755372,9.36336245500385,8.45429332474161,0,8.80484053961553,10.7640456004083,23.2649110072481,8.65066139315826,8.30466875666174,6.28949388258885
"AAD021_003666",11.3235807064143,11.1720665258075,2.69923355274996,10.594407047847,4.73905888127928,5.61232014549514,4.55796177941328,9.17976711274887,4.2271466623708,0,7.33736711634627,8.37203546698423,8.05323842558588,8.2387251363412,12.7338254268813,6.28949388258885
"AAD021_003671",11.3235807064143,62.8428742076671,70.180072371499,26.4860176196176,41.4667652111937,21.3268165528815,26.7623443928853,11.6583042331911,25.3628799742248,30.6393976332011,22.0121013490388,20.3320861341046,30.4233451633244,17.095354657908,17.1629820971009,18.8684816477666
"AAD021_003672",3.7745269021381,32.8179454195595,15.2956567989164,21.1888140956941,7.10858832191892,8.97971223279222,18.1482147914253,5.78325328103179,12.6814399871124,30.6393976332011,5.86989369307702,7.1760304002722,12.5272597731336,4.94323508180472,8.85831334043919,22.013228589061
"AAD021_003674",26.4216883149667,3.49127078931484,4.4987225879166,5.29720352392352,7.10858832191892,3.36739208729708,9.70134984242092,10.7403275219162,2.1135733311854,10.2131325444004,5.86989369307702,8.37203546698423,12.5272597731336,8.2387251363412,12.7338254268813,18.8684816477666
"AAD021_003678",26.4216883149667,79.6009739963783,98.9718969341652,37.0804246674646,27.2495885673559,31.4289928147728,58.1662828914116,14.6876273803982,16.9085866494832,51.0656627220019,41.0892558515391,26.3121114676647,51.0038433620439,21.2147172260786,38.201476280644,6.28949388258885
"AAD021_003680",0,9.77555821008155,1.79948903516664,5.29720352392352,4.73905888127928,4.48985611639611,3.30347688599678,3.02932314720713,2.1135733311854,0,2.93494684653851,3.5880152001361,2.68441280852863,7.41485262270708,2.2145783351098,3.14474694129443
"AAD021_003685",3.7745269021381,22.344133051615,35.0900361857495,5.29720352392352,16.5867060844775,14.5920323782874,8.07051948097947,13.0352693001034,14.7950133182978,0,17.6096810792311,16.7440709339685,12.5272597731336,9.06259764997533,19.9312050159882,28.3027224716498
"AAD021_003687",15.0981076085524,16.7580997887112,17.0951458340831,5.29720352392352,41.4667652111937,20.2043525237825,24.2533746060523,10.0977438240238,27.4764533054102,20.4262650888008,16.1422076559618,8.37203546698423,8.05323842558588,8.03275700793268,26.0212954375401,3.14474694129443
"AAD021_003693",0,5.58603326290374,11.6966787285832,10.594407047847,8.29335304223874,2.24492805819806,11.2485478776346,5.6914556099043,2.1135733311854,0,8.80484053961553,0,8.94804269509542,5.35517133862178,2.76822291888725,6.28949388258885
"AAD021_003694",3.7745269021381,1.39650831572594,5.39846710549992,5.29720352392352,3.55429416095946,0,2.38352129749135,4.8652765697569,0,0,0,1.19600506671203,4.47402134754771,3.91339443976207,2.76822291888725,0
"AAD021_003695",37.745269021381,4.88777910504077,0,15.8916105717705,0,0,0.961771751619315,17.9923435409878,0,0,7.33736711634627,14.3520608005444,9.84284696460496,11.5342151908777,3.87551208644215,28.3027224716498
"AAD021_003696",3.7745269021381,5.58603326290374,1.79948903516664,0,4.73905888127928,1.12246402909903,2.92713141797183,4.68168122750192,4.2271466623708,0,2.93494684653851,11.9600506671203,3.57921707803817,10.504374548835,2.2145783351098,3.14474694129443
"AAD021_003697",3.7745269021381,6.28428742076671,5.39846710549992,0,2.36952944063964,4.48985611639611,3.5125577015662,4.0390975296095,4.2271466623708,0,2.93494684653851,2.39201013342407,6.2636298865668,4.94323508180472,4.4291566702196,0
"AAD021_003700",79.2650649449,108.22939446876,113.367809215498,100.646866954547,69.9011184988694,143.675395724676,60.3825395364475,42.1351310475173,105.67866655927,71.4919278108026,67.5037774703857,69.3682938692979,63.5311031351775,47.784605790779,39.8624100319764,94.3424082388328
"AAD021_003706",0,13.9650831572594,32.3908026329995,15.8916105717705,8.29335304223874,5.61232014549514,8.69776192768772,19.0939155945177,10.567866655927,0,4.40242026980776,9.56804053369627,9.84284696460496,14.4177689885971,8.85831334043919,44.026457178122
"AAD021_003707",7.54905380427619,5.58603326290374,0.89974451758332,5.29720352392352,2.36952944063964,1.12246402909903,3.7634546802495,6.15044396554174,2.1135733311854,0,2.93494684653851,3.5880152001361,0.894804269509542,7.00291636589002,2.2145783351098,3.14474694129443
"AAD021_003709",11.3235807064143,16.7580997887112,20.6941239044164,5.29720352392352,10.6628824828784,19.0818884946835,18.1063986283115,15.972794776183,25.3628799742248,10.2131325444004,11.739787386154,26.3121114676647,30.4233451633244,13.1819602181459,22.145783351098,18.8684816477666
"AAD021_003712",7.54905380427619,36.3092162088743,17.9948903516664,26.4860176196176,8.29335304223874,6.73478417459417,8.11233564409336,7.16021834794412,2.1135733311854,0,2.93494684653851,7.1760304002722,10.7376512341145,11.1222789340606,7.19737958910684,3.14474694129443
"AAD021_003713",7.54905380427619,7.68079573649265,12.5964232461665,0,9.47811776255856,3.36739208729708,4.64159410564104,11.7501019043186,4.2271466623708,0,5.86989369307702,4.78402026684813,17.0012811206813,10.092438292018,9.96560250799409,12.5789877651777
"AAD021_003721",0,7.68079573649265,2.69923355274996,0,2.36952944063964,5.61232014549514,5.22702038923541,4.58988355637443,0,0,2.93494684653851,2.39201013342407,12.5272597731336,5.35517133862178,6.09009042155194,3.14474694129443
"AAD021_003723",3.7745269021381,5.58603326290374,2.69923355274996,26.4860176196176,5.9238236015991,4.48985611639611,7.65235784984064,8.44538574372896,4.2271466623708,10.2131325444004,4.40242026980776,8.37203546698423,25.0545195462672,5.97307572384737,13.8411145944362,6.28949388258885
"AAD021_003724",0,9.07730405221858,10.7969342109998,10.594407047847,4.73905888127928,14.5920323782874,6.27242446708249,6.42583697892421,4.2271466623708,0,7.33736711634627,9.56804053369627,9.84284696460496,11.3282470624692,11.6265362593264,3.14474694129443
"AAD021_003725",0,5.58603326290374,3.59897807033328,5.29720352392352,3.55429416095946,3.36739208729708,7.15056389247404,4.68168122750192,6.34071999355621,0,5.86989369307702,7.1760304002722,2.68441280852863,6.38501198066443,4.4291566702196,3.14474694129443
"AAD021_003728",7.54905380427619,1.39650831572594,2.69923355274996,0,1.18476472031982,1.12246402909903,1.92354350323863,4.77347889862941,0,0,0,3.5880152001361,7.15843415607634,8.03275700793268,4.98280125399704,0
"AAD021_003730",11.3235807064143,6.28428742076671,0.89974451758332,10.594407047847,16.5867060844775,8.97971223279222,35.5855548099147,4.22269287186448,14.7950133182978,0,4.40242026980776,8.37203546698423,5.36882561705725,5.14920321021325,6.64373500532939,3.14474694129443
"AAD021_003732",0,12.5685748415334,5.39846710549992,10.594407047847,7.10858832191892,6.73478417459417,4.64159410564104,9.91414848176878,4.2271466623708,0,11.739787386154,10.7640456004083,4.47402134754771,12.1521195761033,11.072891675549,9.43424082388328
"AAD021_003737",0,4.18952494717781,3.59897807033328,0,2.36952944063964,4.48985611639611,2.46715362371911,4.31449054299197,2.1135733311854,10.2131325444004,0,2.39201013342407,2.68441280852863,4.53129882498766,1.66093375133235,3.14474694129443
"AAD021_003738",3.7745269021381,64.937636681256,80.9770065824988,5.29720352392352,87.6725893036667,16.8369604364854,98.5606964594229,3.85550218735453,8.45429332474161,10.2131325444004,1.46747342326925,0,1.78960853901908,1.44177689885971,1.66093375133235,3.14474694129443
"AAD021_003739",7.54905380427619,7.68079573649265,9.89718969341652,0,8.29335304223874,6.73478417459417,5.60336585726036,6.24224163666923,6.34071999355621,0,5.86989369307702,8.37203546698423,8.05323842558588,8.65066139315826,10.5192470917715,12.5789877651777
"AAD021_003742",3.7745269021381,3.49127078931484,0.89974451758332,0,7.10858832191892,4.48985611639611,3.84708700647726,4.40628821411946,0,0,2.93494684653851,1.19600506671203,5.36882561705725,4.1193625681706,3.87551208644215,6.28949388258885
"AAD021_003745",0,5.58603326290374,2.69923355274996,5.29720352392352,4.73905888127928,5.61232014549514,8.82321041702937,6.88482533456165,0,0,2.93494684653851,2.39201013342407,1.78960853901908,8.2387251363412,10.5192470917715,3.14474694129443
"AAD021_003747",11.3235807064143,6.98254157862968,8.09770065824988,0,13.032411923518,17.9594244655844,8.61412960145996,5.87505095215928,14.7950133182978,20.4262650888008,5.86989369307702,19.1360810673925,10.7376512341145,10.7103426772436,10.5192470917715,3.14474694129443
"AAD021_003752",3.7745269021381,18.1546081044372,14.3959122813331,10.594407047847,11.8476472031982,13.4695683491883,8.02870331786559,7.80280204583654,16.9085866494832,0,13.2072608094233,4.78402026684813,3.57921707803817,10.7103426772436,7.19737958910684,6.28949388258885
"AAD021_003754",0,0.698254157862968,0.89974451758332,0,1.18476472031982,2.24492805819806,4.55796177941328,9.36336245500385,4.2271466623708,0,5.86989369307702,2.39201013342407,5.36882561705725,4.1193625681706,1.1072891675549,66.039685767183
"AAD021_003756",0,11.8703206836705,14.3959122813331,26.4860176196176,26.064823847036,10.1021762618913,30.5676152362487,18.7267249100077,27.4764533054102,20.4262650888008,7.33736711634627,11.9600506671203,20.5804981987195,10.2984064204265,10.5192470917715,18.8684816477666
"AAD021_003757",7.54905380427619,4.18952494717781,5.39846710549992,0,4.73905888127928,6.73478417459417,6.43968911953803,7.16021834794412,8.45429332474161,0,2.93494684653851,3.5880152001361,9.84284696460496,5.35517133862178,7.75102417288429,9.43424082388328
"AAD021_003763",11.3235807064143,15.3615914729853,29.6915690802496,5.29720352392352,13.032411923518,12.3471043200893,5.01793957366599,20.9298690170674,4.2271466623708,30.6393976332011,8.80484053961553,10.7640456004083,23.2649110072481,18.9490678135848,23.8067171024303,31.4474694129443
"AAD021_003764",3.7745269021381,5.58603326290374,4.4987225879166,0,3.55429416095946,8.97971223279222,8.15415180720724,7.06842067681663,2.1135733311854,10.2131325444004,1.46747342326925,4.78402026684813,12.5272597731336,9.06259764997533,8.30466875666174,25.1579755303554
"AAD021_003765",18.8726345106905,5.58603326290374,2.69923355274996,15.8916105717705,4.73905888127928,5.61232014549514,3.0107637441996,13.5860553268683,2.1135733311854,10.2131325444004,7.33736711634627,13.1560557338324,10.7376512341145,4.1193625681706,7.75102417288429,9.43424082388328
"AAD021_003770",7.54905380427619,14.6633373151223,17.0951458340831,0,14.2171766438378,6.73478417459417,7.19238005558792,13.0352693001034,6.34071999355621,0,1.46747342326925,3.5880152001361,14.3168683121527,20.3908447124445,11.072891675549,6.28949388258885
"AAD021_003777",11.3235807064143,12.5685748415334,17.0951458340831,10.594407047847,8.29335304223874,8.97971223279222,7.15056389247404,27.8146943516291,4.2271466623708,10.2131325444004,24.9470481955773,9.56804053369627,17.8960853901908,16.6834184010909,34.8796087779793,12.5789877651777
"AAD021_003779",3.7745269021381,9.77555821008155,17.0951458340831,0,9.47811776255856,1.12246402909903,8.9904750694849,7.98639738809152,4.2271466623708,10.2131325444004,0,5.98002533356017,8.94804269509542,3.91339443976207,2.2145783351098,6.28949388258885
"AAD021_003780",7.54905380427619,8.37904989435561,9.89718969341652,0,5.9238236015991,15.7144964073864,9.03229123259879,7.71100437470905,6.34071999355621,20.4262650888008,7.33736711634627,2.39201013342407,6.2636298865668,20.3908447124445,6.09009042155194,9.43424082388328
"AAD021_003783",0,0.698254157862968,4.4987225879166,0,13.032411923518,10.1021762618913,11.5830771825457,11.9336972465735,2.1135733311854,0,4.40242026980776,7.1760304002722,3.57921707803817,10.2984064204265,12.1801808431039,3.14474694129443
"AAD021_003784",18.8726345106905,18.1546081044372,8.09770065824988,5.29720352392352,8.29335304223874,22.4492805819806,10.4958569415847,4.40628821411946,16.9085866494832,10.2131325444004,7.33736711634627,9.56804053369627,4.47402134754771,9.88647016360945,7.19737958910684,6.28949388258885
"AAD021_003785",11.3235807064143,2.79301663145187,3.59897807033328,21.1888140956941,17.7714708047973,5.61232014549514,6.64876993510744,5.14066958313937,0,0,10.2723139628848,9.56804053369627,27.7389323547958,5.14920321021325,10.5192470917715,6.28949388258885
"AAD021_003790",3.7745269021381,8.37904989435561,4.4987225879166,10.594407047847,1.18476472031982,2.24492805819806,1.7562788507831,4.58988355637443,6.34071999355621,0,4.40242026980776,7.1760304002722,0,4.32533069657913,3.3218675026647,0
"AAD021_003791",3.7745269021381,18.8528622623001,5.39846710549992,5.29720352392352,11.8476472031982,8.97971223279222,24.1279261167107,4.40628821411946,6.34071999355621,0,0,3.5880152001361,5.36882561705725,4.73726695339619,3.3218675026647,0
"AAD021_003792",15.0981076085524,5.58603326290374,1.79948903516664,10.594407047847,10.6628824828784,3.36739208729708,6.10515981462696,7.16021834794412,4.2271466623708,10.2131325444004,5.86989369307702,11.9600506671203,5.36882561705725,7.20888449429855,12.1801808431039,3.14474694129443
"AAD021_003803",3.7745269021381,0.698254157862968,3.59897807033328,0,5.9238236015991,6.73478417459417,12.1266873030262,2.84572780495215,6.34071999355621,10.2131325444004,4.40242026980776,2.39201013342407,7.15843415607634,4.53129882498766,2.76822291888725,3.14474694129443
"AAD021_003804",15.0981076085524,6.98254157862968,8.9974451758332,15.8916105717705,21.3257649657568,8.97971223279222,4.34888096384386,13.6778529979958,6.34071999355621,20.4262650888008,5.86989369307702,13.1560557338324,9.84284696460496,13.1819602181459,16.055692929546,28.3027224716498
"AAD021_003805",7.54905380427619,8.37904989435561,0.89974451758332,0,3.55429416095946,5.61232014549514,1.96535966635251,5.59965793877681,0,0,10.2723139628848,1.19600506671203,5.36882561705725,4.32533069657913,1.1072891675549,3.14474694129443
"AAD021_003809",11.3235807064143,8.37904989435561,14.3959122813331,5.29720352392352,4.73905888127928,3.36739208729708,5.39428504169094,9.63875546838631,2.1135733311854,0,0,4.78402026684813,4.47402134754771,5.97307572384737,6.64373500532939,0
"AAD021_003814",7.54905380427619,19.5511164201631,18.8946348692497,42.3776281913881,42.6515299315135,20.2043525237825,44.6178460425135,22.8576201107447,23.2493066430394,0,22.0121013490388,16.7440709339685,32.2129537023435,23.4803666385724,29.8968075239823,28.3027224716498
"AAD021_003816",22.6471614128286,11.1720665258075,23.3933574571663,10.594407047847,20.1410002454369,19.0818884946835,41.7325307876555,15.5138064205456,19.0221599806686,30.6393976332011,16.1422076559618,20.3320861341046,13.4220640426431,14.2118008601886,14.9484037619911,28.3027224716498
"AAD021_003839",0,18.8528622623001,8.09770065824988,10.594407047847,1.18476472031982,3.36739208729708,5.18520422612153,2.84572780495215,6.34071999355621,20.4262650888008,1.46747342326925,4.78402026684813,8.05323842558588,4.53129882498766,3.3218675026647,3.14474694129443
"AAD021_003841",0,1.39650831572594,1.79948903516664,0,3.55429416095946,8.97971223279222,9.70134984242092,9.54695779725883,6.34071999355621,0,1.46747342326925,4.78402026684813,8.05323842558588,10.504374548835,8.30466875666174,6.28949388258885
"AAD021_003847",0,3.49127078931484,3.59897807033328,15.8916105717705,0,1.12246402909903,2.0071758294664,4.31449054299197,0,0,0,0,0.894804269509542,4.73726695339619,1.66093375133235,3.14474694129443
"AAD021_003848",0,6.28428742076671,4.4987225879166,0,2.36952944063964,3.36739208729708,2.88531525485795,4.0390975296095,2.1135733311854,0,2.93494684653851,1.19600506671203,0,4.1193625681706,6.09009042155194,0
"AAD021_003849",7.54905380427619,17.4563539465742,19.794379386833,5.29720352392352,8.29335304223874,2.24492805819806,8.78139425391549,20.287285319175,10.567866655927,10.2131325444004,7.33736711634627,8.37203546698423,10.7376512341145,19.3610040704018,12.1801808431039,6.28949388258885
"AAD021_003859",0,6.28428742076671,2.69923355274996,0,5.9238236015991,2.24492805819806,3.42892537533843,3.85550218735453,2.1135733311854,0,1.46747342326925,0,13.4220640426431,1.64774502726824,1.66093375133235,3.14474694129443
"AAD021_003861",7.54905380427619,43.990011945367,19.794379386833,0,14.2171766438378,28.0616007274757,16.2664874513006,6.33403930779672,29.5900266365956,10.2131325444004,13.2072608094233,4.78402026684813,15.2116725816622,4.73726695339619,7.75102417288429,12.5789877651777
"AAD021_003862",7.54905380427619,23.0423872094779,8.9974451758332,15.8916105717705,13.032411923518,15.7144964073864,13.966598480037,11.9336972465735,10.567866655927,0,5.86989369307702,5.98002533356017,32.2129537023435,9.88647016360945,6.09009042155194,22.013228589061
"AAD021_003865",0,6.28428742076671,4.4987225879166,10.594407047847,4.73905888127928,1.12246402909903,3.80527084336338,6.79302766343416,2.1135733311854,10.2131325444004,1.46747342326925,2.39201013342407,4.47402134754771,4.73726695339619,5.5364458377745,6.28949388258885
"AAD021_003867",22.6471614128286,11.1720665258075,7.19795614066656,10.594407047847,3.55429416095946,8.97971223279222,5.72881434660201,8.99617177049389,4.2271466623708,0,10.2723139628848,10.7640456004083,10.7376512341145,5.56113946703031,4.4291566702196,6.28949388258885
"AAD021_003870",3.7745269021381,37.0074703667373,4.4987225879166,0,8.29335304223874,15.7144964073864,3.2616607228829,2.66213246269717,4.2271466623708,0,5.86989369307702,3.5880152001361,4.47402134754771,1.85371315567677,1.1072891675549,0
"AAD021_003871",7.54905380427619,4.18952494717781,4.4987225879166,0,5.9238236015991,2.24492805819806,7.19238005558792,5.96684862328677,4.2271466623708,0,0,5.98002533356017,4.47402134754771,5.76710759543884,4.98280125399704,0
"AAD021_003874",11.3235807064143,2.79301663145187,6.29821162308324,5.29720352392352,5.9238236015991,6.73478417459417,7.44327703427122,10.3731368374062,4.2271466623708,10.2131325444004,5.86989369307702,4.78402026684813,15.2116725816622,10.092438292018,4.98280125399704,0
"AAD021_003876",11.3235807064143,2.0947624735889,1.79948903516664,5.29720352392352,5.9238236015991,7.8572482036932,19.6535966635251,3.76370451622704,4.2271466623708,10.2131325444004,1.46747342326925,2.39201013342407,6.2636298865668,4.94323508180472,6.64373500532939,12.5789877651777
"AAD021_003886",7.54905380427619,13.2668289993964,6.29821162308324,0,0,2.24492805819806,2.71805060240241,6.42583697892421,2.1135733311854,20.4262650888008,1.46747342326925,3.5880152001361,4.47402134754771,8.03275700793268,2.76822291888725,0
"AAD021_003890",11.3235807064143,9.77555821008155,13.4961677637498,0,10.6628824828784,8.97971223279222,4.85067492121046,10.0977438240238,8.45429332474161,0,4.40242026980776,7.1760304002722,2.68441280852863,12.5640558329203,6.09009042155194,3.14474694129443
"AAD021_003899",7.54905380427619,12.5685748415334,18.8946348692497,5.29720352392352,20.1410002454369,10.1021762618913,10.4122246153569,19.7364992924101,10.567866655927,10.2131325444004,23.4795747723081,8.37203546698423,18.7908896597004,15.6535777590483,13.8411145944362,15.7237347064721
"AAD021_003902",26.4216883149667,30.7231829459706,35.9897807033328,42.3776281913881,20.1410002454369,59.4905935422485,31.6548354772096,21.9396433994698,38.0443199613372,10.2131325444004,30.8169418886543,34.684146934649,23.2649110072481,23.686334766981,23.2530725186529,34.5922163542387
"AAD021_003907",0,3.49127078931484,1.79948903516664,0,2.36952944063964,3.36739208729708,2.29988897126358,3.58010917397206,4.2271466623708,0,2.93494684653851,0,7.15843415607634,3.08952192612795,2.2145783351098,6.28949388258885
"AAD021_003910",30.1962152171048,76.1097032070635,86.3754736879987,26.4860176196176,63.9772948972703,98.7768345607145,42.4852217237054,29.0998617474139,154.290853176534,20.4262650888008,29.3494684653851,37.076157068073,37.5817793194008,31.5131236465051,32.6650304428695,6.28949388258885
"AAD021_003912",7.54905380427619,9.07730405221858,3.59897807033328,5.29720352392352,7.10858832191892,6.73478417459417,13.7157015013537,6.70122999230668,21.135733311854,20.4262650888008,44.0242026980776,20.3320861341046,19.6856939292099,20.8027809692615,16.055692929546,15.7237347064721
"AAD021_003913",18.8726345106905,13.9650831572594,12.5964232461665,5.29720352392352,2.36952944063964,6.73478417459417,12.4612166079372,22.3068340839798,6.34071999355621,10.2131325444004,27.8819950421158,14.3520608005444,25.9493238157767,13.1819602181459,45.3988558697509,18.8684816477666
"AAD021_003914",3.7745269021381,10.4738123679445,12.5964232461665,0,2.36952944063964,1.12246402909903,10.8303862464958,4.22269287186448,4.2271466623708,0,10.2723139628848,9.56804053369627,5.36882561705725,6.59098010907296,9.41195792421664,3.14474694129443
"AAD021_003919",3.7745269021381,10.4738123679445,5.39846710549992,5.29720352392352,2.36952944063964,1.12246402909903,2.508969786833,2.57033479156968,0,0,2.93494684653851,1.19600506671203,4.47402134754771,3.91339443976207,3.3218675026647,9.43424082388328
"AAD021_003925",15.0981076085524,11.8703206836705,10.7969342109998,26.4860176196176,2.36952944063964,6.73478417459417,3.7634546802495,38.9222125580552,6.34071999355621,0,11.739787386154,14.3520608005444,6.2636298865668,45.3129882498766,12.7338254268813,15.7237347064721
"AAD021_003926",3.7745269021381,3.49127078931484,0,5.29720352392352,1.18476472031982,1.12246402909903,4.89249108432434,3.67190684509955,2.1135733311854,0,5.86989369307702,4.78402026684813,4.47402134754771,7.82678887952414,4.4291566702196,0
"AAD021_003931",11.3235807064143,22.344133051615,18.8946348692497,5.29720352392352,17.7714708047973,11.2246402909903,10.7049377571541,11.3829112198086,6.34071999355621,0,13.2072608094233,10.7640456004083,14.3168683121527,14.2118008601886,12.7338254268813,18.8684816477666
"AAD021_003933",18.8726345106905,147.331627309086,217.738173255163,47.6748317153116,39.097235770554,26.9391366983767,17.186443039806,5.50786026764932,21.135733311854,0,2.93494684653851,7.1760304002722,2.68441280852863,2.88355379771942,3.87551208644215,9.43424082388328
"AAD021_003935",3.7745269021381,6.98254157862968,0.89974451758332,10.594407047847,1.18476472031982,3.36739208729708,4.22343247450221,2.38673944931471,6.34071999355621,0,2.93494684653851,1.19600506671203,0.894804269509542,5.35517133862178,2.76822291888725,0
"AAD021_003936",7.54905380427619,5.58603326290374,3.59897807033328,5.29720352392352,9.47811776255856,4.48985611639611,4.68341026875493,4.8652765697569,6.34071999355621,0,4.40242026980776,2.39201013342407,12.5272597731336,4.1193625681706,3.87551208644215,3.14474694129443
"AAD021_003939",3.7745269021381,9.07730405221858,12.5964232461665,10.594407047847,8.29335304223874,4.48985611639611,3.55437386468008,11.6583042331911,4.2271466623708,0,26.4145216188466,13.1560557338324,3.57921707803817,11.1222789340606,9.96560250799409,15.7237347064721
"AAD021_003940",3.7745269021381,8.37904989435561,6.29821162308324,5.29720352392352,5.9238236015991,5.61232014549514,4.97612341055211,6.24224163666923,8.45429332474161,0,0,11.9600506671203,8.05323842558588,10.9163108056521,9.96560250799409,3.14474694129443
"AAD021_003941",3.7745269021381,6.98254157862968,10.7969342109998,5.29720352392352,5.9238236015991,5.61232014549514,4.68341026875493,10.9239228641712,6.34071999355621,0,13.2072608094233,8.37203546698423,17.8960853901908,11.7401833192862,16.6093375133235,9.43424082388328
"AAD021_003946",0,3.49127078931484,0,5.29720352392352,0,2.24492805819806,2.2580728081497,3.02932314720713,2.1135733311854,0,1.46747342326925,1.19600506671203,2.68441280852863,6.1790438522559,0.55364458377745,0
"AAD021_003947",0,4.18952494717781,2.69923355274996,5.29720352392352,3.55429416095946,1.12246402909903,3.93071933270503,4.22269287186448,4.2271466623708,0,2.93494684653851,1.19600506671203,3.57921707803817,5.56113946703031,3.87551208644215,6.28949388258885
"AAD021_003951",0,8.37904989435561,8.09770065824988,5.29720352392352,16.5867060844775,7.8572482036932,21.0335300462833,11.4747088909361,12.6814399871124,0,2.93494684653851,10.7640456004083,10.7376512341145,11.9461514476947,10.5192470917715,9.43424082388328
"AAD021_003954",3.7745269021381,5.58603326290374,4.4987225879166,0,8.29335304223874,5.61232014549514,4.51614561629939,10.0977438240238,4.2271466623708,0,10.2723139628848,11.9600506671203,17.8960853901908,6.1790438522559,6.09009042155194,34.5922163542387
"AAD021_003960",3.7745269021381,11.1720665258075,6.29821162308324,10.594407047847,3.55429416095946,1.12246402909903,16.1828551250728,16.0645924473105,6.34071999355621,10.2131325444004,2.93494684653851,3.5880152001361,9.84284696460496,9.88647016360945,9.41195792421664,0
"AAD021_003965",7.54905380427619,26.5336579987928,16.1954013164998,0,22.5105296860766,17.9594244655844,28.7277040592378,4.58988355637443,10.567866655927,0,11.739787386154,5.98002533356017,3.57921707803817,6.59098010907296,4.98280125399704,3.14474694129443
"AAD021_003968",7.54905380427619,2.79301663145187,2.69923355274996,0,2.36952944063964,4.48985611639611,6.27242446708249,6.88482533456165,0,0,13.2072608094233,9.56804053369627,14.3168683121527,4.53129882498766,8.85831334043919,9.43424082388328
"AAD021_003970",15.0981076085524,16.0598456308483,35.9897807033328,15.8916105717705,14.2171766438378,12.3471043200893,6.73240226133521,8.81257642823891,8.45429332474161,0,10.2723139628848,15.5480658672564,9.84284696460496,25.1281116658407,12.1801808431039,6.28949388258885
"AAD021_003972",0,18.8528622623001,37.7892697384994,0,14.2171766438378,2.24492805819806,4.72522643186881,4.95707424088439,0,10.2131325444004,2.93494684653851,4.78402026684813,3.57921707803817,10.504374548835,8.30466875666174,6.28949388258885
"AAD021_003973",67.9414842384857,11.8703206836705,14.3959122813331,5.29720352392352,45.0210593721532,34.7963849020699,62.2224507134583,71.0513974526763,27.4764533054102,20.4262650888008,30.8169418886543,33.4881418679369,48.3194305535153,41.193625681706,45.3988558697509,106.92139600401
"AAD021_003976",3.7745269021381,4.88777910504077,6.29821162308324,5.29720352392352,4.73905888127928,11.2246402909903,6.89966691379074,15.3302110782906,10.567866655927,10.2131325444004,4.40242026980776,15.5480658672564,17.0012811206813,9.68050203520091,11.072891675549,6.28949388258885
"AAD021_003977",0,5.58603326290374,11.6966787285832,5.29720352392352,3.55429416095946,13.4695683491883,3.93071933270503,6.15044396554174,10.567866655927,0,5.86989369307702,3.5880152001361,3.57921707803817,3.29549005453648,4.98280125399704,3.14474694129443
"AAD021_003978",0,8.37904989435561,5.39846710549992,0,3.55429416095946,3.36739208729708,2.34170513437746,2.01954876480475,8.45429332474161,0,2.93494684653851,4.78402026684813,0,3.70742631135354,3.87551208644215,0
"AAD021_003983",18.8726345106905,2.0947624735889,0.89974451758332,0,4.73905888127928,2.24492805819806,2.38352129749135,4.49808588524695,0,0,2.93494684653851,2.39201013342407,7.15843415607634,4.73726695339619,3.87551208644215,6.28949388258885
"AAD021_003984",7.54905380427619,9.77555821008155,12.5964232461665,10.594407047847,1.18476472031982,3.36739208729708,2.09080815569416,5.32426492539434,0,30.6393976332011,2.93494684653851,3.5880152001361,10.7376512341145,7.41485262270708,7.19737958910684,6.28949388258885
"AAD021_003985",0,23.0423872094779,17.0951458340831,0,0,0,1.12903640407485,2.11134643593224,0,10.2131325444004,4.40242026980776,5.98002533356017,2.68441280852863,3.70742631135354,4.4291566702196,0
"AAD021_003987",15.0981076085524,7.68079573649265,2.69923355274996,5.29720352392352,2.36952944063964,1.12246402909903,5.77063050971589,3.94729985848201,0,10.2131325444004,1.46747342326925,3.5880152001361,3.57921707803817,1.64774502726824,0.55364458377745,3.14474694129443
"AAD021_003990",22.6471614128286,5.58603326290374,8.09770065824988,0,17.7714708047973,6.73478417459417,9.86861449487645,9.91414848176878,6.34071999355621,0,4.40242026980776,15.5480658672564,8.05323842558588,8.65066139315826,12.7338254268813,18.8684816477666
"AAD021_003991",226.471614128286,63.5411283655301,87.275218205582,105.94407047847,112.552648430383,80.81741009513,137.951522112701,168.540524190069,128.92797320231,81.705060355203,146.747342326925,163.852694139549,110.955729419183,98.8647016360945,120.140874679707,198.119057301549
"AAD021_004005",0,4.88777910504077,5.39846710549992,0,1.18476472031982,0,8.32141645966277,11.7501019043186,0,0,1.46747342326925,1.19600506671203,8.94804269509542,6.59098010907296,4.4291566702196,6.28949388258885
"AAD021_004006",0,4.18952494717781,2.69923355274996,0,0,1.12246402909903,3.21984455976901,3.76370451622704,2.1135733311854,0,2.93494684653851,5.98002533356017,3.57921707803817,7.20888449429855,3.87551208644215,3.14474694129443
"AAD021_004014",0,21.645878893752,29.6915690802496,15.8916105717705,27.2495885673559,44.8985611639611,27.5150353289352,7.43561136132658,33.8171732989664,10.2131325444004,16.1422076559618,21.5280912008166,13.4220640426431,18.5371315567677,20.4848495997656,3.14474694129443
"AAD021_004020",15.0981076085524,2.0947624735889,0,52.9720352392352,0,1.12246402909903,1.46356570898591,7.06842067681663,0,0,2.93494684653851,9.56804053369627,9.84284696460496,4.32533069657913,2.76822291888725,12.5789877651777
"AAD021_004021",11.3235807064143,7.68079573649265,15.2956567989164,10.594407047847,4.73905888127928,3.36739208729708,8.9904750694849,4.40628821411946,8.45429332474161,10.2131325444004,7.33736711634627,4.78402026684813,11.632455503624,1.23580877045118,4.98280125399704,3.14474694129443
"AAD021_004022",11.3235807064143,9.07730405221858,8.09770065824988,10.594407047847,10.6628824828784,15.7144964073864,10.5376731046986,16.523580802948,16.9085866494832,20.4262650888008,10.2723139628848,13.1560557338324,24.1597152767576,15.6535777590483,19.9312050159882,3.14474694129443
"AAD021_004032",0,6.28428742076671,7.19795614066656,5.29720352392352,2.36952944063964,10.1021762618913,6.02152748839919,7.06842067681663,4.2271466623708,10.2131325444004,2.93494684653851,2.39201013342407,4.47402134754771,5.56113946703031,5.5364458377745,6.28949388258885
"AAD021_004033",3.7745269021381,23.0423872094779,26.9923355274996,10.594407047847,18.9562355251171,24.6942086401786,14.8447379054286,22.6740247684897,19.0221599806686,0,20.5446279257696,25.1161064009527,17.8960853901908,26.9818248215174,33.218675026647,3.14474694129443
"AAD021_004040",18.8726345106905,31.4214371038336,46.7867149143326,31.7832211435411,50.9448829737523,61.7355216004465,35.3764739943453,15.2384134071631,40.1578932925226,10.2131325444004,29.3494684653851,26.3121114676647,22.3701067377386,25.3340797942492,24.3603616862078,22.013228589061
"AAD021_004044",33.9707421192429,76.8079573649265,62.0823717132491,47.6748317153116,52.1296476940721,78.572482036932,40.8962075253778,21.6642503860873,84.5429332474161,40.8525301776015,38.1543090050006,39.4681672014971,38.4765835889103,28.8355379771942,22.6994279348754,34.5922163542387
"AAD021_004045",30.1962152171048,21.645878893752,27.8920800450829,26.4860176196176,23.6952944063964,42.6536331057631,42.0252439294527,20.47088066143,27.4764533054102,0,20.5446279257696,21.5280912008166,27.7389323547958,13.3879283465545,19.9312050159882,22.013228589061
"AAD021_004049",7.54905380427619,9.07730405221858,8.09770065824988,5.29720352392352,9.47811776255856,12.3471043200893,22.5389119183831,4.40628821411946,14.7950133182978,10.2131325444004,8.80484053961553,3.5880152001361,8.94804269509542,2.26564941249383,6.64373500532939,31.4474694129443
"AAD021_004051",3.7745269021381,0.698254157862968,4.4987225879166,0,3.55429416095946,6.73478417459417,5.22702038923541,5.14066958313937,6.34071999355621,0,1.46747342326925,3.5880152001361,0,3.91339443976207,3.3218675026647,9.43424082388328
"AAD021_004052",33.9707421192429,32.8179454195595,20.6941239044164,31.7832211435411,8.29335304223874,13.4695683491883,17.9809501389698,32.4045779080035,12.6814399871124,20.4262650888008,20.5446279257696,21.5280912008166,23.2649110072481,29.8653786192369,38.201476280644,25.1579755303554
"AAD021_004061",22.6471614128286,7.68079573649265,12.5964232461665,26.4860176196176,8.29335304223874,35.9188489311689,6.85785075067686,18.3595342254977,12.6814399871124,20.4262650888008,19.0771545025003,15.5480658672564,9.84284696460496,19.1550359419933,30.4504521077597,25.1579755303554
"AAD021_004065",109.461280162005,29.3266746302446,47.686459431916,79.4580528588527,24.8800591267162,30.3065287856738,29.3549465059461,67.5630859498317,35.9307466301518,102.131325444004,45.4916761213469,64.5842736024498,59.9518860571393,68.381418631632,61.4545487992969,72.3291796497718
"AAD021_004069",0,6.28428742076671,0.89974451758332,5.29720352392352,4.73905888127928,7.8572482036932,4.64159410564104,3.67190684509955,4.2271466623708,0,8.80484053961553,3.5880152001361,3.57921707803817,1.85371315567677,6.09009042155194,15.7237347064721
"AAD021_004070",3.7745269021381,7.68079573649265,5.39846710549992,0,9.47811776255856,3.36739208729708,3.72163851713561,4.49808588524695,4.2271466623708,10.2131325444004,2.93494684653851,3.5880152001361,6.2636298865668,6.38501198066443,1.66093375133235,0
"AAD021_004071",0,0.698254157862968,5.39846710549992,5.29720352392352,1.18476472031982,1.12246402909903,1.92354350323863,8.99617177049389,2.1135733311854,0,1.46747342326925,4.78402026684813,4.47402134754771,7.82678887952414,7.75102417288429,6.28949388258885
"AAD021_004078",18.8726345106905,16.0598456308483,13.4961677637498,10.594407047847,8.29335304223874,14.5920323782874,8.40504878589054,11.5665065620636,16.9085866494832,0,7.33736711634627,9.56804053369627,7.15843415607634,6.38501198066443,9.96560250799409,22.013228589061
"AAD021_004084",3.7745269021381,3.49127078931484,5.39846710549992,0,2.36952944063964,2.24492805819806,1.42174954587203,6.97662300568914,0,0,7.33736711634627,2.39201013342407,5.36882561705725,7.20888449429855,3.87551208644215,3.14474694129443
"AAD021_004085",22.6471614128286,19.5511164201631,24.2931019747496,31.7832211435411,14.2171766438378,67.3478417459417,32.7002395550567,14.5958297092707,57.0664799420059,30.6393976332011,16.1422076559618,28.7041216010888,19.6856939292099,21.8326216113042,18.2702712646558,22.013228589061
"AAD021_004088",3.7745269021381,4.18952494717781,7.19795614066656,0,5.9238236015991,4.48985611639611,2.508969786833,2.29494177818722,0,0,1.46747342326925,1.19600506671203,3.57921707803817,2.26564941249383,3.3218675026647,3.14474694129443
"AAD021_004092",22.6471614128286,24.4388955252039,24.2931019747496,31.7832211435411,14.2171766438378,5.61232014549514,9.4922690268515,36.260080095358,12.6814399871124,30.6393976332011,22.0121013490388,21.5280912008166,28.6337366243053,29.8653786192369,36.5405425293117,12.5789877651777
"AAD021_004094",3.7745269021381,3.49127078931484,0.89974451758332,5.29720352392352,3.55429416095946,2.24492805819806,3.17802839665513,10.1895414951512,2.1135733311854,0,4.40242026980776,11.9600506671203,8.94804269509542,8.44469326474973,7.19737958910684,0
"AAD021_004095",7.54905380427619,10.4738123679445,8.09770065824988,0,10.6628824828784,11.2246402909903,11.1649155514068,5.32426492539434,6.34071999355621,20.4262650888008,19.0771545025003,7.1760304002722,6.2636298865668,10.7103426772436,7.19737958910684,6.28949388258885
"AAD021_004097",3.7745269021381,5.58603326290374,2.69923355274996,0,1.18476472031982,5.61232014549514,5.10157189989376,6.33403930779672,12.6814399871124,0,13.2072608094233,8.37203546698423,8.05323842558588,4.1193625681706,9.96560250799409,9.43424082388328
"AAD021_004101",3.7745269021381,6.98254157862968,2.69923355274996,0,2.36952944063964,2.24492805819806,5.77063050971589,6.60943232117919,4.2271466623708,0,1.46747342326925,2.39201013342407,2.68441280852863,5.56113946703031,3.87551208644215,0
"AAD021_004127",7.54905380427619,3.49127078931484,6.29821162308324,5.29720352392352,2.36952944063964,2.24492805819806,2.42533746060523,7.52740903245407,0,10.2131325444004,1.46747342326925,2.39201013342407,1.78960853901908,7.62082075111561,3.3218675026647,3.14474694129443
"AAD021_004129",15.0981076085524,9.77555821008155,2.69923355274996,10.594407047847,7.10858832191892,8.97971223279222,11.457628693204,11.1075182064261,6.34071999355621,0,7.33736711634627,10.7640456004083,8.94804269509542,8.44469326474973,6.09009042155194,9.43424082388328
"AAD021_004140",7.54905380427619,3.49127078931484,3.59897807033328,5.29720352392352,7.10858832191892,5.61232014549514,5.10157189989376,7.43561136132658,6.34071999355621,10.2131325444004,2.93494684653851,3.5880152001361,4.47402134754771,7.00291636589002,6.64373500532939,22.013228589061
"AAD021_004142",339.707421192429,414.06471561274,354.499339927828,301.94060086364,191.931884691811,176.226852568547,293.967626690599,362.325407940198,247.288079748692,194.049518343607,99.7881927823093,287.041216010888,174.486832554361,227.388813763017,102.424247998828,226.421779773199
"AAD021_004143",3.7745269021381,9.07730405221858,0,0,8.29335304223874,13.4695683491883,3.21984455976901,2.4785371204422,0,0,8.80484053961553,5.98002533356017,4.47402134754771,15.0356733738227,7.75102417288429,3.14474694129443
"AAD021_004146",3.7745269021381,5.58603326290374,8.09770065824988,15.8916105717705,14.2171766438378,16.8369604364854,10.3704084522431,6.97662300568914,12.6814399871124,0,17.6096810792311,17.9400760006805,10.7376512341145,7.41485262270708,14.9484037619911,9.43424082388328
"AAD021_004149",15.0981076085524,2.0947624735889,6.29821162308324,0,1.18476472031982,17.9594244655844,8.4886811121183,12.025494917701,8.45429332474161,0,13.2072608094233,5.98002533356017,10.7376512341145,5.56113946703031,6.09009042155194,12.5789877651777
"AAD021_004150",3.7745269021381,14.6633373151223,28.7918245626662,0,1.18476472031982,4.48985611639611,4.34888096384386,21.8478457283423,2.1135733311854,0,8.80484053961553,19.1360810673925,8.94804269509542,12.3580877045118,14.9484037619911,3.14474694129443
"AAD021_004151",3.7745269021381,2.79301663145187,7.19795614066656,0,5.9238236015991,7.8572482036932,5.35246887857706,7.06842067681663,0,10.2131325444004,7.33736711634627,9.56804053369627,5.36882561705725,4.94323508180472,4.4291566702196,3.14474694129443
"AAD021_004154",22.6471614128286,191.321639254453,198.843538385914,26.4860176196176,73.4554126598288,49.3884172803572,78.7398351434422,41.2171543362424,71.8614932603037,30.6393976332011,20.5446279257696,65.7802786691618,18.7908896597004,37.4861993703525,10.5192470917715,62.8949388258885
"AAD021_004155",3.7745269021381,4.18952494717781,7.19795614066656,10.594407047847,66.3468243379099,16.8369604364854,28.0168292863018,5.14066958313937,54.9529066108205,20.4262650888008,7.33736711634627,5.98002533356017,1.78960853901908,3.91339443976207,11.6265362593264,3.14474694129443
"AAD021_004157",33.9707421192429,92.1695488379117,78.2777730297488,31.7832211435411,36.7277063299144,94.2869784443184,43.697890454008,33.3225546192784,69.7479199291183,40.8525301776015,54.2965166609624,37.076157068073,43.8454092059676,37.0742631135354,28.7895183564274,22.013228589061
"AAD021_004158",0,4.88777910504077,5.39846710549992,0,2.36952944063964,1.12246402909903,3.67982235402173,1.83595342254977,2.1135733311854,0,1.46747342326925,3.5880152001361,3.57921707803817,3.70742631135354,4.98280125399704,6.28949388258885
"AAD021_004159",49.0688497277953,23.7406413673409,23.3933574571663,31.7832211435411,31.9886474486351,16.8369604364854,26.511447414202,42.3187263897723,16.9085866494832,10.2131325444004,45.4916761213469,39.4681672014971,32.2129537023435,29.4534423624198,32.1113858590921,72.3291796497718
"AAD021_004161",3.7745269021381,2.0947624735889,1.79948903516664,5.29720352392352,5.9238236015991,3.36739208729708,6.23060830396861,7.52740903245407,10.567866655927,20.4262650888008,8.80484053961553,3.5880152001361,5.36882561705725,4.73726695339619,6.64373500532939,6.28949388258885
"AAD021_004163",0,5.58603326290374,11.6966787285832,10.594407047847,9.47811776255856,4.48985611639611,2.21625664503581,6.05864629441425,2.1135733311854,30.6393976332011,5.86989369307702,10.7640456004083,7.15843415607634,5.97307572384737,4.98280125399704,3.14474694129443
"AAD021_004164",15.0981076085524,11.1720665258075,2.69923355274996,0,0,3.36739208729708,6.85785075067686,5.14066958313937,0,0,4.40242026980776,0,9.84284696460496,5.56113946703031,0.55364458377745,0
"AAD021_004166",11.3235807064143,37.0074703667373,27.8920800450829,42.3776281913881,33.173412168955,76.3275539787339,32.9929526968539,20.10368997692,71.8614932603037,30.6393976332011,20.5446279257696,47.8402026684813,31.318149432834,21.6266534828957,18.2702712646558,31.4474694129443
"AAD021_004170",3.7745269021381,6.98254157862968,11.6966787285832,0,8.29335304223874,3.36739208729708,14.4265762742897,7.61920670358156,2.1135733311854,0,5.86989369307702,5.98002533356017,5.36882561705725,6.38501198066443,6.09009042155194,6.28949388258885
"AAD021_004173",15.0981076085524,4.18952494717781,8.9974451758332,15.8916105717705,3.55429416095946,12.3471043200893,9.4922690268515,9.08796944162138,6.34071999355621,0,5.86989369307702,9.56804053369627,7.15843415607634,7.00291636589002,5.5364458377745,6.28949388258885
"AAD021_004174",3.7745269021381,12.5685748415334,23.3933574571663,15.8916105717705,10.6628824828784,6.73478417459417,7.15056389247404,20.10368997692,2.1135733311854,20.4262650888008,2.93494684653851,7.1760304002722,12.5272597731336,15.2416415022312,18.8239158484333,3.14474694129443
"AAD021_004179",7.54905380427619,3.49127078931484,1.79948903516664,0,3.55429416095946,4.48985611639611,2.88531525485795,3.30471616058959,0,0,1.46747342326925,7.1760304002722,1.78960853901908,4.32533069657913,3.87551208644215,0
"AAD021_004184",7.54905380427619,41.8952494717781,74.6787949594156,0,132.69364867582,21.3268165528815,139.833249452826,2.57033479156968,27.4764533054102,0,1.46747342326925,3.5880152001361,2.68441280852863,1.85371315567677,3.3218675026647,9.43424082388328
"AAD021_004185",3.7745269021381,7.68079573649265,6.29821162308324,5.29720352392352,5.9238236015991,2.24492805819806,8.65594576457384,7.16021834794412,19.0221599806686,0,10.2723139628848,5.98002533356017,9.84284696460496,8.44469326474973,3.3218675026647,6.28949388258885
"AAD021_004186",0,4.88777910504077,2.69923355274996,0,3.55429416095946,6.73478417459417,8.36323262277666,6.33403930779672,4.2271466623708,0,2.93494684653851,10.7640456004083,2.68441280852863,8.65066139315826,4.98280125399704,0
"AAD021_004192",3.7745269021381,8.37904989435561,25.192846492333,21.1888140956941,10.6628824828784,7.8572482036932,42.7361187023887,7.80280204583654,4.2271466623708,20.4262650888008,7.33736711634627,4.78402026684813,25.0545195462672,8.03275700793268,9.41195792421664,0
"AAD021_004199",7.54905380427619,9.77555821008155,4.4987225879166,10.594407047847,4.73905888127928,0,3.21984455976901,4.13089520073699,0,0,1.46747342326925,7.1760304002722,4.47402134754771,4.1193625681706,0.55364458377745,3.14474694129443
"AAD021_004212",0,6.28428742076671,17.0951458340831,0,34.3581768892748,20.2043525237825,31.3203061722986,11.1993158775536,14.7950133182978,0,13.2072608094233,21.5280912008166,0.894804269509542,7.62082075111561,17.1629820971009,9.43424082388328
"AAD021_004213",7.54905380427619,6.28428742076671,3.59897807033328,0,4.73905888127928,14.5920323782874,19.5281481741835,13.1270669712309,25.3628799742248,10.2131325444004,10.2723139628848,9.56804053369627,12.5272597731336,24.098271023798,6.64373500532939,6.28949388258885
"AAD021_004218",0,5.58603326290374,4.4987225879166,0,2.36952944063964,3.36739208729708,3.7634546802495,4.49808588524695,4.2271466623708,0,7.33736711634627,2.39201013342407,0.894804269509542,6.1790438522559,6.64373500532939,0
"AAD021_004219",7.54905380427619,2.0947624735889,4.4987225879166,0,3.55429416095946,8.97971223279222,3.2616607228829,3.48831150284457,2.1135733311854,10.2131325444004,4.40242026980776,0,2.68441280852863,3.91339443976207,4.4291566702196,0
"AAD021_004222",0,4.88777910504077,2.69923355274996,0,5.9238236015991,7.8572482036932,5.85426283594366,9.17976711274887,6.34071999355621,10.2131325444004,8.80484053961553,11.9600506671203,8.05323842558588,5.76710759543884,11.6265362593264,9.43424082388328
"AAD021_004224",0,7.68079573649265,4.4987225879166,15.8916105717705,4.73905888127928,3.36739208729708,4.80885875809658,5.32426492539434,4.2271466623708,20.4262650888008,0,4.78402026684813,1.78960853901908,3.50145818294501,2.2145783351098,0
"AAD021_004227",15.0981076085524,0.698254157862968,0,0,9.47811776255856,5.61232014549514,11.3739963669763,8.99617177049389,8.45429332474161,0,0,4.78402026684813,12.5272597731336,3.70742631135354,16.6093375133235,53.4606980020053
"AAD021_004236",0,3.49127078931484,4.4987225879166,0,18.9562355251171,4.48985611639611,10.1195114735598,5.32426492539434,6.34071999355621,0,1.46747342326925,15.5480658672564,3.57921707803817,4.1193625681706,12.7338254268813,3.14474694129443
"AAD021_004238",0,6.28428742076671,3.59897807033328,5.29720352392352,3.55429416095946,6.73478417459417,6.35605679331026,12.025494917701,0,0,5.86989369307702,9.56804053369627,9.84284696460496,5.56113946703031,8.30466875666174,6.28949388258885
"AAD021_004239",3.7745269021381,17.4563539465742,9.89718969341652,0,2.36952944063964,2.24492805819806,2.7598667655163,6.97662300568914,0,0,8.80484053961553,7.1760304002722,0.894804269509542,6.1790438522559,1.1072891675549,0
"AAD021_004240",0,30.7231829459706,42.287992326416,0,62.7925301769505,23.5717446110796,24.1697422798245,6.79302766343416,21.135733311854,10.2131325444004,13.2072608094233,9.56804053369627,4.47402134754771,4.94323508180472,3.87551208644215,9.43424082388328
"AAD021_004241",3.7745269021381,6.28428742076671,3.59897807033328,5.29720352392352,1.18476472031982,11.2246402909903,4.43251329007163,2.11134643593224,8.45429332474161,0,7.33736711634627,5.98002533356017,3.57921707803817,6.59098010907296,3.3218675026647,0
"AAD021_004242",0,6.98254157862968,3.59897807033328,10.594407047847,3.55429416095946,0,1.92354350323863,3.48831150284457,4.2271466623708,0,1.46747342326925,2.39201013342407,5.36882561705725,5.56113946703031,2.2145783351098,0
"AAD021_004247",0,18.8528622623001,24.2931019747496,10.594407047847,73.4554126598288,21.3268165528815,30.1912697682237,15.8809971050555,33.8171732989664,20.4262650888008,2.93494684653851,14.3520608005444,24.1597152767576,14.6237371170056,14.3947591782137,9.43424082388328
"AAD021_004257",0,2.79301663145187,5.39846710549992,0,3.55429416095946,3.36739208729708,2.80168292863018,7.52740903245407,0,0,2.93494684653851,8.37203546698423,3.57921707803817,8.03275700793268,1.66093375133235,6.28949388258885
"AAD021_004262",0,8.37904989435561,10.7969342109998,0,3.55429416095946,4.48985611639611,4.2652486376161,5.32426492539434,2.1135733311854,10.2131325444004,4.40242026980776,2.39201013342407,8.94804269509542,3.70742631135354,3.3218675026647,3.14474694129443
"AAD021_004271",0,5.58603326290374,24.2931019747496,0,55.6839418550315,13.4695683491883,42.5270378868193,1.46876273803982,21.135733311854,10.2131325444004,7.33736711634627,2.39201013342407,1.78960853901908,1.44177689885971,10.5192470917715,3.14474694129443
"AAD021_004277",11.3235807064143,11.8703206836705,7.19795614066656,21.1888140956941,9.47811776255856,6.73478417459417,11.2067317145207,7.80280204583654,12.6814399871124,0,7.33736711634627,8.37203546698423,13.4220640426431,8.65066139315826,5.5364458377745,0
"AAD021_004278",0,20.947624735889,13.4961677637498,0,9.47811776255856,17.9594244655844,10.3285922891292,11.3829112198086,8.45429332474161,0,7.33736711634627,8.37203546698423,3.57921707803817,31.101187389688,12.1801808431039,3.14474694129443
"AAD021_004279",15.0981076085524,20.947624735889,9.89718969341652,21.1888140956941,2.36952944063964,6.73478417459417,2.46715362371911,6.05864629441425,8.45429332474161,10.2131325444004,1.46747342326925,14.3520608005444,0.894804269509542,8.8566295215668,4.4291566702196,12.5789877651777
"AAD021_004280",0,16.7580997887112,4.4987225879166,10.594407047847,1.18476472031982,5.61232014549514,2.508969786833,3.58010917397206,4.2271466623708,10.2131325444004,2.93494684653851,7.1760304002722,4.47402134754771,8.65066139315826,3.3218675026647,0
"AAD021_004281",15.0981076085524,0.698254157862968,2.69923355274996,0,3.55429416095946,3.36739208729708,3.2616607228829,9.82235081064129,0,0,2.93494684653851,5.98002533356017,11.632455503624,7.41485262270708,4.4291566702196,6.28949388258885
"AAD021_004282",0,3.49127078931484,2.69923355274996,0,0,1.12246402909903,5.10157189989376,2.75393013382466,8.45429332474161,0,2.93494684653851,1.19600506671203,3.57921707803817,3.91339443976207,2.2145783351098,3.14474694129443
"AAD021_004285",26.4216883149667,7.68079573649265,19.794379386833,26.4860176196176,24.8800591267162,23.5717446110796,31.3621223354125,20.0118923057925,25.3628799742248,0,38.1543090050006,37.076157068073,13.4220640426431,19.3610040704018,21.0384941835431,22.013228589061
"AAD021_004286",3.7745269021381,4.88777910504077,0.89974451758332,5.29720352392352,4.73905888127928,2.24492805819806,4.13980014827444,6.5176346500517,4.2271466623708,10.2131325444004,1.46747342326925,5.98002533356017,2.68441280852863,5.56113946703031,4.98280125399704,6.28949388258885
"AAD021_004291",7.54905380427619,3.49127078931484,2.69923355274996,0,1.18476472031982,3.36739208729708,3.05257990731348,4.13089520073699,2.1135733311854,0,1.46747342326925,1.19600506671203,1.78960853901908,4.32533069657913,4.98280125399704,9.43424082388328
"AAD021_004313",3.7745269021381,3.49127078931484,3.59897807033328,10.594407047847,7.10858832191892,6.73478417459417,5.18520422612153,6.79302766343416,4.2271466623708,0,4.40242026980776,4.78402026684813,6.2636298865668,7.00291636589002,6.64373500532939,3.14474694129443
"AAD021_004314",11.3235807064143,10.4738123679445,9.89718969341652,0,7.10858832191892,0,4.09798398516056,14.6876273803982,4.2271466623708,0,2.93494684653851,7.1760304002722,7.15843415607634,14.00583273178,14.3947591782137,0
"AAD021_004316",0,4.88777910504077,2.69923355274996,5.29720352392352,1.18476472031982,4.48985611639611,6.52332144576579,4.13089520073699,2.1135733311854,0,4.40242026980776,0,1.78960853901908,4.73726695339619,2.76822291888725,9.43424082388328
"AAD021_004317",0,4.88777910504077,17.9948903516664,0,39.097235770554,6.73478417459417,8.36323262277666,4.68168122750192,8.45429332474161,0,0,1.19600506671203,1.78960853901908,3.50145818294501,1.1072891675549,3.14474694129443
"AAD021_004331",3.7745269021381,7.68079573649265,3.59897807033328,0,7.10858832191892,3.36739208729708,2.508969786833,2.38673944931471,2.1135733311854,0,1.46747342326925,3.5880152001361,0.894804269509542,3.70742631135354,3.3218675026647,6.28949388258885
"AAD021_004334",3.7745269021381,6.28428742076671,7.19795614066656,5.29720352392352,2.36952944063964,4.48985611639611,5.01793957366599,13.2188646423584,4.2271466623708,10.2131325444004,5.86989369307702,9.56804053369627,5.36882561705725,10.504374548835,3.3218675026647,3.14474694129443
"AAD021_004340",11.3235807064143,5.58603326290374,6.29821162308324,5.29720352392352,2.36952944063964,2.24492805819806,3.67982235402173,4.13089520073699,0,0,8.80484053961553,1.19600506671203,7.15843415607634,3.70742631135354,3.3218675026647,9.43424082388328
"AAD021_004343",0,9.77555821008155,8.09770065824988,5.29720352392352,11.8476472031982,3.36739208729708,11.7503418350012,7.06842067681663,8.45429332474161,10.2131325444004,2.93494684653851,4.78402026684813,7.15843415607634,9.88647016360945,8.85831334043919,6.28949388258885
"AAD021_004344",0,1.39650831572594,0.89974451758332,0,4.73905888127928,15.7144964073864,11.7503418350012,3.30471616058959,4.2271466623708,0,24.9470481955773,0,8.05323842558588,10.9163108056521,2.76822291888725,3.14474694129443
"AAD021_004351",0,12.5685748415334,13.4961677637498,0,1.18476472031982,12.3471043200893,4.80885875809658,5.04887191201188,4.2271466623708,0,1.46747342326925,7.1760304002722,12.5272597731336,7.82678887952414,6.64373500532939,0
"AAD021_004355",0,12.5685748415334,12.5964232461665,0,13.032411923518,7.8572482036932,6.89966691379074,7.06842067681663,6.34071999355621,10.2131325444004,4.40242026980776,4.78402026684813,8.05323842558588,8.44469326474973,9.96560250799409,6.28949388258885
"AAD021_004358",0,0.698254157862968,0.89974451758332,0,11.8476472031982,23.5717446110796,17.4791561816032,0.367190684509955,14.7950133182978,0,1.46747342326925,4.78402026684813,0,6.79694823748149,11.072891675549,0
"AAD021_004359",0,2.79301663145187,0.89974451758332,5.29720352392352,7.10858832191892,4.48985611639611,16.8100975717811,3.67190684509955,4.2271466623708,0,8.80484053961553,5.98002533356017,1.78960853901908,5.14920321021325,5.5364458377745,12.5789877651777
"AAD021_004367",3.7745269021381,5.58603326290374,6.29821162308324,10.594407047847,7.10858832191892,7.8572482036932,7.98688715475171,15.0548180649081,2.1135733311854,10.2131325444004,5.86989369307702,8.37203546698423,10.7376512341145,16.6834184010909,11.072891675549,3.14474694129443
"AAD021_004371",86.8141187491762,90.0747863643228,99.8716414517485,63.5664422870822,73.4554126598288,114.491330968101,67.6167357551493,98.9578894754328,92.9972265721577,40.8525301776015,88.0484053961553,57.4082432021776,64.425907404687,78.0619206668329,61.4545487992969,94.3424082388328
"AAD021_004374",7.54905380427619,3.49127078931484,4.4987225879166,10.594407047847,3.55429416095946,6.73478417459417,4.05616782204668,5.04887191201188,0,10.2131325444004,14.6747342326925,5.98002533356017,7.15843415607634,5.35517133862178,6.64373500532939,12.5789877651777
"AAD021_004377",11.3235807064143,4.18952494717781,5.39846710549992,5.29720352392352,2.36952944063964,4.48985611639611,2.96894758108571,4.8652765697569,4.2271466623708,0,2.93494684653851,9.56804053369627,9.84284696460496,5.56113946703031,8.85831334043919,3.14474694129443
"AAD021_004381",30.1962152171048,49.5760452082707,24.2931019747496,37.0804246674646,395.71141658682,81.939874124229,763.019528339028,38.2796288601628,29.5900266365956,61.2787952664022,27.8819950421158,39.4681672014971,99.3232739155592,32.3369961601392,41.5233437833087,34.5922163542387
"AAD021_004382",3.7745269021381,8.37904989435561,4.4987225879166,5.29720352392352,5.9238236015991,8.97971223279222,10.1195114735598,6.24224163666923,21.135733311854,40.8525301776015,13.2072608094233,10.7640456004083,7.15843415607634,9.06259764997533,4.98280125399704,6.28949388258885
"AAD021_004383",0,3.49127078931484,0.89974451758332,5.29720352392352,2.36952944063964,5.61232014549514,2.71805060240241,3.85550218735453,0,0,1.46747342326925,0,0.894804269509542,4.1193625681706,3.87551208644215,0
"AAD021_004385",11.3235807064143,15.3615914729853,7.19795614066656,21.1888140956941,9.47811776255856,1.12246402909903,16.1828551250728,18.8185225811352,6.34071999355621,0,5.86989369307702,3.5880152001361,15.2116725816622,13.3879283465545,12.7338254268813,0
"AAD021_004387",22.6471614128286,17.4563539465742,8.9974451758332,21.1888140956941,5.9238236015991,2.24492805819806,10.6213054309264,76.9264484048355,4.2271466623708,10.2131325444004,17.6096810792311,40.6641722682091,25.0545195462672,31.7190917749136,65.8837054695165,28.3027224716498
"AAD021_004392",0,9.07730405221858,6.29821162308324,0,2.36952944063964,6.73478417459417,4.39069712695774,5.04887191201188,0,0,2.93494684653851,5.98002533356017,2.68441280852863,7.00291636589002,3.87551208644215,6.28949388258885
"AAD021_004396",11.3235807064143,9.77555821008155,11.6966787285832,5.29720352392352,9.47811776255856,4.48985611639611,14.1756792956064,17.7169505276053,10.567866655927,10.2131325444004,5.86989369307702,8.37203546698423,5.36882561705725,15.4476096306398,3.87551208644215,9.43424082388328
"AAD021_004400",15.0981076085524,6.28428742076671,0.89974451758332,5.29720352392352,4.73905888127928,2.24492805819806,17.3955238553754,5.6914556099043,4.2271466623708,0,7.33736711634627,2.39201013342407,6.2636298865668,2.26564941249383,4.98280125399704,3.14474694129443
"AAD021_004401",0,4.18952494717781,7.19795614066656,0,2.36952944063964,3.36739208729708,9.19955588505432,9.54695779725883,6.34071999355621,0,11.739787386154,5.98002533356017,5.36882561705725,10.9163108056521,2.76822291888725,0
"AAD021_004407",11.3235807064143,9.07730405221858,12.5964232461665,15.8916105717705,13.032411923518,3.36739208729708,6.39787295642414,9.54695779725883,4.2271466623708,40.8525301776015,5.86989369307702,15.5480658672564,9.84284696460496,5.76710759543884,5.5364458377745,3.14474694129443
"AAD021_004411",3.7745269021381,4.88777910504077,11.6966787285832,10.594407047847,7.10858832191892,10.1021762618913,2.7598667655163,7.52740903245407,10.567866655927,0,14.6747342326925,10.7640456004083,5.36882561705725,8.44469326474973,8.85831334043919,15.7237347064721
"AAD021_004412",15.0981076085524,12.5685748415334,9.89718969341652,15.8916105717705,18.9562355251171,14.5920323782874,18.4827440963364,12.8516739578484,8.45429332474161,0,5.86989369307702,13.1560557338324,5.36882561705725,19.1550359419933,10.5192470917715,6.28949388258885
"AAD021_004415",0,11.8703206836705,18.8946348692497,5.29720352392352,17.7714708047973,2.24492805819806,3.2616607228829,4.8652765697569,6.34071999355621,10.2131325444004,1.46747342326925,7.1760304002722,8.05323842558588,2.88355379771942,8.30466875666174,3.14474694129443
"AAD021_004422",0,16.0598456308483,8.09770065824988,10.594407047847,11.8476472031982,14.5920323782874,7.06693156624627,7.16021834794412,4.2271466623708,10.2131325444004,2.93494684653851,8.37203546698423,6.2636298865668,10.504374548835,7.19737958910684,6.28949388258885
"AAD021_004427",0,4.88777910504077,1.79948903516664,0,4.73905888127928,3.36739208729708,3.34529304911066,4.0390975296095,6.34071999355621,0,1.46747342326925,5.98002533356017,4.47402134754771,4.32533069657913,7.75102417288429,12.5789877651777
"AAD021_004443",3.7745269021381,4.18952494717781,4.4987225879166,0,4.73905888127928,6.73478417459417,5.68699818348813,8.99617177049389,4.2271466623708,0,2.93494684653851,3.5880152001361,7.15843415607634,3.50145818294501,6.09009042155194,9.43424082388328
"AAD021_004445",75.4905380427619,38.4039786824632,48.5862039494993,68.8636458110057,58.0534712956712,22.4492805819806,132.682685560352,76.4674600491981,16.9085866494832,30.6393976332011,55.7639900842317,39.4681672014971,88.5856226814447,38.3100718839866,112.9434950906,72.3291796497718
"AAD021_004448",11.3235807064143,9.07730405221858,13.4961677637498,10.594407047847,9.47811776255856,2.24492805819806,13.255723707101,14.7794250515257,8.45429332474161,10.2131325444004,14.6747342326925,13.1560557338324,24.1597152767576,13.3879283465545,13.2874700106588,9.43424082388328
"AAD021_004452",7.54905380427619,13.9650831572594,1.79948903516664,5.29720352392352,1.18476472031982,0,0.334529304911066,11.2911135486811,0,0,4.40242026980776,20.3320861341046,11.632455503624,8.03275700793268,21.0384941835431,3.14474694129443
"AAD021_004454",0,2.79301663145187,5.39846710549992,0,5.9238236015991,4.48985611639611,3.7634546802495,3.48831150284457,2.1135733311854,10.2131325444004,2.93494684653851,5.98002533356017,5.36882561705725,5.35517133862178,3.87551208644215,3.14474694129443
"AAD021_004461",0,5.58603326290374,4.4987225879166,15.8916105717705,8.29335304223874,13.4695683491883,4.30706480072998,11.3829112198086,4.2271466623708,10.2131325444004,2.93494684653851,2.39201013342407,61.7414945961584,7.20888449429855,12.7338254268813,6.28949388258885
"AAD021_004469",0,6.28428742076671,2.69923355274996,0,5.9238236015991,1.12246402909903,7.44327703427122,4.0390975296095,2.1135733311854,0,7.33736711634627,0,7.15843415607634,2.67758566931089,2.76822291888725,6.28949388258885
"AAD021_004471",3.7745269021381,35.6109620510114,21.5938684219997,5.29720352392352,18.9562355251171,24.6942086401786,13.1720913808732,10.4649345085337,10.567866655927,0,14.6747342326925,23.9201013342407,9.84284696460496,12.1521195761033,7.75102417288429,25.1579755303554
"AAD021_004473",15.0981076085524,11.8703206836705,15.2956567989164,5.29720352392352,7.10858832191892,2.24492805819806,6.10515981462696,13.0352693001034,2.1135733311854,0,10.2723139628848,11.9600506671203,10.7376512341145,8.44469326474973,18.2702712646558,3.14474694129443
"AAD021_004481",0,17.4563539465742,11.6966787285832,10.594407047847,2.36952944063964,2.24492805819806,5.05975573677988,2.93752547607964,2.1135733311854,10.2131325444004,2.93494684653851,0,3.57921707803817,4.53129882498766,3.3218675026647,3.14474694129443
"AAD021_004484",18.8726345106905,27.9301663145187,47.686459431916,21.1888140956941,29.6191180079955,21.3268165528815,26.1769181092909,66.4615138963018,14.7950133182978,0,7.33736711634627,22.7240962675286,25.0545195462672,69.8231955304917,40.4160546157538,22.013228589061
"AAD021_004488",0,4.88777910504077,15.2956567989164,0,0,13.4695683491883,9.07410739571267,1.74415575142229,0,0,0,0,0,1.02984064204265,0.55364458377745,0
"AAD021_004502",0,5.58603326290374,8.9974451758332,0,15.4019413641577,34.7963849020699,50.0121310842044,18.7267249100077,4.2271466623708,10.2131325444004,7.33736711634627,13.1560557338324,8.05323842558588,25.3340797942492,18.8239158484333,9.43424082388328
"AAD021_004507",3.7745269021381,13.9650831572594,6.29821162308324,0,2.36952944063964,3.36739208729708,0.627242446708249,2.84572780495215,2.1135733311854,0,2.93494684653851,7.1760304002722,0,19.9789084556274,7.75102417288429,0
"AAD021_004515",7.54905380427619,22.344133051615,9.89718969341652,0,9.47811776255856,3.36739208729708,8.86502658014325,9.45516012613134,10.567866655927,10.2131325444004,4.40242026980776,7.1760304002722,12.5272597731336,5.35517133862178,8.30466875666174,0
"AAD021_004516",11.3235807064143,20.947624735889,7.19795614066656,5.29720352392352,8.29335304223874,6.73478417459417,20.0299421315501,6.88482533456165,23.2493066430394,0,5.86989369307702,5.98002533356017,9.84284696460496,5.14920321021325,6.09009042155194,12.5789877651777
"AAD021_004517",7.54905380427619,3.49127078931484,3.59897807033328,5.29720352392352,5.9238236015991,6.73478417459417,4.2652486376161,5.78325328103179,4.2271466623708,10.2131325444004,11.739787386154,13.1560557338324,7.15843415607634,6.1790438522559,7.19737958910684,12.5789877651777
"AAD021_004518",11.3235807064143,13.2668289993964,12.5964232461665,10.594407047847,24.8800591267162,5.61232014549514,9.4922690268515,18.4513318966252,10.567866655927,20.4262650888008,8.80484053961553,15.5480658672564,20.5804981987195,10.504374548835,6.64373500532939,15.7237347064721
"AAD021_004521",15.0981076085524,8.37904989435561,13.4961677637498,5.29720352392352,2.36952944063964,10.1021762618913,2.84349909174406,5.87505095215928,4.2271466623708,0,7.33736711634627,3.5880152001361,6.2636298865668,7.41485262270708,7.19737958910684,0
"AAD021_004525",0,9.07730405221858,12.5964232461665,5.29720352392352,1.18476472031982,5.61232014549514,4.22343247450221,4.40628821411946,8.45429332474161,10.2131325444004,4.40242026980776,7.1760304002722,2.68441280852863,5.14920321021325,7.75102417288429,3.14474694129443
"AAD021_004535",3.7745269021381,22.344133051615,41.3882478088327,0,18.9562355251171,13.4695683491883,17.3537076922616,5.87505095215928,16.9085866494832,0,14.6747342326925,7.1760304002722,0.894804269509542,23.8923028953895,14.3947591782137,12.5789877651777
"AAD021_004537",18.8726345106905,11.1720665258075,7.19795614066656,5.29720352392352,5.9238236015991,6.73478417459417,5.47791736791871,8.62898108598394,10.567866655927,0,11.739787386154,8.37203546698423,13.4220640426431,9.88647016360945,7.75102417288429,9.43424082388328
"AAD021_004540",0,9.77555821008155,0.89974451758332,0,0,0,3.05257990731348,6.24224163666923,4.2271466623708,10.2131325444004,5.86989369307702,10.7640456004083,17.8960853901908,7.82678887952414,4.4291566702196,3.14474694129443
"AAD021_004542",7.54905380427619,1.39650831572594,4.4987225879166,15.8916105717705,1.18476472031982,1.12246402909903,5.05975573677988,10.5567321796612,2.1135733311854,10.2131325444004,4.40242026980776,7.1760304002722,5.36882561705725,6.38501198066443,6.64373500532939,18.8684816477666
"AAD021_004547",30.1962152171048,6.98254157862968,4.4987225879166,10.594407047847,11.8476472031982,13.4695683491883,10.5794892678125,5.78325328103179,21.135733311854,10.2131325444004,4.40242026980776,9.56804053369627,8.05323842558588,5.76710759543884,9.96560250799409,6.28949388258885
"AAD021_004549",0,2.79301663145187,4.4987225879166,0,0,4.48985611639611,4.51614561629939,2.84572780495215,2.1135733311854,0,1.46747342326925,3.5880152001361,5.36882561705725,5.76710759543884,9.41195792421664,0
"AAD021_004552",3.7745269021381,12.5685748415334,9.89718969341652,10.594407047847,5.9238236015991,4.48985611639611,5.05975573677988,5.14066958313937,4.2271466623708,0,2.93494684653851,5.98002533356017,4.47402134754771,6.59098010907296,4.98280125399704,9.43424082388328
"AAD021_004553",7.54905380427619,4.88777910504077,7.19795614066656,0,5.9238236015991,5.61232014549514,8.32141645966277,4.22269287186448,6.34071999355621,0,1.46747342326925,3.5880152001361,8.05323842558588,5.35517133862178,6.09009042155194,0
"AAD021_004554",0,4.18952494717781,1.79948903516664,0,20.1410002454369,7.8572482036932,51.8102260981014,4.31449054299197,4.2271466623708,0,5.86989369307702,2.39201013342407,2.68441280852863,4.1193625681706,4.4291566702196,6.28949388258885
"AAD021_004560",0,6.28428742076671,3.59897807033328,5.29720352392352,1.18476472031982,4.48985611639611,2.55078594994688,3.39651383171708,0,0,0,1.19600506671203,3.57921707803817,6.38501198066443,1.66093375133235,0
"AAD021_004575",3.7745269021381,6.98254157862968,9.89718969341652,10.594407047847,9.47811776255856,10.1021762618913,10.9976508989513,16.339985460693,4.2271466623708,10.2131325444004,10.2723139628848,8.37203546698423,10.7376512341145,21.6266534828957,5.5364458377745,12.5789877651777
"AAD021_004576",11.3235807064143,11.8703206836705,25.192846492333,0,11.8476472031982,20.2043525237825,29.1876818534905,5.23246725426686,12.6814399871124,0,2.93494684653851,9.56804053369627,2.68441280852863,5.76710759543884,3.87551208644215,0
"AAD021_004580",15.0981076085524,10.4738123679445,2.69923355274996,5.29720352392352,10.6628824828784,2.24492805819806,7.44327703427122,9.17976711274887,4.2271466623708,20.4262650888008,5.86989369307702,7.1760304002722,12.5272597731336,8.65066139315826,3.3218675026647,12.5789877651777
"AAD021_004584",3.7745269021381,6.98254157862968,0.89974451758332,0,3.55429416095946,12.3471043200893,4.59977794252716,3.2129184894621,4.2271466623708,0,4.40242026980776,5.98002533356017,2.68441280852863,3.08952192612795,1.1072891675549,0
"AAD021_004585",11.3235807064143,0,3.59897807033328,5.29720352392352,14.2171766438378,8.97971223279222,22.4970957552692,55.7211863743856,12.6814399871124,0,4.40242026980776,8.37203546698423,3.57921707803817,12.3580877045118,5.5364458377745,12.5789877651777
"AAD021_004589",0,9.07730405221858,3.59897807033328,0,2.36952944063964,6.73478417459417,3.34529304911066,3.12112081833462,10.567866655927,10.2131325444004,1.46747342326925,1.19600506671203,0,6.1790438522559,3.3218675026647,0
"AAD021_004594",3.7745269021381,6.28428742076671,4.4987225879166,5.29720352392352,3.55429416095946,4.48985611639611,7.19238005558792,2.66213246269717,2.1135733311854,0,1.46747342326925,3.5880152001361,1.78960853901908,3.29549005453648,2.76822291888725,0
"AAD021_004599",18.8726345106905,1.39650831572594,5.39846710549992,5.29720352392352,3.55429416095946,2.24492805819806,6.14697597774084,5.50786026764932,4.2271466623708,0,5.86989369307702,7.1760304002722,7.15843415607634,8.44469326474973,8.30466875666174,3.14474694129443
"AAD021_004603",52.8433766299334,37.7057245246003,29.6915690802496,31.7832211435411,16.5867060844775,15.7144964073864,9.91043065799034,51.9574818581586,16.9085866494832,40.8525301776015,20.5446279257696,35.880152001361,34.8973665108721,56.2292990555287,33.218675026647,40.8817102368275
"AAD021_004611",30.1962152171048,29.3266746302446,26.9923355274996,58.2692387631587,46.205824092473,25.8166726692776,86.1412960145995,35.0667103707007,29.5900266365956,10.2131325444004,22.0121013490388,40.6641722682091,50.1090390925344,27.187792949926,28.7895183564274,40.8817102368275
"AAD021_004617",37.745269021381,7.68079573649265,14.3959122813331,10.594407047847,26.064823847036,32.5514568438718,40.6034943835807,12.209090259956,44.3850399548935,0,24.9470481955773,19.1360810673925,26.8441280852863,8.44469326474973,17.7166266808784,91.1976612975384
"AAD021_004623",0,2.79301663145187,4.4987225879166,0,4.73905888127928,4.48985611639611,3.93071933270503,4.58988355637443,2.1135733311854,10.2131325444004,5.86989369307702,7.1760304002722,3.57921707803817,5.56113946703031,6.09009042155194,6.28949388258885
"AAD021_004631",7.54905380427619,4.18952494717781,1.79948903516664,5.29720352392352,2.36952944063964,2.24492805819806,4.68341026875493,5.50786026764932,4.2271466623708,0,4.40242026980776,4.78402026684813,8.94804269509542,9.06259764997533,7.19737958910684,3.14474694129443
"AAD021_004633",11.3235807064143,7.68079573649265,7.19795614066656,15.8916105717705,10.6628824828784,2.24492805819806,9.61771751619315,21.8478457283423,12.6814399871124,30.6393976332011,5.86989369307702,7.1760304002722,4.47402134754771,11.1222789340606,9.41195792421664,3.14474694129443
"AAD021_004635",7.54905380427619,6.28428742076671,5.39846710549992,10.594407047847,2.36952944063964,7.8572482036932,4.47432945318551,10.2813391662787,2.1135733311854,20.4262650888008,2.93494684653851,3.5880152001361,8.05323842558588,10.7103426772436,4.98280125399704,6.28949388258885
"AAD021_004637",7.54905380427619,9.07730405221858,6.29821162308324,5.29720352392352,3.55429416095946,4.48985611639611,2.17444048192193,7.52740903245407,6.34071999355621,10.2131325444004,5.86989369307702,3.5880152001361,7.15843415607634,7.62082075111561,7.75102417288429,0
"AAD021_004639",7.54905380427619,35.6109620510114,10.7969342109998,0,3.55429416095946,8.97971223279222,5.39428504169094,5.96684862328677,8.45429332474161,0,5.86989369307702,13.1560557338324,7.15843415607634,4.32533069657913,5.5364458377745,3.14474694129443
"AAD021_004643",3.7745269021381,3.49127078931484,4.4987225879166,5.29720352392352,3.55429416095946,3.36739208729708,4.43251329007163,2.84572780495215,0,0,0,3.5880152001361,4.47402134754771,2.88355379771942,2.2145783351098,0
"AAD021_004652",0,4.18952494717781,5.39846710549992,0,2.36952944063964,1.12246402909903,2.88531525485795,2.93752547607964,4.2271466623708,0,0,0,3.57921707803817,3.70742631135354,1.66093375133235,3.14474694129443
"AAD021_004666",7.54905380427619,5.58603326290374,1.79948903516664,10.594407047847,0,0,0.334529304911066,15.1466157360356,4.2271466623708,0,4.40242026980776,0,8.05323842558588,8.8566295215668,1.1072891675549,3.14474694129443
"AAD021_004669",7.54905380427619,6.98254157862968,10.7969342109998,0,0,2.24492805819806,2.29988897126358,10.0977438240238,2.1135733311854,10.2131325444004,10.2723139628848,10.7640456004083,5.36882561705725,7.00291636589002,10.5192470917715,6.28949388258885
"AAD021_004679",3.7745269021381,11.8703206836705,35.0900361857495,0,5.9238236015991,3.36739208729708,7.15056389247404,4.0390975296095,0,0,17.6096810792311,3.5880152001361,7.15843415607634,12.5640558329203,13.2874700106588,6.28949388258885
"AAD021_004683",0,1.39650831572594,3.59897807033328,21.1888140956941,7.10858832191892,1.12246402909903,2.508969786833,2.93752547607964,0,0,0,2.39201013342407,0,4.73726695339619,4.4291566702196,6.28949388258885
"AAD021_004690",0,11.8703206836705,1.79948903516664,26.4860176196176,21.3257649657568,24.6942086401786,23.291602854433,14.5040320381432,31.703599967781,10.2131325444004,8.80484053961553,3.5880152001361,51.8986476315534,21.2147172260786,23.2530725186529,3.14474694129443
"AAD021_004710",15.0981076085524,53.0673159975856,41.3882478088327,0,1.18476472031982,6.73478417459417,2.55078594994688,13.4942576557408,2.1135733311854,10.2131325444004,30.8169418886543,33.4881418679369,33.1077579718531,29.8653786192369,32.6650304428695,12.5789877651777
"AAD021_004713",7.54905380427619,3.49127078931484,5.39846710549992,5.29720352392352,2.36952944063964,2.24492805819806,4.64159410564104,13.2188646423584,2.1135733311854,40.8525301776015,11.739787386154,8.37203546698423,15.2116725816622,19.5669721988104,7.75102417288429,3.14474694129443
"AAD021_004715",3.7745269021381,0,0,5.29720352392352,20.1410002454369,15.7144964073864,3.0107637441996,1.28516739578484,0,0,1.46747342326925,0,52.793451901063,0.82387251363412,2.2145783351098,0
"AAD021_004717",0,13.2668289993964,9.89718969341652,10.594407047847,2.36952944063964,2.24492805819806,2.88531525485795,8.1699927303465,0,0,2.93494684653851,2.39201013342407,2.68441280852863,5.97307572384737,3.87551208644215,3.14474694129443
"AAD021_004764",0,3.49127078931484,6.29821162308324,0,0,0,1.83991117701086,4.13089520073699,2.1135733311854,10.2131325444004,4.40242026980776,0,2.68441280852863,4.32533069657913,2.2145783351098,0
"AAD021_001792",22.6471614128286,103.341615363719,96.2726633814152,63.5664422870822,54.4991771347117,89.7971223279222,54.7373575160732,37.6370451622704,90.8836532409723,112.344457988404,44.0242026980776,50.2322128019054,49.2142348230248,45.5189563782852,40.4160546157538,28.3027224716498
"AAD021_001794",11.3235807064143,6.28428742076671,3.59897807033328,5.29720352392352,4.73905888127928,6.73478417459417,18.8590895643614,6.5176346500517,10.567866655927,10.2131325444004,5.86989369307702,9.56804053369627,12.5272597731336,8.8566295215668,13.2874700106588,3.14474694129443
"AAD021_001795",3.7745269021381,6.28428742076671,6.29821162308324,0,4.73905888127928,6.73478417459417,5.22702038923541,4.8652765697569,6.34071999355621,0,2.93494684653851,3.5880152001361,4.47402134754771,5.97307572384737,4.98280125399704,3.14474694129443
"AAD021_001796",3.7745269021381,7.68079573649265,5.39846710549992,10.594407047847,7.10858832191892,4.48985611639611,6.18879214085473,10.9239228641712,2.1135733311854,10.2131325444004,5.86989369307702,8.37203546698423,14.3168683121527,12.3580877045118,11.072891675549,12.5789877651777
"AAD021_001848",11.3235807064143,16.0598456308483,4.4987225879166,0,3.55429416095946,16.8369604364854,19.8208613159807,5.32426492539434,2.1135733311854,10.2131325444004,5.86989369307702,3.5880152001361,8.05323842558588,2.0596812840853,6.64373500532939,9.43424082388328
"AAD021_001907",15.0981076085524,15.3615914729853,16.1954013164998,0,7.10858832191892,8.97971223279222,6.64876993510744,12.8516739578484,4.2271466623708,0,19.0771545025003,15.5480658672564,7.15843415607634,21.0087490976701,49.8280125399705,9.43424082388328
"AAD021_001915",0,1.39650831572594,4.4987225879166,0,300.930238961234,152.655107957468,312.743083928733,2.66213246269717,143.722986520607,20.4262650888008,1.46747342326925,3.5880152001361,1.78960853901908,2.0596812840853,2.2145783351098,6.28949388258885
"AAD021_001920",7.54905380427619,2.79301663145187,2.69923355274996,5.29720352392352,27.2495885673559,11.2246402909903,28.3513585912129,2.75393013382466,19.0221599806686,0,4.40242026980776,4.78402026684813,2.68441280852863,2.47161754090236,10.5192470917715,3.14474694129443
"AAD021_001992",22.6471614128286,14.6633373151223,9.89718969341652,26.4860176196176,7.10858832191892,6.73478417459417,10.6631215940402,29.7424454453063,8.45429332474161,10.2131325444004,14.6747342326925,23.9201013342407,10.7376512341145,23.0684303817554,12.1801808431039,25.1579755303554
"AAD021_002004",3.7745269021381,7.68079573649265,1.79948903516664,0,4.73905888127928,6.73478417459417,9.03229123259879,7.16021834794412,8.45429332474161,10.2131325444004,4.40242026980776,9.56804053369627,7.15843415607634,7.00291636589002,9.41195792421664,9.43424082388328
"AAD021_002011",33.9707421192429,51.6708076818596,44.987225879166,26.4860176196176,20.1410002454369,17.9594244655844,12.7539297497344,42.5023217320273,8.45429332474161,20.4262650888008,22.0121013490388,32.2921368012249,32.2129537023435,37.4861993703525,19.9312050159882,37.7369632955331
"AAD021_002012",22.6471614128286,6.28428742076671,8.09770065824988,5.29720352392352,14.2171766438378,8.97971223279222,16.5592005930978,8.53718341485645,12.6814399871124,20.4262650888008,5.86989369307702,10.7640456004083,6.2636298865668,8.03275700793268,7.19737958910684,12.5789877651777
"AAD021_002036",7.54905380427619,7.68079573649265,2.69923355274996,5.29720352392352,8.29335304223874,16.8369604364854,14.7192894160869,6.60943232117919,0,0,14.6747342326925,7.1760304002722,5.36882561705725,6.38501198066443,2.76822291888725,12.5789877651777
"AAD021_002041",0,4.18952494717781,1.79948903516664,5.29720352392352,4.73905888127928,3.36739208729708,3.7634546802495,4.40628821411946,4.2271466623708,0,0,4.78402026684813,0.894804269509542,7.00291636589002,3.87551208644215,0
"AAD021_002044",15.0981076085524,4.18952494717781,0.89974451758332,5.29720352392352,0,1.12246402909903,0.292713141797183,5.41606259652183,0,0,30.8169418886543,29.9001266678008,2.68441280852863,6.59098010907296,31.0040966915372,15.7237347064721
"AAD021_002049",0,2.0947624735889,4.4987225879166,0,1.18476472031982,5.61232014549514,2.508969786833,6.88482533456165,0,20.4262650888008,1.46747342326925,1.19600506671203,12.5272597731336,2.67758566931089,4.98280125399704,0
"AAD021_002051",7.54905380427619,3.49127078931484,4.4987225879166,5.29720352392352,7.10858832191892,5.61232014549514,4.47432945318551,7.98639738809152,4.2271466623708,10.2131325444004,5.86989369307702,8.37203546698423,15.2116725816622,10.092438292018,14.3947591782137,3.14474694129443
"AAD021_002052",33.9707421192429,22.344133051615,15.2956567989164,5.29720352392352,11.8476472031982,10.1021762618913,14.6356570898591,20.47088066143,14.7950133182978,10.2131325444004,10.2723139628848,15.5480658672564,15.2116725816622,21.0087490976701,20.4848495997656,47.1712041194164
"AAD021_002061",3.7745269021381,13.2668289993964,6.29821162308324,0,1.18476472031982,3.36739208729708,1.33811721964426,6.70122999230668,0,0,0,0,4.47402134754771,5.76710759543884,4.4291566702196,3.14474694129443
"AAD021_002063",0,0,0,5.29720352392352,41.4667652111937,34.7963849020699,121.475953845831,0.183595342254977,29.5900266365956,0,0,0,0,0.41193625681706,2.2145783351098,0
"AAD021_002073",0,4.88777910504077,0.89974451758332,5.29720352392352,2.36952944063964,4.48985611639611,7.19238005558792,3.30471616058959,14.7950133182978,0,10.2723139628848,5.98002533356017,7.15843415607634,5.56113946703031,4.4291566702196,6.28949388258885
"AAD021_002077",15.0981076085524,0.698254157862968,8.9974451758332,0,4.73905888127928,6.73478417459417,6.77421842444909,7.52740903245407,4.2271466623708,0,7.33736711634627,14.3520608005444,14.3168683121527,4.32533069657913,8.30466875666174,6.28949388258885
"AAD021_002079",7.54905380427619,16.0598456308483,10.7969342109998,0,10.6628824828784,12.3471043200893,18.1482147914253,8.62898108598394,8.45429332474161,0,14.6747342326925,11.9600506671203,7.15843415607634,7.41485262270708,7.19737958910684,9.43424082388328
"AAD021_002081",0,4.88777910504077,2.69923355274996,0,7.10858832191892,13.4695683491883,15.5974288414785,3.02932314720713,14.7950133182978,0,4.40242026980776,5.98002533356017,0,2.67758566931089,1.1072891675549,0
"AAD021_002083",11.3235807064143,6.28428742076671,8.09770065824988,5.29720352392352,2.36952944063964,1.12246402909903,3.93071933270503,4.0390975296095,4.2271466623708,0,5.86989369307702,7.1760304002722,4.47402134754771,5.76710759543884,4.98280125399704,12.5789877651777
"AAD021_002092",3.7745269021381,3.49127078931484,4.4987225879166,0,4.73905888127928,2.24492805819806,6.56513760887967,12.209090259956,0,0,0,1.19600506671203,5.36882561705725,3.91339443976207,0.55364458377745,6.28949388258885
"AAD021_002093",18.8726345106905,5.58603326290374,5.39846710549992,0,7.10858832191892,6.73478417459417,11.7085256718873,5.59965793877681,10.567866655927,0,4.40242026980776,4.78402026684813,4.47402134754771,5.56113946703031,4.98280125399704,0
"AAD021_002096",15.0981076085524,4.88777910504077,7.19795614066656,5.29720352392352,7.10858832191892,15.7144964073864,20.2808391102334,9.17976711274887,8.45429332474161,0,2.93494684653851,8.37203546698423,14.3168683121527,6.38501198066443,7.19737958910684,15.7237347064721
"AAD021_002098",3.7745269021381,3.49127078931484,6.29821162308324,5.29720352392352,7.10858832191892,5.61232014549514,4.43251329007163,2.57033479156968,2.1135733311854,0,1.46747342326925,5.98002533356017,2.68441280852863,3.50145818294501,2.2145783351098,0
"AAD021_002100",0,5.58603326290374,1.79948903516664,0,5.9238236015991,4.48985611639611,6.56513760887967,2.57033479156968,4.2271466623708,0,2.93494684653851,2.39201013342407,8.94804269509542,3.70742631135354,2.2145783351098,0
"AAD021_002103",11.3235807064143,9.07730405221858,8.09770065824988,0,11.8476472031982,8.97971223279222,6.69058609822132,5.23246725426686,6.34071999355621,10.2131325444004,5.86989369307702,8.37203546698423,6.2636298865668,6.79694823748149,4.4291566702196,3.14474694129443
"AAD021_002105",7.54905380427619,9.07730405221858,8.9974451758332,15.8916105717705,20.1410002454369,6.73478417459417,31.6130193140958,5.87505095215928,4.2271466623708,20.4262650888008,4.40242026980776,7.1760304002722,8.94804269509542,4.73726695339619,4.98280125399704,3.14474694129443
"AAD021_002120",0,4.18952494717781,5.39846710549992,0,3.55429416095946,6.73478417459417,6.77421842444909,2.75393013382466,4.2271466623708,0,2.93494684653851,2.39201013342407,0.894804269509542,3.50145818294501,1.1072891675549,6.28949388258885
"AAD021_002152",7.54905380427619,2.0947624735889,7.19795614066656,5.29720352392352,5.9238236015991,2.24492805819806,4.64159410564104,8.26179040147398,8.45429332474161,0,8.80484053961553,5.98002533356017,5.36882561705725,6.59098010907296,5.5364458377745,3.14474694129443
"AAD021_002153",3.7745269021381,5.58603326290374,0.89974451758332,0,2.36952944063964,2.24492805819806,3.59619002779396,3.02932314720713,2.1135733311854,0,4.40242026980776,1.19600506671203,2.68441280852863,4.1193625681706,1.66093375133235,0
"AAD021_002154",18.8726345106905,4.88777910504077,6.29821162308324,5.29720352392352,4.73905888127928,10.1021762618913,8.44686494900442,6.33403930779672,10.567866655927,20.4262650888008,13.2072608094233,7.1760304002722,8.05323842558588,6.59098010907296,5.5364458377745,12.5789877651777
"AAD021_002155",0,9.77555821008155,2.69923355274996,15.8916105717705,3.55429416095946,3.36739208729708,4.93430724743823,3.94729985848201,2.1135733311854,0,1.46747342326925,1.19600506671203,0.894804269509542,5.35517133862178,2.2145783351098,0
"AAD021_002157",7.54905380427619,4.88777910504077,0.89974451758332,0,7.10858832191892,6.73478417459417,8.40504878589054,4.31449054299197,2.1135733311854,20.4262650888008,1.46747342326925,8.37203546698423,4.47402134754771,3.08952192612795,4.4291566702196,3.14474694129443
"AAD021_002164",3.7745269021381,2.0947624735889,0.89974451758332,5.29720352392352,3.55429416095946,4.48985611639611,1.33811721964426,7.52740903245407,2.1135733311854,0,19.0771545025003,9.56804053369627,2.68441280852863,3.70742631135354,4.4291566702196,12.5789877651777
"AAD021_002171",15.0981076085524,7.68079573649265,7.19795614066656,5.29720352392352,17.7714708047973,7.8572482036932,14.0502308062648,21.2970597015774,8.45429332474161,0,14.6747342326925,14.3520608005444,13.4220640426431,16.2714821442739,11.072891675549,15.7237347064721
"AAD021_002175",45.2943228256572,13.9650831572594,17.0951458340831,21.1888140956941,22.5105296860766,13.4695683491883,15.6392450045923,62.9732023934572,10.567866655927,61.2787952664022,20.5446279257696,14.3520608005444,35.7921707803817,21.6266534828957,23.2530725186529,25.1579755303554
"AAD021_002176",3.7745269021381,9.07730405221858,10.7969342109998,0,10.6628824828784,8.97971223279222,7.35964470804346,15.3302110782906,10.567866655927,10.2131325444004,16.1422076559618,10.7640456004083,13.4220640426431,12.5640558329203,17.7166266808784,25.1579755303554
"AAD021_002177",0,20.2493705780261,19.794379386833,0,14.2171766438378,13.4695683491883,12.6702974235066,14.2286390247607,4.2271466623708,0,11.739787386154,8.37203546698423,15.2116725816622,6.38501198066443,5.5364458377745,18.8684816477666
"AAD021_002178",7.54905380427619,4.88777910504077,7.19795614066656,15.8916105717705,10.6628824828784,10.1021762618913,8.19596797032112,6.60943232117919,4.2271466623708,0,7.33736711634627,8.37203546698423,3.57921707803817,6.59098010907296,3.87551208644215,6.28949388258885
"AAD021_002180",7.54905380427619,8.37904989435561,6.29821162308324,0,3.55429416095946,1.12246402909903,4.68341026875493,8.62898108598394,6.34071999355621,0,1.46747342326925,5.98002533356017,4.47402134754771,9.47453390679239,8.30466875666174,9.43424082388328
"AAD021_002188",11.3235807064143,7.68079573649265,8.9974451758332,10.594407047847,3.55429416095946,2.24492805819806,3.93071933270503,13.4942576557408,2.1135733311854,10.2131325444004,8.80484053961553,7.1760304002722,8.05323842558588,11.5342151908777,13.8411145944362,6.28949388258885
"AAD021_002191",7.54905380427619,25.1371496830668,19.794379386833,0,11.8476472031982,16.8369604364854,21.9116694716748,4.95707424088439,23.2493066430394,0,8.80484053961553,4.78402026684813,12.5272597731336,4.94323508180472,1.66093375133235,6.28949388258885
"AAD021_002192",0,4.88777910504077,0.89974451758332,5.29720352392352,0,0,1.96535966635251,3.85550218735453,0,0,1.46747342326925,3.5880152001361,2.68441280852863,5.76710759543884,1.1072891675549,3.14474694129443
"AAD021_002193",3.7745269021381,23.7406413673409,20.6941239044164,15.8916105717705,29.6191180079955,10.1021762618913,13.4229883595565,15.4220087494181,14.7950133182978,0,7.33736711634627,14.3520608005444,18.7908896597004,14.2118008601886,15.5020483457686,9.43424082388328
"AAD021_002202",33.9707421192429,25.1371496830668,45.8869703967493,15.8916105717705,27.2495885673559,79.694946066031,18.8590895643614,16.9825691585854,63.4071999355621,40.8525301776015,29.3494684653851,16.7440709339685,24.1597152767576,19.3610040704018,13.8411145944362,18.8684816477666
"AAD021_002214",0,12.5685748415334,8.9974451758332,5.29720352392352,16.5867060844775,7.8572482036932,6.69058609822132,3.39651383171708,6.34071999355621,0,1.46747342326925,7.1760304002722,3.57921707803817,1.85371315567677,1.66093375133235,3.14474694129443
"AAD021_002218",3.7745269021381,9.07730405221858,11.6966787285832,0,2.36952944063964,5.61232014549514,3.13621223354125,3.12112081833462,4.2271466623708,0,4.40242026980776,3.5880152001361,5.36882561705725,6.38501198066443,5.5364458377745,6.28949388258885
"AAD021_002222",0,20.947624735889,16.1954013164998,10.594407047847,65.1620596175901,11.2246402909903,16.851913734895,2.38673944931471,76.0886399226745,71.4919278108026,4.40242026980776,3.5880152001361,2.68441280852863,2.67758566931089,7.19737958910684,0
"AAD021_002224",143.432022281248,122.194477626019,123.264998908915,132.430088098088,212.072884937248,66.2253777168427,65.4841114363412,135.860553268683,63.4071999355621,20.4262650888008,170.226917099234,129.1685472049,114.534946497221,111.016821212198,164.432441381902,194.974310360254
"AAD021_002227",3.7745269021381,23.7406413673409,18.8946348692497,0,21.3257649657568,29.1840647565747,26.5950797404298,5.6914556099043,29.5900266365956,10.2131325444004,4.40242026980776,16.7440709339685,10.7376512341145,12.3580877045118,8.30466875666174,12.5789877651777
"AAD021_002239",11.3235807064143,4.88777910504077,3.59897807033328,5.29720352392352,2.36952944063964,6.73478417459417,2.29988897126358,3.12112081833462,2.1135733311854,0,1.46747342326925,7.1760304002722,3.57921707803817,4.53129882498766,4.4291566702196,0
"AAD021_002240",3.7745269021381,16.0598456308483,16.1954013164998,5.29720352392352,9.47811776255856,14.5920323782874,6.39787295642414,7.06842067681663,12.6814399871124,20.4262650888008,5.86989369307702,11.9600506671203,11.632455503624,8.03275700793268,3.3218675026647,3.14474694129443
"AAD021_002246",3.7745269021381,2.79301663145187,1.79948903516664,5.29720352392352,2.36952944063964,3.36739208729708,1.92354350323863,3.2129184894621,4.2271466623708,0,14.6747342326925,14.3520608005444,8.94804269509542,7.00291636589002,17.7166266808784,22.013228589061
"AAD021_002247",15.0981076085524,20.947624735889,0.89974451758332,5.29720352392352,3.55429416095946,0,7.61054168672676,3.02932314720713,4.2271466623708,10.2131325444004,14.6747342326925,14.3520608005444,13.4220640426431,8.8566295215668,22.145783351098,3.14474694129443
"AAD021_002249",3.7745269021381,5.58603326290374,5.39846710549992,5.29720352392352,4.73905888127928,1.12246402909903,3.13621223354125,2.93752547607964,0,10.2131325444004,2.93494684653851,5.98002533356017,6.2636298865668,3.70742631135354,6.64373500532939,3.14474694129443
"AAD021_002253",15.0981076085524,10.4738123679445,14.3959122813331,15.8916105717705,11.8476472031982,13.4695683491883,17.7718693234004,18.7267249100077,19.0221599806686,0,5.86989369307702,11.9600506671203,13.4220640426431,16.4774502726824,23.8067171024303,28.3027224716498
"AAD021_002256",11.3235807064143,6.28428742076671,4.4987225879166,0,7.10858832191892,4.48985611639611,3.55437386468008,12.6680786155934,2.1135733311854,20.4262650888008,2.93494684653851,3.5880152001361,6.2636298865668,9.68050203520091,3.87551208644215,0
"AAD021_002257",3.7745269021381,21.645878893752,15.2956567989164,5.29720352392352,16.5867060844775,17.9594244655844,13.3393560333288,12.025494917701,16.9085866494832,0,17.6096810792311,11.9600506671203,8.94804269509542,17.095354657908,12.7338254268813,15.7237347064721
"AAD021_002269",0,13.2668289993964,21.5938684219997,0,4.73905888127928,1.12246402909903,14.5520247636314,9.54695779725883,12.6814399871124,40.8525301776015,5.86989369307702,13.1560557338324,8.94804269509542,11.7401833192862,9.41195792421664,3.14474694129443
"AAD021_002270",3.7745269021381,2.79301663145187,8.9974451758332,10.594407047847,13.032411923518,2.24492805819806,5.85426283594366,10.0059461528963,4.2271466623708,0,2.93494684653851,8.37203546698423,13.4220640426431,9.47453390679239,8.85831334043919,9.43424082388328
"AAD021_002272",0,3.49127078931484,0.89974451758332,10.594407047847,5.9238236015991,0,1.92354350323863,7.52740903245407,0,0,0,3.5880152001361,3.57921707803817,6.79694823748149,6.09009042155194,0
"AAD021_002293",3.7745269021381,3.49127078931484,3.59897807033328,5.29720352392352,3.55429416095946,3.36739208729708,3.34529304911066,3.12112081833462,2.1135733311854,10.2131325444004,5.86989369307702,1.19600506671203,1.78960853901908,5.35517133862178,1.66093375133235,6.28949388258885
"AAD021_002294",15.0981076085524,5.58603326290374,3.59897807033328,10.594407047847,2.36952944063964,3.36739208729708,3.5125577015662,2.29494177818722,6.34071999355621,0,1.46747342326925,3.5880152001361,1.78960853901908,3.50145818294501,2.76822291888725,0
"AAD021_002295",0,5.58603326290374,1.79948903516664,5.29720352392352,1.18476472031982,1.12246402909903,2.04899199258028,5.59965793877681,0,0,2.93494684653851,7.1760304002722,2.68441280852863,3.91339443976207,0.55364458377745,3.14474694129443
"AAD021_002297",30.1962152171048,7.68079573649265,15.2956567989164,10.594407047847,11.8476472031982,19.0818884946835,45.2869046523356,24.050989835402,14.7950133182978,0,13.2072608094233,10.7640456004083,18.7908896597004,10.9163108056521,8.85831334043919,15.7237347064721
"AAD021_002299",94.3631725534524,46.0847744189559,48.5862039494993,37.0804246674646,24.8800591267162,29.1840647565747,35.0001285263203,55.4457933610032,16.9085866494832,51.0656627220019,44.0242026980776,45.4481925350573,25.0545195462672,52.3159046157666,38.7551208644215,56.6054449432997
"AAD021_002301",18.8726345106905,2.79301663145187,5.39846710549992,5.29720352392352,2.36952944063964,11.2246402909903,8.53049727523219,7.3438136901991,4.2271466623708,0,4.40242026980776,2.39201013342407,8.94804269509542,4.73726695339619,7.75102417288429,3.14474694129443
"AAD021_002305",3.7745269021381,9.07730405221858,7.19795614066656,5.29720352392352,0,2.24492805819806,0.669058609822132,1.28516739578484,6.34071999355621,0,0,2.39201013342407,8.05323842558588,5.14920321021325,2.2145783351098,0
"AAD021_002309",3.7745269021381,4.18952494717781,1.79948903516664,0,8.29335304223874,3.36739208729708,3.63800619090785,3.39651383171708,2.1135733311854,0,5.86989369307702,2.39201013342407,4.47402134754771,6.38501198066443,4.4291566702196,9.43424082388328
"AAD021_002310",7.54905380427619,6.28428742076671,2.69923355274996,0,4.73905888127928,5.61232014549514,2.71805060240241,2.29494177818722,2.1135733311854,0,0,1.19600506671203,5.36882561705725,4.94323508180472,3.87551208644215,3.14474694129443
"AAD021_002312",7.54905380427619,4.18952494717781,10.7969342109998,0,3.55429416095946,6.73478417459417,4.13980014827444,3.2129184894621,0,10.2131325444004,7.33736711634627,10.7640456004083,5.36882561705725,8.2387251363412,6.09009042155194,3.14474694129443
"AAD021_002313",11.3235807064143,21.645878893752,12.5964232461665,5.29720352392352,23.6952944063964,2.24492805819806,8.15415180720724,32.5881732502585,8.45429332474161,20.4262650888008,29.3494684653851,32.2921368012249,13.4220640426431,64.6739923202785,36.5405425293117,18.8684816477666
"AAD021_002315",0,3.49127078931484,5.39846710549992,5.29720352392352,1.18476472031982,1.12246402909903,1.12903640407485,3.39651383171708,2.1135733311854,0,0,1.19600506671203,0.894804269509542,4.73726695339619,0.55364458377745,6.28949388258885
"AAD021_002316",3.7745269021381,7.68079573649265,3.59897807033328,0,2.36952944063964,5.61232014549514,2.67623443928853,9.82235081064129,2.1135733311854,0,0,5.98002533356017,5.36882561705725,9.68050203520091,3.87551208644215,6.28949388258885
"AAD021_002317",30.1962152171048,48.1795368925448,29.6915690802496,21.1888140956941,59.238236015991,88.6746582988232,69.2893822797046,24.785371204422,76.0886399226745,30.6393976332011,55.7639900842317,31.0961317345129,36.6869750498912,13.7998646033715,17.7166266808784,3.14474694129443
"AAD021_002324",3.7745269021381,19.5511164201631,17.0951458340831,0,13.032411923518,3.36739208729708,3.97253549581891,15.0548180649081,6.34071999355621,0,5.86989369307702,11.9600506671203,9.84284696460496,14.6237371170056,14.3947591782137,6.28949388258885
"AAD021_002326",3.7745269021381,4.88777910504077,8.09770065824988,10.594407047847,1.18476472031982,5.61232014549514,10.746753920268,7.06842067681663,2.1135733311854,10.2131325444004,7.33736711634627,1.19600506671203,3.57921707803817,5.56113946703031,4.98280125399704,15.7237347064721
"AAD021_002330",3.7745269021381,12.5685748415334,12.5964232461665,5.29720352392352,4.73905888127928,3.36739208729708,8.4886811121183,5.96684862328677,4.2271466623708,20.4262650888008,4.40242026980776,7.1760304002722,5.36882561705725,7.20888449429855,6.09009042155194,6.28949388258885
"AAD021_002331",11.3235807064143,11.1720665258075,12.5964232461665,10.594407047847,8.29335304223874,4.48985611639611,5.51973353103259,4.22269287186448,8.45429332474161,10.2131325444004,4.40242026980776,10.7640456004083,8.05323842558588,6.79694823748149,1.66093375133235,6.28949388258885
"AAD021_002334",11.3235807064143,9.77555821008155,9.89718969341652,5.29720352392352,8.29335304223874,15.7144964073864,5.56154969414648,5.96684862328677,6.34071999355621,0,8.80484053961553,10.7640456004083,5.36882561705725,11.9461514476947,9.96560250799409,3.14474694129443
"AAD021_002336",11.3235807064143,5.58603326290374,2.69923355274996,5.29720352392352,4.73905888127928,5.61232014549514,2.63441827617465,2.57033479156968,6.34071999355621,10.2131325444004,7.33736711634627,5.98002533356017,1.78960853901908,5.56113946703031,3.87551208644215,0
"AAD021_002338",3.7745269021381,11.1720665258075,12.5964232461665,21.1888140956941,31.9886474486351,22.4492805819806,33.4529304911066,8.53718341485645,21.135733311854,0,17.6096810792311,5.98002533356017,5.36882561705725,15.0356733738227,11.6265362593264,9.43424082388328
"AAD021_002340",7.54905380427619,11.8703206836705,2.69923355274996,0,10.6628824828784,13.4695683491883,16.1410389619589,19.920094634665,8.45429332474161,0,4.40242026980776,13.1560557338324,10.7376512341145,27.187792949926,28.2358737726499,12.5789877651777
"AAD021_002344",7.54905380427619,6.98254157862968,3.59897807033328,5.29720352392352,1.18476472031982,2.24492805819806,3.93071933270503,4.13089520073699,2.1135733311854,0,4.40242026980776,9.56804053369627,3.57921707803817,6.79694823748149,4.4291566702196,6.28949388258885
"AAD021_002345",3.7745269021381,2.79301663145187,3.59897807033328,5.29720352392352,3.55429416095946,1.12246402909903,5.18520422612153,7.71100437470905,6.34071999355621,0,4.40242026980776,3.5880152001361,8.05323842558588,6.59098010907296,5.5364458377745,9.43424082388328
"AAD021_002352",3.7745269021381,6.28428742076671,12.5964232461665,5.29720352392352,2.36952944063964,4.48985611639611,10.4958569415847,14.2286390247607,4.2271466623708,10.2131325444004,8.80484053961553,7.1760304002722,8.05323842558588,4.53129882498766,8.30466875666174,15.7237347064721
"AAD021_002355",7.54905380427619,4.88777910504077,4.4987225879166,0,3.55429416095946,2.24492805819806,4.2652486376161,4.40628821411946,6.34071999355621,0,1.46747342326925,9.56804053369627,4.47402134754771,7.41485262270708,2.76822291888725,9.43424082388328
"AAD021_002360",3.7745269021381,6.98254157862968,1.79948903516664,0,2.36952944063964,5.61232014549514,2.09080815569416,2.84572780495215,4.2271466623708,10.2131325444004,5.86989369307702,3.5880152001361,8.05323842558588,3.50145818294501,4.98280125399704,6.28949388258885
"AAD021_002362",37.745269021381,19.5511164201631,41.3882478088327,10.594407047847,16.5867060844775,8.97971223279222,13.2975398702149,44.2464774834496,2.1135733311854,30.6393976332011,16.1422076559618,19.1360810673925,23.2649110072481,32.5429642885478,33.7723196104244,15.7237347064721
"AAD021_002363",3.7745269021381,9.77555821008155,6.29821162308324,5.29720352392352,9.47811776255856,0,1.92354350323863,4.40628821411946,2.1135733311854,0,1.46747342326925,3.5880152001361,2.68441280852863,3.08952192612795,3.87551208644215,6.28949388258885
"AAD021_002367",7.54905380427619,6.28428742076671,5.39846710549992,0,9.47811776255856,6.73478417459417,5.56154969414648,5.78325328103179,6.34071999355621,0,5.86989369307702,7.1760304002722,9.84284696460496,7.62082075111561,8.85831334043919,15.7237347064721
"AAD021_002370",11.3235807064143,6.28428742076671,13.4961677637498,5.29720352392352,2.36952944063964,3.36739208729708,4.09798398516056,7.71100437470905,12.6814399871124,20.4262650888008,13.2072608094233,1.19600506671203,28.6337366243053,5.14920321021325,7.75102417288429,3.14474694129443
"AAD021_002372",0,3.49127078931484,0.89974451758332,5.29720352392352,3.55429416095946,1.12246402909903,7.10874772936016,6.05864629441425,4.2271466623708,0,4.40242026980776,2.39201013342407,2.68441280852863,5.14920321021325,1.66093375133235,0
"AAD021_002374",11.3235807064143,17.4563539465742,4.4987225879166,10.594407047847,9.47811776255856,6.73478417459417,8.82321041702937,8.72077875711143,4.2271466623708,20.4262650888008,10.2723139628848,10.7640456004083,13.4220640426431,8.44469326474973,12.1801808431039,9.43424082388328
"AAD021_002377",0,6.28428742076671,4.4987225879166,5.29720352392352,1.18476472031982,11.2246402909903,6.02152748839919,2.57033479156968,8.45429332474161,0,19.0771545025003,2.39201013342407,2.68441280852863,4.1193625681706,4.4291566702196,3.14474694129443
"AAD021_002383",7.54905380427619,17.4563539465742,8.09770065824988,47.6748317153116,28.4343532876757,21.3268165528815,51.1829836513931,70.6842067681663,12.6814399871124,20.4262650888008,22.0121013490388,26.3121114676647,12.5272597731336,62.4083429077846,22.6994279348754,18.8684816477666
"AAD021_002392",3.7745269021381,20.2493705780261,17.0951458340831,10.594407047847,8.29335304223874,25.8166726692776,14.0920469693787,5.41606259652183,6.34071999355621,0,5.86989369307702,11.9600506671203,5.36882561705725,11.9461514476947,6.64373500532939,0
"AAD021_002393",3.7745269021381,3.49127078931484,6.29821162308324,0,1.18476472031982,5.61232014549514,2.71805060240241,6.05864629441425,2.1135733311854,0,7.33736711634627,0,6.2636298865668,6.1790438522559,5.5364458377745,3.14474694129443
"AAD021_002395",7.54905380427619,4.18952494717781,8.09770065824988,5.29720352392352,7.10858832191892,10.1021762618913,8.86502658014325,4.49808588524695,4.2271466623708,0,10.2723139628848,4.78402026684813,8.94804269509542,6.79694823748149,8.30466875666174,3.14474694129443
"AAD021_002399",11.3235807064143,4.18952494717781,2.69923355274996,5.29720352392352,2.36952944063964,4.48985611639611,8.65594576457384,5.50786026764932,0,0,11.739787386154,5.98002533356017,5.36882561705725,5.76710759543884,3.3218675026647,6.28949388258885
"AAD021_002400",45.2943228256572,4.88777910504077,11.6966787285832,47.6748317153116,7.10858832191892,25.8166726692776,14.5938409267453,19.8282969635376,8.45429332474161,20.4262650888008,20.5446279257696,19.1360810673925,8.05323842558588,17.095354657908,33.7723196104244,44.026457178122
"AAD021_002401",7.54905380427619,9.77555821008155,7.19795614066656,0,8.29335304223874,15.7144964073864,12.7539297497344,7.98639738809152,4.2271466623708,0,5.86989369307702,4.78402026684813,16.1064768511718,4.94323508180472,6.09009042155194,12.5789877651777
"AAD021_002405",33.9707421192429,12.5685748415334,26.9923355274996,15.8916105717705,21.3257649657568,10.1021762618913,18.7336410750197,30.3850291431988,19.0221599806686,20.4262650888008,16.1422076559618,20.3320861341046,27.7389323547958,15.6535777590483,29.3431629402048,28.3027224716498
"AAD021_002408",7.54905380427619,4.18952494717781,5.39846710549992,5.29720352392352,3.55429416095946,6.73478417459417,2.63441827617465,4.40628821411946,6.34071999355621,0,2.93494684653851,2.39201013342407,7.15843415607634,4.73726695339619,3.3218675026647,0
"AAD021_002412",0,5.58603326290374,5.39846710549992,10.594407047847,7.10858832191892,8.97971223279222,9.7431660055348,12.9434716289759,2.1135733311854,0,7.33736711634627,7.1760304002722,8.05323842558588,14.8297052454142,19.3775604322107,6.28949388258885
"AAD021_002418",3.7745269021381,2.79301663145187,1.79948903516664,5.29720352392352,0,8.97971223279222,7.06693156624627,3.85550218735453,8.45429332474161,0,8.80484053961553,4.78402026684813,10.7376512341145,4.94323508180472,8.30466875666174,3.14474694129443
"AAD021_002422",0,13.2668289993964,0.89974451758332,10.594407047847,11.8476472031982,5.61232014549514,11.2485478776346,9.17976711274887,4.2271466623708,0,4.40242026980776,10.7640456004083,7.15843415607634,9.88647016360945,8.85831334043919,0
"AAD021_002423",3.7745269021381,5.58603326290374,0.89974451758332,0,1.18476472031982,1.12246402909903,2.04899199258028,3.76370451622704,2.1135733311854,10.2131325444004,1.46747342326925,4.78402026684813,3.57921707803817,5.97307572384737,4.98280125399704,3.14474694129443
"AAD021_002427",0,2.79301663145187,0.89974451758332,5.29720352392352,5.9238236015991,4.48985611639611,8.82321041702937,5.6914556099043,2.1135733311854,0,11.739787386154,2.39201013342407,26.8441280852863,1.23580877045118,13.2874700106588,0
"AAD021_002428",0,0,4.4987225879166,0,54.4991771347117,79.694946066031,56.7445333455396,3.39651383171708,23.2493066430394,0,2.93494684653851,2.39201013342407,28.6337366243053,0.82387251363412,4.98280125399704,0
"AAD021_002429",3.7745269021381,0,1.79948903516664,0,2.36952944063964,4.48985611639611,24.1697422798245,33.5979476326609,0,0,7.33736711634627,14.3520608005444,83.2167970643874,1.64774502726824,38.7551208644215,0
"AAD021_002430",0,3.49127078931484,2.69923355274996,0,16.5867060844775,8.97971223279222,9.86861449487645,2.93752547607964,4.2271466623708,0,2.93494684653851,3.5880152001361,10.7376512341145,1.85371315567677,3.87551208644215,0
"AAD021_002433",0,5.58603326290374,3.59897807033328,5.29720352392352,1.18476472031982,4.48985611639611,3.55437386468008,6.60943232117919,2.1135733311854,0,1.46747342326925,10.7640456004083,4.47402134754771,3.70742631135354,7.19737958910684,3.14474694129443
"AAD021_002438",0,6.28428742076671,7.19795614066656,5.29720352392352,3.55429416095946,3.36739208729708,3.09439607042736,3.67190684509955,6.34071999355621,0,1.46747342326925,2.39201013342407,2.68441280852863,4.73726695339619,3.3218675026647,0
"AAD021_002439",11.3235807064143,11.1720665258075,11.6966787285832,26.4860176196176,11.8476472031982,16.8369604364854,23.0825220388636,14.2286390247607,12.6814399871124,0,26.4145216188466,13.1560557338324,16.1064768511718,9.88647016360945,15.5020483457686,12.5789877651777
"AAD021_002441",11.3235807064143,9.07730405221858,7.19795614066656,5.29720352392352,10.6628824828784,4.48985611639611,7.15056389247404,8.9043740993664,2.1135733311854,10.2131325444004,10.2723139628848,9.56804053369627,8.05323842558588,11.1222789340606,14.3947591782137,6.28949388258885
"AAD021_002443",33.9707421192429,20.2493705780261,24.2931019747496,15.8916105717705,17.7714708047973,19.0818884946835,20.1972067840056,35.6174963974656,29.5900266365956,20.4262650888008,33.7518887351929,35.880152001361,19.6856939292099,23.8923028953895,17.7166266808784,25.1579755303554
"AAD021_002444",7.54905380427619,5.58603326290374,8.09770065824988,15.8916105717705,0,16.8369604364854,6.48150528265191,7.3438136901991,6.34071999355621,0,8.80484053961553,7.1760304002722,8.05323842558588,8.44469326474973,4.4291566702196,0
"AAD021_002450",3.7745269021381,6.98254157862968,9.89718969341652,15.8916105717705,4.73905888127928,3.36739208729708,4.34888096384386,10.7403275219162,0,20.4262650888008,4.40242026980776,1.19600506671203,8.05323842558588,9.88647016360945,9.96560250799409,0
"AAD021_002451",56.6179035320715,49.5760452082707,38.6890142560828,47.6748317153116,24.8800591267162,37.0413129602679,30.8603283780459,72.4283625195886,25.3628799742248,30.6393976332011,35.2193621584621,66.9762837358739,39.3713878584199,98.4527653792774,73.6347296424008,37.7369632955331
"AAD021_002454",7.54905380427619,4.88777910504077,6.29821162308324,26.4860176196176,13.032411923518,5.61232014549514,5.72881434660201,13.0352693001034,4.2271466623708,0,4.40242026980776,10.7640456004083,7.15843415607634,9.26856577838386,10.5192470917715,9.43424082388328
"AAD021_002460",3.7745269021381,2.0947624735889,0.89974451758332,0,3.55429416095946,5.61232014549514,6.35605679331026,6.15044396554174,6.34071999355621,0,0,5.98002533356017,2.68441280852863,6.79694823748149,8.30466875666174,12.5789877651777
"AAD021_002461",0,4.18952494717781,3.59897807033328,0,1.18476472031982,3.36739208729708,2.84349909174406,2.93752547607964,4.2271466623708,0,4.40242026980776,7.1760304002722,6.2636298865668,6.1790438522559,4.4291566702196,6.28949388258885
"AAD021_002462",7.54905380427619,6.28428742076671,2.69923355274996,0,1.18476472031982,4.48985611639611,2.63441827617465,4.40628821411946,0,0,1.46747342326925,7.1760304002722,0,8.44469326474973,8.30466875666174,3.14474694129443
"AAD021_002463",45.2943228256572,50.9725535239967,50.3856929846659,37.0804246674646,45.0210593721532,30.3065287856738,20.1553906208917,38.1878311890353,12.6814399871124,30.6393976332011,41.0892558515391,47.8402026684813,63.5311031351775,37.8981356271695,57.0253921290773,28.3027224716498
"AAD021_002464",0,3.49127078931484,1.79948903516664,0,2.36952944063964,11.2246402909903,8.78139425391549,3.2129184894621,4.2271466623708,0,4.40242026980776,5.98002533356017,4.47402134754771,4.32533069657913,4.98280125399704,6.28949388258885
"AAD021_002469",0,6.28428742076671,8.9974451758332,0,4.73905888127928,5.61232014549514,5.43610120480483,10.0977438240238,4.2271466623708,0,2.93494684653851,1.19600506671203,7.15843415607634,6.38501198066443,12.1801808431039,9.43424082388328
"AAD021_002471",0,1.39650831572594,1.79948903516664,0,13.032411923518,11.2246402909903,19.8208613159807,5.59965793877681,8.45429332474161,0,2.93494684653851,7.1760304002722,2.68441280852863,5.14920321021325,4.98280125399704,12.5789877651777
"AAD021_002472",11.3235807064143,0,2.69923355274996,5.29720352392352,3.55429416095946,7.8572482036932,13.1302752177593,3.94729985848201,8.45429332474161,10.2131325444004,1.46747342326925,3.5880152001361,2.68441280852863,4.1193625681706,5.5364458377745,3.14474694129443
"AAD021_002481",15.0981076085524,8.37904989435561,8.09770065824988,10.594407047847,15.4019413641577,11.2246402909903,9.82679833176257,16.0645924473105,4.2271466623708,0,13.2072608094233,11.9600506671203,5.36882561705725,21.0087490976701,26.5749400213176,18.8684816477666
"AAD021_002483",0,4.88777910504077,5.39846710549992,10.594407047847,4.73905888127928,2.24492805819806,5.26883655234929,5.14066958313937,6.34071999355621,20.4262650888008,0,3.5880152001361,4.47402134754771,3.91339443976207,4.98280125399704,6.28949388258885
"AAD021_002489",0,2.79301663145187,5.39846710549992,0,7.10858832191892,2.24492805819806,2.2580728081497,4.95707424088439,0,0,0,1.19600506671203,6.2636298865668,7.20888449429855,3.3218675026647,0
"AAD021_002493",0,4.18952494717781,5.39846710549992,5.29720352392352,1.18476472031982,2.24492805819806,3.55437386468008,2.84572780495215,2.1135733311854,0,2.93494684653851,0,6.2636298865668,3.08952192612795,2.2145783351098,3.14474694129443
"AAD021_002494",3.7745269021381,3.49127078931484,4.4987225879166,5.29720352392352,3.55429416095946,13.4695683491883,8.32141645966277,14.4122343670157,6.34071999355621,0,13.2072608094233,9.56804053369627,4.47402134754771,15.4476096306398,13.8411145944362,15.7237347064721
"AAD021_002495",0,6.28428742076671,13.4961677637498,0,4.73905888127928,3.36739208729708,3.0107637441996,7.52740903245407,2.1135733311854,0,1.46747342326925,3.5880152001361,8.05323842558588,5.14920321021325,8.30466875666174,9.43424082388328
"AAD021_002496",11.3235807064143,5.58603326290374,13.4961677637498,0,15.4019413641577,16.8369604364854,5.31065271546318,5.14066958313937,10.567866655927,0,5.86989369307702,4.78402026684813,8.05323842558588,8.44469326474973,7.75102417288429,3.14474694129443
"AAD021_002497",0,4.88777910504077,3.59897807033328,5.29720352392352,3.55429416095946,5.61232014549514,2.67623443928853,3.39651383171708,0,0,1.46747342326925,2.39201013342407,0.894804269509542,4.1193625681706,1.66093375133235,0
"AAD021_002507",0,5.58603326290374,6.29821162308324,0,2.36952944063964,7.8572482036932,5.72881434660201,4.68168122750192,2.1135733311854,0,5.86989369307702,3.5880152001361,3.57921707803817,7.82678887952414,2.2145783351098,6.28949388258885
"AAD021_002508",3.7745269021381,5.58603326290374,1.79948903516664,5.29720352392352,3.55429416095946,5.61232014549514,3.38710921222455,6.60943232117919,2.1135733311854,0,1.46747342326925,4.78402026684813,8.05323842558588,5.76710759543884,6.09009042155194,3.14474694129443
"AAD021_002511",11.3235807064143,17.4563539465742,17.9948903516664,5.29720352392352,17.7714708047973,19.0818884946835,22.4134634290414,19.8282969635376,21.135733311854,30.6393976332011,8.80484053961553,21.5280912008166,14.3168683121527,21.0087490976701,15.5020483457686,12.5789877651777
"AAD021_002516",11.3235807064143,2.0947624735889,1.79948903516664,5.29720352392352,2.36952944063964,3.36739208729708,3.72163851713561,3.85550218735453,4.2271466623708,0,4.40242026980776,4.78402026684813,8.05323842558588,3.08952192612795,1.1072891675549,0
"AAD021_002521",7.54905380427619,2.0947624735889,2.69923355274996,0,1.18476472031982,2.24492805819806,7.77780633918229,6.05864629441425,2.1135733311854,10.2131325444004,4.40242026980776,5.98002533356017,6.2636298865668,4.94323508180472,4.4291566702196,15.7237347064721
"AAD021_002522",7.54905380427619,2.79301663145187,5.39846710549992,0,3.55429416095946,3.36739208729708,4.64159410564104,4.58988355637443,0,0,4.40242026980776,2.39201013342407,2.68441280852863,6.38501198066443,7.75102417288429,0
"AAD021_002526",3.7745269021381,4.18952494717781,4.4987225879166,0,62.7925301769505,7.8572482036932,30.1912697682237,0.642583697892421,10.567866655927,0,1.46747342326925,3.5880152001361,0.894804269509542,1.85371315567677,2.2145783351098,6.28949388258885
"AAD021_002527",400.099851626638,82.3939906278302,116.067042768248,195.99653038517,116.106942591342,112.246402909903,120.555998257325,166.520975425265,103.565093228085,61.2787952664022,271.482583304812,248.769053876103,79.6375799863493,136.968805391673,192.668315154552,374.224886014037
"AAD021_002529",0,10.4738123679445,9.89718969341652,5.29720352392352,4.73905888127928,5.61232014549514,7.06693156624627,3.67190684509955,4.2271466623708,10.2131325444004,1.46747342326925,3.5880152001361,5.36882561705725,4.1193625681706,2.2145783351098,6.28949388258885
"AAD021_002530",0,7.68079573649265,6.29821162308324,10.594407047847,4.73905888127928,4.48985611639611,6.48150528265191,9.82235081064129,0,10.2131325444004,5.86989369307702,7.1760304002722,3.57921707803817,6.38501198066443,7.75102417288429,3.14474694129443
"AAD021_002532",15.0981076085524,32.8179454195595,27.8920800450829,21.1888140956941,11.8476472031982,38.163776989367,14.3847601111758,12.1172925888285,29.5900266365956,10.2131325444004,14.6747342326925,13.1560557338324,17.0012811206813,12.5640558329203,11.072891675549,18.8684816477666
"AAD021_002533",0,5.58603326290374,1.79948903516664,0,1.18476472031982,3.36739208729708,3.80527084336338,3.39651383171708,2.1135733311854,0,1.46747342326925,0,1.78960853901908,5.56113946703031,1.1072891675549,0
"AAD021_002536",3.7745269021381,7.68079573649265,8.09770065824988,10.594407047847,8.29335304223874,6.73478417459417,4.39069712695774,5.59965793877681,8.45429332474161,0,5.86989369307702,9.56804053369627,1.78960853901908,7.82678887952414,7.19737958910684,12.5789877651777
"AAD021_002538",3.7745269021381,5.58603326290374,3.59897807033328,0,5.9238236015991,4.48985611639611,4.18161631138833,7.80280204583654,2.1135733311854,10.2131325444004,5.86989369307702,3.5880152001361,7.15843415607634,7.00291636589002,9.41195792421664,12.5789877651777
"AAD021_002542",3.7745269021381,14.6633373151223,14.3959122813331,5.29720352392352,15.4019413641577,1.12246402909903,13.2975398702149,14.5040320381432,2.1135733311854,0,1.46747342326925,11.9600506671203,13.4220640426431,11.1222789340606,15.5020483457686,25.1579755303554
"AAD021_002545",3.7745269021381,6.28428742076671,1.79948903516664,0,2.36952944063964,1.12246402909903,3.30347688599678,3.58010917397206,0,0,1.46747342326925,4.78402026684813,0.894804269509542,4.53129882498766,4.4291566702196,3.14474694129443
"AAD021_002549",3.7745269021381,10.4738123679445,1.79948903516664,5.29720352392352,5.9238236015991,4.48985611639611,5.72881434660201,5.6914556099043,6.34071999355621,0,0,0,6.2636298865668,10.7103426772436,4.4291566702196,9.43424082388328
"AAD021_002554",18.8726345106905,39.1022328403262,48.5862039494993,21.1888140956941,24.8800591267162,24.6942086401786,13.7575176644676,38.9222125580552,31.703599967781,10.2131325444004,33.7518887351929,32.2921368012249,42.0558006669485,31.9250599033222,26.0212954375401,15.7237347064721
"AAD021_002556",7.54905380427619,4.88777910504077,5.39846710549992,0,1.18476472031982,1.12246402909903,3.21984455976901,8.44538574372896,2.1135733311854,0,0,8.37203546698423,4.47402134754771,5.14920321021325,6.09009042155194,3.14474694129443
"AAD021_002563",7.54905380427619,5.58603326290374,1.79948903516664,0,1.18476472031982,2.24492805819806,5.35246887857706,3.85550218735453,0,0,1.46747342326925,4.78402026684813,7.15843415607634,3.50145818294501,3.3218675026647,0
"AAD021_002565",7.54905380427619,9.77555821008155,0.89974451758332,0,8.29335304223874,3.36739208729708,6.23060830396861,4.95707424088439,6.34071999355621,0,4.40242026980776,7.1760304002722,1.78960853901908,7.20888449429855,1.66093375133235,3.14474694129443
"AAD021_002567",33.9707421192429,17.4563539465742,17.0951458340831,15.8916105717705,13.032411923518,21.3268165528815,18.3572956069948,14.5040320381432,12.6814399871124,30.6393976332011,19.0771545025003,9.56804053369627,37.5817793194008,17.5072909147251,18.2702712646558,31.4474694129443
"AAD021_002568",45.2943228256572,83.7904989435561,106.169853074832,79.4580528588527,98.335471786545,97.6543705316154,45.4541693047911,32.0373872234936,86.6565065786015,40.8525301776015,32.2844153119236,41.8601773349212,67.1103202132157,36.6623268567184,48.1670787886381,40.8817102368275
"AAD021_002570",7.54905380427619,25.1371496830668,21.5938684219997,0,24.8800591267162,30.3065287856738,16.6010167562117,9.08796944162138,14.7950133182978,30.6393976332011,17.6096810792311,19.1360810673925,11.632455503624,19.5669721988104,14.9484037619911,9.43424082388328
"AAD021_002571",3.7745269021381,3.49127078931484,0.89974451758332,5.29720352392352,3.55429416095946,5.61232014549514,2.21625664503581,1.83595342254977,4.2271466623708,0,5.86989369307702,3.5880152001361,7.15843415607634,4.53129882498766,2.76822291888725,3.14474694129443
"AAD021_002574",7.54905380427619,4.18952494717781,4.4987225879166,5.29720352392352,8.29335304223874,2.24492805819806,6.69058609822132,7.89459971696403,6.34071999355621,20.4262650888008,8.80484053961553,1.19600506671203,6.2636298865668,5.14920321021325,7.19737958910684,15.7237347064721
"AAD021_002575",7.54905380427619,5.58603326290374,5.39846710549992,15.8916105717705,5.9238236015991,4.48985611639611,10.8303862464958,7.3438136901991,4.2271466623708,0,8.80484053961553,21.5280912008166,3.57921707803817,9.88647016360945,13.2874700106588,25.1579755303554
"AAD021_002578",67.9414842384857,48.8777910504078,84.5759846528321,74.1608493349292,73.4554126598288,80.81741009513,84.3850171638165,59.0259025349752,65.5207732667475,51.0656627220019,96.8532459357708,63.3882685357378,64.425907404687,56.4352671839372,143.393947198359,84.9081674149495
"AAD021_002579",7.54905380427619,4.88777910504077,1.79948903516664,0,3.55429416095946,11.2246402909903,3.97253549581891,2.84572780495215,6.34071999355621,0,5.86989369307702,1.19600506671203,4.47402134754771,4.32533069657913,3.3218675026647,0
"AAD021_002584",3.7745269021381,4.18952494717781,4.4987225879166,5.29720352392352,3.55429416095946,5.61232014549514,5.35246887857706,3.30471616058959,0,0,1.46747342326925,1.19600506671203,4.47402134754771,8.03275700793268,2.76822291888725,0
"AAD021_002586",7.54905380427619,13.2668289993964,6.29821162308324,5.29720352392352,14.2171766438378,25.8166726692776,13.4648045226704,8.81257642823891,6.34071999355621,20.4262650888008,4.40242026980776,5.98002533356017,7.15843415607634,11.7401833192862,9.96560250799409,6.28949388258885
"AAD021_002590",0,4.88777910504077,2.69923355274996,5.29720352392352,5.9238236015991,8.97971223279222,5.60336585726036,3.2129184894621,8.45429332474161,0,7.33736711634627,3.5880152001361,3.57921707803817,5.14920321021325,1.66093375133235,9.43424082388328
"AAD021_002593",3.7745269021381,10.4738123679445,4.4987225879166,0,4.73905888127928,0,4.22343247450221,7.89459971696403,2.1135733311854,0,4.40242026980776,1.19600506671203,15.2116725816622,18.5371315567677,9.41195792421664,3.14474694129443
"AAD021_002595",60.3924304342096,43.990011945367,47.686459431916,52.9720352392352,46.205824092473,86.4297302406252,55.1973353103259,62.5142140378198,92.9972265721577,40.8525301776015,60.1664103540394,53.8202280020415,33.1077579718531,58.288980339614,30.4504521077597,50.3159510607108
"AAD021_002598",26.4216883149667,43.291757787504,40.4885032912494,21.1888140956941,34.3581768892748,68.4703057750407,35.7110032992563,19.6447016212826,52.8393332796351,10.2131325444004,26.4145216188466,26.3121114676647,16.1064768511718,19.7729403272189,14.3947591782137,15.7237347064721
"AAD021_002599",11.3235807064143,10.4738123679445,1.79948903516664,5.29720352392352,8.29335304223874,5.61232014549514,12.5866650972789,5.14066958313937,4.2271466623708,10.2131325444004,2.93494684653851,3.5880152001361,17.8960853901908,7.62082075111561,7.75102417288429,9.43424082388328
"AAD021_002600",147.206549183386,234.613397041957,230.33459650133,111.241274002394,149.280354760297,363.678345428085,278.746543317146,122.82528396858,340.28530632085,102.131325444004,209.848699527503,173.420734673245,217.437437490819,114.106343138326,131.213766355256,113.210889886599
"AAD021_002601",0,2.79301663145187,3.59897807033328,0,23.6952944063964,12.3471043200893,29.4385788321738,2.29494177818722,14.7950133182978,10.2131325444004,4.40242026980776,2.39201013342407,1.78960853901908,4.32533069657913,1.1072891675549,3.14474694129443
"AAD021_002605",3.7745269021381,9.07730405221858,11.6966787285832,5.29720352392352,7.10858832191892,32.5514568438718,26.8459767191131,11.841899575446,14.7950133182978,0,13.2072608094233,9.56804053369627,5.36882561705725,11.9461514476947,9.96560250799409,6.28949388258885
"AAD021_002607",0,3.49127078931484,0.89974451758332,5.29720352392352,0,3.36739208729708,7.69417401295452,11.7501019043186,6.34071999355621,0,2.93494684653851,0,5.36882561705725,6.38501198066443,8.30466875666174,6.28949388258885
"AAD021_002611",15.0981076085524,13.2668289993964,13.4961677637498,10.594407047847,7.10858832191892,12.3471043200893,10.5794892678125,12.8516739578484,14.7950133182978,10.2131325444004,11.739787386154,4.78402026684813,13.4220640426431,12.9759920897374,16.6093375133235,9.43424082388328
"AAD021_002615",11.3235807064143,5.58603326290374,5.39846710549992,0,3.55429416095946,2.24492805819806,3.55437386468008,4.40628821411946,2.1135733311854,10.2131325444004,5.86989369307702,2.39201013342407,5.36882561705725,6.79694823748149,5.5364458377745,3.14474694129443
"AAD021_002617",7.54905380427619,4.18952494717781,3.59897807033328,0,13.032411923518,1.12246402909903,16.0574066357312,5.50786026764932,4.2271466623708,0,1.46747342326925,7.1760304002722,1.78960853901908,8.44469326474973,5.5364458377745,0
"AAD021_002621",26.4216883149667,30.0249287881076,26.9923355274996,47.6748317153116,29.6191180079955,42.6536331057631,27.4732191658213,12.025494917701,29.5900266365956,20.4262650888008,23.4795747723081,16.7440709339685,13.4220640426431,9.26856577838386,9.41195792421664,28.3027224716498
"AAD021_002623",3.7745269021381,14.6633373151223,5.39846710549992,0,9.47811776255856,4.48985611639611,6.81603458756297,5.6914556099043,8.45429332474161,10.2131325444004,2.93494684653851,4.78402026684813,8.05323842558588,8.03275700793268,8.30466875666174,3.14474694129443
"AAD021_002626",15.0981076085524,2.0947624735889,5.39846710549992,15.8916105717705,8.29335304223874,5.61232014549514,7.19238005558792,17.0743668297129,14.7950133182978,20.4262650888008,8.80484053961553,10.7640456004083,17.8960853901908,12.3580877045118,12.7338254268813,28.3027224716498
"AAD021_002627",0,6.28428742076671,12.5964232461665,0,5.9238236015991,7.8572482036932,5.31065271546318,2.4785371204422,4.2271466623708,0,0,2.39201013342407,3.57921707803817,1.44177689885971,1.1072891675549,0
"AAD021_002628",15.0981076085524,11.8703206836705,14.3959122813331,21.1888140956941,16.5867060844775,12.3471043200893,15.7228773308201,16.6153784740755,14.7950133182978,0,7.33736711634627,15.5480658672564,17.0012811206813,10.7103426772436,18.8239158484333,15.7237347064721
"AAD021_002629",0,4.18952494717781,3.59897807033328,0,10.6628824828784,4.48985611639611,2.09080815569416,3.39651383171708,0,0,4.40242026980776,5.98002533356017,5.36882561705725,3.70742631135354,3.3218675026647,0
"AAD021_002631",33.9707421192429,62.8428742076671,47.686459431916,52.9720352392352,47.3905888127928,92.0420503861203,42.3179570712499,27.0803129826092,78.2022132538599,30.6393976332011,30.8169418886543,41.8601773349212,20.5804981987195,35.0145818294501,21.5921387673205,18.8684816477666
"AAD021_002634",3.7745269021381,6.98254157862968,11.6966787285832,0,4.73905888127928,1.12246402909903,4.2652486376161,6.70122999230668,2.1135733311854,0,2.93494684653851,5.98002533356017,3.57921707803817,6.38501198066443,3.3218675026647,9.43424082388328
"AAD021_002637",3.7745269021381,2.79301663145187,0.89974451758332,5.29720352392352,1.18476472031982,6.73478417459417,4.55796177941328,6.5176346500517,4.2271466623708,0,5.86989369307702,8.37203546698423,1.78960853901908,5.97307572384737,10.5192470917715,6.28949388258885
"AAD021_002640",52.8433766299334,67.7306533127079,61.1826271956658,42.3776281913881,45.0210593721532,79.694946066031,42.1088762556805,38.6468195446727,116.246533215197,30.6393976332011,39.6217824282699,39.4681672014971,21.475302468229,34.6026455726331,18.8239158484333,44.026457178122
"AAD021_002642",7.54905380427619,6.98254157862968,4.4987225879166,0,1.18476472031982,1.12246402909903,0.710874772936016,3.85550218735453,0,0,5.86989369307702,9.56804053369627,2.68441280852863,3.91339443976207,11.072891675549,9.43424082388328
"AAD021_002643",3.7745269021381,13.9650831572594,6.29821162308324,15.8916105717705,3.55429416095946,4.48985611639611,5.64518202037424,7.52740903245407,6.34071999355621,20.4262650888008,1.46747342326925,7.1760304002722,2.68441280852863,8.8566295215668,6.09009042155194,3.14474694129443
"AAD021_002644",3.7745269021381,14.6633373151223,6.29821162308324,0,2.36952944063964,5.61232014549514,3.05257990731348,4.40628821411946,6.34071999355621,0,4.40242026980776,4.78402026684813,4.47402134754771,3.70742631135354,6.09009042155194,3.14474694129443
"AAD021_002655",22.6471614128286,13.9650831572594,14.3959122813331,5.29720352392352,20.1410002454369,12.3471043200893,19.0681703799308,18.2677365543703,4.2271466623708,20.4262650888008,11.739787386154,17.9400760006805,17.8960853901908,37.280231241944,28.2358737726499,0
"AAD021_002656",3.7745269021381,7.68079573649265,1.79948903516664,10.594407047847,5.9238236015991,1.12246402909903,3.97253549581891,5.32426492539434,0,0,1.46747342326925,0,2.68441280852863,5.56113946703031,2.2145783351098,0
"AAD021_002657",15.0981076085524,1.39650831572594,1.79948903516664,0,2.36952944063964,3.36739208729708,2.13262431880805,6.79302766343416,0,0,2.93494684653851,4.78402026684813,2.68441280852863,7.20888449429855,5.5364458377745,3.14474694129443
"AAD021_002658",3.7745269021381,4.18952494717781,1.79948903516664,5.29720352392352,2.36952944063964,2.24492805819806,4.13980014827444,5.59965793877681,0,0,4.40242026980776,0,3.57921707803817,5.56113946703031,3.3218675026647,0
"AAD021_002662",7.54905380427619,4.18952494717781,3.59897807033328,0,2.36952944063964,8.97971223279222,8.19596797032112,17.3497598430954,2.1135733311854,0,7.33736711634627,9.56804053369627,14.3168683121527,15.4476096306398,27.128584605095,12.5789877651777
"AAD021_002663",3.7745269021381,7.68079573649265,3.59897807033328,31.7832211435411,8.29335304223874,6.73478417459417,10.3704084522431,8.1699927303465,14.7950133182978,0,1.46747342326925,7.1760304002722,13.4220640426431,11.5342151908777,11.072891675549,6.28949388258885
"AAD021_002664",7.54905380427619,6.98254157862968,10.7969342109998,5.29720352392352,7.10858832191892,6.73478417459417,14.5938409267453,25.8869432579518,6.34071999355621,0,4.40242026980776,5.98002533356017,18.7908896597004,14.2118008601886,9.41195792421664,12.5789877651777
"AAD021_002671",7.54905380427619,9.77555821008155,7.19795614066656,0,4.73905888127928,1.12246402909903,2.88531525485795,3.48831150284457,0,0,4.40242026980776,2.39201013342407,6.2636298865668,4.32533069657913,6.64373500532939,3.14474694129443
"AAD021_002674",11.3235807064143,63.5411283655301,52.1851820198326,52.9720352392352,40.2820004908739,81.939874124229,36.881855866445,21.6642503860873,61.2936266043767,30.6393976332011,30.8169418886543,25.1161064009527,24.1597152767576,26.1579523078833,26.0212954375401,37.7369632955331
"AAD021_002676",0,14.6633373151223,4.4987225879166,0,13.032411923518,8.97971223279222,20.4899199258028,8.62898108598394,12.6814399871124,10.2131325444004,19.0771545025003,7.1760304002722,174.486832554361,1.64774502726824,1.66093375133235,12.5789877651777
"AAD021_002679",0,7.68079573649265,0.89974451758332,0,9.47811776255856,16.8369604364854,16.4337521037561,3.02932314720713,12.6814399871124,0,5.86989369307702,4.78402026684813,7.15843415607634,4.94323508180472,4.4291566702196,9.43424082388328
"AAD021_002681",11.3235807064143,18.1546081044372,17.0951458340831,5.29720352392352,18.9562355251171,5.61232014549514,19.1099865430447,16.0645924473105,6.34071999355621,10.2131325444004,13.2072608094233,13.1560557338324,15.2116725816622,13.593896474963,15.5020483457686,15.7237347064721
"AAD021_002685",3.7745269021381,4.18952494717781,5.39846710549992,0,1.18476472031982,1.12246402909903,3.72163851713561,1.00977438240238,2.1135733311854,0,0,3.5880152001361,19.6856939292099,1.44177689885971,2.2145783351098,0
"AAD021_002686",0,4.88777910504077,5.39846710549992,0,2.36952944063964,3.36739208729708,7.48509319738511,9.54695779725883,0,0,2.93494684653851,3.5880152001361,4.47402134754771,9.06259764997533,6.64373500532939,3.14474694129443
"AAD021_002687",3.7745269021381,5.58603326290374,0,5.29720352392352,7.10858832191892,0,2.17444048192193,2.84572780495215,4.2271466623708,0,2.93494684653851,3.5880152001361,0.894804269509542,4.53129882498766,2.2145783351098,3.14474694129443
"AAD021_002690",0,4.88777910504077,3.59897807033328,10.594407047847,7.10858832191892,5.61232014549514,5.72881434660201,4.0390975296095,6.34071999355621,0,2.93494684653851,1.19600506671203,5.36882561705725,6.1790438522559,0,0
"AAD021_002693",7.54905380427619,9.07730405221858,6.29821162308324,10.594407047847,9.47811776255856,7.8572482036932,9.61771751619315,7.98639738809152,6.34071999355621,10.2131325444004,5.86989369307702,5.98002533356017,4.47402134754771,7.62082075111561,9.41195792421664,6.28949388258885
"AAD021_002700",3.7745269021381,18.8528622623001,8.09770065824988,10.594407047847,9.47811776255856,10.1021762618913,9.36682053750985,5.14066958313937,12.6814399871124,10.2131325444004,5.86989369307702,5.98002533356017,7.15843415607634,5.97307572384737,10.5192470917715,9.43424082388328
"AAD021_002701",3.7745269021381,6.98254157862968,2.69923355274996,5.29720352392352,5.9238236015991,8.97971223279222,10.9976508989513,6.79302766343416,12.6814399871124,0,10.2723139628848,14.3520608005444,3.57921707803817,6.59098010907296,5.5364458377745,6.28949388258885
"AAD021_002703",3.7745269021381,4.88777910504077,6.29821162308324,5.29720352392352,4.73905888127928,0,4.34888096384386,4.68168122750192,0,0,2.93494684653851,4.78402026684813,3.57921707803817,3.91339443976207,2.76822291888725,0
"AAD021_002707",83.0395918470381,62.8428742076671,134.961677637498,74.1608493349292,122.030766192941,176.226852568547,98.8534096012201,53.0590539116885,65.5207732667475,61.2787952664022,85.1134585496168,83.7203546698423,76.0583629083111,73.7365899702538,95.7805129934988,66.039685767183
"AAD021_002711",158.5301298898,101.24685289013,78.2777730297488,222.482548004788,110.183118989743,53.8782733967533,64.8986851527469,107.586870561417,57.0664799420059,81.705060355203,155.552182866541,154.284653605852,135.115444695941,93.9214665542897,148.930393036134,179.250575653782
"AAD021_002713",0,10.4738123679445,8.09770065824988,5.29720352392352,2.36952944063964,8.97971223279222,8.61412960145996,6.70122999230668,4.2271466623708,20.4262650888008,5.86989369307702,9.56804053369627,2.68441280852863,7.00291636589002,8.30466875666174,15.7237347064721
"AAD021_002714",60.3924304342096,49.5760452082707,31.4910581154162,26.4860176196176,28.4343532876757,70.7152338332388,38.5126862278865,19.920094634665,78.2022132538599,20.4262650888008,36.6868355817314,43.0561824016332,20.5804981987195,21.2147172260786,19.9312050159882,22.013228589061
"AAD021_002715",7.54905380427619,4.18952494717781,2.69923355274996,0,7.10858832191892,8.97971223279222,8.44686494900442,3.2129184894621,10.567866655927,0,4.40242026980776,2.39201013342407,3.57921707803817,4.73726695339619,1.1072891675549,6.28949388258885
"AAD021_002719",15.0981076085524,9.07730405221858,9.89718969341652,0,10.6628824828784,10.1021762618913,12.8375620759622,21.7560480572148,8.45429332474161,0,11.739787386154,9.56804053369627,18.7908896597004,16.8893865294995,16.055692929546,9.43424082388328
"AAD021_002721",37.745269021381,67.7306533127079,41.3882478088327,58.2692387631587,48.5753535331126,114.491330968101,43.4469934753247,26.7131222980992,80.3157865850453,61.2787952664022,35.2193621584621,43.0561824016332,25.0545195462672,31.101187389688,26.0212954375401,28.3027224716498
"AAD021_002723",26.4216883149667,32.1196912616965,50.3856929846659,0,13.032411923518,8.97971223279222,6.35605679331026,18.8185225811352,8.45429332474161,30.6393976332011,5.86989369307702,11.9600506671203,24.1597152767576,14.8297052454142,33.7723196104244,9.43424082388328
"AAD021_002725",0,4.88777910504077,7.19795614066656,10.594407047847,5.9238236015991,5.61232014549514,4.97612341055211,5.96684862328677,2.1135733311854,0,11.739787386154,4.78402026684813,9.84284696460496,5.56113946703031,5.5364458377745,6.28949388258885
"AAD021_002729",90.5886456513143,47.4812827346818,33.2905471505828,42.3776281913881,31.9886474486351,20.2043525237825,36.2964295828507,47.0922052884017,40.1578932925226,20.4262650888008,38.1543090050006,44.2521874683452,30.4233451633244,40.3697531680719,43.7379221184185,66.039685767183
"AAD021_002735",0,1.39650831572594,8.09770065824988,0,5.9238236015991,1.12246402909903,2.63441827617465,3.58010917397206,0,0,7.33736711634627,3.5880152001361,2.68441280852863,12.7700239613289,2.2145783351098,0
"AAD021_002736",3.7745269021381,3.49127078931484,5.39846710549992,0,0,4.48985611639611,5.14338806300764,4.95707424088439,2.1135733311854,0,5.86989369307702,2.39201013342407,3.57921707803817,6.1790438522559,7.19737958910684,0
"AAD021_002737",15.0981076085524,19.5511164201631,14.3959122813331,10.594407047847,9.47811776255856,7.8572482036932,14.4683924374036,21.2970597015774,14.7950133182978,0,10.2723139628848,29.9001266678008,12.5272597731336,18.5371315567677,14.9484037619911,15.7237347064721
"AAD021_002741",11.3235807064143,16.7580997887112,8.9974451758332,5.29720352392352,9.47811776255856,7.8572482036932,7.86143866541006,8.9043740993664,12.6814399871124,0,1.46747342326925,1.19600506671203,8.05323842558588,10.504374548835,6.09009042155194,6.28949388258885
"AAD021_002742",3.7745269021381,10.4738123679445,6.29821162308324,0,4.73905888127928,7.8572482036932,3.09439607042736,10.9239228641712,4.2271466623708,0,7.33736711634627,7.1760304002722,4.47402134754771,8.44469326474973,13.8411145944362,6.28949388258885
"AAD021_002748",56.6179035320715,44.6882661032299,44.987225879166,58.2692387631587,10.6628824828784,21.3268165528815,18.9427218905891,57.098151441298,16.9085866494832,0,26.4145216188466,41.8601773349212,26.8441280852863,64.2620560634614,48.1670787886381,40.8817102368275
"AAD021_002753",7.54905380427619,21.645878893752,20.6941239044164,15.8916105717705,14.2171766438378,17.9594244655844,18.3572956069948,12.392685602211,16.9085866494832,20.4262650888008,11.739787386154,10.7640456004083,17.0012811206813,14.8297052454142,14.9484037619911,6.28949388258885
"AAD021_002754",7.54905380427619,4.88777910504077,8.9974451758332,10.594407047847,17.7714708047973,25.8166726692776,21.8280371454471,5.23246725426686,25.3628799742248,10.2131325444004,14.6747342326925,8.37203546698423,8.05323842558588,8.65066139315826,8.30466875666174,3.14474694129443
"AAD021_002755",0,0.698254157862968,11.6966787285832,0,84.1182951427072,8.97971223279222,22.580728081497,0.550786026764932,35.9307466301518,0,0,3.5880152001361,0.894804269509542,0.82387251363412,4.4291566702196,0
"AAD021_002758",11.3235807064143,17.4563539465742,25.192846492333,26.4860176196176,13.032411923518,16.8369604364854,15.5137965152507,16.339985460693,14.7950133182978,0,17.6096810792311,7.1760304002722,8.94804269509542,12.5640558329203,9.96560250799409,9.43424082388328
"AAD021_002759",0,20.2493705780261,6.29821162308324,0,11.8476472031982,4.48985611639611,22.9570735495219,2.57033479156968,2.1135733311854,0,4.40242026980776,5.98002533356017,0.894804269509542,5.14920321021325,1.1072891675549,0
"AAD021_002760",3.7745269021381,19.5511164201631,17.9948903516664,5.29720352392352,8.29335304223874,2.24492805819806,7.98688715475171,17.2579621719679,2.1135733311854,20.4262650888008,4.40242026980776,9.56804053369627,11.632455503624,14.6237371170056,15.5020483457686,6.28949388258885
"AAD021_002770",7.54905380427619,7.68079573649265,3.59897807033328,21.1888140956941,2.36952944063964,4.48985611639611,4.18161631138833,6.60943232117919,2.1135733311854,0,2.93494684653851,3.5880152001361,5.36882561705725,7.62082075111561,3.87551208644215,3.14474694129443
"AAD021_002776",3.7745269021381,6.98254157862968,4.4987225879166,5.29720352392352,5.9238236015991,5.61232014549514,3.80527084336338,8.35358807260147,4.2271466623708,0,8.80484053961553,7.1760304002722,4.47402134754771,4.1193625681706,4.98280125399704,0
"AAD021_002778",3.7745269021381,11.8703206836705,20.6941239044164,0,9.47811776255856,7.8572482036932,8.65594576457384,5.59965793877681,10.567866655927,0,7.33736711634627,3.5880152001361,5.36882561705725,5.97307572384737,6.64373500532939,12.5789877651777
"AAD021_002779",3.7745269021381,6.98254157862968,5.39846710549992,5.29720352392352,5.9238236015991,4.48985611639611,3.13621223354125,3.39651383171708,0,0,0,2.39201013342407,0.894804269509542,2.47161754090236,1.66093375133235,3.14474694129443
"AAD021_002782",7.54905380427619,8.37904989435561,8.9974451758332,0,4.73905888127928,5.61232014549514,11.2485478776346,21.3888573727049,8.45429332474161,20.4262650888008,8.80484053961553,2.39201013342407,4.47402134754771,15.0356733738227,13.8411145944362,9.43424082388328
"AAD021_002783",3.7745269021381,6.98254157862968,8.09770065824988,5.29720352392352,0,1.12246402909903,2.63441827617465,7.61920670358156,0,0,5.86989369307702,3.5880152001361,3.57921707803817,5.14920321021325,9.41195792421664,3.14474694129443
"AAD021_002786",3.7745269021381,11.1720665258075,8.9974451758332,5.29720352392352,3.55429416095946,2.24492805819806,4.05616782204668,9.45516012613134,2.1135733311854,10.2131325444004,5.86989369307702,2.39201013342407,7.15843415607634,8.03275700793268,26.5749400213176,9.43424082388328
"AAD021_002787",7.54905380427619,6.28428742076671,4.4987225879166,5.29720352392352,1.18476472031982,4.48985611639611,1.5053818720998,2.66213246269717,4.2271466623708,0,4.40242026980776,1.19600506671203,6.2636298865668,4.32533069657913,4.4291566702196,3.14474694129443
"AAD021_002790",11.3235807064143,11.1720665258075,11.6966787285832,10.594407047847,11.8476472031982,4.48985611639611,2.508969786833,7.61920670358156,2.1135733311854,0,1.46747342326925,5.98002533356017,5.36882561705725,9.06259764997533,14.9484037619911,6.28949388258885
"AAD021_002791",7.54905380427619,6.98254157862968,9.89718969341652,0,8.29335304223874,19.0818884946835,7.35964470804346,7.61920670358156,4.2271466623708,0,13.2072608094233,9.56804053369627,2.68441280852863,13.3879283465545,17.1629820971009,0
"AAD021_002797",7.54905380427619,4.18952494717781,5.39846710549992,0,10.6628824828784,4.48985611639611,3.38710921222455,3.58010917397206,8.45429332474161,0,5.86989369307702,9.56804053369627,3.57921707803817,2.67758566931089,1.66093375133235,3.14474694129443
"AAD021_002806",3.7745269021381,13.2668289993964,6.29821162308324,0,0,2.24492805819806,5.26883655234929,6.88482533456165,2.1135733311854,0,4.40242026980776,3.5880152001361,6.2636298865668,9.68050203520091,4.4291566702196,3.14474694129443
"AAD021_002807",0,6.98254157862968,0,15.8916105717705,3.55429416095946,1.12246402909903,2.63441827617465,2.84572780495215,0,0,0,2.39201013342407,3.57921707803817,2.88355379771942,4.4291566702196,0
"AAD021_002809",3.7745269021381,8.37904989435561,7.19795614066656,15.8916105717705,5.9238236015991,3.36739208729708,7.48509319738511,3.30471616058959,2.1135733311854,0,2.93494684653851,4.78402026684813,4.47402134754771,4.73726695339619,4.98280125399704,0
"AAD021_002811",0,2.0947624735889,2.69923355274996,5.29720352392352,2.36952944063964,1.12246402909903,3.30347688599678,3.85550218735453,6.34071999355621,0,1.46747342326925,2.39201013342407,10.7376512341145,6.59098010907296,8.30466875666174,0
"AAD021_002814",15.0981076085524,63.5411283655301,28.7918245626662,5.29720352392352,23.6952944063964,19.0818884946835,20.0299421315501,14.5040320381432,33.8171732989664,20.4262650888008,17.6096810792311,16.7440709339685,22.3701067377386,19.1550359419933,17.1629820971009,28.3027224716498
"AAD021_002818",83.0395918470381,31.4214371038336,26.9923355274996,63.5664422870822,29.6191180079955,29.1840647565747,36.5891427246479,67.6548836209592,16.9085866494832,51.0656627220019,41.0892558515391,44.2521874683452,53.6882561705725,50.4621914600899,49.8280125399705,47.1712041194164
"AAD021_002819",33.9707421192429,51.6708076818596,50.3856929846659,21.1888140956941,49.7601182534324,16.8369604364854,48.9667270063573,46.1742285771268,12.6814399871124,20.4262650888008,27.8819950421158,34.684146934649,36.6869750498912,54.9934902850775,47.6134342048607,31.4474694129443
"AAD021_002822",11.3235807064143,4.18952494717781,4.4987225879166,5.29720352392352,7.10858832191892,3.36739208729708,9.53408518996539,17.9005458698603,4.2271466623708,0,19.0771545025003,15.5480658672564,17.8960853901908,14.00583273178,10.5192470917715,9.43424082388328
"AAD021_002825",15.0981076085524,6.28428742076671,8.09770065824988,0,7.10858832191892,10.1021762618913,4.85067492121046,5.50786026764932,4.2271466623708,20.4262650888008,11.739787386154,11.9600506671203,8.94804269509542,8.2387251363412,15.5020483457686,0
"AAD021_002826",0,7.68079573649265,5.39846710549992,10.594407047847,9.47811776255856,4.48985611639611,8.19596797032112,11.7501019043186,2.1135733311854,0,8.80484053961553,7.1760304002722,17.0012811206813,5.35517133862178,7.75102417288429,15.7237347064721
"AAD021_002831",0,4.18952494717781,0,5.29720352392352,7.10858832191892,6.73478417459417,9.61771751619315,4.49808588524695,10.567866655927,0,4.40242026980776,5.98002533356017,2.68441280852863,5.35517133862178,3.3218675026647,3.14474694129443
"AAD021_002840",3.7745269021381,21.645878893752,11.6966787285832,10.594407047847,3.55429416095946,4.48985611639611,3.0107637441996,1.92775109367726,14.7950133182978,0,11.739787386154,2.39201013342407,12.5272597731336,4.32533069657913,2.76822291888725,9.43424082388328
"AAD021_002846",11.3235807064143,9.77555821008155,8.09770065824988,15.8916105717705,10.6628824828784,17.9594244655844,6.06334365151308,21.3888573727049,4.2271466623708,10.2131325444004,17.6096810792311,13.1560557338324,18.7908896597004,15.2416415022312,14.3947591782137,12.5789877651777
"AAD021_002851",0,6.98254157862968,4.4987225879166,15.8916105717705,0,12.3471043200893,2.29988897126358,8.72077875711143,4.2271466623708,10.2131325444004,7.33736711634627,5.98002533356017,7.15843415607634,7.62082075111561,10.5192470917715,12.5789877651777
"AAD021_002854",7.54905380427619,23.7406413673409,15.2956567989164,15.8916105717705,3.55429416095946,7.8572482036932,6.56513760887967,7.71100437470905,0,10.2131325444004,11.739787386154,2.39201013342407,14.3168683121527,17.095354657908,19.9312050159882,6.28949388258885
"AAD021_002856",26.4216883149667,12.5685748415334,21.5938684219997,15.8916105717705,14.2171766438378,11.2246402909903,52.9810786652901,17.5333551853503,12.6814399871124,20.4262650888008,11.739787386154,15.5480658672564,31.318149432834,21.0087490976701,19.9312050159882,12.5789877651777
"AAD021_002862",0,4.18952494717781,7.19795614066656,5.29720352392352,11.8476472031982,17.9594244655844,4.55796177941328,6.24224163666923,8.45429332474161,0,14.6747342326925,13.1560557338324,2.68441280852863,8.65066139315826,16.055692929546,9.43424082388328
"AAD021_002864",3.7745269021381,3.49127078931484,4.4987225879166,5.29720352392352,9.47811776255856,10.1021762618913,6.81603458756297,5.14066958313937,4.2271466623708,0,5.86989369307702,0,7.15843415607634,4.32533069657913,8.85831334043919,3.14474694129443
"AAD021_002866",3.7745269021381,3.49127078931484,3.59897807033328,0,1.18476472031982,0,2.63441827617465,2.84572780495215,2.1135733311854,20.4262650888008,5.86989369307702,1.19600506671203,2.68441280852863,3.29549005453648,4.4291566702196,3.14474694129443
"AAD021_002874",7.54905380427619,5.58603326290374,5.39846710549992,10.594407047847,3.55429416095946,5.61232014549514,3.55437386468008,4.49808588524695,8.45429332474161,0,0,8.37203546698423,9.84284696460496,3.50145818294501,3.87551208644215,6.28949388258885
"AAD021_002882",3.7745269021381,18.8528622623001,28.7918245626662,10.594407047847,4.73905888127928,3.36739208729708,5.43610120480483,9.82235081064129,6.34071999355621,0,4.40242026980776,13.1560557338324,10.7376512341145,5.14920321021325,6.09009042155194,22.013228589061
"AAD021_002888",3.7745269021381,13.9650831572594,63.8818607484157,10.594407047847,33.173412168955,4.48985611639611,8.57231343834607,6.05864629441425,4.2271466623708,0,5.86989369307702,1.19600506671203,22.3701067377386,5.14920321021325,21.0384941835431,12.5789877651777
"AAD021_002889",0,6.28428742076671,4.4987225879166,10.594407047847,3.55429416095946,1.12246402909903,2.04899199258028,2.93752547607964,2.1135733311854,0,2.93494684653851,4.78402026684813,0.894804269509542,5.56113946703031,3.3218675026647,0
"AAD021_002893",0,2.0947624735889,5.39846710549992,0,33.173412168955,14.5920323782874,9.15773972194044,3.2129184894621,10.567866655927,0,5.86989369307702,4.78402026684813,7.15843415607634,2.47161754090236,3.87551208644215,0
"AAD021_002897",15.0981076085524,3.49127078931484,3.59897807033328,5.29720352392352,2.36952944063964,8.97971223279222,2.2580728081497,6.97662300568914,0,0,4.40242026980776,3.5880152001361,1.78960853901908,4.53129882498766,7.75102417288429,6.28949388258885
"AAD021_002898",3.7745269021381,12.5685748415334,8.9974451758332,5.29720352392352,4.73905888127928,11.2246402909903,4.22343247450221,5.96684862328677,0,0,2.93494684653851,4.78402026684813,8.05323842558588,6.1790438522559,4.4291566702196,6.28949388258885
"AAD021_002905",0,4.88777910504077,4.4987225879166,10.594407047847,1.18476472031982,3.36739208729708,3.72163851713561,4.49808588524695,2.1135733311854,0,10.2723139628848,1.19600506671203,2.68441280852863,6.1790438522559,1.1072891675549,6.28949388258885
"AAD021_002919",0,0.698254157862968,0,0,9.47811776255856,25.8166726692776,31.4039384985263,2.57033479156968,8.45429332474161,0,10.2723139628848,4.78402026684813,0,11.5342151908777,9.41195792421664,0
"AAD021_002920",0,11.8703206836705,8.09770065824988,5.29720352392352,1.18476472031982,6.73478417459417,4.89249108432434,2.11134643593224,10.567866655927,0,7.33736711634627,3.5880152001361,3.57921707803817,2.88355379771942,6.64373500532939,3.14474694129443
"AAD021_002927",3.7745269021381,9.77555821008155,11.6966787285832,10.594407047847,14.2171766438378,11.2246402909903,11.123099388293,14.3204366958882,14.7950133182978,10.2131325444004,8.80484053961553,14.3520608005444,9.84284696460496,9.68050203520091,8.85831334043919,12.5789877651777
"AAD021_002931",18.8726345106905,13.2668289993964,22.493612939583,21.1888140956941,22.5105296860766,11.2246402909903,7.44327703427122,11.6583042331911,14.7950133182978,10.2131325444004,7.33736711634627,9.56804053369627,28.6337366243053,10.504374548835,9.96560250799409,31.4474694129443
"AAD021_002938",26.4216883149667,8.37904989435561,12.5964232461665,10.594407047847,24.8800591267162,13.4695683491883,23.5843159962302,24.050989835402,21.135733311854,0,7.33736711634627,34.684146934649,7.15843415607634,11.3282470624692,17.1629820971009,31.4474694129443
"AAD021_002942",15.0981076085524,17.4563539465742,2.69923355274996,5.29720352392352,7.10858832191892,7.8572482036932,19.1099865430447,11.4747088909361,10.567866655927,0,10.2723139628848,7.1760304002722,10.7376512341145,8.44469326474973,7.75102417288429,9.43424082388328
"AAD021_002953",0,2.79301663145187,2.69923355274996,0,7.10858832191892,19.0818884946835,18.4827440963364,19.1857132656451,10.567866655927,10.2131325444004,1.46747342326925,31.0961317345129,1.78960853901908,16.6834184010909,9.96560250799409,9.43424082388328
"AAD021_002958",0,2.79301663145187,12.5964232461665,0,13.032411923518,5.61232014549514,7.77780633918229,6.42583697892421,6.34071999355621,0,20.5446279257696,7.1760304002722,18.7908896597004,4.94323508180472,7.19737958910684,6.28949388258885
"AAD021_002964",18.8726345106905,16.0598456308483,10.7969342109998,0,24.8800591267162,16.8369604364854,15.9319581463895,8.62898108598394,16.9085866494832,10.2131325444004,16.1422076559618,8.37203546698423,16.1064768511718,10.504374548835,8.30466875666174,22.013228589061
"AAD021_002966",15.0981076085524,6.28428742076671,7.19795614066656,5.29720352392352,1.18476472031982,2.24492805819806,5.89607899905754,7.80280204583654,8.45429332474161,0,8.80484053961553,2.39201013342407,11.632455503624,7.62082075111561,4.4291566702196,6.28949388258885
"AAD021_002967",0,1.39650831572594,4.4987225879166,0,1.18476472031982,4.48985611639611,6.85785075067686,2.66213246269717,2.1135733311854,0,5.86989369307702,3.5880152001361,7.15843415607634,3.29549005453648,2.2145783351098,0
"AAD021_002968",7.54905380427619,30.7231829459706,31.4910581154162,5.29720352392352,21.3257649657568,26.9391366983767,19.7790451528668,16.2481877895655,19.0221599806686,0,22.0121013490388,21.5280912008166,12.5272597731336,18.5371315567677,16.055692929546,25.1579755303554
"AAD021_002979",3.7745269021381,7.68079573649265,13.4961677637498,5.29720352392352,7.10858832191892,14.5920323782874,9.61771751619315,4.13089520073699,2.1135733311854,0,8.80484053961553,3.5880152001361,8.05323842558588,8.44469326474973,16.055692929546,31.4474694129443
"AAD021_003007",7.54905380427619,107.531140310897,11.6966787285832,0,2.36952944063964,6.73478417459417,6.31424063019637,2.01954876480475,12.6814399871124,0,5.86989369307702,7.1760304002722,12.5272597731336,3.70742631135354,2.2145783351098,0
"AAD021_003010",7.54905380427619,6.98254157862968,4.4987225879166,0,2.36952944063964,5.61232014549514,7.10874772936016,7.25201601907161,6.34071999355621,0,4.40242026980776,11.9600506671203,3.57921707803817,20.596812840853,4.4291566702196,9.43424082388328
"AAD021_003013",15.0981076085524,9.07730405221858,4.4987225879166,0,2.36952944063964,4.48985611639611,8.19596797032112,4.58988355637443,0,0,7.33736711634627,3.5880152001361,4.47402134754771,2.88355379771942,4.4291566702196,3.14474694129443
"AAD021_003015",7.54905380427619,3.49127078931484,2.69923355274996,0,2.36952944063964,4.48985611639611,6.23060830396861,4.22269287186448,4.2271466623708,0,5.86989369307702,1.19600506671203,1.78960853901908,9.26856577838386,4.98280125399704,3.14474694129443
"AAD021_003016",351.031001898843,162.693218782072,143.059378295748,323.129414959334,97.1507070662252,28.0616007274757,24.378823095394,328.727460307537,25.3628799742248,112.344457988404,262.677742765197,367.173555480594,177.171245362889,170.541610322263,366.512714460672,317.619441070737
"AAD021_003021",0,11.8703206836705,13.4961677637498,0,8.29335304223874,15.7144964073864,8.07051948097947,6.05864629441425,6.34071999355621,0,13.2072608094233,4.78402026684813,9.84284696460496,7.00291636589002,8.30466875666174,15.7237347064721
"AAD021_003026",15.0981076085524,4.18952494717781,4.4987225879166,15.8916105717705,9.47811776255856,5.61232014549514,22.9988897126358,15.3302110782906,10.567866655927,0,5.86989369307702,5.98002533356017,9.84284696460496,9.06259764997533,6.64373500532939,6.28949388258885
"AAD021_003032",0,5.58603326290374,0,0,2.36952944063964,2.24492805819806,2.88531525485795,4.40628821411946,2.1135733311854,0,5.86989369307702,2.39201013342407,2.68441280852863,5.76710759543884,4.98280125399704,0
"AAD021_003035",11.3235807064143,2.0947624735889,0.89974451758332,0,1.18476472031982,1.12246402909903,2.29988897126358,5.14066958313937,2.1135733311854,10.2131325444004,1.46747342326925,4.78402026684813,4.47402134754771,5.97307572384737,1.66093375133235,0
"AAD021_003051",15.0981076085524,91.4712946800488,78.2777730297488,26.4860176196176,54.4991771347117,70.7152338332388,74.2655056902567,34.7913173573182,57.0664799420059,30.6393976332011,42.5567292748084,56.2122381354656,45.6350177449866,29.6594104908283,24.9140062699852,22.013228589061
"AAD021_003052",0,13.9650831572594,0.89974451758332,0,1.18476472031982,10.1021762618913,7.48509319738511,3.67190684509955,8.45429332474161,0,13.2072608094233,2.39201013342407,15.2116725816622,2.0596812840853,4.98280125399704,3.14474694129443
"AAD021_003057",0,5.58603326290374,4.4987225879166,0,2.36952944063964,0,2.34170513437746,0.642583697892421,4.2271466623708,10.2131325444004,2.93494684653851,1.19600506671203,0,3.91339443976207,0.55364458377745,0
"AAD021_003064",0,10.4738123679445,4.4987225879166,0,1.18476472031982,2.24492805819806,2.42533746060523,2.4785371204422,2.1135733311854,0,1.46747342326925,2.39201013342407,4.47402134754771,4.1193625681706,2.76822291888725,6.28949388258885
"AAD021_003070",30.1962152171048,28.6284204723817,35.9897807033328,37.0804246674646,37.9124710502342,40.408705047565,28.8113363854656,30.8440174988362,23.2493066430394,40.8525301776015,33.7518887351929,34.684146934649,56.3726689791012,19.3610040704018,20.4848495997656,31.4474694129443
"AAD021_003074",3.7745269021381,4.18952494717781,9.89718969341652,0,2.36952944063964,5.61232014549514,5.51973353103259,2.93752547607964,4.2271466623708,0,2.93494684653851,8.37203546698423,2.68441280852863,3.29549005453648,3.3218675026647,3.14474694129443
"AAD021_003076",18.8726345106905,2.79301663145187,2.69923355274996,5.29720352392352,2.36952944063964,1.12246402909903,2.46715362371911,3.76370451622704,4.2271466623708,20.4262650888008,4.40242026980776,5.98002533356017,4.47402134754771,5.35517133862178,8.85831334043919,12.5789877651777
"AAD021_003079",49.0688497277953,17.4563539465742,17.0951458340831,47.6748317153116,9.47811776255856,12.3471043200893,8.9904750694849,30.0178384586888,4.2271466623708,0,32.2844153119236,21.5280912008166,10.7376512341145,17.3013227863165,21.5921387673205,53.4606980020053
"AAD021_003080",11.3235807064143,9.07730405221858,12.5964232461665,0,8.29335304223874,12.3471043200893,9.40863670062374,34.7913173573182,10.567866655927,0,16.1422076559618,10.7640456004083,25.0545195462672,16.8893865294995,15.5020483457686,15.7237347064721
"AAD021_003081",7.54905380427619,18.1546081044372,10.7969342109998,5.29720352392352,4.73905888127928,3.36739208729708,5.72881434660201,11.2911135486811,6.34071999355621,10.2131325444004,4.40242026980776,2.39201013342407,2.68441280852863,6.38501198066443,7.75102417288429,12.5789877651777
"AAD021_003082",15.0981076085524,8.37904989435561,7.19795614066656,0,7.10858832191892,11.2246402909903,12.9211944021899,22.5822270973622,12.6814399871124,10.2131325444004,13.2072608094233,23.9201013342407,24.1597152767576,22.4505259965298,24.3603616862078,22.013228589061
"AAD021_003083",7.54905380427619,4.88777910504077,2.69923355274996,5.29720352392352,5.9238236015991,5.61232014549514,5.68699818348813,5.32426492539434,4.2271466623708,0,14.6747342326925,4.78402026684813,11.632455503624,6.1790438522559,11.072891675549,6.28949388258885
"AAD021_003088",11.3235807064143,22.344133051615,7.19795614066656,0,1.18476472031982,3.36739208729708,2.96894758108571,4.58988355637443,0,10.2131325444004,1.46747342326925,1.19600506671203,12.5272597731336,3.29549005453648,1.1072891675549,3.14474694129443
"AAD021_003092",0,4.88777910504077,7.19795614066656,0,2.36952944063964,3.36739208729708,4.64159410564104,3.48831150284457,4.2271466623708,0,0,0,1.78960853901908,4.94323508180472,4.4291566702196,0
"AAD021_003095",0,1.39650831572594,6.29821162308324,0,1.18476472031982,2.24492805819806,7.52690936049899,8.07819505921901,6.34071999355621,0,2.93494684653851,2.39201013342407,8.05323842558588,4.32533069657913,3.3218675026647,6.28949388258885
"AAD021_003097",3.7745269021381,7.68079573649265,5.39846710549992,0,10.6628824828784,11.2246402909903,15.0956348841119,12.576280944466,12.6814399871124,0,8.80484053961553,8.37203546698423,8.05323842558588,7.82678887952414,7.75102417288429,3.14474694129443
"AAD021_003100",7.54905380427619,83.0922447856932,52.1851820198326,10.594407047847,36.7277063299144,62.8579856295456,28.1422777756434,16.8907714874579,35.9307466301518,20.4262650888008,11.739787386154,31.0961317345129,15.2116725816622,17.7132590431336,15.5020483457686,15.7237347064721
"AAD021_003108",15.0981076085524,11.1720665258075,15.2956567989164,10.594407047847,1.18476472031982,6.73478417459417,6.98329924001851,15.972794776183,2.1135733311854,30.6393976332011,8.80484053961553,8.37203546698423,16.1064768511718,7.20888449429855,11.6265362593264,12.5789877651777
"AAD021_003115",7.54905380427619,15.3615914729853,3.59897807033328,0,5.9238236015991,6.73478417459417,5.01793957366599,3.12112081833462,4.2271466623708,0,2.93494684653851,3.5880152001361,2.68441280852863,5.35517133862178,3.3218675026647,12.5789877651777
"AAD021_003118",3.7745269021381,10.4738123679445,4.4987225879166,0,3.55429416095946,2.24492805819806,4.39069712695774,6.5176346500517,0,0,4.40242026980776,7.1760304002722,0.894804269509542,8.2387251363412,4.4291566702196,6.28949388258885
"AAD021_003126",15.0981076085524,18.1546081044372,8.09770065824988,0,5.9238236015991,7.8572482036932,6.06334365151308,7.71100437470905,12.6814399871124,0,8.80484053961553,7.1760304002722,9.84284696460496,9.06259764997533,4.98280125399704,0
"AAD021_003128",0,3.49127078931484,4.4987225879166,0,5.9238236015991,1.12246402909903,2.38352129749135,1.00977438240238,0,0,2.93494684653851,4.78402026684813,2.68441280852863,4.1193625681706,1.66093375133235,0
"AAD021_003132",33.9707421192429,18.8528622623001,21.5938684219997,31.7832211435411,23.6952944063964,17.9594244655844,17.2282592029199,56.3637700722781,19.0221599806686,0,23.4795747723081,44.2521874683452,21.475302468229,33.1608686737734,42.6306329508636,31.4474694129443
"AAD021_003134",0,2.0947624735889,3.59897807033328,10.594407047847,3.55429416095946,12.3471043200893,3.47074153845231,6.33403930779672,4.2271466623708,0,13.2072608094233,4.78402026684813,4.47402134754771,4.94323508180472,5.5364458377745,0
"AAD021_003135",3.7745269021381,6.28428742076671,2.69923355274996,10.594407047847,7.10858832191892,1.12246402909903,3.59619002779396,4.95707424088439,2.1135733311854,10.2131325444004,5.86989369307702,3.5880152001361,4.47402134754771,6.1790438522559,3.87551208644215,3.14474694129443
"AAD021_003136",60.3924304342096,41.8952494717781,83.6762401352488,58.2692387631587,45.0210593721532,47.1434892221592,29.3549465059461,86.4734062020944,27.4764533054102,71.4919278108026,42.5567292748084,63.3882685357378,60.8466903266489,61.790438522559,87.475844236837,59.7501918845941
"AAD021_003142",3.7745269021381,4.18952494717781,4.4987225879166,0,1.18476472031982,1.12246402909903,1.33811721964426,4.49808588524695,0,0,4.40242026980776,2.39201013342407,1.78960853901908,3.91339443976207,1.1072891675549,0
"AAD021_003143",22.6471614128286,8.37904989435561,17.9948903516664,0,16.5867060844775,6.73478417459417,17.1446268766921,10.3731368374062,10.567866655927,0,11.739787386154,10.7640456004083,17.0012811206813,10.2984064204265,7.75102417288429,25.1579755303554
"AAD021_003156",11.3235807064143,1.39650831572594,1.79948903516664,0,3.55429416095946,5.61232014549514,3.55437386468008,13.7696506691233,4.2271466623708,10.2131325444004,2.93494684653851,14.3520608005444,18.7908896597004,6.1790438522559,2.76822291888725,3.14474694129443
"AAD021_003168",22.6471614128286,17.4563539465742,26.9923355274996,10.594407047847,52.1296476940721,25.8166726692776,26.2605504355187,23.6837991508921,23.2493066430394,0,17.6096810792311,21.5280912008166,34.8973665108721,26.7758566931089,32.6650304428695,9.43424082388328
"AAD021_003173",0,4.88777910504077,5.39846710549992,5.29720352392352,11.8476472031982,5.61232014549514,8.53049727523219,3.48831150284457,4.2271466623708,0,11.739787386154,10.7640456004083,5.36882561705725,7.82678887952414,7.19737958910684,18.8684816477666
"AAD021_003175",3.7745269021381,6.98254157862968,5.39846710549992,0,4.73905888127928,2.24492805819806,6.52332144576579,5.87505095215928,0,0,2.93494684653851,2.39201013342407,4.47402134754771,5.97307572384737,6.64373500532939,3.14474694129443
"AAD021_003176",3.7745269021381,2.79301663145187,3.59897807033328,0,14.2171766438378,5.61232014549514,10.9140185727235,7.52740903245407,2.1135733311854,0,8.80484053961553,2.39201013342407,54.5830604400821,1.64774502726824,18.2702712646558,3.14474694129443
"AAD021_003177",7.54905380427619,13.9650831572594,8.09770065824988,0,1.18476472031982,2.24492805819806,2.92713141797183,5.59965793877681,6.34071999355621,10.2131325444004,8.80484053961553,2.39201013342407,12.5272597731336,6.79694823748149,8.85831334043919,0
"AAD021_003185",7.54905380427619,6.28428742076671,4.4987225879166,5.29720352392352,2.36952944063964,3.36739208729708,2.88531525485795,5.6914556099043,4.2271466623708,0,2.93494684653851,7.1760304002722,2.68441280852863,7.82678887952414,3.87551208644215,9.43424082388328
"AAD021_003186",0,4.88777910504077,3.59897807033328,10.594407047847,4.73905888127928,4.48985611639611,5.64518202037424,2.4785371204422,6.34071999355621,0,1.46747342326925,3.5880152001361,0.894804269509542,5.35517133862178,4.4291566702196,6.28949388258885
"AAD021_003189",15.0981076085524,4.88777910504077,6.29821162308324,15.8916105717705,3.55429416095946,2.24492805819806,5.47791736791871,14.3204366958882,4.2271466623708,10.2131325444004,8.80484053961553,5.98002533356017,10.7376512341145,5.97307572384737,4.4291566702196,6.28949388258885
"AAD021_003192",18.8726345106905,9.77555821008155,4.4987225879166,5.29720352392352,4.73905888127928,6.73478417459417,10.7049377571541,21.5724527149598,4.2271466623708,20.4262650888008,26.4145216188466,20.3320861341046,4.47402134754771,20.3908447124445,32.1113858590921,12.5789877651777
"AAD021_003193",18.8726345106905,23.7406413673409,25.192846492333,26.4860176196176,26.064823847036,32.5514568438718,21.5353240036499,17.3497598430954,31.703599967781,10.2131325444004,23.4795747723081,33.4881418679369,28.6337366243053,23.4803666385724,18.8239158484333,15.7237347064721
"AAD021_003201",15.0981076085524,17.4563539465742,9.89718969341652,0,10.6628824828784,12.3471043200893,7.65235784984064,12.209090259956,8.45429332474161,30.6393976332011,24.9470481955773,11.9600506671203,6.2636298865668,10.7103426772436,6.64373500532939,6.28949388258885
"AAD021_003212",0,4.88777910504077,7.19795614066656,0,2.36952944063964,1.12246402909903,1.04540407784708,2.01954876480475,6.34071999355621,10.2131325444004,5.86989369307702,2.39201013342407,7.15843415607634,4.32533069657913,4.98280125399704,6.28949388258885
"AAD021_003216",7.54905380427619,4.88777910504077,5.39846710549992,0,3.55429416095946,1.12246402909903,2.96894758108571,5.41606259652183,0,0,5.86989369307702,2.39201013342407,9.84284696460496,2.26564941249383,6.64373500532939,3.14474694129443
"AAD021_003221",3.7745269021381,10.4738123679445,4.4987225879166,0,3.55429416095946,1.12246402909903,4.97612341055211,4.0390975296095,4.2271466623708,0,5.86989369307702,5.98002533356017,8.05323842558588,5.56113946703031,3.3218675026647,0
"AAD021_003231",11.3235807064143,2.0947624735889,0.89974451758332,5.29720352392352,0,1.12246402909903,2.38352129749135,16.7989738163304,2.1135733311854,0,2.93494684653851,27.5081165343768,1.78960853901908,5.56113946703031,7.75102417288429,0
"AAD021_003248",26.4216883149667,11.1720665258075,17.9948903516664,15.8916105717705,7.10858832191892,17.9594244655844,6.10515981462696,8.81257642823891,21.135733311854,20.4262650888008,5.86989369307702,11.9600506671203,12.5272597731336,9.06259764997533,8.85831334043919,12.5789877651777
"AAD021_003249",0,16.0598456308483,6.29821162308324,0,5.9238236015991,5.61232014549514,3.80527084336338,3.02932314720713,2.1135733311854,0,8.80484053961553,5.98002533356017,6.2636298865668,6.1790438522559,3.3218675026647,0
"AAD021_003250",15.0981076085524,4.88777910504077,4.4987225879166,5.29720352392352,8.29335304223874,12.3471043200893,8.82321041702937,9.36336245500385,2.1135733311854,0,2.93494684653851,3.5880152001361,8.05323842558588,4.1193625681706,6.64373500532939,9.43424082388328
"AAD021_003254",7.54905380427619,45.3865202610929,16.1954013164998,15.8916105717705,10.6628824828784,8.97971223279222,9.78498216864869,6.70122999230668,12.6814399871124,0,24.9470481955773,20.3320861341046,8.05323842558588,13.593896474963,7.19737958910684,12.5789877651777
"AAD021_003259",11.3235807064143,19.5511164201631,44.987225879166,10.594407047847,18.9562355251171,5.61232014549514,5.93789516217143,14.2286390247607,0,30.6393976332011,13.2072608094233,21.5280912008166,7.15843415607634,26.3639204362919,43.1842775346411,15.7237347064721
"AAD021_003261",15.0981076085524,29.3266746302446,16.1954013164998,5.29720352392352,7.10858832191892,12.3471043200893,18.9009057274752,6.60943232117919,21.135733311854,0,36.6868355817314,10.7640456004083,15.2116725816622,14.00583273178,8.30466875666174,25.1579755303554
"AAD021_003265",0,9.77555821008155,3.59897807033328,5.29720352392352,0,5.61232014549514,3.5125577015662,7.98639738809152,0,0,2.93494684653851,1.19600506671203,6.2636298865668,6.1790438522559,4.98280125399704,3.14474694129443
"AAD021_003266",3.7745269021381,4.88777910504077,2.69923355274996,0,3.55429416095946,5.61232014549514,4.47432945318551,4.22269287186448,4.2271466623708,0,4.40242026980776,2.39201013342407,2.68441280852863,6.59098010907296,2.2145783351098,6.28949388258885
"AAD021_003267",0,25.1371496830668,20.6941239044164,10.594407047847,16.5867060844775,70.7152338332388,52.312020055468,17.0743668297129,61.2936266043767,20.4262650888008,33.7518887351929,20.3320861341046,25.9493238157767,18.5371315567677,20.4848495997656,22.013228589061
"AAD021_003270",7.54905380427619,4.88777910504077,5.39846710549992,0,4.73905888127928,3.36739208729708,2.34170513437746,4.31449054299197,0,0,1.46747342326925,3.5880152001361,1.78960853901908,4.1193625681706,2.76822291888725,3.14474694129443
"AAD021_003271",22.6471614128286,10.4738123679445,8.09770065824988,5.29720352392352,2.36952944063964,10.1021762618913,7.94507099163782,32.496375579131,8.45429332474161,40.8525301776015,13.2072608094233,17.9400760006805,19.6856939292099,15.0356733738227,24.3603616862078,3.14474694129443
"AAD021_003272",0,4.88777910504077,2.69923355274996,0,1.18476472031982,2.24492805819806,2.96894758108571,6.24224163666923,2.1135733311854,10.2131325444004,0,3.5880152001361,1.78960853901908,4.1193625681706,2.76822291888725,3.14474694129443
"AAD021_003274",33.9707421192429,4.88777910504077,0.89974451758332,15.8916105717705,0,3.36739208729708,3.59619002779396,10.7403275219162,0,10.2131325444004,14.6747342326925,9.56804053369627,8.05323842558588,6.59098010907296,9.96560250799409,15.7237347064721
"AAD021_003276",3.7745269021381,0.698254157862968,8.09770065824988,5.29720352392352,11.8476472031982,1.12246402909903,35.0419446894342,7.25201601907161,2.1135733311854,10.2131325444004,4.40242026980776,2.39201013342407,2.68441280852863,5.35517133862178,6.09009042155194,9.43424082388328
"AAD021_003278",7.54905380427619,4.18952494717781,8.09770065824988,5.29720352392352,28.4343532876757,11.2246402909903,14.8029217423147,14.3204366958882,10.567866655927,20.4262650888008,11.739787386154,7.1760304002722,11.632455503624,12.1521195761033,7.19737958910684,9.43424082388328
"AAD021_003279",0,26.5336579987928,6.29821162308324,0,0,0,1.92354350323863,2.57033479156968,0,0,1.46747342326925,2.39201013342407,0.894804269509542,3.29549005453648,0.55364458377745,0
"AAD021_003286",0,12.5685748415334,8.9974451758332,10.594407047847,4.73905888127928,3.36739208729708,5.72881434660201,20.7462736748124,2.1135733311854,10.2131325444004,4.40242026980776,11.9600506671203,13.4220640426431,19.7729403272189,14.9484037619911,6.28949388258885
"AAD021_003287",22.6471614128286,37.0074703667373,18.8946348692497,21.1888140956941,63.9772948972703,53.8782733967533,59.0026061536893,14.2286390247607,59.1800532731913,20.4262650888008,36.6868355817314,28.7041216010888,25.0545195462672,11.3282470624692,16.6093375133235,22.013228589061
"AAD021_003289",0,6.28428742076671,3.59897807033328,0,4.73905888127928,8.97971223279222,17.1028107135783,16.2481877895655,2.1135733311854,0,11.739787386154,11.9600506671203,8.94804269509542,14.6237371170056,9.96560250799409,22.013228589061
"AAD021_003290",0,4.18952494717781,2.69923355274996,21.1888140956941,16.5867060844775,12.3471043200893,9.36682053750985,10.9239228641712,10.567866655927,10.2131325444004,14.6747342326925,9.56804053369627,6.2636298865668,16.4774502726824,22.6994279348754,15.7237347064721
"AAD021_003293",0,0,2.69923355274996,0,4.73905888127928,12.3471043200893,67.5331034289215,11.7501019043186,14.7950133182978,10.2131325444004,4.40242026980776,1.19600506671203,18.7908896597004,3.50145818294501,4.4291566702196,0
"AAD021_003306",0,0,0.89974451758332,0,82.9335304223874,63.9804496586446,17.1028107135783,52.416470213796,105.67866655927,71.4919278108026,124.735240977887,222.456942408438,0,10.2984064204265,2.76822291888725,9.43424082388328
"AAD021_003307",3.7745269021381,9.07730405221858,8.9974451758332,5.29720352392352,59.238236015991,14.5920323782874,110.436486783766,5.41606259652183,50.7257599484497,0,7.33736711634627,3.5880152001361,10.7376512341145,4.1193625681706,4.4291566702196,3.14474694129443
"AAD021_003318",7.54905380427619,27.2319121566557,4.4987225879166,0,0,2.24492805819806,0.794507099163782,1.83595342254977,2.1135733311854,0,10.2723139628848,11.9600506671203,3.57921707803817,12.7700239613289,23.2530725186529,6.28949388258885
"AAD021_003320",0,0.698254157862968,1.79948903516664,0,1.18476472031982,0,4.59977794252716,8.72077875711143,4.2271466623708,0,1.46747342326925,5.98002533356017,8.05323842558588,5.35517133862178,7.75102417288429,0
"AAD021_003324",3.7745269021381,4.18952494717781,3.59897807033328,10.594407047847,5.9238236015991,10.1021762618913,6.10515981462696,13.3106623134859,12.6814399871124,0,8.80484053961553,5.98002533356017,0,9.26856577838386,7.75102417288429,3.14474694129443
"AAD021_003330",0,1.39650831572594,6.29821162308324,0,45.0210593721532,25.8166726692776,265.699900425614,1.10157205352986,29.5900266365956,0,0,2.39201013342407,0,1.23580877045118,1.66093375133235,0
"AAD021_003331",26.4216883149667,80.9974823121043,65.6813497835824,74.1608493349292,48.5753535331126,118.981187084497,49.8448664317489,25.1525618889319,88.7700799097869,20.4262650888008,42.5567292748084,44.2521874683452,44.7402134754771,30.0713467476454,29.3431629402048,15.7237347064721
"AAD021_003332",15.0981076085524,21.645878893752,24.2931019747496,5.29720352392352,34.3581768892748,48.2659532512582,30.4839829100209,19.920094634665,44.3850399548935,10.2131325444004,19.0771545025003,19.1360810673925,19.6856939292099,20.596812840853,18.8239158484333,22.013228589061
"AAD021_003333",3.7745269021381,10.4738123679445,25.192846492333,0,1.18476472031982,5.61232014549514,4.64159410564104,4.8652765697569,8.45429332474161,10.2131325444004,1.46747342326925,7.1760304002722,3.57921707803817,4.94323508180472,4.98280125399704,3.14474694129443
"AAD021_003337",3.7745269021381,123.590985941745,11.6966787285832,5.29720352392352,8.29335304223874,1.12246402909903,0.961771751619315,4.77347889862941,2.1135733311854,20.4262650888008,11.739787386154,70.56429893601,3.57921707803817,2.67758566931089,42.0769883670862,9.43424082388328
"AAD021_003341",0,4.18952494717781,1.79948903516664,0,3.55429416095946,5.61232014549514,2.84349909174406,3.2129184894621,2.1135733311854,0,4.40242026980776,2.39201013342407,0,7.41485262270708,2.2145783351098,0
"AAD021_003342",3.7745269021381,3.49127078931484,1.79948903516664,0,1.18476472031982,1.12246402909903,1.88172734012475,2.11134643593224,4.2271466623708,10.2131325444004,1.46747342326925,2.39201013342407,1.78960853901908,5.97307572384737,2.2145783351098,0
"AAD021_003353",3.7745269021381,18.8528622623001,17.0951458340831,0,8.29335304223874,12.3471043200893,10.9558347358374,9.63875546838631,6.34071999355621,0,7.33736711634627,3.5880152001361,7.15843415607634,5.76710759543884,7.75102417288429,25.1579755303554
"AAD021_003366",15.0981076085524,15.3615914729853,9.89718969341652,15.8916105717705,16.5867060844775,25.8166726692776,21.9953017979026,14.7794250515257,33.8171732989664,20.4262650888008,19.0771545025003,20.3320861341046,15.2116725816622,15.0356733738227,9.96560250799409,15.7237347064721
"AAD021_003367",18.8726345106905,1.39650831572594,0.89974451758332,0,0,6.73478417459417,1.2544848934165,2.75393013382466,8.45429332474161,0,4.40242026980776,8.37203546698423,9.84284696460496,8.03275700793268,2.2145783351098,3.14474694129443
"AAD021_003370",11.3235807064143,20.2493705780261,10.7969342109998,10.594407047847,43.8362946518333,35.9188489311689,45.2450884892217,6.42583697892421,35.9307466301518,10.2131325444004,16.1422076559618,8.37203546698423,3.57921707803817,9.06259764997533,11.072891675549,12.5789877651777
"AAD021_003372",0,0,0,0,1553.22654833928,104.38915470621,190.472622983738,0,306.468133021883,0,0,1.19600506671203,0,0.20596812840853,0,0
"AAD021_003377",0,4.18952494717781,2.69923355274996,0,7.10858832191892,0,5.35246887857706,3.30471616058959,2.1135733311854,0,4.40242026980776,2.39201013342407,3.57921707803817,5.14920321021325,1.1072891675549,0
"AAD021_003380",7.54905380427619,11.8703206836705,0.89974451758332,5.29720352392352,5.9238236015991,3.36739208729708,5.72881434660201,2.20314410705973,4.2271466623708,0,5.86989369307702,1.19600506671203,0.894804269509542,5.56113946703031,0.55364458377745,3.14474694129443
"AAD021_003384",0,16.7580997887112,14.3959122813331,5.29720352392352,7.10858832191892,8.97971223279222,4.72522643186881,5.23246725426686,6.34071999355621,0,4.40242026980776,5.98002533356017,5.36882561705725,9.26856577838386,3.3218675026647,6.28949388258885
"AAD021_003385",3.7745269021381,3.49127078931484,5.39846710549992,0,0,1.12246402909903,3.13621223354125,3.02932314720713,4.2271466623708,0,0,1.19600506671203,8.05323842558588,2.47161754090236,1.1072891675549,0
"AAD021_003391",33.9707421192429,36.3092162088743,19.794379386833,37.0804246674646,4.73905888127928,2.24492805819806,3.13621223354125,66.7369069096843,0,20.4262650888008,36.6868355817314,27.5081165343768,28.6337366243053,74.1485262270708,50.3816571237479,31.4474694129443
"AAD021_003393",0,2.79301663145187,5.39846710549992,0,24.8800591267162,0,6.77421842444909,3.12112081833462,4.2271466623708,10.2131325444004,0,0,1.78960853901908,3.08952192612795,2.2145783351098,0
"AAD021_003406",0,2.79301663145187,11.6966787285832,0,13.032411923518,3.36739208729708,16.7682814086672,3.02932314720713,6.34071999355621,0,1.46747342326925,2.39201013342407,15.2116725816622,2.0596812840853,1.66093375133235,3.14474694129443
"AAD021_003411",60.3924304342096,62.1446200498041,28.7918245626662,26.4860176196176,20.1410002454369,24.6942086401786,20.5317360889167,29.4670524319239,16.9085866494832,30.6393976332011,32.2844153119236,52.6242229353295,61.7414945961584,26.9818248215174,16.6093375133235,56.6054449432997
"AAD021_003412",15.0981076085524,8.37904989435561,6.29821162308324,10.594407047847,4.73905888127928,8.97971223279222,5.35246887857706,9.17976711274887,6.34071999355621,0,10.2723139628848,10.7640456004083,10.7376512341145,9.88647016360945,3.87551208644215,12.5789877651777
"AAD021_003414",7.54905380427619,13.2668289993964,7.19795614066656,10.594407047847,15.4019413641577,20.2043525237825,13.7993338275815,10.8321251930437,6.34071999355621,0,16.1422076559618,4.78402026684813,12.5272597731336,17.5072909147251,8.85831334043919,3.14474694129443
"AAD021_003424",52.8433766299334,120.797969310293,132.262444084748,90.0524599066998,68.7163537785495,53.8782733967533,39.4326418163919,52.2328748715411,67.6343465979329,112.344457988404,66.0363040471165,39.4681672014971,90.3752312204638,39.7518487828463,81.9393983990625,103.776649062716
"AAD021_003425",0,14.6633373151223,10.7969342109998,26.4860176196176,21.3257649657568,6.73478417459417,8.23778413343501,15.6056040916731,2.1135733311854,20.4262650888008,7.33736711634627,10.7640456004083,3.57921707803817,23.4803666385724,11.072891675549,12.5789877651777
"AAD021_003431",3.7745269021381,20.947624735889,17.9948903516664,15.8916105717705,10.6628824828784,10.1021762618913,9.45045286373762,13.9532460113783,0,30.6393976332011,14.6747342326925,11.9600506671203,38.4765835889103,28.2176335919686,16.055692929546,6.28949388258885
"AAD021_003438",7.54905380427619,9.07730405221858,6.29821162308324,0,4.73905888127928,3.36739208729708,8.53049727523219,10.1895414951512,10.567866655927,0,1.46747342326925,8.37203546698423,8.94804269509542,3.50145818294501,5.5364458377745,6.28949388258885
"AAD021_000010",3.7745269021381,1.39650831572594,7.19795614066656,0,1.18476472031982,0,3.7634546802495,11.3829112198086,0,0,4.40242026980776,1.19600506671203,3.57921707803817,6.59098010907296,15.5020483457686,12.5789877651777
"AAD021_000016",7.54905380427619,2.79301663145187,0,0,0,3.36739208729708,1.46356570898591,6.42583697892421,4.2271466623708,20.4262650888008,2.93494684653851,5.98002533356017,2.68441280852863,10.7103426772436,22.145783351098,12.5789877651777
"AAD021_000031",3.7745269021381,0,4.4987225879166,0,3.55429416095946,4.48985611639611,4.89249108432434,8.9043740993664,0,20.4262650888008,19.0771545025003,19.1360810673925,12.5272597731336,5.56113946703031,7.19737958910684,0
"AAD021_000045",0,8.37904989435561,1.79948903516664,5.29720352392352,0,0,5.47791736791871,3.02932314720713,2.1135733311854,0,1.46747342326925,1.19600506671203,0.894804269509542,4.94323508180472,2.2145783351098,0
"AAD021_000054",7.54905380427619,18.8528622623001,10.7969342109998,0,4.73905888127928,0,4.93430724743823,6.15044396554174,2.1135733311854,0,7.33736711634627,3.5880152001361,12.5272597731336,6.1790438522559,8.30466875666174,0
"AAD021_000056",22.6471614128286,18.8528622623001,27.8920800450829,37.0804246674646,62.7925301769505,58.3681295131495,58.5008121963227,43.1449054299197,40.1578932925226,40.8525301776015,55.7639900842317,93.2883952035386,34.0025622413626,43.8712113510169,52.0425908750803,31.4474694129443
"AAD021_000066",3.7745269021381,18.1546081044372,6.29821162308324,5.29720352392352,3.55429416095946,4.48985611639611,7.06693156624627,10.0059461528963,4.2271466623708,0,4.40242026980776,10.7640456004083,13.4220640426431,10.9163108056521,3.87551208644215,0
"AAD021_000069",11.3235807064143,6.98254157862968,0,5.29720352392352,0,2.24492805819806,0.334529304911066,8.44538574372896,4.2271466623708,0,2.93494684653851,11.9600506671203,1.78960853901908,5.35517133862178,0.55364458377745,3.14474694129443
"AAD021_000070",0,3.49127078931484,4.4987225879166,0,3.55429416095946,4.48985611639611,3.47074153845231,4.95707424088439,0,0,1.46747342326925,1.19600506671203,4.47402134754771,3.70742631135354,2.2145783351098,3.14474694129443
"AAD021_000074",3.7745269021381,2.0947624735889,1.79948903516664,5.29720352392352,3.55429416095946,6.73478417459417,4.80885875809658,5.87505095215928,4.2271466623708,0,0,3.5880152001361,0,3.08952192612795,10.5192470917715,50.3159510607108
"AAD021_000075",26.4216883149667,19.5511164201631,20.6941239044164,10.594407047847,7.10858832191892,6.73478417459417,18.1482147914253,27.1721106537367,12.6814399871124,20.4262650888008,19.0771545025003,20.3320861341046,17.8960853901908,35.4265180862672,17.1629820971009,9.43424082388328
"AAD021_000082",22.6471614128286,6.98254157862968,6.29821162308324,15.8916105717705,4.73905888127928,0,1.08722024096097,31.7619942101111,4.2271466623708,0,17.6096810792311,11.9600506671203,3.57921707803817,1.02984064204265,3.3218675026647,28.3027224716498
"AAD021_000084",3.7745269021381,61.4463658919412,12.5964232461665,5.29720352392352,7.10858832191892,10.1021762618913,39.2653771639364,4.40628821411946,2.1135733311854,10.2131325444004,11.739787386154,2.39201013342407,2.68441280852863,3.70742631135354,1.1072891675549,0
"AAD021_000129",7.54905380427619,22.344133051615,24.2931019747496,26.4860176196176,22.5105296860766,12.3471043200893,17.562788507831,29.6506477741789,6.34071999355621,30.6393976332011,13.2072608094233,13.1560557338324,13.4220640426431,52.9338090009922,24.3603616862078,9.43424082388328
"AAD021_000152",0,2.79301663145187,3.59897807033328,0,4.73905888127928,2.24492805819806,3.09439607042736,4.95707424088439,0,0,1.46747342326925,3.5880152001361,2.68441280852863,4.1193625681706,1.66093375133235,12.5789877651777
"AAD021_000153",7.54905380427619,4.18952494717781,3.59897807033328,5.29720352392352,8.29335304223874,30.3065287856738,8.53049727523219,8.44538574372896,14.7950133182978,30.6393976332011,17.6096810792311,13.1560557338324,3.57921707803817,12.5640558329203,16.6093375133235,6.28949388258885
"AAD021_000177",0,4.18952494717781,1.79948903516664,0,9.47811776255856,3.36739208729708,3.17802839665513,3.2129184894621,0,0,0,3.5880152001361,2.68441280852863,5.76710759543884,2.76822291888725,3.14474694129443
"AAD021_000197",7.54905380427619,2.0947624735889,2.69923355274996,10.594407047847,7.10858832191892,3.36739208729708,31.6966516403235,14.3204366958882,2.1135733311854,0,2.93494684653851,7.1760304002722,5.36882561705725,8.44469326474973,8.30466875666174,31.4474694129443
"AAD021_000198",7.54905380427619,21.645878893752,6.29821162308324,5.29720352392352,2.36952944063964,5.61232014549514,5.97971132528531,6.05864629441425,14.7950133182978,0,2.93494684653851,4.78402026684813,8.05323842558588,4.94323508180472,2.2145783351098,6.28949388258885
"AAD021_000199",15.0981076085524,7.68079573649265,4.4987225879166,10.594407047847,16.5867060844775,20.2043525237825,24.0861099535968,13.8614483402508,19.0221599806686,20.4262650888008,13.2072608094233,9.56804053369627,9.84284696460496,8.03275700793268,11.6265362593264,22.013228589061
"AAD021_000200",0,0,0.89974451758332,5.29720352392352,4.73905888127928,3.36739208729708,6.27242446708249,6.97662300568914,2.1135733311854,0,4.40242026980776,1.19600506671203,7.15843415607634,2.67758566931089,4.4291566702196,25.1579755303554
"AAD021_000219",11.3235807064143,3.49127078931484,8.09770065824988,5.29720352392352,10.6628824828784,14.5920323782874,23.0407058757497,7.89459971696403,8.45429332474161,30.6393976332011,2.93494684653851,7.1760304002722,6.2636298865668,11.9461514476947,3.3218675026647,6.28949388258885
"AAD021_000224",0,2.79301663145187,0.89974451758332,5.29720352392352,7.10858832191892,13.4695683491883,260.180166894582,2.11134643593224,50.7257599484497,0,1.46747342326925,1.19600506671203,5.36882561705725,0.82387251363412,6.09009042155194,3.14474694129443
"AAD021_000225",0,4.88777910504077,3.59897807033328,0,9.47811776255856,8.97971223279222,15.764693493934,5.6914556099043,14.7950133182978,0,5.86989369307702,4.78402026684813,0.894804269509542,5.14920321021325,8.85831334043919,0
"AAD021_000226",0,7.68079573649265,4.4987225879166,10.594407047847,5.9238236015991,7.8572482036932,10.2449599629014,10.9239228641712,6.34071999355621,0,10.2723139628848,7.1760304002722,1.78960853901908,13.3879283465545,12.7338254268813,0
"AAD021_000229",0,2.0947624735889,0,10.594407047847,0,0,0.209080815569416,11.2911135486811,0,0,36.6868355817314,8.37203546698423,0.894804269509542,17.5072909147251,47.6134342048607,3.14474694129443
"AAD021_000234",3.7745269021381,2.0947624735889,5.39846710549992,26.4860176196176,3.55429416095946,3.36739208729708,4.85067492121046,5.50786026764932,4.2271466623708,10.2131325444004,7.33736711634627,2.39201013342407,5.36882561705725,4.32533069657913,6.64373500532939,3.14474694129443
"AAD021_000236",7.54905380427619,6.28428742076671,1.79948903516664,0,9.47811776255856,4.48985611639611,12.0012388136845,8.9043740993664,2.1135733311854,0,7.33736711634627,14.3520608005444,15.2116725816622,14.2118008601886,5.5364458377745,9.43424082388328
"AAD021_000239",75.4905380427619,80.2992281542413,144.858867330915,74.1608493349292,226.290061581086,292.963111594846,447.432945318551,85.3718341485645,224.038773105653,61.2787952664022,140.877448633848,163.852694139549,55.4778647095916,126.05249458602,111.282561339267,100.631902121422
"AAD021_000245",3.7745269021381,0.698254157862968,0.89974451758332,0,180.084237488613,99.8992985898135,417.659837181466,0.0917976711274887,46.4986132860789,0,1.46747342326925,0,2.68441280852863,0.20596812840853,2.2145783351098,9.43424082388328
"AAD021_000247",0,6.98254157862968,4.4987225879166,5.29720352392352,0,0,2.88531525485795,4.77347889862941,2.1135733311854,0,1.46747342326925,4.78402026684813,0.894804269509542,5.56113946703031,4.98280125399704,6.28949388258885
"AAD021_000248",0,9.77555821008155,12.5964232461665,5.29720352392352,2.36952944063964,6.73478417459417,9.70134984242092,8.72077875711143,10.567866655927,0,11.739787386154,9.56804053369627,11.632455503624,10.2984064204265,9.96560250799409,12.5789877651777
"AAD021_000251",0,0,0,0,50.9448829737523,13.4695683491883,101.86417334542,2.11134643593224,4.2271466623708,0,0,0,0,0,1.66093375133235,0
"AAD021_000256",3.7745269021381,3.49127078931484,6.29821162308324,10.594407047847,9.47811776255856,3.36739208729708,14.8029217423147,9.82235081064129,12.6814399871124,10.2131325444004,4.40242026980776,3.5880152001361,17.8960853901908,6.38501198066443,5.5364458377745,3.14474694129443
"AAD021_000258",7.54905380427619,17.4563539465742,15.2956567989164,5.29720352392352,27.2495885673559,23.5717446110796,23.8770291380274,30.8440174988362,19.0221599806686,10.2131325444004,33.7518887351929,17.9400760006805,24.1597152767576,20.596812840853,17.7166266808784,12.5789877651777
"AAD021_000259",7.54905380427619,4.18952494717781,1.79948903516664,15.8916105717705,5.9238236015991,8.97971223279222,12.5030327710511,7.3438136901991,8.45429332474161,0,16.1422076559618,2.39201013342407,4.47402134754771,4.32533069657913,7.75102417288429,6.28949388258885
"AAD021_000269",124.559387770557,187.132114307275,201.542771938664,153.618902193782,72.270647939509,71.8376978623378,127.413849008002,152.108741058249,63.4071999355621,81.705060355203,151.149762596733,144.716613072156,86.7960141424256,204.114415252853,151.144971371244,166.671587888605
"AAD021_000279",18.8726345106905,9.07730405221858,23.3933574571663,15.8916105717705,24.8800591267162,40.408705047565,25.8842049674937,7.16021834794412,19.0221599806686,0,23.4795747723081,13.1560557338324,3.57921707803817,21.0087490976701,18.8239158484333,6.28949388258885
"AAD021_000280",0,5.58603326290374,0.89974451758332,5.29720352392352,9.47811776255856,6.73478417459417,5.22702038923541,3.58010917397206,2.1135733311854,0,10.2723139628848,7.1760304002722,1.78960853901908,8.8566295215668,9.96560250799409,0
"AAD021_000287",3.7745269021381,10.4738123679445,6.29821162308324,15.8916105717705,3.55429416095946,4.48985611639611,3.59619002779396,5.6914556099043,6.34071999355621,10.2131325444004,2.93494684653851,7.1760304002722,5.36882561705725,6.79694823748149,8.30466875666174,18.8684816477666
"AAD021_000299",0,0,0,0,235.768179343644,12.3471043200893,75.8127037254704,0.0917976711274887,44.3850399548935,0,13.2072608094233,1.19600506671203,0,1.02984064204265,15.5020483457686,0
"AAD021_000303",18.8726345106905,24.4388955252039,32.3908026329995,15.8916105717705,40.2820004908739,20.2043525237825,24.1697422798245,28.4572780495215,23.2493066430394,0,26.4145216188466,33.4881418679369,22.3701067377386,25.9519841794748,25.4676508537627,40.8817102368275
"AAD021_000318",11.3235807064143,2.0947624735889,0.89974451758332,0,3.55429416095946,11.2246402909903,9.45045286373762,3.48831150284457,16.9085866494832,0,10.2723139628848,2.39201013342407,3.57921707803817,5.35517133862178,6.09009042155194,0
"AAD021_000326",7.54905380427619,9.07730405221858,5.39846710549992,0,2.36952944063964,5.61232014549514,4.76704259498269,3.94729985848201,6.34071999355621,10.2131325444004,1.46747342326925,7.1760304002722,0.894804269509542,2.88355379771942,1.1072891675549,3.14474694129443
"AAD021_000327",11.3235807064143,11.1720665258075,9.89718969341652,15.8916105717705,36.7277063299144,8.97971223279222,34.6655992214092,18.8185225811352,12.6814399871124,0,11.739787386154,19.1360810673925,7.15843415607634,29.6594104908283,28.2358737726499,0
"AAD021_000330",7.54905380427619,4.18952494717781,3.59897807033328,15.8916105717705,9.47811776255856,1.12246402909903,27.8913807969601,9.63875546838631,21.135733311854,0,10.2723139628848,5.98002533356017,8.94804269509542,5.76710759543884,3.87551208644215,6.28949388258885
"AAD021_000332",18.8726345106905,25.8354038409298,19.794379386833,15.8916105717705,23.6952944063964,26.9391366983767,21.2844270249666,9.91414848176878,40.1578932925226,10.2131325444004,20.5446279257696,9.56804053369627,17.8960853901908,8.44469326474973,10.5192470917715,9.43424082388328
"AAD021_000333",3.7745269021381,19.5511164201631,8.9974451758332,10.594407047847,2.36952944063964,8.97971223279222,2.21625664503581,4.31449054299197,2.1135733311854,10.2131325444004,7.33736711634627,4.78402026684813,30.4233451633244,14.00583273178,8.30466875666174,3.14474694129443
"AAD021_000335",3.7745269021381,22.344133051615,17.0951458340831,10.594407047847,13.032411923518,14.5920323782874,13.7157015013537,12.1172925888285,2.1135733311854,0,8.80484053961553,9.56804053369627,10.7376512341145,20.8027809692615,11.6265362593264,28.3027224716498
"AAD021_000339",7.54905380427619,14.6633373151223,9.89718969341652,5.29720352392352,33.173412168955,25.8166726692776,30.4003505837931,13.9532460113783,14.7950133182978,20.4262650888008,4.40242026980776,11.9600506671203,8.94804269509542,18.1251952999507,22.6994279348754,9.43424082388328
"AAD021_000340",7.54905380427619,15.3615914729853,11.6966787285832,0,4.73905888127928,3.36739208729708,2.55078594994688,4.68168122750192,2.1135733311854,0,0,3.5880152001361,2.68441280852863,4.32533069657913,4.98280125399704,6.28949388258885
"AAD021_000341",0,4.18952494717781,7.19795614066656,0,3.55429416095946,10.1021762618913,6.27242446708249,5.32426492539434,6.34071999355621,10.2131325444004,0,4.78402026684813,3.57921707803817,3.50145818294501,4.4291566702196,9.43424082388328
"AAD021_000345",7.54905380427619,31.4214371038336,16.1954013164998,5.29720352392352,11.8476472031982,4.48985611639611,9.7431660055348,6.15044396554174,2.1135733311854,10.2131325444004,4.40242026980776,3.5880152001361,7.15843415607634,5.35517133862178,6.09009042155194,9.43424082388328
"AAD021_000346",0,6.98254157862968,12.5964232461665,10.594407047847,22.5105296860766,14.5920323782874,17.9809501389698,20.8380713459399,35.9307466301518,10.2131325444004,26.4145216188466,10.7640456004083,36.6869750498912,13.3879283465545,17.1629820971009,15.7237347064721
"AAD021_000350",3.7745269021381,9.07730405221858,1.79948903516664,37.0804246674646,16.5867060844775,16.8369604364854,18.7754572381336,12.209090259956,10.567866655927,20.4262650888008,13.2072608094233,7.1760304002722,24.1597152767576,5.76710759543884,6.64373500532939,6.28949388258885
"AAD021_000354",7.54905380427619,43.291757787504,22.493612939583,10.594407047847,4.73905888127928,4.48985611639611,10.1613276366736,20.8380713459399,6.34071999355621,0,5.86989369307702,7.1760304002722,11.632455503624,14.6237371170056,4.98280125399704,3.14474694129443
"AAD021_000356",11.3235807064143,6.98254157862968,8.9974451758332,0,1.18476472031982,3.36739208729708,2.13262431880805,6.5176346500517,2.1135733311854,0,0,1.19600506671203,0.894804269509542,1.44177689885971,0,0
"AAD021_000362",11.3235807064143,25.1371496830668,9.89718969341652,5.29720352392352,2.36952944063964,3.36739208729708,2.63441827617465,2.93752547607964,0,0,2.93494684653851,5.98002533356017,0.894804269509542,5.35517133862178,0.55364458377745,3.14474694129443
"AAD021_000367",7.54905380427619,5.58603326290374,2.69923355274996,0,1.18476472031982,2.24492805819806,3.93071933270503,5.50786026764932,0,10.2131325444004,2.93494684653851,3.5880152001361,8.94804269509542,7.62082075111561,4.98280125399704,0
"AAD021_000372",7.54905380427619,6.28428742076671,5.39846710549992,5.29720352392352,13.032411923518,7.8572482036932,4.30706480072998,4.95707424088439,2.1135733311854,0,7.33736711634627,0,5.36882561705725,8.03275700793268,4.4291566702196,0
"AAD021_000373",0,0.698254157862968,10.7969342109998,0,99.5202365068649,63.9804496586446,24.378823095394,0.826179040147398,48.6121866172643,0,5.86989369307702,1.19600506671203,0.894804269509542,0.82387251363412,1.66093375133235,0
"AAD021_000379",3.7745269021381,11.1720665258075,13.4961677637498,5.29720352392352,41.4667652111937,15.7144964073864,32.3657102501457,17.4415575142229,12.6814399871124,20.4262650888008,17.6096810792311,14.3520608005444,18.7908896597004,24.5102072806151,27.128584605095,12.5789877651777
"AAD021_000386",0,8.37904989435561,6.29821162308324,0,7.10858832191892,4.48985611639611,3.2616607228829,2.84572780495215,2.1135733311854,0,5.86989369307702,10.7640456004083,2.68441280852863,4.32533069657913,3.87551208644215,3.14474694129443
"AAD021_000389",3.7745269021381,9.07730405221858,4.4987225879166,0,1.18476472031982,3.36739208729708,4.93430724743823,2.57033479156968,4.2271466623708,10.2131325444004,0,1.19600506671203,4.47402134754771,7.41485262270708,3.87551208644215,3.14474694129443
"AAD021_000391",11.3235807064143,4.88777910504077,1.79948903516664,10.594407047847,4.73905888127928,3.36739208729708,5.47791736791871,5.04887191201188,2.1135733311854,0,2.93494684653851,2.39201013342407,6.2636298865668,6.1790438522559,4.4291566702196,0
"AAD021_000399",7.54905380427619,4.18952494717781,1.79948903516664,0,2.36952944063964,3.36739208729708,3.72163851713561,14.3204366958882,0,10.2131325444004,5.86989369307702,11.9600506671203,8.05323842558588,10.7103426772436,11.6265362593264,0
"AAD021_000400",7.54905380427619,7.68079573649265,5.39846710549992,5.29720352392352,1.18476472031982,4.48985611639611,4.51614561629939,3.76370451622704,2.1135733311854,0,2.93494684653851,5.98002533356017,3.57921707803817,6.79694823748149,3.87551208644215,3.14474694129443
"AAD021_000404",33.9707421192429,13.9650831572594,13.4961677637498,15.8916105717705,36.7277063299144,23.5717446110796,124.444901426917,31.3030058544736,25.3628799742248,20.4262650888008,27.8819950421158,14.3520608005444,27.7389323547958,19.9789084556274,20.4848495997656,28.3027224716498
"AAD021_000411",7.54905380427619,12.5685748415334,2.69923355274996,0,9.47811776255856,11.2246402909903,8.15415180720724,3.2129184894621,10.567866655927,10.2131325444004,4.40242026980776,0,2.68441280852863,5.35517133862178,5.5364458377745,12.5789877651777
"AAD021_000412",3.7745269021381,1.39650831572594,1.79948903516664,0,8.29335304223874,3.36739208729708,3.72163851713561,2.11134643593224,4.2271466623708,0,5.86989369307702,2.39201013342407,2.68441280852863,5.56113946703031,2.76822291888725,12.5789877651777
"AAD021_000427",18.8726345106905,4.88777910504077,16.1954013164998,21.1888140956941,16.5867060844775,20.2043525237825,17.8136854865143,13.3106623134859,16.9085866494832,0,22.0121013490388,37.076157068073,12.5272597731336,13.593896474963,22.6994279348754,15.7237347064721
"AAD021_000429",0,6.98254157862968,6.29821162308324,5.29720352392352,1.18476472031982,0,1.46356570898591,2.75393013382466,0,0,2.93494684653851,7.1760304002722,2.68441280852863,10.2984064204265,26.0212954375401,3.14474694129443
"AAD021_000430",7.54905380427619,4.18952494717781,3.59897807033328,0,2.36952944063964,4.48985611639611,2.42533746060523,3.02932314720713,0,0,4.40242026980776,2.39201013342407,4.47402134754771,5.35517133862178,4.98280125399704,3.14474694129443
"AAD021_000432",11.3235807064143,6.28428742076671,6.29821162308324,5.29720352392352,5.9238236015991,3.36739208729708,11.9594226505706,9.91414848176878,6.34071999355621,0,5.86989369307702,8.37203546698423,9.84284696460496,5.97307572384737,5.5364458377745,6.28949388258885
"AAD021_000440",7.54905380427619,12.5685748415334,5.39846710549992,5.29720352392352,14.2171766438378,7.8572482036932,6.89966691379074,4.68168122750192,2.1135733311854,0,8.80484053961553,1.19600506671203,2.68441280852863,4.53129882498766,3.3218675026647,6.28949388258885
"AAD021_000445",3.7745269021381,16.0598456308483,13.4961677637498,5.29720352392352,2.36952944063964,10.1021762618913,15.3047156996813,17.4415575142229,12.6814399871124,0,16.1422076559618,10.7640456004083,11.632455503624,14.00583273178,17.1629820971009,12.5789877651777
"AAD021_000450",0,11.8703206836705,16.1954013164998,5.29720352392352,3.55429416095946,3.36739208729708,12.7957459128483,21.6642503860873,6.34071999355621,10.2131325444004,7.33736711634627,11.9600506671203,15.2116725816622,15.0356733738227,12.1801808431039,12.5789877651777
"AAD021_000455",11.3235807064143,4.18952494717781,1.79948903516664,0,3.55429416095946,8.97971223279222,16.3919359406422,12.9434716289759,2.1135733311854,10.2131325444004,5.86989369307702,11.9600506671203,8.05323842558588,12.5640558329203,9.96560250799409,15.7237347064721
"AAD021_000456",3.7745269021381,32.1196912616965,20.6941239044164,5.29720352392352,8.29335304223874,13.4695683491883,8.82321041702937,5.78325328103179,8.45429332474161,0,8.80484053961553,4.78402026684813,6.2636298865668,12.9759920897374,5.5364458377745,9.43424082388328
"AAD021_000468",7.54905380427619,7.68079573649265,6.29821162308324,15.8916105717705,9.47811776255856,15.7144964073864,12.4612166079372,11.3829112198086,23.2493066430394,10.2131325444004,8.80484053961553,5.98002533356017,9.84284696460496,7.41485262270708,6.09009042155194,9.43424082388328
"AAD021_000469",3.7745269021381,3.49127078931484,4.4987225879166,0,7.10858832191892,3.36739208729708,4.18161631138833,5.50786026764932,4.2271466623708,0,0,5.98002533356017,5.36882561705725,6.1790438522559,2.2145783351098,0
"AAD021_000474",11.3235807064143,6.98254157862968,14.3959122813331,5.29720352392352,11.8476472031982,5.61232014549514,11.7085256718873,34.6995196861907,12.6814399871124,0,24.9470481955773,20.3320861341046,14.3168683121527,20.596812840853,17.1629820971009,15.7237347064721
"AAD021_000475",3.7745269021381,3.49127078931484,2.69923355274996,5.29720352392352,7.10858832191892,5.61232014549514,3.84708700647726,4.49808588524695,12.6814399871124,0,7.33736711634627,5.98002533356017,4.47402134754771,5.56113946703031,4.4291566702196,6.28949388258885
"AAD021_000477",15.0981076085524,24.4388955252039,17.9948903516664,10.594407047847,7.10858832191892,14.5920323782874,7.23419621870181,17.2579621719679,8.45429332474161,20.4262650888008,23.4795747723081,5.98002533356017,15.2116725816622,14.00583273178,22.145783351098,12.5789877651777
"AAD021_000479",0,9.77555821008155,5.39846710549992,0,5.9238236015991,4.48985611639611,4.2652486376161,3.30471616058959,4.2271466623708,0,4.40242026980776,5.98002533356017,2.68441280852863,4.73726695339619,2.76822291888725,0
"AAD021_000487",22.6471614128286,10.4738123679445,6.29821162308324,5.29720352392352,9.47811776255856,10.1021762618913,8.82321041702937,17.7169505276053,10.567866655927,0,10.2723139628848,8.37203546698423,8.94804269509542,13.1819602181459,6.64373500532939,6.28949388258885
"AAD021_000490",15.0981076085524,2.79301663145187,7.19795614066656,5.29720352392352,3.55429416095946,13.4695683491883,7.81962250229617,14.6876273803982,2.1135733311854,0,13.2072608094233,14.3520608005444,8.94804269509542,8.2387251363412,15.5020483457686,12.5789877651777
"AAD021_000497",30.1962152171048,13.2668289993964,35.0900361857495,31.7832211435411,72.270647939509,56.1232014549514,50.2630280628877,27.3557059959916,50.7257599484497,30.6393976332011,23.4795747723081,25.1161064009527,59.9518860571393,21.0087490976701,45.9525004535283,28.3027224716498
"AAD021_000502",0,4.18952494717781,5.39846710549992,0,7.10858832191892,4.48985611639611,8.27960029654889,6.15044396554174,2.1135733311854,10.2131325444004,7.33736711634627,3.5880152001361,5.36882561705725,8.03275700793268,17.1629820971009,9.43424082388328
"AAD021_000503",3.7745269021381,5.58603326290374,3.59897807033328,5.29720352392352,2.36952944063964,7.8572482036932,3.42892537533843,4.68168122750192,8.45429332474161,0,0,1.19600506671203,2.68441280852863,5.56113946703031,5.5364458377745,6.28949388258885
"AAD021_000504",3.7745269021381,2.0947624735889,9.89718969341652,10.594407047847,4.73905888127928,3.36739208729708,6.39787295642414,15.4220087494181,6.34071999355621,0,4.40242026980776,8.37203546698423,4.47402134754771,12.3580877045118,11.6265362593264,9.43424082388328
"AAD021_000506",7.54905380427619,23.0423872094779,5.39846710549992,0,18.9562355251171,20.2043525237825,12.9630105653038,6.33403930779672,23.2493066430394,0,7.33736711634627,17.9400760006805,12.5272597731336,12.1521195761033,7.19737958910684,9.43424082388328
"AAD021_000507",0,5.58603326290374,8.9974451758332,0,7.10858832191892,4.48985611639611,3.59619002779396,6.5176346500517,6.34071999355621,0,2.93494684653851,3.5880152001361,7.15843415607634,8.2387251363412,4.4291566702196,3.14474694129443
"AAD021_000510",3.7745269021381,2.0947624735889,5.39846710549992,0,9.47811776255856,2.24492805819806,3.21984455976901,3.2129184894621,2.1135733311854,0,2.93494684653851,3.5880152001361,1.78960853901908,7.62082075111561,4.98280125399704,0
"AAD021_000515",0,4.88777910504077,2.69923355274996,0,8.29335304223874,0,3.42892537533843,4.77347889862941,4.2271466623708,0,2.93494684653851,4.78402026684813,9.84284696460496,4.53129882498766,6.64373500532939,3.14474694129443
"AAD021_000518",15.0981076085524,9.77555821008155,7.19795614066656,5.29720352392352,13.032411923518,1.12246402909903,10.4540407784708,7.98639738809152,0,10.2131325444004,8.80484053961553,7.1760304002722,9.84284696460496,9.47453390679239,7.75102417288429,6.28949388258885
"AAD021_000523",3.7745269021381,1.39650831572594,4.4987225879166,0,4.73905888127928,5.61232014549514,3.67982235402173,6.24224163666923,4.2271466623708,0,10.2723139628848,10.7640456004083,7.15843415607634,8.03275700793268,6.64373500532939,6.28949388258885
"AAD021_000525",0,4.18952494717781,2.69923355274996,0,0,2.24492805819806,2.508969786833,5.41606259652183,2.1135733311854,20.4262650888008,5.86989369307702,5.98002533356017,1.78960853901908,8.2387251363412,6.64373500532939,12.5789877651777
"AAD021_000530",3.7745269021381,4.18952494717781,1.79948903516664,0,4.73905888127928,3.36739208729708,2.80168292863018,3.12112081833462,6.34071999355621,10.2131325444004,1.46747342326925,1.19600506671203,2.68441280852863,4.1193625681706,4.98280125399704,0
"AAD021_000535",11.3235807064143,16.0598456308483,8.09770065824988,10.594407047847,23.6952944063964,12.3471043200893,19.5281481741835,7.61920670358156,12.6814399871124,0,13.2072608094233,7.1760304002722,7.15843415607634,16.6834184010909,6.64373500532939,6.28949388258885
"AAD021_000536",79.2650649449,53.0673159975856,46.7867149143326,42.3776281913881,45.0210593721532,116.736259026299,90.4901769784434,22.7658224396172,122.587253208753,51.0656627220019,60.1664103540394,58.6042482688896,76.0583629083111,25.9519841794748,42.0769883670862,72.3291796497718
"AAD021_000538",0,2.79301663145187,5.39846710549992,0,4.73905888127928,6.73478417459417,9.9940629842181,4.49808588524695,6.34071999355621,0,2.93494684653851,1.19600506671203,0.894804269509542,4.73726695339619,4.4291566702196,9.43424082388328
"AAD021_000540",3.7745269021381,9.07730405221858,8.9974451758332,5.29720352392352,2.36952944063964,3.36739208729708,3.67982235402173,8.07819505921901,0,0,4.40242026980776,4.78402026684813,3.57921707803817,7.62082075111561,5.5364458377745,0
"AAD021_000544",7.54905380427619,6.98254157862968,0.89974451758332,0,1.18476472031982,3.36739208729708,3.30347688599678,3.58010917397206,0,0,0,0,1.78960853901908,7.00291636589002,0.55364458377745,0
"AAD021_000545",3.7745269021381,18.1546081044372,8.09770065824988,10.594407047847,21.3257649657568,14.5920323782874,31.1948576829569,4.22269287186448,29.5900266365956,10.2131325444004,7.33736711634627,7.1760304002722,6.2636298865668,3.50145818294501,3.3218675026647,6.28949388258885
"AAD021_000551",0,4.88777910504077,9.89718969341652,5.29720352392352,14.2171766438378,13.4695683491883,20.0299421315501,6.88482533456165,19.0221599806686,0,7.33736711634627,10.7640456004083,8.05323842558588,4.32533069657913,2.76822291888725,6.28949388258885
"AAD021_000552",0,4.18952494717781,3.59897807033328,10.594407047847,3.55429416095946,12.3471043200893,6.69058609822132,8.44538574372896,8.45429332474161,0,8.80484053961553,5.98002533356017,4.47402134754771,5.35517133862178,6.09009042155194,3.14474694129443
"AAD021_000554",11.3235807064143,14.6633373151223,10.7969342109998,0,9.47811776255856,20.2043525237825,5.31065271546318,4.77347889862941,6.34071999355621,10.2131325444004,7.33736711634627,11.9600506671203,15.2116725816622,7.20888449429855,8.85831334043919,15.7237347064721
"AAD021_000556",11.3235807064143,8.37904989435561,4.4987225879166,5.29720352392352,16.5867060844775,3.36739208729708,13.0466428915316,18.2677365543703,4.2271466623708,0,30.8169418886543,16.7440709339685,8.94804269509542,10.9163108056521,16.055692929546,18.8684816477666
"AAD021_000557",0,13.2668289993964,5.39846710549992,0,7.10858832191892,1.12246402909903,3.84708700647726,6.88482533456165,2.1135733311854,10.2131325444004,5.86989369307702,3.5880152001361,0.894804269509542,13.7998646033715,1.66093375133235,0
"AAD021_000563",0,4.18952494717781,5.39846710549992,0,9.47811776255856,2.24492805819806,2.42533746060523,2.20314410705973,0,0,1.46747342326925,1.19600506671203,1.78960853901908,4.1193625681706,2.76822291888725,3.14474694129443
"AAD021_000564",0,13.9650831572594,5.39846710549992,0,5.9238236015991,6.73478417459417,6.31424063019637,3.85550218735453,6.34071999355621,0,2.93494684653851,4.78402026684813,1.78960853901908,6.59098010907296,3.3218675026647,0
"AAD021_000576",67.9414842384857,85.1870072592821,70.180072371499,84.7552563827763,98.335471786545,105.511618735309,146.398387061705,55.9047817166406,156.40442650772,20.4262650888008,64.5688306238472,69.3682938692979,76.9531671778206,67.969482374815,81.3857538152851,100.631902121422
"AAD021_000577",15.0981076085524,7.68079573649265,0,0,9.47811776255856,5.61232014549514,11.2485478776346,3.58010917397206,10.567866655927,0,1.46747342326925,2.39201013342407,4.47402134754771,8.03275700793268,3.87551208644215,6.28949388258885
"AAD021_000579",15.0981076085524,4.18952494717781,10.7969342109998,5.29720352392352,17.7714708047973,3.36739208729708,15.4301641890229,7.16021834794412,4.2271466623708,0,7.33736711634627,5.98002533356017,8.94804269509542,11.5342151908777,4.4291566702196,6.28949388258885
"AAD021_000581",7.54905380427619,16.0598456308483,10.7969342109998,10.594407047847,8.29335304223874,14.5920323782874,3.30347688599678,21.2970597015774,10.567866655927,0,8.80484053961553,8.37203546698423,22.3701067377386,19.5669721988104,15.5020483457686,3.14474694129443
"AAD021_000582",7.54905380427619,5.58603326290374,15.2956567989164,5.29720352392352,5.9238236015991,10.1021762618913,8.02870331786559,10.4649345085337,4.2271466623708,0,8.80484053961553,10.7640456004083,5.36882561705725,12.7700239613289,12.7338254268813,12.5789877651777
"AAD021_000583",33.9707421192429,21.645878893752,14.3959122813331,0,8.29335304223874,4.48985611639611,5.39428504169094,4.58988355637443,8.45429332474161,0,2.93494684653851,2.39201013342407,8.05323842558588,6.38501198066443,4.4291566702196,18.8684816477666
"AAD021_000587",3.7745269021381,4.18952494717781,0.89974451758332,5.29720352392352,4.73905888127928,3.36739208729708,3.63800619090785,5.41606259652183,2.1135733311854,0,5.86989369307702,4.78402026684813,8.05323842558588,2.26564941249383,2.76822291888725,6.28949388258885
"AAD021_000588",7.54905380427619,6.28428742076671,1.79948903516664,15.8916105717705,0,0,0.878139425391549,19.1857132656451,0,0,8.80484053961553,23.9201013342407,3.57921707803817,9.06259764997533,10.5192470917715,25.1579755303554
"AAD021_000597",0,1.39650831572594,4.4987225879166,0,3.55429416095946,2.24492805819806,7.35964470804346,3.30471616058959,6.34071999355621,10.2131325444004,5.86989369307702,4.78402026684813,0.894804269509542,3.70742631135354,0.55364458377745,6.28949388258885
"AAD021_000603",11.3235807064143,7.68079573649265,3.59897807033328,5.29720352392352,2.36952944063964,11.2246402909903,16.2664874513006,4.22269287186448,10.567866655927,10.2131325444004,8.80484053961553,3.5880152001361,6.2636298865668,2.26564941249383,7.19737958910684,3.14474694129443
"AAD021_000605",11.3235807064143,9.07730405221858,17.0951458340831,5.29720352392352,7.10858832191892,6.73478417459417,5.18520422612153,17.5333551853503,8.45429332474161,20.4262650888008,11.739787386154,20.3320861341046,3.57921707803817,15.2416415022312,25.4676508537627,3.14474694129443
"AAD021_000607",3.7745269021381,4.88777910504077,6.29821162308324,0,3.55429416095946,6.73478417459417,4.43251329007163,4.40628821411946,4.2271466623708,0,5.86989369307702,4.78402026684813,0.894804269509542,4.94323508180472,8.30466875666174,12.5789877651777
"AAD021_000610",7.54905380427619,11.1720665258075,8.09770065824988,5.29720352392352,10.6628824828784,5.61232014549514,4.47432945318551,5.14066958313937,10.567866655927,0,2.93494684653851,3.5880152001361,3.57921707803817,5.56113946703031,5.5364458377745,0
"AAD021_000613",11.3235807064143,4.18952494717781,4.4987225879166,10.594407047847,15.4019413641577,2.24492805819806,8.44686494900442,9.54695779725883,4.2271466623708,0,4.40242026980776,4.78402026684813,7.15843415607634,10.9163108056521,8.30466875666174,3.14474694129443
"AAD021_000614",7.54905380427619,2.79301663145187,6.29821162308324,5.29720352392352,10.6628824828784,4.48985611639611,3.09439607042736,5.41606259652183,4.2271466623708,0,4.40242026980776,8.37203546698423,4.47402134754771,5.56113946703031,6.09009042155194,9.43424082388328
"AAD021_000617",3.7745269021381,3.49127078931484,0.89974451758332,0,3.55429416095946,0,6.39787295642414,6.79302766343416,4.2271466623708,0,0,9.56804053369627,5.36882561705725,8.8566295215668,6.64373500532939,0
"AAD021_000620",37.745269021381,84.4887531014191,89.0747072407487,52.9720352392352,74.6401773801486,43.7760971348621,45.0360076736523,50.1215284356088,35.9307466301518,122.557590532804,51.3615698144239,43.0561824016332,77.8479714473302,35.4265180862672,41.5233437833087,31.4474694129443
"AAD021_000623",11.3235807064143,6.28428742076671,3.59897807033328,26.4860176196176,0,2.24492805819806,0.627242446708249,4.13089520073699,0,0,74.841144586732,3.5880152001361,22.3701067377386,2.67758566931089,3.87551208644215,3.14474694129443
"AAD021_000625",22.6471614128286,18.8528622623001,21.5938684219997,31.7832211435411,16.5867060844775,14.5920323782874,21.9116694716748,18.8185225811352,21.135733311854,30.6393976332011,14.6747342326925,29.9001266678008,19.6856939292099,21.2147172260786,12.7338254268813,28.3027224716498
"AAD021_000626",0,7.68079573649265,8.09770065824988,15.8916105717705,7.10858832191892,2.24492805819806,7.44327703427122,6.70122999230668,12.6814399871124,10.2131325444004,2.93494684653851,4.78402026684813,8.94804269509542,4.94323508180472,8.30466875666174,12.5789877651777
"AAD021_000632",7.54905380427619,2.79301663145187,2.69923355274996,10.594407047847,1.18476472031982,2.24492805819806,5.77063050971589,5.87505095215928,2.1135733311854,0,8.80484053961553,4.78402026684813,9.84284696460496,5.35517133862178,6.09009042155194,3.14474694129443
"AAD021_000633",0,17.4563539465742,6.29821162308324,15.8916105717705,3.55429416095946,8.97971223279222,7.86143866541006,4.95707424088439,19.0221599806686,20.4262650888008,5.86989369307702,10.7640456004083,15.2116725816622,6.59098010907296,6.09009042155194,6.28949388258885
"AAD021_000634",37.745269021381,10.4738123679445,5.39846710549992,74.1608493349292,10.6628824828784,31.4289928147728,29.8567404633127,16.156390118438,25.3628799742248,0,32.2844153119236,10.7640456004083,85.0064056034065,37.692167498761,83.0466875666174,31.4474694129443
"AAD021_000635",0,6.28428742076671,0,0,3.55429416095946,2.24492805819806,3.93071933270503,2.75393013382466,4.2271466623708,10.2131325444004,4.40242026980776,3.5880152001361,3.57921707803817,4.53129882498766,2.2145783351098,0
"AAD021_000636",11.3235807064143,6.98254157862968,3.59897807033328,5.29720352392352,2.36952944063964,7.8572482036932,5.77063050971589,4.0390975296095,8.45429332474161,0,7.33736711634627,5.98002533356017,8.05323842558588,5.14920321021325,4.4291566702196,3.14474694129443
"AAD021_000639",0,6.28428742076671,1.79948903516664,0,2.36952944063964,4.48985611639611,4.64159410564104,3.39651383171708,2.1135733311854,0,1.46747342326925,3.5880152001361,3.57921707803817,3.91339443976207,1.66093375133235,0
"AAD021_000641",18.8726345106905,22.344133051615,16.1954013164998,15.8916105717705,4.73905888127928,5.61232014549514,9.11592355882656,15.0548180649081,10.567866655927,0,11.739787386154,10.7640456004083,8.05323842558588,12.7700239613289,13.8411145944362,15.7237347064721
"AAD021_000642",11.3235807064143,8.37904989435561,8.09770065824988,15.8916105717705,1.18476472031982,2.24492805819806,3.55437386468008,6.5176346500517,2.1135733311854,10.2131325444004,2.93494684653851,3.5880152001361,3.57921707803817,7.62082075111561,8.85831334043919,3.14474694129443
"AAD021_000643",18.8726345106905,6.98254157862968,20.6941239044164,0,7.10858832191892,10.1021762618913,8.07051948097947,38.0042358467803,4.2271466623708,0,11.739787386154,22.7240962675286,20.5804981987195,29.8653786192369,22.6994279348754,18.8684816477666
"AAD021_000644",3.7745269021381,4.18952494717781,4.4987225879166,10.594407047847,2.36952944063964,6.73478417459417,8.69776192768772,16.8907714874579,6.34071999355621,10.2131325444004,8.80484053961553,3.5880152001361,17.8960853901908,10.2984064204265,5.5364458377745,12.5789877651777
"AAD021_000649",26.4216883149667,22.344133051615,29.6915690802496,26.4860176196176,16.5867060844775,46.0210251930601,27.5150353289352,22.0314410705973,42.271466623708,10.2131325444004,17.6096810792311,22.7240962675286,25.9493238157767,31.3071555180966,24.9140062699852,12.5789877651777
"AAD021_000650",3.7745269021381,1.39650831572594,0.89974451758332,15.8916105717705,4.73905888127928,5.61232014549514,5.14338806300764,5.32426492539434,0,0,2.93494684653851,1.19600506671203,1.78960853901908,8.2387251363412,3.87551208644215,9.43424082388328
"AAD021_000654",15.0981076085524,7.68079573649265,10.7969342109998,10.594407047847,1.18476472031982,3.36739208729708,2.29988897126358,14.2286390247607,4.2271466623708,0,7.33736711634627,10.7640456004083,18.7908896597004,9.88647016360945,23.8067171024303,15.7237347064721
"AAD021_000658",0,4.88777910504077,5.39846710549992,0,7.10858832191892,13.4695683491883,7.52690936049899,10.0977438240238,16.9085866494832,10.2131325444004,20.5446279257696,4.78402026684813,10.7376512341145,9.26856577838386,14.3947591782137,9.43424082388328
"AAD021_000659",7.54905380427619,2.0947624735889,4.4987225879166,0,11.8476472031982,5.61232014549514,8.40504878589054,5.23246725426686,8.45429332474161,0,8.80484053961553,4.78402026684813,6.2636298865668,11.1222789340606,6.09009042155194,0
"AAD021_000660",0,2.79301663145187,0,0,18.9562355251171,30.3065287856738,31.1112253567292,2.29494177818722,12.6814399871124,0,2.93494684653851,7.1760304002722,1.78960853901908,3.29549005453648,10.5192470917715,6.28949388258885
"AAD021_000661",26.4216883149667,11.1720665258075,19.794379386833,31.7832211435411,14.2171766438378,15.7144964073864,25.4660433363549,42.1351310475173,19.0221599806686,0,24.9470481955773,26.3121114676647,34.8973665108721,32.5429642885478,27.128584605095,15.7237347064721
"AAD021_000672",3.7745269021381,10.4738123679445,13.4961677637498,5.29720352392352,15.4019413641577,17.9594244655844,9.65953367930704,7.71100437470905,6.34071999355621,10.2131325444004,14.6747342326925,7.1760304002722,12.5272597731336,13.1819602181459,13.2874700106588,0
"AAD021_000673",15.0981076085524,5.58603326290374,2.69923355274996,5.29720352392352,0,4.48985611639611,2.04899199258028,5.96684862328677,0,0,1.46747342326925,3.5880152001361,1.78960853901908,4.32533069657913,2.2145783351098,6.28949388258885
"AAD021_000677",3.7745269021381,6.28428742076671,5.39846710549992,0,5.9238236015991,5.61232014549514,7.19238005558792,7.43561136132658,4.2271466623708,0,2.93494684653851,2.39201013342407,1.78960853901908,5.14920321021325,5.5364458377745,12.5789877651777
"AAD021_000680",3.7745269021381,7.68079573649265,9.89718969341652,0,2.36952944063964,1.12246402909903,2.04899199258028,3.2129184894621,2.1135733311854,10.2131325444004,5.86989369307702,3.5880152001361,4.47402134754771,3.08952192612795,6.09009042155194,3.14474694129443
"AAD021_000683",3.7745269021381,4.18952494717781,6.29821162308324,0,1.18476472031982,6.73478417459417,3.09439607042736,2.66213246269717,10.567866655927,0,5.86989369307702,2.39201013342407,6.2636298865668,1.64774502726824,1.1072891675549,3.14474694129443
"AAD021_000684",0,0.698254157862968,1.79948903516664,10.594407047847,13.032411923518,19.0818884946835,10.9140185727235,19.6447016212826,12.6814399871124,0,5.86989369307702,2.39201013342407,22.3701067377386,5.76710759543884,17.7166266808784,3.14474694129443
"AAD021_000686",26.4216883149667,5.58603326290374,6.29821162308324,5.29720352392352,5.9238236015991,12.3471043200893,10.5376731046986,16.7071761452029,8.45429332474161,0,11.739787386154,10.7640456004083,10.7376512341145,10.2984064204265,18.2702712646558,28.3027224716498
"AAD021_000687",0,6.98254157862968,5.39846710549992,5.29720352392352,5.9238236015991,1.12246402909903,3.30347688599678,4.13089520073699,0,0,1.46747342326925,4.78402026684813,7.15843415607634,8.65066139315826,7.75102417288429,3.14474694129443
"AAD021_000688",3.7745269021381,11.1720665258075,4.4987225879166,5.29720352392352,3.55429416095946,6.73478417459417,5.39428504169094,5.04887191201188,2.1135733311854,0,4.40242026980776,3.5880152001361,5.36882561705725,4.73726695339619,1.66093375133235,9.43424082388328
"AAD021_000690",3.7745269021381,13.2668289993964,10.7969342109998,0,2.36952944063964,12.3471043200893,4.18161631138833,7.52740903245407,4.2271466623708,0,5.86989369307702,3.5880152001361,4.47402134754771,9.26856577838386,8.30466875666174,0
"AAD021_000699",18.8726345106905,2.79301663145187,0.89974451758332,0,7.10858832191892,3.36739208729708,9.82679833176257,3.58010917397206,0,0,11.739787386154,2.39201013342407,2.68441280852863,4.32533069657913,6.09009042155194,0
"AAD021_000700",0,9.07730405221858,11.6966787285832,0,7.10858832191892,3.36739208729708,6.81603458756297,13.0352693001034,0,0,1.46747342326925,5.98002533356017,6.2636298865668,10.9163108056521,9.41195792421664,12.5789877651777
"AAD021_000703",11.3235807064143,34.9127078931484,17.9948903516664,0,9.47811776255856,20.2043525237825,18.273663280767,5.78325328103179,25.3628799742248,20.4262650888008,14.6747342326925,10.7640456004083,6.2636298865668,4.73726695339619,7.19737958910684,6.28949388258885
"AAD021_000704",7.54905380427619,3.49127078931484,4.4987225879166,10.594407047847,5.9238236015991,6.73478417459417,2.46715362371911,2.75393013382466,4.2271466623708,0,1.46747342326925,3.5880152001361,0.894804269509542,4.32533069657913,2.76822291888725,3.14474694129443
"AAD021_000705",3.7745269021381,18.1546081044372,11.6966787285832,0,22.5105296860766,8.97971223279222,11.9176064874567,7.71100437470905,12.6814399871124,20.4262650888008,13.2072608094233,13.1560557338324,8.94804269509542,11.5342151908777,8.85831334043919,3.14474694129443
"AAD021_000707",15.0981076085524,0,6.29821162308324,5.29720352392352,3.55429416095946,5.61232014549514,10.4122246153569,15.972794776183,10.567866655927,10.2131325444004,11.739787386154,19.1360810673925,8.05323842558588,9.68050203520091,19.3775604322107,22.013228589061
"AAD021_000719",0,8.37904989435561,6.29821162308324,0,3.55429416095946,3.36739208729708,3.0107637441996,5.78325328103179,6.34071999355621,10.2131325444004,7.33736711634627,4.78402026684813,3.57921707803817,8.2387251363412,4.4291566702196,6.28949388258885
"AAD021_000720",0,7.68079573649265,3.59897807033328,15.8916105717705,9.47811776255856,10.1021762618913,5.18520422612153,4.95707424088439,6.34071999355621,0,1.46747342326925,8.37203546698423,3.57921707803817,7.82678887952414,9.41195792421664,0
"AAD021_000724",15.0981076085524,58.6533492604893,64.781605265999,37.0804246674646,37.9124710502342,66.2253777168427,50.5975573677988,27.7228966805016,78.2022132538599,30.6393976332011,46.9591495446161,33.4881418679369,70.6895372912538,32.5429642885478,39.8624100319764,31.4474694129443
"AAD021_000726",7.54905380427619,6.98254157862968,11.6966787285832,10.594407047847,17.7714708047973,8.97971223279222,13.4229883595565,13.5860553268683,19.0221599806686,0,10.2723139628848,10.7640456004083,18.7908896597004,10.504374548835,8.30466875666174,18.8684816477666
"AAD021_000728",15.0981076085524,7.68079573649265,4.4987225879166,42.3776281913881,8.29335304223874,11.2246402909903,9.28318821128209,13.4942576557408,6.34071999355621,0,11.739787386154,15.5480658672564,6.2636298865668,8.65066139315826,8.30466875666174,6.28949388258885
"AAD021_000731",7.54905380427619,8.37904989435561,13.4961677637498,15.8916105717705,7.10858832191892,5.61232014549514,9.07410739571267,12.576280944466,2.1135733311854,20.4262650888008,4.40242026980776,9.56804053369627,15.2116725816622,8.8566295215668,21.5921387673205,15.7237347064721
"AAD021_000734",15.0981076085524,4.88777910504077,2.69923355274996,0,1.18476472031982,2.24492805819806,2.7598667655163,3.2129184894621,4.2271466623708,0,4.40242026980776,4.78402026684813,3.57921707803817,4.1193625681706,0.55364458377745,0
"AAD021_000740",15.0981076085524,1.39650831572594,0,21.1888140956941,0,5.61232014549514,2.88531525485795,3.30471616058959,4.2271466623708,0,1.46747342326925,2.39201013342407,2.68441280852863,3.50145818294501,3.87551208644215,0
"AAD021_000742",18.8726345106905,15.3615914729853,8.09770065824988,0,9.47811776255856,6.73478417459417,8.44686494900442,11.1993158775536,6.34071999355621,0,5.86989369307702,8.37203546698423,9.84284696460496,14.4177689885971,5.5364458377745,12.5789877651777
"AAD021_000743",3.7745269021381,7.68079573649265,13.4961677637498,21.1888140956941,1.18476472031982,3.36739208729708,5.68699818348813,21.9396433994698,2.1135733311854,0,7.33736711634627,8.37203546698423,16.1064768511718,16.0655140158654,16.055692929546,9.43424082388328
"AAD021_000750",11.3235807064143,4.88777910504077,1.79948903516664,5.29720352392352,4.73905888127928,6.73478417459417,6.89966691379074,2.75393013382466,8.45429332474161,0,2.93494684653851,8.37203546698423,8.05323842558588,4.94323508180472,2.76822291888725,3.14474694129443
"AAD021_000751",18.8726345106905,25.8354038409298,18.8946348692497,10.594407047847,15.4019413641577,57.2456654840504,20.6153684151445,10.0059461528963,50.7257599484497,20.4262650888008,4.40242026980776,14.3520608005444,9.84284696460496,11.3282470624692,9.96560250799409,22.013228589061
"AAD021_000752",3.7745269021381,8.37904989435561,3.59897807033328,0,4.73905888127928,2.24492805819806,2.80168292863018,5.23246725426686,0,0,5.86989369307702,0,2.68441280852863,4.94323508180472,1.66093375133235,3.14474694129443
"AAD021_000753",3.7745269021381,13.9650831572594,7.19795614066656,10.594407047847,1.18476472031982,5.61232014549514,3.80527084336338,3.48831150284457,4.2271466623708,0,2.93494684653851,8.37203546698423,5.36882561705725,4.94323508180472,5.5364458377745,3.14474694129443
"AAD021_000769",7.54905380427619,2.79301663145187,4.4987225879166,0,1.18476472031982,3.36739208729708,3.5125577015662,8.26179040147398,4.2271466623708,10.2131325444004,4.40242026980776,9.56804053369627,4.47402134754771,5.35517133862178,4.4291566702196,6.28949388258885
"AAD021_000770",7.54905380427619,7.68079573649265,12.5964232461665,0,7.10858832191892,10.1021762618913,19.1099865430447,26.2541339424618,6.34071999355621,10.2131325444004,7.33736711634627,17.9400760006805,14.3168683121527,10.092438292018,16.6093375133235,53.4606980020053
"AAD021_000772",7.54905380427619,9.07730405221858,1.79948903516664,10.594407047847,7.10858832191892,1.12246402909903,2.13262431880805,6.42583697892421,2.1135733311854,20.4262650888008,4.40242026980776,3.5880152001361,0.894804269509542,1.64774502726824,2.2145783351098,12.5789877651777
"AAD021_000773",45.2943228256572,57.9550951026263,40.4885032912494,79.4580528588527,36.7277063299144,105.511618735309,34.2056214271565,29.0998617474139,78.2022132538599,10.2131325444004,29.3494684653851,31.0961317345129,21.475302468229,36.4563587283098,29.8968075239823,37.7369632955331
"AAD021_000774",11.3235807064143,4.88777910504077,4.4987225879166,0,9.47811776255856,10.1021762618913,8.27960029654889,8.72077875711143,10.567866655927,0,7.33736711634627,11.9600506671203,10.7376512341145,10.9163108056521,12.7338254268813,9.43424082388328
"AAD021_000775",0,1.39650831572594,6.29821162308324,0,3.55429416095946,5.61232014549514,2.92713141797183,4.58988355637443,0,20.4262650888008,13.2072608094233,3.5880152001361,4.47402134754771,3.70742631135354,5.5364458377745,3.14474694129443
"AAD021_000777",0,4.18952494717781,4.4987225879166,5.29720352392352,2.36952944063964,10.1021762618913,5.60336585726036,4.8652765697569,2.1135733311854,0,2.93494684653851,5.98002533356017,10.7376512341145,4.53129882498766,8.30466875666174,6.28949388258885
"AAD021_000778",18.8726345106905,51.6708076818596,33.2905471505828,0,47.3905888127928,62.8579856295456,48.5485653752185,27.5393013382466,65.5207732667475,40.8525301776015,33.7518887351929,40.6641722682091,51.8986476315534,22.4505259965298,35.4332533617568,47.1712041194164
"AAD021_000779",3.7745269021381,7.68079573649265,4.4987225879166,0,4.73905888127928,1.12246402909903,4.85067492121046,3.30471616058959,14.7950133182978,10.2131325444004,4.40242026980776,7.1760304002722,5.36882561705725,2.67758566931089,0.55364458377745,9.43424082388328
"AAD021_000790",22.6471614128286,23.0423872094779,41.3882478088327,15.8916105717705,46.205824092473,28.0616007274757,42.987015681072,21.3888573727049,35.9307466301518,10.2131325444004,27.8819950421158,27.5081165343768,23.2649110072481,23.8923028953895,27.6822291888725,37.7369632955331
"AAD021_000792",3.7745269021381,7.68079573649265,8.9974451758332,0,3.55429416095946,2.24492805819806,6.60695377199356,15.972794776183,4.2271466623708,0,8.80484053961553,9.56804053369627,6.2636298865668,14.6237371170056,18.2702712646558,3.14474694129443
"AAD021_000797",0,5.58603326290374,5.39846710549992,5.29720352392352,2.36952944063964,1.12246402909903,3.47074153845231,2.4785371204422,2.1135733311854,0,0,1.19600506671203,1.78960853901908,3.70742631135354,7.19737958910684,0
"AAD021_000798",7.54905380427619,3.49127078931484,4.4987225879166,15.8916105717705,8.29335304223874,2.24492805819806,4.22343247450221,6.97662300568914,4.2271466623708,0,5.86989369307702,4.78402026684813,16.1064768511718,2.88355379771942,4.4291566702196,9.43424082388328
"AAD021_000799",3.7745269021381,4.88777910504077,2.69923355274996,21.1888140956941,1.18476472031982,1.12246402909903,3.55437386468008,4.40628821411946,4.2271466623708,10.2131325444004,4.40242026980776,0,2.68441280852863,3.50145818294501,6.09009042155194,0
"AAD021_000800",7.54905380427619,2.79301663145187,3.59897807033328,0,0,4.48985611639611,2.92713141797183,2.75393013382466,4.2271466623708,0,8.80484053961553,2.39201013342407,3.57921707803817,5.76710759543884,11.6265362593264,0
"AAD021_000802",3.7745269021381,18.1546081044372,19.794379386833,15.8916105717705,11.8476472031982,14.5920323782874,10.2449599629014,7.43561136132658,10.567866655927,0,16.1422076559618,8.37203546698423,14.3168683121527,11.1222789340606,6.09009042155194,3.14474694129443
"AAD021_000804",7.54905380427619,10.4738123679445,8.09770065824988,15.8916105717705,5.9238236015991,4.48985611639611,4.85067492121046,2.93752547607964,4.2271466623708,0,7.33736711634627,7.1760304002722,6.2636298865668,8.03275700793268,7.19737958910684,9.43424082388328
"AAD021_000805",7.54905380427619,13.9650831572594,3.59897807033328,0,5.9238236015991,17.9594244655844,9.2413720481682,6.33403930779672,8.45429332474161,0,5.86989369307702,3.5880152001361,3.57921707803817,8.03275700793268,5.5364458377745,3.14474694129443
"AAD021_000807",11.3235807064143,12.5685748415334,9.89718969341652,10.594407047847,13.032411923518,14.5920323782874,17.3955238553754,7.98639738809152,21.135733311854,10.2131325444004,17.6096810792311,8.37203546698423,15.2116725816622,10.7103426772436,13.8411145944362,9.43424082388328
"AAD021_000810",3.7745269021381,13.9650831572594,17.9948903516664,5.29720352392352,11.8476472031982,13.4695683491883,7.90325482852394,16.9825691585854,8.45429332474161,0,11.739787386154,8.37203546698423,31.318149432834,11.7401833192862,15.5020483457686,18.8684816477666
"AAD021_000815",0,4.18952494717781,7.19795614066656,0,1.18476472031982,1.12246402909903,5.01793957366599,3.12112081833462,2.1135733311854,0,2.93494684653851,1.19600506671203,5.36882561705725,2.67758566931089,4.98280125399704,0
"AAD021_000816",3.7745269021381,2.0947624735889,1.79948903516664,10.594407047847,1.18476472031982,1.12246402909903,2.67623443928853,3.48831150284457,2.1135733311854,0,33.7518887351929,3.5880152001361,7.15843415607634,5.76710759543884,4.98280125399704,9.43424082388328
"AAD021_000818",3.7745269021381,4.18952494717781,3.59897807033328,0,0,5.61232014549514,2.2580728081497,2.38673944931471,2.1135733311854,10.2131325444004,1.46747342326925,8.37203546698423,1.78960853901908,4.32533069657913,0.55364458377745,0
"AAD021_000820",3.7745269021381,3.49127078931484,2.69923355274996,5.29720352392352,3.55429416095946,2.24492805819806,4.05616782204668,6.70122999230668,0,0,1.46747342326925,4.78402026684813,2.68441280852863,5.14920321021325,8.85831334043919,15.7237347064721
"AAD021_000821",0,11.1720665258075,4.4987225879166,5.29720352392352,5.9238236015991,5.61232014549514,4.51614561629939,5.59965793877681,2.1135733311854,0,1.46747342326925,3.5880152001361,6.2636298865668,3.91339443976207,3.3218675026647,3.14474694129443
"AAD021_000826",0,4.88777910504077,0.89974451758332,10.594407047847,7.10858832191892,2.24492805819806,4.13980014827444,7.06842067681663,0,0,4.40242026980776,8.37203546698423,2.68441280852863,7.82678887952414,2.76822291888725,3.14474694129443
"AAD021_000828",33.9707421192429,7.68079573649265,4.4987225879166,37.0804246674646,26.064823847036,16.8369604364854,27.0550575346825,31.8537918812386,14.7950133182978,30.6393976332011,52.8290432376932,25.1161064009527,17.8960853901908,17.5072909147251,34.3259641942019,34.5922163542387
"AAD021_000829",30.1962152171048,48.1795368925448,58.4833936429158,21.1888140956941,15.4019413641577,13.4695683491883,20.5317360889167,16.9825691585854,33.8171732989664,20.4262650888008,55.7639900842317,40.6641722682091,30.4233451633244,38.7220081408037,63.1154825506292,37.7369632955331
"AAD021_000835",0,4.18952494717781,1.79948903516664,5.29720352392352,4.73905888127928,2.24492805819806,2.34170513437746,4.0390975296095,4.2271466623708,0,2.93494684653851,3.5880152001361,0.894804269509542,6.1790438522559,3.3218675026647,0
"AAD021_000838",3.7745269021381,0.698254157862968,4.4987225879166,5.29720352392352,3.55429416095946,5.61232014549514,8.07051948097947,11.9336972465735,8.45429332474161,0,11.739787386154,19.1360810673925,3.57921707803817,4.73726695339619,5.5364458377745,6.28949388258885
"AAD021_000843",26.4216883149667,31.4214371038336,52.1851820198326,42.3776281913881,45.0210593721532,87.5521942697242,46.7922865244354,17.4415575142229,31.703599967781,20.4262650888008,42.5567292748084,27.5081165343768,16.1064768511718,51.9039683589496,31.0040966915372,22.013228589061
"AAD021_000847",3.7745269021381,4.18952494717781,6.29821162308324,0,8.29335304223874,2.24492805819806,7.15056389247404,4.49808588524695,2.1135733311854,0,1.46747342326925,7.1760304002722,0.894804269509542,3.70742631135354,2.2145783351098,0
"AAD021_000849",0,6.28428742076671,8.09770065824988,5.29720352392352,1.18476472031982,4.48985611639611,3.72163851713561,4.49808588524695,4.2271466623708,0,1.46747342326925,2.39201013342407,4.47402134754771,5.14920321021325,7.19737958910684,0
"AAD021_000851",0,5.58603326290374,5.39846710549992,5.29720352392352,1.18476472031982,3.36739208729708,5.51973353103259,2.84572780495215,0,0,1.46747342326925,0,0.894804269509542,5.56113946703031,1.66093375133235,0
"AAD021_000853",18.8726345106905,25.8354038409298,12.5964232461665,21.1888140956941,15.4019413641577,19.0818884946835,14.4683924374036,20.47088066143,14.7950133182978,10.2131325444004,22.0121013490388,21.5280912008166,5.36882561705725,31.9250599033222,13.8411145944362,9.43424082388328
"AAD021_000854",0,8.37904989435561,9.89718969341652,0,7.10858832191892,7.8572482036932,8.07051948097947,6.42583697892421,8.45429332474161,0,4.40242026980776,3.5880152001361,10.7376512341145,10.9163108056521,2.76822291888725,6.28949388258885
"AAD021_000856",18.8726345106905,13.2668289993964,15.2956567989164,0,9.47811776255856,10.1021762618913,5.47791736791871,7.43561136132658,12.6814399871124,0,10.2723139628848,9.56804053369627,17.0012811206813,7.41485262270708,7.75102417288429,9.43424082388328
"AAD021_000859",3.7745269021381,2.0947624735889,5.39846710549992,0,16.5867060844775,5.61232014549514,8.61412960145996,2.84572780495215,6.34071999355621,0,5.86989369307702,1.19600506671203,2.68441280852863,4.73726695339619,2.2145783351098,3.14474694129443
"AAD021_000862",3.7745269021381,17.4563539465742,26.0925910099163,0,54.4991771347117,13.4695683491883,23.0825220388636,25.7951455868243,48.6121866172643,0,11.739787386154,16.7440709339685,11.632455503624,10.504374548835,3.3218675026647,18.8684816477666
"AAD021_000879",7.54905380427619,9.77555821008155,5.39846710549992,0,9.47811776255856,5.61232014549514,3.17802839665513,4.8652765697569,6.34071999355621,0,1.46747342326925,5.98002533356017,4.47402134754771,7.00291636589002,3.87551208644215,3.14474694129443
"AAD021_000882",7.54905380427619,3.49127078931484,1.79948903516664,10.594407047847,13.032411923518,6.73478417459417,8.07051948097947,17.3497598430954,6.34071999355621,0,14.6747342326925,9.56804053369627,2.68441280852863,18.9490678135848,12.7338254268813,0
"AAD021_000884",3.7745269021381,6.28428742076671,3.59897807033328,0,5.9238236015991,7.8572482036932,11.7085256718873,8.62898108598394,8.45429332474161,20.4262650888008,2.93494684653851,5.98002533356017,9.84284696460496,8.03275700793268,6.09009042155194,15.7237347064721
"AAD021_000888",11.3235807064143,10.4738123679445,12.5964232461665,5.29720352392352,4.73905888127928,5.61232014549514,5.97971132528531,26.5295269558442,6.34071999355621,0,13.2072608094233,5.98002533356017,17.0012811206813,20.184876584036,18.8239158484333,3.14474694129443
"AAD021_000890",7.54905380427619,3.49127078931484,1.79948903516664,0,5.9238236015991,6.73478417459417,7.02511540313239,4.31449054299197,6.34071999355621,0,4.40242026980776,2.39201013342407,7.15843415607634,3.29549005453648,3.87551208644215,9.43424082388328
"AAD021_000893",7.54905380427619,7.68079573649265,7.19795614066656,0,9.47811776255856,23.5717446110796,8.4886811121183,7.61920670358156,4.2271466623708,0,8.80484053961553,10.7640456004083,2.68441280852863,10.9163108056521,12.7338254268813,3.14474694129443
"AAD021_000895",3.7745269021381,4.18952494717781,0,0,2.36952944063964,2.24492805819806,9.32500437439597,2.4785371204422,2.1135733311854,0,4.40242026980776,1.19600506671203,2.68441280852863,3.70742631135354,3.3218675026647,3.14474694129443
"AAD021_000898",7.54905380427619,2.0947624735889,8.9974451758332,15.8916105717705,13.032411923518,26.9391366983767,26.6787120666575,13.7696506691233,14.7950133182978,10.2131325444004,17.6096810792311,5.98002533356017,7.15843415607634,24.098271023798,13.2874700106588,6.28949388258885
"AAD021_000899",0,8.37904989435561,4.4987225879166,5.29720352392352,2.36952944063964,0,4.30706480072998,9.45516012613134,0,0,4.40242026980776,5.98002533356017,10.7376512341145,11.3282470624692,11.072891675549,3.14474694129443
"AAD021_000900",0,2.0947624735889,4.4987225879166,5.29720352392352,3.55429416095946,15.7144964073864,5.60336585726036,13.7696506691233,6.34071999355621,20.4262650888008,16.1422076559618,4.78402026684813,7.15843415607634,9.68050203520091,14.9484037619911,6.28949388258885
"AAD021_000902",18.8726345106905,21.645878893752,18.8946348692497,5.29720352392352,22.5105296860766,17.9594244655844,20.3644714364612,15.1466157360356,21.135733311854,10.2131325444004,10.2723139628848,3.5880152001361,19.6856939292099,7.20888449429855,17.7166266808784,22.013228589061
"AAD021_000911",11.3235807064143,2.79301663145187,8.09770065824988,15.8916105717705,8.29335304223874,7.8572482036932,12.6284812603927,7.71100437470905,14.7950133182978,10.2131325444004,5.86989369307702,7.1760304002722,11.632455503624,7.62082075111561,7.75102417288429,6.28949388258885
"AAD021_000914",7.54905380427619,15.3615914729853,9.89718969341652,15.8916105717705,4.73905888127928,13.4695683491883,5.39428504169094,5.78325328103179,6.34071999355621,0,5.86989369307702,5.98002533356017,4.47402134754771,8.2387251363412,6.64373500532939,9.43424082388328
"AAD021_000915",7.54905380427619,3.49127078931484,5.39846710549992,0,3.55429416095946,2.24492805819806,2.80168292863018,4.0390975296095,2.1135733311854,10.2131325444004,4.40242026980776,2.39201013342407,3.57921707803817,4.94323508180472,2.76822291888725,0
"AAD021_000920",0,2.0947624735889,4.4987225879166,21.1888140956941,4.73905888127928,5.61232014549514,6.23060830396861,7.43561136132658,2.1135733311854,0,5.86989369307702,4.78402026684813,2.68441280852863,6.79694823748149,9.96560250799409,6.28949388258885
"AAD021_000922",11.3235807064143,5.58603326290374,14.3959122813331,0,16.5867060844775,19.0818884946835,10.3285922891292,7.25201601907161,6.34071999355621,0,10.2723139628848,11.9600506671203,10.7376512341145,13.3879283465545,13.8411145944362,12.5789877651777
"AAD021_000927",7.54905380427619,13.2668289993964,11.6966787285832,10.594407047847,26.064823847036,29.1840647565747,37.5090983131533,20.47088066143,23.2493066430394,0,7.33736711634627,22.7240962675286,4.47402134754771,39.5458806544378,22.6994279348754,15.7237347064721
"AAD021_000930",3.7745269021381,8.37904989435561,7.19795614066656,0,10.6628824828784,6.73478417459417,7.02511540313239,5.04887191201188,4.2271466623708,0,10.2723139628848,5.98002533356017,2.68441280852863,5.76710759543884,7.75102417288429,9.43424082388328
"AAD021_000932",7.54905380427619,9.77555821008155,4.4987225879166,5.29720352392352,10.6628824828784,2.24492805819806,5.22702038923541,15.6974017628006,8.45429332474161,20.4262650888008,7.33736711634627,4.78402026684813,7.15843415607634,10.092438292018,12.7338254268813,3.14474694129443
"AAD021_000933",0,6.98254157862968,3.59897807033328,0,5.9238236015991,4.48985611639611,3.88890316959114,5.32426492539434,2.1135733311854,10.2131325444004,5.86989369307702,3.5880152001361,4.47402134754771,7.00291636589002,3.3218675026647,3.14474694129443
"AAD021_000934",0,16.0598456308483,11.6966787285832,0,11.8476472031982,4.48985611639611,26.7623443928853,4.40628821411946,4.2271466623708,0,10.2723139628848,0,4.47402134754771,1.64774502726824,2.2145783351098,3.14474694129443
"AAD021_000938",3.7745269021381,3.49127078931484,5.39846710549992,0,0,4.48985611639611,4.72522643186881,4.13089520073699,0,0,1.46747342326925,3.5880152001361,2.68441280852863,8.2387251363412,3.3218675026647,3.14474694129443
"AAD021_000939",37.745269021381,22.344133051615,19.794379386833,21.1888140956941,21.3257649657568,28.0616007274757,32.9929526968539,56.3637700722781,16.9085866494832,0,36.6868355817314,46.6441976017693,20.5804981987195,52.7278408725837,47.6134342048607,28.3027224716498
"AAD021_000941",3.7745269021381,6.28428742076671,6.29821162308324,5.29720352392352,1.18476472031982,2.24492805819806,4.0143516589328,2.66213246269717,4.2271466623708,0,0,3.5880152001361,1.78960853901908,2.47161754090236,0.55364458377745,9.43424082388328
"AAD021_000942",11.3235807064143,39.1022328403262,56.6839046077492,21.1888140956941,8.29335304223874,12.3471043200893,11.0394670620652,31.3948035256011,6.34071999355621,0,26.4145216188466,29.9001266678008,23.2649110072481,36.4563587283098,29.3431629402048,22.013228589061
"AAD021_000948",15.0981076085524,39.1022328403262,21.5938684219997,26.4860176196176,15.4019413641577,8.97971223279222,12.7957459128483,32.312780236876,12.6814399871124,20.4262650888008,17.6096810792311,23.9201013342407,34.8973665108721,27.187792949926,29.8968075239823,18.8684816477666
"AAD021_000954",0,20.2493705780261,8.09770065824988,5.29720352392352,1.18476472031982,4.48985611639611,4.80885875809658,7.61920670358156,6.34071999355621,0,4.40242026980776,9.56804053369627,5.36882561705725,7.62082075111561,2.76822291888725,3.14474694129443
"AAD021_000955",15.0981076085524,4.18952494717781,4.4987225879166,0,3.55429416095946,11.2246402909903,5.64518202037424,4.58988355637443,2.1135733311854,10.2131325444004,5.86989369307702,8.37203546698423,2.68441280852863,8.8566295215668,8.30466875666174,3.14474694129443
"AAD021_000959",0,2.79301663145187,14.3959122813331,0,15.4019413641577,10.1021762618913,6.73240226133521,4.13089520073699,8.45429332474161,10.2131325444004,1.46747342326925,4.78402026684813,0.894804269509542,6.1790438522559,3.3218675026647,0
"AAD021_000966",0,5.58603326290374,1.79948903516664,0,7.10858832191892,0,4.09798398516056,2.84572780495215,2.1135733311854,0,4.40242026980776,1.19600506671203,1.78960853901908,4.32533069657913,3.3218675026647,0
"AAD021_000968",15.0981076085524,9.77555821008155,5.39846710549992,0,3.55429416095946,4.48985611639611,6.48150528265191,12.4844832733385,12.6814399871124,0,4.40242026980776,7.1760304002722,2.68441280852863,7.62082075111561,13.8411145944362,6.28949388258885
"AAD021_000969",222.697087226148,170.374014518564,254.62769847608,301.94060086364,234.583414623324,98.7768345607145,58.3335475438672,176.067933222523,84.5429332474161,102.131325444004,280.287423844428,296.609256544584,162.854377050737,100.306478534954,212.045875586763,336.487922718504
"AAD021_000972",7.54905380427619,4.18952494717781,5.39846710549992,5.29720352392352,3.55429416095946,2.24492805819806,4.59977794252716,2.11134643593224,4.2271466623708,0,1.46747342326925,3.5880152001361,1.78960853901908,3.29549005453648,3.3218675026647,0
"AAD021_000974",11.3235807064143,5.58603326290374,2.69923355274996,5.29720352392352,1.18476472031982,3.36739208729708,2.46715362371911,3.12112081833462,2.1135733311854,0,4.40242026980776,3.5880152001361,0,2.67758566931089,1.1072891675549,6.28949388258885
"AAD021_000976",3.7745269021381,3.49127078931484,4.4987225879166,0,21.3257649657568,13.4695683491883,8.36323262277666,4.22269287186448,19.0221599806686,10.2131325444004,5.86989369307702,2.39201013342407,3.57921707803817,1.23580877045118,3.87551208644215,3.14474694129443
"AAD021_000982",11.3235807064143,7.68079573649265,8.09770065824988,5.29720352392352,0,3.36739208729708,3.55437386468008,4.40628821411946,4.2271466623708,0,4.40242026980776,2.39201013342407,4.47402134754771,3.29549005453648,3.87551208644215,3.14474694129443
"AAD021_000983",11.3235807064143,9.07730405221858,2.69923355274996,5.29720352392352,3.55429416095946,5.61232014549514,5.26883655234929,2.11134643593224,10.567866655927,0,2.93494684653851,5.98002533356017,7.15843415607634,3.70742631135354,1.1072891675549,3.14474694129443
"AAD021_000986",33.9707421192429,76.1097032070635,54.8844155725825,52.9720352392352,50.9448829737523,70.7152338332388,34.1219891009288,21.1134643593224,57.0664799420059,10.2131325444004,27.8819950421158,31.0961317345129,36.6869750498912,24.3042391522066,18.2702712646558,44.026457178122
"AAD021_000988",3.7745269021381,4.88777910504077,3.59897807033328,0,1.18476472031982,2.24492805819806,2.67623443928853,3.48831150284457,0,0,0,3.5880152001361,0.894804269509542,3.70742631135354,1.66093375133235,0
"AAD021_000992",0,11.1720665258075,6.29821162308324,5.29720352392352,11.8476472031982,15.7144964073864,14.0084146431509,6.42583697892421,4.2271466623708,10.2131325444004,7.33736711634627,3.5880152001361,8.05323842558588,8.44469326474973,6.64373500532939,12.5789877651777
"AAD021_000995",15.0981076085524,30.7231829459706,61.1826271956658,21.1888140956941,332.918886409869,172.85946048125,1000.24262168409,21.6642503860873,156.40442650772,20.4262650888008,22.0121013490388,15.5480658672564,93.0596440289924,11.3282470624692,26.0212954375401,22.013228589061
"AAD021_000996",11.3235807064143,4.18952494717781,8.09770065824988,10.594407047847,9.47811776255856,14.5920323782874,13.6738853382398,10.5567321796612,14.7950133182978,10.2131325444004,7.33736711634627,7.1760304002722,9.84284696460496,13.1819602181459,12.1801808431039,12.5789877651777
"AAD021_000998",7.54905380427619,9.07730405221858,12.5964232461665,0,26.064823847036,12.3471043200893,35.2510255050036,5.87505095215928,16.9085866494832,0,5.86989369307702,9.56804053369627,0.894804269509542,7.41485262270708,2.76822291888725,3.14474694129443
"AAD021_000999",3.7745269021381,6.28428742076671,5.39846710549992,5.29720352392352,5.9238236015991,4.48985611639611,9.95224682110422,9.7305531395138,4.2271466623708,0,0,5.98002533356017,10.7376512341145,8.44469326474973,12.1801808431039,0
"AAD021_001000",0,22.344133051615,13.4961677637498,0,13.032411923518,7.8572482036932,13.1302752177593,13.5860553268683,4.2271466623708,10.2131325444004,7.33736711634627,2.39201013342407,9.84284696460496,14.8297052454142,8.85831334043919,9.43424082388328
"AAD021_001001",11.3235807064143,3.49127078931484,4.4987225879166,15.8916105717705,3.55429416095946,6.73478417459417,8.19596797032112,18.0841412121153,0,0,4.40242026980776,11.9600506671203,8.05323842558588,14.8297052454142,7.19737958910684,3.14474694129443
"AAD021_001003",3.7745269021381,10.4738123679445,7.19795614066656,0,20.1410002454369,5.61232014549514,13.3811721964426,8.53718341485645,6.34071999355621,0,14.6747342326925,7.1760304002722,16.1064768511718,12.7700239613289,12.7338254268813,9.43424082388328
"AAD021_001007",0,12.5685748415334,6.29821162308324,0,8.29335304223874,6.73478417459417,8.61412960145996,5.87505095215928,8.45429332474161,0,10.2723139628848,2.39201013342407,0.894804269509542,4.53129882498766,4.4291566702196,3.14474694129443
"AAD021_001010",11.3235807064143,8.37904989435561,14.3959122813331,0,9.47811776255856,22.4492805819806,7.94507099163782,13.4024599846134,10.567866655927,0,17.6096810792311,3.5880152001361,7.15843415607634,10.2984064204265,12.7338254268813,12.5789877651777
"AAD021_001012",0,4.18952494717781,0,0,4.73905888127928,10.1021762618913,3.34529304911066,2.4785371204422,0,10.2131325444004,4.40242026980776,2.39201013342407,6.2636298865668,5.35517133862178,1.66093375133235,0
"AAD021_001013",3.7745269021381,2.79301663145187,8.9974451758332,10.594407047847,18.9562355251171,5.61232014549514,11.0394670620652,6.70122999230668,21.135733311854,10.2131325444004,10.2723139628848,4.78402026684813,11.632455503624,4.94323508180472,11.6265362593264,3.14474694129443
"AAD021_001014",3.7745269021381,2.79301663145187,0.89974451758332,5.29720352392352,3.55429416095946,4.48985611639611,4.30706480072998,6.15044396554174,2.1135733311854,0,1.46747342326925,2.39201013342407,8.94804269509542,10.7103426772436,4.4291566702196,0
"AAD021_001015",30.1962152171048,18.1546081044372,15.2956567989164,5.29720352392352,9.47811776255856,8.97971223279222,15.0956348841119,39.0140102291827,16.9085866494832,20.4262650888008,23.4795747723081,26.3121114676647,17.8960853901908,28.4236017203772,27.6822291888725,22.013228589061
"AAD021_001021",290.638571464633,307.930083617569,466.06766010816,270.157379720099,535.513653584559,266.02397489647,401.43516589328,532.701885552817,405.806079587597,275.75457869881,221.588486913657,258.337094409799,495.721565308286,417.703364412499,285.680605229164,261.013996127437
"AAD021_001025",11.3235807064143,4.88777910504077,6.29821162308324,0,2.36952944063964,1.12246402909903,1.71446268766921,15.972794776183,2.1135733311854,10.2131325444004,4.40242026980776,0,3.57921707803817,3.91339443976207,1.66093375133235,15.7237347064721
"AAD021_001026",3.7745269021381,3.49127078931484,0.89974451758332,0,5.9238236015991,8.97971223279222,18.5245602594503,4.49808588524695,4.2271466623708,0,1.46747342326925,3.5880152001361,1.78960853901908,6.59098010907296,3.87551208644215,6.28949388258885
"AAD021_001027",105.686753259867,31.4214371038336,35.0900361857495,58.2692387631587,42.6515299315135,28.0616007274757,32.8675042075123,38.6468195446727,52.8393332796351,20.4262650888008,66.0363040471165,57.4082432021776,78.7427757168397,22.0385897397127,37.6478316968666,91.1976612975384
"AAD021_001028",3.7745269021381,8.37904989435561,10.7969342109998,10.594407047847,3.55429416095946,1.12246402909903,9.61771751619315,10.3731368374062,0,0,4.40242026980776,2.39201013342407,13.4220640426431,5.35517133862178,3.3218675026647,3.14474694129443
"AAD021_001029",0,5.58603326290374,8.9974451758332,0,18.9562355251171,40.408705047565,39.6417226319614,3.2129184894621,23.2493066430394,0,14.6747342326925,5.98002533356017,8.94804269509542,4.53129882498766,8.30466875666174,0
"AAD021_001030",33.9707421192429,32.1196912616965,47.686459431916,42.3776281913881,135.063178116459,50.5108813094563,175.586068915196,54.0688282940908,69.7479199291183,51.0656627220019,32.2844153119236,22.7240962675286,111.850533688693,32.7489324169563,40.9696991995313,44.026457178122
"AAD021_001031",30.1962152171048,23.7406413673409,25.192846492333,15.8916105717705,29.6191180079955,26.9391366983767,31.1112253567292,30.3850291431988,19.0221599806686,20.4262650888008,11.739787386154,31.0961317345129,24.1597152767576,32.5429642885478,18.8239158484333,50.3159510607108
"AAD021_001038",7.54905380427619,0,1.79948903516664,0,2.36952944063964,6.73478417459417,7.06693156624627,6.60943232117919,8.45429332474161,0,4.40242026980776,4.78402026684813,5.36882561705725,8.2387251363412,10.5192470917715,6.28949388258885
"AAD021_001041",7.54905380427619,13.2668289993964,12.5964232461665,10.594407047847,11.8476472031982,2.24492805819806,10.4958569415847,18.5431295677527,10.567866655927,30.6393976332011,16.1422076559618,10.7640456004083,25.9493238157767,5.35517133862178,21.5921387673205,9.43424082388328
"AAD021_001042",15.0981076085524,16.0598456308483,21.5938684219997,10.594407047847,150.465119480617,144.797859753775,506.602816124696,23.7755968220196,112.019386552826,0,19.0771545025003,25.1161064009527,51.8986476315534,16.8893865294995,29.3431629402048,15.7237347064721
"AAD021_001045",37.745269021381,25.8354038409298,37.7892697384994,31.7832211435411,34.3581768892748,71.8376978623378,33.4111143279927,19.7364992924101,54.9529066108205,30.6393976332011,39.6217824282699,46.6441976017693,20.5804981987195,31.101187389688,23.2530725186529,31.4474694129443
"AAD021_001049",0,4.18952494717781,6.29821162308324,0,4.73905888127928,6.73478417459417,8.69776192768772,4.22269287186448,10.567866655927,0,5.86989369307702,3.5880152001361,4.47402134754771,6.1790438522559,4.4291566702196,9.43424082388328
"AAD021_001053",94.3631725534524,64.937636681256,48.5862039494993,63.5664422870822,98.335471786545,101.021762618913,178.095038702029,51.0395051468837,88.7700799097869,122.557590532804,57.2314635075009,62.1922634690257,79.6375799863493,51.9039683589496,61.4545487992969,88.052914356244
"AAD021_001056",3.7745269021381,6.28428742076671,2.69923355274996,10.594407047847,4.73905888127928,4.48985611639611,3.59619002779396,2.66213246269717,4.2271466623708,0,2.93494684653851,3.5880152001361,1.78960853901908,6.38501198066443,2.2145783351098,3.14474694129443
"AAD021_001058",30.1962152171048,31.4214371038336,27.8920800450829,26.4860176196176,11.8476472031982,32.5514568438718,61.1770466356112,32.7717685925135,33.8171732989664,20.4262650888008,38.1543090050006,37.076157068073,25.9493238157767,23.0684303817554,22.6994279348754,15.7237347064721
"AAD021_001064",0,9.07730405221858,6.29821162308324,5.29720352392352,13.032411923518,6.73478417459417,11.8757903243429,9.27156478387636,10.567866655927,30.6393976332011,2.93494684653851,4.78402026684813,8.94804269509542,13.7998646033715,6.09009042155194,0
"AAD021_001066",0,3.49127078931484,6.29821162308324,10.594407047847,10.6628824828784,8.97971223279222,9.03229123259879,11.2911135486811,10.567866655927,0,8.80484053961553,10.7640456004083,5.36882561705725,10.7103426772436,18.8239158484333,12.5789877651777
"AAD021_001067",7.54905380427619,2.79301663145187,8.9974451758332,15.8916105717705,8.29335304223874,13.4695683491883,11.833974161229,6.05864629441425,10.567866655927,0,7.33736711634627,8.37203546698423,7.15843415607634,8.03275700793268,8.30466875666174,15.7237347064721
"AAD021_001069",0,7.68079573649265,6.29821162308324,0,14.2171766438378,11.2246402909903,6.89966691379074,3.2129184894621,6.34071999355621,0,7.33736711634627,3.5880152001361,1.78960853901908,7.62082075111561,4.4291566702196,3.14474694129443
"AAD021_001071",3.7745269021381,21.645878893752,8.9974451758332,0,7.10858832191892,8.97971223279222,3.80527084336338,3.39651383171708,0,0,5.86989369307702,3.5880152001361,1.78960853901908,7.62082075111561,3.87551208644215,9.43424082388328
"AAD021_001074",3.7745269021381,25.1371496830668,7.19795614066656,0,5.9238236015991,14.5920323782874,13.3393560333288,6.5176346500517,6.34071999355621,0,10.2723139628848,7.1760304002722,6.2636298865668,11.1222789340606,2.76822291888725,3.14474694129443
"AAD021_001076",71.7160111406238,23.7406413673409,38.6890142560828,47.6748317153116,35.5429416095946,48.2659532512582,44.2833167376024,49.5707424088439,29.5900266365956,10.2131325444004,57.2314635075009,62.1922634690257,32.2129537023435,63.8501198066443,49.8280125399705,56.6054449432997
"AAD021_001077",0,15.3615914729853,8.09770065824988,5.29720352392352,10.6628824828784,7.8572482036932,11.7085256718873,13.2188646423584,10.567866655927,20.4262650888008,2.93494684653851,11.9600506671203,15.2116725816622,10.7103426772436,10.5192470917715,18.8684816477666
"AAD021_001078",166.079183694076,42.593503629641,70.180072371499,100.646866954547,59.238236015991,76.3275539787339,52.4792847079235,111.258777406516,69.7479199291183,102.131325444004,99.7881927823093,153.08864853914,59.9518860571393,102.366159819039,164.98608596568,163.52684094731
"AAD021_001079",3.7745269021381,2.0947624735889,8.09770065824988,0,4.73905888127928,6.73478417459417,2.84349909174406,3.02932314720713,0,30.6393976332011,1.46747342326925,2.39201013342407,2.68441280852863,2.67758566931089,2.76822291888725,0
"AAD021_001080",0,3.49127078931484,1.79948903516664,0,4.73905888127928,5.61232014549514,5.51973353103259,3.85550218735453,2.1135733311854,0,2.93494684653851,7.1760304002722,3.57921707803817,4.73726695339619,3.87551208644215,0
"AAD021_001081",0,2.79301663145187,4.4987225879166,0,0,1.12246402909903,2.63441827617465,3.39651383171708,0,0,0,1.19600506671203,6.2636298865668,3.70742631135354,1.1072891675549,3.14474694129443
"AAD021_001084",3.7745269021381,9.07730405221858,9.89718969341652,5.29720352392352,22.5105296860766,8.97971223279222,15.388348025909,11.841899575446,12.6814399871124,10.2131325444004,7.33736711634627,13.1560557338324,15.2116725816622,11.1222789340606,9.41195792421664,9.43424082388328
"AAD021_001091",7.54905380427619,2.79301663145187,7.19795614066656,0,16.5867060844775,2.24492805819806,9.03229123259879,10.2813391662787,4.2271466623708,0,5.86989369307702,5.98002533356017,6.2636298865668,16.2714821442739,6.09009042155194,0
"AAD021_001092",11.3235807064143,6.28428742076671,3.59897807033328,10.594407047847,3.55429416095946,24.6942086401786,3.63800619090785,9.7305531395138,21.135733311854,20.4262650888008,13.2072608094233,8.37203546698423,6.2636298865668,4.94323508180472,9.96560250799409,6.28949388258885
"AAD021_001113",22.6471614128286,14.6633373151223,22.493612939583,15.8916105717705,43.8362946518333,42.6536331057631,26.4696312510881,20.8380713459399,16.9085866494832,10.2131325444004,19.0771545025003,31.0961317345129,15.2116725816622,39.9578169112548,22.6994279348754,9.43424082388328
"AAD021_001118",3.7745269021381,11.8703206836705,5.39846710549992,10.594407047847,15.4019413641577,16.8369604364854,14.1756792956064,11.3829112198086,8.45429332474161,10.2131325444004,11.739787386154,8.37203546698423,8.94804269509542,17.7132590431336,8.85831334043919,15.7237347064721
"AAD021_001120",7.54905380427619,9.77555821008155,12.5964232461665,26.4860176196176,10.6628824828784,15.7144964073864,18.0227663020837,15.6056040916731,8.45429332474161,0,7.33736711634627,9.56804053369627,8.94804269509542,11.7401833192862,14.9484037619911,22.013228589061
"AAD021_001129",11.3235807064143,18.8528622623001,15.2956567989164,5.29720352392352,72.270647939509,19.0818884946835,86.0994798514857,18.7267249100077,29.5900266365956,30.6393976332011,17.6096810792311,20.3320861341046,24.1597152767576,25.7460160510663,78.0638863126204,25.1579755303554
"AAD021_001131",3.7745269021381,5.58603326290374,6.29821162308324,0,4.73905888127928,4.48985611639611,4.09798398516056,2.84572780495215,6.34071999355621,10.2131325444004,1.46747342326925,1.19600506671203,5.36882561705725,3.91339443976207,6.09009042155194,0
"AAD021_001133",0,2.79301663145187,7.19795614066656,0,20.1410002454369,29.1840647565747,34.8328638738648,8.53718341485645,19.0221599806686,0,5.86989369307702,4.78402026684813,30.4233451633244,7.00291636589002,13.2874700106588,6.28949388258885
"AAD021_001134",0,9.07730405221858,0.89974451758332,0,21.3257649657568,22.4492805819806,13.5066206857843,6.42583697892421,14.7950133182978,10.2131325444004,4.40242026980776,9.56804053369627,7.15843415607634,10.504374548835,4.4291566702196,3.14474694129443
"AAD021_001135",117.010333966281,55.1620784711745,41.3882478088327,164.213309241629,35.5429416095946,29.1840647565747,36.2546134197368,63.3403930779672,29.5900266365956,61.2787952664022,42.5567292748084,57.4082432021776,160.169964242208,47.9905739191875,38.201476280644,66.039685767183
"AAD021_001137",3.7745269021381,4.88777910504077,8.09770065824988,10.594407047847,11.8476472031982,26.9391366983767,17.7300531602865,6.70122999230668,8.45429332474161,0,1.46747342326925,3.5880152001361,5.36882561705725,5.97307572384737,3.3218675026647,9.43424082388328
"AAD021_001141",0,1.39650831572594,0.89974451758332,0,2.36952944063964,4.48985611639611,3.2616607228829,3.94729985848201,2.1135733311854,0,0,2.39201013342407,8.05323842558588,4.32533069657913,3.87551208644215,0
"AAD021_001142",0,3.49127078931484,6.29821162308324,0,3.55429416095946,3.36739208729708,4.89249108432434,4.68168122750192,2.1135733311854,0,2.93494684653851,5.98002533356017,1.78960853901908,4.73726695339619,2.76822291888725,3.14474694129443
"AAD021_001145",45.2943228256572,20.2493705780261,37.7892697384994,21.1888140956941,41.4667652111937,79.694946066031,32.0311809452346,32.5881732502585,61.2936266043767,0,24.9470481955773,43.0561824016332,50.1090390925344,28.2176335919686,35.4332533617568,37.7369632955331
"AAD021_001146",0,3.49127078931484,1.79948903516664,0,2.36952944063964,2.24492805819806,3.72163851713561,2.84572780495215,4.2271466623708,0,1.46747342326925,2.39201013342407,8.94804269509542,3.50145818294501,7.75102417288429,3.14474694129443
"AAD021_001147",18.8726345106905,9.77555821008155,6.29821162308324,5.29720352392352,17.7714708047973,8.97971223279222,15.1374510472257,9.27156478387636,8.45429332474161,0,11.739787386154,7.1760304002722,2.68441280852863,8.65066139315826,6.64373500532939,15.7237347064721
"AAD021_001148",22.6471614128286,12.5685748415334,11.6966787285832,5.29720352392352,26.064823847036,39.286241018466,27.222322187138,10.7403275219162,29.5900266365956,10.2131325444004,16.1422076559618,19.1360810673925,11.632455503624,14.8297052454142,12.1801808431039,22.013228589061
"AAD021_001151",11.3235807064143,20.947624735889,30.5913135978329,10.594407047847,59.238236015991,52.7558093676543,52.8974463390623,8.35358807260147,38.0443199613372,10.2131325444004,17.6096810792311,16.7440709339685,5.36882561705725,23.4803666385724,20.4848495997656,12.5789877651777
"AAD021_001152",11.3235807064143,9.77555821008155,16.1954013164998,10.594407047847,24.8800591267162,26.9391366983767,22.580728081497,11.7501019043186,33.8171732989664,0,17.6096810792311,20.3320861341046,5.36882561705725,10.9163108056521,8.30466875666174,18.8684816477666
"AAD021_001156",0,4.88777910504077,5.39846710549992,5.29720352392352,3.55429416095946,6.73478417459417,7.06693156624627,3.58010917397206,4.2271466623708,0,1.46747342326925,2.39201013342407,3.57921707803817,2.26564941249383,4.4291566702196,9.43424082388328
"AAD021_001162",3.7745269021381,3.49127078931484,24.2931019747496,10.594407047847,26.064823847036,7.8572482036932,9.91043065799034,6.97662300568914,12.6814399871124,10.2131325444004,2.93494684653851,3.5880152001361,2.68441280852863,7.00291636589002,9.96560250799409,0
"AAD021_001163",7.54905380427619,5.58603326290374,15.2956567989164,5.29720352392352,15.4019413641577,13.4695683491883,15.8065096570479,6.97662300568914,4.2271466623708,0,1.46747342326925,9.56804053369627,12.5272597731336,5.14920321021325,13.8411145944362,9.43424082388328
"AAD021_001167",11.3235807064143,12.5685748415334,9.89718969341652,5.29720352392352,5.9238236015991,14.5920323782874,2.7598667655163,5.23246725426686,14.7950133182978,10.2131325444004,1.46747342326925,5.98002533356017,4.47402134754771,3.70742631135354,7.75102417288429,3.14474694129443
"AAD021_001168",3.7745269021381,22.344133051615,23.3933574571663,0,11.8476472031982,4.48985611639611,7.31782854492957,11.1075182064261,8.45429332474161,20.4262650888008,2.93494684653851,7.1760304002722,18.7908896597004,8.44469326474973,10.5192470917715,6.28949388258885
"AAD021_001171",64.1669573363477,2.79301663145187,6.29821162308324,21.1888140956941,10.6628824828784,13.4695683491883,16.7264652455533,16.7989738163304,14.7950133182978,30.6393976332011,22.0121013490388,7.1760304002722,6.2636298865668,3.50145818294501,14.3947591782137,37.7369632955331
"AAD021_001172",0,3.49127078931484,6.29821162308324,10.594407047847,0,2.24492805819806,6.39787295642414,6.70122999230668,4.2271466623708,0,1.46747342326925,2.39201013342407,3.57921707803817,4.32533069657913,3.3218675026647,9.43424082388328
"AAD021_001173",7.54905380427619,3.49127078931484,1.79948903516664,0,7.10858832191892,6.73478417459417,4.55796177941328,5.23246725426686,0,10.2131325444004,0,3.5880152001361,10.7376512341145,7.20888449429855,7.19737958910684,0
"AAD021_001174",3.7745269021381,7.68079573649265,6.29821162308324,15.8916105717705,9.47811776255856,14.5920323782874,12.5030327710511,5.41606259652183,12.6814399871124,0,5.86989369307702,3.5880152001361,3.57921707803817,8.03275700793268,9.41195792421664,18.8684816477666
"AAD021_001178",3.7745269021381,3.49127078931484,1.79948903516664,0,4.73905888127928,6.73478417459417,7.98688715475171,3.48831150284457,6.34071999355621,0,1.46747342326925,4.78402026684813,4.47402134754771,8.2387251363412,4.98280125399704,0
"AAD021_001181",0,4.18952494717781,9.89718969341652,10.594407047847,11.8476472031982,4.48985611639611,27.0132413715686,13.4024599846134,6.34071999355621,0,2.93494684653851,8.37203546698423,8.94804269509542,11.7401833192862,19.3775604322107,0
"AAD021_001187",0,4.18952494717781,6.29821162308324,10.594407047847,3.55429416095946,4.48985611639611,2.71805060240241,3.58010917397206,0,10.2131325444004,0,3.5880152001361,5.36882561705725,3.70742631135354,2.76822291888725,6.28949388258885
"AAD021_001188",60.3924304342096,10.4738123679445,17.0951458340831,47.6748317153116,36.7277063299144,32.5514568438718,35.2092093418897,41.5843450207524,42.271466623708,10.2131325444004,33.7518887351929,34.684146934649,17.8960853901908,28.4236017203772,29.3431629402048,34.5922163542387
"AAD021_001192",3.7745269021381,19.5511164201631,8.09770065824988,0,13.032411923518,3.36739208729708,17.6882369971726,15.1466157360356,8.45429332474161,0,1.46747342326925,10.7640456004083,12.5272597731336,11.7401833192862,9.96560250799409,9.43424082388328
"AAD021_001193",37.745269021381,11.8703206836705,16.1954013164998,111.241274002394,14.2171766438378,32.5514568438718,34.9583123632064,34.3323290016808,19.0221599806686,30.6393976332011,32.2844153119236,41.8601773349212,27.7389323547958,48.196542047596,40.9696991995313,69.1844327084774
"AAD021_001194",0,9.77555821008155,1.79948903516664,0,10.6628824828784,16.8369604364854,18.6918249119058,3.2129184894621,12.6814399871124,0,2.93494684653851,4.78402026684813,3.57921707803817,3.08952192612795,2.76822291888725,6.28949388258885
"AAD021_001208",0,4.18952494717781,4.4987225879166,21.1888140956941,14.2171766438378,5.61232014549514,7.31782854492957,6.79302766343416,6.34071999355621,0,2.93494684653851,5.98002533356017,5.36882561705725,7.20888449429855,7.19737958910684,0
"AAD021_001209",7.54905380427619,32.1196912616965,14.3959122813331,15.8916105717705,3.55429416095946,3.36739208729708,2.92713141797183,16.9825691585854,4.2271466623708,0,1.46747342326925,4.78402026684813,8.05323842558588,14.2118008601886,6.64373500532939,6.28949388258885
"AAD021_001212",7.54905380427619,11.8703206836705,6.29821162308324,5.29720352392352,11.8476472031982,3.36739208729708,8.02870331786559,6.70122999230668,8.45429332474161,10.2131325444004,2.93494684653851,5.98002533356017,8.05323842558588,8.2387251363412,3.3218675026647,6.28949388258885
"AAD021_001213",0,5.58603326290374,3.59897807033328,5.29720352392352,7.10858832191892,2.24492805819806,29.5222111584016,4.77347889862941,4.2271466623708,0,2.93494684653851,2.39201013342407,1.78960853901908,5.14920321021325,3.3218675026647,3.14474694129443
"AAD021_001214",3.7745269021381,7.68079573649265,12.5964232461665,5.29720352392352,11.8476472031982,21.3268165528815,15.1792672103396,13.0352693001034,25.3628799742248,10.2131325444004,13.2072608094233,11.9600506671203,11.632455503624,9.68050203520091,14.3947591782137,12.5789877651777
"AAD021_001218",7.54905380427619,19.5511164201631,7.19795614066656,0,13.032411923518,7.8572482036932,12.7539297497344,7.61920670358156,12.6814399871124,0,7.33736711634627,10.7640456004083,6.2636298865668,10.2984064204265,4.4291566702196,3.14474694129443
"AAD021_001219",11.3235807064143,2.0947624735889,30.5913135978329,0,61.6077654566306,52.7558093676543,38.0527084336338,3.12112081833462,71.8614932603037,0,7.33736711634627,1.19600506671203,0.894804269509542,3.08952192612795,15.5020483457686,6.28949388258885
"AAD021_001223",177.402764400491,18.1546081044372,21.5938684219997,100.646866954547,30.8038827283153,112.246402909903,97.9752701758285,64.0747744469871,69.7479199291183,61.2787952664022,55.7639900842317,99.2684205370988,48.3194305535153,67.5575461179979,49.274367956193,103.776649062716
"AAD021_001225",11.3235807064143,24.4388955252039,16.1954013164998,15.8916105717705,15.4019413641577,14.5920323782874,9.57590135307927,6.33403930779672,10.567866655927,20.4262650888008,13.2072608094233,9.56804053369627,6.2636298865668,6.38501198066443,6.09009042155194,3.14474694129443
"AAD021_001228",7.54905380427619,0.698254157862968,0.89974451758332,0,5.9238236015991,11.2246402909903,17.6882369971726,9.45516012613134,6.34071999355621,0,0,5.98002533356017,17.8960853901908,4.73726695339619,7.19737958910684,9.43424082388328
"AAD021_001230",3.7745269021381,2.79301663145187,1.79948903516664,10.594407047847,1.18476472031982,1.12246402909903,5.05975573677988,4.95707424088439,4.2271466623708,20.4262650888008,4.40242026980776,3.5880152001361,1.78960853901908,3.29549005453648,1.1072891675549,18.8684816477666
"AAD021_001241",109.461280162005,25.1371496830668,39.5887587736661,158.916105717705,5.9238236015991,1.12246402909903,2.0071758294664,41.3089520073699,2.1135733311854,40.8525301776015,39.6217824282699,88.5043749366905,4.47402134754771,58.4949484680226,52.5962354588577,103.776649062716
"AAD021_001246",7.54905380427619,18.8528622623001,9.89718969341652,5.29720352392352,13.032411923518,16.8369604364854,22.9988897126358,21.9396433994698,12.6814399871124,10.2131325444004,14.6747342326925,11.9600506671203,17.0012811206813,18.1251952999507,9.41195792421664,31.4474694129443
"AAD021_001248",0,3.49127078931484,2.69923355274996,0,5.9238236015991,10.1021762618913,11.0394670620652,4.31449054299197,4.2271466623708,10.2131325444004,1.46747342326925,4.78402026684813,5.36882561705725,7.82678887952414,7.75102417288429,0
"AAD021_001252",3.7745269021381,2.79301663145187,4.4987225879166,0,1.18476472031982,4.48985611639611,2.38352129749135,5.87505095215928,2.1135733311854,0,2.93494684653851,3.5880152001361,3.57921707803817,4.73726695339619,3.3218675026647,3.14474694129443
"AAD021_001254",0,5.58603326290374,4.4987225879166,0,3.55429416095946,3.36739208729708,2.38352129749135,2.38673944931471,10.567866655927,0,0,1.19600506671203,2.68441280852863,3.50145818294501,3.3218675026647,0
"AAD021_001257",3.7745269021381,15.3615914729853,7.19795614066656,5.29720352392352,7.10858832191892,12.3471043200893,22.6225442446109,5.23246725426686,23.2493066430394,0,4.40242026980776,7.1760304002722,8.05323842558588,8.03275700793268,10.5192470917715,3.14474694129443
"AAD021_001258",3.7745269021381,13.9650831572594,11.6966787285832,5.29720352392352,15.4019413641577,15.7144964073864,23.4170513437746,9.54695779725883,25.3628799742248,0,11.739787386154,11.9600506671203,13.4220640426431,6.59098010907296,7.75102417288429,18.8684816477666
"AAD021_001260",0,2.79301663145187,2.69923355274996,0,7.10858832191892,4.48985611639611,11.7921579981151,4.49808588524695,2.1135733311854,10.2131325444004,1.46747342326925,5.98002533356017,7.15843415607634,8.8566295215668,3.87551208644215,0
"AAD021_001266",0,7.68079573649265,0.89974451758332,15.8916105717705,4.73905888127928,4.48985611639611,3.84708700647726,4.22269287186448,4.2271466623708,0,4.40242026980776,4.78402026684813,2.68441280852863,8.44469326474973,3.87551208644215,0
"AAD021_001269",3.7745269021381,6.98254157862968,9.89718969341652,0,5.9238236015991,4.48985611639611,8.19596797032112,2.93752547607964,6.34071999355621,0,5.86989369307702,1.19600506671203,5.36882561705725,4.32533069657913,8.85831334043919,3.14474694129443
"AAD021_001271",0,3.49127078931484,2.69923355274996,0,14.2171766438378,6.73478417459417,9.07410739571267,5.6914556099043,4.2271466623708,0,1.46747342326925,1.19600506671203,9.84284696460496,4.73726695339619,8.30466875666174,3.14474694129443
"AAD021_001273",41.5197959235191,37.0074703667373,15.2956567989164,68.8636458110057,4.73905888127928,21.3268165528815,16.1410389619589,10.6485298507887,10.567866655927,0,32.2844153119236,43.0561824016332,27.7389323547958,35.6324862146757,52.5962354588577,18.8684816477666
"AAD021_001276",3.7745269021381,9.07730405221858,10.7969342109998,0,9.47811776255856,19.0818884946835,16.0155904726173,4.68168122750192,12.6814399871124,20.4262650888008,5.86989369307702,5.98002533356017,8.94804269509542,10.092438292018,9.41195792421664,9.43424082388328
"AAD021_001278",0,4.18952494717781,4.4987225879166,10.594407047847,7.10858832191892,2.24492805819806,4.64159410564104,2.11134643593224,0,0,2.93494684653851,1.19600506671203,1.78960853901908,5.14920321021325,1.66093375133235,6.28949388258885
"AAD021_001282",0,29.3266746302446,23.3933574571663,0,20.1410002454369,6.73478417459417,8.69776192768772,8.26179040147398,6.34071999355621,0,2.93494684653851,8.37203546698423,9.84284696460496,11.5342151908777,6.64373500532939,6.28949388258885
"AAD021_001283",7.54905380427619,6.28428742076671,3.59897807033328,0,10.6628824828784,8.97971223279222,13.3393560333288,6.05864629441425,12.6814399871124,0,10.2723139628848,2.39201013342407,8.05323842558588,5.97307572384737,8.30466875666174,9.43424082388328
"AAD021_001284",0,6.28428742076671,0,10.594407047847,8.29335304223874,10.1021762618913,10.6213054309264,3.58010917397206,8.45429332474161,0,5.86989369307702,2.39201013342407,5.36882561705725,3.70742631135354,1.66093375133235,3.14474694129443
"AAD021_001293",3.7745269021381,6.98254157862968,2.69923355274996,15.8916105717705,3.55429416095946,12.3471043200893,2.71805060240241,7.43561136132658,4.2271466623708,10.2131325444004,10.2723139628848,1.19600506671203,6.2636298865668,4.32533069657913,0,3.14474694129443
"AAD021_001294",0,2.0947624735889,6.29821162308324,0,0,6.73478417459417,4.89249108432434,4.8652765697569,6.34071999355621,0,7.33736711634627,3.5880152001361,8.05323842558588,6.1790438522559,2.2145783351098,12.5789877651777
"AAD021_001298",7.54905380427619,9.77555821008155,4.4987225879166,10.594407047847,8.29335304223874,7.8572482036932,4.2652486376161,5.59965793877681,8.45429332474161,0,10.2723139628848,5.98002533356017,3.57921707803817,5.14920321021325,8.85831334043919,0
"AAD021_001299",7.54905380427619,13.9650831572594,6.29821162308324,5.29720352392352,3.55429416095946,12.3471043200893,5.77063050971589,7.98639738809152,8.45429332474161,0,2.93494684653851,11.9600506671203,3.57921707803817,5.97307572384737,6.64373500532939,3.14474694129443
"AAD021_001300",15.0981076085524,12.5685748415334,8.9974451758332,5.29720352392352,15.4019413641577,5.61232014549514,13.5484368488982,10.4649345085337,4.2271466623708,10.2131325444004,5.86989369307702,9.56804053369627,4.47402134754771,10.7103426772436,13.2874700106588,3.14474694129443
"AAD021_001305",11.3235807064143,3.49127078931484,5.39846710549992,0,13.032411923518,6.73478417459417,7.86143866541006,5.41606259652183,10.567866655927,0,5.86989369307702,8.37203546698423,2.68441280852863,5.14920321021325,11.6265362593264,3.14474694129443
"AAD021_001306",3.7745269021381,24.4388955252039,11.6966787285832,0,7.10858832191892,12.3471043200893,17.4791561816032,7.52740903245407,8.45429332474161,0,14.6747342326925,8.37203546698423,8.94804269509542,10.2984064204265,4.98280125399704,6.28949388258885
"AAD021_001308",0,28.6284204723817,15.2956567989164,5.29720352392352,15.4019413641577,11.2246402909903,18.0645824651976,7.71100437470905,16.9085866494832,0,13.2072608094233,4.78402026684813,8.05323842558588,9.68050203520091,4.4291566702196,3.14474694129443
"AAD021_001309",11.3235807064143,39.1022328403262,44.0874813615827,15.8916105717705,73.4554126598288,75.2050899496349,51.0157189989376,13.5860553268683,27.4764533054102,0,29.3494684653851,22.7240962675286,18.7908896597004,33.9847411874075,18.8239158484333,0
"AAD021_001310",3.7745269021381,7.68079573649265,10.7969342109998,0,1.18476472031982,3.36739208729708,2.21625664503581,4.13089520073699,2.1135733311854,0,1.46747342326925,4.78402026684813,1.78960853901908,4.32533069657913,3.3218675026647,6.28949388258885
"AAD021_001311",30.1962152171048,56.5585867869004,35.0900361857495,31.7832211435411,37.9124710502342,80.81741009513,48.5067492121046,21.4806550438324,71.8614932603037,20.4262650888008,24.9470481955773,21.5280912008166,36.6869750498912,24.5102072806151,16.6093375133235,15.7237347064721
"AAD021_001312",94.3631725534524,31.4214371038336,9.89718969341652,143.024495145935,26.064823847036,71.8376978623378,69.0803014641352,3.30471616058959,42.271466623708,20.4262650888008,133.540081517502,21.5280912008166,20.5804981987195,290.00312479921,228.655213100087,50.3159510607108
"AAD021_001313",0,3.49127078931484,1.79948903516664,5.29720352392352,5.9238236015991,4.48985611639611,6.64876993510744,2.20314410705973,6.34071999355621,0,1.46747342326925,2.39201013342407,2.68441280852863,4.73726695339619,6.64373500532939,0
"AAD021_001317",30.1962152171048,62.1446200498041,24.2931019747496,58.2692387631587,260.64823847036,98.7768345607145,396.709939461411,31.1194105122187,154.290853176534,61.2787952664022,22.0121013490388,35.880152001361,35.7921707803817,21.6266534828957,17.1629820971009,44.026457178122
"AAD021_001318",3.7745269021381,6.98254157862968,1.79948903516664,5.29720352392352,15.4019413641577,17.9594244655844,24.6715362371911,4.58988355637443,12.6814399871124,0,8.80484053961553,7.1760304002722,4.47402134754771,8.65066139315826,3.3218675026647,0
"AAD021_001321",7.54905380427619,13.2668289993964,30.5913135978329,5.29720352392352,3.55429416095946,1.12246402909903,2.508969786833,7.3438136901991,0,0,1.46747342326925,10.7640456004083,1.78960853901908,10.504374548835,3.87551208644215,12.5789877651777
"AAD021_001322",3.7745269021381,5.58603326290374,2.69923355274996,0,21.3257649657568,7.8572482036932,9.19955588505432,2.93752547607964,0,0,0,3.5880152001361,0.894804269509542,0.20596812840853,0.55364458377745,3.14474694129443
"AAD021_001329",0,5.58603326290374,1.79948903516664,0,4.73905888127928,3.36739208729708,8.02870331786559,7.3438136901991,4.2271466623708,10.2131325444004,5.86989369307702,1.19600506671203,5.36882561705725,5.76710759543884,4.98280125399704,3.14474694129443
"AAD021_001334",0,3.49127078931484,0.89974451758332,5.29720352392352,1.18476472031982,3.36739208729708,5.01793957366599,4.0390975296095,0,0,2.93494684653851,3.5880152001361,6.2636298865668,3.70742631135354,0.55364458377745,0
"AAD021_001335",0,10.4738123679445,8.09770065824988,5.29720352392352,9.47811776255856,5.61232014549514,9.15773972194044,2.29494177818722,10.567866655927,0,4.40242026980776,2.39201013342407,1.78960853901908,3.29549005453648,3.87551208644215,0
"AAD021_001336",7.54905380427619,11.1720665258075,16.1954013164998,10.594407047847,14.2171766438378,5.61232014549514,18.1063986283115,15.3302110782906,16.9085866494832,30.6393976332011,5.86989369307702,5.98002533356017,10.7376512341145,12.7700239613289,6.09009042155194,9.43424082388328
"AAD021_001337",3.7745269021381,5.58603326290374,0.89974451758332,0,2.36952944063964,1.12246402909903,5.47791736791871,4.95707424088439,2.1135733311854,0,4.40242026980776,3.5880152001361,0.894804269509542,5.56113946703031,3.87551208644215,0
"AAD021_001341",0,4.18952494717781,0.89974451758332,0,2.36952944063964,1.12246402909903,6.18879214085473,4.49808588524695,0,0,1.46747342326925,1.19600506671203,3.57921707803817,7.00291636589002,1.1072891675549,3.14474694129443
"AAD021_001359",0,18.1546081044372,21.5938684219997,5.29720352392352,20.1410002454369,4.48985611639611,5.72881434660201,12.9434716289759,2.1135733311854,0,2.93494684653851,11.9600506671203,9.84284696460496,10.7103426772436,11.6265362593264,3.14474694129443
"AAD021_001360",0,3.49127078931484,3.59897807033328,5.29720352392352,1.18476472031982,1.12246402909903,1.63083036144145,3.48831150284457,0,61.2787952664022,8.80484053961553,1.19600506671203,3.57921707803817,5.14920321021325,0.55364458377745,0
"AAD021_001386",3.7745269021381,6.98254157862968,8.09770065824988,10.594407047847,11.8476472031982,12.3471043200893,7.31782854492957,5.96684862328677,0,0,1.46747342326925,4.78402026684813,4.47402134754771,4.94323508180472,2.76822291888725,6.28949388258885
"AAD021_001390",45.2943228256572,9.07730405221858,18.8946348692497,42.3776281913881,15.4019413641577,20.2043525237825,26.7205282297714,8.62898108598394,33.8171732989664,0,24.9470481955773,9.56804053369627,15.2116725816622,4.1193625681706,12.1801808431039,44.026457178122
"AAD021_001391",0,4.88777910504077,7.19795614066656,10.594407047847,2.36952944063964,0,0.961771751619315,3.12112081833462,0,0,1.46747342326925,0,0.894804269509542,4.1193625681706,2.2145783351098,0
"AAD021_001392",0,9.07730405221858,2.69923355274996,0,2.36952944063964,3.36739208729708,3.42892537533843,2.01954876480475,6.34071999355621,10.2131325444004,1.46747342326925,4.78402026684813,13.4220640426431,4.73726695339619,6.64373500532939,0
"AAD021_001393",0,8.37904989435561,14.3959122813331,0,16.5867060844775,10.1021762618913,6.89966691379074,4.95707424088439,10.567866655927,0,5.86989369307702,7.1760304002722,5.36882561705725,5.14920321021325,6.09009042155194,6.28949388258885
"AAD021_001394",3.7745269021381,4.18952494717781,3.59897807033328,0,5.9238236015991,4.48985611639611,7.02511540313239,5.96684862328677,2.1135733311854,0,4.40242026980776,4.78402026684813,0.894804269509542,8.03275700793268,7.19737958910684,3.14474694129443
"AAD021_001397",0,3.49127078931484,2.69923355274996,0,9.47811776255856,3.36739208729708,8.90684274325714,7.16021834794412,8.45429332474161,10.2131325444004,1.46747342326925,4.78402026684813,3.57921707803817,5.76710759543884,3.87551208644215,6.28949388258885
"AAD021_001399",0,7.68079573649265,0.89974451758332,5.29720352392352,21.3257649657568,6.73478417459417,5.93789516217143,1.92775109367726,4.2271466623708,0,0,2.39201013342407,0,5.76710759543884,0.55364458377745,3.14474694129443
"AAD021_001400",3.7745269021381,3.49127078931484,0.89974451758332,0,3.55429416095946,6.73478417459417,3.2616607228829,8.81257642823891,4.2271466623708,0,8.80484053961553,8.37203546698423,3.57921707803817,5.56113946703031,8.30466875666174,9.43424082388328
"AAD021_001401",3.7745269021381,5.58603326290374,3.59897807033328,0,8.29335304223874,5.61232014549514,6.69058609822132,10.8321251930437,8.45429332474161,0,2.93494684653851,0,8.05323842558588,9.26856577838386,8.30466875666174,6.28949388258885
"AAD021_001404",45.2943228256572,59.3516034183523,62.0823717132491,47.6748317153116,97.1507070662252,127.960899317289,74.7254834845094,26.3459316135893,97.2243732345285,40.8525301776015,38.1543090050006,26.3121114676647,42.950604936458,33.3668368021819,25.4676508537627,44.026457178122
"AAD021_001406",0,5.58603326290374,8.09770065824988,5.29720352392352,5.9238236015991,5.61232014549514,5.43610120480483,4.22269287186448,0,0,2.93494684653851,1.19600506671203,5.36882561705725,2.47161754090236,4.4291566702196,3.14474694129443
"AAD021_001415",3.7745269021381,11.1720665258075,6.29821162308324,0,9.47811776255856,14.5920323782874,18.9009057274752,8.07819505921901,8.45429332474161,0,8.80484053961553,8.37203546698423,8.05323842558588,11.7401833192862,7.19737958910684,3.14474694129443
"AAD021_001420",11.3235807064143,4.88777910504077,7.19795614066656,0,9.47811776255856,15.7144964073864,11.0812832251791,13.0352693001034,6.34071999355621,0,5.86989369307702,7.1760304002722,7.15843415607634,12.3580877045118,10.5192470917715,31.4474694129443
"AAD021_001424",0,2.0947624735889,4.4987225879166,0,0,4.48985611639611,10.4540407784708,7.52740903245407,0,0,1.46747342326925,1.19600506671203,0.894804269509542,10.2984064204265,4.98280125399704,0
"AAD021_001425",15.0981076085524,10.4738123679445,4.4987225879166,0,8.29335304223874,16.8369604364854,15.3465318627952,4.49808588524695,12.6814399871124,0,5.86989369307702,9.56804053369627,1.78960853901908,4.73726695339619,3.87551208644215,6.28949388258885
"AAD021_001427",0,4.88777910504077,0.89974451758332,10.594407047847,4.73905888127928,8.97971223279222,8.78139425391549,8.99617177049389,2.1135733311854,0,4.40242026980776,3.5880152001361,5.36882561705725,10.9163108056521,7.19737958910684,3.14474694129443
"AAD021_001429",3.7745269021381,2.0947624735889,0,5.29720352392352,28.4343532876757,22.4492805819806,96.1771751619315,11.5665065620636,33.8171732989664,0,4.40242026980776,7.1760304002722,12.5272597731336,5.35517133862178,1.66093375133235,0
"AAD021_001431",0,1.39650831572594,5.39846710549992,0,1.18476472031982,7.8572482036932,5.10157189989376,2.84572780495215,6.34071999355621,10.2131325444004,4.40242026980776,2.39201013342407,1.78960853901908,3.70742631135354,4.4291566702196,9.43424082388328
"AAD021_001434",7.54905380427619,5.58603326290374,7.19795614066656,15.8916105717705,4.73905888127928,2.24492805819806,4.59977794252716,3.85550218735453,8.45429332474161,0,2.93494684653851,2.39201013342407,2.68441280852863,2.26564941249383,2.76822291888725,3.14474694129443
"AAD021_001437",15.0981076085524,21.645878893752,9.89718969341652,5.29720352392352,8.29335304223874,17.9594244655844,14.2593116218342,16.339985460693,6.34071999355621,0,11.739787386154,14.3520608005444,19.6856939292099,19.7729403272189,21.0384941835431,12.5789877651777
"AAD021_001439",0,0,0.89974451758332,0,26.064823847036,1.12246402909903,4.97612341055211,9.08796944162138,4.2271466623708,0,4.40242026980776,3.5880152001361,0,1.23580877045118,2.2145783351098,34.5922163542387
"AAD021_001444",11.3235807064143,4.88777910504077,4.4987225879166,5.29720352392352,9.47811776255856,10.1021762618913,10.0776953104459,5.32426492539434,4.2271466623708,10.2131325444004,1.46747342326925,2.39201013342407,4.47402134754771,8.65066139315826,6.09009042155194,12.5789877651777
"AAD021_001457",7.54905380427619,18.1546081044372,10.7969342109998,10.594407047847,7.10858832191892,3.36739208729708,1.21266873030262,5.32426492539434,8.45429332474161,0,2.93494684653851,3.5880152001361,19.6856939292099,1.23580877045118,2.76822291888725,12.5789877651777
"AAD021_001460",22.6471614128286,8.37904989435561,5.39846710549992,5.29720352392352,7.10858832191892,3.36739208729708,9.9940629842181,12.3008879310835,2.1135733311854,0,7.33736711634627,14.3520608005444,8.05323842558588,16.4774502726824,11.6265362593264,6.28949388258885
"AAD021_001461",0,4.88777910504077,1.79948903516664,0,5.9238236015991,5.61232014549514,5.51973353103259,4.40628821411946,0,0,4.40242026980776,2.39201013342407,1.78960853901908,7.20888449429855,7.19737958910684,0
"AAD021_001463",15.0981076085524,6.28428742076671,0.89974451758332,10.594407047847,8.29335304223874,7.8572482036932,5.51973353103259,11.841899575446,4.2271466623708,10.2131325444004,13.2072608094233,11.9600506671203,8.94804269509542,8.8566295215668,16.6093375133235,3.14474694129443
"AAD021_001472",22.6471614128286,16.7580997887112,8.09770065824988,10.594407047847,8.29335304223874,3.36739208729708,6.77421842444909,23.1330131241272,0,10.2131325444004,5.86989369307702,16.7440709339685,10.7376512341145,28.0116654635601,14.3947591782137,9.43424082388328
"AAD021_001474",11.3235807064143,6.28428742076671,8.09770065824988,0,4.73905888127928,2.24492805819806,4.59977794252716,31.6701965389836,4.2271466623708,20.4262650888008,11.739787386154,13.1560557338324,17.0012811206813,30.2773148760539,7.19737958910684,0
"AAD021_001478",128.333914672695,53.0673159975856,124.164743426498,58.2692387631587,45.0210593721532,58.3681295131495,29.6894758108571,79.7721762097877,48.6121866172643,40.8525301776015,58.6989369307702,102.856435737235,44.7402134754771,84.0349963906803,99.1023804961635,94.3424082388328
"AAD021_001479",0,5.58603326290374,0.89974451758332,0,5.9238236015991,4.48985611639611,6.85785075067686,3.39651383171708,4.2271466623708,0,2.93494684653851,3.5880152001361,3.57921707803817,4.73726695339619,2.2145783351098,0
"AAD021_001480",3.7745269021381,7.68079573649265,2.69923355274996,10.594407047847,41.4667652111937,5.61232014549514,7.94507099163782,3.30471616058959,4.2271466623708,0,4.40242026980776,4.78402026684813,5.36882561705725,2.26564941249383,2.2145783351098,3.14474694129443
"AAD021_001482",15.0981076085524,2.79301663145187,4.4987225879166,0,10.6628824828784,17.9594244655844,24.378823095394,9.91414848176878,8.45429332474161,0,22.0121013490388,8.37203546698423,0.894804269509542,14.4177689885971,11.6265362593264,12.5789877651777
"AAD021_001483",11.3235807064143,18.8528622623001,15.2956567989164,0,5.9238236015991,4.48985611639611,6.06334365151308,6.42583697892421,8.45429332474161,20.4262650888008,1.46747342326925,9.56804053369627,2.68441280852863,9.26856577838386,3.3218675026647,0
"AAD021_001484",0,2.0947624735889,2.69923355274996,0,67.5315890582297,33.6739208729708,34.2056214271565,2.20314410705973,44.3850399548935,10.2131325444004,8.80484053961553,1.19600506671203,3.57921707803817,2.47161754090236,1.66093375133235,0
"AAD021_001488",11.3235807064143,50.9725535239967,12.5964232461665,15.8916105717705,23.6952944063964,7.8572482036932,6.23060830396861,15.3302110782906,6.34071999355621,0,2.93494684653851,11.9600506671203,23.2649110072481,12.3580877045118,7.75102417288429,18.8684816477666
"AAD021_001490",3.7745269021381,5.58603326290374,2.69923355274996,5.29720352392352,7.10858832191892,15.7144964073864,16.0155904726173,8.72077875711143,6.34071999355621,10.2131325444004,10.2723139628848,9.56804053369627,6.2636298865668,7.62082075111561,9.96560250799409,3.14474694129443
"AAD021_001493",3.7745269021381,4.18952494717781,12.5964232461665,0,3.55429416095946,3.36739208729708,2.80168292863018,2.93752547607964,0,0,1.46747342326925,1.19600506671203,1.78960853901908,2.26564941249383,2.76822291888725,0
"AAD021_001495",0,3.49127078931484,2.69923355274996,0,2.36952944063964,10.1021762618913,7.10874772936016,2.20314410705973,6.34071999355621,0,1.46747342326925,4.78402026684813,7.15843415607634,2.0596812840853,1.1072891675549,3.14474694129443
"AAD021_001505",0,7.68079573649265,2.69923355274996,0,7.10858832191892,6.73478417459417,7.19238005558792,5.96684862328677,2.1135733311854,0,4.40242026980776,4.78402026684813,3.57921707803817,6.59098010907296,6.09009042155194,9.43424082388328
"AAD021_001507",0,8.37904989435561,6.29821162308324,5.29720352392352,2.36952944063964,3.36739208729708,1.92354350323863,2.84572780495215,0,0,5.86989369307702,1.19600506671203,1.78960853901908,14.4177689885971,1.1072891675549,3.14474694129443
"AAD021_001511",3.7745269021381,4.18952494717781,3.59897807033328,21.1888140956941,8.29335304223874,3.36739208729708,4.18161631138833,3.2129184894621,0,0,4.40242026980776,0,2.68441280852863,2.88355379771942,2.76822291888725,6.28949388258885
"AAD021_001516",0,34.2144537352854,17.9948903516664,0,17.7714708047973,20.2043525237825,15.764693493934,5.50786026764932,12.6814399871124,10.2131325444004,4.40242026980776,7.1760304002722,2.68441280852863,11.7401833192862,3.87551208644215,0
"AAD021_001522",7.54905380427619,32.1196912616965,31.4910581154162,5.29720352392352,29.6191180079955,6.73478417459417,22.7898088970664,23.2248107952546,21.135733311854,10.2131325444004,5.86989369307702,21.5280912008166,32.2129537023435,22.0385897397127,32.6650304428695,12.5789877651777
"AAD021_001523",0,52.3690618397226,24.2931019747496,5.29720352392352,55.6839418550315,10.1021762618913,76.1054168672676,1.46876273803982,35.9307466301518,10.2131325444004,1.46747342326925,1.19600506671203,7.15843415607634,2.26564941249383,6.64373500532939,3.14474694129443
"AAD021_001526",37.745269021381,1.39650831572594,10.7969342109998,0,4.73905888127928,7.8572482036932,6.64876993510744,6.33403930779672,6.34071999355621,0,2.93494684653851,21.5280912008166,7.15843415607634,6.59098010907296,29.3431629402048,22.013228589061
"AAD021_001530",0,6.98254157862968,6.29821162308324,0,4.73905888127928,11.2246402909903,4.93430724743823,3.02932314720713,4.2271466623708,0,0,1.19600506671203,0,4.1193625681706,0,3.14474694129443
"AAD021_001537",15.0981076085524,4.88777910504077,5.39846710549992,0,8.29335304223874,23.5717446110796,15.9737743095034,5.50786026764932,16.9085866494832,10.2131325444004,7.33736711634627,10.7640456004083,2.68441280852863,7.00291636589002,9.96560250799409,25.1579755303554
"AAD021_001542",18.8726345106905,2.79301663145187,6.29821162308324,5.29720352392352,28.4343532876757,22.4492805819806,59.7134809266253,9.45516012613134,6.34071999355621,0,5.86989369307702,9.56804053369627,11.632455503624,7.82678887952414,4.98280125399704,3.14474694129443
"AAD021_001551",0,8.37904989435561,7.19795614066656,5.29720352392352,2.36952944063964,10.1021762618913,3.30347688599678,2.93752547607964,4.2271466623708,0,0,3.5880152001361,4.47402134754771,2.0596812840853,2.76822291888725,0
"AAD021_001554",30.1962152171048,16.7580997887112,27.8920800450829,37.0804246674646,52.1296476940721,30.3065287856738,49.5521532899517,30.8440174988362,29.5900266365956,10.2131325444004,27.8819950421158,22.7240962675286,25.0545195462672,35.0145818294501,24.9140062699852,31.4474694129443
"AAD021_001560",3.7745269021381,4.18952494717781,4.4987225879166,0,9.47811776255856,8.97971223279222,5.85426283594366,7.71100437470905,6.34071999355621,10.2131325444004,8.80484053961553,9.56804053369627,8.05323842558588,7.00291636589002,5.5364458377745,15.7237347064721
"AAD021_001561",3.7745269021381,6.28428742076671,0.89974451758332,0,3.55429416095946,3.36739208729708,8.94865890637102,8.1699927303465,2.1135733311854,0,0,2.39201013342407,2.68441280852863,5.97307572384737,4.4291566702196,3.14474694129443
"AAD021_001562",0,4.18952494717781,4.4987225879166,10.594407047847,5.9238236015991,10.1021762618913,7.81962250229617,10.5567321796612,10.567866655927,10.2131325444004,10.2723139628848,10.7640456004083,5.36882561705725,12.5640558329203,2.2145783351098,6.28949388258885
"AAD021_001565",30.1962152171048,6.98254157862968,11.6966787285832,5.29720352392352,5.9238236015991,2.24492805819806,5.43610120480483,32.5881732502585,4.2271466623708,10.2131325444004,7.33736711634627,16.7440709339685,7.15843415607634,19.3610040704018,9.41195792421664,15.7237347064721
"AAD021_001573",7.54905380427619,11.1720665258075,14.3959122813331,10.594407047847,15.4019413641577,15.7144964073864,12.7539297497344,5.87505095215928,12.6814399871124,0,5.86989369307702,10.7640456004083,1.78960853901908,15.0356733738227,16.055692929546,3.14474694129443
"AAD021_001575",3.7745269021381,5.58603326290374,1.79948903516664,5.29720352392352,10.6628824828784,5.61232014549514,6.56513760887967,4.13089520073699,2.1135733311854,0,11.739787386154,4.78402026684813,4.47402134754771,6.38501198066443,3.87551208644215,9.43424082388328
"AAD021_001588",3.7745269021381,2.0947624735889,8.09770065824988,0,3.55429416095946,7.8572482036932,7.48509319738511,5.14066958313937,6.34071999355621,0,1.46747342326925,5.98002533356017,0.894804269509542,9.88647016360945,5.5364458377745,3.14474694129443
"AAD021_001602",41.5197959235191,114.513681889527,83.6762401352488,31.7832211435411,52.1296476940721,72.9601618914368,35.7110032992563,30.8440174988362,67.6343465979329,40.8525301776015,17.6096810792311,33.4881418679369,30.4233451633244,35.2205499578587,26.5749400213176,40.8817102368275
"AAD021_001604",26.4216883149667,13.2668289993964,15.2956567989164,52.9720352392352,45.0210593721532,19.0818884946835,14.8029217423147,19.7364992924101,16.9085866494832,20.4262650888008,29.3494684653851,22.7240962675286,15.2116725816622,8.8566295215668,33.218675026647,59.7501918845941
"AAD021_001608",52.8433766299334,52.3690618397226,50.3856929846659,21.1888140956941,33.173412168955,106.634082764408,34.4565184058398,23.3166084663821,67.6343465979329,20.4262650888008,26.4145216188466,45.4481925350573,22.3701067377386,28.4236017203772,29.8968075239823,47.1712041194164
"AAD021_001616",7.54905380427619,3.49127078931484,4.4987225879166,0,1.18476472031982,1.12246402909903,3.38710921222455,5.96684862328677,0,10.2131325444004,1.46747342326925,3.5880152001361,3.57921707803817,8.44469326474973,8.30466875666174,3.14474694129443
"AAD021_001617",0,34.2144537352854,26.0925910099163,10.594407047847,3.55429416095946,12.3471043200893,5.31065271546318,7.43561136132658,6.34071999355621,0,1.46747342326925,8.37203546698423,1.78960853901908,15.6535777590483,4.98280125399704,9.43424082388328
"AAD021_001619",0,16.7580997887112,9.89718969341652,0,8.29335304223874,8.97971223279222,3.55437386468008,6.88482533456165,4.2271466623708,0,2.93494684653851,8.37203546698423,2.68441280852863,11.5342151908777,3.3218675026647,0
"AAD021_001633",0,6.28428742076671,7.19795614066656,0,15.4019413641577,2.24492805819806,3.34529304911066,4.95707424088439,4.2271466623708,0,2.93494684653851,1.19600506671203,6.2636298865668,4.73726695339619,6.09009042155194,3.14474694129443
"AAD021_001639",0,3.49127078931484,1.79948903516664,5.29720352392352,7.10858832191892,7.8572482036932,24.3370069322801,5.87505095215928,2.1135733311854,0,20.5446279257696,0,8.05323842558588,8.65066139315826,8.30466875666174,0
"AAD021_001642",0,4.88777910504077,3.59897807033328,5.29720352392352,8.29335304223874,19.0818884946835,20.3644714364612,14.5040320381432,12.6814399871124,0,2.93494684653851,14.3520608005444,6.2636298865668,7.62082075111561,8.85831334043919,9.43424082388328
"AAD021_001646",7.54905380427619,27.9301663145187,4.4987225879166,15.8916105717705,11.8476472031982,1.12246402909903,2.04899199258028,9.27156478387636,14.7950133182978,20.4262650888008,23.4795747723081,70.56429893601,1.78960853901908,68.7933548884491,63.6691271344067,18.8684816477666
"AAD021_001648",0,6.28428742076671,2.69923355274996,0,8.29335304223874,4.48985611639611,7.23419621870181,8.26179040147398,6.34071999355621,0,5.86989369307702,5.98002533356017,5.36882561705725,7.82678887952414,5.5364458377745,3.14474694129443
"AAD021_001663",3.7745269021381,3.49127078931484,1.79948903516664,5.29720352392352,4.73905888127928,1.12246402909903,2.13262431880805,2.57033479156968,2.1135733311854,0,0,2.39201013342407,3.57921707803817,4.32533069657913,4.4291566702196,3.14474694129443
"AAD021_001664",11.3235807064143,13.2668289993964,12.5964232461665,0,14.2171766438378,6.73478417459417,10.9558347358374,37.8206405045253,0,0,7.33736711634627,15.5480658672564,15.2116725816622,22.8624622533468,24.9140062699852,18.8684816477666
"AAD021_001683",11.3235807064143,9.07730405221858,4.4987225879166,5.29720352392352,1.18476472031982,2.24492805819806,1.29630105653038,8.72077875711143,4.2271466623708,0,1.46747342326925,5.98002533356017,0.894804269509542,3.08952192612795,3.87551208644215,0
"AAD021_001730",7.54905380427619,4.18952494717781,6.29821162308324,0,0,6.73478417459417,4.55796177941328,5.14066958313937,2.1135733311854,10.2131325444004,0,4.78402026684813,2.68441280852863,11.1222789340606,3.3218675026647,3.14474694129443
"AAD021_001731",30.1962152171048,2.0947624735889,7.19795614066656,15.8916105717705,2.36952944063964,2.24492805819806,3.09439607042736,90.0535153760664,4.2271466623708,0,29.3494684653851,118.404501604491,6.2636298865668,70.6470680441258,22.6994279348754,69.1844327084774
"AAD021_001770",3.7745269021381,4.18952494717781,3.59897807033328,5.29720352392352,8.29335304223874,4.48985611639611,7.90325482852394,6.15044396554174,2.1135733311854,0,5.86989369307702,2.39201013342407,7.15843415607634,4.73726695339619,8.30466875666174,0
"AAD021_012694",7.54905380427619,39.1022328403262,26.0925910099163,15.8916105717705,10.6628824828784,12.3471043200893,2.63441827617465,2.01954876480475,10.567866655927,0,1.46747342326925,9.56804053369627,12.5272597731336,9.26856577838386,10.5192470917715,18.8684816477666
"AAD021_012698",105.686753259867,730.373849124664,279.820544968413,270.157379720099,734.554126598288,276.126151158361,194.570606968899,151.374359689229,811.612159175195,398.312169231615,777.760914332705,1094.34463604151,493.037152499758,370.536663006946,493.850968729485,81.7634204736551
"AAD021_012704",30.1962152171048,159.90020215062,42.287992326416,31.7832211435411,92.411648184946,47.1434892221592,23.1661543650913,14.6876273803982,101.451519896899,30.6393976332011,14.6747342326925,31.0961317345129,18.7908896597004,32.7489324169563,25.4676508537627,18.8684816477666
"rRNA_JBQVBD010000012.1_2296000",5340.95556652541,761.795286228498,764.782839945822,4301.32926142589,2794.85997523445,682.458129692209,64.1041780535831,155.413457218838,4271.5317023257,8088.8009751651,2296.59590741638,6209.65830636888,3046.80853767999,321.104312188898,629.49389175496,2918.32516152123
"rRNA_CM148777.1_1000",369412.947912256,96452.6398422432,149136.252767506,620472.043164209,692032.92078601,594754.402778556,39876.3949393565,63803.0533404497,964446.760326542,650995.281512624,945521.008607423,1227035.41816788,291257.000116817,146056.119217057,489453.923445124,454161.2085148
"rRNA_CM148777.1_36500",105.686753259867,141.04733988832,73.7790504418322,90.0524599066998,340.027474731788,162.757284219359,26.3859989248603,47.0922052884017,900.382239084981,919.181928996034,553.237480572509,653.01876642477,188.803700866513,96.1871159667836,177.166266808784,119.500383769188
"rRNA_CM148777.1_52800",207.598979617595,2599.60022972383,1528.66593537406,603.881201727281,1856.52631674116,1167.36259026299,575.474036773262,397.759308995409,1716.22154492255,1235.78903787245,724.931871095012,953.21603816949,1343.10120853382,762.494011368379,1047.49555250693,295.606212481676
