"","baseMean","log2FoldChange","lfcSE","stat","pvalue","padj"
"PTI98_002556",21.9688750885991,-4.42264073382477,1.17495551730897,-3.76409206022885,0.000167155299838107,0.37526364813655
"PTI98_011030",35.0212820212444,4.07352658252756,1.04393314240156,3.90209527514038,9.53636049715407e-05,0.37526364813655
"PTI98_005620",18.7074227299354,-3.23032510214083,0.888449244000279,-3.63591406482171,0.000276996669132132,0.414571681467758
"PTI98_007889",20.9871614670008,3.13367422124694,0.924849331657637,3.38830781834524,0.000703252921779601,0.465261952096085
"PTI98_009800",7.48314536996616,3.71235168479675,1.09838980224891,3.37981259221074,0.000725352709281201,0.465261952096085
"PTI98_011071",15.8842247840331,3.16217203613775,0.911726799405574,3.46833288019987,0.00052369814275009,0.465261952096085
"PTI98_012052",418.617778413183,-3.13674426697685,0.898162574705035,-3.49240143746468,0.000478698224576485,0.465261952096085
"PTI98_009953",10.8153410912141,3.57617886652648,1.10455950802976,3.23765160729587,0.00120517885783689,0.676406633960955
"PTI98_008643",48.9398255450848,-5.22103552596642,1.65345497031197,-3.15765207986361,0.00159045253239608,0.793459096717599
"PTI98_000488",11.4684135065747,-2.6887862644373,0.864651995394157,-3.10967450345338,0.00187293614081745,0.840948327227037
"PTI98_007897",79.7785314883593,4.35498764504723,1.4928459360018,2.91723850400192,0.00353145624092825,0.939808506941769
"PTI98_007898",46.4715974338101,4.9840574370201,1.65040359086693,3.01990220125616,0.00252856318914243,0.939808506941769
"PTI98_008367",3.1994723351439,-3.66648938700563,1.25785417875778,-2.91487634172871,0.00355829501514701,0.939808506941769
"PTI98_008652",6.71043781852786,3.01089910112893,1.02508594015761,2.93721626956077,0.00331173061115766,0.939808506941769
"PTI98_010693",12.6135440293187,-2.04037121934334,0.688961883973102,-2.9615153854041,0.0030612919837252,0.939808506941769
"PTI98_010726",8.54809500200529,-3.35133622266504,1.09951785525654,-3.04800527489669,0.00230365883626297,0.939808506941769
"PTI98_011332",85.6830485728301,-4.65462479369146,1.57935571500431,-2.94716684118167,0.00320700120515862,0.939808506941769
"PTI98_000185",12.1804631978121,4.93541486939916,1.72078438936131,2.86811927160206,0.00412919838364605,0.975794775924776
"PTI98_000392",6.74148514844056,-3.99225433039291,1.38845161263269,-2.875328383121,0.00403607489350098,0.975794775924776
"PTI98_003071",9.27050566128879,-3.17847867236689,1.11710780608794,-2.84527478462243,0.00443731258168982,0.996176674589364
"PTI98_002195",5.69883623520829,1.14033908857294,0.985567034768223,1.15703858626026,0.247256595887531,0.999542903650367
"PTI98_002220",3.81911521595964,-0.60623196002998,0.940045450534841,-0.644896435257533,0.518994301979902,0.999542903650367
"PTI98_002221",10.4325901924447,0.371506596367592,0.722139267363288,0.514452839165022,0.606935424823981,0.999542903650367
"PTI98_002223",22.6032715860696,0.0131093586127009,0.584129077616468,0.0224425715394849,0.982094921715411,0.999542903650367
"PTI98_002226",3.16600182400042,-0.0979880793100685,1.01478635449942,-0.0965603044183663,0.923075581615502,0.999542903650367
"PTI98_002227",4.90432832257419,0.164050382206018,0.909951870914708,0.180284680376677,0.856929081906316,0.999542903650367
"PTI98_002234",2.8753394423875,0.308152144899596,1.16118650335353,0.26537696055685,0.790719082882038,0.999542903650367
"PTI98_002236",9.54968685197452,0.705127648619507,0.825247188002008,0.854444170027019,0.392858931111307,0.999542903650367
"PTI98_002238",3.8285593068294,1.17100080233033,1.0399225291996,1.12604619041345,0.260145968510596,0.999542903650367
"PTI98_002242",20.9162266856842,0.206073365827946,0.602445234908181,0.342061574873862,0.732304553904006,0.999542903650367
"PTI98_002245",5.72064619727967,0.438589318399527,0.849916932152232,0.516037864181496,0.605827963971434,0.999542903650367
"PTI98_002251",2.20221000939015,0.256447503401623,1.23162668005396,0.208218535336039,0.835058336642868,0.999542903650367
"PTI98_002252",4.9672016377449,-0.253465560813145,1.10481178201149,-0.229419675767458,0.818542744893054,0.999542903650367
"PTI98_002274",11.6088899035496,-1.8916110923541,0.814413650392063,-2.32266624146522,0.0201970891512735,0.999542903650367
"PTI98_002276",20.6019629531265,-1.14372898871869,0.839239416884782,-1.3628160995633,0.172940475878425,0.999542903650367
"PTI98_002293",3.553675154725,0.170831389803339,1.20174186644448,0.142153148336895,0.886959038086101,0.999542903650367
"PTI98_002311",20.3845752765296,0.568555532298392,0.64802323741541,0.87736905016868,0.380286218127606,0.999542903650367
"PTI98_002315",7.75974311449237,0.139280686230226,0.955197995816702,0.145813419668181,0.884068681772131,0.999542903650367
"PTI98_002334",4.00011325840463,0.278451004631325,1.00331700356752,0.277530435187712,0.78137283937963,0.999542903650367
"PTI98_002336",18.4633501563203,-0.300912734143523,0.693944308617563,-0.433626633155886,0.664559591298065,0.999542903650367
"PTI98_002337",4.60214113841879,-0.451589216344357,0.932658484983788,-0.484195687505278,0.628246997167761,0.999542903650367
"PTI98_002343",2.96977194944269,-1.31006631055631,1.12473757323771,-1.16477509218894,0.244110043651748,0.999542903650367
"PTI98_002346",3.13153245061571,-0.359247952105694,1.116607152727,-0.321731731010618,0.747655937044777,0.999542903650367
"PTI98_002347",3.90349451987824,0.141951400768276,0.972987621318491,0.145892298789905,0.884006411216316,0.999542903650367
"PTI98_002356",4.94722540918271,1.0645540470738,0.989244307679908,1.07612855470507,0.281869766688578,0.999542903650367
"PTI98_002357",4.86852086844627,0.0601616468896158,0.90874341483728,0.0662031173016955,0.947216114973765,0.999542903650367
"PTI98_002358",5.6111304430378,-0.265758316883696,0.835489079274682,-0.318087122233135,0.750418851703629,0.999542903650367
"PTI98_002365",3.96107175750615,1.26112677548527,2.25266555816016,0.559837553744675,0.575590245960114,0.999542903650367
"PTI98_002372",2.88425465054857,0.831775811517972,1.03333356865012,0.804944150420423,0.420851909236912,0.999542903650367
"PTI98_002379",4.9024896389358,-0.32877315352986,0.954949001299275,-0.344283467580511,0.730633116161953,0.999542903650367
"PTI98_002380",9.88359916956007,-0.709856454996965,0.739811744951113,-0.959509577728957,0.337302097014439,0.999542903650367
"PTI98_002394",7.03633748163204,0.654834668598272,0.779650043884911,0.839908461154318,0.4009597131918,0.999542903650367
"PTI98_002402",7.6666756590123,-1.49556825007296,0.824107264943392,-1.8147737724114,0.0695586825470293,0.999542903650367
"PTI98_002403",13.4344294857147,-0.149055140332725,0.652570616023883,-0.228412277035884,0.819325746007555,0.999542903650367
"PTI98_002416",6.35176857145697,-0.330188977274259,0.773850627878604,-0.426683090223009,0.669610168635478,0.999542903650367
"PTI98_002423",209.929403589451,-0.514202295310082,0.523370189102825,-0.982482965244048,0.325861971106789,0.999542903650367
"PTI98_002430",41.2422460453883,-3.87705897588599,2.24054278663522,-1.73041059470614,0.0835569422730115,0.999542903650367
"PTI98_002434",14.9842760470198,-0.185184156695912,0.594339176910655,-0.311579925890953,0.75535979210649,0.999542903650367
"PTI98_002435",51.005183532025,-0.566135072966993,0.739991532134284,-0.765056150486136,0.444238109398867,0.999542903650367
"PTI98_002438",8.16036766546182,-3.61155507448615,2.00665262980458,-1.79979086606428,0.0718936667565316,0.999542903650367
"PTI98_002442",9.0731595131955,-0.0360133023257108,0.806140631783899,-0.0446737218120583,0.964367379735948,0.999542903650367
"PTI98_002453",5.64871031154534,1.28067708158546,1.02789522244648,1.24592181539412,0.2127931002064,0.999542903650367
"PTI98_002458",110.962023813477,0.0594904214088784,0.491833908765914,0.120956323564898,0.903725629860821,0.999542903650367
"PTI98_002459",9.31082363612428,1.15355223297266,0.764515864232601,1.50886631257882,0.131332950232773,0.999542903650367
"PTI98_002463",29.5861879737909,-0.0770098822241495,0.646944069991256,-0.119036383199541,0.9052465310692,0.999542903650367
"PTI98_002464",5.8948821373322,1.08383501413769,0.799585600574337,1.35549591358221,0.175259609666933,0.999542903650367
"PTI98_002469",22.9338341739761,-4.20027147732609,3.99723753395576,-1.05079356471703,0.293353412041482,0.999542903650367
"PTI98_002479",9.04756732804056,-2.90183237412432,2.52648982452695,-1.14856285822075,0.250736279707468,0.999542903650367
"PTI98_002483",40.2262969769268,0.153381029140769,0.491160391456927,0.312282976821066,0.754825476146373,0.999542903650367
"PTI98_002487",2.42132208188954,0.212327813523925,1.18699533272794,0.178878389551841,0.858033191730466,0.999542903650367
"PTI98_002500",5.74648370222823,-0.368599637924913,0.898234771665587,-0.410360018952976,0.68154187034059,0.999542903650367
"PTI98_002501",2.88647547815016,0.719738275824185,1.0498063477354,0.685591468728281,0.492970762820089,0.999542903650367
"PTI98_002502",10.728298784224,-1.42422829341294,0.766693421651288,-1.8576242513539,0.0632223921725557,0.999542903650367
"PTI98_002508",26.3326679745344,0.445052329437125,0.618972087100706,0.719018415712041,0.472129572996617,0.999542903650367
"PTI98_002509",3.11793872591495,-0.698659543948903,0.964520621671488,-0.724359363865279,0.468845140618333,0.999542903650367
"PTI98_002511",5.12849690822845,-1.52413930493947,0.994821878649778,-1.53207256258589,0.125504529567364,0.999542903650367
"PTI98_002513",20.618625569182,-0.980509261019721,0.625895586929852,-1.56657001821873,0.117215230429022,0.999542903650367
"PTI98_002514",4.66889005301265,1.328626204518,0.915964087240104,1.45052215804801,0.146912964749815,0.999542903650367
"PTI98_002515",14.3509543027071,0.797593265509934,0.689290922174528,1.15712138351357,0.247222771350393,0.999542903650367
"PTI98_002519",22.8087095222508,0.266147775993126,0.588556051860262,0.452204637352563,0.651121567727377,0.999542903650367
"PTI98_002520",8.10408131801929,0.31512800852891,0.79893632740901,0.394434447048973,0.693260315824581,0.999542903650367
"PTI98_002521",3.96163272235177,0.587808651607847,1.03250094098476,0.56930568125896,0.569148711985686,0.999542903650367
"PTI98_002525",8.03007220854916,-0.0106828782327316,0.782852344759759,-0.0136460959774094,0.989112328615092,0.999542903650367
"PTI98_002526",11.6162593071972,0.0368371122550638,0.717641519739055,0.0513307985140803,0.959061926780542,0.999542903650367
"PTI98_002528",3.11600914990347,-0.311990749180785,0.989445045427685,-0.315318926121792,0.752519516453193,0.999542903650367
"PTI98_002531",3.12959066758219,0.427495630759301,1.07184767881123,0.398839909074981,0.690011168562536,0.999542903650367
"PTI98_002532",2.4793297405664,0.188904492604769,1.10760758214137,0.170551823272602,0.864576182219883,0.999542903650367
"PTI98_002535",2.97884691556952,0.0838740956083326,1.04816555086265,0.0800198933644628,0.936221434087415,0.999542903650367
"PTI98_002536",21.9865176219848,-0.343417937341218,0.64237330939234,-0.534608042270744,0.592920921289394,0.999542903650367
"PTI98_002545",3.38238564117694,-0.0789703849370306,1.22464039109804,-0.0644845503309133,0.948584408556648,0.999542903650367
"PTI98_002547",2.53321095079334,0.139921784699706,1.20369200804153,0.116243842914074,0.907459290630784,0.999542903650367
"PTI98_002550",4.84470818085791,0.468304812588468,0.817360033806142,0.572948019500961,0.566679889810235,0.999542903650367
"PTI98_002552",4.35100278969261,0.0493178556097345,0.964953769905951,0.0511090345960732,0.959238636836769,0.999542903650367
"PTI98_002555",4.95430419623802,-0.452798636566032,0.874188072896993,-0.517964784243157,0.604482839900777,0.999542903650367
"PTI98_002559",3.34571088330978,-0.0020853993333099,0.997797866874167,-0.00209000179549681,0.99833242104935,0.999542903650367
"PTI98_002562",28.6056142577784,0.424600160659761,0.530563496258219,0.800281518902524,0.423547708238676,0.999542903650367
"PTI98_002572",4.63017255070661,-0.616591878297217,0.91732926123171,-0.672159827834675,0.501481952290483,0.999542903650367
"PTI98_002575",4.18413305825021,1.49593717820664,0.939022141995226,1.59307977022574,0.111142296948174,0.999542903650367
"PTI98_002579",2.87008529950383,0.695721655202618,1.03095604608705,0.674831538980928,0.499782800103806,0.999542903650367
"PTI98_002580",3.35816393190255,-0.779856265941426,1.04082824204913,-0.749265089508029,0.453697444834885,0.999542903650367
"PTI98_002594",37.0639559963996,-0.595994871959101,0.616527922661391,-0.966695667872342,0.333696193406522,0.999542903650367
"PTI98_002601",2.22031696679993,-0.26406409386777,1.28389635540913,-0.205673996000731,0.837045572460122,0.999542903650367
"PTI98_002603",6.77317445621483,-0.62257408024139,0.839753017324127,-0.741377604364224,0.458464519716325,0.999542903650367
"PTI98_002604",6.34338917099841,0.028070999491342,0.792447680508063,0.0354231581236313,0.971742318785509,0.999542903650367
"PTI98_002623",77.4497186994726,0.544253824925064,0.485999357344361,1.11986531813339,0.26277115951501,0.999542903650367
"PTI98_002627",8.32916022387576,2.28114435568923,0.867114936912524,2.63072893636401,0.00852019623043328,0.999542903650367
"PTI98_002628",5.03357216682999,1.03351659390284,0.834478035919379,1.23851863010891,0.215523818534005,0.999542903650367
"PTI98_002629",15.7365925843649,-1.28652991852363,0.727282077453957,-1.76895589538996,0.076901235112554,0.999542903650367
"PTI98_002632",10.6884773565761,0.0502234385805696,0.684807407191812,0.0733395083831244,0.941535953189777,0.999542903650367
"PTI98_002640",7.46171944770601,-0.303496540267637,0.760677265127499,-0.398982004827984,0.68990646377761,0.999542903650367
"PTI98_002641",8.60437028719617,-0.798230568106756,0.789792739672369,-1.01068359838036,0.312167889620427,0.999542903650367
"PTI98_002643",4.32061039724109,-0.20129780896885,0.948798745614153,-0.212160703098897,0.831981663219213,0.999542903650367
"PTI98_002647",20.7165588364028,-0.471927479082398,0.574799643349673,-0.821029526622907,0.411629449902508,0.999542903650367
"PTI98_002652",13.3836630794209,0.211093760504076,0.659951770394537,0.319862405063144,0.749072638211992,0.999542903650367
"PTI98_002654",9.32374554539303,0.163618481147532,0.785811766795592,0.2082158705955,0.835060417205056,0.999542903650367
"PTI98_002655",19.3919457132245,0.173586172396248,0.60202224726741,0.288338467862539,0.77308766381187,0.999542903650367
"PTI98_002663",3.88484476935276,0.180950331209557,0.91273904357812,0.198249798211979,0.842849627264008,0.999542903650367
"PTI98_002669",10.8940918968614,-1.11302085663462,0.680699622808934,-1.63511307974829,0.102025344731784,0.999542903650367
"PTI98_002671",6.75702499868628,0.454009749337354,0.815699470750739,0.556589486222789,0.577807938787755,0.999542903650367
"PTI98_002673",4.70904683575764,1.69614289608397,1.07807438720279,1.57330784982735,0.115647552586761,0.999542903650367
"PTI98_002675",1.20014572976427,0.245315043353133,1.63888686501052,0.149683940112339,0.881013979352389,0.999542903650367
"PTI98_002676",2.150846273955,-0.333394698143119,1.17065200616034,-0.284794026225292,0.775801949173984,0.999542903650367
"PTI98_002678",38.4706059176775,-0.334879570368086,0.533509861496266,-0.627691434660444,0.53020609749669,0.999542903650367
"PTI98_002679",7.0985242796279,-0.717144015807043,0.748002452715524,-0.958745540477236,0.337686950365299,0.999542903650367
"PTI98_002681",14.5347275205848,-0.464770366211991,0.621787540243464,-0.747474557032789,0.454777155324699,0.999542903650367
"PTI98_002684",2.85829674608116,-0.0626468843233209,1.0387187466522,-0.0603116912304054,0.951907390642475,0.999542903650367
"PTI98_002693",18.0994430490631,-0.593616601836573,0.573837310714262,-1.03446846475997,0.300917211939183,0.999542903650367
"PTI98_002695",6.83687284789476,-0.607938122072893,0.713921949959625,-0.851547038310384,0.394465545315779,0.999542903650367
"PTI98_002696",15.362225199727,-0.167539778704917,0.62452710424411,-0.268266625365599,0.788494094037604,0.999542903650367
"PTI98_002697",2.68306322285557,1.04824015855713,1.15864601255872,0.904711315790259,0.365618344699773,0.999542903650367
"PTI98_002703",53.253888185625,0.245967969796348,0.553986744750758,0.443996128295471,0.657045383119345,0.999542903650367
"PTI98_002707",2.7387594161908,0.761894514467401,1.17999789066788,0.645674471533308,0.518490196705266,0.999542903650367
"PTI98_002708",11.2448516774405,0.486354389960869,0.7277754240542,0.668275368865229,0.503957833060048,0.999542903650367
"PTI98_002709",7.5269593238879,-0.189909576638755,0.787682809982165,-0.241099049302669,0.809478349594288,0.999542903650367
"PTI98_002710",9.82755133422456,-0.19104197671324,0.754557566250848,-0.253184097884627,0.80012595432361,0.999542903650367
"PTI98_002712",19.1067271056102,-0.00670861581708118,0.703594536495918,-0.00953477531319645,0.992392465256342,0.999542903650367
"PTI98_002713",8.61271030010243,-0.0794232997066034,0.703216829255042,-0.112942831289662,0.910075879097065,0.999542903650367
"PTI98_002715",3.2696945912237,0.966107866496039,1.06931249902309,0.903485059212026,0.366268514295247,0.999542903650367
"PTI98_002716",3.90440498087103,0.473672237105914,0.948238298498327,0.499528692161077,0.617406978841717,0.999542903650367
"PTI98_002720",2.79429074428898,-0.424965440481951,1.2868336101834,-0.330241172688507,0.741217738962094,0.999542903650367
"PTI98_002721",4.00197379072393,1.02058724833198,1.02815970056174,0.992634945499601,0.320887888357952,0.999542903650367
"PTI98_002724",10.4920835440622,0.554115080138307,0.73190615534165,0.757084875013313,0.448999014916179,0.999542903650367
"PTI98_002726",2.74556197933348,1.28007353353706,1.18474117118698,1.08046682656817,0.279934351442849,0.999542903650367
"PTI98_002730",9.85844801935839,1.14133601970954,0.857057749347873,1.33169091648488,0.182961775356696,0.999542903650367
"PTI98_002731",5.28658074565569,0.553533809528461,0.808267392893557,0.684839960630897,0.4934449159513,0.999542903650367
"PTI98_002733",4.86279637289204,0.259166526000247,0.805901162007846,0.321585993690035,0.747766356049345,0.999542903650367
"PTI98_002737",4.18631960870926,-0.0722671011975569,0.936707260694452,-0.0771501452267807,0.938504101718613,0.999542903650367
"PTI98_002738",4.26313994405797,0.723257621576502,1.13196356882569,0.638940723442909,0.522861494416122,0.999542903650367
"PTI98_002739",5.51899411718097,-0.0489987517578551,0.796574088755347,-0.0615118574022613,0.95095157144788,0.999542903650367
"PTI98_002744",19.1620636906422,-0.199257840591544,0.627626137880029,-0.317478557003041,0.750880507586727,0.999542903650367
"PTI98_002745",61.5493601180427,-0.64601925552839,0.646183512310457,-0.999745804745962,0.317433539117485,0.999542903650367
"PTI98_002746",4.35109091274466,-0.305938831404996,0.897145828297782,-0.341013491625408,0.733093425023527,0.999542903650367
"PTI98_002747",3.9286492859924,-0.43264879548631,0.961988636817334,-0.449744185043282,0.652894907569839,0.999542903650367
"PTI98_002750",8.80579524936688,0.0953219899501616,0.748370315824902,0.127372756420852,0.898645377817259,0.999542903650367
"PTI98_002753",3.09779897566292,-2.99417141323662,1.32131440092825,-2.2660552334351,0.0234480016888942,0.999542903650367
"PTI98_002755",2.7465622776039,0.477765488712852,2.97980830281852,0.160334303472121,0.872617738143173,0.999542903650367
"PTI98_002756",25.1652916242737,-1.39358606970591,0.687410391324579,-2.02729852107792,0.0426318926773468,0.999542903650367
"PTI98_002757",3.5204576235293,-1.48584798334776,0.982211942286924,-1.51275699202781,0.130341397016673,0.999542903650367
"PTI98_002758",2.44443032737191,0.339213536467508,1.11368122825956,0.304587639496829,0.760680235224475,0.999542903650367
"PTI98_002759",3.85575252567476,0.180477653050734,0.91835656804026,0.196522417687791,0.844201287989206,0.999542903650367
"PTI98_002761",3.87560371707621,-0.644931949714717,1.11300156279253,-0.579452869856335,0.562283638949584,0.999542903650367
"PTI98_002762",16.1001247149662,-0.871865313832567,0.643700808499708,-1.35445738504609,0.175590500312871,0.999542903650367
"PTI98_002763",10.7574322199379,-0.708626349727818,0.631044623238932,-1.12294174394623,0.261462237012005,0.999542903650367
"PTI98_002766",4.24345093024291,-0.64815907056796,0.957479338814239,-0.676943140486616,0.498442031056204,0.999542903650367
"PTI98_002767",20.415379898701,-0.567838366134702,0.626926438775977,-0.905749591998959,0.365068407176757,0.999542903650367
"PTI98_002768",8.85911685683065,-0.0994215934262732,0.846728794846538,-0.117418462713663,0.906528454143185,0.999542903650367
"PTI98_002776",7.87331752737551,0.0676652125473724,0.796995338734667,0.0849003868138046,0.932340584266325,0.999542903650367
"PTI98_002804",100.232763979585,-0.218164467809948,0.472614562883489,-0.461611818474013,0.644359717788723,0.999542903650367
"PTI98_002806",2.9520198203183,0.422289498539531,0.991320535459958,0.425986836178668,0.670117438165826,0.999542903650367
"PTI98_002807",15.9313158183421,0.217360226378717,0.672790211450918,0.323072813306788,0.746640098992251,0.999542903650367
"PTI98_002809",17.8405572926292,0.151491784755056,0.670762079201305,0.225850252201855,0.821317891069812,0.999542903650367
"PTI98_002810",10.032512487938,0.627088507087845,0.746990894149758,0.839486146349362,0.401196560078206,0.999542903650367
"PTI98_002811",8.24327240647515,0.123807914710181,0.747281385277089,0.165677771652607,0.868410539927039,0.999542903650367
"PTI98_002826",5.69531588114113,-0.806593538297174,0.896944445936655,-0.899268111811395,0.368509868268205,0.999542903650367
"PTI98_002832",9.85282159670632,-1.05050748558864,0.785044164391908,-1.33815081142901,0.180847279949845,0.999542903650367
"PTI98_002835",5.92924109419163,-0.809524364007414,0.859907571471859,-0.941408577926338,0.346495519427589,0.999542903650367
"PTI98_002836",2.30499894342921,1.05312082442973,1.23285583273217,0.854212468700319,0.392987275779523,0.999542903650367
"PTI98_002837",5.28752574500459,-0.245143532769001,0.876679148496813,-0.279627424912904,0.779763364087515,0.999542903650367
"PTI98_002838",3.14033911884794,-0.111102988173298,1.01874130932939,-0.109059078252588,0.913155632052082,0.999542903650367
"PTI98_002840",6.51568057908599,-0.0593662192412367,0.783699764179655,-0.0757512276444014,0.939617019273308,0.999542903650367
"PTI98_002842",5.69587893319108,0.747319515577096,0.789623111351574,0.946425585616322,0.343931560595827,0.999542903650367
"PTI98_002845",7.50675708964884,-0.0624959123246365,0.743071279071591,-0.0841048686509863,0.932973053738182,0.999542903650367
"PTI98_002846",7.58004410285161,0.270227275608904,0.746638835612907,0.361925020129816,0.717408062269788,0.999542903650367
"PTI98_002848",4.85101685288494,0.339542308344926,0.894054449321552,0.379778109266819,0.704110133307446,0.999542903650367
"PTI98_002849",3.2054540800459,1.10909769561476,1.03898865210991,1.06747816096208,0.285755970244976,0.999542903650367
"PTI98_002850",6.68808842131443,-1.19001314593187,1.00222522124911,-1.18737098279039,0.235081320460472,0.999542903650367
"PTI98_002852",71.2659061628776,0.212166319826563,0.500759052700116,0.423689434434689,0.671792321571602,0.999542903650367
"PTI98_002854",13.7661672677,-1.35535577592114,0.949796703432737,-1.42699566235873,0.153581144921529,0.999542903650367
"PTI98_002857",31.7000120220712,0.189938931033539,0.507018672303847,0.374619203214891,0.707943689317698,0.999542903650367
"PTI98_002862",6.1207202113797,-0.728006727422552,0.865799807420559,-0.840848798051217,0.400432645636898,0.999542903650367
"PTI98_002866",5.61448068567511,0.196188395731218,0.785359305806989,0.249807182878703,0.802736464693574,0.999542903650367
"PTI98_002867",18.0315956863977,-0.02091362528062,0.680667443004405,-0.0307251734978085,0.975488715089171,0.999542903650367
"PTI98_002869",30.6074281949159,1.20961975240387,0.646731702739993,1.87035790464438,0.0614341334789175,0.999542903650367
"PTI98_002870",5.06528372740551,0.334208285273921,0.87634866821469,0.38136451551273,0.702932787568396,0.999542903650367
"PTI98_002871",3.69810785678997,0.684009723518973,1.02052949538799,0.670249832670365,0.50269854161989,0.999542903650367
"PTI98_002872",2.47830661050419,0.363507175676704,1.05168492599444,0.3456426603557,0.729611281399983,0.999542903650367
"PTI98_002880",5.28269727154913,-0.270584723775661,0.825243466822946,-0.327884720878031,0.742998826665704,0.999542903650367
"PTI98_002886",27.5378671073684,0.319034092801989,0.631945888264981,0.50484400440978,0.613668405940139,0.999542903650367
"PTI98_002887",11.2223203226723,-0.402390443401145,0.710331412652405,-0.566482681511441,0.571065702626021,0.999542903650367
"PTI98_002888",3.78227780950134,1.19279025449155,0.999746743331382,1.19309241310145,0.232833182508327,0.999542903650367
"PTI98_002893",44.4662647318239,-0.0711967605251234,0.50872035134669,-0.139952648516323,0.888697403084297,0.999542903650367
"PTI98_002894",2.90415635775552,0.207388574455396,1.07668648658926,0.192617421169987,0.847258600301907,0.999542903650367
"PTI98_002897",5.70538996459464,0.811885266986569,0.818941575708284,0.991383623776077,0.321498293611338,0.999542903650367
"PTI98_002899",12.2200991981154,0.749844849337679,0.67960612235803,1.10335211038997,0.269874284941747,0.999542903650367
"PTI98_002900",10.0819452101052,0.372500191348648,0.706219963456175,0.527456331771856,0.597876733561228,0.999542903650367
"PTI98_002901",4.94272255843615,-1.01753651341536,1.0074510361311,-1.01001088581237,0.312490074654575,0.999542903650367
"PTI98_002905",11.1283300627401,0.114529537770767,0.646352193806288,0.177193701620037,0.859356242764753,0.999542903650367
"PTI98_002906",13.5476911318104,0.321194480208043,0.783426789519824,0.409986592882417,0.681815782541427,0.999542903650367
"PTI98_002907",37.5276474860334,0.127638217492012,0.501824637319721,0.254348248371654,0.799226528250348,0.999542903650367
"PTI98_002908",2.29966480143369,-0.356584337862084,1.15844923985022,-0.307811793210885,0.758225547328415,0.999542903650367
"PTI98_002910",3.61223663434515,-0.422892164027056,1.02940363594162,-0.410812774757908,0.681209825187223,0.999542903650367
"PTI98_002920",6.59563409314818,0.928403884251966,0.780892679333338,1.18890073991289,0.23447872895309,0.999542903650367
"PTI98_002925",2.74730701723475,1.32581777178528,1.18791527844993,1.11608781858189,0.264384545857855,0.999542903650367
"PTI98_002927",7.24927973782897,-0.607337460766045,0.746297518101985,-0.81380072428842,0.415759120112251,0.999542903650367
"PTI98_002930",11.3790660106409,-0.0517448727503343,0.712467846101702,-0.0726276603687571,0.942102415048475,0.999542903650367
"PTI98_002932",6.45139200475688,0.295124013416188,0.792653022351685,0.372324340025348,0.709651378507744,0.999542903650367
"PTI98_002933",2.71924539809962,-0.315455638973139,1.11294416070553,-0.283442467385931,0.776837678260799,0.999542903650367
"PTI98_002935",7.47767638970066,-1.20907707525876,0.848146592489074,-1.4255520047666,0.153997698619414,0.999542903650367
"PTI98_002936",3.96376531052158,-0.405471910347573,0.917065692040692,-0.442140529153697,0.658387517799736,0.999542903650367
"PTI98_002937",4.19381191294534,-0.637284579334432,0.88979252186487,-0.716217054734042,0.473857333813193,0.999542903650367
"PTI98_002938",10.174398024984,-0.442963433294942,0.652799749419608,-0.678559441373519,0.497417048783535,0.999542903650367
"PTI98_002939",6.31357370844081,1.61363816873446,0.932431868385767,1.73056951767211,0.0835285723275545,0.999542903650367
"PTI98_002940",9.18883031896009,-0.0321221037370971,0.727702808602475,-0.0441417888695337,0.964791382529905,0.999542903650367
"PTI98_002945",3.75907764557571,0.205489361436658,1.01851961346367,0.201752974336796,0.840109846509921,0.999542903650367
"PTI98_002954",2.10564070808933,-0.839364926812151,1.20978151040796,-0.693815304326399,0.487798043622773,0.999542903650367
"PTI98_002955",10.5767110833004,0.353360885384228,0.759905390061511,0.465006420543517,0.641926858704584,0.999542903650367
"PTI98_002958",11.9575084600986,-1.26397918526104,0.757766448369528,-1.66803266096134,0.0953092433513053,0.999542903650367
"PTI98_002960",12.4049502092256,0.00276094257964789,0.683441435074795,0.00403976469373084,0.996776742888696,0.999542903650367
"PTI98_002961",3.47580016005561,0.005277060692816,0.969154318566071,0.00544501591926431,0.995655527332335,0.999542903650367
"PTI98_002962",4.48058860949894,-0.3117766896827,0.976434218125637,-0.319301273854563,0.749498066807626,0.999542903650367
"PTI98_002968",2.921250680586,-0.519801480408859,1.09451198103834,-0.474916208697628,0.63484669795793,0.999542903650367
"PTI98_002974",8.99506581215961,-0.073276157901944,0.65727020346875,-0.111485592249927,0.911231290093844,0.999542903650367
"PTI98_002980",39.4746108819936,-0.206241208935764,0.566397093796979,-0.364128296551059,0.715762207560697,0.999542903650367
"PTI98_002981",2.43982366623356,-0.230016066553321,1.15522102612588,-0.199110006960916,0.842176693532829,0.999542903650367
"PTI98_002982",20.3407943881201,-0.27235837301162,0.560192871273862,-0.4861867884757,0.626834737547004,0.999542903650367
"PTI98_002984",13.8442927207782,-0.290066844508328,0.590610705025017,-0.49113035378531,0.623334254171904,0.999542903650367
"PTI98_002987",8.99754330276459,1.05454374069786,0.793130894828878,1.3295960951381,0.183651385391727,0.999542903650367
"PTI98_002990",4.74028308716286,-0.5784612370016,0.856965064490354,-0.675011457258898,0.499668485781344,0.999542903650367
"PTI98_002997",7.15727036952061,-0.501162407155051,0.72973579872195,-0.686772401782646,0.492226163743338,0.999542903650367
"PTI98_003000",14.0348973320998,0.229326889925076,0.64349720042922,0.356375893744546,0.721559079881267,0.999542903650367
"PTI98_003008",6.3580823619563,0.276772205975439,0.819858461228732,0.337585350477004,0.735675683360653,0.999542903650367
"PTI98_003009",48.9620195530985,-0.696928128863385,0.586531539270288,-1.18821935770145,0.234746999120348,0.999542903650367
"PTI98_003010",5.22315835089763,-0.456720386116196,0.825588586058084,-0.55320579018284,0.580122502567592,0.999542903650367
"PTI98_003011",4.65462466404915,0.410661102729658,0.939974022794297,0.436885587017468,0.662194325058446,0.999542903650367
"PTI98_003012",1.73022516497534,0.56431106224081,1.38682669165654,0.406908134690393,0.684075461113704,0.999542903650367
"PTI98_003030",11.0713008478361,0.52365417777203,0.799913316675684,0.654638655033593,0.512700430205383,0.999542903650367
"PTI98_003031",17.0187109481113,-1.12754256035401,0.886184902558852,-1.27235586737964,0.203246707013787,0.999542903650367
"PTI98_003032",4.39079816859295,-1.74592141553272,0.995077571947423,-1.75455810155167,0.0793349234636437,0.999542903650367
"PTI98_003033",42.8094560640044,-0.778216888078224,0.588188558572381,-1.32307382851354,0.185810827132218,0.999542903650367
"PTI98_003034",11.8374607143798,0.362607601406727,0.607070383464354,0.597307349005304,0.550302198827748,0.999542903650367
"PTI98_003037",104.712859932638,-0.221461180002302,0.483722187515094,-0.457827210986454,0.647076584684905,0.999542903650367
"PTI98_003039",3.95998693777026,-0.525432802702816,1.04383773165072,-0.50336636315292,0.614706716190351,0.999542903650367
"PTI98_003049",2.29943846973473,1.3667141613797,1.22013982655279,1.12012912916794,0.262658739181269,0.999542903650367
"PTI98_003051",27.3538424531405,-0.194337459717547,0.544066426527419,-0.357194361280356,0.720946306890471,0.999542903650367
"PTI98_003052",2.43302586325092,-0.362825718876679,1.06366678671915,-0.341108440544434,0.733021947259532,0.999542903650367
"PTI98_003053",5.20379036232346,0.0237232678414769,0.813763129832479,0.0291525469412217,0.976742927186098,0.999542903650367
"PTI98_003055",2.49182143046549,0.150668401194432,1.32509356247314,0.113703971901596,0.909472463822706,0.999542903650367
"PTI98_003060",8.84156420788194,0.0311326051728081,0.747280409682759,0.0416612087904523,0.966768777996405,0.999542903650367
"PTI98_003061",3.81065611880602,-0.38677917822494,1.03272494212151,-0.374522936795141,0.708015295144975,0.999542903650367
"PTI98_003062",5.47941722823129,0.353981194273301,0.907432261838672,0.390091039474452,0.696469228495115,0.999542903650367
"PTI98_003064",11.0121700431872,-0.381177237886249,0.681405303396788,-0.559398695587033,0.575889651410643,0.999542903650367
"PTI98_003066",5.36004305195974,0.431755680861472,0.860586251829878,0.501699486766635,0.615878925583284,0.999542903650367
"PTI98_003067",7.70828964301607,0.421046168295012,0.819719541879943,0.51364661543799,0.607499082070211,0.999542903650367
"PTI98_003069",9.61922204045519,-0.695701262769158,0.707013958953067,-0.983999331214534,0.325115841732769,0.999542903650367
"PTI98_003072",6.69107935538435,0.122194036292254,0.791156056653975,0.154449978944796,0.87725494888723,0.999542903650367
"PTI98_003077",2.60812141731601,-0.0744762048672516,1.08642950834328,-0.0685513457571879,0.945346748165877,0.999542903650367
"PTI98_003078",4.39031459498854,-1.30089484965224,0.976106955615678,-1.33273801827557,0.182617792295094,0.999542903650367
"PTI98_003081",4.71461784381979,0.780776814889522,0.886111123331559,0.881127427848997,0.378248853390587,0.999542903650367
"PTI98_003083",4.7738409540493,0.279245912354066,0.918342232705605,0.304076086679969,0.761069924828392,0.999542903650367
"PTI98_003084",6.93018811610779,0.0997639840769887,0.794648277053622,0.125544831540932,0.900092235334532,0.999542903650367
"PTI98_003086",2.90421331210257,0.433973721211973,1.03481871424275,0.419371736555368,0.674944476594769,0.999542903650367
"PTI98_003088",3.43373534691163,-0.0719759914768964,0.932661678943404,-0.0771726694704952,0.93848618339359,0.999542903650367
"PTI98_003091",28.2480668153663,0.0659825424221664,0.564156711362293,0.116957825889965,0.906893474104085,0.999542903650367
"PTI98_003092",17.9736327585317,-0.446012058993559,0.570505703774884,-0.781783698291562,0.434341702988158,0.999542903650367
"PTI98_003093",31.0703362343635,-0.715918270126352,0.568681413002946,-1.2589092130617,0.208063125712941,0.999542903650367
"PTI98_003095",68.1465877644904,0.170504359558452,0.533497460941814,0.319597321526987,0.749273605080078,0.999542903650367
"PTI98_003099",3.09172977222871,-0.150476625498602,1.04917650508167,-0.143423556255568,0.88595568009122,0.999542903650367
"PTI98_003101",3.5980951296053,-0.106163129250514,0.869995554742007,-0.122027208842459,0.902877469753955,0.999542903650367
"PTI98_003104",11.53805290471,-0.702468855510145,0.725779214058019,-0.96788230071024,0.333103154692796,0.999542903650367
"PTI98_003111",66.3510609613795,0.031497900840833,0.538282069386657,0.0585156047956847,0.953337932963129,0.999542903650367
"PTI98_003114",3.77056513488478,-0.651768226792904,1.07454966022644,-0.606550121336929,0.544149510252873,0.999542903650367
"PTI98_003115",3.73960953453109,-0.313167759738742,0.938863688292757,-0.333560413128993,0.738711294638995,0.999542903650367
"PTI98_003119",4.46820534726546,0.294850107642112,1.03144004681601,0.285862574904179,0.77498337900984,0.999542903650367
"PTI98_003122",32.2366202263194,-0.172181635979428,0.565407109944068,-0.30452683199626,0.760726553853655,0.999542903650367
"PTI98_003123",7.09394371040734,-0.044204982426503,0.807378857346855,-0.0547512261737518,0.956336657949877,0.999542903650367
"PTI98_003125",9.35482854258307,0.355048131137806,0.720530902318605,0.492759061402215,0.622182840355119,0.999542903650367
"PTI98_003131",3.86972674513651,0.913117153436457,1.03068223174884,0.885934699666935,0.375652716316738,0.999542903650367
"PTI98_003133",16.1321098671463,-1.647551726022,0.720196290355312,-2.28764261644443,0.0221583419732329,0.999542903650367
"PTI98_003138",4.14009948259408,-1.30250971868855,1.0151097719466,-1.28312203732491,0.199449324212994,0.999542903650367
"PTI98_003141",4.20250681162213,0.174900849472836,0.9119288860384,0.191792202386131,0.847904979172546,0.999542903650367
"PTI98_003144",6.30097276699722,0.63933887100454,0.845302254654775,0.756343506105574,0.449443269954023,0.999542903650367
"PTI98_003147",14.4104218037902,-0.219042988354048,0.63843369909146,-0.343094339577881,0.731527489337844,0.999542903650367
"PTI98_003149",12.9633515068232,-0.044789406177786,0.625940060526975,-0.0715554235977132,0.942955715905785,0.999542903650367
"PTI98_003151",17.1119863154061,-0.246845307494332,0.597583848358652,-0.413072254500062,0.679553676668349,0.999542903650367
"PTI98_003154",7.2303221843459,0.312122179642488,0.768421840486547,0.406185981706167,0.684605953380055,0.999542903650367
"PTI98_003157",13.0263503126153,0.358601210037931,0.667203471063732,0.5374690414398,0.590943664016396,0.999542903650367
"PTI98_003158",4.03386546643293,-3.26297088806768,1.25891931870551,-2.59188244995943,0.00954523802625358,0.999542903650367
"PTI98_003162",17.7835008526944,-0.0721548835003495,0.651753292630875,-0.110708889876242,0.911847196217699,0.999542903650367
"PTI98_003163",8.65347095943546,0.947043369480204,0.816184656683756,1.16032978778129,0.245914561071777,0.999542903650367
"PTI98_003164",7.8307172357941,-0.556590105975118,0.747624710175148,-0.744477942475609,0.45658738072726,0.999542903650367
"PTI98_003166",2.98572378370278,0.852588485656599,1.07288035833777,0.794672471194761,0.426804049808574,0.999542903650367
"PTI98_003167",8.89660153113497,-0.965863215828751,0.768718259968189,-1.25645931172328,0.208949489067805,0.999542903650367
"PTI98_003177",4.87389365320784,-0.022227034115466,0.864142540712256,-0.0257214904582127,0.979479482619693,0.999542903650367
"PTI98_003180",13.581708818637,-0.0135005529994825,0.630100384503663,-0.0214260351707562,0.982905805267567,0.999542903650367
"PTI98_003181",5.75298748727521,-0.159903712874161,0.774342487797655,-0.20650256881674,0.836398358359993,0.999542903650367
"PTI98_003183",3.60637817599771,-0.373560864222888,0.960518959977745,-0.388915658917908,0.697338538171325,0.999542903650367
"PTI98_003184",5.70620538385308,0.247747737618455,0.751340332570522,0.329741033295588,0.741595646070117,0.999542903650367
"PTI98_003186",3.66812005879755,0.432868198485856,0.967562234687952,0.447380212835053,0.654600560148219,0.999542903650367
"PTI98_003188",12.0065028198436,0.693744330028697,0.671530069873724,1.03308006767165,0.301566430368495,0.999542903650367
"PTI98_003189",2.15000676165432,0.937802433830935,1.38091374346509,0.679117315088583,0.497063532167645,0.999542903650367
"PTI98_003194",45.7492219431376,0.310474629808523,0.571070017217385,0.54367173980058,0.586667382805349,0.999542903650367
"PTI98_003196",4.23179962877177,0.211123855479735,0.925578199041132,0.228099425524988,0.819568946688143,0.999542903650367
"PTI98_003200",9.67168872119394,-0.12405965206889,0.697147336625397,-0.177953275514774,0.858759670690169,0.999542903650367
"PTI98_003201",7.78493575615233,-0.144836585791717,0.719760769852268,-0.201228785810937,0.840519684014475,0.999542903650367
"PTI98_003202",11.1858239073745,-1.30217812962139,0.835852300552088,-1.55790458285667,0.119255868683169,0.999542903650367
"PTI98_003205",3.55143684066352,2.26028691037362,1.06345230249097,2.12542387193036,0.0335512601128508,0.999542903650367
"PTI98_003207",51.5192451311066,0.0643491694010201,0.504822382408544,0.127468930941623,0.898569262077228,0.999542903650367
"PTI98_003210",3.94920463731479,-0.690240142863811,1.02171871324075,-0.67556768210153,0.499315166105432,0.999542903650367
"PTI98_003211",31.0724923959431,0.542856628426877,0.603006763480401,0.900249651087903,0.367987408675103,0.999542903650367
"PTI98_003218",40.6035235253343,0.452239011824715,0.5057740283681,0.894152302133588,0.371240408611972,0.999542903650367
"PTI98_003223",6.0133696290104,-0.366206160187392,0.82711731655076,-0.442749961655431,0.657946600232134,0.999542903650367
"PTI98_003224",11.7431074807344,-0.0125486812594308,0.697388578749312,-0.0179938152728791,0.985643787310852,0.999542903650367
"PTI98_003225",8.55596103413538,0.94832035394318,0.736322526749545,1.28791435748881,0.197775777048159,0.999542903650367
"PTI98_003228",6.91260324084024,-0.2898542507679,0.90203689071516,-0.32133303388301,0.747958025283198,0.999542903650367
"PTI98_003230",11.2924305359423,0.228791414246298,0.783200738469687,0.292123593618334,0.770192127969682,0.999542903650367
"PTI98_003232",6.88474660886244,-0.0870084561028526,0.775359256521932,-0.112216956682959,0.910651384600668,0.999542903650367
"PTI98_003233",3.88792484469699,-0.485766306693948,0.939952999305303,-0.516798507002975,0.605296822371633,0.999542903650367
"PTI98_003239",5.32951296892146,-0.0096833202847434,0.815775258977833,-0.0118700833080873,0.990529266196183,0.999542903650367
"PTI98_003240",4.83496535867713,-0.32553898147885,0.923964149320849,-0.352328585170901,0.724591852953137,0.999542903650367
"PTI98_003242",10.2010899855499,-0.540630487090058,0.68781817569245,-0.786007852359799,0.431862886837303,0.999542903650367
"PTI98_003243",273.085286149755,0.029636850083589,0.593194286930398,0.049961455692621,0.960153103842242,0.999542903650367
"PTI98_003246",2.57568476834825,-0.634583594715788,1.13910341216671,-0.557090416846998,0.577465654757164,0.999542903650367
"PTI98_003247",6.51461742994522,0.483719481912516,0.815813451009225,0.592929034590098,0.553228645988103,0.999542903650367
"PTI98_003249",3.04900881997068,-0.765074731974463,1.04895891946723,-0.729365771886517,0.46577794932518,0.999542903650367
"PTI98_003252",7.49905174056469,-2.31367681173456,0.916351808942578,-2.52487831546317,0.0115738356847329,0.999542903650367
"PTI98_003259",6.57423380046434,-0.0931456931213969,0.769170099844376,-0.121098952156672,0.903612659126917,0.999542903650367
"PTI98_003260",4.63611777130095,-0.202896042757223,0.969541322123899,-0.209270134369059,0.834237364910652,0.999542903650367
"PTI98_003263",59.2983107171644,-0.285300201451618,0.528770977473237,-0.539553442995191,0.589505031343071,0.999542903650367
"PTI98_003265",2.86087435188809,0.299927263543662,1.10310353804114,0.27189402735147,0.785703503785317,0.999542903650367
"PTI98_003268",3.22443730374118,1.20099318591002,1.06776835987073,1.12476940790362,0.260686761108008,0.999542903650367
"PTI98_003269",13.0038177483675,0.363623099112088,0.638060774840048,0.569887875027646,0.568753749131206,0.999542903650367
"PTI98_003276",235.884944998166,-0.941784872966843,0.796977712516242,-1.18169537011695,0.237326596077583,0.999542903650367
"PTI98_003277",17.7193703542795,0.0237782949544971,0.560146770874131,0.0424501152035387,0.966139878172632,0.999542903650367
"PTI98_003279",6.0240274479528,-0.42045642569372,0.869561281506915,-0.483527078120459,0.628721538027084,0.999542903650367
"PTI98_003280",9.9892165253372,-0.304960320784296,0.804218688716873,-0.379200738633491,0.704538803109237,0.999542903650367
"PTI98_003281",8.32721980900991,0.965259379799346,0.787510712794977,1.22570952257083,0.22030800544078,0.999542903650367
"PTI98_003282",11.8229865549504,0.0141169742719533,0.672299138183332,0.0209980549879922,0.983247207229426,0.999542903650367
"PTI98_003285",7.55463875116149,0.230685451450386,0.813329772782681,0.28363089508101,0.776693258152053,0.999542903650367
"PTI98_003286",2.14539693680279,0.234627044348479,1.24915355477605,0.187828824928208,0.8510108388818,0.999542903650367
"PTI98_003287",8.32916249134485,-0.182324258782101,0.716993557489788,-0.25428995404146,0.799271560296858,0.999542903650367
"PTI98_003289",3.98679233505024,-0.0868464728345612,0.980164693374192,-0.0886039595403037,0.929396661206733,0.999542903650367
"PTI98_003294",18.6496147011421,-0.443184085279685,0.618759000000073,-0.716246689388975,0.473839038241413,0.999542903650367
"PTI98_003295",5.18801729289626,0.944250989584487,0.859225509481188,1.09895595412971,0.271787278453982,0.999542903650367
"PTI98_003296",6.41918313877654,0.493078295983739,0.83652453473923,0.589436741550499,0.555568335574262,0.999542903650367
"PTI98_003297",13.7023199428386,-0.62176467764217,0.760900050574972,-0.817143693409319,0.413846315783675,0.999542903650367
"PTI98_003298",6.55649422823107,0.73299532165739,0.764367872987214,0.958956214097255,0.337580803754829,0.999542903650367
"PTI98_003299",35.1883096898823,-0.139585933716061,0.493499785313778,-0.282849026220568,0.777292570682136,0.999542903650367
"PTI98_003300",3.84377929311113,0.402322704783801,0.90868593470953,0.442752208894272,0.657944974600128,0.999542903650367
"PTI98_003303",3.79750842598825,-0.0515369694968206,0.903397617176931,-0.057047936054858,0.954507009839397,0.999542903650367
"PTI98_003304",375.969885157345,-0.175301954753443,0.46061961995325,-0.380578566695085,0.703515987836611,0.999542903650367
"PTI98_003305",3.10091543958376,1.38780862469156,1.19451110182892,1.16182145361955,0.245307997725952,0.999542903650367
"PTI98_003311",38.5452540544647,-0.149792951994646,0.57584428758229,-0.260127529654865,0.794765403093705,0.999542903650367
"PTI98_003312",7.87916919729783,0.436437915025248,0.949207333677224,0.459791975410145,0.645665543655159,0.999542903650367
"PTI98_003313",25.9585698694874,-0.924134285451268,0.678070756942974,-1.36288768685093,0.172917909897187,0.999542903650367
"PTI98_003314",73.4925101680156,-0.144942254777336,0.614123278711956,-0.23601491720251,0.813421094869359,0.999542903650367
"PTI98_003315",42.3575774394967,0.296770972022474,0.501151091361674,0.592178640609401,0.553730970818586,0.999542903650367
"PTI98_003316",2.62629167552001,-0.632340595388249,1.28592167676201,-0.491741143193497,0.622902348885217,0.999542903650367
"PTI98_003323",6.1724477616557,0.0350589806117756,0.759538386912911,0.0461582735196181,0.963184099910883,0.999542903650367
"PTI98_003327",135.647669984802,-0.782646407003995,0.682993199354066,-1.14590658844653,0.251833804859382,0.999542903650367
"PTI98_003329",45.2710276860199,-0.404400680737446,0.548868575663588,-0.736789640850764,0.461250283807993,0.999542903650367
"PTI98_003331",1.70669902995759,-0.71193843753776,1.5970714773518,-0.445777441795072,0.655758018202809,0.999542903650367
"PTI98_003336",4.29877742903733,0.629951277928422,0.984008068880186,0.640189138535535,0.522049643227273,0.999542903650367
"PTI98_003337",123.552743586137,-0.0799363410698351,0.448055545972399,-0.178407212651173,0.858403185298573,0.999542903650367
"PTI98_003340",5.62802004921813,0.48262885727078,0.887030998530367,0.544094691245739,0.586376313456306,0.999542903650367
"PTI98_003342",53.3477278245481,-0.273256213908208,0.54113420093578,-0.504969402110729,0.613580326991874,0.999542903650367
"PTI98_003346",4.51017865609488,0.156287367555904,0.899705798392297,0.173709414605505,0.862093838233075,0.999542903650367
"PTI98_003349",14.3942021685673,0.182961359315717,0.617185958867196,0.296444461652255,0.766890674858741,0.999542903650367
"PTI98_003351",13.8549602316048,0.236316314076636,0.623728276374103,0.378877025506051,0.70477918554105,0.999542903650367
"PTI98_003352",16.9383075274274,0.226426186369593,0.575995453765201,0.393104120682683,0.694242580736677,0.999542903650367
"PTI98_003356",10.7646072285605,-0.135869884916592,0.725673831920888,-0.187232719356765,0.851478172095293,0.999542903650367
"PTI98_003362",3.62081819664496,-0.104203807084823,0.996128430241918,-0.104608807379904,0.916686225775808,0.999542903650367
"PTI98_003363",12.4411387826068,0.0846262457783075,0.716430953026242,0.118121984290101,0.905971004451317,0.999542903650367
"PTI98_003365",2.17503476726448,-0.462433835463971,1.22295792774274,-0.378127345981151,0.705335994662089,0.999542903650367
"PTI98_003366",59.8453595985508,0.0973228756704503,0.464859828551027,0.209359617013599,0.834167515127643,0.999542903650367
"PTI98_003367",15.7331184466707,0.244248766587256,0.619327875294371,0.394377156802708,0.693302606265011,0.999542903650367
"PTI98_003368",9.16761160373464,0.0955035441294566,0.699180495403147,0.136593547384913,0.891352077135261,0.999542903650367
"PTI98_003370",8.94872719809386,0.650088473740068,0.743423269760549,0.874452684201634,0.381871777007213,0.999542903650367
"PTI98_003376",12.2350739149708,-0.142391627774605,0.657045353555056,-0.216715066934377,0.828430405323206,0.999542903650367
"PTI98_003377",11.4735537071775,-0.581389326853635,0.668517580506837,-0.869669465405612,0.384481063652788,0.999542903650367
"PTI98_003378",6.16481872120106,-0.65267187430815,0.847075325947368,-0.770500396264291,0.441003120060549,0.999542903650367
"PTI98_003382",3.08724419140436,1.31306664010142,1.15389558687315,1.13794233641157,0.255144561462592,0.999542903650367
"PTI98_003383",9.81202913684393,0.0323257055842549,0.73451989871808,0.0440092986461923,0.964896991802539,0.999542903650367
"PTI98_003384",8.82655137387952,-1.17772227682555,0.912282409515987,-1.29096238680124,0.196716720459843,0.999542903650367
"PTI98_003389",44.277721909162,0.451536302693259,0.506804104410278,0.890948393598097,0.372956856511064,0.999542903650367
"PTI98_003392",12.4340797631703,0.220063396019368,0.69861313066476,0.315000371965481,0.752761371444583,0.999542903650367
"PTI98_003395",17.7820710207349,-0.162557062443501,0.614434501456979,-0.264563695655172,0.791345590461986,0.999542903650367
"PTI98_003397",13.0094352017477,0.179472701903238,0.664934633006006,0.269910293425213,0.787229267979203,0.999542903650367
"PTI98_003404",4.56510831101566,-1.7502413287728,0.967032491315187,-1.80990953715777,0.0703098169128062,0.999542903650367
"PTI98_003406",53.1937207832017,0.952520675712622,0.621821597388591,1.53182308191423,0.125566098538585,0.999542903650367
"PTI98_003407",2.57394250207794,-0.7534934455334,1.09046520822873,-0.690983481038629,0.489575922104757,0.999542903650367
"PTI98_003408",4.77595566067107,0.254234720095138,0.882735559493328,0.288007792776653,0.773340773525718,0.999542903650367
"PTI98_003411",34.9848566492352,0.443115848215506,0.662984235988303,0.668365587237467,0.503900256496264,0.999542903650367
"PTI98_003412",6.13241218625625,-0.149266583619164,0.799634960101966,-0.186668406293955,0.851920628770928,0.999542903650367
"PTI98_003413",42.2303901481341,0.806148483661469,0.580607328594016,1.3884572997272,0.164997838633566,0.999542903650367
"PTI98_003416",5.60137520420335,0.160516942265673,0.942196336013626,0.170364642835283,0.864723376551632,0.999542903650367
"PTI98_003421",6.67766228326369,0.1691258273119,0.749609487054905,0.225618579050231,0.821498089418465,0.999542903650367
"PTI98_003422",2.63303573417244,0.950149105082469,1.27907696348915,0.74283966657533,0.457578756924555,0.999542903650367
"PTI98_003424",65.8317648388004,-0.0164667199273301,0.537635453024235,-0.0306280395660362,0.975566180295577,0.999542903650367
"PTI98_003425",5.90207460052824,0.848354379412256,0.797465532042884,1.06381322492899,0.287413319072044,0.999542903650367
"PTI98_003426",15.5566858685163,-0.620689894458958,0.603018101605483,-1.02930557607877,0.303336103863147,0.999542903650367
"PTI98_003427",31.255931759401,-0.153165729673993,0.540787049186365,-0.283227436574963,0.777002497709218,0.999542903650367
"PTI98_003428",3.95450400900243,0.053142373758055,1.20167286450287,0.0442236613040603,0.964726121508007,0.999542903650367
"PTI98_003430",19.553915143783,-0.465084008956112,0.691705446585842,-0.672372917188523,0.501346319768025,0.999542903650367
"PTI98_003431",19.8620427402525,-0.97197445806417,0.652043075211148,-1.49065988891826,0.136050812098213,0.999542903650367
"PTI98_003438",2.68774240093929,-1.02368962512368,1.05674751048763,-0.968717328372316,0.332686244333631,0.999542903650367
"PTI98_003440",2.96513339733749,0.199440256339756,1.13618252079809,0.175535402709472,0.860658955269776,0.999542903650367
"PTI98_003441",10.4673087899224,-0.36048610427036,0.80560721175674,-0.447471297438202,0.654534807330614,0.999542903650367
"PTI98_003442",4.3881158468862,1.51844864500519,1.02430259487005,1.48242194504821,0.138228058373312,0.999542903650367
"PTI98_003447",9.02650568370545,-0.291635151642201,0.822051998191164,-0.354764847338018,0.72276576534955,0.999542903650367
"PTI98_003448",13.0057172184541,0.898624774070722,0.716464485087289,1.25424887454294,0.209751560289585,0.999542903650367
"PTI98_003450",14.9987922111727,-0.839360925338937,0.626588049572709,-1.33957378521873,0.180383951236513,0.999542903650367
"PTI98_003451",6.31048086286751,-0.226263936244049,0.823418507543324,-0.274786070717684,0.783480600265584,0.999542903650367
"PTI98_003452",3.5532324149047,1.32193309193743,1.12086778948004,1.17938360290527,0.238245461371974,0.999542903650367
"PTI98_003458",5.20063552876388,0.870729632908973,0.830242470377566,1.04876546789156,0.294286074408328,0.999542903650367
"PTI98_003459",4.78250738403373,-0.373618200062189,0.821593940334468,-0.454747998640411,0.649290545151142,0.999542903650367
"PTI98_003461",19.1067609828758,0.314697283531882,0.6915653247615,0.455050697691374,0.649072766101159,0.999542903650367
"PTI98_003462",6.47229739701715,-1.04135023129957,1.02833648676614,-1.01265514226219,0.311224911193886,0.999542903650367
"PTI98_003464",2.81679646221233,-0.1883725475086,1.02502705043664,-0.183773245231292,0.854191345853896,0.999542903650367
"PTI98_003466",5.40304687946122,0.135882505650599,0.829218401251688,0.163868174470667,0.869834921474005,0.999542903650367
"PTI98_003469",5.82760333648834,0.883239467048684,0.915092688679909,0.965191262016119,0.334449022753763,0.999542903650367
"PTI98_003470",46.7030153150437,-0.511149640276077,0.483031808345256,-1.05821113940125,0.289959193889269,0.999542903650367
"PTI98_003475",9.38599954567247,0.387913881821044,0.790865508907378,0.49049285555134,0.623785184175888,0.999542903650367
"PTI98_003476",34.2980745282068,0.376283740788102,0.511381844928245,0.735817558875014,0.46184173388065,0.999542903650367
"PTI98_003478",6.58763050820885,-1.35308124908172,0.92406829626871,-1.46426541690189,0.143121442430644,0.999542903650367
"PTI98_003479",3.46697746543009,-0.343682408050431,1.41262625231464,-0.243293233073712,0.807778246161218,0.999542903650367
"PTI98_003485",6.45786018583703,0.0370971311167673,0.744003297940836,0.0498615143500577,0.960232746233795,0.999542903650367
"PTI98_003493",5.81096386689322,-0.269208957883391,0.786229860630559,-0.342404901370046,0.732046200423497,0.999542903650367
"PTI98_003494",2.35289988516338,0.465629249600155,1.25335071889909,0.37150754579624,0.710259536735232,0.999542903650367
"PTI98_003495",2.83571754622733,-0.0318524873799074,1.053789971392,-0.030226599459693,0.975886334918998,0.999542903650367
"PTI98_003499",2.89871578094753,-0.790537007386623,1.20261655479983,-0.657347517986068,0.510957489093422,0.999542903650367
"PTI98_003500",14.2277716572805,-0.479178295267173,0.632623588742122,-0.757446139844308,0.448782622302449,0.999542903650367
"PTI98_003505",10.9941075522083,0.0733955417776117,0.663790858233065,0.1105702810867,0.911957115202099,0.999542903650367
"PTI98_003524",32.4638320007124,-0.390962892670923,0.530537447224964,-0.73691856195241,0.461171875313801,0.999542903650367
"PTI98_003526",12.2093706180197,-0.391551027615441,0.669423545005355,-0.584907762113908,0.558609739069304,0.999542903650367
"PTI98_003528",3.98249025836067,-1.34257396476263,0.99277329639633,-1.35234697552406,0.176264343460249,0.999542903650367
"PTI98_003532",4.78884783722592,0.85915830247132,0.987885157350478,0.869694514669696,0.384467370721783,0.999542903650367
"PTI98_003543",5.48243911526912,-0.27496439427682,0.872066982488581,-0.315301920377912,0.752532427063506,0.999542903650367
"PTI98_003545",21.3187210671545,0.82309280758982,0.717536003456252,1.14711011520693,0.251336113831575,0.999542903650367
"PTI98_003550",13.5783560619958,-0.283247212940801,0.625914480099463,-0.45253340823141,0.650884759447367,0.999542903650367
"PTI98_003554",6.63798875270343,0.453463813924988,0.783338318408387,0.578886291234101,0.562665900779992,0.999542903650367
"PTI98_003559",4.07535533094601,-0.0777460774537794,0.922285066212031,-0.084297231194575,0.932820113755129,0.999542903650367
"PTI98_003565",8.55514065921643,-0.443264343784277,0.790977159578804,-0.56040094004777,0.575205990575012,0.999542903650367
"PTI98_003567",6.40941819702024,0.896099136770024,0.839473698165975,1.06745349941012,0.285767101004769,0.999542903650367
"PTI98_003568",4.60324397139988,0.0499472076138607,0.899312562791987,0.0555393193427607,0.955708805969498,0.999542903650367
"PTI98_003569",3.62832309013775,-0.945606047623833,1.14562613950068,-0.825405439889819,0.409141447544639,0.999542903650367
"PTI98_003571",4.24914186487718,0.542804110951475,0.853770343037203,0.635772974990562,0.524924404381571,0.999542903650367
"PTI98_003574",5.06051534286901,-0.44699345553264,0.873933562060706,-0.511473039756757,0.609019861984253,0.999542903650367
"PTI98_003575",1.83209827291104,0.751268164413993,1.27408344045141,0.58965381745156,0.555422763125162,0.999542903650367
"PTI98_003576",6.19448349793668,0.098962409836491,0.802804691494965,0.123270841444892,0.901892629857578,0.999542903650367
"PTI98_003578",6.41277452536779,-0.225874603972244,0.830453497770399,-0.271989466693406,0.78563011850515,0.999542903650367
"PTI98_003579",15.3626757179225,0.662169831592087,0.741779967685959,0.892676885920468,0.372030231887044,0.999542903650367
"PTI98_003582",14.4635579047766,0.107102700915477,0.6354406774986,0.168548701252625,0.866151633585707,0.999542903650367
"PTI98_003589",3.30642504504694,-0.646466376318082,1.06532378310042,-0.606826193663551,0.543966263014664,0.999542903650367
"PTI98_003602",3.94585508225073,-1.42262459541872,1.09429120707141,-1.30004206030862,0.193586553933592,0.999542903650367
"PTI98_003603",7.01184237245232,-0.284649223839741,0.810281851652742,-0.351296555956594,0.72536587845419,0.999542903650367
"PTI98_003607",4.86103451990802,-0.658123847491028,0.947093196426354,-0.694888158815112,0.487125393995544,0.999542903650367
"PTI98_003608",10.5085394378942,-0.0689867104469253,0.731664712878117,-0.0942873275595803,0.924880916210191,0.999542903650367
"PTI98_003609",15.3647714360523,0.259254335152731,0.625167568101137,0.41469575259667,0.678364642074367,0.999542903650367
"PTI98_003617",12.5774777116377,-0.0883151028424811,0.646023384529629,-0.136705736908864,0.891263394712575,0.999542903650367
"PTI98_003618",13.0477346322028,-0.0483137050524212,0.664878713708726,-0.0726654411643365,0.942072349774816,0.999542903650367
"PTI98_003620",13.0121428851448,-0.633482888082869,0.673456889890945,-0.940643562478737,0.346887549925959,0.999542903650367
"PTI98_003621",17.2353385272564,0.286881971644998,0.715280991969603,0.40107590564519,0.688364239581737,0.999542903650367
"PTI98_003622",4.01245664827687,0.836391708453839,1.04490297770457,0.800449157768904,0.423450609501449,0.999542903650367
"PTI98_003624",4.27219528397304,0.909941341812563,0.892501789468592,1.01954007549313,0.307946637501835,0.999542903650367
"PTI98_003625",49.2954653022561,-0.847010871078248,0.628066558839827,-1.34860049330259,0.177465322152063,0.999542903650367
"PTI98_003629",5.8651814325911,-0.297750881875327,0.839979234969807,-0.354474098262714,0.722983612085633,0.999542903650367
"PTI98_003634",100.905309493579,-1.53038564615208,0.66399031667546,-2.30483127195978,0.0211760249653735,0.999542903650367
"PTI98_003635",13.6497220177939,-0.305245241400773,0.712352597977357,-0.428503022614759,0.668284933404306,0.999542903650367
"PTI98_003637",6.47853337888398,0.88899951774327,0.903728545891778,0.983701933268055,0.325262088991621,0.999542903650367
"PTI98_003638",7.10857716870843,0.585757474770085,0.856974255363654,0.683518170007944,0.494279472697296,0.999542903650367
"PTI98_003639",2.29241207181734,0.236340659769323,1.54318827974779,0.153150890834882,0.878279284127623,0.999542903650367
"PTI98_003647",4.74492014422339,-0.451981283478678,0.854838739642738,-0.528732803648527,0.596990817801279,0.999542903650367
"PTI98_003652",2.13786905429102,-1.12062544567842,1.16042728919803,-0.965700700173021,0.334193969046236,0.999542903650367
"PTI98_003653",6.05242576747622,0.00705222866887583,0.874029078533442,0.00806864307158861,0.993562224119715,0.999542903650367
"PTI98_003655",3.03208954725176,0.0112408691806103,1.02308899989736,0.0109871860431869,0.991233670265835,0.999542903650367
"PTI98_003665",3.98221930168806,0.764181692655471,0.986751959397753,0.774441525428413,0.438669735147335,0.999542903650367
"PTI98_003677",3.74301123616378,-0.306422799230367,0.919764253696618,-0.333153629311887,0.73901831899251,0.999542903650367
"PTI98_003693",4.56996086680593,-0.398951355840731,0.833281678671885,-0.478771303932417,0.63210133334028,0.999542903650367
"PTI98_003699",164.5366282493,-0.435982652866548,0.433252773105549,-1.00630089391334,0.31427085061241,0.999542903650367
"PTI98_003701",3.3055980549541,0.369019500738399,1.06035473391897,0.348015139588747,0.727828813621811,0.999542903650367
"PTI98_003702",7.24616289318396,-0.364498806616182,0.816534393975272,-0.446397370772872,0.655310231698007,0.999542903650367
"PTI98_003703",3.19345941222111,0.226931368471361,1.01002675979808,0.224678570414043,0.822229336739288,0.999542903650367
"PTI98_003708",6.8509774108971,-0.636213506808409,0.763606411520819,-0.833169414517237,0.404749189561212,0.999542903650367
"PTI98_003710",6.04848828318016,0.865686232540851,1.0757052002014,0.804761594885638,0.420957267755881,0.999542903650367
"PTI98_003711",6.35508036340018,-0.4301959785644,0.748585751341019,-0.574678288751483,0.565508893623374,0.999542903650367
"PTI98_003712",7.6928307344117,-0.159591864073419,0.771080766106036,-0.206971657300387,0.836031993421342,0.999542903650367
"PTI98_003716",70.5702786933075,-0.844208531234186,0.543083387601954,-1.55447312605507,0.120071602129755,0.999542903650367
"PTI98_003729",6.34480114518938,-0.640460850321412,0.799417212309986,-0.801159695412041,0.423039200975057,0.999542903650367
"PTI98_003734",14.4551912642599,0.00176369039091489,0.596961309897954,0.002954446731592,0.997642695996537,0.999542903650367
"PTI98_003741",2.60425401074277,-0.137970991202508,1.20555850120018,-0.114445703850251,0.908884485539949,0.999542903650367
"PTI98_003742",28.613402527362,-0.628713498013803,0.621482433453619,-1.01163518736966,0.311712515102393,0.999542903650367
"PTI98_003749",50.4844463322353,-1.51926746873354,0.714925594860222,-2.1250707481393,0.0335807099764823,0.999542903650367
"PTI98_003757",6.32097263488624,-0.655877066666511,0.791332428839323,-0.82882622114768,0.407202748489971,0.999542903650367
"PTI98_003763",3.28969184903461,0.302272647285416,0.946790907042948,0.3192601925482,0.749529216106565,0.999542903650367
"PTI98_003765",2.40626048190869,-0.825928989478258,1.34794808521697,-0.612730563243698,0.540054510124333,0.999542903650367
"PTI98_003771",6.23360957558286,0.746041398573297,0.869001083399253,0.858504566708965,0.390613909907093,0.999542903650367
"PTI98_003784",5.21779469173247,0.575670597494066,1.07799621060947,0.534019129036269,0.593328299490916,0.999542903650367
"PTI98_003786",3.86517861109721,0.314835748176641,0.92648802072599,0.339816318326423,0.733994858198705,0.999542903650367
"PTI98_003787",4.3920526520668,0.140748854633828,0.932830116928561,0.150883694768838,0.88006746291424,0.999542903650367
"PTI98_003796",6.91599738235543,0.440938597665383,0.781250316917831,0.564401176059631,0.572481138672891,0.999542903650367
"PTI98_003802",76.776296757167,0.148630911177047,0.491225519167381,0.302571640473756,0.762216329577107,0.999542903650367
"PTI98_003803",4.48638039770945,1.02071693097848,0.938681748432761,1.08739403177135,0.276862707662341,0.999542903650367
"PTI98_003807",2.92298519403727,-0.267828807598522,0.98387448908649,-0.272218469499292,0.785454041290777,0.999542903650367
"PTI98_003809",3.42185591912869,-1.02369875676249,1.51618326572995,-0.675181411047721,0.499560515327018,0.999542903650367
"PTI98_003811",66.7174582107368,0.250462427782515,0.515652240049147,0.485719654313232,0.6271659466397,0.999542903650367
"PTI98_003816",8.51289724102111,0.498935265299367,0.780907398107176,0.638917324267545,0.522876717215749,0.999542903650367
"PTI98_003819",1.82245663938224,-0.169156959350121,1.36516189249233,-0.123909816323174,0.901386680548086,0.999542903650367
"PTI98_003822",18.4915908691753,0.309832741627624,0.765208016293037,0.404900020687935,0.685551003174647,0.999542903650367
"PTI98_003826",2.14920751199334,-1.48604985578105,1.24809007597999,-1.19065913941685,0.233787424828036,0.999542903650367
"PTI98_003827",2.6320132398994,0.496009087277221,1.27499774630279,0.38902742276646,0.697255860682069,0.999542903650367
"PTI98_003829",4.96394382285964,0.571988544780811,0.930884175115099,0.61445726554551,0.538913204114306,0.999542903650367
"PTI98_003830",7.81299185515082,-1.60635478814617,0.754319179062497,-2.12954255006829,0.0332093984079264,0.999542903650367
"PTI98_003852",2.72303743757126,0.810656166691274,1.25008170870674,0.648482544017006,0.516672897478043,0.999542903650367
"PTI98_003859",38.4134656446964,0.671412450127428,0.566697996906488,1.1847799953283,0.236104444050262,0.999542903650367
"PTI98_003860",37.4964268309463,-0.650221079262528,0.716187931408328,-0.907891700972842,0.363935442713365,0.999542903650367
"PTI98_003862",4.37870294968042,1.79118140786886,1.07538404013543,1.66562022590859,0.0957890800303569,0.999542903650367
"PTI98_003868",2.70652547795568,0.299643016245858,1.32033881992157,0.226944032641301,0.820467262104834,0.999542903650367
"PTI98_003873",1.58057995174266,0.0599165173311437,1.57298378888753,0.0380909948051779,0.969615131205589,0.999542903650367
"PTI98_003874",3.04401553467549,0.905127615755411,1.20605825954341,0.750484156626125,0.452963162334099,0.999542903650367
"PTI98_003875",15.8262658833428,-0.138514499580841,0.702401005092116,-0.197201454121888,0.843669892734989,0.999542903650367
"PTI98_003878",4.78847690399665,0.219240201881714,0.875927266594519,0.250294984804034,0.802359234611513,0.999542903650367
"PTI98_003882",20.4746587594157,-0.0768034477646525,0.663254941216854,-0.115797776981116,0.907812812376124,0.999542903650367
"PTI98_003883",2.35400256858429,-0.0133944657810735,1.11949531585724,-0.0119647358870964,0.99045374972757,0.999542903650367
"PTI98_003884",26.9874020646086,-1.24424823021755,0.670881562040432,-1.85464663305586,0.0636467042396811,0.999542903650367
"PTI98_003893",5.33105801386289,0.124968050147313,0.886781804065984,0.140923110481431,0.887930684813513,0.999542903650367
"PTI98_003896",3.07662375535938,0.267891091489698,1.11190742580428,0.240929312344438,0.80960990323239,0.999542903650367
"PTI98_003899",15.1300818537051,-0.293646792946325,0.609494467271472,-0.481787462749081,0.629956936499961,0.999542903650367
"PTI98_003903",2.35368056205618,-3.56210951457382,1.35822757139122,-2.62261611353184,0.00872575288840553,0.999542903650367
"PTI98_003905",3.22960937683404,-0.100956745252268,1.04001814621365,-0.097072099770391,0.922669137358633,0.999542903650367
"PTI98_003908",9.5679583188757,0.0678175785556748,0.659266641925433,0.102868208768472,0.918067569539324,0.999542903650367
"PTI98_003910",6.96820511305525,-0.0923982292470431,0.913799501240124,-0.101114335389381,0.919459698375388,0.999542903650367
"PTI98_003911",13.3667558060935,-0.463132971687622,0.63678962983077,-0.727293520484468,0.467046166578366,0.999542903650367
"PTI98_003912",16.7067505010232,0.410034722445881,0.582302223692526,0.704161354297682,0.481332294844976,0.999542903650367
"PTI98_003914",11.8139185702674,-0.495351497935681,0.728641785384718,-0.67982856304918,0.496613018679662,0.999542903650367
"PTI98_003915",3.71802666406787,0.773983882383679,0.95051539430395,0.814278113770538,0.415485644831023,0.999542903650367
"PTI98_003919",3.50744258196708,0.21729390393088,1.0071267902796,0.215756254354583,0.829177749110487,0.999542903650367
"PTI98_003922",3.98356395807094,-0.912554467249503,1.08074392994514,-0.844376213425341,0.398459210016153,0.999542903650367
"PTI98_003923",18.5413431814249,0.462251277188239,0.65022434293334,0.710910445313224,0.477139732831052,0.999542903650367
"PTI98_003925",9.35677875639941,-0.454373752815171,0.718739262445315,-0.632181622121613,0.527268204732653,0.999542903650367
"PTI98_003932",9.44325704561732,0.332759578898805,0.748614943757177,0.444500315781487,0.656680900599991,0.999542903650367
"PTI98_003945",10.2807904033083,0.293466282611388,0.734585052564237,0.399499393006946,0.689525270898034,0.999542903650367
"PTI98_003946",4.97225620324959,0.0498785053888957,0.830264396601622,0.0600754477646576,0.952095544481315,0.999542903650367
"PTI98_003947",3.44800668409937,-0.58565917124809,1.02137852312451,-0.573400710890703,0.566373409090238,0.999542903650367
"PTI98_003948",2.47461123581256,-0.338400550583555,1.11014522449553,-0.304825479691029,0.760499074503818,0.999542903650367
"PTI98_003952",3.23808262660018,0.755631038165022,1.01204910079742,0.746634760674795,0.455284059881101,0.999542903650367
"PTI98_003953",4.33752389688942,-0.910258154091127,0.914578644283663,-0.99527597739184,0.319602058102054,0.999542903650367
"PTI98_003954",2.59160283177588,0.216453670364955,1.11752996373614,0.19368936618156,0.846419118726092,0.999542903650367
"PTI98_003955",3.20598284188891,-0.411919063134897,1.14573989235954,-0.359522319054972,0.719204384209541,0.999542903650367
"PTI98_003956",8.45773147003428,0.525345237402624,0.732433899576625,0.717259588484769,0.473213937398438,0.999542903650367
"PTI98_003957",2.99806537405023,0.816030288817938,1.06285008671298,0.767775530170608,0.442620554484144,0.999542903650367
"PTI98_003959",84.2006208002879,-0.311022399134146,0.507444203676128,-0.612919404499994,0.539929632011487,0.999542903650367
"PTI98_003961",40.5884163705556,-0.00120199210349159,0.584024542071067,-0.00205811916606979,0.998357859652412,0.999542903650367
"PTI98_003962",5.31578427070755,1.76846163971024,0.996952975437299,1.77386665497892,0.0760852094906388,0.999542903650367
"PTI98_003963",6.24532446940761,0.343750352786049,0.875223722699145,0.392757124688006,0.694498874588058,0.999542903650367
"PTI98_003964",2.89776501647043,1.17559597936535,1.04097008347198,1.12932734382178,0.258759770082795,0.999542903650367
"PTI98_003965",70.5806649327848,-0.356381637413844,0.567221254521432,-0.628293870465989,0.529811446285475,0.999542903650367
"PTI98_003966",3.4213001849525,-0.346103887888419,1.0570851538187,-0.327413441233305,0.743355201585544,0.999542903650367
"PTI98_003968",5.94654968614151,-0.00715273123084355,0.785619658637133,-0.00910457261628594,0.992735702437092,0.999542903650367
"PTI98_003971",5.72708254391379,0.957063351236224,0.854423738687919,1.12012729504206,0.26265952066031,0.999542903650367
"PTI98_003972",12.8087776465243,0.425165569863859,0.731563832636398,0.581173577610656,0.56112347359969,0.999542903650367
"PTI98_003974",9.81965788137572,-0.21986816672897,0.710271616851252,-0.309555051212213,0.756899342193,0.999542903650367
"PTI98_003976",4.11156238256069,0.0400625331249799,0.951344784902702,0.0421114760502706,0.966409831722202,0.999542903650367
"PTI98_003977",2.32218409497067,0.0149465313748265,1.09116472157711,0.0136977773192883,0.98907109672408,0.999542903650367
"PTI98_003980",8.67250998943363,-0.4652067755233,1.82923556890444,-0.254317586773103,0.799250214081814,0.999542903650367
"PTI98_003981",9.03249624731358,1.53897744434901,1.00458739521759,1.53194978523066,0.125534826671194,0.999542903650367
"PTI98_003982",9.21968001793287,-1.04454560510653,1.19446619577301,-0.874487372520862,0.381852893994102,0.999542903650367
"PTI98_003984",23.5479141752546,1.26372825944763,1.48833572134807,0.849088173670252,0.395832230558332,0.999542903650367
"PTI98_003989",9.13168051310976,-0.125208395763057,0.804758929881379,-0.15558497223698,0.8763601710991,0.999542903650367
"PTI98_003992",10.6252932457205,2.31978045643329,0.900542553864395,2.57598094224274,0.00999561554325522,0.999542903650367
"PTI98_003995",12.9983751511486,-0.616502960324631,0.738473873426761,-0.834833814043894,0.403811284285411,0.999542903650367
"PTI98_003998",4.48169182800459,0.205315592321992,0.89442661578385,0.229549958262433,0.818441495963143,0.999542903650367
"PTI98_003999",18.7140029083226,-0.442361532700024,0.609719931874416,-0.725515945230961,0.468135566360218,0.999542903650367
"PTI98_004006",4.91298741810834,1.55846760248208,0.972757322480233,1.60211346290199,0.109130521440839,0.999542903650367
"PTI98_004009",3.4039104775761,-0.161682568401092,0.931862364696313,-0.173504773372603,0.862254676176691,0.999542903650367
"PTI98_004010",9.71993644574244,0.0490512477817412,0.653812289797986,0.0750234410504841,0.94019606118733,0.999542903650367
"PTI98_004012",4.41842823949082,0.054992947496597,0.985720096534972,0.0557896178539015,0.955509405815798,0.999542903650367
"PTI98_004022",11.0445715869192,-1.09481539378245,0.949450390426367,-1.1531043694561,0.248867548408861,0.999542903650367
"PTI98_004027",1.14623425712306,-0.27671966383171,1.65557228256169,-0.167144416916389,0.867256417913653,0.999542903650367
"PTI98_004030",25.6954974419111,0.208214728816879,0.689330928645621,0.302053368221812,0.762611379798322,0.999542903650367
"PTI98_004031",8.71638608331442,0.525501490549174,0.71235515265872,0.737695921181797,0.460699251277185,0.999542903650367
"PTI98_004037",5.3845719689103,0.412666549059785,0.814949648253957,0.506370608225833,0.612596503832413,0.999542903650367
"PTI98_004047",6.34665301035496,-0.261422647044084,0.847377799956539,-0.308507783727037,0.757695978345716,0.999542903650367
"PTI98_004051",3.23761607014221,-0.397706300135365,1.07303777076563,-0.370635881579076,0.710908752935413,0.999542903650367
"PTI98_004056",3.51306647432678,-0.0624882187396859,1.09597804643513,-0.0570159401850612,0.954532497365294,0.999542903650367
"PTI98_004067",5.65940867202781,-0.295105081260295,0.949565479911797,-0.310779074748701,0.755968578448748,0.999542903650367
"PTI98_004068",2.20917714016556,1.41798029746996,1.24551534444664,1.13846875013807,0.254924800553779,0.999542903650367
"PTI98_004076",14.1474668330644,1.00303192983462,0.703009886551699,1.42676788623065,0.153646810581062,0.999542903650367
"PTI98_004077",84.8487014259348,0.27096969944727,0.819656223423198,0.33058944921518,0.740954616835227,0.999542903650367
"PTI98_004083",17.7401217511352,1.00200885806123,1.48125408810783,0.676459809364113,0.498748755010556,0.999542903650367
"PTI98_004095",6.11147946509283,-0.462878001037621,0.863108897774233,-0.536291541231103,0.591757075723161,0.999542903650367
"PTI98_004096",16.8776493366691,0.205233531324081,0.650207950701194,0.315642912552444,0.752273562048398,0.999542903650367
"PTI98_004104",3.14645028984868,0.393407943639958,0.955835635639413,0.411585348956763,0.680643372053843,0.999542903650367
"PTI98_004107",6.14471527919448,1.71935692625835,0.912621994350709,1.88397489530328,0.0595683713366737,0.999542903650367
"PTI98_004116",3.04668203704113,1.46114784269115,1.09958179088372,1.32882142538651,0.183906891805945,0.999542903650367
"PTI98_004119",5.19259132996262,-0.0178975199660981,0.815290252566482,-0.0219523291364736,0.982485982201049,0.999542903650367
"PTI98_004121",8.05058451174228,0.329325195402082,0.735812047053949,0.447567006711343,0.654465718909952,0.999542903650367
"PTI98_000011",20.8717358875285,-0.340902758608746,0.649276213067256,-0.52505043577414,0.599548130139567,0.999542903650367
"PTI98_000038",8.13187540097908,0.249950377004542,0.693730129811653,0.36029915130312,0.718623433923482,0.999542903650367
"PTI98_000081",12.4928375045658,-0.0905066224751012,0.759879323249513,-0.119106573512308,0.905190922909625,0.999542903650367
"PTI98_000082",17.3709014655618,-0.728743233793624,0.670354118442208,-1.08710189696023,0.276991779606771,0.999542903650367
"PTI98_000084",6.08084954598946,-0.962104916026008,0.779249017546332,-1.23465656595301,0.216958347184025,0.999542903650367
"PTI98_000091",1.17962781268783,1.9104836336308,1.76547245204351,1.08213732330937,0.279191513514573,0.999542903650367
"PTI98_000095",1.78398087465004,2.64051634108059,1.46666742023408,1.80035112572362,0.0718052128810463,0.999542903650367
"PTI98_000096",1.82064207662195,0.398760213433095,1.25582468222194,0.317528568340896,0.750842565759363,0.999542903650367
"PTI98_000097",4.98298636027346,0.281968171665622,0.910283002576622,0.309758801238177,0.756744383463625,0.999542903650367
"PTI98_000098",5.97478954796351,-0.377318158023006,0.768903524702091,-0.490722367502732,0.62362282421755,0.999542903650367
"PTI98_000100",23.5041628500887,-0.0761340747409837,0.719135663291847,-0.105868862618327,0.915686399225007,0.999542903650367
"PTI98_000101",15.4082092765896,-1.11754261245141,0.818197754058722,-1.36585881213651,0.171983282610137,0.999542903650367
"PTI98_000110",22.7060125955763,0.899519017496386,0.681293544293408,1.32031049615964,0.186731372609121,0.999542903650367
"PTI98_000113",7.09188625694076,0.162689681503438,0.845740360167048,0.192363625015252,0.84745738329613,0.999542903650367
"PTI98_000115",7.12761587647218,-1.44299160431372,1.16032150686291,-1.24361359828195,0.213641809009978,0.999542903650367
"PTI98_000120",5.93280795061828,2.10033002691778,1.10836110984207,1.89498711951113,0.058094108132283,0.999542903650367
"PTI98_000135",5.33127902200755,0.11060548847069,0.83494908973251,0.132469739569539,0.89461275638867,0.999542903650367
"PTI98_000138",4.28702050001974,-0.124232098932201,0.95014128934148,-0.130751184403641,0.89597214056756,0.999542903650367
"PTI98_000139",6.5628636935508,-1.12708192244126,0.781487529282053,-1.44222636985225,0.14923852380192,0.999542903650367
"PTI98_000140",2.58787172592347,0.259877031986488,1.30795861857133,0.198689032127292,0.842506004069189,0.999542903650367
"PTI98_000142",18.5232848252725,0.0205510996181344,0.628270567440245,0.0327105878950616,0.97390538049134,0.999542903650367
"PTI98_000151",129.513871246412,0.35061728038239,0.431570194677054,0.812422370003469,0.41654931447646,0.999542903650367
"PTI98_000159",10.2956844684578,1.04707808440241,0.804635031419253,1.30130810058757,0.193153015574515,0.999542903650367
"PTI98_000163",6.65931758038465,0.460203268615233,0.832085675520748,0.55307197582415,0.58021412542645,0.999542903650367
"PTI98_000164",4.47822412716973,-1.70219776078883,1.26873100937434,-1.34165378493291,0.179708278280576,0.999542903650367
"PTI98_000183",12.6181610545611,4.01947699174428,1.78106755621033,2.25677963630797,0.0240218477956721,0.999542903650367
"PTI98_000184",8.22774983803848,2.7290196076881,1.12676448896731,2.42199646368804,0.0154355007498875,0.999542903650367
"PTI98_000186",3.85194376748285,-0.109837351329188,0.979678634493533,-0.112115695353477,0.910731672795787,0.999542903650367
"PTI98_000189",21.7574302760403,0.58465297763653,0.601245940602185,0.972402370069998,0.330850413324206,0.999542903650367
"PTI98_000190",3.14446009910691,0.372138590350393,1.02675845491131,0.362440249281938,0.717023066531602,0.999542903650367
"PTI98_000195",12.6692654307117,0.276122430514417,0.731673953136686,0.37738452944878,0.705887862139039,0.999542903650367
"PTI98_000197",10.1573785988157,1.046710403795,0.683534544908031,1.53132041619906,0.125690222160172,0.999542903650367
"PTI98_000202",9.75485668423338,-0.431318775973249,0.69171411558926,-0.623550634940875,0.532922738823876,0.999542903650367
"PTI98_000206",92.4282922969257,-0.23486907393622,0.529736750818174,-0.443369416174104,0.657498553754065,0.999542903650367
"PTI98_000208",3.41890820973913,-0.124282507401758,0.986684775305144,-0.125959688962792,0.899763833907087,0.999542903650367
"PTI98_000209",3.9205255788692,-0.151244825957919,1.02102968254807,-0.148129705279943,0.882240406621406,0.999542903650367
"PTI98_000212",7.9947061020897,-0.822615197666325,0.743578368346423,-1.10629253443139,0.268599922067151,0.999542903650367
"PTI98_000217",27.5879523525098,0.164110290997818,0.527847426647716,0.310904785574232,0.755873006292229,0.999542903650367
"PTI98_000220",3.29743609231309,-0.142432958779544,0.987727985760336,-0.144202615328249,0.885340475798956,0.999542903650367
"PTI98_000224",6.60720099818383,0.561103606498846,0.844404884487132,0.664495927021602,0.506372954904207,0.999542903650367
"PTI98_000227",3.24142902465238,-0.315742069816696,1.12807183934342,-0.279895356664936,0.779557789747957,0.999542903650367
"PTI98_000228",3.6804359918637,0.00703274085404313,1.01534235378126,0.00692647246305875,0.994473518750698,0.999542903650367
"PTI98_000229",4.45747402309378,1.272739727351,1.09311000218268,1.16432904722273,0.244290689352188,0.999542903650367
"PTI98_000233",8.47998790078957,-0.491901956568983,0.782581212380786,-0.628563462535099,0.529634886894519,0.999542903650367
"PTI98_000234",2.17771773089411,0.197855484962432,1.27015477288998,0.155772736665982,0.876212161248011,0.999542903650367
"PTI98_000235",27.9243447431818,-0.902246679660824,0.65910401653205,-1.36889877322869,0.171030919293985,0.999542903650367
"PTI98_000240",2.7996604284895,0.20227964793502,1.13804212446863,0.177743550599647,0.858924381350462,0.999542903650367
"PTI98_000242",7.80355912821688,-0.583195445522188,0.879285509522811,-0.663260612401868,0.507163657888046,0.999542903650367
"PTI98_000245",2.5492127135444,-0.884704380455247,1.16982299082238,-0.756272006445442,0.449486128310048,0.999542903650367
"PTI98_000246",7.40585280899874,0.199902795137265,0.724991536788394,0.275731212012218,0.782754520856697,0.999542903650367
"PTI98_000253",5.50360043358535,0.198240576311124,0.835788578286375,0.237189860523792,0.812509502035707,0.999542903650367
"PTI98_000268",2.81507307253039,-0.236856081593613,1.04980672067131,-0.225618751461368,0.821497955311368,0.999542903650367
"PTI98_000272",4.43654422968264,-0.18550330088085,0.883719839035991,-0.209911889138086,0.833736442767633,0.999542903650367
"PTI98_000277",7.91137281995194,-0.914187985598018,0.890772515821604,-1.02628669987064,0.304756464577807,0.999542903650367
"PTI98_000281",4.6257805775764,-0.397012853705773,0.919430504612258,-0.431803003831378,0.665884596158188,0.999542903650367
"PTI98_000285",4.03224833677667,-0.1998891114946,0.928069914765507,-0.215381522786574,0.82946987464422,0.999542903650367
"PTI98_000286",3.18866065735031,-1.18430121481909,1.09472625933904,-1.0818240676296,0.279330710106001,0.999542903650367
"PTI98_000288",12.4894131607624,0.715979389536568,0.712852574333501,1.00438634202309,0.315192430649222,0.999542903650367
"PTI98_000290",3.27916236397337,-0.233755460686507,0.959755499932839,-0.243557302565981,0.807573700136294,0.999542903650367
"PTI98_000296",9.32094208534854,-0.48867953207224,0.70037477327421,-0.697740053925262,0.485339774288773,0.999542903650367
"PTI98_000313",5.75706704648006,-0.443738586372772,0.853465036975154,-0.519925910433856,0.60311521540679,0.999542903650367
"PTI98_000315",9.93110720603926,0.0163102008205195,0.696261460152835,0.023425396570046,0.981310947028865,0.999542903650367
"PTI98_000323",4.33456430490794,0.340320893118292,0.94823863662976,0.358897939792735,0.719671440903413,0.999542903650367
"PTI98_000330",7.12475093446506,-0.863738900090794,0.965576247317655,-0.894532050151645,0.371037289492062,0.999542903650367
"PTI98_000331",6.57399501003494,0.13832000143574,0.856395051204299,0.161514246539876,0.871688391552693,0.999542903650367
"PTI98_000334",6.79809908350172,0.0528534729494095,0.745848082161101,0.070863590339022,0.943506321196415,0.999542903650367
"PTI98_000340",2.380722984745,-0.281334191362187,1.15024825954135,-0.244585626649299,0.806777294365328,0.999542903650367
"PTI98_000342",16.7849393581791,-0.732378473974691,0.675927825707873,-1.08351579284031,0.278579544830896,0.999542903650367
"PTI98_000344",3.1523970902526,-0.25546773236425,0.964893046813535,-0.264762745682443,0.791192237604815,0.999542903650367
"PTI98_000351",2.5402665174687,0.180225006472906,1.14708134498027,0.157116151580345,0.875153308554121,0.999542903650367
"PTI98_000352",6.62164403500255,0.0556841449123157,0.887437813655901,0.0627470951264952,0.949967894765826,0.999542903650367
"PTI98_000353",3.43687588875907,0.58437821355035,0.884119743115306,0.660971794941736,0.508630401747652,0.999542903650367
"PTI98_000354",3.25310992502415,-0.67817870045472,1.00602107371803,-0.674119775591106,0.500235167859687,0.999542903650367
"PTI98_000355",2.57897148011122,1.33774024028021,1.19282215538314,1.12149177833683,0.262078589214882,0.999542903650367
"PTI98_000356",9.22433684076243,-0.227054150925055,0.766910165620791,-0.296063556207083,0.767181544905251,0.999542903650367
"PTI98_000358",1.97665625776571,-0.260103418414627,1.23130021432663,-0.211242892178714,0.832697742714958,0.999542903650367
"PTI98_000359",35.0432471395786,1.31886641898218,0.576098255634003,2.28930812770948,0.0220614558022735,0.999542903650367
"PTI98_000360",4.25648671812566,0.591391247906364,1.02140619052119,0.578997125134516,0.562591112993892,0.999542903650367
"PTI98_000364",4.96078328634654,-0.868924926377148,0.902452075087536,-0.962848831936991,0.335623390825426,0.999542903650367
"PTI98_000367",6.06554957971626,-0.215239963963394,0.714184188282497,-0.30137878644585,0.763125668735518,0.999542903650367
"PTI98_000369",6.42609745510767,-0.318290684977076,0.797272214642435,-0.399224605011257,0.689727714940968,0.999542903650367
"PTI98_000370",8.4778403802315,0.74263120815531,0.742441621999181,1.00025535496733,0.317186946787987,0.999542903650367
"PTI98_000378",6.48525259784416,1.6528626971203,0.947858853502641,1.74378568181586,0.0811964680989511,0.999542903650367
"PTI98_000380",7.36708880787062,0.0263979482764728,0.808419350884318,0.0326537807977956,0.973950681796992,0.999542903650367
"PTI98_000382",13.9417106999967,0.437129748997957,0.705684878058528,0.619440436644446,0.535626249393618,0.999542903650367
"PTI98_000388",2.52733297451253,0.657722079575201,1.07419650691757,0.612292141465388,0.540344488100305,0.999542903650367
"PTI98_000390",7.69991820380492,0.401708267858502,0.690861204068304,0.581460162320515,0.560930360088423,0.999542903650367
"PTI98_000396",28.0653349331932,-0.688553999188555,0.616762308392372,-1.11640090488557,0.264250566359092,0.999542903650367
"PTI98_000397",7.38854157584509,1.16799453254634,0.865436993963871,1.3496008845158,0.177144040306056,0.999542903650367
"PTI98_000398",2.87114759726504,-0.070251452384726,1.07748362054733,-0.0651995548192559,0.948015115579278,0.999542903650367
"PTI98_000399",16.3310634941922,0.471017480025348,0.777883413976137,0.605511663525194,0.544839077288398,0.999542903650367
"PTI98_000400",21.4167276213003,0.284285533215666,0.68493464537973,0.415054976607378,0.678101657852368,0.999542903650367
"PTI98_000430",9.20711247213793,1.48167189015985,0.991534467188994,1.49432212312337,0.135091445464173,0.999542903650367
"PTI98_000432",41.3313480590699,-2.44528344784025,1.59239804113971,-1.53559812601259,0.124636974094001,0.999542903650367
"PTI98_000435",25.4200838097365,0.097061779437719,0.557836441415153,0.173996842500083,0.861867943701438,0.999542903650367
"PTI98_000438",11.0738724927226,-0.742165363866564,0.788719439687242,-0.940975112976627,0.346717612944441,0.999542903650367
"PTI98_000439",13.4280722153288,0.143766736763875,0.910928159375868,0.157824451120688,0.87459513091418,0.999542903650367
"PTI98_000442",61.7963747522408,0.775797623335688,0.639174841926562,1.21374868415867,0.224843707403032,0.999542903650367
"PTI98_000443",10.5290698640943,1.72118561383582,0.824305173850757,2.08804417154786,0.0367938503448186,0.999542903650367
"PTI98_000444",11.8383103939846,0.339074773249639,0.832916449484095,0.407093380686215,0.683939404852335,0.999542903650367
"PTI98_000449",4.58087767736149,0.0276539796067024,0.990140860936878,0.0279293388422896,0.97771850855398,0.999542903650367
"PTI98_000450",12.5833804161567,-0.00959950652009089,0.670056024704801,-0.014326423711092,0.988569558720255,0.999542903650367
"PTI98_000454",4.91157481304871,-0.449008129618915,0.857022164146212,-0.523916589795817,0.600336555533655,0.999542903650367
"PTI98_000463",6.92403282309438,-0.366781047118359,0.83501412386962,-0.439251309209745,0.660479450698653,0.999542903650367
"PTI98_000464",6.14603207097321,0.61141672572599,0.983612110547916,0.621603495086497,0.534202622254789,0.999542903650367
"PTI98_000465",3.19514482525267,0.5567818519854,0.983085438254481,0.566361610415057,0.571147986041115,0.999542903650367
"PTI98_000470",29.8492365448453,-1.17263048276732,0.66732388576951,-1.75721341281697,0.0788814398991649,0.999542903650367
"PTI98_000471",7.14755604638541,-0.636106452968455,0.871984771888291,-0.729492616701277,0.465700382518976,0.999542903650367
"PTI98_000473",8.71201646642291,0.503070521355906,0.894279351554713,0.562542924066528,0.573746166893547,0.999542903650367
"PTI98_000474",31.1732453636798,-0.682069964706015,0.56678013016569,-1.20341192008023,0.22881695737763,0.999542903650367
"PTI98_000475",6.7426252347863,-0.455544804745121,0.808405537946313,-0.563510247471083,0.5730874841265,0.999542903650367
"PTI98_000481",28.2599883544568,1.10904564386719,0.718144787764084,1.5443203971725,0.122510733609997,0.999542903650367
"PTI98_000486",7.95387174032211,-0.0352725112767703,0.817970709008718,-0.0431219735478259,0.965604303231121,0.999542903650367
"PTI98_000489",15.181387457722,-0.400741095882205,0.600325154218534,-0.667540070686967,0.504427223245957,0.999542903650367
"PTI98_000490",3.75089204481095,-0.48294388271888,0.919926078283631,-0.524981185031673,0.599596270538207,0.999542903650367
"PTI98_000495",3.42542287408069,0.154620810483522,1.06841254914967,0.144720136998186,0.884931839510403,0.999542903650367
"PTI98_000497",2.89587370164934,-0.609036720682168,1.06944126043584,-0.569490577195384,0.569023263563862,0.999542903650367
"PTI98_000500",4.32546970643975,0.191132847248977,0.928584763702927,0.205832418019433,0.836921817444373,0.999542903650367
"PTI98_000501",4.22025625915108,0.395487476152689,0.893508275869571,0.442623181937287,0.658038314139016,0.999542903650367
"PTI98_000502",6.17880957524708,-0.206270601233789,0.797961411840195,-0.258496962601367,0.796023392784627,0.999542903650367
"PTI98_000508",3.64461749165855,1.06774974921626,1.06562990575255,1.00198928676106,0.31634876708609,0.999542903650367
"PTI98_000510",9.82881721855061,0.00807648021522967,0.734102685173477,0.0110018399038019,0.991221978883339,0.999542903650367
"PTI98_000511",52.2722801739419,-0.794012504335455,0.497453779091173,-1.59615332661877,0.11045456517957,0.999542903650367
"PTI98_000512",101.683643908662,-0.572360244070159,0.544603743900889,-1.05096641453556,0.293274015295274,0.999542903650367
"PTI98_000513",56.5976426904976,-3.27906373901639,1.48478021040325,-2.20845059493744,0.027212878185094,0.999542903650367
"PTI98_000517",2.43556950278851,-1.15273671156442,1.5232158238881,-0.756778319583097,0.449182683785339,0.999542903650367
"PTI98_000519",7.55303625411652,0.605995873217815,1.54951643396626,0.391087090097302,0.695732862857207,0.999542903650367
"PTI98_000523",9.27438718147578,-0.951251379011312,0.746156930106397,-1.2748677129832,0.202356068731314,0.999542903650367
"PTI98_000527",3.57147532852798,-0.246263377231633,0.968657013749265,-0.254231759783012,0.799316515704326,0.999542903650367
"PTI98_000529",7.33817279497304,0.100699294686052,0.768527181370561,0.131028930566214,0.895752421414699,0.999542903650367
"PTI98_000530",6.66559403160138,-0.171243316288421,0.780420991943263,-0.219424282606779,0.826319556108868,0.999542903650367
"PTI98_000531",14.1638034238956,1.54184411851618,0.8388247748296,1.83810035752627,0.0660476185305475,0.999542903650367
"PTI98_000532",7.39416066738456,-0.810559711097117,0.690689649388755,-1.17355126403652,0.240574811884648,0.999542903650367
"PTI98_000536",4.59602489687751,0.321363736244402,0.938611996890379,0.342381875907275,0.732063526154048,0.999542903650367
"PTI98_000545",2.51244156985249,-1.10342809240012,1.22537496582482,-0.90048199381761,0.36786380343935,0.999542903650367
"PTI98_000546",40.6200081557194,-1.73085731074955,0.844128403432084,-2.05046685280602,0.0403188952248456,0.999542903650367
"PTI98_000547",110.950515034498,-2.09798616385655,1.6697698551517,-1.25645229334072,0.208952032211123,0.999542903650367
"PTI98_000549",15.2247821238995,-0.0546958618291659,0.662180633415974,-0.0825996096367358,0.934169911680699,0.999542903650367
"PTI98_000551",1.89485830340743,-0.392770529067005,1.30742954451956,-0.300414298203224,0.763861158695732,0.999542903650367
"PTI98_000554",5.32600145651538,-0.1819677617257,0.80883818085314,-0.224974248290017,0.821999307646427,0.999542903650367
"PTI98_000558",20.8772525668095,-1.06117940180565,0.867169702071169,-1.22372748871542,0.221055046251404,0.999542903650367
"PTI98_000559",3.5486120383982,-0.390562019934636,0.937754406145669,-0.416486467432248,0.677054067770452,0.999542903650367
"PTI98_000560",20.7622966722259,0.566434374447607,0.590150916728259,0.959812750250166,0.337149464083809,0.999542903650367
"PTI98_000561",19.3357524493696,-0.0652399521268204,0.602317528395777,-0.108314882186115,0.913745917792254,0.999542903650367
"PTI98_000564",59.822317587476,-0.760336821843258,0.597290072413043,-1.27297749780355,0.203026026910331,0.999542903650367
"PTI98_000565",17.4982483396099,0.577357406525629,0.644055027790513,0.89644111390032,0.370017217254511,0.999542903650367
"PTI98_000566",2.38870491803996,-0.201699028333012,1.2142807661868,-0.166105759021785,0.86807372207531,0.999542903650367
"PTI98_000571",18.2197333008628,-0.135797753648823,0.822874467432824,-0.165028517742786,0.86892153588066,0.999542903650367
"PTI98_000572",14.2149555247933,-0.401207478361933,0.707987650568341,-0.566687113878132,0.570926777292682,0.999542903650367
"PTI98_000573",12.9279187633556,-0.332926481266656,0.627469927200596,-0.5305855577047,0.595706005894311,0.999542903650367
"PTI98_000574",2.66388695006483,-0.790763531950495,1.11699959650892,-0.707935378331342,0.478985388487887,0.999542903650367
"PTI98_000575",15.4326939347303,-0.383879654034724,0.864658412745737,-0.443966829416147,0.657066566101642,0.999542903650367
"PTI98_000576",2.55070624879237,-0.365896796135778,1.14709617165081,-0.318976564632072,0.749744283965062,0.999542903650367
"PTI98_000578",9.1852674436151,0.136473749349571,0.722886651803684,0.188789970058312,0.850257433217848,0.999542903650367
"PTI98_000580",6.28398165283154,0.201038825064308,0.737160165604155,0.272720684655474,0.785067933172946,0.999542903650367
"PTI98_000581",6.87181682467421,0.774802350315238,0.854472101108136,0.90676143704449,0.364532966644958,0.999542903650367
"PTI98_000582",24.4141463992229,-0.214524648310933,0.562968035709443,-0.3810600863699,0.703158663437102,0.999542903650367
"PTI98_000583",8.30480704900714,-0.573513789839401,0.761900260955739,-0.752741295980102,0.451605389210286,0.999542903650367
"PTI98_000585",4.29307100406144,-0.414122311274108,0.838578238692613,-0.493838609406018,0.621420163473383,0.999542903650367
"PTI98_000586",49.7803705003603,-0.823648479557029,0.571555788202139,-1.4410640160742,0.149566598271526,0.999542903650367
"PTI98_000588",5.24041538243271,-0.210906755860794,0.837907856462558,-0.251706383027832,0.801268022880038,0.999542903650367
"PTI98_000589",4.54554466251056,0.189660036386726,0.860251344871896,0.220470490999313,0.825504751752978,0.999542903650367
"PTI98_000590",7.2180589509018,-0.397898814149825,0.800879890072266,-0.496827076172335,0.619310999763997,0.999542903650367
"PTI98_000595",21.2854641397452,-0.733829226304677,0.663555948773201,-1.10590407283877,0.268768041766924,0.999542903650367
"PTI98_000596",2.65599647681394,-0.232849223636622,1.02065391557445,-0.228137295202134,0.819539507098038,0.999542903650367
"PTI98_000597",29.9257452670696,1.27035306987055,0.752062054466103,1.68915990685422,0.0911887900083821,0.999542903650367
"PTI98_000599",3.27731626589675,-0.318129771215901,0.98723535688556,-0.322243089246223,0.747268543501437,0.999542903650367
"PTI98_000602",25.8069980515301,-0.149929976393424,0.621259700913517,-0.241332209658799,0.809297648799522,0.999542903650367
"PTI98_000606",9.41586727631203,0.102382339401011,0.700102827819335,0.146239002804644,0.88373271672537,0.999542903650367
"PTI98_000607",9.64885383093656,0.172893571325117,0.743816237749218,0.23244124361723,0.81619531820727,0.999542903650367
"PTI98_000608",19.3183346780388,-0.477792896868039,0.61514812741295,-0.776711942337257,0.437328739442133,0.999542903650367
"PTI98_000610",5.33010728463311,-0.889835508559855,0.849649488695326,-1.04729717418678,0.294962538990544,0.999542903650367
"PTI98_000613",4.96058380371415,-0.851875996115395,1.01878460645423,-0.836168892539762,0.403059895854159,0.999542903650367
"PTI98_000621",2.40937683052113,0.170088824810559,1.2240128476427,0.138959999593247,0.889481758005623,0.999542903650367
"PTI98_000625",3.27094363445253,0.0609912233111664,1.07125164405569,0.0569345434843465,0.954597337209778,0.999542903650367
"PTI98_000627",2.85861531176392,0.342315982271115,1.06318661552419,0.321971681427105,0.747474148042056,0.999542903650367
"PTI98_000629",8.31832524477206,0.0774158358148828,0.703839240417036,0.109990792455693,0.912416677164018,0.999542903650367
"PTI98_000630",3.68587023477994,-0.205818476648863,1.25544857480515,-0.163940189012366,0.869778228832468,0.999542903650367
"PTI98_000633",3.44999453882474,1.29866622989092,1.12423365513152,1.15515686971583,0.248026193204802,0.999542903650367
"PTI98_000634",6.3083153402889,0.484569251390857,0.830124981840714,0.583730476724573,0.559401659358944,0.999542903650367
"PTI98_000635",2.42697393217146,-0.216159399983056,1.16798615049315,-0.185070173898714,0.853173995249036,0.999542903650367
"PTI98_000639",10.2705486336511,-0.151078186344802,0.75123735867366,-0.201105795126506,0.840615850712518,0.999542903650367
"PTI98_000653",6.53951898425659,-0.801220291340198,0.80675843987079,-0.993135307600279,0.320644019589202,0.999542903650367
"PTI98_000658",3.41572176972842,0.274905037477158,0.955108844662254,0.287825873473478,0.773480030894394,0.999542903650367
"PTI98_000659",25.6934436024893,-0.378694810682678,0.540431964868306,-0.700726151116837,0.48347393263661,0.999542903650367
"PTI98_000662",12.3749900386637,-1.42303847787385,0.911069303576704,-1.56194317192693,0.118301376895095,0.999542903650367
"PTI98_000664",4.73260318329313,1.2071747708478,0.971450893971133,1.24265135617208,0.213996336391525,0.999542903650367
"PTI98_000668",5.66302972603608,0.734493038157664,0.772450369971425,0.950861138411824,0.341674871577297,0.999542903650367
"PTI98_000669",23.596204586614,0.310121755387147,0.65225212572982,0.475463004494075,0.634456996297209,0.999542903650367
"PTI98_000675",10.9032684286951,-0.412391855027909,0.654110491802873,-0.630462070546011,0.528392311214139,0.999542903650367
"PTI98_000679",5.89308814547278,0.793674067609984,0.813425203434578,0.975718559320271,0.329203952487198,0.999542903650367
"PTI98_000680",7.7823418155458,0.203716214765464,0.725304936110315,0.280869748188892,0.778810304461622,0.999542903650367
"PTI98_000684",6.02081595008051,0.251238530842928,0.830052245932312,0.302677972469959,0.762135286243102,0.999542903650367
"PTI98_000703",9.88867883209198,0.0857150585789537,0.696962154034373,0.122983806341264,0.902119921280515,0.999542903650367
"PTI98_000705",30.6103873067577,2.16871473842274,0.9418901508512,2.30251344752128,0.0213062339486795,0.999542903650367
"PTI98_000706",7.01541373895082,0.763218041555022,0.846693548393457,0.90141001192601,0.367370360100933,0.999542903650367
"PTI98_000707",3.35969531520825,-0.267053841468201,1.02909031985053,-0.259504764855808,0.795245806093713,0.999542903650367
"PTI98_000708",15.0419205263503,0.261002390927184,0.620737504244198,0.420471437834222,0.6741410905164,0.999542903650367
"PTI98_000709",4.74942462705789,-1.2723398291432,1.04353839799128,-1.21925540218965,0.22274726995628,0.999542903650367
"PTI98_000710",4.51364693193903,-0.571756209174771,0.897711693935296,-0.636904045070824,0.524187347769642,0.999542903650367
"PTI98_000714",48.7802860342295,0.575661809702285,0.484648793652113,1.1877916900697,0.234915489123688,0.999542903650367
"PTI98_000715",2.61409476831273,0.830207542626939,1.16546460152979,0.71234041903736,0.476254000694632,0.999542903650367
"PTI98_000717",3.92531432991344,-0.757978287075336,0.972474455101109,-0.779432593935363,0.435724929988045,0.999542903650367
"PTI98_000720",13.4362406048643,-0.232411297941809,0.627836852970614,-0.370177852482142,0.711249977473059,0.999542903650367
"PTI98_000721",2.89267840377581,1.31930827197654,1.14773510574663,1.14948847113837,0.250354617935971,0.999542903650367
"PTI98_000724",6.66666352093309,-0.0381594383075972,0.871045181688035,-0.0438087932862983,0.965056817786409,0.999542903650367
"PTI98_000727",2.99391866819752,0.0756582891662691,1.0819126181604,0.0699301291955653,0.944249272193552,0.999542903650367
"PTI98_000728",16.2106041839517,0.367497484346467,0.748850445816022,0.490748835631666,0.623604101469469,0.999542903650367
"PTI98_000729",2.81640601884149,0.851599526176709,1.18741099498637,0.717190197642129,0.47325674680175,0.999542903650367
"PTI98_000737",5.74022675988876,0.709969219459542,0.897958795032474,0.790647882048826,0.429149497152772,0.999542903650367
"PTI98_000738",29.6926883455991,-0.058740152056843,0.527998066857374,-0.111250695303607,0.911417552060376,0.999542903650367
"PTI98_000740",6.06301596151393,-0.600750381390089,0.812463098729052,-0.739418666927583,0.459652810641602,0.999542903650367
"PTI98_000743",2.653908378433,-1.02650713408249,1.02344457743491,-1.002992401069,0.315864527668427,0.999542903650367
"PTI98_000744",4.15133456610402,-0.400689425375591,0.912300790956629,-0.439207583011555,0.660511130991713,0.999542903650367
"PTI98_000746",15.2795754833917,-0.562092355161443,0.695480816173813,-0.80820684350978,0.418971518805457,0.999542903650367
"PTI98_000747",90.6937607385338,0.310969986387098,0.494297931318266,0.629114480729784,0.52927411090308,0.999542903650367
"PTI98_000748",5.32391305956193,0.0329869857032544,0.890915748153921,0.0370259317692017,0.970464329351233,0.999542903650367
"PTI98_000749",6.14417318130433,0.335775796227364,0.813729769806203,0.412637964944224,0.679871881551199,0.999542903650367
"PTI98_000751",10.4739862897039,-0.725193668958357,0.658652807087488,-1.10102570148468,0.270885471387187,0.999542903650367
"PTI98_000752",4.43257288384081,0.246708734283887,0.974250916922417,0.253229152776393,0.80009113984288,0.999542903650367
"PTI98_000753",50.6831998799125,0.0538768070488417,0.519614934613357,0.10368602490021,0.91741851738673,0.999542903650367
"PTI98_000757",4.55048258714739,0.271393029038497,0.84615204490388,0.320737898907195,0.74840902421848,0.999542903650367
"PTI98_000758",2.1318435545101,-0.395581509130668,1.10135489569413,-0.359177146873581,0.719462571666066,0.999542903650367
"PTI98_000759",7.90977868809349,1.13217935653995,0.815066121732912,1.38906442845744,0.164813159272572,0.999542903650367
"PTI98_000760",5.41570647321167,0.0805505304537637,0.861324087918593,0.0935194215320457,0.925490921157091,0.999542903650367
"PTI98_000761",15.1715110992465,-0.341227126229298,0.601944422568418,-0.566874803446681,0.570799243969885,0.999542903650367
"PTI98_000762",3.61908521947641,0.259704549615908,0.954723078890742,0.272020814577615,0.785606014885444,0.999542903650367
"PTI98_000764",4.19136415671826,0.506633351727308,0.912638368038328,0.555130454153809,0.578805433613198,0.999542903650367
"PTI98_000768",2.89491677555027,1.44267250340977,1.16804433164658,1.23511793544347,0.216786615271842,0.999542903650367
"PTI98_000769",6.73444596430782,0.134981513533548,0.863511392036437,0.156317003780597,0.875783154014375,0.999542903650367
"PTI98_000771",4.55174971427278,0.484292431301783,0.918415478074295,0.527313011228025,0.597976240267123,0.999542903650367
"PTI98_000773",13.7899542669565,0.00766201769608831,0.656149902116139,0.0116772366670751,0.990683124889167,0.999542903650367
"PTI98_000776",4.01284820833508,0.753335938251731,0.978328599030108,0.770023424643387,0.441285997557881,0.999542903650367
"PTI98_000778",2.99318733709271,-0.64785431500678,1.09472159537881,-0.591798241435623,0.55398570094195,0.999542903650367
"PTI98_000779",5.62246584012661,0.286519527815816,0.959653134919166,0.298565718581173,0.765271425567892,0.999542903650367
"PTI98_000780",17.4083765954406,-0.12366758390893,0.641446798550675,-0.192794763631766,0.84711970457262,0.999542903650367
"PTI98_000781",2.7406553765689,-0.240640530916069,1.11418208721373,-0.215979536628386,0.829003698530938,0.999542903650367
"PTI98_000784",2.61715877884224,0.479785871686257,1.19301860328702,0.402161265854819,0.687565346546668,0.999542903650367
"PTI98_000786",6.32597159844982,0.0557242701194933,0.884012754064359,0.0630355952030036,0.949738159797151,0.999542903650367
"PTI98_000791",89.0003882466587,-0.237163492545038,0.50904715406128,-0.465896902974312,0.641289298080129,0.999542903650367
"PTI98_000793",6.80300452846689,-0.709920034959938,0.766274756144887,-0.926456247275497,0.354208924745048,0.999542903650367
"PTI98_000795",12.9130989938766,-0.719296972670247,0.60617044512679,-1.18662494757526,0.235375590949926,0.999542903650367
"PTI98_000797",4.66407668036225,-0.852362817434655,0.892894664316379,-0.954606239121436,0.339776860833198,0.999542903650367
"PTI98_000798",2.66333670063506,1.50775735212575,1.31218828366619,1.14904040136157,0.250539321696998,0.999542903650367
"PTI98_000800",2.48414325830085,0.523937716371145,1.17961848776326,0.444158617219209,0.656927909225623,0.999542903650367
"PTI98_000801",5.32263905651847,-0.799221520412232,0.918560328510362,-0.870080598525671,0.384256359555127,0.999542903650367
"PTI98_000806",10.701462000415,0.554676454712816,0.788651457625481,0.703322677400317,0.481854681351563,0.999542903650367
"PTI98_000807",8.63015413667125,0.685117850037401,0.819900333684585,0.835611136976272,0.403373701362311,0.999542903650367
"PTI98_000809",6.01923935009952,-0.442769586520423,0.84804232939262,-0.522107884446689,0.601595217167237,0.999542903650367
"PTI98_000810",4.00031464760962,0.283959740148535,0.965502060798252,0.294105783589695,0.768677071568151,0.999542903650367
"PTI98_000811",10.7459226623919,0.0572154810383775,0.656404379860641,0.0871649897438599,0.930540367541609,0.999542903650367
"PTI98_000812",12.9570541384622,0.598034526440396,0.638484898991094,0.936646312834311,0.348940520786632,0.999542903650367
"PTI98_000813",13.1540977035244,-0.551326355874205,0.644084647078006,-0.855984315687985,0.392006454992027,0.999542903650367
"PTI98_000814",21.8141286843797,-0.418892639802846,0.590388369858455,-0.709520480397124,0.478001546763048,0.999542903650367
"PTI98_000815",35.8845534164468,-0.199159411175729,0.522107444509347,-0.381452923665723,0.702867196696705,0.999542903650367
"PTI98_000817",4.47104894169739,0.166229563917886,0.851813437512106,0.195147853505802,0.845277200978825,0.999542903650367
"PTI98_000818",4.75691921173464,0.568856691485198,0.840566496448493,0.676753943785167,0.498562084126119,0.999542903650367
"PTI98_000819",24.6645705265181,0.405299365465962,0.502652285505764,0.80632154105925,0.420057473080849,0.999542903650367
"PTI98_000820",81.0023593403455,-0.0855266018995123,0.469090809471136,-0.182324190055945,0.855328315919753,0.999542903650367
"PTI98_000821",8.1806230484081,-0.74312089311764,0.914792638898266,-0.812338076979522,0.416597667412384,0.999542903650367
"PTI98_000822",6.63802081602819,0.10177024489772,0.829513476601972,0.122686668472961,0.90235522112389,0.999542903650367
"PTI98_000823",4.94113377525837,0.280123443396463,0.832693526557465,0.336406414199656,0.736564413233867,0.999542903650367
"PTI98_000824",3.38708113440556,-0.810776036189713,1.03782912222079,-0.781223053805603,0.434671316854922,0.999542903650367
"PTI98_000826",2.22877835202908,-0.118958210583891,1.20149856255864,-0.0990082005013515,0.921131759040167,0.999542903650367
"PTI98_000827",69.6510833051471,0.145756773417878,0.506992680553171,0.287492855436976,0.773734971689035,0.999542903650367
"PTI98_000829",4.35346563659719,0.991767260657512,0.99912528404789,0.992635534794427,0.320887601073485,0.999542903650367
"PTI98_000833",2.66637086825212,0.246941454998939,1.13013655348402,0.218505855984978,0.827034996135603,0.999542903650367
"PTI98_000834",2.84840914414093,0.982690230094557,1.16884585045664,0.840735525313836,0.400496113991783,0.999542903650367
"PTI98_000838",7.49909072494221,-0.512312704130845,0.834209446973556,-0.614129588186125,0.539129697479514,0.999542903650367
"PTI98_000839",2.92951158700503,0.416416656796268,1.06256293774833,0.391898345032338,0.69513332585075,0.999542903650367
"PTI98_000842",2.89269512364748,0.0944174270415839,1.03809266787934,0.0909527925232952,0.927530101620786,0.999542903650367
"PTI98_000843",3.41655113175113,0.427548067228911,1.13409374178452,0.376995350098797,0.706177060495703,0.999542903650367
"PTI98_000846",3.85931091230314,0.374245130532486,0.97643466421348,0.383277186122782,0.701514252933785,0.999542903650367
"PTI98_000847",6.90670864932088,0.070407255150407,0.796693967028646,0.0883742792894469,0.929579203449063,0.999542903650367
"PTI98_000848",16.3061836316294,-0.452468516165724,0.888613995480629,-0.509184548596936,0.610622872550452,0.999542903650367
"PTI98_000851",93.5142211640599,-0.20701164103293,0.466388507942952,-0.443860938911152,0.657143126845812,0.999542903650367
"PTI98_000853",6.65336144967366,0.44749068647424,0.829442773460152,0.53950760774907,0.589536648990084,0.999542903650367
"PTI98_000854",4.97855917590834,-0.270446434388349,0.829409720848636,-0.326070972632963,0.744370658327718,0.999542903650367
"PTI98_000860",16.6595864125285,1.22366961810026,0.960903089327371,1.27345788736805,0.202855607183683,0.999542903650367
"PTI98_000866",3.54903807131926,-0.0271026848998981,0.927766197945164,-0.0292128393553524,0.976694841279787,0.999542903650367
"PTI98_000867",3.69410813541313,-0.323954892893533,0.932976752222696,-0.347227186660067,0.728420647947808,0.999542903650367
"PTI98_000868",5.63114517475238,-3.11416074859086,1.38768955838832,-2.24413358864478,0.024823807414654,0.999542903650367
"PTI98_000869",3.10695257102496,0.0556096178486225,1.04149409425408,0.0533940789058915,0.95741792283365,0.999542903650367
"PTI98_000870",4.06975591250555,0.351955870462906,0.980085233878072,0.359107410556796,0.719514738049156,0.999542903650367
"PTI98_000871",2.81985440692756,0.761929127869242,1.25921770323957,0.605081334156151,0.545124955991752,0.999542903650367
"PTI98_000873",3.06044033363055,0.3524656278687,1.14325585379668,0.308299867171626,0.757854167106624,0.999542903650367
"PTI98_000874",5.03125174510198,1.96185260690657,1.25986372521146,1.55719429621429,0.119424362180788,0.999542903650367
"PTI98_000875",25.0992089768604,-0.221081236300367,0.601956748062902,-0.36727096591542,0.713416908944278,0.999542903650367
"PTI98_000880",4.93405209133861,-0.0946362827917763,0.838727566292485,-0.112833161320913,0.910162827282266,0.999542903650367
"PTI98_000882",10.9395527301113,-0.0943279581569837,0.623183881671434,-0.15136456659307,0.879688139133389,0.999542903650367
"PTI98_000883",20.0914085562207,0.0732129340820598,0.585058782731028,0.125137740416963,0.900414505582765,0.999542903650367
"PTI98_000884",3.64671644507023,0.502379906540267,0.943990270803256,0.532187589298758,0.594596077731046,0.999542903650367
"PTI98_000886",4.74235474925178,0.294056805117253,0.970633968448293,0.302953342532766,0.761925418852223,0.999542903650367
"PTI98_000887",309.402472770042,0.372582558454565,0.677606663753549,0.549850788642887,0.582421720011891,0.999542903650367
"PTI98_000888",4.56462214700361,0.551417804227404,0.918257030855031,0.60050485397749,0.548169826935837,0.999542903650367
"PTI98_000890",2.5890152425426,-0.451046252473458,1.16545164464295,-0.387014128425414,0.698745748457782,0.999542903650367
"PTI98_000892",8.97755271105505,-0.00159770102455335,0.741342189935489,-0.0021551464981271,0.998280443214001,0.999542903650367
"PTI98_000896",11.770526871065,0.483283012992098,0.761819895842236,0.634379616008585,0.525833109185547,0.999542903650367
"PTI98_000898",2.72701204966407,0.51061121584239,1.0108088941055,0.505151091190433,0.613452719052106,0.999542903650367
"PTI98_000899",15.8467604440342,0.458480823098204,0.890597614315914,0.51480131512633,0.606691866270515,0.999542903650367
"PTI98_000901",5.75012876319564,0.122867608680973,0.84147125771664,0.146015217458976,0.883909375384875,0.999542903650367
"PTI98_000905",4.40646230113026,-0.181243903266581,0.955585828932532,-0.189667843305133,0.849569420691797,0.999542903650367
"PTI98_000907",3.65560222063543,-0.15883277782651,1.07641480698325,-0.147557221246012,0.882692217930941,0.999542903650367
"PTI98_000908",2.10837207256907,-0.516586148000931,1.24958253142691,-0.413406985940365,0.679308457177327,0.999542903650367
"PTI98_000910",2.93024836396305,0.76595305259284,1.24454094982357,0.615450261159685,0.538257407433196,0.999542903650367
"PTI98_000911",4.10525417792871,0.577300434022152,0.891899405570443,0.647270791320822,0.517456701975178,0.999542903650367
"PTI98_000912",11.2694008616186,0.727357743445235,0.819999027660586,0.887022690161411,0.375066684496291,0.999542903650367
"PTI98_000914",4.16320761758849,1.04083539277223,1.08185119388686,0.962087391180603,0.336005707242783,0.999542903650367
"PTI98_000928",7.58801794275028,-0.475686868705679,0.736125599785,-0.646203404479633,0.518147635017058,0.999542903650367
"PTI98_000929",3.6806118741985,0.412450602381857,0.948127290522029,0.435016064303735,0.663550767110113,0.999542903650367
"PTI98_000931",5.24307185355061,0.643971565091387,0.938321460246966,0.686301648607604,0.492522909582239,0.999542903650367
"PTI98_000936",12.06827471146,0.715269833592605,0.720895031909448,0.992196924562035,0.321101472457731,0.999542903650367
"PTI98_000938",4.32175042055958,-0.290767951617133,0.87969684473971,-0.330531993329096,0.740998022541214,0.999542903650367
"PTI98_000951",38.3515289961557,-0.162424201755934,0.50356856189488,-0.32254635028197,0.747038829880903,0.999542903650367
"PTI98_000952",4.93104396438592,-0.124158505218476,0.852789169430235,-0.145591090587406,0.884244201720414,0.999542903650367
"PTI98_000953",7.03951126863593,-0.108748801518147,0.740649805486405,-0.146828907146919,0.883267067355749,0.999542903650367
"PTI98_000955",40.9053605700191,-0.433109824938552,0.525002498036995,-0.824967169790557,0.409390229743732,0.999542903650367
"PTI98_000957",2.80513193024395,-0.0970108012720187,1.05779722124401,-0.0917102061942746,0.926928288198538,0.999542903650367
"PTI98_000959",4.85242063830785,-1.11456319447899,1.08774073761449,-1.02465886946859,0.305524176685035,0.999542903650367
"PTI98_000961",17.1338744091452,-0.282845421052186,0.694224138610233,-0.40742665851178,0.683694650580567,0.999542903650367
"PTI98_000962",3.7534493871085,0.757587758195224,1.00244957947485,0.755736521523709,0.449807182572511,0.999542903650367
"PTI98_000967",14.8225088154618,0.48126363029615,0.824220765774405,0.58390136512027,0.559286674688558,0.999542903650367
"PTI98_000969",7.30599906268903,-0.710543379694161,0.834874738976287,-0.851077828232557,0.394726120858551,0.999542903650367
"PTI98_000970",3.11835083375882,-0.118822836445712,1.02833448583137,-0.115548820041417,0.908010126784356,0.999542903650367
"PTI98_000976",4.74170031423949,0.0120641123466379,0.898269317724643,0.0134303956603982,0.989284416796225,0.999542903650367
"PTI98_000977",4.07916341751521,-0.0539299332842253,0.921252976381353,-0.0585397655875806,0.95331868842952,0.999542903650367
"PTI98_000978",4.81250418338629,-0.480968820364619,0.960478613656924,-0.500759531264709,0.616540369795817,0.999542903650367
"PTI98_000979",4.49548796740175,0.242945752116193,0.977928354276756,0.248428988743115,0.803802506675452,0.999542903650367
"PTI98_000980",16.1731065926707,-0.298797848448738,0.62731183549088,-0.476314699554368,0.633850194580526,0.999542903650367
"PTI98_000983",4.40380933972755,-0.29317987087366,0.858480629935103,-0.341510175827524,0.73271954564256,0.999542903650367
"PTI98_000984",25.3490055145072,0.0997563387451189,0.644056575511974,0.154887540222411,0.876909976565797,0.999542903650367
"PTI98_000990",4.37472028879198,0.757479860785402,1.06554894846747,0.710882275164226,0.477157190598943,0.999542903650367
"PTI98_000992",47.9762295750187,0.320259963465571,0.546568411466987,0.585946711786718,0.557911325352448,0.999542903650367
"PTI98_000994",1.55819431701573,0.080907356263349,1.35809168726833,0.059574296066922,0.952494690764579,0.999542903650367
"PTI98_000996",20.4281551069824,-0.250598473328529,0.531421028741601,-0.471562960016737,0.637238770262001,0.999542903650367
"PTI98_000997",6.74820735909971,0.249073722566583,0.749178674956471,0.332462376323051,0.739540144848455,0.999542903650367
"PTI98_001003",11.4693971576898,-0.619387147613164,0.726998496564162,-0.851978581166846,0.394225980136168,0.999542903650367
"PTI98_001005",43.1860182172577,-0.998441947619159,0.752290010105317,-1.32720351753625,0.184441369133538,0.999542903650367
"PTI98_001008",7.4526475467059,0.125676067910237,0.773808902787156,0.16241227964368,0.870981201463634,0.999542903650367
"PTI98_001016",2.54170160027427,-0.189187439631264,1.1785496175401,-0.1605256467913,0.872467020367226,0.999542903650367
"PTI98_001023",7.56190154146486,-0.749973638478494,0.76535483409235,-0.979903183557863,0.327133911356087,0.999542903650367
"PTI98_001024",4.61728602791739,1.14927798788983,0.964777887396772,1.19123583044683,0.233561017130907,0.999542903650367
"PTI98_001025",5.36245698016152,0.240042797067407,0.796442412066006,0.301393789972493,0.763114229180559,0.999542903650367
"PTI98_001026",1.70733105854809,0.4379682490157,1.40574038189305,0.311556994916733,0.755377221529875,0.999542903650367
"PTI98_001027",4.06392138620008,1.20556623601335,0.925498062790363,1.3026134623973,0.192706759346825,0.999542903650367
"PTI98_001028",12.3275632670656,0.293546813099726,0.654669035623311,0.448389639843345,0.653872017409887,0.999542903650367
"PTI98_001029",6.65005356134839,-0.108064728234187,0.812912349060656,-0.132935276920149,0.89424456753651,0.999542903650367
"PTI98_001030",3.62833900909936,0.279359627183807,0.964480041309114,0.289647908944414,0.772085611266758,0.999542903650367
"PTI98_001033",18.0178825522486,-0.368462710024874,0.700371647439142,-0.526095982571727,0.598821519840425,0.999542903650367
"PTI98_001034",2.01979167488513,-0.747232310135147,1.56804547226758,-0.476537398532558,0.633691570244277,0.999542903650367
"PTI98_001038",5.6670897540525,0.387968757270174,0.809079671494156,0.479518607300686,0.631569734097001,0.999542903650367
"PTI98_001039",26.1392733769316,1.03862721316626,0.845753589591717,1.2280494294652,0.219428413094649,0.999542903650367
"PTI98_001041",4.07172441294462,0.10382661957911,0.95599446955486,0.108605878889084,0.913515097661169,0.999542903650367
"PTI98_001046",31.923925494493,0.130055975956456,0.540507847359554,0.240618108676488,0.809851113789358,0.999542903650367
"PTI98_001048",2.30954363563737,-1.11601723998042,1.19237903986505,-0.93595845169061,0.349294580138936,0.999542903650367
"PTI98_001049",4.21012342506143,-0.0302181411171411,0.946211007286002,-0.0319359433408148,0.974523134608796,0.999542903650367
"PTI98_001052",14.3100278590401,-0.346132497081737,0.596931074596921,-0.579853373047237,0.562013501336814,0.999542903650367
"PTI98_001054",9.26686805019929,0.665037839415937,0.740241119036745,0.898407049153567,0.368968579743588,0.999542903650367
"PTI98_001056",5.71731764461813,-2.42334850720768,1.91787355426116,-1.26356010375316,0.206387961001254,0.999542903650367
"PTI98_001057",8.99351981522577,-0.87936200875391,1.01790235046012,-0.863896235583321,0.387644894959981,0.999542903650367
"PTI98_001059",4.01012987934591,-0.170169130348523,0.983979733005765,-0.172939670036401,0.862698849243129,0.999542903650367
"PTI98_001063",6.64034436065635,-0.388324756437416,0.767524926949393,-0.505944162596585,0.612895848567641,0.999542903650367
"PTI98_001064",4.89310707569149,0.576658028392823,0.882668010253621,0.6533124818097,0.513554847219902,0.999542903650367
"PTI98_001065",11.9621229851531,-0.0397907876893195,0.694232184303367,-0.0573162532492611,0.954293273415846,0.999542903650367
"PTI98_001066",4.26236023159359,-0.674625319034162,1.04249734271687,-0.647124257675335,0.517551526814499,0.999542903650367
"PTI98_001068",21.1664775317187,0.380226178329519,0.703693683505049,0.540329105180594,0.588970089820576,0.999542903650367
"PTI98_001069",4.7798967289856,0.140111818919974,0.857293816027466,0.163435004779604,0.870175943567606,0.999542903650367
"PTI98_001073",29.4411503627429,-5.00486655731651,1.95705767385941,-2.55734239423138,0.0105475341894837,0.999542903650367
"PTI98_001074",3.54801271321561,0.382814567337511,1.00094905443279,0.382451599951249,0.702126422734624,0.999542903650367
"PTI98_001075",21.4283145526203,0.220571705529353,0.628374516957607,0.351019494866361,0.725573723055082,0.999542903650367
"PTI98_001076",10.0440486103957,0.838293888149887,0.859764370915884,0.975027480211672,0.329546628929131,0.999542903650367
"PTI98_001078",20.6229788465088,0.818920864128647,0.665702369227277,1.23016065735085,0.218636949302925,0.999542903650367
"PTI98_001081",4.42981393211714,-0.50644162447045,0.951854537067186,-0.532057793232647,0.594685968554756,0.999542903650367
"PTI98_001083",15.2152685068804,-0.0377119206515626,0.624276468776328,-0.0604090055252018,0.951829886386225,0.999542903650367
"PTI98_001086",4.21267509263474,-0.526212416664222,0.915700168439123,-0.574655804160426,0.565524103085963,0.999542903650367
"PTI98_001088",17.5723139824448,-0.071621100578694,0.583252098694921,-0.122796130076433,0.902268538819976,0.999542903650367
"PTI98_001090",4.11397529349312,3.12242248762848,1.26938370162067,2.45979405883498,0.0139016761053917,0.999542903650367
"PTI98_001093",12.9600299689325,-0.265859452727048,0.763873548252739,-0.348041182123883,0.727809255746882,0.999542903650367
"PTI98_001095",4.02504959895707,-1.36172688701513,0.937136729508984,-1.45307172810163,0.146203839773018,0.999542903650367
"PTI98_001098",2.23510507724598,-0.192489800247081,1.19180434214584,-0.161511242609255,0.87169075728378,0.999542903650367
"PTI98_001100",2.62953611231755,0.10220580890109,1.12314010865192,0.0910000525435468,0.927492549307086,0.999542903650367
"PTI98_001102",8.70273444863723,-0.419300645006165,0.70892695447114,-0.591458178253307,0.554213469064608,0.999542903650367
"PTI98_001106",15.6247119287083,0.088789740320066,0.622627944133404,0.142604811037909,0.886602297661033,0.999542903650367
"PTI98_001107",9.52676727140272,0.582112399563531,0.732325817477705,0.794881712034211,0.426682313260909,0.999542903650367
"PTI98_001111",27.9945740629513,0.0180621401214374,0.533923205922344,0.0338290973703519,0.973013432873562,0.999542903650367
"PTI98_001113",4.26100702859976,-0.4133244706673,1.02862733929292,-0.401821393305976,0.687815476555941,0.999542903650367
"PTI98_001114",65.6596657134384,0.496735454437794,0.516500489400696,0.961732785605226,0.336183848934481,0.999542903650367
"PTI98_001115",70.1672965282163,0.203462819334374,0.478999937317267,0.424765857953777,0.671007368975956,0.999542903650367
"PTI98_001116",3.24866531562963,0.169501837846401,1.01549066384576,0.166916195176509,0.867435990010917,0.999542903650367
"PTI98_001118",5.57385348444551,0.457074178795886,0.889287478385171,0.513977976644709,0.607267388392262,0.999542903650367
"PTI98_001120",40.6673500806606,-0.0709173424500156,0.497687017873967,-0.142493856385811,0.886689931750268,0.999542903650367
"PTI98_001122",1.5130425652029,-0.258482698135876,1.3600984847046,-0.19004704515351,0.849272265551063,0.999542903650367
"PTI98_001123",4.71010201664925,0.690287414486114,0.82291214369219,0.83883488629658,0.401561970982339,0.999542903650367
"PTI98_001124",2.73375882561978,1.16551632628445,1.19454685759231,0.975697452868128,0.329214414850532,0.999542903650367
"PTI98_001125",8.0856431867304,0.488066911554224,0.819748098124387,0.595386451851414,0.551585179575687,0.999542903650367
"PTI98_001126",3.29026635776484,0.396996757934864,1.14004096026555,0.348230258185101,0.727667265441881,0.999542903650367
"PTI98_001127",5.27081893510395,1.05876763799997,1.0117425246863,1.04647932864961,0.295339783911214,0.999542903650367
"PTI98_001128",9.38788957419261,0.301829661688229,0.781241880539765,0.386345982219608,0.699240450140391,0.999542903650367
"PTI98_001131",2.87858885811976,0.163462265844851,1.2272767120916,0.133191043416988,0.894042294055345,0.999542903650367
"PTI98_001132",2.38002044865033,-3.39579404380047,1.49962255463715,-2.2644324955636,0.0235475272258111,0.999542903650367
"PTI98_001133",4.73824237747026,0.721894785662064,1.10031575492826,0.656079659342085,0.511772871235855,0.999542903650367
"PTI98_001137",21.4902265704681,-0.466880415199126,0.642677462342351,-0.726461471820559,0.467555918467745,0.999542903650367
"PTI98_001140",3.90304143026916,-0.531862165366446,1.21502641184905,-0.437737122567608,0.66157685581341,0.999542903650367
"PTI98_001141",4.33404276683872,0.492778901444714,0.956866257795815,0.514992453156257,0.606558293679576,0.999542903650367
"PTI98_001142",6.2027948898646,-0.0876767449185564,0.895362237219415,-0.0979232106000363,0.921993269165966,0.999542903650367
"PTI98_001143",14.4208502328387,0.0125783876238157,0.697444368724673,0.0180349690783455,0.985610956652362,0.999542903650367
"PTI98_001144",15.928375407174,0.714685266305281,0.665734100401326,1.0735296057006,0.283033562657462,0.999542903650367
"PTI98_001145",4.97146192151372,0.245870958898747,1.02973356311485,0.23877143341333,0.811282822436322,0.999542903650367
"PTI98_001147",3.78267409951281,-0.628564878986303,0.925305587569698,-0.679305180288837,0.496944514806697,0.999542903650367
"PTI98_001148",6.85202314422137,0.135445717853928,0.799569820797218,0.169398236815493,0.865483410281738,0.999542903650367
"PTI98_001149",14.2154934712794,0.741651436417781,0.691143228879079,1.07307921922438,0.283235573933529,0.999542903650367
"PTI98_001151",5.54740653595902,-1.59292039273,0.915288891337895,-1.74034712734424,0.0817980835292849,0.999542903650367
"PTI98_001152",7.57622061137693,-0.0131837344255289,0.804631659217998,-0.0163848069790615,0.986927400398109,0.999542903650367
"PTI98_001154",7.87712857915036,-0.256290033005419,0.783546051016644,-0.327089942796451,0.743599858306836,0.999542903650367
"PTI98_001157",4.80694416422382,-0.0645380117093115,1.00785583159858,-0.0640349638171428,0.948942386825435,0.999542903650367
"PTI98_001158",16.1765894843277,-0.267931658989234,0.610005772917123,-0.439228071085215,0.660496286996188,0.999542903650367
"PTI98_001159",4.13728104086568,-1.72581947451918,1.12567929239382,-1.53313602389286,0.125242343350591,0.999542903650367
"PTI98_001160",5.2619351126723,-0.335950783083175,0.821030323090086,-0.40918194326705,0.682406144543055,0.999542903650367
"PTI98_001161",4.53921756538096,-1.37728085919709,0.954051040634242,-1.44361339229974,0.148847755640389,0.999542903650367
"PTI98_001163",3.4256385766233,1.08396188537616,0.979692235499073,1.10643102609053,0.268540002653474,0.999542903650367
"PTI98_001166",1.56963328897038,-1.65577525630394,1.39753478324979,-1.18478285918125,0.236103311442153,0.999542903650367
"PTI98_001167",12.0015377082019,-0.0911932344351651,0.615706852494929,-0.148111449573182,0.882254813654908,0.999542903650367
"PTI98_001172",4.29998753840736,0.402071249406689,0.955947940572886,0.42059952466212,0.674047540897569,0.999542903650367
"PTI98_001176",4.89675979073711,0.223269508153835,0.914920861041551,0.244031497871482,0.807206425440673,0.999542903650367
"PTI98_001179",13.4350657837457,0.31822207341747,0.831125970234776,0.382880676111683,0.701808239830533,0.999542903650367
"PTI98_001180",7.35879220103825,-0.379340669833036,0.82078700671678,-0.462167001583555,0.643961565044888,0.999542903650367
"PTI98_001181",29.8296161976609,-0.599661970238552,0.573083488123222,-1.04637802809914,0.295386532964419,0.999542903650367
"PTI98_001183",7.7040579902954,0.109531246905183,0.780113390341252,0.14040426463808,0.888340588537511,0.999542903650367
"PTI98_001184",5.23539878553725,2.07586103946536,1.28916326599564,1.61023905522326,0.107345678304621,0.999542903650367
"PTI98_001185",32.4548813604251,-2.37333772804377,1.59166592513796,-1.49110293219229,0.135934472624299,0.999542903650367
"PTI98_001186",34.8606845944643,-0.787117193801285,0.578796205186492,-1.35992113760952,0.173854881202897,0.999542903650367
"PTI98_001188",12.2357500465471,-0.2790833713966,0.682607199918528,-0.408849146961693,0.682650370144116,0.999542903650367
"PTI98_001190",20.2381584962185,0.385037876053314,0.564984629822653,0.681501505933313,0.49555421420046,0.999542903650367
"PTI98_001191",7.28334425112131,0.459501136210774,0.767758221750468,0.598497187256587,0.549508235159829,0.999542903650367
"PTI98_001192",8.12143037288716,0.233229810626838,0.713872361780424,0.326710800296504,0.743886630698084,0.999542903650367
"PTI98_001193",4.23114156848509,0.434164294274873,0.876325024561675,0.495437517024046,0.620291317534927,0.999542903650367
"PTI98_001194",10.0510594134087,-0.0292092299202527,0.668851808586938,-0.0436707048486004,0.965166891074192,0.999542903650367
"PTI98_001195",7.53549966384861,-0.718410390377031,0.76138109419533,-0.943562160728836,0.345393436273806,0.999542903650367
"PTI98_001196",59.4783135299177,0.331940654726246,0.512122235354395,0.648166847308511,0.516877041994879,0.999542903650367
"PTI98_001198",7.98852984127179,0.419624387669094,0.776885454786887,0.540136753859299,0.589102725528973,0.999542903650367
"PTI98_001199",5.0788815386803,-0.292608577722582,0.896641562263024,-0.326338405487328,0.744168333913886,0.999542903650367
"PTI98_001201",4.75445727507012,0.181535347569208,0.892326934881324,0.203440398886258,0.838790826220287,0.999542903650367
"PTI98_001202",6.99348754534156,-0.202866118723216,0.799755213288187,-0.253660264231518,0.799758034700434,0.999542903650367
"PTI98_001203",14.3106765532523,-0.114906036714332,0.653452378264382,-0.175844545886467,0.860416072308733,0.999542903650367
"PTI98_001205",4.02566566522577,0.766185332351271,0.969078709371063,0.790632716354412,0.429158349552134,0.999542903650367
"PTI98_001208",26.4907921984856,0.103504016537838,0.532059789234521,0.1945345591456,0.845757338277163,0.999542903650367
"PTI98_001209",7.05770737408758,-0.223670922161453,0.824848549418197,-0.271166048990713,0.786263323990278,0.999542903650367
"PTI98_001212",5.75297856537575,0.73918397656879,0.774445914147382,0.954468172748495,0.339846712401746,0.999542903650367
"PTI98_001213",3.54157580092681,0.439205957374961,1.09414909177701,0.401413263215936,0.688115886004927,0.999542903650367
"PTI98_001215",76.1437039926919,0.00705341388133349,0.433777282745266,0.0162604501478137,0.987026609576786,0.999542903650367
"PTI98_001216",4.76887284201117,0.125973376666687,0.945010722891397,0.133303647900685,0.89395324274237,0.999542903650367
"PTI98_001219",9.91511990512915,-0.0280161415949216,0.658353681196609,-0.0425548491564596,0.966056388013568,0.999542903650367
"PTI98_001221",28.8157612171381,0.757372590401691,0.616667518588296,1.22817007150872,0.219383131089733,0.999542903650367
"PTI98_001223",77.8368627638189,-0.540614240996785,0.531903237498436,-1.01637704545533,0.309449872254446,0.999542903650367
"PTI98_001224",4.87245272285038,-0.123076460816498,0.92025417972005,-0.133741811261253,0.893606741539533,0.999542903650367
"PTI98_001225",21.8044660064487,-0.0339791912526637,0.53509880617978,-0.0635007794079202,0.949367738620559,0.999542903650367
"PTI98_001227",5.01571618381108,1.39785153186639,0.928463243138199,1.50555398094346,0.132181709550842,0.999542903650367
"PTI98_001229",9.36376925175475,-0.487770060811034,0.699668674658443,-0.697144346285259,0.485712463865185,0.999542903650367
"PTI98_001230",95.7310243507801,-0.717743958904261,0.538591309750242,-1.33263189715612,0.182652632259406,0.999542903650367
"PTI98_001231",5.30824768872891,-0.604271179302507,0.823749859722723,-0.733561495847668,0.463216035198968,0.999542903650367
"PTI98_001232",11.4386056164742,0.279974411742915,0.678828068208884,0.412437883544856,0.68001850081096,0.999542903650367
"PTI98_001234",182.304420953801,0.244320854302806,0.468870217978746,0.521084182646639,0.602308129143089,0.999542903650367
"PTI98_001236",5.04102818355727,0.0897164075545409,0.901445223385058,0.0995250795357733,0.9207213761614,0.999542903650367
"PTI98_001237",5.37869511168773,0.15637831291047,0.804260839316966,0.194437308477281,0.845833479370651,0.999542903650367
"PTI98_001238",173.275182823391,0.214008049176135,0.461801351440784,0.463420144848962,0.643063241825086,0.999542903650367
"PTI98_001243",6.81360289168021,0.193552242811867,0.829049136544187,0.233462932750489,0.815401949696654,0.999542903650367
"PTI98_001244",6.26657722559587,-0.0263596377498721,0.957868055735514,-0.0275190696589537,0.978045730218235,0.999542903650367
"PTI98_001245",15.429131754384,-0.182913839508423,0.628093045284684,-0.29122092798451,0.770882357685447,0.999542903650367
"PTI98_001246",18.8268479800676,-0.152451349088406,0.599844367808838,-0.254151505406799,0.799378513773787,0.999542903650367
"PTI98_001247",3.90821104822118,0.801721302916052,0.946811707348485,0.846758966638938,0.397129483975158,0.999542903650367
"PTI98_001249",2.93757547330257,-0.771195244812892,1.02044197158363,-0.755746300415369,0.44980131839487,0.999542903650367
"PTI98_001250",3.45173208420527,-0.223514034043681,1.00611851511294,-0.22215477668512,0.824193397423349,0.999542903650367
"PTI98_001251",6.66650850757636,0.0125401009496366,0.798197307168255,0.0157105277567582,0.987465328098984,0.999542903650367
"PTI98_001252",3.93891076418771,1.10871922919979,1.04667179838451,1.05928069420715,0.2894719645345,0.999542903650367
"PTI98_001253",13.4131648440837,-0.0904064393895658,0.599127569157172,-0.150896810702178,0.880057116370873,0.999542903650367
"PTI98_001257",2.31495874833993,-0.782662580277568,1.62492741031827,-0.481660026969617,0.630047476551467,0.999542903650367
"PTI98_001258",6.97205705900226,0.156743881195992,0.844451252738277,0.185616257525491,0.852745703462233,0.999542903650367
"PTI98_001259",8.98148577149165,0.280867474430873,0.753129040812738,0.372934064695972,0.709197518013949,0.999542903650367
"PTI98_001261",7.03914556951313,0.327519456943595,0.852293871619924,0.384279962404388,0.700770957693341,0.999542903650367
"PTI98_001262",7.55747571935185,0.264133056329546,0.796308611406259,0.331696847862909,0.74011818109914,0.999542903650367
"PTI98_001263",5.8265833518489,2.25032386762094,1.09907249670808,2.04747537069763,0.0406114326955708,0.999542903650367
"PTI98_001266",3.24976715048716,-0.144450814065809,1.03338109784502,-0.139784649019652,0.888830142511183,0.999542903650367
"PTI98_001267",23.0989495731527,0.221653156977091,0.578435274898725,0.3831943980524,0.701575631321676,0.999542903650367
"PTI98_001268",3.7000015116549,-0.753348679317045,0.974593000511215,-0.772987984647829,0.439529491576613,0.999542903650367
"PTI98_001269",13.4082129421145,-0.13605442316269,0.729470668699591,-0.18651116350604,0.852043925243734,0.999542903650367
"PTI98_001271",4.2082356387651,0.816994581058274,0.855773052470642,0.954686033522072,0.339736494852873,0.999542903650367
"PTI98_001273",7.55011789956198,-0.413719072402187,0.763091858920019,-0.542161559668205,0.587707213881034,0.999542903650367
"PTI98_001274",71.1805149472548,-0.585190751152288,0.508662481369942,-1.15044999893886,0.249958577024671,0.999542903650367
"PTI98_001275",3.36719554099684,0.26009406349453,1.10252291569879,0.235908079361489,0.813503998753388,0.999542903650367
"PTI98_001277",6.97761088287396,0.120018232213203,0.738355825354567,0.162547958710245,0.870874364812359,0.999542903650367
"PTI98_001280",8.06990741751161,0.226777140078504,0.740103825661761,0.306412603496181,0.759290513373541,0.999542903650367
"PTI98_001281",5.64781442727076,-0.262879365810481,0.827386040279904,-0.317722747318227,0.750695254771766,0.999542903650367
"PTI98_001285",1.57273860380525,-0.607288249952556,1.41775024485425,-0.428346425723938,0.668398923287833,0.999542903650367
"PTI98_001287",2.90313133930015,0.255541417449587,1.16828038661432,0.218732951761818,0.826858078679104,0.999542903650367
"PTI98_001290",17.7729303272751,0.695052459278057,0.662281787147911,1.04948146357953,0.293956582178855,0.999542903650367
"PTI98_001293",24.9558738029657,-2.77215571700392,1.05089300684887,-2.63790480946896,0.00834199945531399,0.999542903650367
"PTI98_001294",3.88677614300528,0.417863410052556,0.939236147079397,0.444897070190414,0.656394140020365,0.999542903650367
"PTI98_001295",5.04840097683753,0.0625980325327296,0.888982826540378,0.0704153451156532,0.943863077928964,0.999542903650367
"PTI98_001296",12.1682639217862,0.425239325132836,0.692507648174036,0.614057225583114,0.539177512648118,0.999542903650367
"PTI98_001297",3.91361691302526,-0.594128331240044,1.10634874178373,-0.537017225040767,0.591255715894413,0.999542903650367
"PTI98_001300",31.339209885839,0.524064166734686,0.664642335416789,0.78849049903818,0.430409853805972,0.999542903650367
"PTI98_001301",30.335147332551,1.05842033997304,0.542757989899437,1.95007786098026,0.0511668395432866,0.999542903650367
"PTI98_001302",7.79782074327485,-0.42215458568387,0.66939767985626,-0.63064841481751,0.528270435160522,0.999542903650367
"PTI98_001303",5.88708554812286,-0.614131474171653,0.926163080104585,-0.663092156623543,0.50727153367672,0.999542903650367
"PTI98_001304",2.75186622865449,-1.06314839296303,1.12913317124675,-0.94156156247641,0.346417156691066,0.999542903650367
"PTI98_001307",4.97691258441262,0.577439025813019,0.847716812657617,0.681169722236286,0.495764104031087,0.999542903650367
"PTI98_001310",6.13994269532408,-0.77875338735007,0.93858657209902,-0.829708639032088,0.406703535849812,0.999542903650367
"PTI98_001312",14.2954990974263,0.254523295447013,0.566412704323926,0.449360145886582,0.653171876292623,0.999542903650367
"PTI98_001314",6.19345195555403,0.571650546478743,0.805987703512986,0.709254674714193,0.478166449991041,0.999542903650367
"PTI98_001315",10.3108908424472,0.104167406158911,0.700200398025338,0.14876799049626,0.881736709402451,0.999542903650367
"PTI98_001316",18.1561172137521,0.110639294526908,0.65803819410222,0.168135064983357,0.866477024136827,0.999542903650367
"PTI98_001318",2.69615485325703,0.858997175207587,1.2118846656869,0.708810994584792,0.478441774032482,0.999542903650367
"PTI98_001319",86.1991178868333,-1.09219000201069,0.526181823436126,-2.07568934038497,0.0379226924613086,0.999542903650367
"PTI98_001320",4.69755444281353,0.437302503833805,0.868703889547946,0.503396507251012,0.614685526783813,0.999542903650367
"PTI98_001321",19.3199349564643,-0.261605972271547,0.598313024522806,-0.437239307100484,0.661937806060939,0.999542903650367
"PTI98_001322",3.81500662090341,-0.24626458610735,0.879360969614133,-0.280049484360685,0.779439540127191,0.999542903650367
"PTI98_001324",8.40464484226646,0.227794055368645,0.731639130502435,0.311347556290781,0.755536417845053,0.999542903650367
"PTI98_001326",3.16555996872428,-0.119326823364435,1.09231364012923,-0.109242271615612,0.913010333016286,0.999542903650367
"PTI98_001327",2.79592939344802,0.810019250957994,1.17054385811021,0.692002478459659,0.488935772531928,0.999542903650367
"PTI98_001328",9.74165462460556,-0.0812530623321512,0.683530303070736,-0.118872655633737,0.905376245768738,0.999542903650367
"PTI98_001331",6.26738251249529,0.495963293235058,0.949797849313748,0.522177738761362,0.601546584087923,0.999542903650367
"PTI98_001332",92.849075003773,-0.816453190145956,0.539502449659799,-1.51334473209676,0.130192115783051,0.999542903650367
"PTI98_001333",7.9931239452767,-0.11047909496836,0.718168378089865,-0.153834530089176,0.877740206816629,0.999542903650367
"PTI98_001334",12.5051255212924,0.378853158352828,0.700362845444489,0.540938401882794,0.588550040743984,0.999542903650367
"PTI98_001335",16.695225940576,-0.0530935002640926,0.601677033343097,-0.0882425243474714,0.929683919578169,0.999542903650367
"PTI98_001336",6.51121233032256,-0.360279084223372,0.922952181716555,-0.390355092452684,0.69627399009385,0.999542903650367
"PTI98_001337",20.7329896623914,-0.116198250891868,0.529607055110037,-0.219404650619175,0.826334847615464,0.999542903650367
"PTI98_001340",4.28214759745672,-0.185094927906448,1.05253323984851,-0.175856610412693,0.860406593900784,0.999542903650367
"PTI98_001341",7.1202285181289,0.298856065463338,0.7395454587626,0.404107769065854,0.68613347217806,0.999542903650367
"PTI98_001342",3.088320793356,-0.536642704205093,1.26823235315756,-0.42314226006693,0.672191470926512,0.999542903650367
"PTI98_001343",76.3679666478986,-1.02245817785516,0.511160895874397,-2.00026681639278,0.0454714602328177,0.999542903650367
"PTI98_001344",4.9333597977394,0.654424888096032,0.921339620874531,0.71029712960228,0.477519899438614,0.999542903650367
"PTI98_001347",16.4218035396298,0.570829649445809,0.750572280370619,0.76052588721228,0.44694030134679,0.999542903650367
"PTI98_001348",4.27258131644343,-0.411175681155459,0.952486313651053,-0.431686708000399,0.665969129332129,0.999542903650367
"PTI98_001349",9.82111989477175,0.23229575410547,0.652915909570116,0.355782039770504,0.7220038003717,0.999542903650367
"PTI98_001352",13.6984225054272,-0.661259273898508,0.670095031795814,-0.986814171903907,0.32373374589334,0.999542903650367
"PTI98_001353",18.1134595798184,-0.109348038213018,0.550231150561493,-0.198731093471228,0.84247310004634,0.999542903650367
"PTI98_001358",3.6369425903002,-0.797834043062449,1.02458669917736,-0.778688659244775,0.43616313819591,0.999542903650367
"PTI98_001359",7.78844740745674,-0.418146571252822,0.854581362510459,-0.489299895359822,0.624629395144443,0.999542903650367
"PTI98_001360",6.70292377529357,-0.747373673143577,0.922407647831243,-0.810242277262982,0.417800943507139,0.999542903650367
"PTI98_001361",23.231309056913,-0.429628909972833,0.593352690620402,-0.724070045968139,0.46902273305618,0.999542903650367
"PTI98_001365",3.0027120474856,0.208573998602193,1.06716540626771,0.195446738975223,0.845043229650012,0.999542903650367
"PTI98_001366",13.2210419846727,-1.21878158078775,0.808345388541195,-1.50774854173074,0.131618896733548,0.999542903650367
"PTI98_001367",371.449803553921,-0.52223884940715,0.488898494659857,-1.06819484026125,0.285432631760724,0.999542903650367
"PTI98_001368",13.7706882880673,0.907515841367596,0.682923478489488,1.32886900209504,0.183891192175537,0.999542903650367
"PTI98_001369",7.64850839183033,0.312870973670582,0.755355390603147,0.414203668316653,0.67872495552918,0.999542903650367
"PTI98_001370",81.0965144424091,-0.557995406797516,0.486280723601865,-1.14747589142432,0.251184991485159,0.999542903650367
"PTI98_001371",3.87186415551448,-0.21102431192773,1.02098565650093,-0.206686852635072,0.836254425776627,0.999542903650367
"PTI98_001372",5.29436734113196,-0.633329876316335,0.84741456650957,-0.747367228917209,0.454841921293631,0.999542903650367
"PTI98_001374",98.9531390885714,-0.675034632890397,0.449633149754123,-1.50130085661952,0.133277763535494,0.999542903650367
"PTI98_001375",10.147308281696,0.872176477110498,0.723631571000103,1.20527698356927,0.228096391887139,0.999542903650367
"PTI98_001376",3.5732529386354,0.00975296516580654,1.04392068524196,0.00934263043513307,0.992545767858801,0.999542903650367
"PTI98_001378",6.16606526619922,-1.00345053830783,0.82931673492195,-1.20997261486863,0.226289401293138,0.999542903650367
"PTI98_001379",9.3550176171869,-0.0690378834524044,0.714509460822346,-0.0966227702190914,0.92302597308012,0.999542903650367
"PTI98_001383",26.6788576921733,0.323977991672315,0.514925060032216,0.629175033066065,0.52923447223382,0.999542903650367
"PTI98_001385",6.34100053334918,0.666812710596338,0.821477023872739,0.811724115487421,0.416949953502363,0.999542903650367
"PTI98_001389",6.94204670776029,-0.0936105515616776,0.760633781526665,-0.123069148169823,0.902052341718906,0.999542903650367
"PTI98_001390",6.79337674980299,-0.14648620785443,0.806132082629291,-0.181714896368656,0.855806474995677,0.999542903650367
"PTI98_001391",111.648183448507,0.150617109106571,0.504364749785898,0.298627350881495,0.765224394199535,0.999542903650367
"PTI98_001392",3.18881017222228,-0.211976933355755,1.05689678656095,-0.200565406245117,0.841038410183884,0.999542903650367
"PTI98_001396",20.8111419679821,0.761981685653669,0.573975524973677,1.32755083187321,0.184326536718002,0.999542903650367
"PTI98_001397",9.97348772976383,-0.354760416135282,0.667008447648396,-0.531867950677424,0.594817456012622,0.999542903650367
"PTI98_001398",6.02333614260705,0.581309484191228,0.913323206197026,0.636477295492945,0.524465374847289,0.999542903650367
"PTI98_001400",4.79626476180624,0.948663589605965,0.866868762286189,1.09435664414076,0.273798591160257,0.999542903650367
"PTI98_001401",7.53298210782199,-0.0113458232230694,0.773447365774979,-0.0146691600813729,0.988296123400965,0.999542903650367
"PTI98_001402",32.4612031706741,0.193957431437418,0.535331006591304,0.362313090497846,0.717118076973027,0.999542903650367
"PTI98_001404",109.993191526642,-0.0361968715606595,0.517537864721766,-0.0699405280812049,0.944240995348838,0.999542903650367
"PTI98_001405",39.2870272454325,0.27006435907196,0.502947717741174,0.536963086908648,0.591293112061547,0.999542903650367
"PTI98_001407",8.86522200800946,-0.677595133266722,0.775302625088051,-0.873975027738062,0.382131853421978,0.999542903650367
"PTI98_001409",5.33102148020791,0.774415520203715,1.0047935725772,0.770721013090688,0.440872314022952,0.999542903650367
"PTI98_001412",3.12736522907103,-1.07922553121497,0.950645677377072,-1.13525528690423,0.25626837074562,0.999542903650367
"PTI98_001413",6.58442185110931,-0.0550793835935563,0.789660122973468,-0.0697507471773485,0.944392049699242,0.999542903650367
"PTI98_001417",3.220720728368,0.951974597071073,1.07631475922733,0.884476022380742,0.376439300457692,0.999542903650367
"PTI98_001419",3.64661024839279,-0.700787664754336,0.962977384458789,-0.727730137866313,0.466778797727767,0.999542903650367
"PTI98_001421",6.74779880816351,0.306700052902033,0.829919345387609,0.369554047157186,0.711714795766953,0.999542903650367
"PTI98_001422",44.876960055429,-0.248219274942732,0.46143368113349,-0.537930552301672,0.590624994777898,0.999542903650367
"PTI98_001423",3.44831693057847,-0.562869084257705,0.97402837995693,-0.577877499095656,0.563346827573909,0.999542903650367
"PTI98_001424",2.24707142994413,0.593352584995679,1.30179583420325,0.455795424601919,0.648537094582504,0.999542903650367
"PTI98_001425",3.56109951888131,0.0237060248501751,0.993751305616209,0.0238550880046144,0.98096819865769,0.999542903650367
"PTI98_001426",2.70941617041993,0.375676902696939,1.18110254917172,0.318073060599515,0.750429517811695,0.999542903650367
"PTI98_001428",8.46660028188707,0.357936849820452,0.854635662082321,0.418818059789758,0.675349105122563,0.999542903650367
"PTI98_001431",3.7145242749637,-0.851230482198693,0.976654279449127,-0.87157810098249,0.383438581709642,0.999542903650367
"PTI98_001434",3.51864784055853,0.509676911413277,0.990848730761188,0.514384179532363,0.606983417906373,0.999542903650367
"PTI98_001440",18.2221792672456,0.829997351255672,0.746370579979822,1.11204457077892,0.266118987166413,0.999542903650367
"PTI98_001441",5.82212101366324,-0.542463561980217,0.883755947421691,-0.61381602416688,0.539336907089341,0.999542903650367
"PTI98_001444",9.23640574176408,0.243806555363062,0.666876543440453,0.365594738278318,0.714667501949442,0.999542903650367
"PTI98_001446",9.3383124558022,0.241950943152547,0.659374426167093,0.366940138335353,0.713663670555474,0.999542903650367
"PTI98_001448",3.16282279638033,0.0304184278683935,1.00817398721604,0.0301718039287947,0.97593003549527,0.999542903650367
"PTI98_001449",4.45517870055164,-0.479302505570987,1.03411284922156,-0.46349149024866,0.643012113131063,0.999542903650367
"PTI98_001450",4.70129342407664,-0.167682878745779,0.982465429884212,-0.170675602057104,0.864478848050444,0.999542903650367
"PTI98_001451",27.9970546074596,-0.270880742527988,0.637887027032246,-0.424653161216107,0.671089533204933,0.999542903650367
"PTI98_001453",8.71046922485177,0.0187002892220874,0.746426585691375,0.0250530857026834,0.980012620609335,0.999542903650367
"PTI98_001454",7.76563810212479,-0.273653807754876,0.776041379813304,-0.352627855773245,0.724367451559351,0.999542903650367
"PTI98_001455",6.05441570826585,1.01937007951847,1.0780405523266,0.945576747849138,0.344364508592868,0.999542903650367
"PTI98_001456",234.016641705163,-0.136117820902811,0.482446003687945,-0.282141047624585,0.777835359738751,0.999542903650367
"PTI98_001457",19.7115069825415,-0.907269538512885,0.944983509052561,-0.96009034001293,0.337009749799223,0.999542903650367
"PTI98_001458",4.09836409508419,-0.149613122384341,0.941954420828096,-0.158832655886696,0.873800719715613,0.999542903650367
"PTI98_001461",3.36824089148677,0.554823229876175,1.17185672268845,0.473456540491835,0.635887499753297,0.999542903650367
"PTI98_001462",8.40395152312897,0.360048285946516,0.751909395200614,0.478845308018066,0.632048681549369,0.999542903650367
"PTI98_001463",7.59329732760569,0.0672569897960293,0.760003949410936,0.0884955793297638,0.929482797739595,0.999542903650367
"PTI98_001465",3.45695475794602,-0.164253802435958,0.995019729432378,-0.165075925207693,0.86888422193134,0.999542903650367
"PTI98_001469",3.47126945568297,-0.449647792040846,1.00763648285622,-0.446240087264691,0.65542382884643,0.999542903650367
"PTI98_001470",9.09996185572235,-0.186455321260775,0.672887976912231,-0.277097121152895,0.781705532296549,0.999542903650367
"PTI98_001473",5.92250044408681,0.235973849837408,0.792634402785364,0.29770831168592,0.765925799124411,0.999542903650367
"PTI98_001474",3.41333121100878,0.106602382439176,0.915380278771929,0.116456935889195,0.90729041398998,0.999542903650367
"PTI98_001475",28.6499166597762,-0.0300213914029637,0.513625758021721,-0.0584499335052704,0.953390241541501,0.999542903650367
"PTI98_001480",8.68818004640824,0.217552506002437,0.689964634857831,0.315309647786897,0.752526560474383,0.999542903650367
"PTI98_001481",10.5327250555312,-0.0427405111813673,0.663786608532042,-0.0643889325756173,0.948660542265982,0.999542903650367
"PTI98_001492",4.37122353437397,0.199323179439857,0.959845593490123,0.207661712250084,0.835493115121763,0.999542903650367
"PTI98_001494",18.7630582988128,0.395527610259833,0.653188816634575,0.605533346847103,0.544824674479001,0.999542903650367
"PTI98_001496",8.62508799454933,0.312421844858734,0.745390153230901,0.419138679930957,0.675114783584069,0.999542903650367
"PTI98_001497",41.7260484474771,-0.187225821949114,0.609414160293453,-0.307222631418605,0.758673920587012,0.999542903650367
"PTI98_001498",5.00751654284101,0.0670217817139924,0.87183783185653,0.0768741379016248,0.938723671614697,0.999542903650367
"PTI98_001500",2.70620009698304,1.05412955823384,1.19247835867067,0.883982128957836,0.376705860059941,0.999542903650367
"PTI98_001502",5.7676626573096,0.86119741403997,0.960976633203061,0.896168943431523,0.370162539823892,0.999542903650367
"PTI98_001504",4.21300500233731,-1.15568719192376,0.919593846709414,-1.25673654305013,0.208849050954854,0.999542903650367
"PTI98_013621",116.276825576672,-0.0513233205146143,0.535157474021571,-0.0959032116825964,0.923597443786488,0.999542903650367
"PTI98_001506",5.07549291481608,0.293587322298777,0.903211440800776,0.325048276667627,0.745144534283182,0.999542903650367
"PTI98_001507",5.32880733548379,-0.0981413985453713,0.871457532574159,-0.112617534276714,0.910333783145168,0.999542903650367
"PTI98_001508",22.0919351665586,0.53130089081083,0.61159916753541,0.868707674916954,0.385007042444702,0.999542903650367
"PTI98_001509",6.99057904626678,0.395456477383635,0.71596964455976,0.552336932701659,0.5807175312708,0.999542903650367
"PTI98_001516",28.217585500476,0.177655981415869,0.65585815561276,0.270875615246238,0.786486700330774,0.999542903650367
"PTI98_001517",3.02377204453687,1.35512349281083,1.04192706217024,1.3005934311642,0.193397656690841,0.999542903650367
"PTI98_001518",16.169138407958,-0.351377194076582,0.612388120991425,-0.573781858321681,0.566115426676026,0.999542903650367
"PTI98_001520",11.3194431334001,-0.108617384333874,0.670390234713194,-0.162021131438978,0.87128921324693,0.999542903650367
"PTI98_001524",5.48537269617532,-0.589956005628825,0.906188138202262,-0.651030377421632,0.515026877705409,0.999542903650367
"PTI98_001525",8.37550590732411,0.695924196093088,0.759193403959098,0.916662595412356,0.359319472382085,0.999542903650367
"PTI98_001526",71.2465497014839,0.682509321382328,0.517505878037885,1.31884361192196,0.187221400729089,0.999542903650367
"PTI98_001527",7.51780054315195,0.747673335556615,0.864568398404489,0.864793736315604,0.387152009680681,0.999542903650367
"PTI98_001528",6.48730063583051,0.376046771347358,0.754135574722837,0.498646110794554,0.61802871479513,0.999542903650367
"PTI98_001529",7.55746642333858,0.887688499027297,0.817084035019946,1.08641028459897,0.277297513433953,0.999542903650367
"PTI98_001531",1.856232195121,-0.782573088262686,1.47290060205507,-0.531314256488728,0.595201027731929,0.999542903650367
"PTI98_001534",11.3347942648021,0.22782535326559,0.695537657981557,0.327552865975276,0.743249764860509,0.999542903650367
"PTI98_001537",83.3606567236565,0.548862427501746,0.490743874631064,1.11842950238426,0.263383599919605,0.999542903650367
"PTI98_001539",10.2235796447034,0.249371755876171,0.748300858736046,0.333250661100917,0.738945079451051,0.999542903650367
"PTI98_001540",3.89337986624557,0.0158991124934551,0.933251277913628,0.0170362611546582,0.986407687746372,0.999542903650367
"PTI98_001541",2.00085397157839,0.601767502257706,1.33930366213794,0.449313713737707,0.653205366359779,0.999542903650367
"PTI98_001543",3.35244935701208,0.582003940991419,1.00190462049862,0.580897551607029,0.561309502596595,0.999542903650367
"PTI98_001546",10.1375790500252,-0.0197205830090358,0.708140184864774,-0.0278484167831849,0.977783049910874,0.999542903650367
"PTI98_001547",40.9543709374658,-0.422304753150421,0.461641032977014,-0.914790330545526,0.360301711993428,0.999542903650367
"PTI98_001548",7.73295728940942,-0.301131689724649,0.713309041983751,-0.422161604579111,0.672907064592089,0.999542903650367
"PTI98_001549",13.6020555152011,0.553828296361543,0.618864146805092,0.894910941635092,0.370834697268214,0.999542903650367
"PTI98_001550",4.58647218524616,0.624681928949848,0.890561345400466,0.701447387286883,0.483023857765118,0.999542903650367
"PTI98_001551",11.3768160060184,-1.22953795340702,0.664921901516532,-1.84914641945578,0.0644366731136618,0.999542903650367
"PTI98_001552",39.1457064698147,0.305520963599023,0.496192516445147,0.615730696198032,0.538072274350498,0.999542903650367
"PTI98_001553",7.93018275668856,0.171899660888428,0.733711189879176,0.234287909547536,0.814761471534737,0.999542903650367
"PTI98_001556",5.87183798303474,-0.365450360669678,0.851336120455672,-0.42926683349706,0.667729050477361,0.999542903650367
"PTI98_001558",8.79763614580797,0.40849870736426,0.735096209223783,0.55570781380523,0.57841061406695,0.999542903650367
"PTI98_001559",7.16625317583694,0.424890114320887,0.790329571616053,0.5376113074601,0.590845422135064,0.999542903650367
"PTI98_001560",5.94711007313286,-0.0757678843892927,0.800282295459343,-0.0946764470727217,0.92457182643919,0.999542903650367
"PTI98_001561",5.87109307454144,0.168703402176143,0.811529219621929,0.207883336911439,0.835320060172338,0.999542903650367
"PTI98_001562",10.3002784380683,-0.194464824809429,0.801702973716472,-0.242564679419791,0.808342645845411,0.999542903650367
"PTI98_001563",26.955813240224,1.17527318650301,1.40136001115534,0.838666136572619,0.401656686147917,0.999542903650367
"PTI98_001564",33.2204679405404,-0.0513643892977831,0.89021944124407,-0.0576985706198485,0.953988732281314,0.999542903650367
"PTI98_001565",21.9864616400369,0.934054422700044,0.823819558074301,1.13380947750672,0.256874474625086,0.999542903650367
"PTI98_001566",9.29328017404326,0.35056710260754,0.701560765147897,0.499695992169169,0.617289154951174,0.999542903650367
"PTI98_001569",5.53950050489355,0.737927999501895,0.816781499133188,0.903458269176057,0.366282726600401,0.999542903650367
"PTI98_001570",13.0066523992182,0.244255967911272,0.681679976298988,0.358314717174764,0.720107805597507,0.999542903650367
"PTI98_001576",8.0116990534576,-0.263962459354042,0.78380712573377,-0.336769660146851,0.736290546111357,0.999542903650367
"PTI98_001577",10.8089731890692,0.350953539084346,0.689437597083982,0.509043226781837,0.610721925033129,0.999542903650367
"PTI98_001581",3.04829803367456,-0.331379823235812,0.991428977760443,-0.334244641491489,0.7381949600899,0.999542903650367
"PTI98_001582",4.32805036714226,-0.175260133305383,0.931778944829109,-0.188091965672745,0.850804559158286,0.999542903650367
"PTI98_001583",15.0781447446671,0.406336793778351,0.645869193524147,0.629131715605134,0.529262828484022,0.999542903650367
"PTI98_001587",5.30234004953637,-0.224313479520075,0.800617725886321,-0.280175509818684,0.779342854856097,0.999542903650367
"PTI98_001589",1.52224143454287,-2.01759156224308,1.47080870504911,-1.37175660935167,0.17013921909847,0.999542903650367
"PTI98_001590",39.8682215839926,-0.0485994110165771,0.55090029562434,-0.0882181610766772,0.929703283140189,0.999542903650367
"PTI98_001592",8.49213769994425,0.176914725932254,0.714522179434656,0.247598648473351,0.804444956534694,0.999542903650367
"PTI98_001593",4.42865858273011,-0.259904592886939,1.00000336425909,-0.259903718503492,0.794938042869887,0.999542903650367
"PTI98_001594",11.2210932961837,0.382540026518997,0.67136050645425,0.569798227392551,0.568814557955571,0.999542903650367
"PTI98_001595",40.365179114046,0.820807619659942,0.612261727756703,1.34061559370588,0.180045291726674,0.999542903650367
"PTI98_001596",32.7365652438332,0.237292788984027,0.540313726465413,0.43917594049726,0.660534056852169,0.999542903650367
"PTI98_001598",4.27903675441455,0.504294236982552,0.859153540584719,0.586966372319599,0.557226291661404,0.999542903650367
"PTI98_001600",6.31859236015731,0.0350261867988906,0.77956878284853,0.044930207018944,0.96416293943078,0.999542903650367
"PTI98_001601",14.1503001798877,0.406667516972362,0.610560107428598,0.666056481621542,0.505374999164216,0.999542903650367
"PTI98_001602",3.06413154589693,0.355360326653515,1.08139777898091,0.328612036718256,0.74244894892988,0.999542903650367
"PTI98_001603",9.96950973637143,-0.298547405478162,0.693081239072072,-0.430753840455804,0.666647366057148,0.999542903650367
"PTI98_001604",22.5349786502449,0.71974501353247,0.631794707622709,1.13920709503993,0.254616786993384,0.999542903650367
"PTI98_001605",4.47712755321354,0.295384833432642,1.01027342401472,0.292381078637915,0.769995273549271,0.999542903650367
"PTI98_001606",4.34273635263358,0.666227525977919,1.02161751567579,0.652130093459897,0.514317252113803,0.999542903650367
"PTI98_001609",8.53687880090729,0.458339101020428,0.965269385357595,0.474830247362119,0.634907971857097,0.999542903650367
"PTI98_001619",64.2179324664006,0.068091590963631,0.525284175100855,0.129628102637125,0.896860668146436,0.999542903650367
"PTI98_001620",5.21983141120794,-0.898862857822206,0.849452875865817,-1.05816683109823,0.289979390176149,0.999542903650367
"PTI98_001625",3.46131239453626,0.0370747097118053,1.12298462065527,0.0330144411863556,0.973663071517896,0.999542903650367
"PTI98_001629",10.6889813855921,-1.38018072769705,0.795544941323686,-1.73488718990608,0.0827607885683436,0.999542903650367
"PTI98_001630",4.08343893248951,-0.705916417933371,0.902744220377683,-0.781967252737476,0.434233819120548,0.999542903650367
"PTI98_001631",2.68438577313545,-0.124705169453146,1.10334810441588,-0.113024320206872,0.910011274018146,0.999542903650367
"PTI98_001632",12.471836356489,0.67214859516691,0.627764535005829,1.07070176425412,0.28430354926735,0.999542903650367
"PTI98_001634",4.66964456024964,-0.105208055118429,0.912141841088627,-0.115341770741341,0.908174231013089,0.999542903650367
"PTI98_001637",15.1359036623044,-0.0510159618309187,0.754909667942026,-0.0675788958564995,0.946120855652818,0.999542903650367
"PTI98_001638",5.93777742159182,1.35727523400008,0.93364436286362,1.45373901239775,0.146018677744976,0.999542903650367
"PTI98_001641",2.78303210173395,0.805913810642018,1.26663765560755,0.636262317857158,0.524605461248521,0.999542903650367
"PTI98_001642",13.5251293354775,-0.092783840591455,0.60312766470413,-0.153837812491939,0.877737618645321,0.999542903650367
"PTI98_001644",4.25820793124159,0.389039924509543,0.915546780322055,0.4249263203926,0.670890386816968,0.999542903650367
"PTI98_001645",4.01404753769389,0.0504040442179453,0.934341227577705,0.0539460774396294,0.956978125600893,0.999542903650367
"PTI98_001646",5.99333086949103,-0.0749296353097662,0.913445425428868,-0.0820296793041427,0.934623112308041,0.999542903650367
"PTI98_001647",37.6650294285779,0.167875180439083,0.614430349549833,0.273220846857708,0.784683455942528,0.999542903650367
"PTI98_001648",1.51423937929493,-0.184923619087907,1.4307845735157,-0.129246304797315,0.897162757516178,0.999542903650367
"PTI98_001649",7.2087048576962,0.311266826683174,0.809948137919327,0.38430463891526,0.700752670149285,0.999542903650367
"PTI98_001650",4.0052244866416,0.974196726875722,0.89755661553532,1.08538749535559,0.277750068379352,0.999542903650367
"PTI98_001651",9.17760847854784,0.581579824971127,0.809084988235074,0.718811785446393,0.472256895113083,0.999542903650367
"PTI98_001653",3.86406698262813,0.257500507485582,0.910446357574638,0.282828862286345,0.777308028351625,0.999542903650367
"PTI98_001654",4.22000816863385,0.164326472753864,0.867453861987419,0.189435403950334,0.849751578445022,0.999542903650367
"PTI98_001655",5.4082295224573,1.27933101616835,0.942437228928013,1.35747079688644,0.174631666397886,0.999542903650367
"PTI98_001658",34.5448210797502,-0.489701376217,0.528156918000977,-0.927189173381413,0.353828323067562,0.999542903650367
"PTI98_001666",8.72438885260482,-0.124728558546917,0.725004218974965,-0.172038389960355,0.863407348096899,0.999542903650367
"PTI98_001667",2.92848394411107,-1.2769294918059,1.00202150373945,-1.27435338167945,0.202538205931126,0.999542903650367
"PTI98_001668",2.82632006275753,0.289661772380191,1.12646704771067,0.257141807182797,0.797069304862057,0.999542903650367
"PTI98_001671",2.21852556356029,0.197862471464812,1.16665267013454,0.169598438789836,0.86532595042764,0.999542903650367
"PTI98_001672",24.0898045699082,0.383067784776055,0.646510059057242,0.592516356720967,0.553504871017247,0.999542903650367
"PTI98_001674",24.5179038177171,-0.708226250313407,0.615441310472648,-1.15076163764422,0.249830311016631,0.999542903650367
"PTI98_001675",7.5775073298099,-0.629298321136564,0.793757087572522,-0.792809703357852,0.427888702247658,0.999542903650367
"PTI98_001676",7.035979116914,0.00448074500337188,0.78373676818084,0.00571715553651043,0.995438394715727,0.999542903650367
"PTI98_001677",3.06060004782049,-0.200451310505648,1.02462493884999,-0.195633839178879,0.844896772196672,0.999542903650367
"PTI98_001678",11.775826006834,0.360228978982325,0.65301301186733,0.55164134930823,0.581194100755669,0.999542903650367
"PTI98_001679",22.953076952972,-0.122621996339291,0.579514143264615,-0.211594484387416,0.832423412726945,0.999542903650367
"PTI98_001680",4.02550294969087,-0.730407647092,0.963330019509412,-0.758211238412325,0.448324534374299,0.999542903650367
"PTI98_001683",9.29607503119221,-0.407893083043551,0.760489977068941,-0.536355633003397,0.59171278819303,0.999542903650367
"PTI98_001684",2.535020985259,0.164901937810254,1.15793982746384,0.142409764220156,0.886756350261116,0.999542903650367
"PTI98_001685",17.7006033182865,0.267146185180994,0.645771438355913,0.413685352608856,0.679104555557115,0.999542903650367
"PTI98_001687",3.51596395553196,-1.49438432209468,0.970485333899944,-1.53983194788676,0.123601322279887,0.999542903650367
"PTI98_001688",4.39952132358315,-0.898735778320248,0.933718174840882,-0.962534309106069,0.335781277540858,0.999542903650367
"PTI98_001689",4.81860775413795,0.312199103936504,0.863325531668733,0.36162385158823,0.717633138314076,0.999542903650367
"PTI98_001693",81.71793702767,-0.863127734035396,0.522079867357102,-1.65324845488634,0.0982803086579117,0.999542903650367
"PTI98_001695",3.47778737387075,-0.260136853091205,1.07824295086095,-0.241259961758612,0.809353640306049,0.999542903650367
"PTI98_001697",43.2076860867561,0.491604250314196,0.614445136039147,0.800078349522284,0.423665404199925,0.999542903650367
"PTI98_001698",7.75819408082348,0.976744940003257,0.745590317507026,1.31002900261517,0.190186024380034,0.999542903650367
"PTI98_001699",6.52719223044669,-0.436963393741172,0.805086336675545,-0.542753458648337,0.587299561607165,0.999542903650367
"PTI98_001701",37.4371717150681,1.19815666729872,0.578832655311006,2.06995347671763,0.0384567013501854,0.999542903650367
"PTI98_001706",7.15288753310647,0.95204202490383,0.891431908043576,1.06799186377934,0.285524181924766,0.999542903650367
"PTI98_001708",3.00462359542482,0.284976706459011,1.11178766458811,0.256322961241514,0.797701468842352,0.999542903650367
"PTI98_001710",11.8146905119324,-0.0978324506074842,0.666431722441488,-0.146800410774374,0.883289560446297,0.999542903650367
"PTI98_001712",68.2019113972154,0.00732173928674799,0.481827374741711,0.015195772740544,0.987875994138062,0.999542903650367
"PTI98_001715",3.17698988634583,0.0318503723252115,1.08706538313643,0.0292994081306461,0.976625798944262,0.999542903650367
"PTI98_001716",23.544228788025,-0.404980970426341,0.633765815403971,-0.639007280896336,0.522818195383412,0.999542903650367
"PTI98_001717",4.81999145115586,1.38997729676551,1.00197067011954,1.38724349745655,0.165367525900549,0.999542903650367
"PTI98_001718",4.89616781919007,-0.106204115367432,0.917048114755705,-0.115810843137411,0.907802456762761,0.999542903650367
"PTI98_001719",3.11275482899228,-0.426274931348964,1.05430858389694,-0.404317045179853,0.685979592757791,0.999542903650367
"PTI98_001720",2.72386144934919,0.12470079384454,1.17912691801969,0.105756888371246,0.915775242989555,0.999542903650367
"PTI98_001721",5.089313074259,-0.0840844655930604,0.838494990706511,-0.100280224121806,0.920121857207886,0.999542903650367
"PTI98_001724",2.9277154252316,0.00790297763215712,1.12957354204423,0.00699642594129359,0.994417705302877,0.999542903650367
"PTI98_001726",3.16772123644941,-0.265657094675036,0.988962981265513,-0.26862187939036,0.788220673625848,0.999542903650367
"PTI98_001727",4.42467561017891,-0.177619942528983,1.07077445196273,-0.16587988460446,0.868251477930034,0.999542903650367
"PTI98_001729",5.13120275089419,0.861796676480725,0.918396338633633,0.938371202309979,0.348053679926667,0.999542903650367
"PTI98_001732",2.92469669192347,0.0394445120202612,1.03313899193731,0.0381792888740904,0.969544733938818,0.999542903650367
"PTI98_001733",4.48442218682407,-0.0118590513201604,0.876030945817208,-0.0135372515968572,0.989199165844574,0.999542903650367
"PTI98_001734",3.2540266663987,-0.651874878097955,1.11809531012046,-0.583022638765674,0.559878060258353,0.999542903650367
"PTI98_001736",5.76988317273626,0.673740483654192,0.853685242309168,0.789214162624814,0.429986845732859,0.999542903650367
"PTI98_001739",6.46062672734419,-0.164711462872532,0.794979609578524,-0.207189544093913,0.83586183275446,0.999542903650367
"PTI98_001741",4.61549553671418,0.375715884839996,0.866649361664041,0.433526985029551,0.664631966191707,0.999542903650367
"PTI98_001744",5.8023037207772,-0.103012290551555,0.79045593166794,-0.130320093030599,0.896313183691791,0.999542903650367
"PTI98_001746",10.8308679846456,0.312345405824172,0.678850311976154,0.460109394241751,0.645437701413943,0.999542903650367
"PTI98_001747",20.4137715559428,0.716346230287396,0.604523467996682,1.18497671010404,0.2360266554314,0.999542903650367
"PTI98_001750",5.65002553863596,0.111144239078739,0.799818076525872,0.138961899387808,0.889480256753768,0.999542903650367
"PTI98_001751",2.38735039857807,-0.83062101002721,1.17807046945729,-0.705069035819102,0.480767274966734,0.999542903650367
"PTI98_001753",2.52638164799367,0.306354288058795,1.26713273617415,0.241769689404261,0.808958626590737,0.999542903650367
"PTI98_001755",2.51310160807766,0.48914782288149,1.08761085575268,0.449745256121938,0.65289413517567,0.999542903650367
"PTI98_001758",3.14813776870285,-0.190210680300808,1.00096083299465,-0.190028095037187,0.849287114982512,0.999542903650367
"PTI98_001759",30.7970125387119,-0.14029123743749,0.499682537906008,-0.280760736657721,0.778893920363336,0.999542903650367
"PTI98_001761",11.0060186230619,-0.157941953403461,0.65244615678392,-0.242076609328192,0.808720802302086,0.999542903650367
"PTI98_001762",18.9180335034303,-2.19292289958461,1.33051461263894,-1.64817648656647,0.0993164604356283,0.999542903650367
"PTI98_001765",41.4388684020779,0.246988669978373,0.521065047813851,0.4740073643677,0.635494655681327,0.999542903650367
"PTI98_001767",3.00754461727804,-0.0282305573934761,1.01066540872209,-0.0279326443250607,0.977715872188879,0.999542903650367
"PTI98_001768",2.97831058484288,0.81979011359476,1.04313823362422,0.785888281312944,0.431932940544554,0.999542903650367
"PTI98_001769",7.23224096710063,0.0832319759627822,0.743782939659302,0.111903583054631,0.910899855583802,0.999542903650367
"PTI98_001771",3.52488998859684,1.7976584447802,1.0852429835395,1.65645709951257,0.097629286011851,0.999542903650367
"PTI98_001772",9.83246525391232,1.4292237910353,0.759511740911855,1.88176655349581,0.0598677188892845,0.999542903650367
"PTI98_001775",4.88417947441614,0.0853109852997476,0.913150724306183,0.0934248673619214,0.92556603561271,0.999542903650367
"PTI98_001777",2.6298323179014,0.50018942730108,1.05425556308955,0.474447984732707,0.63518048187635,0.999542903650367
"PTI98_001778",15.9002969893051,0.103048203826407,0.619049639170978,0.16646193989291,0.867793432812966,0.999542903650367
"PTI98_001779",7.16925963894078,0.435146265407122,0.764371845504011,0.569286098077298,0.569161999580267,0.999542903650367
"PTI98_001781",3.78027032860389,0.907984417159308,1.00309199037531,0.905185592020913,0.365367073530763,0.999542903650367
"PTI98_001783",4.27608037242712,-1.23099030764987,0.97649365279189,-1.26062294837283,0.207444726583332,0.999542903650367
"PTI98_001784",3.87966436440501,-1.36259758826753,1.10310595527738,-1.23523726959202,0.216742212392298,0.999542903650367
"PTI98_001785",4.22024268560994,0.536304484376214,1.07113018892847,0.500690289490128,0.616589107370598,0.999542903650367
"PTI98_001786",7.87604545543705,0.347665005602016,0.743988018561185,0.467299199622022,0.640285829009078,0.999542903650367
"PTI98_001788",2.39118981572684,0.629493839771716,1.16647683534218,0.539653956854665,0.589435698536479,0.999542903650367
"PTI98_001789",24.5724076141374,0.085330967993988,0.620756818344673,0.137462796174408,0.890664997890317,0.999542903650367
"PTI98_001791",3.20840039267373,-1.86415130130526,2.37394713247205,-0.785253924068676,0.432304704801221,0.999542903650367
"PTI98_001792",202.089191107648,-0.0218536829940016,0.524953761539778,-0.0416297293115895,0.966793873215248,0.999542903650367
"PTI98_001793",21.5120540163588,-1.64681484541744,0.858006529481276,-1.91935001521848,0.0549400522609809,0.999542903650367
"PTI98_001797",2.01785907888097,0.147898640652803,1.17516318885175,0.125853704452157,0.8998477296906,0.999542903650367
"PTI98_001798",8.91137694612324,0.756083907782323,0.709679425155233,1.06538794980133,0.28670040755899,0.999542903650367
"PTI98_001803",2.90391000045376,0.00565671406424345,1.03818788425121,0.00544864195590505,0.995652634216599,0.999542903650367
"PTI98_001804",11.8042272688725,-0.471479656364464,0.719764133331015,-0.655047444754564,0.512437207667101,0.999542903650367
"PTI98_001806",5.13290394738518,-0.161867096734572,1.04047560800364,-0.155570294478259,0.876371741379584,0.999542903650367
"PTI98_001813",8.82285335787636,-0.362757782983345,0.700451366734262,-0.517891462864357,0.604533998781814,0.999542903650367
"PTI98_001815",3.67581331493892,-1.07114399350225,0.912837751378378,-1.17342210254213,0.240626578045252,0.999542903650367
"PTI98_001816",8.37141662683856,-0.33959749475876,0.69985191054692,-0.485241934244877,0.627504739120588,0.999542903650367
"PTI98_001817",42.7823192581697,-0.786290864445556,0.597031770841855,-1.31700003726239,0.187838612072728,0.999542903650367
"PTI98_001819",4.42941836470325,0.690251208524358,0.886967171414572,0.778215057749563,0.43644224129277,0.999542903650367
"PTI98_001823",2.13024675056853,-1.34740605340152,1.42147767715045,-0.947891110117594,0.343184891097256,0.999542903650367
"PTI98_001824",4.51819074117627,0.587917421873667,1.04576336139537,0.562189730083109,0.573986757830663,0.999542903650367
"PTI98_001825",10.8090819756714,0.637533966944396,0.667682692005336,0.954845729233462,0.339655718044129,0.999542903650367
"PTI98_001826",4.6462916091615,0.499624073030691,0.936978427715715,0.533229003199932,0.593875066914204,0.999542903650367
"PTI98_001828",23.204917218859,-1.17578880163237,0.658996989034656,-1.7842096719664,0.0743896012699386,0.999542903650367
"PTI98_001830",6.09225687544025,-0.423657748969004,0.811327510114015,-0.522178458991817,0.601546082667508,0.999542903650367
"PTI98_001833",12.0962461252802,0.150192673539161,0.645715976558994,0.232598664105439,0.816073064753955,0.999542903650367
"PTI98_001834",7.77415616789321,0.0886844744318822,0.693928031015902,0.127800680283875,0.898306711690883,0.999542903650367
"PTI98_001841",10.6789529959742,0.17551508044898,0.714371307940727,0.24569167112118,0.805920920095417,0.999542903650367
"PTI98_001843",12.3043678306171,-0.141981529572474,0.627828670828231,-0.226146934935564,0.821087141203761,0.999542903650367
"PTI98_001844",22.5997795740267,-0.142513598634986,0.599312478598475,-0.237795146478949,0.812039983260397,0.999542903650367
"PTI98_001845",21.9439371354745,-0.147296699689736,0.517564696627786,-0.284595724262983,0.775953887394004,0.999542903650367
"PTI98_001846",48.7948704333623,-0.439875398025888,0.552540972947743,-0.796095528769936,0.425976512807672,0.999542903650367
"PTI98_001847",28.6576433221589,0.253850240097755,0.613016010090609,0.414100506217176,0.67880050209287,0.999542903650367
"PTI98_001848",3.76198050024545,0.683054066186997,0.956178086360115,0.714358628304461,0.475005447534109,0.999542903650367
"PTI98_001849",3.85062192392353,0.913771677055055,0.987915187836166,0.924949518244063,0.354992167042809,0.999542903650367
"PTI98_001850",2.98888612423061,0.472441647484021,1.10425118926294,0.427838930197906,0.668768391557614,0.999542903650367
"PTI98_001855",3.7112278277258,-0.271080774182921,1.01313041241043,-0.267567502527112,0.789032248332898,0.999542903650367
"PTI98_001858",2.408160104487,-0.0465382808517648,1.20967697622758,-0.0384716595970077,0.969311627115226,0.999542903650367
"PTI98_001859",5.9351277773885,-0.593196996872467,0.751209580812276,-0.789655792503404,0.429728815436722,0.999542903650367
"PTI98_001860",3.42167409360713,-1.90552749380663,1.08571626399947,-1.75508791476257,0.0792442711654879,0.999542903650367
"PTI98_001864",5.49294216465702,0.75261398389363,0.87118189957997,0.863899932099707,0.387642864140176,0.999542903650367
"PTI98_001865",8.37403718202873,0.664069675887162,0.759372860518781,0.874497510265892,0.381847375496101,0.999542903650367
"PTI98_001867",6.48912575226112,-0.318093288611728,0.825374860756164,-0.385392509193106,0.699946631588716,0.999542903650367
"PTI98_001868",13.2419696597478,-0.395237882966334,0.64069300527413,-0.616891209538374,0.537306485301983,0.999542903650367
"PTI98_001869",5.61591679343932,0.0102449477277636,0.81514137497863,0.0125683078325304,0.989972205228059,0.999542903650367
"PTI98_001870",24.2015132978406,-0.16967474481676,0.536288804824648,-0.316386885741982,0.75170886978457,0.999542903650367
"PTI98_001873",3.09371279422147,-0.182005222366825,1.01297971014072,-0.179673117383112,0.85740919918032,0.999542903650367
"PTI98_001875",7.19101685554128,0.317367845202181,0.77547533352507,0.409255886656671,0.682351885027319,0.999542903650367
"PTI98_001878",3.24251836360042,0.132495900726546,1.2522174875042,0.1058090164438,0.915733882864449,0.999542903650367
"PTI98_001885",2.85419547065833,0.644804990380608,1.1070805773113,0.582437271139386,0.560272182692892,0.999542903650367
"PTI98_001888",3.47311231881511,0.619369481830742,0.981251170519776,0.631203814516376,0.527907268157745,0.999542903650367
"PTI98_001889",5.4135729921235,-0.0139942440083062,0.864148994539576,-0.0161942490204046,0.987079423480126,0.999542903650367
"PTI98_001893",3.64793978831234,-0.0166539425536978,1.01379702963973,-0.0164272946820687,0.986893504677826,0.999542903650367
"PTI98_001894",12.3026562156022,-0.0153548648672102,0.747231974127791,-0.0205489933499343,0.983605429272486,0.999542903650367
"PTI98_001896",13.8615801131836,0.223035275214603,0.617086864813919,0.361432543669293,0.717776123581245,0.999542903650367
"PTI98_001899",4.1198420899447,-1.45586720776328,1.31248442934269,-1.10924531767009,0.267324367639357,0.999542903650367
"PTI98_001900",8.85709938308448,-0.0815561586336106,0.762049231197537,-0.107022165097454,0.914771395537183,0.999542903650367
"PTI98_001902",6.13850799876691,0.414151932183408,0.854414265256288,0.48472029204613,0.62787477027695,0.999542903650367
"PTI98_001903",4.48259218240226,0.118206013774123,0.874302428841654,0.135200372176401,0.892453452841956,0.999542903650367
"PTI98_001904",11.9172099712603,0.460749257657948,0.698597415220012,0.659534730045977,0.50955245175422,0.999542903650367
"PTI98_001905",4.31644029000117,0.110892259796077,0.906624300546527,0.122313354858489,0.902650855764913,0.999542903650367
"PTI98_001907",4.73086241581459,-1.30370589937401,0.928342371102236,-1.40433738667567,0.16021840625847,0.999542903650367
"PTI98_001913",2.27579805090036,-0.533468753434045,1.07370947073367,-0.496846463568512,0.61929732696434,0.999542903650367
"PTI98_001914",5.06044682676972,0.448536423793422,0.835798960603058,0.536655876515793,0.591505339657862,0.999542903650367
"PTI98_001915",7.21621549413105,0.793472446922463,0.74123322089481,1.07047609922905,0.284405061572797,0.999542903650367
"PTI98_001916",4.20049918930784,-0.331144101057559,0.919419465999668,-0.360166510829213,0.718722616966731,0.999542903650367
"PTI98_001917",4.00160012312632,-0.403051926290415,1.01980139901222,-0.395225900533977,0.692676179550467,0.999542903650367
"PTI98_001918",15.0182315757784,-1.03398920434965,0.788579316400813,-1.31120507835397,0.189788487104175,0.999542903650367
"PTI98_001922",19.8018795600894,-0.211021842541829,0.574263505776901,-0.367465180041948,0.713272060165847,0.999542903650367
"PTI98_001923",2.94173204993844,-0.444391999273461,1.06314068792427,-0.41799923972538,0.675947673091074,0.999542903650367
"PTI98_001925",17.8940308781491,0.289740025574417,0.548291451915361,0.528441624545231,0.59719285361482,0.999542903650367
"PTI98_001926",2.175628511113,0.16583199483252,1.24045722455344,0.133686185666111,0.893650729341618,0.999542903650367
"PTI98_001927",3.77180015993167,-0.174289102953972,0.914210256794685,-0.190644440552491,0.848804170167526,0.999542903650367
"PTI98_001928",10.5866654375111,0.830181727982324,0.889279396126882,0.93354431869,0.350538999142673,0.999542903650367
"PTI98_001930",6.76795516125543,-0.430248903097338,0.853516790987742,-0.504089559385736,0.614198443395276,0.999542903650367
"PTI98_001938",4.10104216319497,-0.820269938867399,1.00822777849235,-0.813576015624152,0.415887882532476,0.999542903650367
"PTI98_001941",6.63092648575595,-0.878272083669683,1.34720398250116,-0.651922125437248,0.514451410884329,0.999542903650367
"PTI98_001943",5.0390777777825,-0.244652474536313,0.937752348649331,-0.260892414600392,0.794175474603592,0.999542903650367
"PTI98_001949",8.40040541148797,0.503495388931774,0.791802979626788,0.635884685820574,0.524851584926909,0.999542903650367
"PTI98_001952",5.85449942009832,-0.537516211398483,0.79338686907551,-0.677495724153868,0.498091482084391,0.999542903650367
"PTI98_001954",32.2686959226469,0.226156049937055,0.495002251843861,0.45687883053993,0.647758140713615,0.999542903650367
"PTI98_001955",11.4962473313759,0.922989637466417,0.691417748790398,1.33492326322421,0.181901463036836,0.999542903650367
"PTI98_001956",4.8489886218564,0.0749316811013575,0.928776040529916,0.0806778790919338,0.935698129385746,0.999542903650367
"PTI98_001958",3.44022132060269,-0.553330281199835,0.965738648926741,-0.5729606884997,0.566671311574505,0.999542903650367
"PTI98_001960",5.74417572371323,0.433211330764103,0.959734141623237,0.451386808050192,0.651710789464002,0.999542903650367
"PTI98_001961",3.05304102712686,-0.0448544863737048,1.07984129548463,-0.0415380357847626,0.966866970836365,0.999542903650367
"PTI98_001962",14.4267511824062,0.16669958194766,0.743056773856544,0.22434299479227,0.822490423672258,0.999542903650367
"PTI98_001963",17.6119326987575,-0.147978657710196,0.634887621896831,-0.233078504929873,0.815700445858916,0.999542903650367
"PTI98_001967",7.38880093673655,0.545271265147579,0.835757162991879,0.652427869353335,0.514125190566682,0.999542903650367
"PTI98_001971",6.14698792674353,0.37166425725781,0.750098594117886,0.49548720684497,0.620256250298025,0.999542903650367
"PTI98_001973",8.99659820429081,-0.410613996780034,0.758662780750954,-0.541233875179157,0.588346391320077,0.999542903650367
"PTI98_001982",2.68538161791032,0.89463877143239,1.17180817540871,0.763468620723996,0.44518396941636,0.999542903650367
"PTI98_001985",7.30265497311649,0.247069242081584,0.834294458743015,0.296141535512329,0.767121995056114,0.999542903650367
"PTI98_001988",2.80388183176949,0.206789606894911,1.01561209968034,0.203610814561974,0.838657641383498,0.999542903650367
"PTI98_001992",15.2124871805042,-0.275084175285226,0.595207355348038,-0.462165282087911,0.643962798033384,0.999542903650367
"PTI98_001993",46.3955477450968,0.132729873056295,0.537653156677909,0.246868955213462,0.805009642974922,0.999542903650367
"PTI98_001994",8.82353733552442,-0.60485376565391,0.774906812852393,-0.780550326338562,0.435067017082639,0.999542903650367
"PTI98_001995",3.04225118450519,0.291041273653646,1.11285451119767,0.261526795034889,0.793686288874335,0.999542903650367
"PTI98_001996",7.70648658210196,0.621961761412902,0.750814491601978,0.828382734176922,0.407453781483215,0.999542903650367
"PTI98_001998",5.78797526793547,-0.111338512092148,0.800753968841599,-0.139042098352899,0.889416882449748,0.999542903650367
"PTI98_001999",7.84704715370153,0.275180776118605,0.793641294947791,0.346731927723982,0.728792721650741,0.999542903650367
"PTI98_002003",4.99157082607269,-0.643045421589021,0.841152360786913,-0.764481503668896,0.444580354990453,0.999542903650367
"PTI98_002005",3.58140475121078,-0.770710478487395,0.940424552914224,-0.819534619868321,0.412481458305472,0.999542903650367
"PTI98_002010",24.3416352380104,-0.188863866607868,0.561967110174521,-0.336076370286538,0.736813276900278,0.999542903650367
"PTI98_002034",5.65032956409074,0.426328162230532,0.843669987759092,0.5053257416006,0.613330065707793,0.999542903650367
"PTI98_002035",6.54081654271828,3.28191430960407,2.42125317806564,1.35546102296746,0.175270718777941,0.999542903650367
"PTI98_002036",3.21172911472657,0.296418090463635,1.03486181316566,0.286432533013164,0.774546860277717,0.999542903650367
"PTI98_002043",21.6921282028428,-0.275110351140427,0.813285114329402,-0.338270486319267,0.735159362642356,0.999542903650367
"PTI98_002044",8.09492535317528,-0.420189327631936,0.73596980859702,-0.570932832737994,0.568045173837294,0.999542903650367
"PTI98_002047",2.77129247197349,-0.548458378092155,1.16630209174917,-0.470254132245959,0.638173463461462,0.999542903650367
"PTI98_002067",19.0563013216112,0.838887247376765,0.64796015812506,1.29465868673804,0.19543799763109,0.999542903650367
"PTI98_002077",10.255491069559,0.177802581580002,0.680265406892868,0.261372369928556,0.793805362253474,0.999542903650367
"PTI98_002083",7.50662347586714,-0.309196522960775,0.764630852137485,-0.404373590336347,0.685938017691142,0.999542903650367
"PTI98_002109",5.6318816027523,0.310649799652828,0.90394703964854,0.343659292001898,0.731102528788674,0.999542903650367
"PTI98_002136",3.00410983178877,0.22091977153316,1.07126777900759,0.206222735213616,0.836616929386128,0.999542903650367
"PTI98_002171",7.11262200255242,-1.10455864413592,0.923491958377987,-1.1960674200953,0.231670250271346,0.999542903650367
"PTI98_002172",2.51677320587695,-0.136332974028625,1.06611102616584,-0.127878776865233,0.898244906742495,0.999542903650367
"PTI98_002174",7.25342819990157,0.217560035664559,0.737809423458201,0.294872942452848,0.768090942196956,0.999542903650367
"PTI98_002175",4.68642130139808,-0.0865169257250508,0.897628455282926,-0.0963838938213933,0.923215683433323,0.999542903650367
"PTI98_002176",11.5681372940066,0.768437746544052,0.724137167001477,1.06117705534438,0.288609444678234,0.999542903650367
"PTI98_002178",77.5382154639857,-0.250055184583751,0.481123945975174,-0.519731322199984,0.603250852577173,0.999542903650367
"PTI98_004200",3.37568237648694,0.795786742095661,1.13507384201221,0.701088081357707,0.483248047925731,0.999542903650367
"PTI98_004228",5.60795685669127,0.508311326722848,0.875124721551044,0.580844437604199,0.561345302446162,0.999542903650367
"PTI98_004229",3.08599916424042,0.206810502137674,1.16548255545373,0.177446244192956,0.859157885990677,0.999542903650367
"PTI98_004242",4.40398020566882,-1.05113305585685,0.897049769008464,-1.17176670924144,0.241290731861286,0.999542903650367
"PTI98_004247",8.92878632301137,0.0166934929085264,0.787247104389555,0.0212048959157122,0.983082208785655,0.999542903650367
"PTI98_004261",21.3826348639391,-1.97489384360606,0.912793004616137,-2.16357250068604,0.0304971739268007,0.999542903650367
"PTI98_004306",3.81646613467634,-0.162529797733131,0.89853505249331,-0.18088309107378,0.856459341288346,0.999542903650367
"PTI98_004307",12.8426480761145,0.946014097864308,0.707949389533488,1.33627362612417,0.181459853648616,0.999542903650367
"PTI98_004311",4.23825324759901,0.622514828215976,0.926046080105399,0.672228781687758,0.501438060664907,0.999542903650367
"PTI98_004321",6.97602515256783,0.114115058382942,0.918838001204623,0.124194970422788,0.901160904429983,0.999542903650367
"PTI98_004322",4.70068009790634,0.800560177837688,0.939236044636675,0.852352486267037,0.394018482983033,0.999542903650367
"PTI98_004323",4.44696711761302,-2.26160159304076,1.27596882274504,-1.77245834908042,0.0763185033751761,0.999542903650367
"PTI98_004335",33.0674943181503,2.79120644057383,1.58197744890921,1.76437814742454,0.0776683347993926,0.999542903650367
"PTI98_004337",17.8692414687982,-0.763058744831886,0.705994149645252,-1.08082870830489,0.279773315705102,0.999542903650367
"PTI98_004345",49.7677001106284,0.0659849934783717,0.50655540038007,0.130262145915063,0.896359028022978,0.999542903650367
"PTI98_004352",11.5481029384806,1.05014641927018,0.778830175088738,1.34836380620528,0.17754139912271,0.999542903650367
"PTI98_004353",5.24871879598182,-0.600700442135165,0.843301440035785,-0.712319953004794,0.476266671088295,0.999542903650367
"PTI98_004354",6.71718069419029,-1.87929014365629,0.863922909266956,-2.17529842477598,0.0296077605022307,0.999542903650367
"PTI98_004355",6.24109651698957,1.19781215889904,0.90783987934632,1.31940905676177,0.187032395579215,0.999542903650367
"PTI98_004356",22.9338330106436,-0.684130938879753,0.659692945887504,-1.03704449645035,0.299715120345526,0.999542903650367
"PTI98_004357",4.09461751917447,0.389343931924013,1.15461091892337,0.337207907480263,0.735960176732216,0.999542903650367
"PTI98_004371",9.34378823576377,0.11608684707006,0.698712174305044,0.166144016576672,0.868043615278248,0.999542903650367
"PTI98_004377",2.0858315880529,-0.419293012051047,1.30151392440896,-0.322157914861692,0.747333065278966,0.999542903650367
"PTI98_004384",4.39249972707964,-0.481230538332232,0.901059564116416,-0.534071838862427,0.593291832472371,0.999542903650367
"PTI98_004389",4.81335167247166,0.704909457594997,0.934400691679312,0.754397405601369,0.45061062896967,0.999542903650367
"PTI98_004393",7.2388535723621,-0.448476781290734,0.846729950790864,-0.529657396519218,0.596349491488579,0.999542903650367
"PTI98_004398",4.01145971534683,-1.62062329645893,1.09249385028789,-1.48341640186978,0.137963812306742,0.999542903650367
"PTI98_004399",4.23258463133357,0.317180915882289,0.955791886372619,0.331851442144001,0.740001438004452,0.999542903650367
"PTI98_004417",8.17746173711385,1.03930081829778,0.785955722514492,1.3223401630982,0.186054904401628,0.999542903650367
"PTI98_004425",5.80059643813906,0.0115291918350059,0.784775915817067,0.0146910622543791,0.988278649878198,0.999542903650367
"PTI98_004429",13.0351337119236,0.286044127405986,0.714182574659371,0.400519611588696,0.688773841701087,0.999542903650367
"PTI98_004430",8.78866166915901,-0.0541025015950209,0.749724432007562,-0.0721631832780864,0.942472044243122,0.999542903650367
"PTI98_004432",2.55861844057715,0.173507481831529,1.1504074080763,0.15082263953921,0.880115626784796,0.999542903650367
"PTI98_004435",61.0280383844555,-0.0333220411033264,0.449149389048783,-0.074189216140083,0.940859826478031,0.999542903650367
"PTI98_004441",9.86206110468233,0.34199454616921,0.789805794963088,0.433010935536619,0.665006825328351,0.999542903650367
"PTI98_004442",2.96086147026932,-0.310435921137616,1.13985545529013,-0.272346743349664,0.785355418027227,0.999542903650367
"PTI98_004447",3.58028383530715,0.130815890721505,0.970171162952545,0.134837949958634,0.89274000008927,0.999542903650367
"PTI98_004448",12.3982839997797,0.213002927910708,0.688953423995986,0.309168835645338,0.757193098904454,0.999542903650367
"PTI98_004450",13.8985851375769,0.296858838095586,0.614088089869656,0.483414094806164,0.628801742307856,0.999542903650367
"PTI98_004455",6.09061063850328,-0.511709635438708,0.901685284393357,-0.567503589440279,0.570372088600423,0.999542903650367
"PTI98_004456",6.14000429814061,0.582427866940348,0.832265055086745,0.699810551194707,0.484045624559975,0.999542903650367
"PTI98_004458",5.24806873406026,0.880414150349945,0.894827322128129,0.983892789791102,0.325168229210297,0.999542903650367
"PTI98_004459",13.0844138016599,-0.415103693079602,0.653756300054343,-0.634951729023639,0.525459897816607,0.999542903650367
"PTI98_004461",3.4053681272365,0.335419070481448,1.02243517656939,0.32805900869617,0.742867046656667,0.999542903650367
"PTI98_004462",3.52086451518824,-0.311927066242979,1.12054456661087,-0.278370959565148,0.780727609741832,0.999542903650367
"PTI98_004463",6.12609222326649,0.385370916759424,0.783714522035399,0.491723588021019,0.622914760800514,0.999542903650367
"PTI98_004464",35.6765223342371,0.0742705213988928,0.613546797160415,0.121051110921983,0.903650552149092,0.999542903650367
"PTI98_004473",8.50138797453861,0.178152379968798,0.742708833364796,0.239868400597432,0.810432278445179,0.999542903650367
"PTI98_004474",2.55385054546193,0.358506508333154,1.19988470360918,0.298784130887567,0.765104759889439,0.999542903650367
"PTI98_004483",2.18035567008135,-1.00110751332478,1.2531736814528,-0.798857754628398,0.424372897159706,0.999542903650367
"PTI98_004484",4.92629059759466,-0.100307901441149,0.933213179901154,-0.107486588918273,0.914402964175556,0.999542903650367
"PTI98_004487",3.59780647510287,0.194907447603438,1.01548663802181,0.191935019433759,0.847793105842685,0.999542903650367
"PTI98_004488",48.0580106002009,-1.00325390715644,0.645652332211201,-1.55386088937453,0.120217602632649,0.999542903650367
"PTI98_004489",19.9006678347702,-0.684066028591232,0.64168946211756,-1.0660390562342,0.286405987024514,0.999542903650367
"PTI98_004495",2.91354041096931,0.455215882470913,0.960099384768585,0.474134125792232,0.635404264755535,0.999542903650367
"PTI98_004499",4.60492599547902,0.389015304584167,0.862460165194981,0.451053069211863,0.651951300912928,0.999542903650367
"PTI98_004500",4.07497438883654,0.613610689799496,0.889264109805474,0.690020752028015,0.490181137252941,0.999542903650367
"PTI98_004504",11.2751130975175,0.226724765520469,0.770070934716394,0.294420624515544,0.768436508873326,0.999542903650367
"PTI98_004505",5.36573342767537,0.749087596588339,0.885804396271779,0.845658025339611,0.397743545448875,0.999542903650367
"PTI98_004506",5.53348442961227,0.524167041267322,0.85837421485341,0.610650963410914,0.541430675924736,0.999542903650367
"PTI98_004512",3.05972874375617,0.670862738147591,1.18868025722262,0.564376108773842,0.572498194723557,0.999542903650367
"PTI98_004525",3.53251291702943,-0.301310918707273,1.03572201383531,-0.2909187162987,0.771113486580329,0.999542903650367
"PTI98_004526",8.2168986797261,-0.0233711887822653,0.676829427788979,-0.0345303969105077,0.972454203566101,0.999542903650367
"PTI98_004527",4.80891938266606,-0.808778176820042,0.898796851992849,-0.89984535996848,0.368202551283056,0.999542903650367
"PTI98_004540",6.77429427137389,-0.03179855568774,0.814933894327327,-0.0390197976904465,0.968874604358058,0.999542903650367
"PTI98_004541",3.57234316725456,0.699740996119047,0.98223832307021,0.712394313766792,0.47622063568604,0.999542903650367
"PTI98_004542",73.5633475963622,-0.743733811830675,0.488452240147725,-1.5226336388707,0.127850388947758,0.999542903650367
"PTI98_004543",15.4924579154895,0.552091506018711,0.670157862777944,0.823823067195208,0.410040098756232,0.999542903650367
"PTI98_004547",4.4091179687966,-0.0177733543487126,0.987420618933589,-0.0179997804460553,0.985639028561978,0.999542903650367
"PTI98_004551",2.73334101685031,-0.636574575328888,1.07166222103851,-0.594006733494818,0.552507609347887,0.999542903650367
"PTI98_004553",44.3490617178559,-0.0928926547729148,0.550254494376015,-0.168817621159559,0.865940097578356,0.999542903650367
"PTI98_004554",4.56510363827813,0.465748856458534,0.876820736504796,0.531179107733142,0.595294669188097,0.999542903650367
"PTI98_004568",2.45571424817215,1.09017713488057,1.15062112447074,0.947468381811629,0.343400160410962,0.999542903650367
"PTI98_004573",5.05091317060942,-1.72951125318456,0.92073647824141,-1.87839983975425,0.0603264874363126,0.999542903650367
"PTI98_004577",16.4649612194742,1.01390263406605,0.723661757895563,1.40107256325734,0.161192375195268,0.999542903650367
"PTI98_004581",10.7058111002842,-0.0234874057089411,0.666442753601694,-0.0352429455973627,0.971886017850966,0.999542903650367
"PTI98_004584",2.97172163679489,0.435908631891272,1.16617829698431,0.373792440674392,0.708558743979263,0.999542903650367
"PTI98_004586",14.528920279947,-0.520645647099976,0.578569470085265,-0.899884411500743,0.36818176668249,0.999542903650367
"PTI98_004587",3.33180296746646,-1.25781732855367,1.06657131221094,-1.17930916962907,0.238275088273994,0.999542903650367
"PTI98_004588",5.63835170854387,0.315196058599368,0.939023329506875,0.335663714302916,0.737124471542242,0.999542903650367
"PTI98_004589",5.67699330041853,0.85246092609272,0.878902846930569,0.969914853581151,0.332088935563903,0.999542903650367
"PTI98_004597",11.7508897782717,-0.511585735527956,0.686187522153804,-0.745548001109365,0.455940504362701,0.999542903650367
"PTI98_004598",3.88627971053199,0.421637683836964,0.922521326812939,0.45704925358594,0.647635643972031,0.999542903650367
"PTI98_004599",3.96182423002091,1.32230755496726,0.94604997027882,1.39771428202418,0.162198883711561,0.999542903650367
"PTI98_004604",3.45200816978928,0.950225279040162,1.07227434833688,0.88617738595909,0.375521947550295,0.999542903650367
"PTI98_004605",7.68883968910653,-0.0781472580572266,0.709326128778298,-0.110171125645439,0.912273661247099,0.999542903650367
"PTI98_004606",27.0410155416131,-0.0595774418424345,0.568029810878115,-0.104884357654282,0.916467571284872,0.999542903650367
"PTI98_004607",11.3080438844585,-0.196372118152253,0.728780014395767,-0.269453215336956,0.787580939922835,0.999542903650367
"PTI98_004608",10.9309562550554,-0.308170630337862,0.796757270538252,-0.386781070889603,0.698918291914374,0.999542903650367
"PTI98_004609",3.14179903956471,0.898132032350717,1.10892615188303,0.80991149034192,0.417991047412314,0.999542903650367
"PTI98_004611",25.5407880944451,0.512490465083133,0.674437970728773,0.759877835065179,0.447327611721009,0.999542903650367
"PTI98_004612",8.0701364263179,1.25756168239767,0.754669743215046,1.66637352789606,0.0956390400062933,0.999542903650367
"PTI98_004615",20.8259898500067,0.101163586520126,0.591767783509274,0.170951493709593,0.864261906441222,0.999542903650367
"PTI98_004622",29.2512315576295,-0.116807454633023,0.606944989542742,-0.192451468659495,0.847388579647277,0.999542903650367
"PTI98_004628",50.2452128868157,-0.16018910198651,0.532342877670056,-0.300913393802922,0.763480536632141,0.999542903650367
"PTI98_004629",13.2846491427795,0.223223576425033,0.587730961617689,0.379805712141871,0.704089641859301,0.999542903650367
"PTI98_004637",3.39853204649311,-0.0375926431988765,1.05994716433741,-0.0354665255625042,0.971707738304783,0.999542903650367
"PTI98_004638",4.46150374645133,0.535903327770147,0.945989550305439,0.566500261654176,0.571053755122275,0.999542903650367
"PTI98_004641",3.30597739255008,0.633294964130932,1.06038296712406,0.597232305464633,0.55035229334226,0.999542903650367
"PTI98_004642",2.78438945925363,-0.946416358825013,1.129329459262,-0.838033889103963,0.402011670657032,0.999542903650367
"PTI98_004643",6.83210162997803,0.637526239860309,0.824396490738775,0.773324786097762,0.439330190459035,0.999542903650367
"PTI98_004644",7.15508377694714,0.649096977108757,0.763548276119293,0.850106008237972,0.395266151524827,0.999542903650367
"PTI98_004645",4.199784174,0.720426778357137,1.06289950214638,0.677793880703052,0.497902391517985,0.999542903650367
"PTI98_004648",5.17586757620303,0.362370491651093,0.927147755548283,0.39084438211987,0.69591226690702,0.999542903650367
"PTI98_004649",2.99881239395481,0.657311944830125,1.03901531357633,0.63262969875548,0.526975488263575,0.999542903650367
"PTI98_004658",3.65443881968737,0.639966258146829,1.00703405543616,0.635496143047168,0.525104881430811,0.999542903650367
"PTI98_004661",2.6695860237315,0.234237818461013,1.16999652482324,0.200203858294709,0.841321149779556,0.999542903650367
"PTI98_004666",17.2036139009526,-0.632626989780027,0.613874213955907,-1.0305482383814,0.302752720051099,0.999542903650367
"PTI98_004675",4.69749079167063,0.627802252877998,0.993338657157742,0.632012303512218,0.527378837638292,0.999542903650367
"PTI98_004676",7.07215318386461,0.496789938043449,0.752086043584787,0.660549337779917,0.508901368039726,0.999542903650367
"PTI98_004677",4.42365039386906,0.845520996279301,1.01703371997077,0.831359845476515,0.405770375989293,0.999542903650367
"PTI98_004678",8.61446674445129,0.441214328166144,0.882085740541552,0.500194377811008,0.616938216728519,0.999542903650367
"PTI98_004679",3.56601270116606,-0.47282651682182,1.13100084348454,-0.418060268960607,0.675903052866374,0.999542903650367
"PTI98_004682",17.9017441140819,0.459139791629067,0.643325774408949,0.713697180951438,0.475414449968159,0.999542903650367
"PTI98_004683",5.41660710000083,0.720795823877888,0.899682988038899,0.801166448027495,0.423035292264972,0.999542903650367
"PTI98_004685",20.8504983467843,0.703551035881453,0.62951086613227,1.11761539590903,0.26373129042031,0.999542903650367
"PTI98_004688",16.5148664741862,-0.76110495587762,0.644840678861053,-1.18029922867447,0.237881224825279,0.999542903650367
"PTI98_004691",3.89965596574769,-0.204902095425708,1.072614545453,-0.191030502331265,0.848501695788511,0.999542903650367
"PTI98_004692",5.01113855754604,-0.113994712692761,0.834605616499421,-0.136585125284549,0.891358734605515,0.999542903650367
"PTI98_004694",14.2665085864227,-0.820873930197123,0.702142935895608,-1.16909804005942,0.242364133491784,0.999542903650367
"PTI98_004696",1.94494400926353,0.0885418899791517,1.31063822178913,0.0675563160810958,0.946138830628821,0.999542903650367
"PTI98_004697",65.5715640468454,-0.747458961759537,0.540042834748252,-1.38407347281623,0.166335958563897,0.999542903650367
"PTI98_004698",18.718621413862,-0.293087815384218,0.573573972032499,-0.510985207968278,0.609361414580386,0.999542903650367
"PTI98_004699",7.94803051807369,-0.937438912306631,0.721017251107891,-1.30016155766897,0.193545603165257,0.999542903650367
"PTI98_004701",78.4242539930774,-0.312359135035481,0.477572402152678,-0.654056083700627,0.513075673663643,0.999542903650367
"PTI98_004708",10.7473339004797,0.810960969890002,0.6440041131558,1.25924812174889,0.207940725046286,0.999542903650367
"PTI98_004711",21.872644141473,0.663611415929746,0.618520968939066,1.07290043386568,0.283315791380664,0.999542903650367
"PTI98_004712",3.7720011399782,-0.918754182796984,0.959383630315559,-0.957650468243647,0.338239041174577,0.999542903650367
"PTI98_004713",4.56885338359107,0.240880452508298,0.874033415976123,0.275596388084638,0.782858084161709,0.999542903650367
"PTI98_004717",7.19245467074236,-0.234355373531687,0.793267530831138,-0.295430437302966,0.767665084757393,0.999542903650367
"PTI98_004719",1.85742012852652,0.317491599190183,1.30733690468642,0.242853695976965,0.80811873706314,0.999542903650367
"PTI98_004720",29.5022801719047,0.453789674669426,0.510902903714788,0.888211187233248,0.374427162163301,0.999542903650367
"PTI98_004725",12.3594697432126,0.51129925580976,0.648241370927558,0.788748263749582,0.430259153131764,0.999542903650367
"PTI98_004726",11.088469408093,-0.474404910265044,0.698101761676016,-0.679564121319624,0.496780494001799,0.999542903650367
"PTI98_004727",4.86203939946324,-0.206864813169362,0.90723222497079,-0.228017488219207,0.819632644977555,0.999542903650367
"PTI98_004728",3.85426810584803,0.780712397964591,0.985194557653227,0.792444895173071,0.428101310508586,0.999542903650367
"PTI98_004729",12.4198642746405,-0.289609900497348,1.00499057713971,-0.288171757113986,0.773215266751367,0.999542903650367
"PTI98_004736",7.58081240461749,1.20568397899312,1.05915221550224,1.13834816313102,0.254975130149244,0.999542903650367
"PTI98_004738",3.87702408983245,-0.198803004322779,0.930300704544496,-0.213697574721411,0.830782902749954,0.999542903650367
"PTI98_004740",2.5092992125306,0.667319272274497,1.16908987425987,0.570802371115362,0.568133615472166,0.999542903650367
"PTI98_004742",29.0819360926079,-1.1988965222067,0.617884412843339,-1.94032491722796,0.0523402150236802,0.999542903650367
"PTI98_004747",4.1244039828946,0.807907472465683,0.939575309100329,0.859864520321716,0.38986372819712,0.999542903650367
"PTI98_004755",9.70002789153919,0.125428660062068,0.705723693775441,0.17773054974399,0.85893459197289,0.999542903650367
"PTI98_004756",37.7466814345112,-0.530033354518511,0.567142038467394,-0.934568976672647,0.3500104731999,0.999542903650367
"PTI98_004757",2.87829592234029,0.330619024087307,1.03984733738138,0.317949579906505,0.750523183118159,0.999542903650367
"PTI98_004758",2.79654388575142,0.794679609999551,1.18938531525293,0.668143115446619,0.504042242291355,0.999542903650367
"PTI98_004760",12.7818770922377,0.658164204372632,0.748999986779235,0.878723919879886,0.379550985911566,0.999542903650367
"PTI98_004761",10.0050597426444,-0.354629933918554,0.75471687328761,-0.469884729585754,0.638437374818283,0.999542903650367
"PTI98_004763",4.95399217145699,-0.0955291229275493,0.870937244060625,-0.109685426336986,0.912658858770396,0.999542903650367
"PTI98_004764",8.51083996204601,-0.183291363963295,0.703648437230479,-0.260487132870954,0.794488039312242,0.999542903650367
"PTI98_004769",5.7376405287948,0.212877015792646,0.867222957985625,0.245469765107596,0.806092716079006,0.999542903650367
"PTI98_004771",2.48139765830761,-1.08216777365073,1.22656663685775,-0.882273935334695,0.377628687988107,0.999542903650367
"PTI98_004772",4.22836525482358,0.413824317318849,0.9514599668877,0.434936131545818,0.663608787372408,0.999542903650367
"PTI98_004781",2.0827361211944,2.04993076931798,1.38698685205796,1.47797419007712,0.139414686689008,0.999542903650367
"PTI98_004785",1.657988999279,0.0998975155169712,1.41473646547682,0.0706121019389301,0.943706478502711,0.999542903650367
"PTI98_004786",2.88259633988714,1.09194577256388,1.08829790714948,1.00335189968706,0.315691103263348,0.999542903650367
"PTI98_004795",3.14671795791394,-0.46019273884359,1.04925671122707,-0.438589273644396,0.660959170602576,0.999542903650367
"PTI98_004796",12.8609835933246,0.432787418242898,0.637614088086401,0.678760752513755,0.497289465346915,0.999542903650367
"PTI98_004797",6.29268968559347,-0.589686338258867,0.787269272975773,-0.749027503677275,0.453840628404456,0.999542903650367
"PTI98_004801",5.20415183561878,0.379254678723248,0.912540112472278,0.415603296271285,0.677700314245101,0.999542903650367
"PTI98_004803",9.38751423763101,-0.282594546314427,0.716087529904135,-0.394636876796695,0.693110894147986,0.999542903650367
"PTI98_004804",2.70120794553013,0.23262590984123,1.0325694399231,0.225288393058151,0.821754928594263,0.999542903650367
"PTI98_004807",3.9901147112048,0.747363540591578,0.998186156926724,0.748721604086963,0.45402501949772,0.999542903650367
"PTI98_004809",23.1537413348597,0.928879102401094,0.620919645869518,1.49597312402689,0.134660658980126,0.999542903650367
"PTI98_004810",8.67023248788464,0.142071335357067,0.665707097548757,0.21341418152247,0.831003920036142,0.999542903650367
"PTI98_004811",2.37522639238908,0.541784198229675,1.24550010833298,0.434993296752754,0.663567293036286,0.999542903650367
"PTI98_004812",6.49072141600892,-0.0437528433153378,0.863826355440149,-0.050650044467611,0.959604384253903,0.999542903650367
"PTI98_004813",9.98876569339416,0.518654691001636,0.79592953763367,0.651633927977615,0.514637355193578,0.999542903650367
"PTI98_004814",12.3855239892626,0.185257818352104,0.723487791172602,0.256062121037101,0.79790287011753,0.999542903650367
"PTI98_004815",7.81250361288236,0.318070083937049,0.779567956843435,0.408008155215811,0.683267687649242,0.999542903650367
"PTI98_004816",4.16363660408448,-0.243524002667185,0.942901757704675,-0.258270812072724,0.79619791086736,0.999542903650367
"PTI98_004818",3.22825611117521,0.51009225942089,0.995116735372829,0.512595398397938,0.608234372737883,0.999542903650367
"PTI98_004819",54.553541132107,-0.0824639993109702,0.525826944627378,-0.156827260667305,0.875380987781078,0.999542903650367
"PTI98_004820",7.03304946449406,0.677620036394494,0.752763786426005,0.900176188883526,0.368026495601368,0.999542903650367
"PTI98_004823",7.28909167359226,-0.456731709733701,0.801567686586735,-0.569798056204801,0.568814674076785,0.999542903650367
"PTI98_004829",2.19278613668553,-0.290392477609679,1.14996342664482,-0.252523228896888,0.800636661691129,0.999542903650367
"PTI98_004832",2.81653366656661,-0.165027216793818,1.16169337321801,-0.142057465935848,0.887034614637793,0.999542903650367
"PTI98_004833",13.7168684239359,-0.545721732522855,0.682889311486908,-0.799136438868273,0.424211302701849,0.999542903650367
"PTI98_004835",115.879428785617,-0.111549525625858,0.436289510020914,-0.255677762274208,0.798199667687217,0.999542903650367
"PTI98_004836",6.15479417393664,0.107050862241612,0.951227195684444,0.112539741007493,0.910395461100917,0.999542903650367
"PTI98_004837",15.0017200142302,0.123625446571349,0.603430255564811,0.204871143651284,0.837672801037264,0.999542903650367
"PTI98_004838",9.67893803687672,-0.0493598701542915,0.731911167251602,-0.0674397008309666,0.946231664420847,0.999542903650367
"PTI98_004839",12.9737625346392,0.452755314746559,0.695328355977325,0.651138862458996,0.514956851795515,0.999542903650367
"PTI98_004844",9.77240068985624,-0.0380067863341709,0.719864990467111,-0.0527971033978313,0.957893569437293,0.999542903650367
"PTI98_004846",5.64836179233647,-1.03815736653972,0.85457908275594,-1.21481719771534,0.224435820106663,0.999542903650367
"PTI98_004847",3.77212209511418,-0.741151566616366,1.00103448597757,-0.740385648045468,0.459066024753443,0.999542903650367
"PTI98_004848",24.7111246218312,-0.201126656720434,0.573472029675642,-0.350717465390932,0.725800321370005,0.999542903650367
"PTI98_004852",22.4733755647138,-0.121521708898449,0.574067679088226,-0.211685334891973,0.832352529894266,0.999542903650367
"PTI98_004853",3.20646778369973,0.439084607556253,1.11567688831007,0.393558934631459,0.693906704675529,0.999542903650367
"PTI98_004854",7.43059571479313,0.0195046222052832,0.762111389363326,0.0255928758938736,0.979582068423587,0.999542903650367
"PTI98_004855",6.91018105327623,1.2513619097899,0.780801315272196,1.60266368064924,0.109008926154685,0.999542903650367
"PTI98_004858",20.2781951794849,-0.168005775302333,0.58623642497569,-0.286583651483785,0.77443113381738,0.999542903650367
"PTI98_004859",39.1347264277673,0.0489027192057192,0.529793051548013,0.0923053238671768,0.926455458596647,0.999542903650367
"PTI98_004860",9.36861887864724,0.561781623141321,0.761382238716559,0.737844402685701,0.460609007319992,0.999542903650367
"PTI98_004862",7.77752101856454,-0.390100856655199,0.752968664133849,-0.518083786533053,0.604399811991922,0.999542903650367
"PTI98_004864",9.17754482277432,0.391613412784963,0.74035342033035,0.528954688438155,0.596836883010916,0.999542903650367
"PTI98_004865",2.81671896039538,0.535265569347556,1.14458203154936,0.46765155715663,0.640033788856101,0.999542903650367
"PTI98_004866",126.677492005862,0.346937006896014,0.456497943644137,0.759996866856577,0.447256457697654,0.999542903650367
"PTI98_004867",174.925934793767,0.296729863242295,0.408922007806799,0.725639260243702,0.468059946467569,0.999542903650367
"PTI98_004868",4.74909185149518,0.0581961166419041,0.867172607506372,0.0671101879120143,0.946493983400992,0.999542903650367
"PTI98_004869",30.7640142142824,-0.0799564163937838,0.693651640552209,-0.11526883484357,0.908232039866281,0.999542903650367
"PTI98_004870",8.14011313170358,0.831838096909763,0.806578904288067,1.03131645582027,0.302392443939784,0.999542903650367
"PTI98_004871",23.2458232727288,0.868204084201363,0.589593527842478,1.47254683642545,0.140873269020831,0.999542903650367
"PTI98_004875",8.51461839162181,-0.373549794940977,0.691670710754805,-0.540068834971095,0.589149562239369,0.999542903650367
"PTI98_004876",3.46951467166932,0.857440030284205,1.1641704705347,0.736524462684906,0.461411585869258,0.999542903650367
"PTI98_004877",10.1652913664406,-0.0676734867547398,0.693923967735283,-0.0975229130297972,0.922311138989326,0.999542903650367
"PTI98_004881",6.9221813208919,-0.0159591470251976,0.810997132438165,-0.0196784259609135,0.984299901036984,0.999542903650367
"PTI98_004882",5.56048618761129,0.77372394970704,0.846639897611765,0.913876078707833,0.360781964539978,0.999542903650367
"PTI98_004887",7.33313385226621,0.0414286596979178,0.80420639404578,0.0515149593495516,0.958915181841477,0.999542903650367
"PTI98_004891",5.26044346735717,-0.92683383482766,0.970361294265243,-0.955143038273654,0.339505366880674,0.999542903650367
"PTI98_004893",6.63914325756396,0.0874893615821322,0.735173995795938,0.119004973084517,0.90527141583154,0.999542903650367
"PTI98_004895",17.5350024463918,-0.517706180591061,0.630510429733808,-0.821090589745881,0.411594669747361,0.999542903650367
"PTI98_004902",3.93297089842808,0.474925876152671,0.955012890360229,0.497297869951819,0.618979013613729,0.999542903650367
"PTI98_004903",2.14263850982457,0.401141863954205,1.30171109411751,0.308165049654247,0.757956745483967,0.999542903650367
"PTI98_004904",8.17936878550177,-0.175967375653389,0.716228653235385,-0.245686031770021,0.805925285872317,0.999542903650367
"PTI98_004906",9.84706816011857,0.232920393293918,0.715229862736685,0.325658093193557,0.744683053957963,0.999542903650367
"PTI98_004908",3.27188148935004,0.186577494306712,1.07554383035601,0.17347270193996,0.862279883263091,0.999542903650367
"PTI98_004913",2.80429576425719,0.988678938927309,1.20669427494999,0.819328440891366,0.412599050098051,0.999542903650367
"PTI98_004920",5.06579387438817,1.01469724745793,0.936109779525567,1.083951123737,0.278386470361091,0.999542903650367
"PTI98_004922",3.32333691341909,0.283130852191359,2.65874356166004,0.106490470263548,0.915193216044022,0.999542903650367
"PTI98_004923",3.21935740643395,-0.408891347991393,1.08517200808305,-0.376798650302173,0.706323243846771,0.999542903650367
"PTI98_004924",5.30779767866368,0.936403313232348,0.887079889809186,1.05560200833069,0.291150082988496,0.999542903650367
"PTI98_004925",4.3396913424482,1.30078000879922,1.00577295706917,1.29331376396289,0.195902562125992,0.999542903650367
"PTI98_004926",29.3841154354631,0.287073490004144,0.616766946053063,0.465448889311013,0.641610030357447,0.999542903650367
"PTI98_004927",6.23263203434085,0.168974722474572,0.743074567350915,0.22739941575039,0.820113174552443,0.999542903650367
"PTI98_004928",6.00614153801234,0.703219467425245,0.812019054447367,0.866013504946423,0.386482755859948,0.999542903650367
"PTI98_004929",22.993456017577,0.217549525947867,0.529271797703395,0.411035552795092,0.681046465369556,0.999542903650367
"PTI98_004930",7.80574257656385,0.174798005021347,0.713377541789411,0.245028746745923,0.806434173009348,0.999542903650367
"PTI98_004931",10.1324586921633,0.586355360146805,0.685509938603952,0.855356468413753,0.392353835129036,0.999542903650367
"PTI98_004934",8.29911262843801,-0.719854456845303,0.81952968711438,-0.87837508288438,0.379740201829234,0.999542903650367
"PTI98_004939",4.66389975678461,-0.33108661365535,0.885848045528503,-0.373751023470195,0.708589560543591,0.999542903650367
"PTI98_004941",5.31456994425436,-0.211239175934471,0.833709571387201,-0.253372617016969,0.799980285868736,0.999542903650367
"PTI98_004942",2.8438288043956,0.440901939091642,1.23797737443053,0.356147008982663,0.721730474084977,0.999542903650367
"PTI98_004944",5.41087479999453,0.25849585566197,0.845100902641196,0.305875730169135,0.759699265403176,0.999542903650367
"PTI98_004945",22.6121575438906,-0.0672878255201831,0.617296713756257,-0.109004023544425,0.913199299026944,0.999542903650367
"PTI98_004947",20.2911732878106,-0.631874648586674,0.698689232592687,-0.904371527584477,0.365798430526797,0.999542903650367
"PTI98_004950",6.77421829627498,0.572126740782993,0.824779529214592,0.693672333657225,0.48788772004672,0.999542903650367
"PTI98_004951",3.35765416655124,-1.56482031163096,0.938812223445173,-1.66680862535909,0.0955524645975139,0.999542903650367
"PTI98_004953",5.96551731002094,-0.715158390798006,0.892325648235099,-0.801454482690814,0.422868584853817,0.999542903650367
"PTI98_004956",5.70582944169952,0.0613942483511467,0.858268937341233,0.0715326463303394,0.942973843083919,0.999542903650367
"PTI98_004959",37.1396941639282,0.0789176573874629,0.512710103786934,0.153922571068072,0.877670787045173,0.999542903650367
"PTI98_004960",2.8044272534071,-1.56723208932894,1.29119113546734,-1.21378783224196,0.224828753932461,0.999542903650367
"PTI98_004961",96.5606416121638,-0.530607844872254,0.464658949975432,-1.1419296774555,0.253483251542787,0.999542903650367
"PTI98_004962",5.31101657122359,-1.20849747660863,0.943365298541159,-1.28104932254502,0.200176342355209,0.999542903650367
"PTI98_004964",6.23851978680332,0.00634050517692359,0.806275707986923,0.00786394171883749,0.9937255469859,0.999542903650367
"PTI98_004966",2.56786426259286,0.908920676438958,1.18180218619498,0.769097135761265,0.441835648416462,0.999542903650367
"PTI98_004971",3.77512137871991,-0.632935468264272,1.86255440414397,-0.339821197628409,0.733991183495286,0.999542903650367
"PTI98_004975",1.85810676373932,0.0384003771738556,1.37717777594941,0.0278833842982856,0.977755160700652,0.999542903650367
"PTI98_004976",15.7875754721488,0.184192418850055,0.684266981844287,0.269182093740087,0.787789559014698,0.999542903650367
"PTI98_004981",59.3418319943782,-0.371324772710308,0.534724182228266,-0.694423003580928,0.487416971730151,0.999542903650367
"PTI98_004982",42.8957884057805,0.00758933128437089,0.566213935259279,0.0134036462399951,0.98930575782482,0.999542903650367
"PTI98_004987",5.53815106892031,-0.730125432974653,0.867829961686635,-0.841323145326358,0.400166927651754,0.999542903650367
"PTI98_004990",3.8114087521252,0.21517653194892,0.941667899395048,0.2285057524921,0.819253084571708,0.999542903650367
"PTI98_004991",26.4743377144315,0.483370975855631,0.622852438933072,0.776060179973977,0.437713453751154,0.999542903650367
"PTI98_004994",7.06228770433383,0.747542838055182,0.779620045306735,0.958855332870601,0.337631629466268,0.999542903650367
"PTI98_004996",4.39576622028225,-0.245764018464941,0.919580782775986,-0.267256583726163,0.789271612434682,0.999542903650367
"PTI98_005004",9.06701331860822,-0.238834783636739,0.700852876443153,-0.340777346664869,0.733271205526134,0.999542903650367
"PTI98_005010",5.46197564583555,0.133716658376202,0.854240838762394,0.156532739139384,0.875613115198276,0.999542903650367
"PTI98_005020",7.76853324127218,0.125238620590603,0.717357568783628,0.174583256719465,0.8614071057243,0.999542903650367
"PTI98_005027",46.4594911402333,-0.150712817534437,0.549684874100418,-0.274180397961805,0.7839459912801,0.999542903650367
"PTI98_005028",11.098551708059,0.19170113891953,0.622185355630641,0.308109371563758,0.757999110422469,0.999542903650367
"PTI98_005029",10.6087394912953,0.384403889808563,0.742456192218692,0.517746223733206,0.604635342919995,0.999542903650367
"PTI98_005030",3.40506697095614,0.573802441061371,1.00089175376723,0.573291206468285,0.566447538384524,0.999542903650367
"PTI98_005031",7.9123487793764,0.308806638097464,0.71150157747415,0.434021016782192,0.664273179338362,0.999542903650367
"PTI98_005039",5.33205137538135,0.143324022827462,0.878134637535665,0.163214177759433,0.870349803652371,0.999542903650367
"PTI98_005040",8.04577714893784,-0.136286642558102,0.899193003543749,-0.151565505982578,0.879529641266526,0.999542903650367
"PTI98_005041",5.57885025745352,0.579852854679149,0.893371868996449,0.649061017928083,0.516298937165543,0.999542903650367
"PTI98_005042",3.68696611326607,0.0583367079870033,0.931991776897393,0.0625935865885068,0.950090136565542,0.999542903650367
"PTI98_005045",2.15020721145608,0.510581949008061,1.28871204528257,0.39619552783501,0.691960790227908,0.999542903650367
"PTI98_005046",2.94403825228448,-1.38422378798491,0.974041895321562,-1.42111319300895,0.155283855184899,0.999542903650367
"PTI98_005047",9.2446882832074,0.839264390421308,0.724154153097768,1.15895819533883,0.246473225670811,0.999542903650367
"PTI98_005048",4.98585557682258,0.381140672849869,0.85098716719589,0.447880635034457,0.654239344811276,0.999542903650367
"PTI98_005060",7.82035930128963,0.500127854793817,0.826848848059073,0.60486007323806,0.545271974208105,0.999542903650367
"PTI98_005064",2.96222972032998,-0.272922499550551,1.06530055502879,-0.256192957247802,0.797801846509797,0.999542903650367
"PTI98_005065",33.9531732929308,-0.246459007110192,0.610071318563488,-0.403983927142355,0.686224538501039,0.999542903650367
"PTI98_005066",12.5769962677668,0.518958454731973,0.677228102305447,0.76629787358988,0.44349908327458,0.999542903650367
"PTI98_005071",8.26649330970146,0.456904736837713,0.846281577480976,0.539896825117859,0.589268187526751,0.999542903650367
"PTI98_005073",3.05506947593949,1.26014218087868,1.32324111398153,0.952314863530052,0.340937321958742,0.999542903650367
"PTI98_005076",15.4139381883706,-0.0180167571101478,0.609408010477321,-0.0295643588538262,0.976414490394815,0.999542903650367
"PTI98_005077",22.6883863563575,-0.587612487333516,0.712804984132748,-0.824366412151915,0.409731393496082,0.999542903650367
"PTI98_005078",5.79356648288722,-0.557233203683265,0.92611890670495,-0.601686456943042,0.547382866592344,0.999542903650367
"PTI98_005083",2.67167868375178,0.722854633836927,1.13423070276521,0.637308293696015,0.523924049734159,0.999542903650367
"PTI98_005084",54.5498915945194,-0.537153816709014,0.612359345862872,-0.877187259961083,0.380384934763571,0.999542903650367
"PTI98_005088",71.7737799260819,-0.904349111468678,0.525141520259245,-1.72210552123593,0.0850504051258034,0.999542903650367
"PTI98_005093",3.31375011403592,0.0392257234673174,0.984374197841299,0.0398483864706512,0.968214000017298,0.999542903650367
"PTI98_005095",42.5828321920964,0.080998871924111,0.564868410417734,0.143394232055233,0.885978838054718,0.999542903650367
"PTI98_005098",19.3237380970865,0.223788956570958,0.647804421476682,0.345457593606458,0.729750385526968,0.999542903650367
"PTI98_005099",3.99135212559341,0.00806744260542475,0.980604539021412,0.00822700924215138,0.993435870391598,0.999542903650367
"PTI98_005101",4.86965623386127,1.4387961218621,0.888312145351165,1.61969655530638,0.105297476538732,0.999542903650367
"PTI98_005102",9.36419834090582,0.571832210102342,0.682802117139983,0.837478671708789,0.402323560666193,0.999542903650367
"PTI98_005111",93.3580263185161,-0.626369783069976,0.529216507094187,-1.18357945127078,0.236579578576599,0.999542903650367
"PTI98_005112",5.74371004441911,-0.537200204490471,0.802489163861035,-0.669417393632865,0.503229259238305,0.999542903650367
"PTI98_005115",4.87171727242298,0.57290439105223,0.851329584006931,0.672952522518665,0.500977496168748,0.999542903650367
"PTI98_005116",6.72994844632947,0.0760941577891328,0.814616803031464,0.0934109847795438,0.925577064083481,0.999542903650367
"PTI98_005117",7.35683185804871,-0.278815152457005,0.723001759676033,-0.385635510184564,0.699766630366162,0.999542903650367
"PTI98_005121",7.51988859214534,-0.995850530870657,0.740332449915462,-1.34513964771418,0.178580141652877,0.999542903650367
"PTI98_005122",34.5463733142469,0.593701939791548,0.56569705975197,1.04950508325402,0.293945716918115,0.999542903650367
"PTI98_005124",11.4997097225557,0.077837429964719,0.670490138071242,0.116090342788082,0.907580942403024,0.999542903650367
"PTI98_005125",3.16715128458608,0.933903201394818,1.0523828858592,0.887417701241261,0.374854056823113,0.999542903650367
"PTI98_005126",33.2009849372378,-0.66626734829103,0.603132003681137,-1.10467914855215,0.269298641640324,0.999542903650367
"PTI98_005127",2.65385182797551,-1.03946322640332,1.22409192929332,-0.849170884578425,0.39578621177426,0.999542903650367
"PTI98_005129",44.1974028804232,-0.222620901959815,0.565079051253247,-0.393964174509886,0.693607489266713,0.999542903650367
"PTI98_005130",4.87487631026789,-0.345034754749571,0.858476194475452,-0.401915343686839,0.687746330132572,0.999542903650367
"PTI98_005131",38.1654024593947,0.37040740963479,0.530315377935539,0.69846628071912,0.484885638169972,0.999542903650367
"PTI98_005132",4.0749441610877,1.16901980235657,1.02692663529058,1.1383673985881,0.254967101352051,0.999542903650367
"PTI98_005133",13.7214381279019,0.129556086068363,0.621426112058079,0.208481883130548,0.834852727025229,0.999542903650367
"PTI98_005136",4.50884338147089,-0.236253886095828,0.896275505319931,-0.263595160967269,0.79209188768049,0.999542903650367
"PTI98_005141",3.12162299331627,-1.19406717805939,1.1875685739168,-1.00547219275191,0.314669532724594,0.999542903650367
"PTI98_005146",2.88870549266756,0.578935150264128,1.16877801143895,0.495333711447366,0.620364578277113,0.999542903650367
"PTI98_005148",6.87027119449041,2.13129060095165,1.79609602366085,1.18662397381606,0.23537597521549,0.999542903650367
"PTI98_005149",3.411393624202,0.653191647838552,1.11413151056858,0.586278766593009,0.55768819757346,0.999542903650367
"PTI98_005151",4.48071957460679,0.00109131646316969,0.964998643602456,0.00113089947887975,0.999097672958318,0.999542903650367
"PTI98_005155",4.02037635144442,0.31408017974205,0.941181423795767,0.33370843474085,0.738599584109074,0.999542903650367
"PTI98_005156",6.47441177076663,0.567596983598985,0.894402419768617,0.634610295157546,0.525682611982264,0.999542903650367
"PTI98_005158",2.85650196138241,-0.389129604215842,1.08752425167077,-0.357812346361951,0.720483750429705,0.999542903650367
"PTI98_005159",2.48110583490325,0.104500005033424,1.08353136527725,0.0964439132841209,0.923168016891846,0.999542903650367
"PTI98_005161",41.744374190296,-0.642437783413898,0.624797798162286,-1.02823311046149,0.303840186925694,0.999542903650367
"PTI98_005163",41.935699401169,0.508153519074657,0.487628811482208,1.04209084268434,0.297369563753106,0.999542903650367
"PTI98_005164",4.67975051682693,0.252449541076891,0.947399630345461,0.266465737362424,0.789880543398959,0.999542903650367
"PTI98_005166",43.1803303956244,0.252857212143407,0.496929665513147,0.508839036370061,0.610865054711049,0.999542903650367
"PTI98_005168",5.37346161626208,-0.974049713134885,0.876844129431551,-1.11085845299135,0.26662928131384,0.999542903650367
"PTI98_005170",6.1341830158001,-0.883430979699977,1.02768600335372,-0.859631226675283,0.389992356051959,0.999542903650367
"PTI98_005171",15.122971514531,0.123754729030179,0.629474434687606,0.19660008764549,0.844140502018225,0.999542903650367
"PTI98_005174",3.81260239105006,-0.150755816246434,0.970401844950582,-0.155354008270782,0.876542239959954,0.999542903650367
"PTI98_005175",3.61122425965897,-0.0675889474915023,0.903317749668669,-0.07482300388351,0.940355538666689,0.999542903650367
"PTI98_005176",2.31915952894426,0.206767597542027,1.21000175637654,0.170882063974198,0.864316500093327,0.999542903650367
"PTI98_005177",57.6355015528082,0.72285597505073,0.580645421614653,1.24491806555646,0.21316186954869,0.999542903650367
"PTI98_005178",3.30490841114524,-0.0539209547332307,0.953155108667731,-0.0565710179202612,0.954886921908994,0.999542903650367
"PTI98_005180",2.17612261836581,0.0666808280662379,1.25734216225151,0.0530331600006424,0.957705487019714,0.999542903650367
"PTI98_005181",164.969009953268,-0.0699032133626184,0.40104907351443,-0.174300897269379,0.861628994119243,0.999542903650367
"PTI98_005188",51.5493617368188,0.859706999978504,0.516625571644162,1.6640813911756,0.0960961652989606,0.999542903650367
"PTI98_005192",7.99101269938092,0.508991660997998,0.892109053498965,0.570548700298095,0.568305601079238,0.999542903650367
"PTI98_005193",14.1651595026581,0.0773673172330389,0.708037918299821,0.109270019632307,0.912988325048457,0.999542903650367
"PTI98_005194",3.78343125813777,0.268421049290502,1.01963684921451,0.263251616982345,0.792356648765832,0.999542903650367
"PTI98_005195",4.1175167953207,-0.354766638744598,0.855448635905179,-0.41471413227424,0.678351185549252,0.999542903650367
"PTI98_005200",4.48496098621678,-0.0722486530608003,0.940754059392006,-0.0767986620302159,0.938783715141872,0.999542903650367
"PTI98_005201",4.69859769789548,-0.0179984734699498,0.851685515994235,-0.0211327692345911,0.983139744658014,0.999542903650367
"PTI98_005203",8.01314055626762,0.474559715800157,0.801815729241727,0.591856331190891,0.553946798065296,0.999542903650367
"PTI98_005204",15.1508905661867,0.301341407913403,0.58451752188832,0.515538707787409,0.606176628186094,0.999542903650367
"PTI98_005206",3.81417426435367,-0.824605571952877,1.07576507948726,-0.766529410255545,0.443361359237027,0.999542903650367
"PTI98_005207",4.98195186928441,-0.185293205733916,0.80416675827295,-0.230416395390251,0.817768222194998,0.999542903650367
"PTI98_005208",10.3112814119537,-0.149899398498372,0.657408522004501,-0.228015599860669,0.819634113006766,0.999542903650367
"PTI98_005209",4.94126591092696,0.192916119655814,0.887444755695304,0.21738380718095,0.827909249483222,0.999542903650367
"PTI98_005212",3.07166038779467,-1.6810681271734,1.06499701078716,-1.57847215545786,0.114457180064951,0.999542903650367
"PTI98_005213",6.06858174272257,-0.291550520501129,0.801502132345594,-0.363755140173997,0.716040863945857,0.999542903650367
"PTI98_005215",4.0923425718624,-0.57265254750396,0.886866303371973,-0.645703354977707,0.518471487416354,0.999542903650367
"PTI98_005216",4.68638634090487,0.442359214119136,0.9363023615638,0.472453378607647,0.636603211568245,0.999542903650367
"PTI98_005217",6.4954819933809,0.999784626573291,0.833063538973337,1.20013009788596,0.230088817996909,0.999542903650367
"PTI98_005218",2.36075041649187,-0.306970302058982,1.10254078631548,-0.278420812970401,0.780689344448096,0.999542903650367
"PTI98_005219",10.5417760901735,0.472897205558793,0.725623169171276,0.651711832877225,0.514587087694699,0.999542903650367
"PTI98_005225",4.21666793576401,-0.0224140738084179,0.985898144743827,-0.022734674903199,0.981861916404759,0.999542903650367
"PTI98_005226",31.6914272826467,0.498908485424385,0.597850279426001,0.834504059951915,0.403997000490539,0.999542903650367
"PTI98_005229",3.96189683255694,-0.894686636347463,1.07766307119846,-0.830209979592687,0.40642007385747,0.999542903650367
"PTI98_005231",19.4717825718044,-0.451786215666679,0.582710633022549,-0.775318297047784,0.438151600190173,0.999542903650367
"PTI98_005237",5.71552311932947,0.497334271103218,0.864845077051915,0.575055908046018,0.565253486436278,0.999542903650367
"PTI98_005242",4.23718709106669,-0.528868957160528,0.920605677574443,-0.574479356410185,0.565643466112707,0.999542903650367
"PTI98_005245",3.60059438673386,0.63128477397827,1.05855813937613,0.59636287370132,0.550932836879716,0.999542903650367
"PTI98_005246",5.93342868898828,0.600385065424507,0.900495878394464,0.666727166475167,0.504946422787041,0.999542903650367
"PTI98_005248",6.81184383562114,-2.98995969700439,2.13957973837103,-1.39745186560833,0.162277731718896,0.999542903650367
"PTI98_005249",9.24667030997144,-1.2272966364956,0.829606893997592,-1.47937130871909,0.139041103960326,0.999542903650367
"PTI98_005250",47.1361192955209,0.340784769010329,0.646303144830775,0.527283166941046,0.59799696194599,0.999542903650367
"PTI98_005251",4.78285671569745,-0.577270925918601,0.938881905778326,-0.614849346191253,0.538654217378384,0.999542903650367
"PTI98_005252",16.8183727485576,0.0203304446540462,0.617829503793379,0.032906237933314,0.973749358339842,0.999542903650367
"PTI98_005253",8.88745502179673,0.314477381172269,0.71366862412179,0.440649021889187,0.659467107535164,0.999542903650367
"PTI98_005254",32.0968071121358,0.197275885366177,0.545594017050758,0.361580001248115,0.717665911580854,0.999542903650367
"PTI98_005255",54.2352678616558,0.927594308482709,0.777686294901372,1.19276154737991,0.232962773578318,0.999542903650367
"PTI98_005256",4.68563151345072,-0.0790821084951071,0.937649412558259,-0.0843408073805981,0.932785468367356,0.999542903650367
"PTI98_005258",15.5140355865424,-0.0425589752965819,0.656059087874764,-0.0648706436404187,0.948276994327077,0.999542903650367
"PTI98_005259",7.86377361371369,0.0987586557794573,0.752623141257893,0.13121926548046,0.895601856079892,0.999542903650367
"PTI98_005260",18.4021165268918,-0.125572210847728,0.664672178329935,-0.188923524922078,0.850152755364667,0.999542903650367
"PTI98_005261",2.46839628820718,-0.318162975079636,1.23560929621095,-0.257494805239242,0.796796824965236,0.999542903650367
"PTI98_005263",46.5246952917026,0.168660299768602,0.557908509994331,0.302308168359568,0.762417152036415,0.999542903650367
"PTI98_005265",3.60013592914117,-0.695228273198293,1.13510894454859,-0.61247713405586,0.540222122052185,0.999542903650367
"PTI98_005269",5.04764682012535,0.279939638902011,0.826769134090146,0.338594690294145,0.73491508310734,0.999542903650367
"PTI98_005271",10.9834556939169,0.232938902833529,0.694032934134393,0.335630906513181,0.737149214602793,0.999542903650367
"PTI98_005272",52.6542439476187,0.563093420930501,0.483591228921749,1.16439957396667,0.244262120172369,0.999542903650367
"PTI98_005273",6.18247594946454,0.553240597102806,0.829024676188791,0.667339119079272,0.504555544249069,0.999542903650367
"PTI98_005277",6.81872357077326,-0.292160429288492,0.78614371209758,-0.371637430653681,0.71016281637452,0.999542903650367
"PTI98_005278",47.3432793729122,-1.47014885456461,1.63224411044414,-0.900691780817378,0.367752219959903,0.999542903650367
"PTI98_005279",4.59025825268651,1.22680657122061,0.958276527426949,1.2802218734447,0.200467115238704,0.999542903650367
"PTI98_005280",4.06153554878301,0.902475363346525,0.953684173688283,0.946304225492479,0.34399343878338,0.999542903650367
"PTI98_005281",194.752382827818,-0.393028620972673,0.42177699667388,-0.931839868158016,0.351419287409867,0.999542903650367
"PTI98_005283",9.86157612443742,0.141795221230467,0.706873422867082,0.200594924980126,0.841015326695053,0.999542903650367
"PTI98_005284",105.174111304267,-0.546411699798697,0.532626900435325,-1.02588077949519,0.304947783492886,0.999542903650367
"PTI98_005287",6.42592753335036,-0.602323700960686,0.81382879113007,-0.740111074375126,0.45923259954929,0.999542903650367
"PTI98_005288",3.97839795569515,0.900142799710098,0.966514809615441,0.931328512253474,0.351683657486867,0.999542903650367
"PTI98_005289",3.13508975203001,0.384103378165903,0.977602904629708,0.392903270179411,0.694390926169555,0.999542903650367
"PTI98_005292",5.72739943059129,-0.428293197549234,0.789044254404087,-0.542799969911314,0.58726753394845,0.999542903650367
"PTI98_005294",5.2345004698953,-0.792856688420589,0.96208149472563,-0.824105538633916,0.409879593369596,0.999542903650367
"PTI98_005295",6.35422134560043,0.990723058954468,0.857401556237864,1.15549482240456,0.247887851650958,0.999542903650367
"PTI98_005296",5.42495921332413,0.560621435654128,0.833913668141635,0.672277547510962,0.50140702067991,0.999542903650367
"PTI98_005297",3.63319868376507,1.40317398862666,1.0214391465022,1.37372254963172,0.169527833571575,0.999542903650367
"PTI98_005298",2.33793087354394,-0.577577886567883,1.17514491753999,-0.4914950300572,0.623076366374581,0.999542903650367
"PTI98_005300",7.42592814267451,0.898161166534091,0.822243278926043,1.09233020147906,0.274687990123239,0.999542903650367
"PTI98_005301",4.68848372975812,-0.467587284911312,0.923842801450953,-0.506132952680843,0.612763318854839,0.999542903650367
"PTI98_005306",5.09345319331143,-0.297823973195129,0.926482188860714,-0.321456771404705,0.747864266638883,0.999542903650367
"PTI98_005308",3.26616715670645,0.270467042833066,0.99826735297085,0.270936480120435,0.786439886914525,0.999542903650367
"PTI98_005309",3.14796386784865,0.412202748214807,1.06314406704318,0.38772049903004,0.698222884167437,0.999542903650367
"PTI98_005310",3.57021795322256,-0.842226590335746,1.10286181779464,-0.763673722987276,0.445061703675531,0.999542903650367
"PTI98_005312",3.21999767888165,0.537208264950402,1.04821825286404,0.512496575481864,0.608303516405175,0.999542903650367
"PTI98_005313",9.62399432272381,-0.76776424885918,0.723596363970144,-1.06103939584038,0.288671997827782,0.999542903650367
"PTI98_005314",2.89949470031139,-0.54554900163307,1.07801884067316,-0.506066295921514,0.612810110126808,0.999542903650367
"PTI98_005315",9.55540804913982,-1.81828366055324,0.909879030718322,-1.99837956383911,0.0456755254955499,0.999542903650367
"PTI98_005316",7.11807890523781,0.0786883947559942,0.799422409896471,0.0984315598135218,0.921589615246143,0.999542903650367
"PTI98_005318",4.41162602646364,0.50979040838026,0.927242515094746,0.549791883009344,0.582462126631715,0.999542903650367
"PTI98_005323",4.81580925129309,-0.917894997104264,0.923597832948978,-0.993825412272238,0.320307871999399,0.999542903650367
"PTI98_005324",15.9180376017334,0.549244029160156,0.578362276450561,0.949653965211727,0.342288108060247,0.999542903650367
"PTI98_005325",19.0243685558142,-0.0975300694235407,0.63538792857888,-0.15349688754975,0.878006444598924,0.999542903650367
"PTI98_005327",4.71646384487037,-0.100385588300801,0.885463422956285,-0.113370677656729,0.909736685648291,0.999542903650367
"PTI98_005328",16.9763376909274,0.124058955191674,0.572412370911661,0.21673003851068,0.828418736999376,0.999542903650367
"PTI98_005329",4.14249124997199,1.2401268233812,1.11090367445768,1.11632255063572,0.264284092219815,0.999542903650367
"PTI98_005330",7.88892053948255,0.790967335676055,0.723885000868051,1.09266987812645,0.274538769693376,0.999542903650367
"PTI98_005336",289.114431146012,-3.43306171384149,1.27371454727596,-2.69531483422532,0.00703221509084053,0.999542903650367
"PTI98_005337",3.82355918345201,-0.0383749456215227,1.10814084305673,-0.034630025471914,0.972374758988931,0.999542903650367
"PTI98_005339",31.0440396477253,-1.19118070113327,0.527200400571159,-2.25944574367311,0.0238556716784681,0.999542903650367
"PTI98_005342",5.11666935419884,-0.59940509869298,0.98877246886724,-0.606211355560569,0.544374413160574,0.999542903650367
"PTI98_005343",2.65522708062912,-0.537786226523732,1.03274798757817,-0.520733260187571,0.602552601191345,0.999542903650367
"PTI98_005344",12.6365232410892,0.190316837460281,0.800332196967594,0.237797302396904,0.812038311041002,0.999542903650367
"PTI98_005345",8.13581026818693,-0.1937968655084,0.738761967457242,-0.262326532828203,0.793069707844341,0.999542903650367
"PTI98_005350",5.64165442522497,-0.714794987326227,0.799953105485864,-0.893546112171269,0.371564789643429,0.999542903650367
"PTI98_005351",4.65282129413759,-0.111145207339242,0.880494835981632,-0.126230390908915,0.899549555304272,0.999542903650367
"PTI98_005352",12.4842036788185,-0.171785359146327,0.615567877771124,-0.279068101747504,0.780192562137951,0.999542903650367
"PTI98_005356",5.42913971751347,0.630230918469774,0.831658411673786,0.757800209344819,0.448570597039849,0.999542903650367
"PTI98_005357",6.74375799979044,0.337387177065132,0.779222943316708,0.43297900807318,0.665030020239018,0.999542903650367
"PTI98_005358",3.44077272430264,0.56013697749757,1.06085969610017,0.528002882526966,0.597497335273048,0.999542903650367
"PTI98_005359",8.97710993714371,0.338034220683561,0.686903789788339,0.492112906798377,0.622639528533475,0.999542903650367
"PTI98_005360",12.0433793554491,-0.460541457467489,0.631792241605329,-0.728944464872334,0.466035634057076,0.999542903650367
"PTI98_005362",9.22968032941836,0.889294617319523,0.778016993887873,1.1430272401578,0.253027281357828,0.999542903650367
"PTI98_005365",6.22391000741829,-0.459020841275504,0.836344948142795,-0.548841530393428,0.583114206654887,0.999542903650367
"PTI98_005366",3.50093756834186,0.895188554962448,1.03041970423446,0.868761099272185,0.384977814488304,0.999542903650367
"PTI98_005367",2.89532212963689,1.11482373225984,1.09886870574954,1.01451950212689,0.310334928463454,0.999542903650367
"PTI98_005368",3.91972706449926,1.34678475942941,1.02912759072222,1.30866645843619,0.190647358205308,0.999542903650367
"PTI98_005369",2.0129768531791,0.941835470146209,1.3654044926559,0.689784950329412,0.490329434230115,0.999542903650367
"PTI98_005371",3.60151966866953,0.76303060476323,1.02685553200691,0.743074932139625,0.457436315507196,0.999542903650367
"PTI98_005377",59.182456896309,0.241045563626539,0.481660903997925,0.500446603877937,0.616760645089971,0.999542903650367
"PTI98_005378",1.99693709155456,-0.28877749754861,1.38702935203401,-0.208198548304066,0.835073942041348,0.999542903650367
"PTI98_005379",3.88981616368346,0.0911126005009432,0.952371341125529,0.0956691960021232,0.92378330668002,0.999542903650367
"PTI98_005380",4.12592004878618,-0.603474935577441,0.936046624115834,-0.64470606487948,0.519117685290164,0.999542903650367
"PTI98_005381",5.38021827213761,-0.221162004194274,0.865326665171914,-0.255582097600489,0.798273543421198,0.999542903650367
"PTI98_005382",26.3815379453218,-0.153370537740829,0.555012658464059,-0.276337008538267,0.782289233408716,0.999542903650367
"PTI98_005384",6.08912160140762,0.356871928336484,0.930696800181758,0.383445960345829,0.701389131158938,0.999542903650367
"PTI98_005386",5.1742334101911,0.387536075171461,0.941441380969517,0.411641216336134,0.680602416945166,0.999542903650367
"PTI98_005389",3.65694308329758,0.072154757407988,0.981556462133999,0.0735105520584283,0.941399847466111,0.999542903650367
"PTI98_005390",2.11224819119297,1.22666156148356,1.33478678221588,0.918994387588393,0.358098507799364,0.999542903650367
"PTI98_005391",46.0829715579696,0.0619464261216217,0.539578405430993,0.114805235899204,0.908599498853563,0.999542903650367
"PTI98_005392",12.0373548192755,-0.00966238023109243,0.71357009753076,-0.0135408984548654,0.989196256339552,0.999542903650367
"PTI98_005393",13.4692506385346,0.745255353661967,0.666417366994506,1.11830121868374,0.263438366618747,0.999542903650367
"PTI98_005394",3.18223469848792,0.585377666739535,0.970837285811192,0.602961665456037,0.546534191472741,0.999542903650367
"PTI98_005395",4.03767656849504,0.589160456638237,0.913561622236058,0.644904998522368,0.518988752291939,0.999542903650367
"PTI98_005396",14.0625550314059,0.236147704166852,0.728895173203285,0.323980337431856,0.745952920519582,0.999542903650367
"PTI98_005397",18.1927988293714,0.576950689582346,0.59634541541647,0.967477362393103,0.333305452574057,0.999542903650367
"PTI98_005402",2.46623008403346,0.690002279697668,1.26720244225745,0.544508325337875,0.586091720958744,0.999542903650367
"PTI98_005404",8.37761257251351,0.46029942197966,0.788604613669845,0.583688472018461,0.559429924575009,0.999542903650367
"PTI98_005406",4.49973039080396,0.259622621822701,0.965319685579759,0.268949888519859,0.787968245348232,0.999542903650367
"PTI98_005414",6.20746009138346,-0.551078178333106,0.824640535427173,-0.668264722213348,0.503964627887717,0.999542903650367
"PTI98_005415",9.07920118162993,-0.0330280359202661,0.674817582340257,-0.048943650528081,0.960964202434236,0.999542903650367
"PTI98_005416",3.46288672025083,-0.256968274448362,0.991528841241505,-0.259163691221134,0.795508944436835,0.999542903650367
"PTI98_005418",239.496998016201,-0.0969909483939526,0.471559476389413,-0.205681262386206,0.837039896067166,0.999542903650367
"PTI98_005419",5.44920632115785,-0.0284482115756614,0.833181975908562,-0.0341440554383565,0.972762277789767,0.999542903650367
"PTI98_005422",3.6667072072573,1.500361653875,1.14103247723025,1.31491581862507,0.18853819578085,0.999542903650367
"PTI98_005430",2.88952822895412,0.539477292230069,1.0133417974693,0.532374460006832,0.594466670523693,0.999542903650367
"PTI98_005431",2.79975604817771,0.139441671975135,1.09397031172074,0.127463853891795,0.898573280201348,0.999542903650367
"PTI98_005434",9.49674645500191,-0.266016873895978,0.77243922392016,-0.344385507180658,0.730556386642599,0.999542903650367
"PTI98_005436",5.71342014013815,-0.592397661551771,0.857816113184324,-0.690588172041576,0.489824382596261,0.999542903650367
"PTI98_005441",10.92461083323,0.389429719687193,0.733705422578513,0.530771216489845,0.595577328381775,0.999542903650367
"PTI98_005444",5.5540548141871,-0.403331006940749,0.835724511151736,-0.482612393867576,0.629370977318888,0.999542903650367
"PTI98_005445",11.5994097390366,0.319523785987394,0.64091521922258,0.498542984164069,0.618101380391192,0.999542903650367
"PTI98_005446",6.55403547532928,-0.038756053590913,0.813468691584806,-0.047642956627388,0.962000796443219,0.999542903650367
"PTI98_005451",7.10832736492714,-0.675884692134559,0.755023338804088,-0.895183840548718,0.37068882152617,0.999542903650367
"PTI98_005454",8.19290947956297,-0.430119931004366,0.701049225555953,-0.613537416952809,0.539521049981066,0.999542903650367
"PTI98_005457",4.21616212705311,0.209833831011927,0.933175807739836,0.224859913074844,0.822088255423038,0.999542903650367
"PTI98_005458",4.40576440730841,0.754434874492427,1.04464241757977,0.722194371773933,0.470174983164588,0.999542903650367
"PTI98_005460",6.51922913756879,0.744044458193218,0.949305744376465,0.783777473802111,0.433170693785957,0.999542903650367
"PTI98_005464",19.3412617965501,-0.514762029385305,0.57244947031375,-0.89922701667131,0.3685317526982,0.999542903650367
"PTI98_005467",3.81405067490302,1.12693934399412,0.980209712465547,1.14969208085023,0.250270717171024,0.999542903650367
"PTI98_005470",8.36192690273391,-0.0329361468237987,0.659963671070942,-0.0499059997807944,0.96019729612971,0.999542903650367
"PTI98_005473",2.40612706328181,0.207255011668128,1.10415391566122,0.187704819707146,0.851108051850656,0.999542903650367
"PTI98_005476",2.44058443829956,-0.606271902823585,1.25594543267943,-0.482721531563808,0.629293472872948,0.999542903650367
"PTI98_005481",16.9831222591806,0.147559797866539,0.602672716749402,0.244842339408399,0.806578509339419,0.999542903650367
"PTI98_005484",6.23997800661199,-0.0897998817493537,0.802740510559643,-0.111866637559812,0.910929149891537,0.999542903650367
"PTI98_005485",5.36993438581978,0.599716514054815,0.862761773865068,0.695112523782965,0.486984786828077,0.999542903650367
"PTI98_005488",41.1343746770553,-0.429339444471868,0.567237831752374,-0.756894939721325,0.449112807258921,0.999542903650367
"PTI98_005490",4.87240736785794,0.031429481545856,0.870014830011238,0.0361252250670831,0.971182508757222,0.999542903650367
"PTI98_005491",3.75110080464996,0.461944684344216,0.914365914195528,0.505207682364933,0.613412975064029,0.999542903650367
"PTI98_005492",3.7140225813484,0.0840594158646938,0.984361408555252,0.0853948713695186,0.931947470325222,0.999542903650367
"PTI98_005502",3.54922656707646,0.282791842213943,0.962422362790747,0.293833407397069,0.768885205911953,0.999542903650367
"PTI98_005503",7.2539849601822,0.152936121979767,0.751295473010151,0.203563215104985,0.838694841286892,0.999542903650367
"PTI98_005504",2.96156466382007,0.0563473185034042,1.02049702648685,0.0552155636331296,0.955966729864624,0.999542903650367
"PTI98_005505",2.18759809161309,0.0390690360989099,1.17548922622712,0.0332364050875283,0.973486067088022,0.999542903650367
"PTI98_005508",37.1966658342945,-0.621248724216904,1.23796883066522,-0.501829051611158,0.615787775588706,0.999542903650367
"PTI98_005510",5.4104556095213,0.403884629065665,0.949841538802826,0.425212640810297,0.670681670052653,0.999542903650367
"PTI98_005512",5.76692818177375,-0.801298387117398,0.938637903218239,-0.853682111461773,0.393281148418154,0.999542903650367
"PTI98_005513",6.37564003479482,0.0977183996434342,0.783626806731416,0.124700174629078,0.900760919146891,0.999542903650367
"PTI98_005523",9.77253319597014,0.350072871531277,0.712093709928557,0.491610677991243,0.622994593378535,0.999542903650367
"PTI98_013634",12.7129006149564,-1.3186103332095,0.775858241048603,-1.69955059242182,0.0892154905498567,0.999542903650367
"PTI98_005526",9.26700076124618,-0.0417836100380864,0.660158565427015,-0.0632932938029203,0.949532955828047,0.999542903650367
"PTI98_005530",4.14309243269661,0.96151706402842,0.94370861645339,1.01887070570782,0.30826435273384,0.999542903650367
"PTI98_005534",2.9338595301904,-0.299734897414996,0.970439527934609,-0.308865095440746,0.757424149253327,0.999542903650367
"PTI98_005539",5.08312670661047,-0.0214177434422805,0.779663445317659,-0.0274704984194228,0.97808446981473,0.999542903650367
"PTI98_005543",34.01437022533,-0.19213635354925,0.53081719667903,-0.361963317600332,0.717379442701016,0.999542903650367
"PTI98_005551",5.09050341186199,0.354690438929224,0.988363724521778,0.358866306127172,0.719695106736773,0.999542903650367
"PTI98_005553",4.96243883150387,1.10059542028513,0.893873456309821,1.23126535698768,0.21822363423616,0.999542903650367
"PTI98_005554",3.43259362172068,0.0163834139439792,1.08429561711793,0.0151097299346524,0.987944638483405,0.999542903650367
"PTI98_005555",133.15740807411,-0.759447147402156,0.570965787432529,-1.33010972656904,0.183482121290995,0.999542903650367
"PTI98_005559",3.20437490612785,-0.348668280776958,0.95306382718803,-0.365839381194109,0.714484931920051,0.999542903650367
"PTI98_005560",2.98400116182652,1.47312995555907,1.21845161229857,1.20901801982932,0.22665592251051,0.999542903650367
"PTI98_005568",19.0886146703956,-0.246576190269486,0.717703125930243,-0.343562932026928,0.731175005498527,0.999542903650367
"PTI98_005572",6.88182818256445,0.279278591409116,0.88208112942708,0.316613270698252,0.751537064908356,0.999542903650367
"PTI98_005573",6.21390165325223,2.00626903129931,1.13068140758365,1.77438933535385,0.0759987726708807,0.999542903650367
"PTI98_005574",2.54957357797356,0.903535375279753,1.19556150599707,0.755741440944295,0.449804232503098,0.999542903650367
"PTI98_005579",9.06865903546236,0.119551177376876,0.712517475849814,0.167787010745649,0.8667508415504,0.999542903650367
"PTI98_005582",14.815952131416,0.336792164790558,0.634771195299491,0.530572539025903,0.595715029434515,0.999542903650367
"PTI98_005584",6.91579855854412,-0.416570856412999,0.839740945070865,-0.496070673769331,0.61984454902411,0.999542903650367
"PTI98_005585",2.18917995010995,-0.179013345731044,1.17116823818996,-0.15285023952469,0.878516377778046,0.999542903650367
"PTI98_005586",5.17607012103345,0.43888251876541,0.929652582720182,0.472093045211827,0.636860376426794,0.999542903650367
"PTI98_005590",3.68994201474571,-0.192475327973597,1.42274174776526,-0.135284796609028,0.892386705116939,0.999542903650367
"PTI98_005591",3.70157810037221,0.342262550448909,0.981523309807984,0.348705473450106,0.727310434683507,0.999542903650367
"PTI98_005592",20.0050336204879,0.313472528394407,0.649294942526103,0.48278911148581,0.629245482845678,0.999542903650367
"PTI98_005596",8.15577475098016,-0.696053213238464,0.727187715723253,-0.957185054406725,0.33847385929138,0.999542903650367
"PTI98_005600",3.37706804661147,-0.76343193732469,1.02608325691143,-0.744025333404878,0.456861149038055,0.999542903650367
"PTI98_005601",3.56863047950266,1.13784957328407,1.17080707832527,0.971850610018219,0.331124873714615,0.999542903650367
"PTI98_005607",3.05419419704421,0.056764494916802,1.06440926249573,0.0533295762418542,0.957469315291677,0.999542903650367
"PTI98_005614",19.832396007679,0.310728745646292,0.667700152160045,0.465371686139457,0.641665306744368,0.999542903650367
"PTI98_005621",15.1497317713639,0.0846444213806718,0.680490069254167,0.124387445467711,0.901008513214225,0.999542903650367
"PTI98_005622",17.7216361357111,-0.414319955183595,0.783164889941688,-0.529032851835894,0.596782660675228,0.999542903650367
"PTI98_005633",5.2218602677912,1.21660353466805,0.997903494689672,1.21915950905291,0.222783656886491,0.999542903650367
"PTI98_005634",92.1269216941903,-0.765383008031676,0.534552214529851,-1.43182085346863,0.152195097634583,0.999542903650367
"PTI98_005636",3.34049426062389,-0.0256518242075755,0.979868187271914,-0.02617885195252,0.979114683798379,0.999542903650367
"PTI98_005637",9.97835562533457,0.467477534292005,0.846495724387921,0.552250319551261,0.580776863115894,0.999542903650367
"PTI98_005639",12.8313838253437,1.53369705694287,0.822512920121497,1.86464798232753,0.0622307625009519,0.999542903650367
"PTI98_005642",19.4171702795448,0.178334004940494,0.598975621316498,0.297731658174219,0.765907978853379,0.999542903650367
"PTI98_005645",5.01429582904123,0.456312262247156,0.871305045879356,0.523711258651817,0.600479383681601,0.999542903650367
"PTI98_007237",47.314563510525,-0.308531831154708,0.584142355253939,-0.528179181632161,0.597374977344344,0.999542903650367
"PTI98_007240",6.89096916537106,-0.145275278421588,0.813376648181698,-0.17860763367912,0.858245800069355,0.999542903650367
"PTI98_007250",7.68372819810803,-1.05005361043893,0.851745389949,-1.23282570452399,0.217640799042275,0.999542903650367
"PTI98_007279",11.889192001901,0.966617197147284,0.763297473396523,1.26637023026688,0.205380563863652,0.999542903650367
"PTI98_007299",23.8793293337128,-0.0663683872601611,0.719256963224407,-0.0922735415207295,0.926480709475725,0.999542903650367
"PTI98_007318",43.2703373168484,-1.10806063894188,0.749239215037861,-1.47891436633611,0.13916320320526,0.999542903650367
"PTI98_007333",4.05408409540621,0.32857466488384,1.14296139076507,0.287476609042674,0.77374740968411,0.999542903650367
"PTI98_007334",2.58646670676407,-0.699123749118824,1.12069539809353,-0.623830302424851,0.532739036786078,0.999542903650367
"PTI98_007336",5.65129796031168,-0.448801989211874,0.82544789376565,-0.543707231675718,0.586642955213185,0.999542903650367
"PTI98_007339",9.22145029300841,0.558052030470469,0.791283036659879,0.705249581522798,0.480654930721768,0.999542903650367
"PTI98_007340",12.7646767177293,-0.985128267551506,0.789012469390639,-1.2485585535959,0.211826579548824,0.999542903650367
"PTI98_007341",8.92034898228213,-0.125363230298534,0.678709656720155,-0.184708187156711,0.853457924254002,0.999542903650367
"PTI98_007342",5.20787635432812,0.248486295680181,0.951745097933912,0.261084923074051,0.794027018209142,0.999542903650367
"PTI98_007343",10.375797341598,1.03759899006106,0.802468957439461,1.29300825962398,0.196008202426275,0.999542903650367
"PTI98_007349",7.67623086176027,0.61956244028762,0.821997825949231,0.753727589938767,0.451012811506833,0.999542903650367
"PTI98_007350",66.6663251095493,-0.296766323806696,0.560792475148861,-0.529190987678499,0.596672967915795,0.999542903650367
"PTI98_007351",12.1401962847879,-0.146969008421733,0.658545955405114,-0.223171985516672,0.823401654433436,0.999542903650367
"PTI98_007354",27.3491727076576,0.687239302512591,0.594733113292778,1.15554235530564,0.24786839830336,0.999542903650367
"PTI98_007355",3.07238719439282,0.562719031388181,1.05324993820639,0.534269228011018,0.59315527893941,0.999542903650367
"PTI98_007356",29.5928588079518,-1.24740088026298,0.790517652005725,-1.57795449234819,0.114576064831945,0.999542903650367
"PTI98_007361",83.2057344560071,-0.457174329822288,0.493912837477528,-0.925617427068977,0.354644833489537,0.999542903650367
"PTI98_007363",5.22010730570652,-0.192428470420812,0.909136870972684,-0.211660616310648,0.832371815541724,0.999542903650367
"PTI98_007365",2.92159158578415,0.475861944581287,1.27139230973395,0.374284114303684,0.708192949565901,0.999542903650367
"PTI98_007366",4.24724225552184,-0.69464190911029,0.942011086247022,-0.737403114731641,0.460877241889852,0.999542903650367
"PTI98_007370",6.94672426367288,0.534269198625529,0.775741871110045,0.688720331495087,0.490999279089961,0.999542903650367
"PTI98_007371",41.2167657146265,-0.181181971454867,0.51205568370192,-0.353832556148987,0.723464373522349,0.999542903650367
"PTI98_007374",3.40754178625649,0.14869001765633,0.981751988406828,0.151453747394616,0.879617794108072,0.999542903650367
"PTI98_007375",6.77316758629719,0.333680792253931,0.775984321637506,0.430009708894359,0.667188578691812,0.999542903650367
"PTI98_007377",3.11910869641042,-0.730656501164335,1.01021329876809,-0.723269533330572,0.469514306802552,0.999542903650367
"PTI98_007379",3.88982294445921,-0.267322712789725,0.907273627609552,-0.294643980222434,0.768265861444944,0.999542903650367
"PTI98_007381",6.83660320797117,-0.560570906716474,1.10294644203167,-0.508248528989207,0.611279061504097,0.999542903650367
"PTI98_007384",10.5522593356581,-0.736505247484061,0.666741873552706,-1.10463325718486,0.26931853434384,0.999542903650367
"PTI98_007386",4.13333097299289,-0.534897162801889,0.920448246626566,-0.58112682028814,0.561154983813628,0.999542903650367
"PTI98_007388",13.1962082385757,-0.683509748968069,0.692470828412436,-0.98705926794792,0.323613584383543,0.999542903650367
"PTI98_007390",11.5736700064655,0.827788085057088,0.690733489010958,1.19841892455855,0.23075396867246,0.999542903650367
"PTI98_007391",25.7276716954679,0.452365837631773,0.560734806332288,0.806737574559806,0.419817691250854,0.999542903650367
"PTI98_007411",3.80000398735739,0.35660080219858,0.958219717464729,0.372149305320161,0.709781688059822,0.999542903650367
"PTI98_007413",1.94981059029072,-0.489600057221389,1.21332373887992,-0.403519721515845,0.686565929514245,0.999542903650367
"PTI98_007415",13.2526378178239,0.152275674285466,1.51047071528381,0.100813390650115,0.91969859679767,0.999542903650367
"PTI98_007417",6.2865467893133,1.38143104037216,0.85686913203627,1.61218439166937,0.106921820720957,0.999542903650367
"PTI98_007418",9.23264053194272,0.989532092326178,0.750177503859276,1.31906393784877,0.187147737993067,0.999542903650367
"PTI98_007419",35.6842935200103,1.00377131884165,0.567751085713733,1.76797780594252,0.077064614063771,0.999542903650367
"PTI98_007424",5.40454052993407,-0.0727454857957323,0.801431053502137,-0.0907694872538881,0.927675755581219,0.999542903650367
"PTI98_007425",4.37805424737601,0.434076715938602,0.979101891444838,0.443341719315898,0.657518584042549,0.999542903650367
"PTI98_007426",4.95332724867644,-1.00000230333363,0.88312195450829,-1.13234904672981,0.257487717515223,0.999542903650367
"PTI98_007427",10.4994433461406,-0.469727853509717,0.673954918663416,-0.696972216541247,0.485820181363206,0.999542903650367
"PTI98_007430",5.3667502769387,-1.42571591530031,0.913137329282772,-1.56133789472843,0.118444046945451,0.999542903650367
"PTI98_007431",31.9005027074437,-0.302329124499001,0.590240213457253,-0.512213701482908,0.608501454893234,0.999542903650367
"PTI98_007432",8.38670098472693,0.604852411359653,0.733551164436947,0.824553815307376,0.40962495113639,0.999542903650367
"PTI98_007444",5.3677520604594,-0.314067638619245,0.841368600257351,-0.373281863054053,0.70893867370746,0.999542903650367
"PTI98_007447",20.32050475444,-0.273544843609523,0.585722046489648,-0.467021593687541,0.640484428826635,0.999542903650367
"PTI98_007448",7.19459593928515,0.347222395409472,0.813348424636979,0.42690486007205,0.669448625495896,0.999542903650367
"PTI98_007449",13.5297985465482,0.659155287532317,0.663758921003544,0.993064298911017,0.3206786207521,0.999542903650367
"PTI98_007450",18.8073411690573,-0.173618229933473,0.607509319911328,-0.285786940616507,0.775041311042463,0.999542903650367
"PTI98_007451",2.01439850045772,-0.354545062020461,1.15432382912796,-0.307145233489899,0.758732829221891,0.999542903650367
"PTI98_007452",6.49830711432926,2.41579156148675,1.00377567806804,2.40670461963813,0.016097183575295,0.999542903650367
"PTI98_007453",2.6335036280314,-0.340359549112008,1.09115119990553,-0.311927026374967,0.755095982449936,0.999542903650367
"PTI98_007454",13.1964034246273,0.380520968667714,0.614635454346452,0.619100258497659,0.535850313052792,0.999542903650367
"PTI98_007459",3.9332344222051,1.92819154680463,1.11791770474931,1.72480634183804,0.0845623784808165,0.999542903650367
"PTI98_007460",7.01360763867506,-1.57082605813597,0.792493253539685,-1.98213177351334,0.0474644942231865,0.999542903650367
"PTI98_007461",6.427237626645,0.215884651267895,0.798170997411509,0.270474186569062,0.786795473234358,0.999542903650367
"PTI98_007468",4.23448242622931,0.0207194638958815,1.03146203367486,0.0200874712005278,0.983973594663893,0.999542903650367
"PTI98_007469",5.21554651551173,-2.03886008458448,0.905986974226452,-2.25042979930843,0.0244216751380258,0.999542903650367
"PTI98_007471",23.762771844448,-0.312073267117587,0.590730549158468,-0.52828361011997,0.59730250558547,0.999542903650367
"PTI98_007472",3.16887807712229,2.06977590475151,1.11533244159921,1.85574796137353,0.0634894910851451,0.999542903650367
"PTI98_007473",23.8881666012381,-0.173343116796761,0.628940141707956,-0.275611469679816,0.782846499232787,0.999542903650367
"PTI98_007474",80.1753669960886,0.126717734912168,0.480989018985603,0.263452448830149,0.792201869582267,0.999542903650367
"PTI98_007477",4.43322713424255,0.682724202246456,0.953596554982865,0.715946590493633,0.474024328492081,0.999542903650367
"PTI98_007479",8.36127578871117,0.465926638820666,0.751242426115856,0.620208101437566,0.535120788466194,0.999542903650367
"PTI98_007480",4.77465502538589,-0.102253394246328,0.945707227945174,-0.108123731346014,0.913897543614749,0.999542903650367
"PTI98_007481",7.96853490747329,1.28072863063876,0.85680480737895,1.49477292798652,0.134973713909236,0.999542903650367
"PTI98_007482",19.280640600479,1.79122187815953,0.754515021402286,2.37400426413049,0.0175963472742786,0.999542903650367
"PTI98_007483",3.24891706352446,-0.349585956632152,1.00541975080132,-0.347701501142714,0.728064369183168,0.999542903650367
"PTI98_007484",5.58184124008208,0.60525013541091,0.872101195607856,0.694013651694457,0.487673647641761,0.999542903650367
"PTI98_007486",3.97442047910241,1.26517183797614,1.02375255270484,1.23581800566304,0.21652622052189,0.999542903650367
"PTI98_007488",10.3625043327778,0.29283988203108,0.800238598427211,0.365940711441097,0.714409316832133,0.999542903650367
"PTI98_007490",3.75252764343355,2.00455725360873,1.24469322838205,1.61048297516201,0.107292459202027,0.999542903650367
"PTI98_007493",4.71593869563793,0.909778217111615,0.922938302307574,0.98574109974301,0.324260175620239,0.999542903650367
"PTI98_007495",20.7351174321785,-0.354298811767554,0.581639461430977,-0.609138195155967,0.542432842410573,0.999542903650367
"PTI98_007496",7.1069177417468,-0.536612173318074,0.87942571921672,-0.610184762160492,0.541739422583734,0.999542903650367
"PTI98_007497",4.6299130300016,0.030760201925554,0.916281991151305,0.0335706717174523,0.973219509659452,0.999542903650367
"PTI98_007498",3.18084928160504,0.875920579469174,1.13567026910353,0.771280717034711,0.440540559453253,0.999542903650367
"PTI98_007500",14.7278205268419,-0.485084574724813,0.666796793368039,-0.727484864278689,0.466928984036269,0.999542903650367
"PTI98_007501",7.02046003177043,-0.12863180383737,0.771899151121562,-0.166643276716225,0.867650739884988,0.999542903650367
"PTI98_007507",4.73936400069613,0.947684977521232,0.998890752267992,0.948737362288622,0.342754206474397,0.999542903650367
"PTI98_007512",10.3386909613537,0.621583205051743,0.834869146865517,0.744527699203465,0.456557290148946,0.999542903650367
"PTI98_007515",3.6305477176852,-0.441926183293635,0.967049626371571,-0.456983976046575,0.647682563059292,0.999542903650367
"PTI98_007516",7.25196043871686,0.106257957508252,0.773952771702966,0.137292560209388,0.890799550845057,0.999542903650367
"PTI98_007518",7.45786921744768,0.529356829360347,0.818523444691643,0.646721645901992,0.517812111200341,0.999542903650367
"PTI98_007520",3.26746411210698,-1.58870792938445,1.1309417301083,-1.40476550390647,0.160091020068871,0.999542903650367
"PTI98_007522",2.69347437215573,-1.7838529245173,1.15071960864953,-1.55020641962537,0.121091979503576,0.999542903650367
"PTI98_007523",11.6553076065617,0.819494584041887,0.654703370094696,1.2517036286576,0.210677877371446,0.999542903650367
"PTI98_007528",12.6315771156816,-0.182850684707825,0.705427078356202,-0.259205650474755,0.79547657161314,0.999542903650367
"PTI98_007529",5.68253211014764,0.697854080147366,0.912229863650296,0.764998064583083,0.444272697108693,0.999542903650367
"PTI98_007532",3.55102459380747,0.866587386721145,0.954776918631547,0.90763336420323,0.364071960687063,0.999542903650367
"PTI98_007533",4.67269333937242,0.673687254870944,0.846053636522034,0.796270148592876,0.425875032348345,0.999542903650367
"PTI98_007534",31.0959499390197,-0.75280359009037,0.586334542809526,-1.28391478776464,0.199171772470639,0.999542903650367
"PTI98_007535",4.32881184337392,-0.32325502258828,0.922954446245644,-0.350239412035126,0.726159031067859,0.999542903650367
"PTI98_007536",19.4699877421102,-0.412948101703287,0.594545809189151,-0.694560613027398,0.48733070286263,0.999542903650367
"PTI98_007538",2.72628071136596,0.127587633002101,1.06603273502886,0.119684535764887,0.904733050966899,0.999542903650367
"PTI98_007539",30.2329563127065,-0.743483089690471,0.751792480443666,-0.988947228165555,0.322688961731962,0.999542903650367
"PTI98_007541",12.3853295122673,-0.559121166332779,0.628375463760383,-0.88978834881113,0.373579543900548,0.999542903650367
"PTI98_007542",14.8275046406863,-0.435043799227829,0.626393049491268,-0.694522072971842,0.487354863213923,0.999542903650367
"PTI98_007545",4.35233561544271,-0.400442912913378,0.94482533918126,-0.423827448637631,0.671691658437333,0.999542903650367
"PTI98_007548",5.10484605254807,-0.721512836888754,0.868213268520026,-0.83103180180448,0.40595566413233,0.999542903650367
"PTI98_007551",13.9039824537886,0.328573680573252,0.631686203682842,0.520153327170372,0.602956712612733,0.999542903650367
"PTI98_007552",60.3689477553988,0.29302547234136,0.484080765068777,0.605323519309278,0.544964057096756,0.999542903650367
"PTI98_007555",5.7348565829973,-0.0206014435719635,0.803715597309424,-0.0256327532287918,0.979550261348423,0.999542903650367
"PTI98_007556",41.5940957890158,0.116278381546807,0.55006384098614,0.21139070210168,0.832582411468012,0.999542903650367
"PTI98_013639",84.1206791789256,-0.615710820229602,0.460371807412175,-1.33742077667747,0.181085326296215,0.999542903650367
"PTI98_007557",3.9392107999052,0.690767132949648,0.921046218031741,0.749980966672665,0.453266168130193,0.999542903650367
"PTI98_007558",7.73872935103205,0.15211740697132,0.698431788817938,0.217798515770268,0.827586101050107,0.999542903650367
"PTI98_007560",31.8782280790887,0.244588423946997,0.503521222899874,0.485755938028523,0.62714021794048,0.999542903650367
"PTI98_007561",3.6311088683445,0.134384598260838,0.884971098617986,0.151851962703302,0.879303697005399,0.999542903650367
"PTI98_007563",2.37829404564209,1.25845857411197,1.28755569522955,0.977401271863126,0.32837053359573,0.999542903650367
"PTI98_007568",2.62698677280096,0.276483068569281,1.39224065412485,0.198588561359801,0.842584602110202,0.999542903650367
"PTI98_007575",5.60896519493996,-0.140501384303959,0.772109680284639,-0.181970758677916,0.855605673932384,0.999542903650367
"PTI98_007576",34.7016423508775,-0.253978121091568,0.507642531060156,-0.50030898821886,0.616857526184585,0.999542903650367
"PTI98_007581",3.95595742185214,-0.208430782413806,0.878391806201246,-0.237286801792016,0.812434300402643,0.999542903650367
"PTI98_007582",2.9203010244945,0.347412997949161,1.0316709006687,0.336747889006056,0.73630695939011,0.999542903650367
"PTI98_007585",4.23641206990015,-0.359126329896863,0.960420303807576,-0.373926215921416,0.708459211463856,0.999542903650367
"PTI98_007586",9.2461005963576,-0.443801418482979,0.685423000583199,-0.647485447826183,0.5173178097141,0.999542903650367
"PTI98_007587",2.62617170974285,-0.399683766969533,0.996666012031289,-0.401020765376501,0.688404835561536,0.999542903650367
"PTI98_007588",12.15699761052,-0.544214970470679,0.675615847460953,-0.805509480743984,0.420525737600726,0.999542903650367
"PTI98_007589",12.577430576807,-0.098341063415594,0.65447369227146,-0.150259765330345,0.880559675147156,0.999542903650367
"PTI98_007590",74.3276312969471,-0.47419154537167,0.534559192157904,-0.887070229692352,0.375041090839695,0.999542903650367
"PTI98_007591",5.38905670565447,-0.688476961995481,1.04274009069862,-0.660257496701993,0.509088600642505,0.999542903650367
"PTI98_007594",3.1682577581994,1.26513778324064,1.14256684237416,1.10727682295749,0.26817426178619,0.999542903650367
"PTI98_007596",14.694030209998,-0.154025197162866,0.59588647408185,-0.258480774211548,0.796035884862925,0.999542903650367
"PTI98_007599",12.9110040677635,0.535595777492251,0.702675834479772,0.762223135065946,0.445926840501092,0.999542903650367
"PTI98_007600",6.26559198492369,0.685923146355938,0.773035818705804,0.887310949580956,0.374911512058492,0.999542903650367
"PTI98_007601",4.39080220165638,0.25129312246322,0.946857456219436,0.265396993826896,0.790703651736304,0.999542903650367
"PTI98_007602",63.6118382491512,0.604414485797264,0.508030767832284,1.18972023756797,0.234156368455701,0.999542903650367
"PTI98_007607",5.65043871335381,-0.0630807568010477,0.798365718743182,-0.0790123565179525,0.937022794711939,0.999542903650367
"PTI98_007610",63.0948068690999,-0.427211176119063,0.500550567607904,-0.853482552543443,0.393391759111674,0.999542903650367
"PTI98_007611",8.72735161061864,-0.334671995633406,0.757318070812073,-0.441917350888692,0.658549014498366,0.999542903650367
"PTI98_007614",7.52957257804577,0.345761350134187,0.80944947928227,0.427156183287399,0.669265573373654,0.999542903650367
"PTI98_007621",3.66624637512918,-0.656563013195481,0.905076641313455,-0.725422558958842,0.468192837692213,0.999542903650367
"PTI98_007622",2.71381212134762,-0.236224790386075,1.14551182432058,-0.206217679617741,0.836620878301627,0.999542903650367
"PTI98_007624",2.08145235238783,0.209896929139974,1.19513941231201,0.175625476808539,0.860588185844844,0.999542903650367
"PTI98_007635",4.87145200959083,0.378116285221194,0.933018005566219,0.405261509387192,0.685285296171407,0.999542903650367
"PTI98_007636",1.98365940939193,0.0384619936498441,1.24994743107969,0.0307708889938043,0.975452256639468,0.999542903650367
"PTI98_007637",5.80238875805059,0.34952831690224,0.828295751124782,0.42198492075759,0.67303602398135,0.999542903650367
"PTI98_007644",11.2003888291763,0.851893223077109,0.79434857677132,1.0724425623568,0.283521299424045,0.999542903650367
"PTI98_007645",9.1428456348853,-0.845157718556584,0.835381509688544,-1.01170268763991,0.311680230086144,0.999542903650367
"PTI98_007646",7.62040518624084,0.347489921372319,0.728659976897465,0.476888991284912,0.633441171541015,0.999542903650367
"PTI98_007647",10.6369194549499,0.893184257733761,0.779435337226564,1.14593759748172,0.251820973161001,0.999542903650367
"PTI98_007648",2.81334087624714,0.370330020816631,1.07155469073945,0.345600671638214,0.729642841145428,0.999542903650367
"PTI98_007659",9.5912727788053,0.0539372455075146,0.748912639138371,0.0720207440611094,0.942585399344568,0.999542903650367
"PTI98_007661",16.2392374453144,0.325808519439662,0.696091084916469,0.468054434972054,0.639745662604541,0.999542903650367
"PTI98_007662",9.7567691370299,1.4204164415097,0.733798498437498,1.93570366324576,0.0529040055509868,0.999542903650367
"PTI98_007668",35.3490159959703,-0.0918153677439042,0.468699406926171,-0.195893927722351,0.844693190166471,0.999542903650367
"PTI98_007669",5.25977295357665,-0.194500421249107,0.901870479003342,-0.215663363839173,0.829250160589168,0.999542903650367
"PTI98_007671",4.89703583955767,0.234447949677332,0.92906273279664,0.252348890339841,0.800771401530441,0.999542903650367
"PTI98_007672",7.79520523893485,-1.65005537897836,0.752243860106398,-2.1935112620859,0.0282705640717848,0.999542903650367
"PTI98_007673",20.8918338473214,0.373904824230886,0.570897707460684,0.654941891243513,0.512505167557061,0.999542903650367
"PTI98_007674",12.7705979591306,0.42127526513376,0.666949208812857,0.63164519811578,0.527618745238334,0.999542903650367
"PTI98_007675",5.29866072828737,1.12968587715693,1.14488559714273,0.986723808890825,0.323778054864398,0.999542903650367
"PTI98_007676",9.78424627646546,0.172433202770619,0.743230548747209,0.232004999069633,0.81653413103554,0.999542903650367
"PTI98_007680",5.57422605305029,-0.0257789187804866,0.852569856238822,-0.0302367232336976,0.975878261006455,0.999542903650367
"PTI98_007684",35.9792268270171,-1.48126572802395,0.789064559734536,-1.87724275504439,0.0604848300799253,0.999542903650367
"PTI98_007687",7.47942011792526,-0.348135572407027,0.851669015103307,-0.408768625173946,0.682709466785742,0.999542903650367
"PTI98_007691",6.27254252355121,0.429652473659779,0.838830822062992,0.512203965756893,0.608508267888906,0.999542903650367
"PTI98_007693",4.90145471097985,0.402746140362887,0.859650877925019,0.46849965573817,0.639427317124563,0.999542903650367
"PTI98_007695",3.82804646372242,-0.0360821795633004,0.97827244302063,-0.0368835694194643,0.970577840537084,0.999542903650367
"PTI98_007696",8.66641326297154,0.129873327297469,0.723520703996905,0.179501880982835,0.857543640506971,0.999542903650367
"PTI98_007697",11.2129790977718,0.281993186781817,0.677195846356103,0.416413048454421,0.677107781890087,0.999542903650367
"PTI98_007699",3.67184270426608,0.838562337000128,1.02608456006292,0.81724486425242,0.413788508429282,0.999542903650367
"PTI98_007700",6.32893251459814,0.475399157442016,0.84806007006503,0.560572504499077,0.575088999813649,0.999542903650367
"PTI98_007702",7.45192193625202,-0.155550370813218,0.787851970061434,-0.197436037129017,0.843486331043999,0.999542903650367
"PTI98_007703",5.19472660113076,-0.494796054368274,0.794827094186816,-0.62252036699189,0.533599755696069,0.999542903650367
"PTI98_007704",91.7483718674324,-1.01739683331817,0.506043311372225,-2.01049358909482,0.0443789740593687,0.999542903650367
"PTI98_007705",186.384902441925,-0.404293050959549,0.532932233588047,-0.758619999840476,0.44807990527102,0.999542903650367
"PTI98_007706",9.73223723926959,-0.525314670698417,0.75498988577436,-0.6957903418264,0.486560138582321,0.999542903650367
"PTI98_007707",4.569131212694,-0.108949027482836,0.827102106801782,-0.131723793938958,0.89520276466411,0.999542903650367
"PTI98_007708",3.67330600529162,0.678541026119409,1.06036017839549,0.639915605984149,0.522227467487152,0.999542903650367
"PTI98_007709",3.00639312969572,-0.668654185640248,1.0342273979893,-0.646525306659075,0.517939213424923,0.999542903650367
"PTI98_007711",22.0825934802496,0.192068069937693,0.579291362804336,0.331556937096206,0.740223840982458,0.999542903650367
"PTI98_007715",6.37532386905907,0.0385298866599125,0.825337313507085,0.0466838055536208,0.962765237568713,0.999542903650367
"PTI98_007717",8.53841160581898,-0.647866385246321,0.710374299906235,-0.912007071950428,0.361764994783377,0.999542903650367
"PTI98_007721",4.98964782004917,0.00532954190447749,0.93541032663487,0.00569754443876034,0.995454041852997,0.999542903650367
"PTI98_007722",2.13227865272141,-0.423461891842908,1.11974157330553,-0.378178234994731,0.705298192891677,0.999542903650367
"PTI98_007724",2.86828150632668,0.114079985858118,1.06376871304213,0.107241343404316,0.914597517238068,0.999542903650367
"PTI98_007726",11.3433635264414,-0.00174242062993318,0.702384556693277,-0.00248072172619547,0.998020672465144,0.999542903650367
"PTI98_007727",5.27870796068321,-4.96630350115383,2.65485571669359,-1.87064911660772,0.0613937319203382,0.999542903650367
"PTI98_007737",7.75369310084829,0.66217147258013,0.807595151937987,0.819929974803733,0.412256027771609,0.999542903650367
"PTI98_007754",6.25298894808038,0.36503954463763,0.824556497249559,0.442710167047714,0.657975387554971,0.999542903650367
"PTI98_007755",4.28211671119628,0.134587736787844,0.875846253119651,0.153665938865937,0.877873142584922,0.999542903650367
"PTI98_007760",16.0127031749275,0.542536191576529,0.60988504138706,0.889571238446249,0.373696155575545,0.999542903650367
"PTI98_007762",6.61828369033633,0.0401433106207429,0.768718902306024,0.0522210531057841,0.958352557866657,0.999542903650367
"PTI98_007765",6.70862315721252,0.09887767917378,0.837924117064337,0.118003142719173,0.906065167753445,0.999542903650367
"PTI98_007767",20.2563744159238,1.13147013392473,0.707072640100002,1.60021767178646,0.109550303134905,0.999542903650367
"PTI98_007769",2.79376427451982,-0.616159919815991,1.13176659970747,-0.544423134571432,0.586150329487885,0.999542903650367
"PTI98_007771",47.1134792783864,0.509264590496712,0.57695523098164,0.882676095388271,0.377411301304011,0.999542903650367
"PTI98_007772",5.97253255038235,0.12956311137486,0.907906653954511,0.142705321973938,0.886522913413822,0.999542903650367
"PTI98_007773",3.91987232163828,-0.304668957128876,0.893649045966622,-0.340926853224947,0.733158648629517,0.999542903650367
"PTI98_007780",4.18443881127014,-0.0145450239784724,0.91591574646416,-0.0158803078062831,0.987329880116765,0.999542903650367
"PTI98_007782",8.62596157647697,-1.77982742364717,0.793476240343021,-2.24307588955372,0.0248919211496668,0.999542903650367
"PTI98_007786",7.56167583183919,0.351669859061117,0.874463892339919,0.402154808382205,0.687570098620453,0.999542903650367
"PTI98_007789",8.26234741206932,-0.435415364885696,0.799600003364743,-0.544541474554095,0.586068916090403,0.999542903650367
"PTI98_007790",5.28302100376585,-0.285142069669273,0.898060288586346,-0.317508827963122,0.750857542011518,0.999542903650367
"PTI98_007791",6.12671780388701,0.621940284993124,0.851716864897817,0.730219525555291,0.465256009300403,0.999542903650367
"PTI98_007796",4.20805862656965,-0.268525949607891,0.844712751403934,-0.317890252232601,0.75056818696557,0.999542903650367
"PTI98_007798",19.1162118568638,-0.205359820656826,0.71682419267602,-0.286485616354805,0.774506208506443,0.999542903650367
"PTI98_007799",5.3303706512062,-0.546536038256126,0.879668861498395,-0.621297470192564,0.534403917909271,0.999542903650367
"PTI98_007800",7.51831181383352,-0.93233000333618,0.751333706234376,-1.24090000967605,0.214642689195336,0.999542903650367
"PTI98_007803",6.76719994970334,-0.975874653218385,0.838225928434071,-1.16421434856049,0.244337156832286,0.999542903650367
"PTI98_007804",5.41811996763268,-0.0800043826227279,0.819549261077287,-0.097619980179792,0.922234058394512,0.999542903650367
"PTI98_007805",6.18091644583957,0.453924466336311,0.783991906118887,0.57899126610049,0.562595066395029,0.999542903650367
"PTI98_007806",66.852477259374,1.04595309411748,0.734107325562604,1.42479588160475,0.154216213160772,0.999542903650367
"PTI98_007808",25.4015399737218,-0.355135524461187,0.580679323373349,-0.611586309631438,0.540811498179395,0.999542903650367
"PTI98_007810",10.3971419625836,0.432236392370245,0.710180296189088,0.608629096990831,0.54277031350149,0.999542903650367
"PTI98_007814",21.8091163070334,-0.74537129296092,0.674626351842863,-1.10486536869603,0.269217930442926,0.999542903650367
"PTI98_007815",25.6760176998723,1.667024436629,0.678347550702227,2.45747837506495,0.0139916234139873,0.999542903650367
"PTI98_007816",4.62475133799121,-0.19770231068385,1.15996635726196,-0.17043796955501,0.864665713569355,0.999542903650367
"PTI98_007817",4.06739358966423,-0.538063480499349,0.944413930501462,-0.569732680895177,0.568859020720033,0.999542903650367
"PTI98_007820",6.37979386292846,-0.126151443541071,0.807468534504613,-0.156230785659612,0.87585111122542,0.999542903650367
"PTI98_007824",3.24672846746343,-0.495474334072554,1.01680965346073,-0.487283271147356,0.626057601149352,0.999542903650367
"PTI98_007826",3.37263072805854,0.690483240150068,1.06677912521721,0.647259797110742,0.51746381623535,0.999542903650367
"PTI98_007827",3.6698224695975,0.15675074902276,0.854325182759315,0.183479022023538,0.854422177364884,0.999542903650367
"PTI98_007832",8.74468695547421,-0.409734247882268,0.704207522411666,-0.581837363053252,0.56067623452344,0.999542903650367
"PTI98_007833",6.29164785853492,0.941332697977272,0.923255316334036,1.01958004608629,0.307927672385651,0.999542903650367
"PTI98_007834",4.44714203404477,-1.15154769779822,0.912111274793602,-1.26250790843343,0.20676608238525,0.999542903650367
"PTI98_007835",3.29303214358372,-0.0886331254510833,0.994377297224113,-0.0891343011334934,0.928975177513616,0.999542903650367
"PTI98_007836",4.24515398590043,-0.80725045374924,0.918880001310501,-0.878515641430812,0.37966395318593,0.999542903650367
"PTI98_007839",4.03689566312257,-0.00456610057780299,0.897277494180116,-0.00508883885689704,0.995939711568071,0.999542903650367
"PTI98_007848",2.42049996600804,0.196682571786888,1.08155263092401,0.181852058016682,0.855698829199395,0.999542903650367
"PTI98_007849",7.2832784354633,0.785306444608539,0.833451921115571,0.942233648651755,0.346073030073156,0.999542903650367
"PTI98_007850",13.5071496941783,1.28946031921278,0.91623374808612,1.40734863991452,0.159324032862584,0.999542903650367
"PTI98_007851",9.24071564182727,0.20568556328202,0.691853979407143,0.297296206142045,0.766240377840632,0.999542903650367
"PTI98_007866",3.34504909004373,-0.442353660593248,1.04097637728165,-0.424941113215638,0.670879602785752,0.999542903650367
"PTI98_007868",5.58014429422833,0.862403188979024,1.00669228266054,0.856670110453039,0.391627226501477,0.999542903650367
"PTI98_007870",10.8581432233247,-0.476948230954806,0.722323815909022,-0.660296975470181,0.509063270663219,0.999542903650367
"PTI98_007871",3.91519695856008,1.24848405157642,1.06807662465967,1.16890869320751,0.242440420659391,0.999542903650367
"PTI98_007872",4.97412944161561,0.0471591241951048,0.963025230455515,0.0489697701614716,0.960943386941837,0.999542903650367
"PTI98_007875",4.53415677384258,-0.0279243954113204,0.83227611494535,-0.0335518404407821,0.973234526384881,0.999542903650367
"PTI98_007878",7.96755427773167,1.00345238994498,0.853016211107621,1.17635793655318,0.239451873014588,0.999542903650367
"PTI98_007879",4.91224240639618,0.440272896191901,1.03633040447724,0.424838347200658,0.670954521050084,0.999542903650367
"PTI98_007880",5.14985358599798,0.200628223642306,0.885115487403231,0.226668978791585,0.820681150624788,0.999542903650367
"PTI98_007881",56.1763996254125,-0.0249440808567422,0.484566226110049,-0.051477134626129,0.958945321614834,0.999542903650367
"PTI98_007882",18.8111154637767,-0.319481658672554,0.545941259780174,-0.585194199832405,0.558417144472496,0.999542903650367
"PTI98_007883",3.26306627390571,-0.302187587675716,1.48419148879364,-0.203604177734058,0.838662828172244,0.999542903650367
"PTI98_007893",52.3288974642501,-1.83177450302377,0.91656889671873,-1.99851261545251,0.0456611136224663,0.999542903650367
"PTI98_007895",3.3814840257177,-0.190660643294472,1.05629718271932,-0.180499055013701,0.856760796201771,0.999542903650367
"PTI98_007905",5.89200044876917,0.377529112456724,0.861717381404276,0.43811244916691,0.661304770365966,0.999542903650367
"PTI98_007908",14.1444179395869,0.0820588102560635,0.781629458214001,0.104984285576397,0.91638827809965,0.999542903650367
"PTI98_007912",8.3814158181661,-1.27061205438429,0.924311567209995,-1.37465774470355,0.169237577209411,0.999542903650367
"PTI98_007915",1.81380194938327,0.553122655080958,1.42576670704111,0.387947517885906,0.698054872384077,0.999542903650367
"PTI98_007916",16.5465832263452,-1.10946592010051,0.723821021067312,-1.53279041062464,0.125327504128049,0.999542903650367
"PTI98_007917",4.05435050389669,0.655373168343261,1.01945476636796,0.642866353627615,0.520310823341403,0.999542903650367
"PTI98_007918",3.17086848788923,1.4556978829121,1.15023321627062,1.26556759300682,0.205667934529721,0.999542903650367
"PTI98_007922",5.39105825226618,-1.26689002183078,0.820841451982055,-1.54340405052848,0.12273277152111,0.999542903650367
"PTI98_007924",4.62519421629386,0.680644837909143,0.883404605807573,0.770479159192208,0.441015712917395,0.999542903650367
"PTI98_007927",7.85968056095303,-0.525964885262313,0.71862390021762,-0.731905639518858,0.464226163797551,0.999542903650367
"PTI98_007936",22.5558818147901,0.168643334441753,0.572919665457959,0.294357733918853,0.768484560347221,0.999542903650367
"PTI98_007938",21.929016361565,0.344739036289344,0.72828783087855,0.473355480721788,0.635959586062932,0.999542903650367
"PTI98_007940",5.6016429540456,-1.0861432119716,0.793315598947642,-1.36911868796278,0.170962177587537,0.999542903650367
"PTI98_007944",3.72471163938733,-1.00240615557432,1.06028173369857,-0.945414905977531,0.344447095175151,0.999542903650367
"PTI98_007946",24.0563128492507,-0.900283127031655,0.566102216398493,-1.59031902888351,0.111762911481535,0.999542903650367
"PTI98_007957",5.19478520531916,-0.949845636053457,0.905215795750718,-1.04930298445105,0.294038692875395,0.999542903650367
"PTI98_007960",2.09442485222789,0.75573008313546,1.35441225778238,0.557976405479996,0.576860495902365,0.999542903650367
"PTI98_007961",3.95215854140565,1.01456341616687,1.03429952341767,0.980918383114417,0.326632991323254,0.999542903650367
"PTI98_007963",100.589930559875,-0.540548149914634,0.502230204007944,-1.07629558238613,0.281795083725657,0.999542903650367
"PTI98_007966",32.0174311535236,0.259540128910438,0.504723610828993,0.51422228590446,0.607096588260331,0.999542903650367
"PTI98_007967",3.96136648404737,-0.598653778600317,1.13771927015721,-0.526187605592367,0.598757864793703,0.999542903650367
"PTI98_007980",11.2315119027054,-1.11709562035848,1.00838782652336,-1.10780355630623,0.267946663890853,0.999542903650367
"PTI98_007999",4.99125111602179,0.172574408476721,0.801883522901963,0.215211316292154,0.829602568514115,0.999542903650367
"PTI98_008005",10.0472485500501,-0.138350912656633,0.789632459527647,-0.175209252085956,0.860915214673294,0.999542903650367
"PTI98_008008",11.4323515929763,0.383364711294253,0.672254570150917,0.570267170081402,0.568496504151162,0.999542903650367
"PTI98_008012",4.72689229340408,-0.389959059555048,1.07036435953878,-0.364323658649359,0.715616335036907,0.999542903650367
"PTI98_008013",5.94189719132876,0.235041289420054,0.814048653136168,0.28873125520759,0.772787042667024,0.999542903650367
"PTI98_008014",4.36267784189411,0.0385013902095684,0.9257077118293,0.0415913032997051,0.966824506205862,0.999542903650367
"PTI98_008016",14.3790301134049,-0.185348801107423,0.675280428838391,-0.274476785039154,0.783718241664187,0.999542903650367
"PTI98_008017",13.9887895353192,0.0607326948853456,0.677658149981929,0.0896214335900264,0.928588051403171,0.999542903650367
"PTI98_008020",2.7532554866192,-1.24374465021211,1.06260247463596,-1.17047031218162,0.241811754552299,0.999542903650367
"PTI98_008026",3.84682818623998,0.857417489095559,1.05939673263828,0.809345038246698,0.418316706859154,0.999542903650367
"PTI98_008028",1.50928385909342,0.0366420807021556,1.54829544798246,0.0236660779116175,0.981118964327963,0.999542903650367
"PTI98_008029",3.21058138951628,-0.831981039209934,0.995569216578738,-0.835683773016835,0.403332826447793,0.999542903650367
"PTI98_008034",5.08050750104644,-0.0653900217287542,0.921625642757679,-0.0709507404037662,0.943436960092445,0.999542903650367
"PTI98_008035",5.51715769616817,0.103792720058808,0.79677510565464,0.130266017753568,0.896355964842518,0.999542903650367
"PTI98_008036",3.49597541559666,0.00351300113690999,1.02378981472996,0.00343136949241537,0.997262168632266,0.999542903650367
"PTI98_008038",2.86566730523345,-0.455820967792479,1.09583315894584,-0.415958363799619,0.677440470677793,0.999542903650367
"PTI98_008042",2.89285763932623,0.409035413663836,1.12663782609171,0.363058477348283,0.71656120159099,0.999542903650367
"PTI98_008043",4.35974548258159,-0.288045041515654,0.890188195121964,-0.323577691879176,0.746257779365496,0.999542903650367
"PTI98_008047",14.5352336841457,1.18304013051942,0.99502824031029,1.18895131071908,0.234458827145575,0.999542903650367
"PTI98_008048",10.8822201015193,-0.192034787813604,1.41989342921803,-0.135245916251167,0.892417444647685,0.999542903650367
"PTI98_008049",3.47130862541908,-0.19068118219526,0.967184598054174,-0.197150763751699,0.843709559171166,0.999542903650367
"PTI98_008051",7.40345806851061,1.26497320778648,0.796632678072849,1.5879002237852,0.112308902897042,0.999542903650367
"PTI98_008052",4.41584949040069,0.141217493247694,0.885271750642726,0.159518806677348,0.873260142445908,0.999542903650367
"PTI98_008056",2.92650487760222,0.38435946563848,1.10413400185639,0.34810943689104,0.72775799743865,0.999542903650367
"PTI98_008057",2.00217484873266,-1.5499697780947,1.51822731382774,-1.02090758345464,0.307298225904586,0.999542903650367
"PTI98_008062",25.9974454293387,0.419806057179229,0.511598711502611,0.820576846150024,0.411887340699515,0.999542903650367
"PTI98_008063",2.51990281144091,-1.98844453264158,1.21965028946071,-1.63033990138337,0.103029678836049,0.999542903650367
"PTI98_008066",5.15579876298743,0.837507737776196,0.90630888257715,0.924086427791248,0.355441319060222,0.999542903650367
"PTI98_008072",5.0176395821592,-0.209928655645791,0.88458707419043,-0.237318249125353,0.812409905685654,0.999542903650367
"PTI98_008075",43.9541996992562,-0.2634883476309,0.463484832490819,-0.56849400273766,0.569699576818034,0.999542903650367
"PTI98_008077",3.59111319814073,0.510197429399412,1.00701118216597,0.506645247277227,0.612403754374563,0.999542903650367
"PTI98_008083",8.42360503745882,0.172314245934817,0.719144645722073,0.239609996347537,0.810632614538314,0.999542903650367
"PTI98_008088",28.8558133404342,-0.517137562848382,0.594042685825544,-0.87053939925161,0.384005697693601,0.999542903650367
"PTI98_008090",5.74653719693487,-0.133817967165378,0.806796404885433,-0.165863365720352,0.868264478018561,0.999542903650367
"PTI98_008095",2.14410811206105,-0.300596783671518,1.13208128982309,-0.265525794281516,0.7906044418059,0.999542903650367
"PTI98_008097",10.8768494820423,-0.132411702186756,0.708230112480256,-0.186961412475168,0.85169088780393,0.999542903650367
"PTI98_008101",5.55135097300195,0.52850371664925,0.803386949540232,0.657844537992192,0.51063803210202,0.999542903650367
"PTI98_008103",3.22652886698975,-0.632153402803496,0.97946554166607,-0.645406475176456,0.51866380833314,0.999542903650367
"PTI98_008107",10.3586245337463,0.0965714378599016,0.683667984149095,0.141254878243415,0.887668594067467,0.999542903650367
"PTI98_008108",7.68958170776635,0.0685500755474206,0.798252932358149,0.0858751315136599,0.93156568064367,0.999542903650367
"PTI98_008111",5.80265401850611,0.63232367844689,0.873557602724897,0.723848864086897,0.469158526556959,0.999542903650367
"PTI98_008113",29.5029900339397,-0.0929050265182919,0.578289383494814,-0.160654905951814,0.872365207813557,0.999542903650367
"PTI98_008114",3.68665639366575,0.0157792808856988,0.960719311862627,0.0164244443625331,0.986895778596994,0.999542903650367
"PTI98_008115",72.9254890687043,-0.073166766360965,0.508539652513161,-0.143876226759076,0.885598208644786,0.999542903650367
"PTI98_008118",11.1745539165644,0.220387942212583,0.6756006873449,0.326210358190581,0.744265204978366,0.999542903650367
"PTI98_008121",29.9992133193398,-0.103178866754491,0.575402499762678,-0.179315986282726,0.857689595053513,0.999542903650367
"PTI98_008122",3.58764412629254,-0.912967067205633,1.02864971144249,-0.887539321743806,0.374788605601644,0.999542903650367
"PTI98_008124",3.68503559161164,-0.0181941063144826,1.00628641531518,-0.0180804451273288,0.985574677930374,0.999542903650367
"PTI98_008130",7.61257313951144,-0.965999225174951,1.16416398496558,-0.82977934178535,0.406663552799683,0.999542903650367
"PTI98_008132",7.52654403368212,0.749514678629888,0.760033988209274,0.98615942215404,0.32405488797522,0.999542903650367
"PTI98_008135",5.48038708593621,0.844619235072417,0.953474145050175,0.885833390928467,0.37570731370498,0.999542903650367
"PTI98_008145",4.00255640012646,0.406641431482313,0.922649783062724,0.440732159641844,0.659406911682859,0.999542903650367
"PTI98_008148",3.70618470781053,-0.1446890450804,1.02410497992251,-0.141283411287921,0.887646054033093,0.999542903650367
"PTI98_008149",6.43664640183457,-0.627610557977542,0.816967604933114,-0.768219638315922,0.442356708219512,0.999542903650367
"PTI98_008152",2.80457953763125,0.114513612125853,1.13173072557265,0.101184503997548,0.919403997599394,0.999542903650367
"PTI98_008161",36.0633637321401,-2.58848901408972,0.929227401387816,-2.78563569070797,0.00534228754261271,0.999542903650367
"PTI98_008168",31.3871331834686,-0.712847418494623,0.571886592712302,-1.24648387910929,0.212586803985377,0.999542903650367
"PTI98_008192",11.3556630430477,0.0403308414971814,0.72948808543665,0.0552864978912446,0.955910218836056,0.999542903650367
"PTI98_008195",2.78185569394679,-0.0926264280500162,1.09126244139735,-0.0848800660008139,0.932356739613727,0.999542903650367
"PTI98_008209",8.21171016824272,0.180781851691219,0.725606480174445,0.249145861607736,0.803247955249758,0.999542903650367
"PTI98_008223",3.49207979257127,0.559189444630535,1.09683824185272,0.509819427599443,0.61017797371045,0.999542903650367
"PTI98_008225",12.2746285399334,-0.299630589387648,0.713934876789063,-0.419688964818812,0.674712687617959,0.999542903650367
"PTI98_008226",5.302369088618,0.127373508150725,0.929909722210847,0.136974057920263,0.891051300593703,0.999542903650367
"PTI98_008230",3.85956533012206,0.502410784009597,0.938044642561988,0.535593682020733,0.592239396193572,0.999542903650367
"PTI98_008235",4.26836510806976,-0.522686021376608,1.13684366221223,-0.459769481724067,0.645681690814456,0.999542903650367
"PTI98_008236",3.79490352949669,0.546574167245897,1.03029432679035,0.530502937882446,0.595763272615807,0.999542903650367
"PTI98_008243",5.22520411087797,0.935549441140455,0.868052456682131,1.07775680368017,0.281142301340902,0.999542903650367
"PTI98_008256",5.65139304694156,-0.176817609745239,1.03160111455991,-0.171401142602169,0.863908356407748,0.999542903650367
"PTI98_008259",136.754551207116,0.562427538382477,0.491900646429194,1.14337629451242,0.252882390440867,0.999542903650367
"PTI98_008264",2.8634088313112,-0.346448353420034,1.15631350726079,-0.299614551974526,0.764471182975144,0.999542903650367
"PTI98_008274",3.68774483090519,-0.982723074118574,0.986800874358584,-0.995867656438124,0.319314452138209,0.999542903650367
"PTI98_008285",2.37362508178992,-1.07663556530342,1.19296446920072,-0.90248753680381,0.366797939090594,0.999542903650367
"PTI98_008294",5.16691006350048,0.56200351968514,1.00259734145874,0.560547586199909,0.575105991043249,0.999542903650367
"PTI98_005668",2.52106863579032,0.439426109042691,1.08861786188431,0.403655060630807,0.686466390382868,0.999542903650367
"PTI98_005704",7.02473116528203,0.487029071987941,0.756864575577877,0.643482450762196,0.51991109841787,0.999542903650367
"PTI98_005733",6.72270486508777,0.415924820795749,0.800697514416952,0.519453118445878,0.603444797532032,0.999542903650367
"PTI98_005735",13.3246104739876,-0.483569669398212,0.633157831310482,-0.763742696504822,0.445020591424336,0.999542903650367
"PTI98_005736",25.9087990620107,0.284602637485789,0.563919589606566,0.50468655945141,0.613779002676281,0.999542903650367
"PTI98_005738",1.730130778688,-0.960757194656425,1.48205021463739,-0.648262241837395,0.516815350947152,0.999542903650367
"PTI98_005745",23.8738154027405,-0.0808078950020829,0.692194874947005,-0.116741539018574,0.907064871935879,0.999542903650367
"PTI98_005753",2.74575445683994,-1.64885826243843,1.32184595767475,-1.24739063040215,0.212254300410451,0.999542903650367
"PTI98_005755",5.89640017226866,-0.70268388297245,0.800402184271668,-0.8779134999636,0.379990662438948,0.999542903650367
"PTI98_005777",3.80699852450116,-0.915304501888767,0.971623868467723,-0.942035834640648,0.346174293667577,0.999542903650367
"PTI98_005779",16.9831347132826,0.417897615366151,0.620971589201661,0.672973808517411,0.500963953864185,0.999542903650367
"PTI98_005781",36.5285490313946,0.859833546806731,0.617412869195327,1.39263949571921,0.16372883332742,0.999542903650367
"PTI98_005783",3.81691048594467,0.36595813076558,0.966487287736273,0.378647640180281,0.704949540018546,0.999542903650367
"PTI98_005784",20.8595942125621,-0.314512010037171,0.953150364172736,-0.329971032755303,0.741421849912592,0.999542903650367
"PTI98_005797",43.0408166373619,-0.827703270239126,0.550261848649372,-1.50419890506808,0.132530159610151,0.999542903650367
"PTI98_005799",2.96367145320972,-0.475849636198288,1.09000725076213,-0.43655639525845,0.662433091649145,0.999542903650367
"PTI98_005801",8.28424234619247,0.179208873779442,0.743117778247951,0.241158103096339,0.809432581558555,0.999542903650367
"PTI98_005804",22.6805215804761,0.429221936849457,0.61476652880514,0.69818689980356,0.485060318002829,0.999542903650367
"PTI98_005810",5.82154443937945,-0.412739911386114,0.824148408081976,-0.500807751781836,0.6165064295631,0.999542903650367
"PTI98_005813",5.04133900254376,0.19188401901746,0.822072007087071,0.233415099119336,0.815439089554667,0.999542903650367
"PTI98_005815",22.5234282899665,0.629941603327328,0.659329143773671,0.955428118529475,0.339361239986813,0.999542903650367
"PTI98_005823",3.97990284300104,-0.760903690880677,0.954153171147605,-0.797464928996151,0.425181063291398,0.999542903650367
"PTI98_005824",13.3258364402503,-0.312443479609849,0.701303437515246,-0.445518249157386,0.655945274678347,0.999542903650367
"PTI98_005830",9.31333374375911,-0.159723613982651,0.718596072587155,-0.222271760277787,0.824102334296304,0.999542903650367
"PTI98_005833",16.0704297951617,0.554612320312156,0.645332879125829,0.85942052272842,0.390108551112471,0.999542903650367
"PTI98_005836",2.32827801590088,-0.0873807634899768,1.19736584968864,-0.0729774976567933,0.941824024023632,0.999542903650367
"PTI98_005837",7.71142104369363,-0.128277703056342,0.742793152125891,-0.172696399649361,0.862890073935598,0.999542903650367
"PTI98_005849",47.5135337937304,-0.262584784615978,0.54526364612214,-0.481573980740242,0.630108613467896,0.999542903650367
"PTI98_005851",10.0045405348661,0.0402842067975194,0.763865353879341,0.0527373137070995,0.957941208339865,0.999542903650367
"PTI98_005870",5.02432806778982,-0.476305143482114,0.832251151927113,-0.572309383266348,0.567112393925108,0.999542903650367
"PTI98_005875",6.59855128194179,0.537964070124883,0.903460393055162,0.595448427247255,0.551543762835618,0.999542903650367
"PTI98_005877",7.76491938468075,0.572420505437916,0.750884730847634,0.762328067041317,0.44586422650156,0.999542903650367
"PTI98_005882",4.59259517748847,-0.473870023921519,0.907357249179781,-0.522252976266934,0.601494205176408,0.999542903650367
"PTI98_005883",10.1080616370514,-0.0828844809378647,0.739819430226996,-0.112033392948917,0.910796929489046,0.999542903650367
"PTI98_005886",4.01291924391673,0.152055869953844,0.928140941407973,0.163828426449088,0.869866212945455,0.999542903650367
"PTI98_005890",4.26082907370538,-0.0877689310639646,0.936563056492929,-0.0937138513584186,0.925336466910087,0.999542903650367
"PTI98_005891",25.3951639486136,0.371937377943718,0.587769130358807,0.632795018882102,0.526867510000641,0.999542903650367
"PTI98_005896",3.36395520865623,-0.965414541576148,1.01714674362684,-0.949139883330666,0.342549472026026,0.999542903650367
"PTI98_005897",22.2290708902793,-0.482857144993554,0.605616716782304,-0.797298244274065,0.42527783978073,0.999542903650367
"PTI98_005899",3.61681058265049,0.334725081287387,0.914972363199226,0.365830810579908,0.714491327648818,0.999542903650367
"PTI98_005900",3.74085893236102,0.661250486781289,0.927935578069107,0.712603872951236,0.476090914507039,0.999542903650367
"PTI98_005901",6.10444128868542,0.734246861328889,0.821563552139697,0.893718884457084,0.371472318781698,0.999542903650367
"PTI98_005906",3.84795629296493,-0.288300728566025,0.988163069092306,-0.291754202907875,0.770474563242565,0.999542903650367
"PTI98_005907",4.1535679055261,0.942661908609317,1.00175067355805,0.941014499407463,0.346697428859964,0.999542903650367
"PTI98_005912",123.064309973741,-0.404471859616587,0.503244080565018,-0.803728996002228,0.421553504300427,0.999542903650367
"PTI98_005915",3.43591836164074,1.42610002140783,1.10398399361816,1.29177599462649,0.196434730931941,0.999542903650367
"PTI98_005916",4.07216321220347,0.685963901424762,0.906670348180693,0.756574760386952,0.449304667287361,0.999542903650367
"PTI98_005919",7.40520121043405,-0.377668924018673,0.775590228170143,-0.486943891634259,0.626298093386719,0.999542903650367
"PTI98_005920",5.12696809714714,0.0704289483690425,0.834970070208417,0.0843490693642022,0.932778899664901,0.999542903650367
"PTI98_005922",4.34919832677762,0.0739959755756592,0.957771403928321,0.0772584932815523,0.93841790973567,0.999542903650367
"PTI98_005923",2.67043991131659,0.92063265957332,1.18378710594285,0.77770120569109,0.436745181247209,0.999542903650367
"PTI98_005925",24.1262485830267,0.400330635963471,0.588851104402192,0.679850361102558,0.496599214954824,0.999542903650367
"PTI98_005928",15.3678452473569,0.915207621773223,0.691106421651636,1.32426438693193,0.185415253686436,0.999542903650367
"PTI98_005942",6.06495548877539,0.40605424597085,0.833276058800637,0.48729858692364,0.626046748970785,0.999542903650367
"PTI98_005943",4.93500624905536,0.403949443945838,0.828973088462938,0.487288971822754,0.626053561857372,0.999542903650367
"PTI98_005945",7.98149842886097,0.37433995694201,0.762023154183541,0.491244859013624,0.623253274634454,0.999542903650367
"PTI98_005948",8.02989290869338,-0.349512433856213,0.904788881457798,-0.386291698559644,0.699280647880756,0.999542903650367
"PTI98_005950",5.43536571608225,-0.451561873470142,0.801166960255688,-0.563630174322252,0.573005846934784,0.999542903650367
"PTI98_005956",3.60298391427643,-0.141720784451373,0.988284670250936,-0.143400771779035,0.885973673483109,0.999542903650367
"PTI98_005957",19.2831728212377,-0.974795851028034,1.02487311699991,-0.951138082225758,0.341534285048088,0.999542903650367
"PTI98_005958",12.4621960727622,0.533975135739608,0.608036945786975,0.878195214023534,0.379837788828525,0.999542903650367
"PTI98_005963",5.59297641020894,0.792867188109479,0.880772687587368,0.900195021125506,0.368016475311888,0.999542903650367
"PTI98_005972",7.36850140106026,-1.13997417001676,0.771966882285133,-1.47671382824386,0.139752363815843,0.999542903650367
"PTI98_005974",4.5062140848741,-1.31335096754046,0.879719163411702,-1.49292072079805,0.135457940489299,0.999542903650367
"PTI98_005976",4.6591474468947,0.0495011110534397,1.00348909803044,0.0493289973459563,0.96065711110078,0.999542903650367
"PTI98_005977",7.02154230698721,-0.0416469853829101,0.733255226681148,-0.0567973931415562,0.954706590559455,0.999542903650367
"PTI98_005983",16.3623754069383,0.323667436389425,0.630774718131844,0.513126837657707,0.607862599428194,0.999542903650367
"PTI98_005984",10.2779518493676,1.03010484918012,0.755691883525267,1.36312811032815,0.17284213892698,0.999542903650367
"PTI98_005987",2.36249870611065,0.735247368724108,1.32788328492806,0.553698790450505,0.579785003199336,0.999542903650367
"PTI98_005988",13.7381435102074,0.650032726192434,0.720075730732115,0.902728280442854,0.366670123214865,0.999542903650367
"PTI98_005992",2.44954988043709,-0.0709248393471548,1.18985801340065,-0.0596078175281177,0.952467991955338,0.999542903650367
"PTI98_005993",1.83612626415034,-1.62398861864197,1.48240865434902,-1.09550670382124,0.273294710180424,0.999542903650367
"PTI98_005995",26.0128710155966,0.0568890046445409,0.602009484544016,0.0944985188856795,0.924713158939905,0.999542903650367
"PTI98_005999",3.19776931355657,0.346299004162319,1.11532828591107,0.310490649736763,0.756187868823484,0.999542903650367
"PTI98_006002",4.89086974866166,-0.335257107732188,0.876944865414472,-0.382301238030209,0.702237936493194,0.999542903650367
"PTI98_006003",8.08735736232512,0.0846022997462216,0.801050263218515,0.10561422126784,0.915888440921486,0.999542903650367
"PTI98_006006",198.136188250787,1.48526941139014,0.808051062721314,1.83808855641885,0.0660493571761253,0.999542903650367
"PTI98_006013",9.05294438923859,0.665095652170396,0.825248697592555,0.805933598090657,0.420281137356152,0.999542903650367
"PTI98_006015",4.95989147335505,0.230398475798754,0.818757557142705,0.281400121182145,0.778403525180836,0.999542903650367
"PTI98_006020",3.51089560843553,-0.623172881991493,0.993839063119115,-0.627036011279025,0.530635630004753,0.999542903650367
"PTI98_006026",7.32600372430035,-0.330051819052575,0.777254769538063,-0.424637881924778,0.671100673237317,0.999542903650367
"PTI98_006027",18.6119847882262,0.357121116131791,0.613890456029281,0.58173426972899,0.560745684443475,0.999542903650367
"PTI98_006028",4.41399960800282,-0.453989971363113,0.994269592785945,-0.456606512616998,0.647953897289764,0.999542903650367
"PTI98_006032",8.47340301117479,-0.431094197221961,0.787083904839752,-0.547710599303552,0.58389063303967,0.999542903650367
"PTI98_006037",22.260495698118,-0.288132795439162,0.541278498775958,-0.532318937646226,0.594505118189113,0.999542903650367
"PTI98_006038",25.4158437314114,0.15319425155663,0.580461813512912,0.263917880539824,0.791843197307211,0.999542903650367
"PTI98_006043",7.26859582771291,-0.205980746551614,1.05175286975586,-0.195845195648886,0.844731333981063,0.999542903650367
"PTI98_006044",4.94093118811315,-0.0358430242508166,0.80934235754897,-0.0442866037054633,0.964675949892755,0.999542903650367
"PTI98_006054",5.94533420241931,0.758405889081553,0.77947502742629,0.972970091916474,0.330568166772296,0.999542903650367
"PTI98_006060",14.3534561675234,0.531475578392524,0.676268118156933,0.785894771796992,0.431929137762139,0.999542903650367
"PTI98_006061",3.06473113929636,0.314322616399546,1.02105254311741,0.307841764381562,0.758202740364444,0.999542903650367
"PTI98_006062",6.73537601076962,0.27206573195601,0.840140667069335,0.323833546714335,0.746064056963957,0.999542903650367
"PTI98_006065",5.07280175905865,-0.617771001443296,0.92510307555474,-0.667786128667715,0.504270122256912,0.999542903650367
"PTI98_006069",2.85979902993387,-0.289623728904514,1.15576422027839,-0.250590668773906,0.802130596820251,0.999542903650367
"PTI98_006070",5.2534076417192,-0.291144184886399,0.820428901480454,-0.354868269951282,0.722688280309437,0.999542903650367
"PTI98_006071",20.5795430213516,-0.18666769844036,0.63146595046952,-0.295610077315435,0.767527876835617,0.999542903650367
"PTI98_006072",4.75014007050679,0.0487136404492248,0.853934386251143,0.057046116462276,0.954508459303764,0.999542903650367
"PTI98_006077",3.15942777120728,0.0979314918835104,0.952199364116776,0.102847676205232,0.9180838657213,0.999542903650367
"PTI98_006078",14.0657391183589,0.286182263591961,0.679090151524107,0.421420135382131,0.673448318488792,0.999542903650367
"PTI98_006080",7.20906078747631,-0.44510917787758,0.81601185096854,-0.545469011692994,0.585430987659197,0.999542903650367
"PTI98_006082",3.03933657328294,0.132910828471398,1.01055574135409,0.131522510864472,0.895361980153945,0.999542903650367
"PTI98_006085",5.64426909677471,0.425963503177815,0.894101212127579,0.476415306678988,0.633778531914475,0.999542903650367
"PTI98_006087",19.6919544926793,-0.270893143955563,0.660647657725218,-0.410041783676822,0.681775296834303,0.999542903650367
"PTI98_006088",16.8569120979642,0.557291456440874,0.689116954565561,0.808703737077846,0.418685578084489,0.999542903650367
"PTI98_006091",5.99016162315873,0.0972317349468887,0.803873113055258,0.120954082637921,0.903727404830208,0.999542903650367
"PTI98_006095",7.2122365942549,0.182020526632417,0.886803743484649,0.205254576302505,0.837373231298078,0.999542903650367
"PTI98_006096",2.48735969626962,0.00663444665077372,1.21197040506064,0.00547409955150002,0.995632322297039,0.999542903650367
"PTI98_006098",2.08005011047154,-0.429716126466324,1.37783116897033,-0.311878651132167,0.755132747774266,0.999542903650367
"PTI98_006099",7.45571514623524,-1.39733912824562,1.04364721548317,-1.33889987681202,0.180603269783229,0.999542903650367
"PTI98_006101",4.7926735201161,0.996858658745324,0.982105285742866,1.0150221908146,0.310095249642842,0.999542903650367
"PTI98_006103",5.40136306463874,0.743916916935679,0.891326277863476,0.834617956870811,0.403932848416095,0.999542903650367
"PTI98_006104",12.9328273648164,-0.121380143623338,0.630868507786039,-0.192401652840951,0.84742759780934,0.999542903650367
"PTI98_006105",3.46034469765272,0.451377040084059,0.937222433371471,0.481611433969117,0.630082002171453,0.999542903650367
"PTI98_006107",6.29480237627213,0.575791103348176,0.866297285752027,0.664657632914474,0.506269497837971,0.999542903650367
"PTI98_006110",4.02912960119073,-0.543607293681012,0.900041173280508,-0.6039804731373,0.545856624611058,0.999542903650367
"PTI98_006111",4.17807541033628,-1.63398351592037,1.07885325533562,-1.51455585626616,0.129884918470635,0.999542903650367
"PTI98_006119",4.20164626900155,-0.138747513414487,1.1024481944278,-0.125853998506026,0.899847496920323,0.999542903650367
"PTI98_006123",6.74270645694603,1.01380887548878,0.848526941710373,1.19478690145684,0.232170299269263,0.999542903650367
"PTI98_006124",3.83213142113525,0.883690938104815,0.968554597803594,0.912381129684143,0.361568119635378,0.999542903650367
"PTI98_006125",14.061935866418,-0.153340816201328,0.631753939987852,-0.242722374164025,0.808220473603057,0.999542903650367
"PTI98_006132",3.83410343000722,0.585530661076312,0.911981205563926,0.642042464805234,0.520845611334245,0.999542903650367
"PTI98_006135",18.2873358939139,-0.0549513812979463,0.624566605731744,-0.0879832203541607,0.929890012634843,0.999542903650367
"PTI98_006136",3.76451255102692,0.866087736004895,0.94106284900043,0.920329324364285,0.35740068940978,0.999542903650367
"PTI98_006138",49.7333963823453,-0.291457423186603,0.507784378573246,-0.573978711211103,0.565982207454796,0.999542903650367
"PTI98_006139",2.28317231883578,-0.473009774539416,1.10481614953198,-0.428134377597389,0.668553289377344,0.999542903650367
"PTI98_006142",4.68136885016124,0.361124735685558,1.04648502561869,0.345083519443635,0.730031582905566,0.999542903650367
"PTI98_006143",5.06131702046547,-0.105082949868687,0.86348715229913,-0.121696020130574,0.903139765286734,0.999542903650367
"PTI98_006145",3.32780137801677,0.705778875674027,1.07564953254988,0.656142037268354,0.511732739020319,0.999542903650367
"PTI98_006146",5.88540798249788,-0.236538970215442,0.831693973995249,-0.284406257122639,0.776099064417102,0.999542903650367
"PTI98_006148",2.73648311634776,0.771017020077916,1.14557293266982,0.673040535517034,0.500921502927275,0.999542903650367
"PTI98_006149",90.4457813999805,-1.03793617813933,0.583244130140214,-1.77959129719798,0.0751428715133894,0.999542903650367
"PTI98_006153",9.64587656343238,-0.463451604776901,0.764292585998587,-0.606379825301299,0.544262562160562,0.999542903650367
"PTI98_006154",27.480976384271,0.264089245498655,0.68649694843238,0.384691069788008,0.70046631227433,0.999542903650367
"PTI98_006156",13.281030695799,0.200958376909879,0.697775061684781,0.287998794947851,0.773347661100298,0.999542903650367
"PTI98_006157",3.416944644884,0.129533083445467,0.93297931988393,0.138838107860292,0.889578079874976,0.999542903650367
"PTI98_006158",3.29254756748206,-0.488378988749641,0.964776458318396,-0.506209479448623,0.612709601045991,0.999542903650367
"PTI98_006161",6.57063138590733,0.416659771922829,0.769309142579245,0.541602522135514,0.58809235398654,0.999542903650367
"PTI98_006162",3.12983914590282,0.435992499154393,1.18197674083568,0.368867240861387,0.712226682141857,0.999542903650367
"PTI98_006163",2.92417585421892,0.537533791344532,1.09317343974214,0.491718671349466,0.622918237020876,0.999542903650367
"PTI98_006167",3.84130033758098,1.73674396488561,1.06073937076522,1.63729565692722,0.101568707961045,0.999542903650367
"PTI98_006168",8.57632109080521,-0.50744355058755,0.800716707878021,-0.633736683142688,0.526252680738963,0.999542903650367
"PTI98_006169",20.3663221380191,-0.275398466918363,0.660395073224371,-0.417020777538108,0.676663210193782,0.999542903650367
"PTI98_006171",6.77705707524134,0.582885337092766,0.741011991294018,0.786607158778744,0.431511867289687,0.999542903650367
"PTI98_006172",5.77957652392538,-0.963081924006537,0.882644438308701,-1.09113237698746,0.275214638085304,0.999542903650367
"PTI98_006173",3.37693944831337,-0.215258304733825,1.08423955795846,-0.198533897009937,0.842627366559095,0.999542903650367
"PTI98_006176",23.6789640688253,0.323072044961808,0.519250991037168,0.622188595762704,0.533817864002299,0.999542903650367
"PTI98_006178",2.80519381936618,0.671253792880387,1.1043481765278,0.607828044766543,0.543301526876709,0.999542903650367
"PTI98_006179",44.600014324763,-1.33406447892551,0.721853041029134,-1.84811090775978,0.0645863001484742,0.999542903650367
"PTI98_006182",4.70896336211068,0.0744722601951594,0.985438078148857,0.0755727445960434,0.939759021098004,0.999542903650367
"PTI98_006183",9.32282408380294,0.0257047870438375,0.711197433370975,0.0361429693608433,0.971168360098965,0.999542903650367
"PTI98_006185",4.21406669358362,0.610426463514793,0.884007681606184,0.690521673302305,0.489866185198235,0.999542903650367
"PTI98_006186",6.73461237982808,0.180858212886831,0.879313151770296,0.205681232587861,0.837039919345175,0.999542903650367
"PTI98_006187",38.2654214960484,-0.917718622637233,0.632387631955149,-1.45119634898603,0.146725193260129,0.999542903650367
"PTI98_006188",12.4197827120869,1.00060347241099,0.646066818470478,1.54876158905647,0.121439042312691,0.999542903650367
"PTI98_006191",16.509777804524,0.600269349047129,0.601743285194937,0.997550556551152,0.318497346842905,0.999542903650367
"PTI98_006192",4.50549672433751,-1.59492509029309,0.915803761749238,-1.74155769708424,0.0815858690394207,0.999542903650367
"PTI98_006194",3.00665434479426,-0.545931314778209,1.02215855376111,-0.534096508579233,0.593274765210019,0.999542903650367
"PTI98_006195",5.99736033940828,0.0156730289415051,0.791825994389869,0.0197935266744832,0.984208081838673,0.999542903650367
"PTI98_006196",3.38208120790927,0.0601126318377304,1.03381138088182,0.058146614507625,0.953631844170682,0.999542903650367
"PTI98_006197",6.10622873111224,-0.0356343410534821,0.78726358495227,-0.0452635454434775,0.96389724416295,0.999542903650367
"PTI98_006200",4.13429445231185,-0.734913955485507,0.922587988017952,-0.796578716642912,0.425695742258079,0.999542903650367
"PTI98_006201",19.5700736018742,-0.235414339777936,0.556215655664616,-0.423242922741255,0.672118033204227,0.999542903650367
"PTI98_006204",12.5724728124048,-0.0400566428168825,0.649913845326557,-0.0616337736223415,0.950854480598753,0.999542903650367
"PTI98_006209",2.78345696134674,0.87566381435234,1.1357717032994,0.770985763959912,0.440715369805316,0.999542903650367
"PTI98_006211",13.3306496153427,-0.188073281914782,0.759747792840016,-0.247546993472327,0.804484927347686,0.999542903650367
"PTI98_006212",5.33510093321627,0.362060394744381,0.773453987745091,0.4681085112767,0.639706992971631,0.999542903650367
"PTI98_006215",4.28555398848634,0.143852716331162,1.00137672938561,0.14365494235064,0.885772952840167,0.999542903650367
"PTI98_006216",16.1079949384054,-0.287743415316711,0.677360333393521,-0.424801100878079,0.670981675093541,0.999542903650367
"PTI98_006220",4.5634292000299,0.0238258619072254,1.0978712731918,0.02170187205824,0.982685770438937,0.999542903650367
"PTI98_006221",8.6340433902529,0.161546430642672,0.676469002222905,0.23880832693268,0.811254213067307,0.999542903650367
"PTI98_006224",7.69432349074578,0.449865462345523,0.837796783086947,0.536962508602561,0.59129351153504,0.999542903650367
"PTI98_006225",20.0199142460624,0.962726417783325,0.604855105068113,1.59166453207816,0.11146010174242,0.999542903650367
"PTI98_006226",3.55221861257223,0.69947162275921,1.1470618363179,0.609794172042661,0.54199816260703,0.999542903650367
"PTI98_006227",5.59088383377055,-1.00025612209812,0.902998463668811,-1.10770523134022,0.267989139360375,0.999542903650367
"PTI98_006229",15.2740617627629,1.01087347315544,0.770274610063815,1.31235465890754,0.189400497752942,0.999542903650367
"PTI98_006231",78.5097850983181,-0.0114379471611197,0.474476508754791,-0.0241064561681615,0.980767693542719,0.999542903650367
"PTI98_006232",8.52065522942598,-0.0187420474747777,0.784346110729805,-0.0238951238724686,0.980936263759926,0.999542903650367
"PTI98_006234",4.19453534379768,-0.157602333797922,0.97225401535744,-0.162099956707282,0.871227140288235,0.999542903650367
"PTI98_006235",17.9125324748197,0.0264061355622303,0.559593224846067,0.0471880901872859,0.962363319602689,0.999542903650367
"PTI98_006236",9.3187451196685,-0.855126689921198,0.744717778942967,-1.14825604289311,0.250862879711747,0.999542903650367
"PTI98_006237",6.40773332678541,-0.182453088570268,0.883236986548859,-0.206573197622963,0.836343193962072,0.999542903650367
"PTI98_006241",7.83632262488153,0.241731828521726,0.760194509083635,0.317986812103022,0.750494940541634,0.999542903650367
"PTI98_006243",14.1694270281592,0.799324445338606,0.629856075584961,1.26905887919912,0.20442006497532,0.999542903650367
"PTI98_006245",5.31187993897698,0.369840090753265,0.833850687092389,0.443532752899546,0.65738043410516,0.999542903650367
"PTI98_006246",9.04127765311469,0.947813627231018,0.739721053928523,1.2813122219482,0.200084021688429,0.999542903650367
"PTI98_006247",9.44505997502262,0.823794189788242,0.790313896730712,1.04236328526681,0.297243281701939,0.999542903650367
"PTI98_006249",2.00840601995073,-1.62044089660907,1.36834690629059,-1.18423251381616,0.236321034840107,0.999542903650367
"PTI98_006252",3.15189158137952,0.233696319389937,0.96582841452108,0.241964634583482,0.808807566581403,0.999542903650367
"PTI98_006253",15.486801209335,0.670119810435248,0.632756498254234,1.05904848434445,0.289577699472488,0.999542903650367
"PTI98_006255",229.690874676363,-0.273314200103134,0.406026234921378,-0.673144187729786,0.500855564382372,0.999542903650367
"PTI98_006257",2.43097285827151,0.136622309302612,1.22742461218947,0.111308106376412,0.911372027394536,0.999542903650367
"PTI98_006259",5.99069977832039,-0.762026675435937,1.04581073647501,-0.728646827631938,0.466217726143684,0.999542903650367
"PTI98_006260",6.76677191114086,1.04185111862871,0.980072060883454,1.06303521976697,0.28776597972499,0.999542903650367
"PTI98_006261",5.61442767102248,1.27460746992363,0.996134185220337,1.27955398864431,0.200702040588996,0.999542903650367
"PTI98_006263",3.42891355550205,0.719609935408812,1.02978836028365,0.698794007742132,0.48468077390847,0.999542903650367
"PTI98_006271",3.19538945602045,0.662537207154387,1.1149295218069,0.594241334717423,0.552350710061807,0.999542903650367
"PTI98_006273",7.55165978302139,-0.101002386867366,0.891003168467318,-0.113358055775612,0.909746691947463,0.999542903650367
"PTI98_006276",4.92241394692566,1.03809360917583,0.926722641819405,1.12017723786027,0.262638241742414,0.999542903650367
"PTI98_006277",4.87558830869863,-0.802413005601008,0.942306858728523,-0.85154108576024,0.394468850409156,0.999542903650367
"PTI98_006278",3.76551670109333,-0.331945722858836,1.00505491103434,-0.330276206020641,0.741191269989504,0.999542903650367
"PTI98_006281",2.8165732095076,0.965720349688926,1.1772865989377,0.82029333431666,0.412048905392817,0.999542903650367
"PTI98_006282",2.70172949027606,0.301649184338483,1.06698080337055,0.282712850489518,0.777396964693231,0.999542903650367
"PTI98_006283",40.2625897852871,-0.0445571116873938,0.575209923520382,-0.0774623487277424,0.938255742605065,0.999542903650367
"PTI98_006289",5.11764374074879,0.724236606302481,0.97855911958427,0.740105111493075,0.459236217408898,0.999542903650367
"PTI98_006290",10.8746304621384,-0.0435505387266789,0.804625668284774,-0.0541252167849875,0.956835401601781,0.999542903650367
"PTI98_006291",24.1558976112848,0.365843577249711,0.52232394284365,0.700415101130489,0.483668108191364,0.999542903650367
"PTI98_006299",3.91879962119382,-0.889760958386858,0.915384502787058,-0.97200788922886,0.331046623775469,0.999542903650367
"PTI98_006300",1.57485190476858,-0.5882167781491,1.34731564443245,-0.436584241101781,0.662412893407988,0.999542903650367
"PTI98_006302",8.99229559843732,-0.354133880507942,0.730181465862184,-0.484994343275733,0.62768035812619,0.999542903650367
"PTI98_006304",36.8942569999404,0.377675013505237,0.496817784975635,0.760188191579654,0.447142102379677,0.999542903650367
"PTI98_006305",4.58489393605865,0.0660203030351201,0.886457789002692,0.0744765332925735,0.940631213019721,0.999542903650367
"PTI98_006312",61.5541627770301,-0.147531047035181,0.488405108104436,-0.302066961600316,0.762601017528836,0.999542903650367
"PTI98_006313",5.16474065242654,0.766391740977727,0.981154781725922,0.781111966482586,0.434736644408015,0.999542903650367
"PTI98_006314",4.05794156450645,1.06688049568577,1.07259651688239,0.994670856089271,0.319896373370734,0.999542903650367
"PTI98_006316",84.3676164090208,-0.49276939485437,0.525743630401164,-0.937280770246075,0.348614151843064,0.999542903650367
"PTI98_006317",42.6946985195698,0.0356323178837374,0.513363219926125,0.0694095651980385,0.944663615356609,0.999542903650367
"PTI98_006319",3.78659619146208,0.393301696483556,0.907193301837584,0.433536817001289,0.664624825046258,0.999542903650367
"PTI98_006321",5.57241924894828,0.982762522979908,0.859692606460472,1.14315572286487,0.252973942030908,0.999542903650367
"PTI98_006322",19.4024581272513,-0.593308223513694,0.684694658726143,-0.866529650775323,0.386199773444077,0.999542903650367
"PTI98_006324",4.88807535140771,-0.37017113683329,0.990228900663998,-0.373823806379588,0.708535406572924,0.999542903650367
"PTI98_006325",37.388413548672,0.273908358057724,0.521531001796409,0.525200529046689,0.599443797194717,0.999542903650367
"PTI98_006327",2.84446654227033,0.32874708506277,1.02917547326207,0.319427632705602,0.749402259620641,0.999542903650367
"PTI98_006329",7.7473379716308,-0.74076168325113,0.738871063007939,-1.00255879589531,0.316073784755752,0.999542903650367
"PTI98_006333",5.26232129938179,0.740343807145339,0.831267842955713,0.890620049144354,0.373133039577225,0.999542903650367
"PTI98_006334",31.8578348835661,0.0651982055226093,0.645019888684128,0.101079372382791,0.919487452623354,0.999542903650367
"PTI98_006335",6.6473176488275,0.336453279724402,0.735948167485943,0.457169804327053,0.647549000225998,0.999542903650367
"PTI98_006337",4.92883786563517,-0.688999485604804,0.842302459684441,-0.817995338471324,0.413359849046902,0.999542903650367
"PTI98_006339",84.6163313592201,0.241331713517152,0.435884517466825,0.553659751256293,0.579811725391867,0.999542903650367
"PTI98_006341",8.26062095106361,-0.865197992115605,0.781371378327627,-1.10728139795367,0.268172284389855,0.999542903650367
"PTI98_006342",7.81622067959225,0.468154787777968,0.69403090468429,0.674544583848076,0.499965150944466,0.999542903650367
"PTI98_006343",6.82133181419112,0.241086299825642,0.784215497861648,0.307423534070701,0.758521017335235,0.999542903650367
"PTI98_006345",3.26653694482815,1.15573221248754,1.01094793989549,1.14321634861536,0.252948776097789,0.999542903650367
"PTI98_006346",3.75219569491268,-0.0340308128741857,0.892025141609844,-0.0381500602245023,0.969568038049163,0.999542903650367
"PTI98_006352",1.68955379262364,0.252411717891844,1.38611333194152,0.182100346396851,0.855503976892771,0.999542903650367
"PTI98_006353",16.1137229833993,-0.230923927504308,0.60067564560543,-0.384440303504491,0.700652133419397,0.999542903650367
"PTI98_006357",2.53512975127682,0.644558361801424,1.17404631949354,0.549005904706956,0.583001397640643,0.999542903650367
"PTI98_006360",6.06479846542035,-0.0127546570247947,0.80208431998236,-0.0159018904958461,0.987312661796165,0.999542903650367
"PTI98_006361",48.2286184754784,-0.533087298765978,0.600212012247347,-0.888164994849009,0.374452005375046,0.999542903650367
"PTI98_006363",4.44087766419065,0.00992079745651457,0.867280641386152,0.011438970251496,0.990873221285176,0.999542903650367
"PTI98_006365",8.11440337221064,0.785701148758691,0.800145135940501,0.981948290962448,0.326125323390837,0.999542903650367
"PTI98_006367",3.11935571129898,0.330801344797193,1.12122678912675,0.295035177544085,0.767967007329971,0.999542903650367
"PTI98_006370",38.4771589263082,0.214876048942624,0.500693235850054,0.429157083733751,0.667808912472921,0.999542903650367
"PTI98_006372",2.98058007900758,0.231080458865767,1.11377723927217,0.207474574553862,0.835639247230685,0.999542903650367
"PTI98_006373",10.3472920146529,0.465625791849693,0.719131535733842,0.647483483497275,0.517319080634351,0.999542903650367
"PTI98_006374",15.8354877995266,-0.13935201576595,0.6167002120818,-0.225963949802349,0.821229459066336,0.999542903650367
"PTI98_006376",15.8299710656869,-0.747218070946557,0.660960984164015,-1.13050253925599,0.258264529081467,0.999542903650367
"PTI98_006377",6.98763313014851,0.207210836999558,0.730944736807425,0.283483588519429,0.776806160374946,0.999542903650367
"PTI98_006378",2.2150157962114,-1.67310493765879,1.41672320343199,-1.18096811967625,0.237615388224254,0.999542903650367
"PTI98_006380",7.27783775671122,-0.286420735378503,0.770136568220174,-0.371909018734738,0.709960590049731,0.999542903650367
"PTI98_006384",5.77937798221023,-1.01010551060251,1.19008765648377,-0.848765639320185,0.39601171344101,0.999542903650367
"PTI98_006386",5.20345605181784,-0.764134395623726,0.890069197601916,-0.858511223265009,0.390610235863012,0.999542903650367
"PTI98_006387",2.68756058549692,-0.283203259554044,1.06808909872758,-0.265149471042656,0.790894318333121,0.999542903650367
"PTI98_006400",6.11203677405107,0.552346977276811,0.778398520007271,0.709594074345942,0.477955895298551,0.999542903650367
"PTI98_006401",4.97061675201648,-0.781997237169288,0.815544156757508,-0.958865599967514,0.337626456500064,0.999542903650367
"PTI98_006402",3.14443982841403,-0.0549800404582199,0.979677866183113,-0.0561205293658676,0.955245789641008,0.999542903650367
"PTI98_006403",4.70843403942917,0.429888703332668,0.91325616515288,0.470720833579814,0.63784010481877,0.999542903650367
"PTI98_006407",5.65044370440439,-0.165972957049776,0.87127666506798,-0.19049397706161,0.848922062385968,0.999542903650367
"PTI98_006409",8.83484238629376,-0.380270723036967,0.692637171192543,-0.549018647645258,0.582992652670737,0.999542903650367
"PTI98_006410",7.34333770518715,-0.0655705645670951,0.787308009329453,-0.0832845135450118,0.933625313911677,0.999542903650367
"PTI98_006414",7.78120100709615,-0.266027546606731,0.841401735589163,-0.316171853889099,0.751872070119669,0.999542903650367
"PTI98_006415",4.7193131682361,0.178617137725327,0.883640027990772,0.202137897862626,0.839808921125358,0.999542903650367
"PTI98_006417",3.10832303314827,0.269211517939839,1.07272307706715,0.250960871165249,0.801844361503512,0.999542903650367
"PTI98_006418",4.84603313551278,-1.20529677028826,0.995144385229511,-1.21117778302118,0.225827275607347,0.999542903650367
"PTI98_006421",9.60584231197005,-0.0154281695170291,0.708122740085664,-0.0217874227780945,0.982617526976095,0.999542903650367
"PTI98_006423",392.406660148307,-0.148032867959689,0.478617277357115,-0.309292779352042,0.757098823127454,0.999542903650367
"PTI98_006424",11.0600214125249,1.24050375002217,0.898583015234093,1.3805110145544,0.167429360671472,0.999542903650367
"PTI98_006425",4.75922085110483,-0.0279237132871306,0.833457843317664,-0.0335034501276962,0.973273114573936,0.999542903650367
"PTI98_006428",21.0580073771211,0.0326835994026609,0.593967119321777,0.0550259405604484,0.956117797517834,0.999542903650367
"PTI98_006429",12.3100930026086,-0.292512346674539,0.882642179009149,-0.331405357268233,0.740338318811855,0.999542903650367
"PTI98_006430",4.96187413779415,-1.0937720643003,0.882866784004406,-1.23888686732476,0.21538739780046,0.999542903650367
"PTI98_006431",27.6163788806588,-0.566070520700336,0.493153024926154,-1.14785977594906,0.251026455799896,0.999542903650367
"PTI98_006432",20.7974519317992,-0.238039338676474,0.60881068687133,-0.390990736216795,0.695804083350232,0.999542903650367
"PTI98_006433",9.76067495014647,-0.153081314525322,0.673022799928258,-0.227453385742117,0.820071212090864,0.999542903650367
"PTI98_006434",10.3027426719543,0.228844669220026,0.705827856099648,0.324221645890549,0.745770235412297,0.999542903650367
"PTI98_006435",3.86545331015873,0.833998577602091,0.972310402207096,0.8577493110317,0.391030904834315,0.999542903650367
"PTI98_006436",104.35324762223,-0.471169871252249,0.627685867267809,-0.75064597726751,0.452865743139898,0.999542903650367
"PTI98_006437",30.3824036968448,-1.8380811056907,0.789955532148611,-2.32681591670265,0.0199750648992582,0.999542903650367
"PTI98_006439",85.923460901945,-0.494597617685339,0.486681836137338,-1.01626479757459,0.309503307159562,0.999542903650367
"PTI98_006440",5.40049357417801,1.00903890840545,0.83452530566732,1.20911720897257,0.226617818674311,0.999542903650367
"PTI98_006441",89.4957628885577,-0.0844289882747007,0.437113655060697,-0.193151111380808,0.846840625141075,0.999542903650367
"PTI98_006442",2.66734600418119,0.57025143174714,1.08644355294682,0.524879024041717,0.599667292044851,0.999542903650367
"PTI98_006443",10.42788629125,-0.502625684723387,0.663479590056587,-0.757560130343299,0.44871435586478,0.999542903650367
"PTI98_006445",9.7053872823447,0.500433613980826,0.780693311151436,0.641011786360436,0.521515025294567,0.999542903650367
"PTI98_006446",5.06671484031002,0.329634065684998,1.15946054825664,0.284299509958002,0.776180861653379,0.999542903650367
"PTI98_006449",71.0460307597508,-0.499557279081001,0.574386619604326,-0.869723043731637,0.384451775957235,0.999542903650367
"PTI98_006450",7.38421732651097,-0.575004582355163,0.82827046188861,-0.694223214291678,0.487542236494758,0.999542903650367
"PTI98_006452",4.2866061345391,0.330808655781357,1.06562582330966,0.310436035374894,0.756229394493465,0.999542903650367
"PTI98_006453",10.3308879482647,-0.175167844956177,0.682549182471725,-0.256637689201882,0.797458477403247,0.999542903650367
"PTI98_006457",12.9353355902021,-0.262970206530896,0.634948812462243,-0.414159695032949,0.678757157178602,0.999542903650367
"PTI98_006458",21.7722879533391,0.44355252869361,0.67398430881239,0.658105126327321,0.510470582050322,0.999542903650367
"PTI98_006461",2.7718366912192,-1.09417522019948,1.10717891274017,-0.98825511180618,0.32302772332721,0.999542903650367
"PTI98_006462",4.13945714739817,-0.428022370243845,0.924524349715007,-0.462964950978075,0.643389490008458,0.999542903650367
"PTI98_006464",2.93832527313863,-0.0951970531075332,1.1181046578859,-0.0851414511478119,0.932148936677507,0.999542903650367
"PTI98_006465",9.5612529098577,0.396203858171453,0.693962534111635,0.570929752970954,0.56804726157561,0.999542903650367
"PTI98_006468",4.69706413848635,0.781332811681142,1.01025665062386,0.773400314859247,0.439285503694582,0.999542903650367
"PTI98_006470",67.9449539341447,-1.98510528140244,0.8381795034955,-2.36835340535513,0.0178674595597671,0.999542903650367
"PTI98_006471",14.312794202211,-0.357310885775416,0.610197540902244,-0.585565922221011,0.558167254416745,0.999542903650367
"PTI98_006472",7.59959680764092,-0.248587493737698,0.769203547041885,-0.32317517865549,0.746562577722095,0.999542903650367
"PTI98_006476",7.46633170843741,-0.701966949873844,0.790010141032332,-0.888554353184075,0.374242632389711,0.999542903650367
"PTI98_006477",21.5469182663591,0.627812916505846,0.799646514056183,0.785113053668281,0.432387286856873,0.999542903650367
"PTI98_006484",5.63552579351955,0.295403903040881,0.81615301144685,0.361946716973082,0.71739184824429,0.999542903650367
"PTI98_006486",5.41325047460744,0.537971676371966,0.977908070275784,0.550124999193687,0.58223364111327,0.999542903650367
"PTI98_006492",2.77688843453132,-0.0695847032647304,1.11088537965872,-0.062638958563041,0.950054005867621,0.999542903650367
"PTI98_006496",3.31181861621396,0.746118494363671,1.11187397020898,0.671045922788748,0.502191275002284,0.999542903650367
"PTI98_006499",8.64917219744315,1.87511652806333,1.00310707925206,1.86930843859807,0.0615799147716413,0.999542903650367
"PTI98_006501",42.8985356403955,0.0303839264048869,0.643791296942573,0.0471953046727769,0.962357569682366,0.999542903650367
"PTI98_006503",20.412314426707,-0.220444435787669,0.61898099681251,-0.356140878189903,0.721735065156569,0.999542903650367
"PTI98_006504",5.0011646954347,-0.277703627902653,0.998128120601173,-0.278224430482323,0.780840082131835,0.999542903650367
"PTI98_006505",2.40668261846441,-0.918318453615911,1.27995143337149,-0.717463514374906,0.473088141405266,0.999542903650367
"PTI98_006508",1.71177004058219,1.07345797841485,1.38884306845413,0.772915243483687,0.439572542728695,0.999542903650367
"PTI98_006509",7.80356498448356,-0.386061864152372,0.759386697436083,-0.508386393198397,0.611182393300306,0.999542903650367
"PTI98_006510",5.51360360130296,-0.16369259579551,0.829120036272787,-0.197429308947075,0.843491595741988,0.999542903650367
"PTI98_006513",12.6076794576978,-0.217355411862477,0.610028290833813,-0.356303822508602,0.721613046982147,0.999542903650367
"PTI98_006515",7.0400051626277,-0.435234728981631,0.764290262303923,-0.56946261184806,0.569042236679289,0.999542903650367
"PTI98_006520",19.6913050461419,0.159118957344789,0.60263092226022,0.264040478951859,0.791748727506511,0.999542903650367
"PTI98_006521",12.6030540945468,0.850800631755534,0.750413802945734,1.13377529626419,0.256888815919384,0.999542903650367
"PTI98_006523",4.10227104966228,0.414233783202582,0.900530264862862,0.459988741484068,0.64552430166574,0.999542903650367
"PTI98_006524",4.52460884411151,-0.738657525006063,0.964902759179361,-0.765525352662773,0.443958775612922,0.999542903650367
"PTI98_006526",3.50845990130189,-0.0253172831998732,1.0022245988798,-0.0252610874131115,0.979846711764683,0.999542903650367
"PTI98_006529",5.67545809044537,-0.378690466253242,0.814336063697397,-0.46502971332725,0.641910178355123,0.999542903650367
"PTI98_006530",13.6856545560213,0.845157987011175,0.749935311500832,1.12697451906855,0.259753254479153,0.999542903650367
"PTI98_006532",10.8525160049289,0.136116945788311,0.694597736017718,0.1959651446155,0.844637447575218,0.999542903650367
"PTI98_006533",9.53544835871105,-0.72139996378701,0.785465167497463,-0.918436607552479,0.358390332781518,0.999542903650367
"PTI98_006534",38.9807567695335,-1.10267074961105,0.680533762326797,-1.62030278386326,0.105167251205954,0.999542903650367
"PTI98_006535",8.2621140796575,0.748865077036218,0.787292141108492,0.951190845093196,0.341507504939262,0.999542903650367
"PTI98_006536",5.94052607631964,0.633093656977128,0.81710945737913,0.774796633743255,0.438459838733579,0.999542903650367
"PTI98_006538",4.96572723031487,0.967755957229176,0.988141295463141,0.979370016891754,0.327397186268953,0.999542903650367
"PTI98_006539",3.10632466052521,-0.633513565462825,0.985601950482505,-0.642768173452463,0.52037453744487,0.999542903650367
"PTI98_006540",6.0159974996153,0.340134699337469,0.843603674487138,0.403192529411694,0.686806595021933,0.999542903650367
"PTI98_006541",40.7594162854242,-0.0745524258854708,0.635161716225754,-0.117375502932505,0.90656249569796,0.999542903650367
"PTI98_006542",3.67969748817924,-0.490807805927216,0.952065867467616,-0.515518750013282,0.606190570696284,0.999542903650367
"PTI98_006545",3.19704893722653,0.82991407171868,0.997838671449574,0.831711673905214,0.405571709710851,0.999542903650367
"PTI98_006546",2.96800684901852,-0.568948750927068,1.1177533895189,-0.509010982442157,0.610744526094416,0.999542903650367
"PTI98_006549",2.80961688679702,1.47820290971629,1.20842495038979,1.22324759120496,0.221236195330403,0.999542903650367
"PTI98_006550",4.4706478351339,-0.891799208538448,0.986688826111869,-0.903830250163731,0.366085418806144,0.999542903650367
"PTI98_006555",2.94910764649619,1.40907495982542,1.12362950846445,1.2540387638547,0.209827916148594,0.999542903650367
"PTI98_006556",10.9526410831892,0.124881088998499,0.681076159456789,0.18335847946594,0.854516752092778,0.999542903650367
"PTI98_006565",32.9874241333339,-0.601858067467015,0.727485064791001,-0.827313296995208,0.408059509007206,0.999542903650367
"PTI98_006566",3.38588885766596,0.524372549205086,1.05885760447533,0.495224803589067,0.620441444001737,0.999542903650367
"PTI98_006570",6.25667993989358,-0.464670650024144,0.974827462479482,-0.476669634277896,0.633597389149404,0.999542903650367
"PTI98_006571",15.196507880758,0.108720916273913,0.585598974666499,0.185657627450304,0.852713258918892,0.999542903650367
"PTI98_006572",21.5836494500421,0.497303481582957,0.633701023373158,0.784760420514765,0.432594050040137,0.999542903650367
"PTI98_006574",13.6578982376174,0.732137798044169,0.829550703052388,0.88257148761398,0.377467839369766,0.999542903650367
"PTI98_006575",10.2079263043341,-0.0915544917592952,0.67532556416476,-0.135570895901933,0.892160514694471,0.999542903650367
"PTI98_006576",8.12780749620156,0.15843137659057,0.742832222360998,0.213280161820412,0.831108446152578,0.999542903650367
"PTI98_006578",3.94373651876574,-0.239666618920958,0.956305234482057,-0.250617282306066,0.802110018722684,0.999542903650367
"PTI98_006580",3.01370821932224,0.414022377765057,1.16626122662918,0.354999693303443,0.722589820997166,0.999542903650367
"PTI98_006583",41.5962946289503,0.179543920433114,0.514606734532455,0.348895396008058,0.727167841718396,0.999542903650367
"PTI98_006585",10.132287476891,-0.602311286850931,0.82142434197187,-0.733252298568426,0.463404562970366,0.999542903650367
"PTI98_006586",7.52466657833148,0.0369850560060566,0.714207796913719,0.0517847273102853,0.958700225063343,0.999542903650367
"PTI98_006588",4.44157440485623,-1.20525143707194,0.964267041444595,-1.24991458306645,0.211330751649081,0.999542903650367
"PTI98_006592",5.66388985250504,-1.04387206062943,0.85709639560748,-1.21791675473045,0.223255608521546,0.999542903650367
"PTI98_006593",4.66465838122855,0.940115657819711,0.96911703287676,0.970074434693445,0.332009391098666,0.999542903650367
"PTI98_006595",5.21132241253838,1.1014664865431,0.957743133661751,1.15006461318271,0.2501172598675,0.999542903650367
"PTI98_006597",9.27411908330017,-0.0999613226297765,0.712953444077087,-0.140207363412313,0.888496154213487,0.999542903650367
"PTI98_006607",3.94474596060074,0.094310591609062,0.965952782444365,0.0976347843529234,0.922222302530232,0.999542903650367
"PTI98_006610",9.36355061996064,0.138520959997485,0.644290328842496,0.214997732848708,0.829769086155725,0.999542903650367
"PTI98_006611",14.093815562986,0.307022737785469,0.713991673232387,0.430008849256623,0.667189204013189,0.999542903650367
"PTI98_006613",3.3007793622188,-1.07622912016037,1.000865164381,-1.07529880993109,0.282240968856417,0.999542903650367
"PTI98_006614",4.56676973239607,-0.553779306944686,1.00577415344712,-0.550600057723396,0.581907869292073,0.999542903650367
"PTI98_006615",13.2551261306022,-0.947643749037015,0.879221448454006,-1.07782146432315,0.281113438740454,0.999542903650367
"PTI98_006620",4.32426802338736,1.15985841544236,0.982871100566436,1.18007174569883,0.23797168097134,0.999542903650367
"PTI98_006621",4.51998975045182,-0.410008853928512,0.907884052650117,-0.451609269632719,0.651550490943491,0.999542903650367
"PTI98_006624",4.76940301899819,-0.389366117015901,0.903296812242974,-0.431050028892571,0.666431994164266,0.999542903650367
"PTI98_006626",3.2758770223691,0.00648327980621759,1.00115847881162,0.00647577775489977,0.994833113023035,0.999542903650367
"PTI98_006630",7.08140187578021,0.291286097271216,0.801687029334978,0.363341412063066,0.716349861693543,0.999542903650367
"PTI98_006631",4.87388631620274,1.11548722857808,1.00472678206942,1.11023936903576,0.266895892163603,0.999542903650367
"PTI98_006633",10.2375633183963,-0.270744722697166,0.701831789195207,-0.385768679711174,0.699667993158861,0.999542903650367
"PTI98_006634",3.90473215227575,0.576859404995307,1.01646396308819,0.56751584507011,0.570363764454679,0.999542903650367
"PTI98_006635",2.33349003888727,0.150886949594981,1.22188879172604,0.12348664675272,0.901721747707723,0.999542903650367
"PTI98_006637",6.30092190199847,0.1521331826535,0.842051929450755,0.180669596889033,0.856626924195489,0.999542903650367
"PTI98_006638",3.33143923122601,0.254564610909066,1.05136218977478,0.242128367735573,0.808680697795159,0.999542903650367
"PTI98_006639",7.92270792360349,-0.139400620661165,0.772133483069844,-0.180539535867473,0.85672901915736,0.999542903650367
"PTI98_006640",4.50029857908351,1.55223457550768,0.943611040424627,1.64499408019768,0.0999710318754252,0.999542903650367
"PTI98_006641",6.37804484389461,-0.171030990399289,0.736473763028358,-0.232229576918008,0.816359706560857,0.999542903650367
"PTI98_006642",13.7536000271092,0.17358348636768,0.642641495745714,0.270109365045366,0.787076117547496,0.999542903650367
"PTI98_006643",13.9158521470743,-1.10576817718991,0.825237395592704,-1.33993949267862,0.180265017268334,0.999542903650367
"PTI98_006644",5.98908936600716,0.772590102580535,0.8866317189746,0.871376565992974,0.383548576751099,0.999542903650367
"PTI98_006645",4.67768716964858,0.621691444744476,0.938018041240741,0.662771308664968,0.507477031772066,0.999542903650367
"PTI98_006647",3.3275192521508,0.611119375790126,1.07649581463975,0.567693220428019,0.570243295829514,0.999542903650367
"PTI98_006648",2.93146334999412,-0.631070008107467,0.99088106629723,-0.636877653203808,0.524204539862587,0.999542903650367
"PTI98_006650",3.11353485896777,0.366911473335233,1.02178426218593,0.3590889847435,0.719528521731692,0.999542903650367
"PTI98_006651",13.2016823038535,0.684341127294353,0.666939149423617,1.02609230225242,0.304848078371028,0.999542903650367
"PTI98_006652",4.3713339792767,-0.112719623876878,0.865163374715021,-0.130287096253939,0.896339288747833,0.999542903650367
"PTI98_006654",10.3036467853749,0.256390796661471,0.664190656854402,0.386019878502558,0.699481946765178,0.999542903650367
"PTI98_006655",4.44382053193453,-0.25330516343165,0.852586195120559,-0.297102116925353,0.766388548232557,0.999542903650367
"PTI98_006656",3.51360456764922,1.12972861886687,1.06128490257981,1.06449136901947,0.287106162267095,0.999542903650367
"PTI98_006657",12.5918970796721,1.14156808940541,0.918717260082069,1.24256736975142,0.214027300376682,0.999542903650367
"PTI98_006658",9.35622684065516,-0.305874498035512,0.739494728939709,-0.413626339803769,0.679147780059678,0.999542903650367
"PTI98_006659",5.38132189847042,0.249941654741951,0.87548663132177,0.285488830782716,0.775269660264206,0.999542903650367
"PTI98_006660",2.74509721591025,0.332060123250978,1.12401889168278,0.295422190594901,0.767671383716459,0.999542903650367
"PTI98_006666",7.67552296093888,0.1227560950047,0.816636355178534,0.15031916498239,0.88051281331391,0.999542903650367
"PTI98_006667",26.3814451270816,0.329433213331151,0.579418673362644,0.568558157470646,0.569656027433809,0.999542903650367
"PTI98_006668",13.5769529287689,0.694135419483734,0.679608215216695,1.02137585147114,0.307076401907615,0.999542903650367
"PTI98_006670",2.50804953846003,1.15436695650071,1.09753818310269,1.05177840213028,0.292901230333894,0.999542903650367
"PTI98_006671",4.26115202081205,0.405517361787374,0.870506392667464,0.465840762575862,0.64132948523568,0.999542903650367
"PTI98_006672",133.39732697674,-0.610439290628072,0.40427429894563,-1.5099631419067,0.131052829368146,0.999542903650367
"PTI98_006676",7.95795305545696,0.476986458762714,0.772630744502003,0.617353712827146,0.537001445506962,0.999542903650367
"PTI98_006677",4.77189457561596,-0.442402643858946,1.08182775382078,-0.408940002044204,0.682583692015136,0.999542903650367
"PTI98_006678",8.99261534286472,1.06630845165801,0.699951100459223,1.52340420774884,0.127657609957515,0.999542903650367
"PTI98_006682",225.765904019172,0.68670112540409,0.64226068615801,1.06919377163177,0.28498236465651,0.999542903650367
"PTI98_006684",5.3400662805756,0.174854802491045,0.81900423463645,0.213496823454963,0.83093946652346,0.999542903650367
"PTI98_006685",10.5391220169463,0.830520408896553,0.682134229052542,1.2175322297638,0.223401781528662,0.999542903650367
"PTI98_006686",3.37792302526162,-0.0640128842461917,1.09560952687938,-0.0584267320388488,0.953408722050563,0.999542903650367
"PTI98_006688",17.8156365195315,-0.166952530649338,0.693639451828633,-0.240690650177413,0.809794886050641,0.999542903650367
"PTI98_006689",4.36820658499351,-0.00827460456685033,0.956102492387885,-0.00865451626026446,0.993094781295722,0.999542903650367
"PTI98_006690",3.64297756635305,-0.547960544210009,0.93225802518106,-0.587777771184738,0.55668146624516,0.999542903650367
"PTI98_006692",2.4854426005476,0.679945488406015,1.07600309839926,0.631917779249476,0.527440605011937,0.999542903650367
"PTI98_006694",2.74138845285625,1.07790273381378,1.10729358647464,0.973457037031677,0.330326203065562,0.999542903650367
"PTI98_006695",7.26886229049709,0.722805177062026,0.821406583434048,0.879960292064133,0.378880820827692,0.999542903650367
"PTI98_006698",3.34053922461574,-1.00688731418203,1.09513940103137,-0.919414745952687,0.357878679293358,0.999542903650367
"PTI98_006699",16.69560029957,-0.43718509259077,0.67809545589764,-0.644724999686127,0.51910541253917,0.999542903650367
"PTI98_006703",7.90281991511453,-0.382985197791235,0.850976568447037,-0.45005375234967,0.652671682701906,0.999542903650367
"PTI98_006704",11.0582539211574,-0.604510898018368,0.69047484759198,-0.875500244688985,0.381301777141871,0.999542903650367
"PTI98_006706",4.27055663491143,0.696091175798957,0.886189527716064,0.785487927839727,0.432167545623623,0.999542903650367
"PTI98_006707",5.18536348745675,0.577975708217423,0.847189792156838,0.682226950286983,0.495095455854718,0.999542903650367
"PTI98_006708",2.83091869703755,0.346058046029003,1.03766160573318,0.333497976717071,0.738758416470845,0.999542903650367
"PTI98_006710",14.0405103180952,-0.191968961279,0.59909953742303,-0.320429159576281,0.74864302374122,0.999542903650367
"PTI98_006712",3.46952158339448,-0.470444924356115,1.01572134483878,-0.463163373248581,0.643247267630296,0.999542903650367
"PTI98_006713",13.9130126598939,-0.203141713441845,0.665457305267904,-0.305266336147685,0.760163312876934,0.999542903650367
"PTI98_006714",20.9993728671533,0.24301098761506,0.583437814677748,0.416515661997813,0.67703270916637,0.999542903650367
"PTI98_006719",14.8715788450678,0.622739378114549,0.796853987612019,0.781497473559429,0.434509962066108,0.999542903650367
"PTI98_006722",6.13060969317297,0.616115491126246,0.876416929837013,0.702993598310367,0.482059738985036,0.999542903650367
"PTI98_006728",3.77493871468857,0.812603905578635,1.07345313923912,0.756999887442336,0.449049929891236,0.999542903650367
"PTI98_006730",6.62463019513184,-1.04963588983882,0.924764028355418,-1.13503105403599,0.256362307219259,0.999542903650367
"PTI98_006731",9.21074924219368,0.171384244298837,0.681788961657771,0.251374331262443,0.801524711368879,0.999542903650367
"PTI98_006733",3.24060754878691,0.558424860215986,1.12630565060853,0.495802236199629,0.620033947007481,0.999542903650367
"PTI98_006734",4.34518571672543,0.262957075803323,0.86526510712476,0.30390347841151,0.761201427666652,0.999542903650367
"PTI98_006735",7.69299575639569,-0.39236343852207,0.832134412980146,-0.47151449621809,0.637273370181685,0.999542903650367
"PTI98_006736",19.2824479629099,0.64185735477304,0.602610356373147,1.06512831713697,0.286817866520042,0.999542903650367
"PTI98_006737",5.92979208388109,-0.752299457596674,0.864962374728672,-0.869748187408337,0.384438032057523,0.999542903650367
"PTI98_006738",4.58201202503827,0.102919454271186,0.984059968229282,0.104586567479601,0.916703873843458,0.999542903650367
"PTI98_006741",2.32464302249549,-0.484672106221219,1.35079353181341,-0.358805468642241,0.719740621337867,0.999542903650367
"PTI98_006753",11.4641787211096,0.39109236022449,0.684387555335484,0.571448672868953,0.567695543612434,0.999542903650367
"PTI98_006756",110.513993706224,0.420719387538084,0.60349786302419,0.697134842250834,0.48571841108127,0.999542903650367
"PTI98_006760",19.7335738422561,0.270955313586968,0.599666226963265,0.451843544631648,0.651381697471812,0.999542903650367
"PTI98_006761",4.23064618325502,-0.0580327642289441,0.940231658749394,-0.0617217721706305,0.9507844013385,0.999542903650367
"PTI98_006764",11.8748460951972,0.879729085460308,0.749722872745033,1.17340569087785,0.240633156177682,0.999542903650367
"PTI98_006766",7.4676617759842,0.80101692683434,0.723568666539553,1.10703650375738,0.268278146186913,0.999542903650367
"PTI98_006771",2.08363739842428,-0.691285411832393,1.28927485161831,-0.536181568239451,0.591833070805405,0.999542903650367
"PTI98_006772",8.33334222404239,0.484440594215126,0.962052337142735,0.503549105918602,0.614578264444767,0.999542903650367
"PTI98_006773",16.2642250619474,1.32469884531324,0.8707277287458,1.52136977103204,0.128167070325621,0.999542903650367
"PTI98_006776",2.48332161868304,-1.28800220671558,1.25859059152204,-1.02336869144872,0.306133556673051,0.999542903650367
"PTI98_006779",5.28514190969583,-0.0288610553209589,0.97026531973041,-0.0297455291187549,0.976270000984848,0.999542903650367
"PTI98_006781",8.04019516849671,-0.374424885068628,0.760423897125767,-0.492389687493871,0.622443888099331,0.999542903650367
"PTI98_006784",5.87766753531312,-0.271101817232909,1.00833845830198,-0.268859939835519,0.788037465570852,0.999542903650367
"PTI98_006785",95.8570497075088,-0.223406894361279,0.493634842409269,-0.452575213838034,0.650854650077776,0.999542903650367
"PTI98_006786",27.2695317510774,0.674628057815277,0.523988544261573,1.28748627275047,0.197924851187904,0.999542903650367
"PTI98_006788",4.0567990337795,0.463875724276686,0.933545977832232,0.496896494968402,0.619262043344822,0.999542903650367
"PTI98_006790",6.91719530286331,0.00703488895908302,0.799813511451842,0.00879566156154716,0.992982167925643,0.999542903650367
"PTI98_006794",4.7173072565295,1.09462049673063,1.00767035100108,1.08628828430167,0.277351468670241,0.999542903650367
"PTI98_006796",6.6322333878527,0.190071697774296,0.865128816403613,0.219703348415135,0.826102196723809,0.999542903650367
"PTI98_006797",2.38713573217756,0.981825945794402,1.21157995133706,0.810368267245499,0.417728550208855,0.999542903650367
"PTI98_006800",59.0122301471531,0.32431875203503,0.58862397147921,0.550977819031083,0.581648879939548,0.999542903650367
"PTI98_006801",2.60030116247598,-0.534248750400165,1.10499137686543,-0.483486805042488,0.628750126465111,0.999542903650367
"PTI98_006808",12.7714709640535,0.337122938821254,0.98221560674425,0.343227023177442,0.731427676544648,0.999542903650367
"PTI98_006809",3.86248149812709,0.233962613002677,0.979297942201429,0.238908510801868,0.811176525971662,0.999542903650367
"PTI98_006811",5.29575397423038,-0.41785309442276,1.08018184388391,-0.386835880262832,0.698877712558044,0.999542903650367
"PTI98_006812",1.86803116157744,0.420427344357951,1.46353010205317,0.28726935221089,0.773906087493155,0.999542903650367
"PTI98_006817",4.0531230017422,0.762897454951818,0.887833743566072,0.859279634819425,0.390186257073329,0.999542903650367
"PTI98_006819",34.1986377864585,0.457232938574946,0.602627656487152,0.758732085480871,0.448012839271381,0.999542903650367
"PTI98_006822",4.30607293442471,-0.542349172992643,1.06157282673045,-0.510892102111383,0.60942661178438,0.999542903650367
"PTI98_006824",10.2287164264296,1.57548736536731,0.874087968324031,1.80243570722995,0.0714768815247435,0.999542903650367
"PTI98_006829",2.79010302875345,0.253413347458772,1.36321465427341,0.185893943161754,0.852527932074016,0.999542903650367
"PTI98_006835",3.44996500135651,0.215221978486836,0.938979979843958,0.229208271855383,0.818707043701897,0.999542903650367
"PTI98_006836",14.6306334483806,0.165841007192725,0.68393820851453,0.2424795180736,0.808408625591043,0.999542903650367
"PTI98_006837",12.366984907346,-0.377161860278668,0.735714588331233,-0.512646977864278,0.608198285399729,0.999542903650367
"PTI98_006838",11.976263163635,0.154286437981974,0.666440106727799,0.231508332743531,0.816919912666354,0.999542903650367
"PTI98_006839",17.7761141139241,0.345077299455048,0.689021937578296,0.5008219341577,0.61649644738861,0.999542903650367
"PTI98_006845",10.7676646242749,-0.0587715515716267,0.693127661262228,-0.084791813768621,0.932426901769081,0.999542903650367
"PTI98_006846",3.08868145607867,0.304624193970677,1.15885622735293,0.262866252758983,0.79265366819709,0.999542903650367
"PTI98_006850",8.46861295786738,0.344391684324855,0.716404639037579,0.480722297928602,0.630713881282497,0.999542903650367
"PTI98_006861",27.9488362132762,-0.0124465330424442,0.704069763762949,-0.0176779826134315,0.985895745233051,0.999542903650367
"PTI98_006864",26.6325063190431,0.186377928149622,0.517333204129244,0.360266703667952,0.718647696480965,0.999542903650367
"PTI98_006867",11.4938169997619,0.969135750226757,0.837388088818347,1.15733166397712,0.247136881624643,0.999542903650367
"PTI98_006872",11.0222587177685,0.0737434559407023,0.755387820964582,0.0976233053989891,0.922231417865579,0.999542903650367
"PTI98_006878",24.8872171198307,0.0611794663167832,0.585021645007764,0.104576414973452,0.91671193019337,0.999542903650367
"PTI98_006883",7.27300065757633,-0.104834814262182,0.760708844285744,-0.137812009219658,0.890388992941554,0.999542903650367
"PTI98_006886",6.84271443673384,0.623439380967606,0.812549052383745,0.767263685975197,0.442924754594126,0.999542903650367
"PTI98_006887",8.9402794205907,0.255880951471793,0.683117352591664,0.37457832172029,0.707974097874325,0.999542903650367
"PTI98_006888",9.1771770237395,-0.139027147857728,1.03565332854159,-0.134241009058027,0.89321199882712,0.999542903650367
"PTI98_006889",2.78274359164586,-0.403299566312169,1.1345443384216,-0.35547272385427,0.722235475565451,0.999542903650367
"PTI98_006896",3.76265420424055,1.2709007381586,1.20099404965706,1.05820735624919,0.289960918261019,0.999542903650367
"PTI98_006897",3.2195483356913,-0.0773968027743762,1.01393790451806,-0.0763328823486133,0.939154265818979,0.999542903650367
"PTI98_006904",16.6952588651432,-0.230576786917994,0.753486134204011,-0.306013311262293,0.759594510733878,0.999542903650367
"PTI98_006906",17.8919713008445,-0.0800967475676369,0.603733617865134,-0.132669020239203,0.894455144508424,0.999542903650367
"PTI98_006907",5.61727498994163,-0.102487636308343,0.971914460777064,-0.105449234932056,0.916019349974521,0.999542903650367
"PTI98_006913",2.84311854969026,-0.0550869492539855,1.0440411336226,-0.0527631981920534,0.957920584223152,0.999542903650367
"PTI98_006915",53.4763559540633,0.314658947116826,0.497320433357624,0.632708664296033,0.526923910787741,0.999542903650367
"PTI98_006916",5.13115986562237,0.444534306021025,0.855095655776623,0.519865003427348,0.603157668985855,0.999542903650367
"PTI98_006917",4.47540395035278,0.114743485263933,0.844381291013183,0.135890605920758,0.891907761974694,0.999542903650367
"PTI98_006918",11.1555180930783,-0.353863345180909,0.993131788818247,-0.356310561362637,0.721608000854604,0.999542903650367
"PTI98_006919",9.59998374049135,0.582752783241611,0.684972961053208,0.850767572409831,0.394898478411798,0.999542903650367
"PTI98_006920",2.24383292222293,0.296502734803919,1.23959372470953,0.239193478390186,0.810955559405937,0.999542903650367
"PTI98_006923",7.2301570304497,-0.127811608732264,0.847630103736905,-0.150787009768515,0.880143733798512,0.999542903650367
"PTI98_006928",2.7182751370308,0.365248922001357,1.17918265081312,0.309747537202566,0.756752949885221,0.999542903650367
"PTI98_006929",4.28806381093086,0.18483242734791,0.959608759343205,0.192612276147226,0.847262629986873,0.999542903650367
"PTI98_006931",2.61044897123479,-0.0399353144056502,1.10250671029704,-0.0362222869327397,0.971105115246048,0.999542903650367
"PTI98_006932",9.3683339666777,0.205306611162405,0.702800863490648,0.292126293275587,0.770190063930197,0.999542903650367
"PTI98_006933",4.13269587191278,-1.02351340247614,0.923455918140949,-1.10835112144456,0.267710205469446,0.999542903650367
"PTI98_006935",3.55101832315949,-2.85757937355028,1.18046845830333,-2.42071641427626,0.0154899560092928,0.999542903650367
"PTI98_006936",7.98859424358375,-0.60178801120644,0.821545940072223,-0.732506828715551,0.463859276267348,0.999542903650367
"PTI98_006937",4.86662525024196,-0.489157880931199,0.780505538563909,-0.626719295075375,0.530843253633837,0.999542903650367
"PTI98_006938",2.30529779036377,1.70463691630517,1.1558198682802,1.47482922130556,0.140258462957564,0.999542903650367
"PTI98_006943",13.3038065965271,0.408640291766389,0.66410258136291,0.615327064273344,0.538338747670787,0.999542903650367
"PTI98_006949",1.98960285887405,-0.771734645105261,1.32205078897725,-0.583740542753493,0.559394885971274,0.999542903650367
"PTI98_006950",63.2145068299924,0.575659619505143,0.49874801061039,1.15420935474133,0.248414348248142,0.999542903650367
"PTI98_006951",3.73570123708885,0.0744539500006431,0.978898891646922,0.0760588765969283,0.939372257049703,0.999542903650367
"PTI98_006952",3.02508610203251,-0.479628285633884,0.999615062440474,-0.479812983672848,0.631360379775875,0.999542903650367
"PTI98_006958",36.4613738683635,-0.526178682598781,0.627046463148231,-0.839138267293591,0.40139172423499,0.999542903650367
"PTI98_006964",4.34756985321074,0.165187137110657,0.907303631520383,0.182063789201251,0.855532665777167,0.999542903650367
"PTI98_006966",4.00205904091263,-1.19370947357432,0.88100560192017,-1.35493970863818,0.175436766930191,0.999542903650367
"PTI98_006969",5.89968128110391,0.302013299569872,0.772291980006339,0.391061033117802,0.695752122750112,0.999542903650367
"PTI98_006975",7.96478423828953,0.771848281679505,0.698097991997048,1.10564460939284,0.26888037345894,0.999542903650367
"PTI98_006977",15.8397395414267,-0.576218457024866,0.596835464479984,-0.965456128728741,0.334316399761688,0.999542903650367
"PTI98_006979",8.85404571012955,0.0397969423037776,0.714133424505894,0.0557276006669383,0.955558811510339,0.999542903650367
"PTI98_006980",5.64053854782912,0.830047325519487,0.924618753039201,0.897718462654083,0.369335663937053,0.999542903650367
"PTI98_006981",9.72438119677195,0.286659857863826,0.646353731537865,0.443503060130525,0.657401906284854,0.999542903650367
"PTI98_006982",3.65067788732977,-0.0984050587296906,0.919988507115929,-0.106963356572987,0.914818050147029,0.999542903650367
"PTI98_006983",14.1140523316822,-0.170278611759781,0.68729742666425,-0.247750981094482,0.804327084018827,0.999542903650367
"PTI98_006984",3.95956169535623,0.662414873607511,0.92600334562958,0.715348250882551,0.474393880517123,0.999542903650367
"PTI98_006987",4.26394899312725,0.97913776146285,0.957768104387708,1.02231193226966,0.30663328750794,0.999542903650367
"PTI98_006989",3.76666290773657,-0.195545931803909,0.938996542173515,-0.208249895522804,0.835033851486925,0.999542903650367
"PTI98_006991",2.15853421394617,-0.304079468501355,1.30178284679705,-0.233586937521509,0.815305669588146,0.999542903650367
"PTI98_006994",3.98752580560262,0.329945696988774,0.917685753402948,0.359541047428572,0.719190376374618,0.999542903650367
"PTI98_006996",6.19561059552549,0.03602540781136,0.81133962046954,0.0444023771334022,0.96458366684098,0.999542903650367
"PTI98_007001",3.35297932029498,-0.435057262111425,1.10527474532467,-0.393619110498746,0.69386226983385,0.999542903650367
"PTI98_007009",4.95271672516784,-1.11108791664385,0.916195306456802,-1.21271950294175,0.225237080695784,0.999542903650367
"PTI98_007010",3.57205887169626,-0.607792286813627,1.05666900484492,-0.57519647498587,0.565158426519639,0.999542903650367
"PTI98_007014",9.88228854416598,-0.177101386899111,0.733124158893265,-0.241570796366152,0.809112753072571,0.999542903650367
"PTI98_007018",9.31674485390354,0.92781229135165,0.788784391825631,1.17625589573881,0.239492634291734,0.999542903650367
"PTI98_007023",3.59817119371069,-1.74027676129857,0.958936951552604,-1.81479789519103,0.069554973995256,0.999542903650367
"PTI98_007028",15.8163060672233,0.171946972680157,0.790418463525441,0.217539165157195,0.827788188322836,0.999542903650367
"PTI98_007032",4.13377728615597,-0.353135289640214,1.00473512714516,-0.351471029627091,0.72523500286041,0.999542903650367
"PTI98_007034",2.49779598258639,-0.163256328292077,1.08294415343592,-0.150752305900636,0.880171110546771,0.999542903650367
"PTI98_007035",4.23836247079273,1.47640289300842,1.0147480983529,1.45494521783767,0.145684428174137,0.999542903650367
"PTI98_007036",15.2738833585728,-0.719744563066462,0.749265547279644,-0.960600104568582,0.336753276096191,0.999542903650367
"PTI98_007037",3.54184543050648,-0.328296534717559,1.06388054225011,-0.308584020178818,0.757637978051775,0.999542903650367
"PTI98_007038",8.54690188666366,0.599917779731613,0.684444331758784,0.876503393913765,0.380756432154237,0.999542903650367
"PTI98_007041",24.5157148287355,0.479946757473643,0.642854140869566,0.746587331341501,0.455312697909631,0.999542903650367
"PTI98_007042",4.74182587493796,-0.55877402594268,0.943703026761422,-0.592107909052987,0.553778331085862,0.999542903650367
"PTI98_007043",4.21176745548455,1.4282612630131,0.913499667110556,1.56350496276672,0.117933869311293,0.999542903650367
"PTI98_007047",10.4477935581677,-0.333844398248698,0.680979916525597,-0.490241180609251,0.623963243554372,0.999542903650367
"PTI98_007060",5.92190113674078,0.378905229017883,0.880366626718322,0.430394812250324,0.666908468405549,0.999542903650367
"PTI98_007067",7.89183685317467,-0.523472952370244,0.775887782471318,-0.674676111928074,0.499881564659504,0.999542903650367
"PTI98_007070",2.91887714040726,1.23909784298509,1.57158325654333,0.788439198385495,0.430439850096156,0.999542903650367
"PTI98_007072",4.74314133017912,-0.58486588572351,0.926754447003806,-0.631090455097766,0.527981381736222,0.999542903650367
"PTI98_007073",10.7835923240147,0.00481255570664724,0.693284751737874,0.00694167251563443,0.994461391154984,0.999542903650367
"PTI98_007074",10.5067958917163,0.0569576724264092,0.673005649418262,0.0846317894591862,0.932554125390837,0.999542903650367
"PTI98_007075",16.1343454809587,0.817390274278866,0.612127785412604,1.33532620762821,0.181769604689496,0.999542903650367
"PTI98_007076",33.7442646350952,1.14727188474737,0.574947253058121,1.99543850091478,0.0459950753230326,0.999542903650367
"PTI98_007078",5.03630088214383,-0.770845889583112,1.37902709926807,-0.55897805778599,0.576176695250239,0.999542903650367
"PTI98_013637",31.0688085603954,0.144946400828234,0.540480507174389,0.268180626135822,0.788560287058344,0.999542903650367
"PTI98_007099",19.22191286862,-0.11279038821493,0.857820344074782,-0.131484860430283,0.895391762223632,0.999542903650367
"PTI98_007105",3.43783952623019,1.22890142469293,1.1298933996467,1.08762598761723,0.276760253380194,0.999542903650367
"PTI98_008318",9.45052969275945,-0.899459939083201,0.779982052250399,-1.15318030265964,0.248836386574861,0.999542903650367
"PTI98_008322",18.3199085328967,-0.139993356589222,0.662054444520556,-0.211452936760514,0.832533852877779,0.999542903650367
"PTI98_008324",4.4803508442401,-0.470816310764132,0.909083309860732,-0.517902271064969,0.60452645740153,0.999542903650367
"PTI98_008328",9.36773876512425,0.506770093122335,0.753715015837845,0.672363005212254,0.50135262836347,0.999542903650367
"PTI98_008331",6.29963950327438,0.840142918901093,0.868633790387195,0.967200364755092,0.333443879889243,0.999542903650367
"PTI98_008339",5.74946998393776,1.38028180596946,0.88855200199653,1.553405769013,0.120326225539464,0.999542903650367
"PTI98_008369",2.51825778983669,0.108765778195491,1.1075933057775,0.0982001043416744,0.921773399613258,0.999542903650367
"PTI98_008370",51.5569698307074,0.0602617497294714,0.538544032457768,0.111897535015759,0.910904651102349,0.999542903650367
"PTI98_008371",11.818640021734,-0.202620456146635,0.641008541102392,-0.31609634373697,0.751929381853143,0.999542903650367
"PTI98_008377",5.99923531967704,-0.849649106735972,0.855968852187918,-0.992616851143832,0.320896709537653,0.999542903650367
"PTI98_008378",10.8019618793142,-0.366306883083752,0.69315350829385,-0.528464299322947,0.597177119511009,0.999542903650367
"PTI98_008380",4.59816579219783,0.402711870175191,0.924286127818628,0.435700437402014,0.66305408834837,0.999542903650367
"PTI98_008382",127.761779337932,0.247406328286707,0.614419164821099,0.402667010490704,0.687193205872612,0.999542903650367
"PTI98_008388",3.29838413706042,1.00713867513921,1.17077801717549,0.860230257456436,0.389662128757899,0.999542903650367
"PTI98_008389",18.8691809434065,-2.22373570988316,0.852149609766608,-2.60956020444838,0.00906586919524446,0.999542903650367
"PTI98_008393",4.20633057471913,0.786298846897899,1.10117524768106,0.714054233014908,0.47519364474065,0.999542903650367
"PTI98_008396",7.7021910631399,-0.0940686542845991,0.963379100590366,-0.0976444830772778,0.922214600867341,0.999542903650367
"PTI98_008397",7.85366803052782,-0.428427513631501,0.777171252944228,-0.551265261045683,0.581451848694482,0.999542903650367
"PTI98_008398",56.9461495118366,-0.549213952388669,0.527762593226978,-1.04064584992757,0.298039943424946,0.999542903650367
"PTI98_008399",65.7870599768091,-0.373513650009226,0.513353321835106,-0.727595661939054,0.466861136919707,0.999542903650367
"PTI98_008400",6.53584973619267,-0.533677770715587,0.876365772438071,-0.608966926253729,0.542546361496964,0.999542903650367
"PTI98_008401",1.70893843667386,-2.68520510949582,1.46979057896298,-1.8269304130323,0.0677102328112546,0.999542903650367
"PTI98_008402",6.34105156569066,-1.1943305283112,0.790139552570591,-1.51154378289967,0.13064996235944,0.999542903650367
"PTI98_008403",3.59382313977786,-0.606910654747731,1.25964870779124,-0.481809452900508,0.629941313589424,0.999542903650367
"PTI98_008404",7.77638190013827,0.0354315097642773,0.79700549213022,0.0444557912262019,0.964541090603299,0.999542903650367
"PTI98_008405",2.83316237386764,-0.37359323886054,1.08755655177649,-0.343516149344405,0.731210193742267,0.999542903650367
"PTI98_008411",7.86301580044523,0.265385281374459,0.690442954265642,0.384369598871096,0.700704529729485,0.999542903650367
"PTI98_008413",20.7720654943218,0.0927506003872473,0.573594122345251,0.16170075106073,0.87154151306459,0.999542903650367
"PTI98_008416",4.08827161563834,-0.352607921511513,0.901516490831035,-0.391127533547914,0.695702969661091,0.999542903650367
"PTI98_008418",6.45461075372248,0.318645656833275,0.944266048982572,0.337453260314304,0.735775240699313,0.999542903650367
"PTI98_008420",17.5687827040255,-1.27420143711202,0.701090567812718,-1.81745625402907,0.0691472808560151,0.999542903650367
"PTI98_008423",7.59002614863384,0.531005230754726,0.843511737519669,0.629517299090748,0.529010447014745,0.999542903650367
"PTI98_008424",7.95874051830972,-0.51719840115052,0.691108867330421,-0.748360244816893,0.454242895163269,0.999542903650367
"PTI98_008425",6.02502037199478,-0.237070765049278,0.755448128440409,-0.313814749317998,0.753661741538235,0.999542903650367
"PTI98_008426",2.33066276560229,-0.835362373833208,1.41860160271834,-0.588863266637002,0.555953001013516,0.999542903650367
"PTI98_008427",6.25417256684169,-0.424096249439933,0.881964875379325,-0.480853899377266,0.630620339512374,0.999542903650367
"PTI98_008431",18.0539311686901,-0.623887526417979,0.693475153333839,-0.899653756041118,0.368304540223107,0.999542903650367
"PTI98_008433",9.47540850231927,0.895962327746118,0.764818758511233,1.17147012645213,0.241409858866135,0.999542903650367
"PTI98_008434",61.7368691831374,1.36292216249522,0.634963168152722,2.14645861500963,0.0318364071807244,0.999542903650367
"PTI98_008436",4.24241222691501,-0.391505115984522,0.864144875566486,-0.453054952999487,0.65050917157094,0.999542903650367
"PTI98_008437",7.12280745939672,-0.415639391472791,0.930656476945788,-0.446608820514342,0.655157525854418,0.999542903650367
"PTI98_008440",9.34311083709418,-0.0521786893169421,0.710916518362911,-0.0733963664778791,0.941490708929468,0.999542903650367
"PTI98_008442",9.4861447601792,-0.142097729006191,0.857524309530818,-0.165706939648087,0.868387584514895,0.999542903650367
"PTI98_008446",2.00574403957577,0.443508885618866,1.23706980018353,0.358515651706206,0.719957456927344,0.999542903650367
"PTI98_008447",12.8299199145137,0.101280035698401,0.650875339638509,0.155605888763048,0.876343682927588,0.999542903650367
"PTI98_008451",57.5404322328013,0.100394301158724,0.870125291979563,0.11537913227453,0.908144618521626,0.999542903650367
"PTI98_008454",6.79487410071767,-0.00627559840865923,0.72964627283239,-0.0086008777709481,0.993137577025381,0.999542903650367
"PTI98_008467",5.23165615906347,0.131879737165742,0.887557208537134,0.148587308961306,0.881879287817648,0.999542903650367
"PTI98_008469",3.6552086573888,0.492167545434956,0.955278933555465,0.515208205841148,0.606407535477055,0.999542903650367
"PTI98_008471",89.1196259445529,0.313447824042922,0.514621032525143,0.609084752142553,0.542468263811024,0.999542903650367
"PTI98_008472",3.57000244994108,-0.290161043824977,0.985781717395816,-0.294346140433106,0.768493418431171,0.999542903650367
"PTI98_008481",11.3595647162349,0.693822350576605,0.688068241131186,1.0083627016936,0.313280371859822,0.999542903650367
"PTI98_008483",16.5957721232033,1.23809211632057,0.685268973211799,1.80672431515137,0.0708052745344056,0.999542903650367
"PTI98_008495",11.6680342646138,-1.2397183443008,0.83089790754466,-1.49202246514765,0.135693256109363,0.999542903650367
"PTI98_008503",18.7436435922796,0.385889672058365,0.68382478781863,0.564310740020606,0.572542673460875,0.999542903650367
"PTI98_008509",6.45972051236608,0.0847647444026913,0.910381068940984,0.0931090806856246,0.9258169034334,0.999542903650367
"PTI98_008514",4.93479138897915,0.234022085964406,0.99065518614004,0.236229607676353,0.813254505966435,0.999542903650367
"PTI98_008515",6.01549776249294,1.24291005878288,1.17452352236912,1.05822491854043,0.289952913375774,0.999542903650367
"PTI98_008516",3.30627403977809,-0.305672875552687,1.00565713582982,-0.303953370052369,0.761163416655891,0.999542903650367
"PTI98_008518",6.42132214764229,-0.227508572766179,0.766718772977219,-0.296730145112723,0.76667254053297,0.999542903650367
"PTI98_008521",5.43108046031817,-0.0253179752583212,0.915929033446132,-0.0276418525167433,0.977947800925336,0.999542903650367
"PTI98_008522",2.39553862358746,-0.282243133636499,1.36339952151536,-0.207014253109609,0.835998727234236,0.999542903650367
"PTI98_008524",12.1621056349935,0.487271999266292,0.679643499594803,0.71695234274557,0.473403503169906,0.999542903650367
"PTI98_008525",3.88779829111548,0.818513423519567,0.873488447979268,0.937062677146011,0.348726318442766,0.999542903650367
"PTI98_008526",40.3760456341272,-0.025752527201163,0.503601848000425,-0.0511366812957788,0.95921660676904,0.999542903650367
"PTI98_008528",42.2175866425429,0.138683916649598,0.53190342689713,0.260731384000689,0.794299661993043,0.999542903650367
"PTI98_008529",4.36641183424836,-0.771842715732272,0.934533258413679,-0.825912517059515,0.408853719578983,0.999542903650367
"PTI98_008531",3.4753804259671,-0.970451338761566,0.997969120383015,-0.972426219349465,0.330838553365961,0.999542903650367
"PTI98_008532",21.2258817680271,0.184080716597067,0.563713187244632,0.326550310977881,0.744008030867748,0.999542903650367
"PTI98_008534",5.83346846158308,0.03222928176148,0.920485465146268,0.0350133521732021,0.972069093907387,0.999542903650367
"PTI98_008535",3.06393355283507,0.783039488881247,0.976042712990748,0.802259448750855,0.42240289425803,0.999542903650367
"PTI98_008544",7.67609054035598,0.0474560226608443,0.918469699555711,0.0516685772909003,0.958792775471546,0.999542903650367
"PTI98_008545",3.86394810880674,-0.158866915538737,0.903485336251495,-0.175837846132474,0.860421335930783,0.999542903650367
"PTI98_008547",14.8578296390535,0.499021275852694,0.845832237451269,0.589976657021712,0.555206299363571,0.999542903650367
"PTI98_008549",3.05694983834093,0.530802316917655,1.03958828286391,0.51058897610444,0.60963889669256,0.999542903650367
"PTI98_008550",2.54879165254052,0.9697143232774,1.25141216299513,0.774896035017338,0.438401095254201,0.999542903650367
"PTI98_008551",5.58815472757058,-0.874259997506722,0.96809268692432,-0.903074684185757,0.366486258896606,0.999542903650367
"PTI98_008554",3.0939177137521,0.199420769572584,1.04397509352381,0.191020619945504,0.848509438231127,0.999542903650367
"PTI98_008555",2.87729283704114,-0.108044857271866,1.07828611190496,-0.100200546106439,0.920185112467817,0.999542903650367
"PTI98_008556",13.606137653703,0.0892184717181305,0.669772935525361,0.133207042246562,0.894029641575606,0.999542903650367
"PTI98_008557",14.9539850949842,0.530053861427734,0.659244308843534,0.804032517713457,0.421378195383993,0.999542903650367
"PTI98_008558",14.0699310419235,0.0837884044146444,0.614857305070698,0.136272926618332,0.891605525633916,0.999542903650367
"PTI98_008559",4.28372656304863,-0.0257176075777503,0.918507224976059,-0.0279993525129001,0.977662667565391,0.999542903650367
"PTI98_008560",10.2446217513687,-0.620583742196348,0.725369310072973,-0.855541768280653,0.392251291591492,0.999542903650367
"PTI98_008571",6.67744733198849,-0.262270679339166,0.804963615828164,-0.325816812315593,0.74456295785091,0.999542903650367
"PTI98_008572",3.19972284282681,-0.339197146696401,1.06539850130304,-0.318375843669335,0.750199859672733,0.999542903650367
"PTI98_008575",11.7826133326963,-0.146548221053058,0.663194799476136,-0.220973115544359,0.825113366240295,0.999542903650367
"PTI98_008576",7.63637815651325,1.79704647469629,0.914865689544366,1.96427354882145,0.0494983774679569,0.999542903650367
"PTI98_008578",43.5594733811251,0.811898376229455,0.799067515054967,1.01605729294803,0.309602104496326,0.999542903650367
"PTI98_008580",6.98929481341692,0.418924612662498,0.762996111921011,0.549052093604727,0.582969700334817,0.999542903650367
"PTI98_008582",8.79871916303768,-1.66295319762246,0.968657726852023,-1.71676037007084,0.0860229646234699,0.999542903650367
"PTI98_008585",3.94317707933071,0.183480172961398,0.948123662428827,0.193519242512494,0.846552337536915,0.999542903650367
"PTI98_008586",9.51136726280239,0.506007212851104,0.705836946225806,0.716889666312856,0.473442178668456,0.999542903650367
"PTI98_008588",3.72097088747855,0.467706756828489,1.03704023921063,0.451001551477401,0.651988430789234,0.999542903650367
"PTI98_008589",8.90767865846965,0.236244476590283,0.779638271556659,0.303018060053141,0.761876098321527,0.999542903650367
"PTI98_008590",7.81863801466558,-0.287566806881029,0.728591944867333,-0.394688424579538,0.693072846527607,0.999542903650367
"PTI98_008591",6.42397764572974,-0.339494514877032,0.858391509090551,-0.395500784061483,0.692473343092192,0.999542903650367
"PTI98_008595",2.99710514443572,1.00720230700429,1.06817199854384,0.942921466184594,0.345721074129342,0.999542903650367
"PTI98_008598",28.9140965597285,-0.755079252506963,0.518939957371889,-1.45504165131352,0.145657730963173,0.999542903650367
"PTI98_008599",6.6169435442658,-0.491463591603632,0.825886187866447,-0.595074235196081,0.551793850068567,0.999542903650367
"PTI98_008600",68.617542559448,-0.0896288091728096,0.524357577587253,-0.170930702642312,0.864278254704246,0.999542903650367
"PTI98_008601",2.598690105118,-0.141979910988622,1.11779289701732,-0.127018083016519,0.898926086294433,0.999542903650367
"PTI98_008603",4.81767114730071,0.144018682508952,0.908695815664085,0.15848943070537,0.874071148480174,0.999542903650367
"PTI98_008606",7.21030298789908,0.124508768862609,0.884917307010776,0.140701021300166,0.888106138242361,0.999542903650367
"PTI98_008608",22.8670856103932,-0.0456680893051154,0.585995430734121,-0.0779325006816239,0.937881746216217,0.999542903650367
"PTI98_008610",5.25531860480868,0.367860342621495,1.01560491395822,0.36220811613425,0.717196514967921,0.999542903650367
"PTI98_008611",88.6133970048738,-0.850978144438365,0.512501234906264,-1.66044115892522,0.0968257358765734,0.999542903650367
"PTI98_008612",3.89160379334477,0.288242765393703,1.12670871642077,0.255827225966058,0.798084250015499,0.999542903650367
"PTI98_008613",10.4752426890766,-0.465333710073733,0.636472662019528,-0.731113428497037,0.464709872723938,0.999542903650367
"PTI98_008615",5.30513068588157,0.93671366587629,0.925955110046331,1.01161887408281,0.311720317990559,0.999542903650367
"PTI98_008617",1.41920284082131,0.636175139782512,1.60110900541437,0.397334058849959,0.691121134820577,0.999542903650367
"PTI98_008620",4.27176678022644,-0.745407368162732,0.990140549044229,-0.752829857218013,0.451552162526178,0.999542903650367
"PTI98_008621",4.82341723496305,0.187801077198844,0.983862325333109,0.19088146010191,0.848618465794265,0.999542903650367
"PTI98_008626",7.3389690081259,-0.633854387000387,0.763526617408005,-0.83016671920643,0.40644452897864,0.999542903650367
"PTI98_008628",3.85622574704572,0.721007917025419,0.912854999055875,0.789838383720443,0.429622159481447,0.999542903650367
"PTI98_008629",7.83341584051737,-0.118326531113725,0.894402998658222,-0.132296661897643,0.894749647589315,0.999542903650367
"PTI98_008630",5.86202244816139,0.450559141514286,0.966106522392307,0.466365903832836,0.640953612819532,0.999542903650367
"PTI98_008631",23.5679215174714,-0.809605718724439,0.664862263079826,-1.21770442343068,0.223336315506205,0.999542903650367
"PTI98_008633",3.29261898151479,0.178558141413183,0.972695748802255,0.183570393551173,0.854350490903698,0.999542903650367
"PTI98_008635",13.8746182407766,0.674619552103887,0.639470339577442,1.05496613423802,0.291440813566628,0.999542903650367
"PTI98_008636",4.11541696740842,-0.25665598120083,0.902897737801491,-0.284258084227538,0.776212605650063,0.999542903650367
"PTI98_008637",7.41830230960427,-0.206287858579227,0.743156869864687,-0.27758319534446,0.781332333544007,0.999542903650367
"PTI98_008639",2.9455382315751,1.68235747321655,1.12496126349322,1.49548035813474,0.134789122325719,0.999542903650367
"PTI98_008641",7.40147244236683,-0.33500314972692,0.863083254946487,-0.38814696937631,0.697907274826389,0.999542903650367
"PTI98_008642",7.92517477617279,-2.78118956610169,1.28649083526044,-2.1618417246934,0.0306303781170958,0.999542903650367
"PTI98_008644",2.97917240719292,-1.20924042870871,1.40934486293959,-0.858015990625951,0.390883633714351,0.999542903650367
"PTI98_008645",4.10377856395429,0.496836578517265,1.02297768318767,0.485676849732524,0.627196299852616,0.999542903650367
"PTI98_008646",4.56166762049038,-1.08240473325846,0.816586050306578,-1.32552439862533,0.184997282540326,0.999542903650367
"PTI98_008649",8.61748754400857,-0.108780136946508,0.791839301754689,-0.137376531709723,0.890733180143475,0.999542903650367
"PTI98_008653",2.11887582256982,0.930948271100879,1.15380397280196,0.806851330941522,0.419752141516219,0.999542903650367
"PTI98_008654",8.16726293997889,0.73319749227705,0.803397273679829,0.912621334795871,0.361441729607139,0.999542903650367
"PTI98_008656",18.1781044530801,-0.0739763559532193,0.807593284737595,-0.0916010043065872,0.927015053485471,0.999542903650367
"PTI98_008658",3.57556659293061,1.07579339551851,1.12920854704741,0.952696823214312,0.34074370340215,0.999542903650367
"PTI98_008659",5.48775450263523,-0.183404907339476,1.19431131454194,-0.153565410547766,0.87795241175045,0.999542903650367
"PTI98_008660",15.7159983327894,-0.326611177599247,0.674116746334654,-0.484502394244195,0.628029365575193,0.999542903650367
"PTI98_008661",1.85002118627431,-1.1360910179218,1.24715879122537,-0.910943358548236,0.362325218602086,0.999542903650367
"PTI98_008663",332.733094198031,0.169949030319008,0.462187185434355,0.36770606298678,0.713092419211618,0.999542903650367
"PTI98_008664",4.69354402677769,0.728537798523849,0.885960174613171,0.822314387711551,0.410897990213473,0.999542903650367
"PTI98_008667",10.7955362555984,1.45962474466521,0.874438336290462,1.66921403612886,0.0950749693803388,0.999542903650367
"PTI98_008669",5.35344745824683,1.28985508023551,1.1540739097625,1.11765379090925,0.26371488548286,0.999542903650367
"PTI98_008670",0.790904357208407,-0.830453760569188,1.9447328767778,-0.427027161666108,0.669359544258223,0.999542903650367
"PTI98_008671",38.1858059049878,-0.336375552223517,0.630201956188414,-0.53375834352845,0.593508737686842,0.999542903650367
"PTI98_008672",14.9742012019856,0.151919143203245,0.693081031159697,0.219193912938357,0.826498996967945,0.999542903650367
"PTI98_008673",6.01131633980459,0.796762401700709,0.838598178062403,0.95011224987591,0.342055219462946,0.999542903650367
"PTI98_008676",3.83955450049897,1.05741980621415,0.993894370104468,1.06391568160609,0.287366898398676,0.999542903650367
"PTI98_008689",28.4515234304907,0.782888949187275,0.788673069349197,0.992666010306786,0.32087274432275,0.999542903650367
"PTI98_008691",11.8064215122075,0.849306158379158,0.628232120397647,1.35189865465901,0.176407737991831,0.999542903650367
"PTI98_008692",7.1458176919449,0.201376544908113,0.720051322621819,0.279669710451846,0.779730918899426,0.999542903650367
"PTI98_008694",14.7184948490405,-0.241647646391652,0.685862868000266,-0.352326474673008,0.724593435547007,0.999542903650367
"PTI98_008695",30.5822344007516,0.764593709244217,0.56002795742094,1.36527774928479,0.172165769662476,0.999542903650367
"PTI98_008696",5.22816531920194,0.632183541879953,0.885167280748574,0.714196689856548,0.475105563449798,0.999542903650367
"PTI98_008699",64.8311755582009,-0.357410025610033,0.482606280968593,-0.740583037777109,0.458946295829156,0.999542903650367
"PTI98_008701",9.10111814193828,-0.0113812561438823,0.711512111472533,-0.0159958712724199,0.987237685521896,0.999542903650367
"PTI98_008703",4.88162184330738,-0.443332895445311,0.947937639887829,-0.467681498012645,0.640012374176995,0.999542903650367
"PTI98_008704",45.0813173402792,0.61299308005587,0.686008811907531,0.893564440304153,0.371554979417273,0.999542903650367
"PTI98_008708",5.91928546964613,-0.622065055241327,0.80256883863871,-0.775092459727757,0.438285026838266,0.999542903650367
"PTI98_008710",6.19528029551014,0.93839453872605,0.816822697771671,1.14883504252028,0.250624006706088,0.999542903650367
"PTI98_008718",14.9552339295033,0.403276509574189,0.631610779538796,0.638488959717665,0.52315543852085,0.999542903650367
"PTI98_008721",4.43716698859868,-0.475514581586733,0.947519743890444,-0.501851897707488,0.615771703775901,0.999542903650367
"PTI98_008725",2.47675198528055,-0.489219025508733,1.11580451964375,-0.438445101176796,0.661063658396435,0.999542903650367
"PTI98_008726",1.97282393501136,0.44757265999292,1.3962410446674,0.320555438262121,0.748547311878625,0.999542903650367
"PTI98_008729",2.60242396871223,-0.0952197416387676,1.05136090632988,-0.0905680828205449,0.927835793891217,0.999542903650367
"PTI98_008731",2.93453970197448,1.09024026494437,1.15540973014847,0.943596229542114,0.345376019736099,0.999542903650367
"PTI98_008732",12.911546725759,0.118298124955546,0.681329000839562,0.17362848904094,0.862157441063371,0.999542903650367
"PTI98_008733",4.60012369620389,0.813597678859746,0.87730272143865,0.927385335731734,0.353726501651566,0.999542903650367
"PTI98_008736",31.610409608357,0.0339616064180704,0.508699443493309,0.0667616346989715,0.946771466310632,0.999542903650367
"PTI98_008737",45.3987652580721,-0.0575675001931823,0.54008626308045,-0.106589454552758,0.915114684968903,0.999542903650367
"PTI98_008738",3.57339703399052,0.814236942597825,1.07927112746477,0.754432247724894,0.450589714005685,0.999542903650367
"PTI98_008740",6.69995541119697,0.92893682731821,0.989576361070902,0.938721723620127,0.34787363697927,0.999542903650367
"PTI98_008744",3.5082812667218,1.44871527692856,1.09418118683231,1.32401771695841,0.185497160746462,0.999542903650367
"PTI98_008745",9.21580121555655,-0.546310585132042,0.691002386632163,-0.790605930892184,0.429173984809882,0.999542903650367
"PTI98_008746",32.44253354677,-0.275564471174934,0.522582465931726,-0.527312891533057,0.597976323373858,0.999542903650367
"PTI98_008748",4.00062103005906,0.0356022574801431,0.976052900388622,0.0364757457981712,0.970903017885841,0.999542903650367
"PTI98_008788",3.26455758837092,-0.0374431052018723,1.01273562768985,-0.0369722405118537,0.97050713946441,0.999542903650367
"PTI98_008789",8.13915628293006,0.420700090032917,0.702457724798143,0.59889737870533,0.549241319566328,0.999542903650367
"PTI98_008794",3.56052325476077,-0.0869692809583856,1.05630697447325,-0.0823333397015151,0.934381643161738,0.999542903650367
"PTI98_008795",4.24284588541537,0.597770988754075,0.901733786287378,0.662912932668543,0.507386318425942,0.999542903650367
"PTI98_008803",10.6163488422897,0.472454305429182,0.711741739010485,0.66380019539956,0.506818200619038,0.999542903650367
"PTI98_008805",7.63188418208342,2.147819320201,0.882202186266117,2.43461119643282,0.0149077985844977,0.999542903650367
"PTI98_008806",29.8656864070495,0.367036182517955,0.634429999643969,0.578529046110571,0.562906993002819,0.999542903650367
"PTI98_008807",2.36521399912541,-0.550802482161113,1.07898548424317,-0.510481827795357,0.609713942552282,0.999542903650367
"PTI98_008809",20.8213879843647,0.480496629087944,0.594283565994974,0.80853090440668,0.418785022770388,0.999542903650367
"PTI98_008811",28.1520561727484,1.53715860972823,0.6148112732618,2.50021214082989,0.0124118956869304,0.999542903650367
"PTI98_008829",3.71105418227929,-0.389639963593183,0.949087944893483,-0.410541473727087,0.681408786383839,0.999542903650367
"PTI98_008830",6.70430396030562,-0.108338326586994,0.788706881562277,-0.137361964399748,0.89074469402582,0.999542903650367
"PTI98_008832",6.03705028116936,0.175223722522739,0.89687736642934,0.195370882443318,0.84510260981,0.999542903650367
"PTI98_008833",25.7649471525383,-0.227337312246008,0.654783897778984,-0.347194414855241,0.728445266480333,0.999542903650367
"PTI98_008835",64.3877144525124,0.232362385862274,0.577896528170636,0.402083027904373,0.687622922923912,0.999542903650367
"PTI98_008836",2.99591021617605,-0.502174761891258,1.0284839877731,-0.488266971446565,0.625360752940762,0.999542903650367
"PTI98_008837",9.2532958570033,0.0204044447971243,0.798734663757577,0.0255459612847318,0.979619488631319,0.999542903650367
"PTI98_008838",29.684114127842,0.217330209219888,0.654393503269812,0.332109362537911,0.739806680710355,0.999542903650367
"PTI98_008839",5.62757807646501,-0.416362291255774,0.942214673022122,-0.441897481728135,0.658563393031993,0.999542903650367
"PTI98_008841",3.36841123110959,-0.52206676917954,1.25240911225488,-0.416850024541575,0.676788109658266,0.999542903650367
"PTI98_008842",22.5913561885176,0.233474699694777,0.603880847992965,0.386623785918603,0.69903474616814,0.999542903650367
"PTI98_008846",11.3575895705069,-0.417381889282678,0.642596101143206,-0.649524465741603,0.515999437920642,0.999542903650367
"PTI98_008854",4.39102698460913,1.6896253791618,1.03228446535378,1.63678272401661,0.101675876751054,0.999542903650367
"PTI98_008855",17.3728245612189,0.305671071529951,0.645992503748114,0.473180524164625,0.636084391377989,0.999542903650367
"PTI98_008858",25.1419767503859,-0.431409891154347,0.591935694936105,-0.728812090308078,0.466116614881198,0.999542903650367
"PTI98_008860",5.80671496721554,0.189898620249531,0.81946453383442,0.231735007933732,0.816743839001308,0.999542903650367
"PTI98_008861",3.49463570691372,-0.00471225643672252,1.03353793914165,-0.00455934538855538,0.996362181310713,0.999542903650367
"PTI98_008863",3.82123500149252,-3.31636157681433,1.54418685131145,-2.14764267290439,0.0317421527028111,0.999542903650367
"PTI98_008868",5.9397327764095,0.151994611180598,0.897543321350416,0.169345153114071,0.865525161774342,0.999542903650367
"PTI98_008871",5.41339580559967,0.300295656002176,0.827735662492244,0.362791733653241,0.716760467385108,0.999542903650367
"PTI98_008877",21.2460606985945,0.165643760749297,0.56396923401222,0.293710633062135,0.768979028500379,0.999542903650367
"PTI98_008882",5.4478648026603,0.704784336291172,0.782289850557029,0.9009248116786,0.367628298032446,0.999542903650367
"PTI98_008883",3.45402463968783,-0.482001985744237,0.912473864074715,-0.528236484047689,0.597335209857356,0.999542903650367
"PTI98_008887",2.62245733382779,-0.0464403055523729,1.17256850049078,-0.0396056226420335,0.968407544737806,0.999542903650367
"PTI98_008888",6.44426205125431,0.810598946431407,0.851182506217472,0.952320965845019,0.340934228090569,0.999542903650367
"PTI98_008889",24.2521370634585,-0.030750513510239,0.757833158440712,-0.0405768910580662,0.967633207244557,0.999542903650367
"PTI98_008891",6.26621419978753,-0.324282579403461,0.741122138937172,-0.437556189953397,0.661708035234551,0.999542903650367
"PTI98_008892",4.26889296259775,-0.881696306428907,1.00369377869018,-0.878451500994181,0.379698746211659,0.999542903650367
"PTI98_008893",2.62780101000364,0.35756877751113,1.24040656426908,0.288267401843225,0.773142058072792,0.999542903650367
"PTI98_008895",2.9659779989932,1.30008838709617,1.24205065417698,1.04672734781308,0.29522534680412,0.999542903650367
"PTI98_008902",5.84798472233662,0.543075826138927,0.813547571639657,0.667540344376408,0.504427048488733,0.999542903650367
"PTI98_008905",5.87540935506066,0.248440040490962,0.810097250207757,0.306679278848616,0.759087503331146,0.999542903650367
"PTI98_008906",3.24851120863808,0.231273316605453,1.00107417320473,0.231025155573717,0.81729525927255,0.999542903650367
"PTI98_008908",4.4829205495592,1.00107818509687,0.983447026965004,1.0179279184831,0.308712212736677,0.999542903650367
"PTI98_008909",9.20798400013403,0.345664464914262,0.681922213339816,0.506897206385635,0.612226945929839,0.999542903650367
"PTI98_008910",18.4619672685502,0.27284446225707,0.616666736015369,0.442450429578985,0.658163293467089,0.999542903650367
"PTI98_008911",11.120992046455,0.611989419509506,0.72060367212295,0.849273245730959,0.395729264441154,0.999542903650367
"PTI98_008912",8.06241158803406,-0.21154291565722,0.74025868710744,-0.285768906655893,0.775055124327565,0.999542903650367
"PTI98_008913",21.5339360005536,-0.045368957920399,0.665799089679633,-0.0681421146764102,0.945672505584205,0.999542903650367
"PTI98_008919",4.3574712810583,-0.188879647699118,0.943835312027844,-0.200119284892305,0.841387291263551,0.999542903650367
"PTI98_008920",5.02922020353437,1.19414361054298,0.901123245768003,1.3251723514526,0.185113993409621,0.999542903650367
"PTI98_008924",55.8601805897188,-0.605247228355332,0.507217118051746,-1.19327050845627,0.232763448595275,0.999542903650367
"PTI98_008925",7.15588919430836,-0.588171371038937,0.740123919688022,-0.794693098537963,0.426792047898396,0.999542903650367
"PTI98_008927",7.77120392681716,0.55261762788,0.846247736958479,0.653021099785954,0.513742675927858,0.999542903650367
"PTI98_008928",3.93253135673737,0.0704311643098679,0.87984950096515,0.0800491041167934,0.936198201805837,0.999542903650367
"PTI98_008933",8.92957344155974,0.0238263610950657,0.791691841045053,0.0300954991068422,0.975990890299127,0.999542903650367
"PTI98_008951",18.2101863262593,-0.240654184892577,0.628378547392872,-0.382976449293258,0.701737226031628,0.999542903650367
"PTI98_008953",13.987393330308,0.0460529074898364,0.849572553075468,0.0542071507879158,0.956770123558222,0.999542903650367
"PTI98_008956",7.04064740365729,0.806018168791338,0.808026566393646,0.997514441126272,0.318514867720238,0.999542903650367
"PTI98_008960",41.7195728063322,0.6686857732407,0.621119926986196,1.07658077641351,0.281667596162328,0.999542903650367
"PTI98_008961",12.3160844691908,-0.216628123458774,0.635018309673017,-0.341136814732664,0.733000587554801,0.999542903650367
"PTI98_008970",38.5385829379301,0.190409392934886,0.949719000342872,0.200490242762484,0.841097188231931,0.999542903650367
"PTI98_008987",15.2816457368689,-0.0166952006398245,0.601727789648746,-0.0277454372675229,0.977865183939118,0.999542903650367
"PTI98_009077",21.4723240617922,0.0820438097262772,0.555689576266844,0.147643240453515,0.882624328093942,0.999542903650367
"PTI98_009084",7.51346223610982,0.0829201705599973,0.869952812394284,0.095315710666863,0.924064064160513,0.999542903650367
"PTI98_009085",5.95535655847055,-1.25718076227089,0.795396385625538,-1.58057137924028,0.113976074198222,0.999542903650367
"PTI98_009087",75.6209969565454,-0.401641394001678,0.423196551511297,-0.949065847931315,0.34258712281355,0.999542903650367
"PTI98_009088",14.7176655652305,0.904924291678691,0.66250168434319,1.3659199864161,0.171964078802863,0.999542903650367
"PTI98_009093",9.79569564759368,-0.309054979023002,0.714999689878557,-0.4322449133866,0.665563419430468,0.999542903650367
"PTI98_009096",3.57082928598133,-0.159534883367087,0.989383177560379,-0.161246812140538,0.871899012720587,0.999542903650367
"PTI98_009099",4.99352077164523,0.157080720995864,0.921684046511376,0.170427948265377,0.864673594111833,0.999542903650367
"PTI98_009100",4.42304394563715,-0.976064681007967,0.925953659602574,-1.05411828214697,0.291828766961433,0.999542903650367
"PTI98_009118",62.6418713367337,0.0682831744332308,0.486175392557052,0.140449672029046,0.888304714147564,0.999542903650367
"PTI98_009163",0.92122536772833,0.206294650528259,3.4635360515124,0.0595618603242711,0.952504595463346,0.999542903650367
"PTI98_009214",6.27701032383357,1.13830192455226,0.867295105101592,1.31247359503882,0.189360389590551,0.999542903650367
"PTI98_009216",3.04845855486324,0.222698888590834,1.04910375218486,0.212275371360594,0.831892208400593,0.999542903650367
"PTI98_009226",7.13035950976369,-0.597683572395468,0.899194732407982,-0.664687581960042,0.506250338096749,0.999542903650367
"PTI98_009227",2.53955524398121,0.424323067739635,1.21862819152919,0.348197317844071,0.727692001952229,0.999542903650367
"PTI98_009229",11.1801906008275,0.350474289836829,0.73358274839901,0.477756995515111,0.63282317269433,0.999542903650367
"PTI98_009230",3.03827763267894,-0.5639401866259,1.09071271079871,-0.517038245765869,0.605129460864822,0.999542903650367
"PTI98_009276",3.32532787469886,-1.50640462442597,0.994554515994095,-1.5146526411579,0.129860393629255,0.999542903650367
"PTI98_009290",2.11543412568982,-0.759231918149216,1.21785635744436,-0.623416639826426,0.533010766042025,0.999542903650367
"PTI98_009291",4.47290795260566,-0.850711352395615,0.996147757357906,-0.854001172127282,0.393104339935071,0.999542903650367
"PTI98_009429",5.84928570627642,-0.627317661287041,0.822156799573967,-0.763014623989135,0.445454674442273,0.999542903650367
"PTI98_009453",11.4828530986039,0.48715133499286,0.644945135428964,0.755337637625327,0.450046421057188,0.999542903650367
"PTI98_009455",19.752835333319,-0.12457642811906,0.583564220460519,-0.21347509622977,0.830956411757406,0.999542903650367
"PTI98_009524",8.66919649268511,-0.148587323792154,0.732521311465182,-0.202843687230002,0.839257210205382,0.999542903650367
"PTI98_009530",3.21324731046753,0.590997626080578,1.03595671246302,0.570484865796623,0.568348883984828,0.999542903650367
"PTI98_009573",5.5302990951023,0.120992510897437,1.02354432885548,0.118209351062235,0.905901780832735,0.999542903650367
"PTI98_009576",4.1969360858548,-0.864724340558238,0.921495774011664,-0.938392084853221,0.34804295208753,0.999542903650367
"PTI98_009583",6.28412269389352,1.08001957150957,0.941317971523635,1.14734829694309,0.251237700605923,0.999542903650367
"PTI98_009589",24.7516511878092,0.567101366819478,0.557933828652758,1.0164312283929,0.309424080985634,0.999542903650367
"PTI98_009592",4.70126297861566,-0.292814705110109,0.910411565129564,-0.321628938301589,0.747733818195406,0.999542903650367
"PTI98_009593",4.45680393176856,0.526505556146626,0.978254703606976,0.538209071937318,0.590432717661582,0.999542903650367
"PTI98_009601",9.65822489548393,0.300112426033098,0.724076153956582,0.414476328757947,0.678525299297943,0.999542903650367
"PTI98_009606",7.97966363294758,0.293466755921607,0.760682677107505,0.385793925316552,0.699649294587244,0.999542903650367
"PTI98_009612",5.78560293273107,0.460599196359742,0.851873782416834,0.540689484600624,0.588721627572307,0.999542903650367
"PTI98_009615",4.95723443905351,0.894756795582953,0.974385830178872,0.918277716968338,0.358473490125493,0.999542903650367
"PTI98_009616",4.85177656955334,0.526146856097889,1.04721137823666,0.5024266036756,0.615367469227954,0.999542903650367
"PTI98_009618",11.0261464686156,-0.0916498853219899,0.790651287424746,-0.115916949456322,0.907718362526887,0.999542903650367
"PTI98_009621",5.05867440069004,1.13165378096332,0.905184974573213,1.25019063810342,0.211229915880505,0.999542903650367
"PTI98_009622",4.70536285048771,0.8518124522614,0.895422867628057,0.951296290341367,0.341453989599984,0.999542903650367
"PTI98_009627",3.21678457934168,1.18769377070634,1.12852381224081,1.05243128928581,0.292601719481741,0.999542903650367
"PTI98_009628",13.0717392252694,-0.589564354811179,0.696043999212849,-0.847021676040471,0.39698303962081,0.999542903650367
"PTI98_009629",4.99675444941751,0.368695126247271,0.931847424407754,0.395660401681745,0.692355571425094,0.999542903650367
"PTI98_009634",5.93594305815987,0.95616593417655,0.908939983313459,1.0519571717936,0.292819199606038,0.999542903650367
"PTI98_009635",3.90287653431733,0.547336080312718,0.927428639838967,0.590165169373844,0.555079920994237,0.999542903650367
"PTI98_009636",17.0344501463378,-2.81263245699526,1.90702515533941,-1.47487957834236,0.140244921589999,0.999542903650367
"PTI98_009641",3.73212234283992,-0.176828393702134,0.951495127946895,-0.185842668562779,0.852568142672974,0.999542903650367
"PTI98_009644",6.11037491538115,-0.577805825426895,0.841477238654707,-0.686656511768101,0.492299207733554,0.999542903650367
"PTI98_009646",3.72222705737823,-0.812791963179672,0.967899888723048,-0.839747966343905,0.401049713630153,0.999542903650367
"PTI98_009647",12.8867534189778,0.623762507617217,0.754650776851988,0.82655782880027,0.408487728162684,0.999542903650367
"PTI98_009648",4.05116414035706,0.315540477412633,0.965809475222325,0.326710894340726,0.743886559561356,0.999542903650367
"PTI98_009649",7.98483110822447,0.201605274618682,0.730972295567526,0.27580426213302,0.782698409932734,0.999542903650367
"PTI98_009657",3.77210838056744,0.474458249888132,0.984052279837772,0.482147401727832,0.629701238552799,0.999542903650367
"PTI98_009666",4.49165029521341,-0.572062049174765,0.840205324283215,-0.680859823951717,0.495960191771449,0.999542903650367
"PTI98_009668",3.50935394276757,-0.796251045719101,0.979037143486792,-0.813300139853012,0.416045996889989,0.999542903650367
"PTI98_009669",142.122999994619,-0.00446589751120492,0.555815563015892,-0.00803485510008513,0.993589182146649,0.999542903650367
"PTI98_009673",3.27513670823021,1.19856686377414,1.28588506541956,0.932094862913015,0.351287502642954,0.999542903650367
"PTI98_009679",5.14946875672364,-0.323584152331239,0.867958919437716,-0.372810446536876,0.709289527275387,0.999542903650367
"PTI98_009680",3.10379108434594,0.280561302401805,1.00893461149954,0.278076794277894,0.78095340896065,0.999542903650367
"PTI98_009684",10.7817963014112,-0.184705598309568,0.74073844373267,-0.249353330952845,0.80308748163109,0.999542903650367
"PTI98_009688",14.3381152155669,-0.31850764909608,0.567642799204344,-0.561105768526486,0.57472543592791,0.999542903650367
"PTI98_009690",5.07945897402544,0.506633538985778,0.857562407642619,0.590783288155645,0.554665633827794,0.999542903650367
"PTI98_009691",13.3075638794862,-0.515072844664717,0.630423230398067,-0.817027069797993,0.413912958525355,0.999542903650367
"PTI98_009694",17.2526034565676,-0.659259069716505,0.610996687812887,-1.07898959661529,0.280592365382872,0.999542903650367
"PTI98_009695",5.2926191119752,-0.00309358945221779,0.855740193233959,-0.00361510359882325,0.997115570935552,0.999542903650367
"PTI98_009697",4.11064434708514,-0.50673021287864,0.951216768061521,-0.532717914457398,0.594228863285475,0.999542903650367
"PTI98_009698",377.392668383813,-0.180385095748723,0.670855312484136,-0.268888227300114,0.788015696705147,0.999542903650367
"PTI98_009702",0.603505145418411,-1.62261218500201,4.04277714711781,-0.401360778978086,0.688154521281887,0.999542903650367
"PTI98_009703",1.99690640139893,0.22506392814472,1.14197258088778,0.197083478107463,0.843762212421498,0.999542903650367
"PTI98_009704",2.19250586722097,0.685241134445134,1.39423842150576,0.491480598924451,0.623086570747855,0.999542903650367
"PTI98_009705",8.62471062337765,1.13789900940807,0.824317924362804,1.38041279435681,0.167459583059803,0.999542903650367
"PTI98_009706",9.02244847370102,0.12838952569068,0.811666130234838,0.158180218328851,0.874314790990322,0.999542903650367
"PTI98_009707",93.9955496589693,0.128930494297674,0.467743455122233,0.275643609516634,0.782821811174413,0.999542903650367
"PTI98_009708",7.96572881771273,-0.291776739686828,0.7084082206121,-0.411876558172516,0.680429903524409,0.999542903650367
"PTI98_009709",2.73105536943473,0.194392402859096,1.10540567410318,0.175856165218989,0.860406943663646,0.999542903650367
"PTI98_009711",23.4748616005446,-0.0234089117700294,0.588511018284814,-0.0397765055244904,0.968271307279552,0.999542903650367
"PTI98_009712",8.12530672251383,-0.313648106605836,0.764242639799141,-0.410403830239398,0.681509737022122,0.999542903650367
"PTI98_009720",4.70022133950343,1.83787583062294,1.01353597877308,1.81333062576402,0.0697808424343914,0.999542903650367
"PTI98_009722",23.455469107743,-0.365110187019173,0.52546634667462,-0.694830771427606,0.487161361589259,0.999542903650367
"PTI98_009723",9.17929529189629,-0.0999044331933748,0.705804321155196,-0.141546927666666,0.887437890280111,0.999542903650367
"PTI98_009724",5.95212118623471,0.553811265111034,1.11760253952825,0.495535081143252,0.620222465133375,0.999542903650367
"PTI98_009726",6.67122984392326,0.82526494657315,0.875824549034446,0.94227199669496,0.346053401389303,0.999542903650367
"PTI98_009727",10.7108065247661,0.871623160781751,0.770445215492256,1.13132399715773,0.257918747628846,0.999542903650367
"PTI98_009730",4.89331404416041,-0.0606820540836678,0.932491245829667,-0.065075199745899,0.948114126304137,0.999542903650367
"PTI98_009731",4.19166589413108,0.409803377902549,0.984849413653245,0.416107652826239,0.67733123026039,0.999542903650367
"PTI98_009732",8.29875390226485,0.172115494137835,0.773239427370345,0.222590168123178,0.823854489192366,0.999542903650367
"PTI98_009737",2.56358998131108,0.240605245959709,1.21611964626063,0.197846689426925,0.843165015240086,0.999542903650367
"PTI98_009738",7.51954763701262,-1.1398337170472,0.779281860738983,-1.46267194769081,0.143557165678081,0.999542903650367
"PTI98_009739",8.85393264791299,-1.14808875695684,0.760795558805685,-1.50906343191479,0.131282573447048,0.999542903650367
"PTI98_009741",6.64530560696002,0.163339363963949,0.849403468769735,0.1922989132603,0.847508069606292,0.999542903650367
"PTI98_009742",12.0583286443554,1.18780290795933,0.793168166548598,1.4975423347207,0.134252198586685,0.999542903650367
"PTI98_009744",6.1968457922042,-0.162913107819755,0.826251871361297,-0.197171242167774,0.843693534269381,0.999542903650367
"PTI98_009746",5.17702681796829,0.706500809847573,0.871148289859151,0.810999479734732,0.417365969524839,0.999542903650367
"PTI98_009747",24.912696736968,-0.209574202007249,0.612638273614763,-0.342084735860027,0.732287124287491,0.999542903650367
"PTI98_009748",3.10871134481672,0.471983422032638,0.990718549760029,0.476405152751972,0.633785764422176,0.999542903650367
"PTI98_009749",6.19167488136068,0.762715944566954,0.837491498695411,0.910714849947805,0.362445637642902,0.999542903650367
"PTI98_009750",19.3771372753883,1.05531552112732,0.676964295053209,1.55889391632445,0.119021490483963,0.999542903650367
"PTI98_009758",55.6795266413522,-2.82833428214034,1.39935363068478,-2.02117193261312,0.043261970101891,0.999542903650367
"PTI98_009759",7.43600322364392,0.955139678006563,0.881313869302182,1.0837678961785,0.278467722878021,0.999542903650367
"PTI98_009760",4.13221228784957,0.321657832167828,1.08899257635102,0.295371923696334,0.767709778657871,0.999542903650367
"PTI98_009761",5.66739889975954,-0.448127488715549,0.785012761628117,-0.570853762665122,0.568098775684281,0.999542903650367
"PTI98_009763",3.85051351866467,0.0838456495378806,0.929783218057784,0.0901776327099396,0.928146058409285,0.999542903650367
"PTI98_009764",12.1839265709301,-0.243182361532838,0.798273244822105,-0.304635490554404,0.760643786452616,0.999542903650367
"PTI98_009766",26.416813237637,0.156151558927914,0.574197052723887,0.271947684487684,0.785662245471244,0.999542903650367
"PTI98_009771",5.19563211804336,-1.06427863199841,0.937912283948046,-1.13473152043434,0.25648782626226,0.999542903650367
"PTI98_009772",5.81371467036282,0.547332903088901,0.889383215012893,0.61540727759402,0.538285786455218,0.999542903650367
"PTI98_009773",3.04496254395221,0.532270568711799,1.12901049000936,0.471448736235735,0.637320319687152,0.999542903650367
"PTI98_009775",5.22817590172618,1.20753805130135,1.00048345768547,1.20695453985305,0.227449651792205,0.999542903650367
"PTI98_009778",12.2056591799582,0.0929622700336622,0.633472550292419,0.146750273537108,0.883329135586067,0.999542903650367
"PTI98_009781",2.72462893607486,-0.1096489852109,1.03658279261969,-0.105779283614954,0.915757473839598,0.999542903650367
"PTI98_009789",1.37005002849161,-1.18406886267359,1.78061114121829,-0.664978913848338,0.506063979986137,0.999542903650367
"PTI98_009796",4.083891480115,-0.720489947950886,1.42413289636907,-0.505914827041652,0.612916443119743,0.999542903650367
"PTI98_009798",5.65668685654236,-1.39464414727896,1.09612110619236,-1.27234494382065,0.203250586461115,0.999542903650367
"PTI98_009799",8.5211536410718,0.277979987856507,0.764868705160903,0.363434908476258,0.716280028723844,0.999542903650367
"PTI98_009803",4.85344070934691,1.12657493338193,1.01080532759887,1.11453204946799,0.265051003014754,0.999542903650367
"PTI98_009804",31.2136901435957,-0.179940998487819,0.593032208653547,-0.303425338222972,0.761565738183855,0.999542903650367
"PTI98_009806",5.23807176883374,0.614497939418014,0.959938910306771,0.640142755773528,0.522079794595689,0.999542903650367
"PTI98_009808",4.23818417497013,-0.152329840559365,1.0661651322535,-0.142876404368423,0.886387793949179,0.999542903650367
"PTI98_009810",6.37482176515809,0.747014008277205,0.826739987870515,0.903565835978655,0.366225663726731,0.999542903650367
"PTI98_009817",7.15546631267766,-0.72033520290785,0.810012033320007,-0.889289508398292,0.373847508565088,0.999542903650367
"PTI98_009822",26.9912627102952,0.135952737258188,0.523234631040142,0.259831305485125,0.794993901787312,0.999542903650367
"PTI98_009823",4.28113111394665,0.701522869052404,0.947045638368682,0.740748746027489,0.458845797170633,0.999542903650367
"PTI98_009824",3.22837905759361,0.70402662563678,1.03860563284918,0.67785750757527,0.497862044369943,0.999542903650367
"PTI98_009825",7.83485668608543,0.524517656196221,0.737593817157529,0.711119919927689,0.477009926976,0.999542903650367
"PTI98_009826",8.64376147207765,0.718572818550828,0.849446377676105,0.84593075847434,0.397591372399133,0.999542903650367
"PTI98_009828",5.80495899185791,-0.247714246124008,0.776094888407455,-0.319180360319493,0.7495897488932,0.999542903650367
"PTI98_009834",68.5250746525734,1.18992801292862,0.765322069070879,1.55480687284143,0.119992071798767,0.999542903650367
"PTI98_009837",4.42926879054116,-0.449813377760202,0.94295250168132,-0.477026549012985,0.633343216563595,0.999542903650367
"PTI98_009843",6.08132245622311,0.29421422887265,0.807370175576246,0.364410573703271,0.715551440840294,0.999542903650367
"PTI98_009844",5.54342536440537,-0.0313407378669343,0.850342016747997,-0.036856626215875,0.970599323496271,0.999542903650367
"PTI98_009846",6.64987418368045,-0.453540062241249,0.841300019992103,-0.539094320056603,0.58982177460004,0.999542903650367
"PTI98_009854",2.10964043662605,-0.317484671141616,1.28839730582312,-0.246418297916872,0.805358443178704,0.999542903650367
"PTI98_009858",16.9588137283538,-1.61949171137705,0.66688457099007,-2.4284438144561,0.0151637744436118,0.999542903650367
"PTI98_009860",2.66374016747675,0.0338794549421009,1.09837189225011,0.0308451583485952,0.975393026383359,0.999542903650367
"PTI98_009861",3.23010307695072,-0.957781893809596,1.0600102834672,-0.903559058575147,0.366229258892727,0.999542903650367
"PTI98_009863",6.61705727860504,1.32802478383367,0.823979601416067,1.61172046195242,0.10702278294396,0.999542903650367
"PTI98_009865",60.817878609253,-0.729886125273496,0.534208696946456,-1.36629397732672,0.171846710602684,0.999542903650367
"PTI98_009868",3.22244075957859,1.18103163624998,0.991686742393814,1.19093216210506,0.233680217306856,0.999542903650367
"PTI98_009870",18.297014209479,-0.729018174675292,0.608819159900068,-1.19742975039576,0.231139093581967,0.999542903650367
"PTI98_009871",7.2704444410088,0.467921512689927,0.8025989187108,0.58300790317727,0.559887979939635,0.999542903650367
"PTI98_009876",3.61319838189499,-0.533662378513782,0.958717532584956,-0.556641930887492,0.577772099069322,0.999542903650367
"PTI98_009877",8.92632165702916,-0.4410029651857,0.729297002886797,-0.604695979059375,0.545381020331098,0.999542903650367
"PTI98_009878",2.62710659435611,0.0611634492359549,1.05828071709749,0.0577951088475898,0.9539118342427,0.999542903650367
"PTI98_009880",4.38122883038875,0.685815501396822,0.973542406037411,0.704453650034909,0.481150305124385,0.999542903650367
"PTI98_009881",5.07753700167409,0.973735546688589,0.872231589111731,1.11637271436159,0.264262628054773,0.999542903650367
"PTI98_009883",11.996951799911,0.299026658834462,0.616663780912287,0.4849103645946,0.627739929921257,0.999542903650367
"PTI98_009887",8.0432722208169,-0.04227100567573,0.776816555806727,-0.0544156858652831,0.956603981857285,0.999542903650367
"PTI98_009888",5.7840009953411,1.06762669273643,1.0279399078853,1.03860807868893,0.298987047046818,0.999542903650367
"PTI98_009889",4.95456690557445,-0.584892844976489,0.910974362460471,-0.642051927122009,0.520839467717583,0.999542903650367
"PTI98_009891",3.03805190881042,0.0211896306526008,0.991029442524265,0.0213814340355302,0.982941383674234,0.999542903650367
"PTI98_009897",48.4003958116911,-0.0875576609996325,0.494988102484091,-0.176888415216902,0.859596038447309,0.999542903650367
"PTI98_009898",5.66635103053691,-0.5718516228912,0.832431831802892,-0.686965107584457,0.492104716617908,0.999542903650367
"PTI98_009902",8.71231931033761,0.155590758549936,0.689793164002138,0.225561467798852,0.821542512729815,0.999542903650367
"PTI98_009903",7.07664396199145,1.06704882449552,0.813834115717529,1.31113798732158,0.18981114874453,0.999542903650367
"PTI98_009911",3.98605561838457,-0.218794523303038,0.902065598500202,-0.242548350881368,0.80835529646529,0.999542903650367
"PTI98_009912",5.83607056913194,-0.585549179014692,0.83620091017234,-0.700249392091681,0.483771570718566,0.999542903650367
"PTI98_009913",9.07435587629731,0.217240838838512,0.817406293562396,0.265768493036357,0.790417509710466,0.999542903650367
"PTI98_009916",6.44252663088112,-0.848191496991006,0.78720128891568,-1.07747727161288,0.281267099340246,0.999542903650367
"PTI98_009917",4.75563025283859,0.390049890419654,0.891794355238762,0.437376496193705,0.66183832674297,0.999542903650367
"PTI98_009919",7.02982625627334,0.232125834893596,0.736889011651206,0.315007865802549,0.752755681640542,0.999542903650367
"PTI98_009923",9.21249200040511,0.39143133289418,0.753766501949725,0.519300515320974,0.603551194076979,0.999542903650367
"PTI98_009924",8.72741453714701,0.384346321550668,0.812099703721933,0.473274795926129,0.636017141303312,0.999542903650367
"PTI98_009926",3.94852143346591,0.22024812424336,0.909071358214261,0.242278147092881,0.808564645524653,0.999542903650367
"PTI98_009929",10.3423606036228,-0.492353146379524,0.839661998192417,-0.586370643710729,0.557626467432218,0.999542903650367
"PTI98_009930",2.54994188964057,1.16050858002953,1.16009486823855,1.00035661893032,0.317137955954146,0.999542903650367
"PTI98_009933",9.16905974830345,-0.0845290609614393,0.816177727051912,-0.103566978318269,0.917512994184891,0.999542903650367
"PTI98_009934",9.27682036664727,0.00197613326292401,0.804103992218039,0.00245755932323262,0.998039153332523,0.999542903650367
"PTI98_009935",6.18313265010112,0.0225618376636124,0.850649825066627,0.026523061545149,0.978840139614667,0.999542903650367
"PTI98_009937",5.62298815544986,-0.839225419115185,1.01496167894384,-0.826854290684621,0.408319653912049,0.999542903650367
"PTI98_009943",4.74923612315495,-0.637682025262751,0.94332146360022,-0.675996518545242,0.49904285545391,0.999542903650367
"PTI98_009944",6.67396997396915,0.83167939421094,0.840787352663685,0.989167346031205,0.32258127195647,0.999542903650367
"PTI98_009947",4.38221849541317,0.304224900638395,0.895931626512378,0.339562631383671,0.734185923483208,0.999542903650367
"PTI98_009950",4.00910541415601,-0.299130581581171,0.91679742871385,-0.326277727459176,0.744214237894099,0.999542903650367
"PTI98_009955",120.047896867479,0.577659165177535,0.476351447381667,1.21267431505188,0.225254363652907,0.999542903650367
"PTI98_009956",20.8176472426573,1.17523977886454,0.637178543987309,1.84444342948238,0.0651185430104283,0.999542903650367
"PTI98_009968",16.0631756418707,-0.414598143835983,0.593666679524936,-0.698368559555596,0.484946733373055,0.999542903650367
"PTI98_009974",75.4344214345439,-0.473158241193245,0.521198673069704,-0.907827025741422,0.363969617312124,0.999542903650367
"PTI98_009975",9.73606071429776,0.820604591135556,0.79953715981525,1.02634953367918,0.30472685678817,0.999542903650367
"PTI98_009978",8.89048518129711,0.827663133789347,0.887713157791024,0.932354248132241,0.351153480956554,0.999542903650367
"PTI98_009979",2.91114948661922,0.670395577152239,1.27735241694748,0.524832120139797,0.599699900539617,0.999542903650367
"PTI98_009981",21.3931954641735,0.00373154189624847,0.612199902281479,0.00609529972537103,0.995136684569878,0.999542903650367
"PTI98_009986",4.53609672409352,0.721895158628074,0.874197560952346,0.825780339448266,0.40892870877451,0.999542903650367
"PTI98_009989",6.22015699250125,-0.0460890356333701,0.89285517180964,-0.0516198338639365,0.958831615269528,0.999542903650367
"PTI98_009990",7.11718731026826,0.303882613538045,0.764441749679811,0.397522262049825,0.690982373366068,0.999542903650367
"PTI98_009993",3.17799878444003,-0.0263661342087777,0.982747984399458,-0.0268289883340638,0.978596132188554,0.999542903650367
"PTI98_009995",98.7196789534272,0.0989332141279482,0.450718683125855,0.219501027651705,0.826259779433445,0.999542903650367
"PTI98_009996",14.7769918355889,0.699991745685905,0.667126050582109,1.04926459561146,0.294056355966128,0.999542903650367
"PTI98_009997",41.7300831147517,0.0558938908754284,0.756062003036002,0.0739276549422983,0.941067950591404,0.999542903650367
"PTI98_010004",8.49479911430907,0.591330211458808,0.790922923687673,0.747645811935421,0.454673824199727,0.999542903650367
"PTI98_010006",8.28178252985603,-0.416992668302331,0.76748059531798,-0.543326659782927,0.586904911700326,0.999542903650367
"PTI98_010010",5.8760084636771,-0.0344966080657107,0.787404617421394,-0.0438105229541082,0.965055439034912,0.999542903650367
"PTI98_010012",9.27695316635126,0.404092790126627,0.724133472858,0.558036336218183,0.576819572068673,0.999542903650367
"PTI98_010013",11.2711600872336,-1.00254226377055,0.943157586307207,-1.06296368531144,0.287798420105489,0.999542903650367
"PTI98_010018",2.44335025465708,-0.173909967487751,1.09071070316588,-0.159446466403018,0.873317132246236,0.999542903650367
"PTI98_010020",2.1489687356428,0.0196763605540289,1.21835061793369,0.0161499984195025,0.987114725734655,0.999542903650367
"PTI98_010024",3.81200012424798,1.32916929778254,1.09918339101543,1.209233426057,0.226573179311991,0.999542903650367
"PTI98_010025",4.56600206581023,-3.36059547391069,1.22673285850693,-2.73946805174919,0.00615386954298966,0.999542903650367
"PTI98_010026",11.1073915460361,-0.505885741894469,0.672885185363493,-0.751815841540915,0.452161813999452,0.999542903650367
"PTI98_010027",6.22018040496182,-0.505929771181877,0.852072688042035,-0.593763628716284,0.552670218808599,0.999542903650367
"PTI98_010028",15.9578732372471,-0.0684103426121433,0.606901548510409,-0.112720659191019,0.91025202197015,0.999542903650367
"PTI98_010029",3.954959468283,-0.133171540598507,0.855497505210418,-0.155665609528285,0.876296606274482,0.999542903650367
"PTI98_010031",28.5812434964464,-0.219422100222181,0.64958414183454,-0.337788572859083,0.735522521808392,0.999542903650367
"PTI98_010032",5.06579252144915,0.311584355655101,0.910131435511826,0.342350943498482,0.732086801757052,0.999542903650367
"PTI98_010033",59.5768343432245,-0.452343849326584,0.493541715305801,-0.916526071248728,0.359391039640391,0.999542903650367
"PTI98_010035",3.64477687246514,0.554596276359585,0.958206911305196,0.578785510536714,0.562733909095876,0.999542903650367
"PTI98_010036",5.34538085320235,-0.668859556455687,0.901430483433162,-0.741997934114994,0.458088587271452,0.999542903650367
"PTI98_010037",2.3214887875853,-1.73400911974216,1.42260323127039,-1.21889862305014,0.222882672372053,0.999542903650367
"PTI98_010039",29.8042769944035,-0.0395796224607013,0.588563127311374,-0.0672478798349222,0.946384368767581,0.999542903650367
"PTI98_010042",4.50459828136922,1.21172150051086,0.973716463801567,1.2444295085451,0.213341528152843,0.999542903650367
"PTI98_010044",16.4387641567091,0.332917468378565,0.604556267784171,0.5506806994141,0.581852577636459,0.999542903650367
"PTI98_010045",5.79881868849716,0.775641567537364,0.792555603277719,0.978658865484763,0.327748563143794,0.999542903650367
"PTI98_010046",5.48708020622085,-0.10183116861438,0.835383066073157,-0.121897573400731,0.902980137442837,0.999542903650367
"PTI98_010047",4.40672548669624,-0.0153298225693215,1.06500295589694,-0.0143941596447597,0.988515518836866,0.999542903650367
"PTI98_010048",15.7800270654092,-1.06941114610101,0.63150050362402,-1.69344464487983,0.0903708630268399,0.999542903650367
"PTI98_010050",10.7133047280953,-1.32406578696999,0.911727423034177,-1.45226056990101,0.146429166689821,0.999542903650367
"PTI98_010051",69.6551768408866,-0.180794027902729,0.537390328209181,-0.336429627427821,0.736546910757097,0.999542903650367
"PTI98_010052",10.8311240338361,0.628691457453322,0.665992535000083,0.943991748275742,0.345173865034674,0.999542903650367
"PTI98_010053",5.41956828382075,-0.348561851020083,0.797863357350028,-0.436869105228461,0.662206278674299,0.999542903650367
"PTI98_010054",14.0162719108588,-0.508063140659966,0.6371727377032,-0.797371121826975,0.425235525779726,0.999542903650367
"PTI98_010055",17.6358536414822,0.004557544751937,0.579638898889304,0.00786273102214173,0.993726512952237,0.999542903650367
"PTI98_010059",4.01291922699732,-0.785524561047782,0.94019252314603,-0.835493307710313,0.403440013408119,0.999542903650367
"PTI98_010061",6.96671514409276,0.159116967098257,0.744567533976474,0.213703874849966,0.830777989455494,0.999542903650367
"PTI98_010063",6.01001386697213,0.145194091875967,0.761444407261526,0.190682458878575,0.848774382314894,0.999542903650367
"PTI98_010066",13.309479873747,0.307865020254061,0.648058191403803,0.475057678982767,0.634745862299805,0.999542903650367
"PTI98_010069",2.57874790913469,0.596323314608181,1.04136279309416,0.572637431030496,0.566890210125925,0.999542903650367
"PTI98_010070",4.85154768617668,-0.592206948442025,0.944035880659085,-0.627314025425148,0.530453411527555,0.999542903650367
"PTI98_010071",16.7122665658261,-0.05289778539818,0.5812996891788,-0.0909991633969535,0.927493255812102,0.999542903650367
"PTI98_010072",12.1250426737385,0.261672188680833,0.667267652422054,0.39215476388075,0.694943865746739,0.999542903650367
"PTI98_010073",3.43214475377039,-0.0919662145625893,0.928951763450166,-0.0989999892147498,0.921138278668464,0.999542903650367
"PTI98_010079",7.4080342672007,0.0497876701608667,0.76744549651075,0.0648745355692751,0.948273895544536,0.999542903650367
"PTI98_010081",15.4810138514329,0.201904565823944,0.63510672617112,0.317906514769841,0.750555850703142,0.999542903650367
"PTI98_010082",6.70437440579475,-1.01693124041614,0.843640279944179,-1.20540859012022,0.228045606948475,0.999542903650367
"PTI98_010083",3.64807815255387,-0.327515321644313,0.976590690714917,-0.335366008255264,0.737349006209565,0.999542903650367
"PTI98_010084",3.19227798616266,-0.386852506148487,1.05114584592741,-0.368029334508925,0.712851361127442,0.999542903650367
"PTI98_010085",6.31726757744015,-0.794699751280563,0.801669062664667,-0.991306498268825,0.321535940871922,0.999542903650367
"PTI98_010086",32.4931109497282,0.345870074510471,0.521119274788028,0.663706163336903,0.506878393875178,0.999542903650367
"PTI98_010089",10.4033809615399,0.668709313114507,0.844839361022093,0.791522440793357,0.428639186207615,0.999542903650367
"PTI98_010092",9.61779801001713,0.0524465159951305,0.673450881469184,0.0778772698028318,0.937925680556669,0.999542903650367
"PTI98_010094",2.5978408519692,-0.179405259632099,1.09504752137717,-0.163833309632509,0.869862368667803,0.999542903650367
"PTI98_010101",35.4771421356226,0.297746455660843,0.60959372773487,0.488434250738126,0.625242286430495,0.999542903650367
"PTI98_010105",4.18188904694059,-0.707038467496935,0.87981194582564,-0.803624536870127,0.421613847990666,0.999542903650367
"PTI98_010106",2.67838149914978,0.639560145334417,1.12388880497591,0.569059983961784,0.569315433422415,0.999542903650367
"PTI98_010107",4.99311827122354,-1.22737141565105,0.966350491927642,-1.27010999208241,0.204045452861827,0.999542903650367
"PTI98_010108",4.31359583781835,-0.196786725214867,0.967366382655707,-0.203425226205018,0.838802684338528,0.999542903650367
"PTI98_010109",21.8802268800879,0.254139785719337,0.556553727016415,0.456631181111183,0.647936163264031,0.999542903650367
"PTI98_010110",4.78789010997495,0.871311297183438,1.05922833346381,0.822590625322629,0.410740831534563,0.999542903650367
"PTI98_010111",9.29621813875537,0.783972872304678,0.855299292825771,0.91660647785006,0.359348888655167,0.999542903650367
"PTI98_010113",2.2757917944284,-0.00184800644229443,1.2158420079358,-0.00151993962228028,0.998787264108977,0.999542903650367
"PTI98_010114",19.0140478716844,0.795431961111331,0.566120935618533,1.40505660728172,0.160004446067167,0.999542903650367
"PTI98_010117",6.19697727336848,0.211558080967517,0.766120450596382,0.276142061999299,0.782438955352734,0.999542903650367
"PTI98_010119",8.22797967676873,-0.271636128551883,0.688691255230216,-0.39442366443448,0.693268275248103,0.999542903650367
"PTI98_010126",3.04566293495525,-0.636892365376368,1.08069624529773,-0.589335225460053,0.555636419288571,0.999542903650367
"PTI98_010127",4.57983098819445,0.379567729985543,0.937430638283425,0.404902202343832,0.685549399463569,0.999542903650367
"PTI98_010130",14.831962985884,-0.0423340169859665,0.611078227907538,-0.0692775737255885,0.944768676416002,0.999542903650367
"PTI98_010133",11.5302826005226,-0.482169846793591,0.715664189948613,-0.673737562345004,0.500478176599092,0.999542903650367
"PTI98_010136",4.85237632726835,0.377387179539895,1.04519531314624,0.361068572345473,0.718048186332694,0.999542903650367
"PTI98_010137",6.70620582476819,-0.513987814841572,0.799895806346795,-0.642568457995805,0.520504155359065,0.999542903650367
"PTI98_010139",2.55900497895417,-0.710098194045121,1.12827673031316,-0.629365274464211,0.529109946553093,0.999542903650367
"PTI98_010143",5.81473724961184,0.238501739866891,0.836755403431532,0.285031610060475,0.77561992462916,0.999542903650367
"PTI98_010144",12.8281231296402,0.666996911038752,0.694864965088155,0.959894288171707,0.33710842120006,0.999542903650367
"PTI98_010145",8.13032434968382,-0.0854767945660411,0.695909086648938,-0.122827530500634,0.902243673136558,0.999542903650367
"PTI98_010147",15.8611449827214,0.0223778012170926,0.599504538833079,0.0373271589580463,0.970224150861037,0.999542903650367
"PTI98_010149",4.67680625326075,0.0659182500303055,0.906347064003807,0.0727295896332585,0.942021301772781,0.999542903650367
"PTI98_010152",13.4647586650191,-0.484561566913451,0.689291022618566,-0.702985460441131,0.482064810501556,0.999542903650367
"PTI98_010154",69.8475907211652,-0.229515667982656,0.44424610169278,-0.516640814872874,0.605406918472769,0.999542903650367
"PTI98_010156",40.385236547786,0.268811653406022,0.550414815844628,0.488380119262456,0.625280621061067,0.999542903650367
"PTI98_010158",40.6719879900147,0.0568660048553849,0.572078015284601,0.0994025348572343,0.920818670208703,0.999542903650367
"PTI98_010159",3.45068314827409,0.105265819391086,0.974968908752585,0.107968385910652,0.91402076996664,0.999542903650367
"PTI98_010161",8.22664601272533,0.243799256958775,0.701294203614701,0.347641910773187,0.728109126942186,0.999542903650367
"PTI98_010162",35.5971215671255,0.943859485134763,0.719885973805173,1.311123593846,0.189816010753359,0.999542903650367
"PTI98_010163",3.71897178749333,-0.75130891875237,1.16108062275707,-0.647077303700353,0.517581913568912,0.999542903650367
"PTI98_010165",4.20430755068975,0.757672145845205,1.1087389070674,0.683363902011192,0.494376924132221,0.999542903650367
"PTI98_010166",14.2657871758898,0.262611775670064,1.04652855399524,0.250936082601391,0.80186352684449,0.999542903650367
"PTI98_010168",8.24202493877685,0.144388492403244,0.740165754011244,0.195075888908325,0.845333537815983,0.999542903650367
"PTI98_010174",9.16118095408981,0.696931341496332,0.915448798705206,0.761300186839569,0.446477789012228,0.999542903650367
"PTI98_010176",4.0451439860002,-0.677314680125435,0.980548668593258,-0.690750700928637,0.489722221364989,0.999542903650367
"PTI98_010177",2.59942513358783,-0.353941487408055,1.08191078956196,-0.32714479864958,0.743558369874366,0.999542903650367
"PTI98_010182",8.28371838760759,-0.769936063759053,0.842590350959488,-0.913772704472938,0.360836291841444,0.999542903650367
"PTI98_010184",3.26978602814139,-0.714499814941421,0.99527992155464,-0.717888304051551,0.472826160019032,0.999542903650367
"PTI98_010187",3.38965974883365,-0.655399610455443,0.987110410423317,-0.663957753392934,0.506717350584905,0.999542903650367
"PTI98_010188",6.53502143999412,0.32573916937243,0.799556053281093,0.407400041605229,0.683714196419607,0.999542903650367
"PTI98_010198",6.28805691849622,-0.464322761728442,0.752957909566564,-0.616664963378534,0.537455735585431,0.999542903650367
"PTI98_010199",3.03627270500949,-0.456050606444908,1.0834328192115,-0.420931135145796,0.673805368962266,0.999542903650367
"PTI98_010200",5.24204697367432,1.52576627055104,0.977833510478345,1.56035383754096,0.118676287291346,0.999542903650367
"PTI98_010201",12.0544560881824,0.206874350967101,0.668462999546546,0.309477639162429,0.756958219216053,0.999542903650367
"PTI98_010203",8.13397381696275,0.0319719732752495,0.845474809911508,0.0378154060895036,0.96983486087496,0.999542903650367
"PTI98_010204",101.743232310376,-0.281612041253446,0.472072019600657,-0.596544657511522,0.550811429917764,0.999542903650367
"PTI98_010206",16.676499038498,0.278073591105646,0.673743511735252,0.412729156217708,0.679805060778985,0.999542903650367
"PTI98_010207",3.49850725121883,-0.15779315799449,0.927992632485077,-0.170037080544416,0.864980975191568,0.999542903650367
"PTI98_010208",13.1239197265352,0.258108470845093,0.620759277399662,0.415794785905255,0.677560174587993,0.999542903650367
"PTI98_010211",13.7457789536063,-0.0714596545907182,0.72001839990745,-0.0992469839658313,0.92094217116464,0.999542903650367
"PTI98_010212",4.53421655811574,0.286085285191497,0.907172591348865,0.315359268919402,0.752488888835069,0.999542903650367
"PTI98_010216",2.73305054502556,-0.135021480777804,1.14890498134329,-0.117521886466136,0.906446501326442,0.999542903650367
"PTI98_010218",4.34623178402361,1.53903935732547,1.14539813733986,1.343671957508,0.179054489256765,0.999542903650367
"PTI98_010223",4.81593043600967,0.613399545523382,0.868996736835268,0.705870942343552,0.480268399385146,0.999542903650367
"PTI98_010225",2.65347311192218,-0.166883208198243,1.14452116736988,-0.14581050395227,0.884070983576833,0.999542903650367
"PTI98_010226",3.63104464530094,-0.100121605551041,1.00194965827746,-0.0999267824724531,0.920402453426849,0.999542903650367
"PTI98_010230",4.53978325277276,0.123753809592063,0.943757153604293,0.13112887051445,0.895673362977071,0.999542903650367
"PTI98_010233",3.61141402625481,1.21055565476227,1.05527290008726,1.14714938160751,0.251319887675322,0.999542903650367
"PTI98_010235",2.67271206742428,-0.424130526596029,1.11363366089722,-0.380852825743719,0.703312458629856,0.999542903650367
"PTI98_010236",11.3874788290574,-0.882970490952255,0.789873882985069,-1.11786262335369,0.263625670484169,0.999542903650367
"PTI98_010241",4.08075441687529,0.596709368117098,0.899778468051569,0.66317364696362,0.507219347350486,0.999542903650367
"PTI98_010242",37.8482545218895,0.00295370287983707,0.571149409577592,0.00517150649253328,0.995873753205911,0.999542903650367
"PTI98_010243",19.9073318494237,0.338332471895951,0.583852706933684,0.57948257818796,0.562263598659361,0.999542903650367
"PTI98_010244",11.3875391757922,-0.489520029971815,0.754099789512337,-0.649144896709729,0.516244724530316,0.999542903650367
"PTI98_010245",4.02064489508956,0.830003315212432,0.905193741169782,0.91693443896311,0.359176996091206,0.999542903650367
"PTI98_010247",8.52696889570819,0.0510573937077742,0.731401537845867,0.0698076105474827,0.94434678961708,0.999542903650367
"PTI98_010248",18.3891649034882,0.31819708854617,0.712468353097878,0.446612242021164,0.655155055011859,0.999542903650367
"PTI98_010251",4.12377482773952,0.54750546132492,1.06324338879596,0.514938975491706,0.606595664039899,0.999542903650367
"PTI98_010257",3.37514175424875,-0.0126270947560719,0.942327314337517,-0.0133999031588606,0.989308744103276,0.999542903650367
"PTI98_010258",4.69990697069325,0.355680908943123,0.911323134525376,0.390290661422048,0.69632162796381,0.999542903650367
"PTI98_010259",4.30169544308119,0.300661195321325,0.914666893047456,0.328711138018336,0.742374034840084,0.999542903650367
"PTI98_010260",12.3484939669431,0.587260380391854,0.663210329707179,0.885481353481242,0.375897072109876,0.999542903650367
"PTI98_010263",5.88611584142382,2.1213316001561,1.00729684305799,2.10596470620921,0.0352074182296378,0.999542903650367
"PTI98_010272",20.9920072670669,0.164935650485712,0.526980922175464,0.312982203994843,0.754294182567143,0.999542903650367
"PTI98_010285",6.59697780768636,-0.258345054911119,0.780651501914658,-0.330935192307312,0.740693438675839,0.999542903650367
"PTI98_010286",15.7644870980888,-0.0360132889740524,0.561676180616263,-0.0641175293111755,0.948876644193047,0.999542903650367
"PTI98_010287",22.9029925067614,-0.0498891445401459,0.533379089738841,-0.0935341214155455,0.925479243532445,0.999542903650367
"PTI98_010288",10.6263293285106,-0.353559235327038,0.679212559143664,-0.520542841217184,0.602685276308019,0.999542903650367
"PTI98_010289",43.1215800256271,0.322969011314344,0.572398006004266,0.564238533199811,0.572591806918793,0.999542903650367
"PTI98_010290",7.80353026629785,-0.468772013626829,0.754065455735812,-0.621659578835109,0.534165735894313,0.999542903650367
"PTI98_010293",28.6839540547173,-0.0641218171369842,0.551631350016136,-0.116240342640259,0.907462064640248,0.999542903650367
"PTI98_010296",6.04503209561884,0.399703565509304,0.84648724227352,0.472190891425331,0.636790540637143,0.999542903650367
"PTI98_010297",18.4914990201709,-0.258978326876346,0.939953376463775,-0.275522524160353,0.782914823438293,0.999542903650367
"PTI98_010302",3.26429775603982,0.383682935398293,1.08601865932638,0.353293133689137,0.723868692591958,0.999542903650367
"PTI98_010306",11.9356265841385,-0.116978281637294,0.678766965106088,-0.172339385460532,0.863170722424245,0.999542903650367
"PTI98_010310",8.5460131705863,0.0374574360997776,0.795730556539073,0.0470730145926454,0.962455034723447,0.999542903650367
"PTI98_010312",20.1071978126976,-0.31546447287739,0.633252911060878,-0.498165057542172,0.618367708844156,0.999542903650367
"PTI98_010313",11.4067569336688,-0.93363013930219,0.754214626399839,-1.23788389487853,0.215759114799648,0.999542903650367
"PTI98_010314",22.6761774903347,-1.09755204561387,0.746353294228563,-1.47055295943768,0.141412053450952,0.999542903650367
"PTI98_010316",9.44763351629464,0.0527632618339005,0.79987248391101,0.0659645917258115,0.947406015739112,0.999542903650367
"PTI98_010317",6.50745883895788,-0.30154317355912,0.790308207836615,-0.381551362581141,0.702794166507079,0.999542903650367
"PTI98_010319",4.62374557053236,0.918040954479819,1.01763329994501,0.90213336624246,0.366986026195547,0.999542903650367
"PTI98_010324",2.01233148048231,0.68832322554084,1.20941870778814,0.569135586466733,0.569264129771401,0.999542903650367
"PTI98_010326",6.80715596404093,0.0432016290860262,0.775232313215305,0.0557273327615122,0.955559024936282,0.999542903650367
"PTI98_010330",2.93271009026364,-0.362386837325871,1.00553646352678,-0.360391542694383,0.7185543502749,0.999542903650367
"PTI98_010331",8.07246955597534,-0.774519800921944,0.773955041567434,-1.00072970563428,0.316957501903106,0.999542903650367
"PTI98_010334",9.25878829922645,-0.160308225703188,0.705535865421577,-0.2272148498183,0.820256681167895,0.999542903650367
"PTI98_010335",4.58001414573257,-0.140864180323268,0.865734494497219,-0.162710601481897,0.87074629945785,0.999542903650367
"PTI98_010336",20.3511234214974,0.144256174322225,0.602613174999935,0.239384368458655,0.810807549862246,0.999542903650367
"PTI98_010337",5.76988517668412,-0.432559253450607,0.974749764283347,-0.443764409390375,0.657212922565023,0.999542903650367
"PTI98_010339",4.11742521704234,-0.47144730210917,0.948034704894586,-0.497289075679557,0.618985214293203,0.999542903650367
"PTI98_010341",2.78345968513718,1.96251942630643,1.24243238160582,1.5795784586441,0.114203435645836,0.999542903650367
"PTI98_010345",2.51321471945105,-0.338841861093989,1.08537250645912,-0.31218946405729,0.754896538723461,0.999542903650367
"PTI98_010346",8.59453630361535,-1.4699011795747,0.974651508557223,-1.50812999997363,0.131521258454249,0.999542903650367
"PTI98_010347",5.17268354985005,-0.170985460210382,0.852011764177147,-0.20068438887756,0.840945367253039,0.999542903650367
"PTI98_010353",4.49455795181024,-1.31036053748055,1.08375845600432,-1.20908910119297,0.22662861590647,0.999542903650367
"PTI98_010357",3.64467385757583,0.608841594474178,1.12122397780118,0.543015139283921,0.587119378827836,0.999542903650367
"PTI98_010358",5.50938934038523,0.520329026258391,0.974267552462661,0.534072006137485,0.593291716745628,0.999542903650367
"PTI98_010359",8.63971632582541,0.200119923669528,0.749519971982987,0.266997453236737,0.789471121959325,0.999542903650367
"PTI98_010362",4.95823404288428,0.877459169991854,0.856301696534739,1.02470796629591,0.305501003054672,0.999542903650367
"PTI98_010366",8.28566932233259,-1.74108021104151,1.00905790496258,-1.72545123771275,0.08444618428652,0.999542903650367
"PTI98_010371",53.5151604009795,0.497797759795473,0.550595695586249,0.904107612511284,0.365938342212303,0.999542903650367
"PTI98_010376",2.59461335953841,-1.19901192842686,1.30035493155541,-0.922065121860747,0.356494608410409,0.999542903650367
"PTI98_010380",2.1481485860541,1.29029341028095,1.41988355246113,0.908731852020148,0.363491686565765,0.999542903650367
"PTI98_010396",5.66859341306797,0.302833323284266,0.841010262761834,0.360082791724535,0.718785221079063,0.999542903650367
"PTI98_010399",1.67095386941327,-0.127505479070605,1.32336258433986,-0.0963496176931807,0.923242905135053,0.999542903650367
"PTI98_010403",27.6475563605929,-1.51571259381995,0.93424817557281,-1.622387534116,0.104720396622862,0.999542903650367
"PTI98_010404",7.05359269221385,0.103229801509029,0.849425085645897,0.121529023869755,0.903272027347767,0.999542903650367
"PTI98_010405",26.2143091935165,-0.0219064719906272,0.598983599472274,-0.036572740906308,0.970825678589921,0.999542903650367
"PTI98_010406",7.1243051137488,0.260193052775364,0.761317945305406,0.341766609311943,0.732526539973802,0.999542903650367
"PTI98_010407",1.4101680045082,-0.238894343718504,1.39742964210414,-0.170952680922665,0.864260972923242,0.999542903650367
"PTI98_010409",2.31341660549009,0.763221010439605,1.16255407255888,0.656503665898041,0.511500109626703,0.999542903650367
"PTI98_010412",1.98222225569353,0.110678233830128,1.36727178599545,0.0809482320660543,0.935483122149156,0.999542903650367
"PTI98_010430",11.2732563362612,0.983838507176431,1.72879959678692,0.569087654234159,0.569296656195918,0.999542903650367
"PTI98_010431",4.17957375719471,-0.0801203653714184,0.873911142992231,-0.0916802194523919,0.926952113783175,0.999542903650367
"PTI98_010435",4.63478171562359,-0.744246556140914,0.886380070325744,-0.839647213488683,0.401106218858223,0.999542903650367
"PTI98_010436",9.96217356813489,-0.762016452998278,0.829903277487343,-0.918199112679008,0.358514633134559,0.999542903650367
"PTI98_010438",2.89296788365608,-0.262522466194091,1.09656868020688,-0.23940357857436,0.81079265537874,0.999542903650367
"PTI98_010442",5.6077775117303,-0.859048505798882,0.931605235040909,-0.9221164431962,0.35646784088262,0.999542903650367
"PTI98_010446",4.25569508631146,0.856345785436387,0.916022851801968,0.934851989502024,0.349864582306999,0.999542903650367
"PTI98_010448",25.6027730059243,-0.685893159533395,0.62237836760629,-1.10205173449615,0.2704391808881,0.999542903650367
"PTI98_010449",718.176305089925,-1.07286941118141,0.689459814182383,-1.55610144219022,0.119683972140006,0.999542903650367
"PTI98_010453",6.31276241110075,0.216005752258934,0.812937793660763,0.265710062864998,0.790462512854493,0.999542903650367
"PTI98_010454",18.2851488050689,-0.390598446091107,0.618766701640342,-0.631253176771853,0.527874997124851,0.999542903650367
"PTI98_010455",19.5537218864828,0.320098175668931,0.63215611458849,0.506359375922991,0.612604387551076,0.999542903650367
"PTI98_010475",2.12685539287913,2.54728856591165,1.26845813235328,2.00817709385949,0.0446244762124171,0.999542903650367
"PTI98_010481",10.1599215400822,-0.483104516672344,0.697574230328732,-0.692549259517057,0.488592462417265,0.999542903650367
"PTI98_010508",5.11423942382682,0.251565331812343,0.86243328653887,0.291692512034094,0.770521734907623,0.999542903650367
"PTI98_010510",21.1929280831408,0.0731080885386404,0.576012985906008,0.126920903395344,0.899003001920189,0.999542903650367
"PTI98_010511",3.44447033557974,0.24724506504499,1.01927792001225,0.24256884230556,0.808339420636074,0.999542903650367
"PTI98_010523",11.9848921491013,0.957465402376946,0.647106772622118,1.47960961449566,0.138977459183437,0.999542903650367
"PTI98_010524",25.0645199817613,-0.355400304004405,1.39062009441387,-0.255569659486476,0.798283148717088,0.999542903650367
"PTI98_010527",16.1891444620328,0.260337224551516,0.588674299201457,0.442243231791614,0.65831320526665,0.999542903650367
"PTI98_010528",5.23922479261159,-1.02616249060568,0.989795231042869,-1.03674220527865,0.299856016825293,0.999542903650367
"PTI98_010532",31.6451357868449,-0.32284055783797,0.561559026919487,-0.57490048661306,0.565358600810185,0.999542903650367
"PTI98_010558",12.9459776936411,0.312545725033966,0.654019433629925,0.477884461780105,0.632732441242584,0.999542903650367
"PTI98_010559",19.552127025106,-0.27426262939061,0.707571195019941,-0.387611354618358,0.698303664868978,0.999542903650367
"PTI98_010571",8.41915053904693,-0.344434311108406,0.743996394015837,-0.462951586699592,0.643399069541336,0.999542903650367
"PTI98_010579",5.90290174668897,-0.21460589958785,1.02121020286633,-0.210148605042816,0.833551691023431,0.999542903650367
"PTI98_010585",2.26391761970321,-1.17537515538777,1.17647276829847,-0.999067030754746,0.317762220970308,0.999542903650367
"PTI98_010586",6.03609829992565,2.18793195785944,1.17314184604471,1.86501910679952,0.0621787260684929,0.999542903650367
"PTI98_010589",4.20208622175723,-1.77953767038411,0.915562584590195,-1.94365486350737,0.0519370850556948,0.999542903650367
"PTI98_010597",2.33686693246024,-0.698459804723091,1.28019378284021,-0.545589124150801,0.585348401994277,0.999542903650367
"PTI98_010605",5.31569075200045,-0.219783627363215,0.925041178652553,-0.237593344421012,0.812196513102218,0.999542903650367
"PTI98_010623",8.82006938729705,-1.00359600075953,1.07230310244753,-0.935925671080148,0.349311458832192,0.999542903650367
"PTI98_010631",5.00364277972355,-1.05607422012567,0.843678177068526,-1.25175007346421,0.210660947776925,0.999542903650367
"PTI98_010649",3.90622960247147,-0.56467989415571,1.03168605073897,-0.547336947854676,0.584147264464261,0.999542903650367
"PTI98_010653",1.4698071844646,-0.66203394205007,1.57260091330612,-0.420980260438905,0.673769496108954,0.999542903650367
"PTI98_010655",10.0797076008808,-0.150853248736436,0.736100240411169,-0.204935741703023,0.837622329972945,0.999542903650367
"PTI98_010656",14.6840624694034,0.576692051967769,0.902872132576029,0.638730592251618,0.522998207602807,0.999542903650367
"PTI98_010657",3.46607503392326,0.976540183983745,0.98871745844783,0.987683767126756,0.32330754695659,0.999542903650367
"PTI98_010658",4.91676174949219,1.47541849491971,0.870521180605046,1.69486800297522,0.0901004636080003,0.999542903650367
"PTI98_010663",2.53659329312084,-1.03812014328064,1.23086682329369,-0.843405739463127,0.399001563091021,0.999542903650367
"PTI98_010664",3.47660992409967,-0.332811803071094,0.957346538542726,-0.347639845836494,0.728110677913093,0.999542903650367
"PTI98_010670",1.29073190286764,0.62652462815712,1.49286921074805,0.419678176525041,0.674720569787069,0.999542903650367
"PTI98_010678",2.20224349660346,0.952518927404891,1.26060052382525,0.75560727558204,0.449884692478836,0.999542903650367
"PTI98_010679",15.8100990774451,0.765164567930565,0.693488056103382,1.10335651954833,0.269872370938293,0.999542903650367
"PTI98_010681",3.56989510125296,-0.155280348986792,1.378126801979,-0.112674935835954,0.910288272988365,0.999542903650367
"PTI98_010684",7.14809426578482,0.233160610322208,0.862350683307973,0.27037795045028,0.786869501594138,0.999542903650367
"PTI98_010685",4.15126475591026,-0.285956047045997,0.868631332101668,-0.329203007625942,0.742002249770762,0.999542903650367
"PTI98_010687",29.2794047774642,-0.463070584783875,0.673769021893328,-0.687283875834216,0.49190385765985,0.999542903650367
"PTI98_010690",8.57202280946951,0.123864878548957,0.866460643086921,0.142954996902878,0.886325723320321,0.999542903650367
"PTI98_010695",3.35719222009532,-0.936754916923153,1.26557814903101,-0.740179433123415,0.459191125384572,0.999542903650367
"PTI98_010698",32.4148134760979,0.623108858164292,0.53988734646212,1.15414606815204,0.248440289099532,0.999542903650367
"PTI98_010699",4.53908561482052,-0.535256132967785,0.848693237302622,-0.630682688917111,0.528248020189531,0.999542903650367
"PTI98_010700",4.39859470228444,0.501795065233359,1.05387128110051,0.476144548420903,0.633971401405235,0.999542903650367
"PTI98_010704",19.8837243097483,-0.815456123871557,0.603918725725839,-1.35027461334549,0.176927912397853,0.999542903650367
"PTI98_010705",84.3619359818959,0.0843522764501135,0.436655857292846,0.193177934158667,0.846819619231057,0.999542903650367
"PTI98_010708",27.9101895537533,0.0195895366247119,0.686199541115868,0.028547871939489,0.977225187284292,0.999542903650367
"PTI98_010710",3.98360384546031,-0.0981791045655,0.894208780739263,-0.10979438659094,0.912572442981891,0.999542903650367
"PTI98_010711",22.8118377707382,1.31236259738992,0.818403516549519,1.60356422089067,0.108810142636886,0.999542903650367
"PTI98_010713",16.1365058538164,0.0484357040684121,0.713568008018696,0.0678781889380095,0.945882601406593,0.999542903650367
"PTI98_010714",4.75739066209195,-0.61460782837133,0.822468582079876,-0.747272104688907,0.454899327304033,0.999542903650367
"PTI98_010715",3.01011548314779,0.659178549153586,1.04608997151386,0.630135616537506,0.52860585873867,0.999542903650367
"PTI98_010718",14.3587898336649,0.209220064365094,0.668855357349974,0.312803152529167,0.75443022012582,0.999542903650367
"PTI98_010720",7.71621033559358,-0.20485192125633,0.733605583584019,-0.279239861092017,0.780060755035223,0.999542903650367
"PTI98_010727",39.8933741525096,-0.0846343788344545,0.567721048554272,-0.149077401745065,0.881492557409557,0.999542903650367
"PTI98_010728",84.5976584154513,-0.356439622752604,0.482711340240094,-0.738411537162802,0.460264405832766,0.999542903650367
"PTI98_010729",6.74058928635671,-0.164510514267678,0.916647091063905,-0.179469848179782,0.85756879059842,0.999542903650367
"PTI98_010731",3.33992771995177,-0.37865473389076,1.06729215219424,-0.354780772174034,0.722753834151216,0.999542903650367
"PTI98_010732",9.36190235629751,-0.289991208196623,0.682569808793442,-0.424852087597065,0.670944503865717,0.999542903650367
"PTI98_010735",4.08381059060047,0.393865786055594,0.95643567913559,0.411805827247644,0.680481749895843,0.999542903650367
"PTI98_010736",4.27733539930756,-0.0543955296766607,0.88412686557655,-0.0615245750293865,0.950941443432382,0.999542903650367
"PTI98_010741",7.72940786287282,-0.415296357478333,0.866287402985508,-0.479397895025469,0.631655590688421,0.999542903650367
"PTI98_010744",365.263045205043,-0.511515450212826,0.506900547939844,-1.00910415719955,0.312924684466574,0.999542903650367
"PTI98_010745",1.65075050871793,0.0610215392524823,1.39462500313746,0.043754800835496,0.965099856260467,0.999542903650367
"PTI98_010750",4.62781352187185,-0.378262231171691,0.882847793061207,-0.428456902927848,0.668318504015414,0.999542903650367
"PTI98_010754",13.4246405328268,1.32686141806291,0.734682993890313,1.80603257336457,0.0709132517130613,0.999542903650367
"PTI98_010756",3.86090206132858,-0.11810158210635,0.908564999885268,-0.129986937776894,0.8965767611497,0.999542903650367
"PTI98_010758",4.70368869743731,-0.0453004806812361,0.84539627352948,-0.0535849069834543,0.957265881717061,0.999542903650367
"PTI98_010764",70.095621008546,-0.570862907964545,0.540045037764402,-1.05706537056191,0.290481754239863,0.999542903650367
"PTI98_010769",2.22288475343236,0.411209113425106,1.1955101504891,0.343961206232231,0.7308754609386,0.999542903650367
"PTI98_010770",5.63736706591243,-1.12985350739774,0.920546690940939,-1.22737229791447,0.219682693405083,0.999542903650367
"PTI98_010771",3.29329195831121,-0.223288709797715,1.04067515662128,-0.214561391589916,0.830109297882791,0.999542903650367
"PTI98_010772",11.1422246883376,0.0870600322034074,0.675896972925956,0.128806660912424,0.897510634794642,0.999542903650367
"PTI98_010773",19.4455417706268,-0.428428385879743,0.606089693533348,-0.706872910809809,0.479645459645875,0.999542903650367
"PTI98_010774",4.19542642508851,-1.27961308567785,1.07159066523494,-1.19412489040048,0.232429118138051,0.999542903650367
"PTI98_010775",14.8932724749491,-0.738282042208628,0.70099982300954,-1.05318434894752,0.292256510162808,0.999542903650367
"PTI98_010776",8.24684639547413,1.16593474994509,0.777377579435748,1.4998306881855,0.133658265825465,0.999542903650367
"PTI98_010780",5.07915154269317,1.51357956010153,0.92877339616165,1.62965430142241,0.103174580845178,0.999542903650367
"PTI98_010781",1.66626761071206,-0.00158580865690963,1.29795998942726,-0.00122177006211831,0.99902516877311,0.999542903650367
"PTI98_010783",2.45223800535791,0.867690686237214,1.20542180073421,0.719823289829929,0.471633803376859,0.999542903650367
"PTI98_010795",2.09105380337398,-0.439655237049959,1.26789755922059,-0.346759273927641,0.728772175572048,0.999542903650367
"PTI98_010797",3.55828508554364,-0.0411488110428082,1.0243570196587,-0.0401703803001402,0.967957291658479,0.999542903650367
"PTI98_010799",7.90423567017592,-0.381341694076432,0.743904145668276,-0.51262208484382,0.608215701568724,0.999542903650367
"PTI98_010802",1.45456531732948,0.543841537533019,1.45198333688569,0.374550811787887,0.707994560630415,0.999542903650367
"PTI98_010803",8.12106839388195,-0.0111517450582148,0.769672980392609,-0.0144889392538196,0.988439903535659,0.999542903650367
"PTI98_010806",11.1080048860216,-0.410933579457197,0.621427691498006,-0.661273363062733,0.508437020610793,0.999542903650367
"PTI98_010807",86.7624599026452,0.182664196094663,0.448960223645708,0.406860533459664,0.684110424095303,0.999542903650367
"PTI98_010808",3.47758476739352,-0.074497382105483,1.19661279507942,-0.062256882436677,0.950358264663759,0.999542903650367
"PTI98_010809",2.82488046406839,0.708157578386776,1.24990645811781,0.566568461013607,0.571007407813452,0.999542903650367
"PTI98_010811",3.12778082369315,1.12818895434573,1.26486882034493,0.891941469502012,0.372424305490618,0.999542903650367
"PTI98_010812",29.9239133714531,-0.17199226671158,0.572488036173814,-0.300429451523701,0.763849601575963,0.999542903650367
"PTI98_010821",4.26627332114917,0.217270566429288,0.965299125312144,0.225081076665256,0.82191620192915,0.999542903650367
"PTI98_010825",17.5499787995255,-0.219395880717053,0.639031318319957,-0.343325709440743,0.731353441593749,0.999542903650367
"PTI98_010828",2.91058649694124,1.39456235893314,1.22259847445804,1.14065442421833,0.254013759496319,0.999542903650367
"PTI98_010829",17.0201492965357,-0.0766174975159111,0.578897074735217,-0.13235081132679,0.894706819195355,0.999542903650367
"PTI98_010830",5.28230212066828,-0.268888417715767,0.847832206807847,-0.317148152142218,0.75113118916323,0.999542903650367
"PTI98_010832",10.133930973442,-0.057991136386923,0.79030557525432,-0.0733781187969748,0.9415052293185,0.999542903650367
"PTI98_010837",5.09148466882685,0.561888670429065,1.06268222961461,0.528745710401915,0.596981863117352,0.999542903650367
"PTI98_010838",4.35566925609746,0.0220079605030145,0.884309111494731,0.0248871805310418,0.980144952522789,0.999542903650367
"PTI98_010841",45.5548023617135,-1.58894073094638,0.64664101800187,-2.45722230219207,0.0140016014410475,0.999542903650367
"PTI98_010842",2.30472994427581,0.549484916704296,1.20421724847168,0.456300486811385,0.648173913928923,0.999542903650367
"PTI98_010854",7.32067634483665,0.807979460459084,0.75161771521443,1.07498724964003,0.282380436865723,0.999542903650367
"PTI98_010856",6.81845044293652,0.414596921065147,0.951859161790115,0.435565404744789,0.663152075589764,0.999542903650367
"PTI98_010858",14.0722830133073,0.273574863454367,0.682202793881897,0.401016920346604,0.688407666425548,0.999542903650367
"PTI98_010859",3.36196877229754,0.109454584078378,1.03534757987456,0.105717718576827,0.91580632174117,0.999542903650367
"PTI98_010860",4.42775609350735,-0.541324044963953,0.895227519685784,-0.604677618885032,0.54539322196008,0.999542903650367
"PTI98_010864",4.30234638671023,1.02110539705092,0.971387972385599,1.05118184091082,0.293175081643473,0.999542903650367
"PTI98_010874",7.44374963632462,0.329824948090043,0.6962670735294,0.473704646721479,0.635710539286564,0.999542903650367
"PTI98_010875",10.3092117989257,-1.38383035507787,0.866282724589689,-1.59743501260898,0.110168773082424,0.999542903650367
"PTI98_010877",4.26441000517846,0.408533915952161,0.945250686415189,0.432196370574989,0.66559869700317,0.999542903650367
"PTI98_010881",1.24241178606359,0.0571522569580343,1.51655398477131,0.0376856066661238,0.969938352061842,0.999542903650367
"PTI98_010884",3.13318344418659,-0.66172670199434,1.04863954633848,-0.631033517956558,0.528018608833045,0.999542903650367
"PTI98_010885",15.4600234708267,0.102127503967624,0.623982267845399,0.163670522754226,0.869990524011582,0.999542903650367
"PTI98_010886",3.11703192179165,-1.47776554460167,1.07486433254387,-1.37483913072476,0.169181323640341,0.999542903650367
"PTI98_010888",3.09415353887797,-0.425595009466514,1.11227218097897,-0.382635668449357,0.701989919707546,0.999542903650367
"PTI98_010890",8.68904085867108,-0.0602092119661779,0.782632323688283,-0.0769316703946397,0.938677902866566,0.999542903650367
"PTI98_010892",6.0197201981936,-1.83331240312892,0.877472882195902,-2.08930947078502,0.0366798744058629,0.999542903650367
"PTI98_010893",62.9060637764175,0.48658010528435,0.46970593940855,1.03592495742559,0.300237153265602,0.999542903650367
"PTI98_010894",12.1793174380588,1.35619379611001,0.790265822029139,1.71612356033285,0.0861394298911177,0.999542903650367
"PTI98_010904",5.02041593223968,0.580973161819299,0.947825845507795,0.612953492007854,0.539907091953499,0.999542903650367
"PTI98_010908",0.99347253059281,0.498752246635091,3.98004575769598,0.125313194118606,0.900275607126309,0.999542903650367
"PTI98_010909",13.8411975258841,-0.0192924701005066,0.663808797812842,-0.0290632937738587,0.976814110748043,0.999542903650367
"PTI98_010910",22.8230615643044,0.501088642264948,0.555466064298705,0.902104870974593,0.367001161608534,0.999542903650367
"PTI98_010912",10.4370325919298,0.255627802809611,0.646475131165749,0.395417844378101,0.692534541933098,0.999542903650367
"PTI98_010913",7.80648585381946,0.32812735431024,0.789089155023652,0.415830520824235,0.677534023601887,0.999542903650367
"PTI98_010917",4.27050114166068,0.251329854048972,0.897421495903171,0.280057760145395,0.779433190936354,0.999542903650367
"PTI98_010919",7.69883810654224,0.25596862684297,0.794945947694686,0.321995008069756,0.747456476276866,0.999542903650367
"PTI98_010922",4.07097455395943,-0.585543803873996,0.921745554789379,-0.635255359607125,0.525261882939331,0.999542903650367
"PTI98_010924",5.43414238430589,0.267306445945977,0.809408763172847,0.330249013981696,0.741211814549719,0.999542903650367
"PTI98_010925",4.70759139476314,-0.982015071897109,0.971749686740612,-1.01056381627549,0.31222524133891,0.999542903650367
"PTI98_010926",8.27186698083116,0.445044410284842,0.744855974230847,0.597490556136579,0.55017991029563,0.999542903650367
"PTI98_010927",42.1735451488964,0.617764128439628,0.68919760464053,0.896352692290391,0.370064425158659,0.999542903650367
"PTI98_010929",2.1323415957574,0.126564773732539,1.33092590388852,0.0950952816852981,0.924239145763152,0.999542903650367
"PTI98_010943",9.79118763742347,-0.429265167354058,0.710988307120265,-0.603758406509838,0.546004276434285,0.999542903650367
"PTI98_010946",22.8585623144937,0.353463814470765,0.550125748617952,0.642514580273241,0.520539125547075,0.999542903650367
"PTI98_010950",16.284088715461,0.157152989496002,0.606152608797326,0.259263075362837,0.79543226715889,0.999542903650367
"PTI98_010952",2.79004134050892,0.926726110433473,1.1815676228188,0.784319147322804,0.432852867098695,0.999542903650367
"PTI98_010954",3.88648397728487,-0.271929492249272,0.96675859639327,-0.281279621679881,0.778495939155439,0.999542903650367
"PTI98_010955",16.1070350154119,0.577964259478178,0.605077109644557,0.955191082699681,0.3394810745008,0.999542903650367
"PTI98_010956",9.99225774583769,-0.52159186087938,0.769074320622949,-0.678207355118672,0.497640229719567,0.999542903650367
"PTI98_010958",3.3963584501928,-0.972103057168856,1.05316443467716,-0.923030654246165,0.355991230609889,0.999542903650367
"PTI98_010962",19.6704749507633,0.530018937118317,0.65831884042324,0.805109780509339,0.420756332317593,0.999542903650367
"PTI98_010963",4.28858443597285,-0.0244200627989651,0.924772507953513,-0.0264065622506511,0.978933060057239,0.999542903650367
"PTI98_010964",6.0902326746764,0.811267384231662,1.00747030607735,0.805251906024289,0.420674328883369,0.999542903650367
"PTI98_010966",2.70696887699729,1.50473241282675,1.27913484940802,1.1763673028869,0.239448131779172,0.999542903650367
"PTI98_010968",6.57851891719142,-0.315746535711264,0.717412890839712,-0.440118291353382,0.659851434700265,0.999542903650367
"PTI98_010969",8.71943746186447,-0.258068659649135,0.720294328626912,-0.358282231849705,0.720132113662783,0.999542903650367
"PTI98_010970",3.61583610590767,-0.350060443556157,0.932640899997235,-0.375343225412048,0.70740522285044,0.999542903650367
"PTI98_010971",9.20229827114301,-1.58121535793701,0.880890553532753,-1.79501908789423,0.0726506587936949,0.999542903650367
"PTI98_010973",5.53566041308963,-0.0437652486710664,0.898869170531153,-0.04868923098698,0.961166958125558,0.999542903650367
"PTI98_010974",70.256069523895,-0.955266839428526,0.570162355021071,-1.67542951760332,0.0938499891952825,0.999542903650367
"PTI98_010976",1.77632289640191,0.0982851610503118,1.28306117884559,0.076602084663447,0.938940100506933,0.999542903650367
"PTI98_010981",6.37728987071769,-0.0222011421365598,0.767184115981165,-0.0289384799216891,0.976913655923489,0.999542903650367
"PTI98_010983",3.20734572475859,0.181947405985665,1.02269960530247,0.17790894319535,0.858794487241149,0.999542903650367
"PTI98_010984",12.9819648190134,0.30060408197065,0.634658562316325,0.473646933673328,0.635751700959543,0.999542903650367
"PTI98_010985",14.4626755244815,-0.296255724047655,0.723240933535336,-0.409622451261853,0.682082924882521,0.999542903650367
"PTI98_010988",1.91829143057429,0.212349112362605,1.48686296485348,0.14281686838809,0.886434814601097,0.999542903650367
"PTI98_010990",59.6051158920979,-0.0543794119695946,0.5035613975979,-0.10798963587955,0.914003913500242,0.999542903650367
"PTI98_010992",54.1548883395253,0.169328261918472,0.51265332029186,0.33029779622235,0.741174957949545,0.999542903650367
"PTI98_010993",5.13293435427091,0.301416833648713,0.839021896437053,0.359247875328039,0.71940966444717,0.999542903650367
"PTI98_010996",10.9284854126896,-0.337345597824487,0.704290055626133,-0.478986740093295,0.631948061862225,0.999542903650367
"PTI98_010998",8.70092647304733,-0.600850755589922,0.67875598946843,-0.885223504341348,0.376036097818461,0.999542903650367
"PTI98_010999",3.69318089620558,0.786470163191123,1.02971676574708,0.76377329121229,0.445002355882348,0.999542903650367
"PTI98_011002",11.8349368150978,-0.106617401607779,0.706060623723236,-0.151003183049012,0.879973204982555,0.999542903650367
"PTI98_011004",6.8698750043484,-0.135854851847593,0.755143927759642,-0.179905905157242,0.857226439200031,0.999542903650367
"PTI98_011008",3.4435438012921,0.190416161091763,0.996996286684127,0.190989839816817,0.848533553289103,0.999542903650367
"PTI98_011013",2.1678325863713,0.301656151466641,1.2899139137538,0.233857584021856,0.815095543212293,0.999542903650367
"PTI98_011019",3.97604472547897,-0.529434782808705,0.899878443893905,-0.588340332409524,0.556303878912493,0.999542903650367
"PTI98_011020",17.9047592144275,0.252300485223269,0.621327532933233,0.406066803497635,0.684693516442468,0.999542903650367
"PTI98_011023",3.24137902949776,0.993318445880792,1.00767305202573,0.985754698792355,0.324253500687844,0.999542903650367
"PTI98_011024",7.56970880367774,0.0636478479939011,0.759734683928684,0.0837764147672843,0.933234200373533,0.999542903650367
"PTI98_011025",3.72302843389774,-0.0221931637001955,0.943932438706986,-0.0235113900001107,0.981242353090895,0.999542903650367
"PTI98_011026",17.8822838383583,0.398026188249744,0.605655822172679,0.657182138234712,0.511063809205907,0.999542903650367
"PTI98_011028",6.33172823855979,0.453545162029483,0.759496466386167,0.59716559865978,0.550396824642699,0.999542903650367
"PTI98_011031",9.28160066314206,-0.122288738304046,0.933255819658606,-0.131034530648606,0.895747991389375,0.999542903650367
"PTI98_011033",8.36266851645648,0.0160018267732873,1.04853505617935,0.0152611271115671,0.987823854940489,0.999542903650367
"PTI98_011037",16.1933543077007,0.509692641619582,0.602199489065431,0.846385044946795,0.397337978537583,0.999542903650367
"PTI98_011045",3.77382857506196,0.58556354051614,0.975606946813276,0.600204357327328,0.548370050071919,0.999542903650367
"PTI98_011046",5.48618472715834,-0.248817484568672,0.814017262061688,-0.305666103367985,0.759858884372167,0.999542903650367
"PTI98_011048",21.450606360064,0.150789631927355,0.577081069400824,0.26129713817145,0.793863373341437,0.999542903650367
"PTI98_011051",12.0364269123917,0.247445780198388,0.643779109315374,0.384364414156797,0.700708371965098,0.999542903650367
"PTI98_011052",3.95527836365855,0.180753343563488,0.931291881244161,0.194088821349983,0.846106334465279,0.999542903650367
"PTI98_011054",2.51429051086785,0.0843258927533735,1.27775170995505,0.0659955233058074,0.94738138957076,0.999542903650367
"PTI98_011055",10.5626387428073,-0.112632893032963,0.729364774877096,-0.15442601139045,0.877273845526949,0.999542903650367
"PTI98_011057",10.5384358505462,0.0920230113826957,0.717109817349723,0.128324852283841,0.897891898417752,0.999542903650367
"PTI98_011061",6.22089971295103,0.0869772698897005,0.765111350757303,0.113679230877455,0.909492077134708,0.999542903650367
"PTI98_011064",11.1567057774522,-0.0559483068805985,0.759032889579541,-0.0737099902371695,0.9412411493563,0.999542903650367
"PTI98_011065",13.8742483149377,-0.437602172463704,0.825983069846019,-0.529795571409572,0.596253676054714,0.999542903650367
"PTI98_011067",24.800170673879,0.966516211687129,0.784446908185552,1.23209894972078,0.217912123702885,0.999542903650367
"PTI98_011068",9.35983930924767,0.153997155871885,0.699440558566944,0.220171898792091,0.825737281164085,0.999542903650367
"PTI98_011070",56.1787669957992,3.79385914186673,1.63855151291372,2.31537373830889,0.0205924874570224,0.999542903650367
"PTI98_011073",1.73089873070435,1.12844419662263,1.48883477334394,0.757937829520289,0.448488202146546,0.999542903650367
"PTI98_011074",3.9951504834096,0.408927494762969,1.18041951442387,0.346425562917396,0.729022916656497,0.999542903650367
"PTI98_011075",8.84561731131578,0.67403938330354,0.724330443832883,0.930568898549643,0.352076608878077,0.999542903650367
"PTI98_011079",6.20457496491791,-0.636668757431371,0.756467736413155,-0.841633723138254,0.399993006831359,0.999542903650367
"PTI98_011081",11.8006294896692,0.820449705719681,0.701592460953827,1.16941066414007,0.242238215324828,0.999542903650367
"PTI98_011082",12.3039326942604,-0.176529868885527,0.627054028041992,-0.281522581772978,0.778309610410602,0.999542903650367
"PTI98_011083",2.19735741944546,-0.522107802078661,1.25748288752209,-0.415200721424919,0.677994970741994,0.999542903650367
"PTI98_011086",8.33072822235819,-1.29877467515505,0.900958736004273,-1.44154734645793,0.149430111449433,0.999542903650367
"PTI98_011087",26.0813526505807,-0.135890940412634,0.614111153711355,-0.221280690948834,0.824873883735591,0.999542903650367
"PTI98_011088",5.00249212207623,-0.0987763546658306,0.857788707513534,-0.115152314084611,0.908324395005475,0.999542903650367
"PTI98_011094",3.27254250061604,-0.612064044066502,1.02913240179748,-0.594737900582542,0.552018683217663,0.999542903650367
"PTI98_011095",21.6449547421033,0.838511066616368,0.642498988333098,1.30507764501202,0.191866410041115,0.999542903650367
"PTI98_011097",9.04808560786318,0.411395403074589,0.729287278329807,0.564106100982256,0.572681926222936,0.999542903650367
"PTI98_011099",50.6848402572445,0.831055630950185,0.632940391822085,1.31300773609624,0.189180341391961,0.999542903650367
"PTI98_011100",2.94792295921725,-0.317862499092402,1.04855774238009,-0.303142579798129,0.761781205875399,0.999542903650367
"PTI98_011102",9.75486659118321,0.640698815002354,0.705906856245699,0.907625148181521,0.364076302966078,0.999542903650367
"PTI98_011103",9.9175074134904,0.638752026291698,0.809587767496841,0.788984285504525,0.430121191222174,0.999542903650367
"PTI98_011104",5.39067806817011,-1.12300563602692,0.904328292812012,-1.24181190055984,0.214305970887036,0.999542903650367
"PTI98_011105",3.7485274711357,-0.050185177338031,0.973925282276888,-0.0515287756168582,0.958904172676736,0.999542903650367
"PTI98_011106",6.82110264118465,0.644891760748982,0.888659622561309,0.725690404263293,0.468028585642979,0.999542903650367
"PTI98_011108",3.89162667779066,0.30022177131591,0.926644777610591,0.323987981770156,0.745947133073739,0.999542903650367
"PTI98_011112",74.8823832040793,0.114399233858903,0.600013397032928,0.190661132609052,0.848791091697665,0.999542903650367
"PTI98_011115",8.25406734758675,0.652281402440938,0.955314806349662,0.682792099636098,0.494738222563433,0.999542903650367
"PTI98_011120",7.36484794437229,0.119016313201292,0.761549026163852,0.156281879580114,0.875810838834551,0.999542903650367
"PTI98_011121",4.90059088519133,1.08276097856265,0.870144910146462,1.24434558650742,0.213372400062823,0.999542903650367
"PTI98_011122",4.61856264093949,0.213320287243122,0.94955458487423,0.224653001145139,0.822249229631381,0.999542903650367
"PTI98_011124",5.56103984969804,-0.544944196213226,0.806490605727274,-0.675698132555194,0.499232321864995,0.999542903650367
"PTI98_011128",37.9396013617095,-3.06596982975097,1.09008234093676,-2.81260388744234,0.00491421464081611,0.999542903650367
"PTI98_011129",5.30392117891474,1.0130801508269,0.943508994305146,1.07373661188359,0.282940747191611,0.999542903650367
"PTI98_011131",1.5783439681443,0.923495725650206,1.44457505094027,0.639285390571506,0.5226372907189,0.999542903650367
"PTI98_011132",2.45480038891812,-1.75055137194835,1.24809788535568,-1.40257538490219,0.160743496256333,0.999542903650367
"PTI98_011133",7.20049625258072,0.281419380749428,0.742116108565972,0.379212063316114,0.704530394176629,0.999542903650367
"PTI98_011135",11.395201093675,-0.00565434675304446,0.639119430949826,-0.00884708941588784,0.992941136031187,0.999542903650367
"PTI98_011137",6.28890960495681,0.126321290826255,0.812163950009751,0.155536687912261,0.876398233084646,0.999542903650367
"PTI98_011138",7.72800823227796,0.109351540782753,0.772446760462691,0.141565149056036,0.887423496650286,0.999542903650367
"PTI98_011139",4.46610724943791,0.285209933436418,1.00473024301792,0.283867172724622,0.776512174433527,0.999542903650367
"PTI98_011141",3.21021165124549,0.0620219925728143,1.02230112242767,0.0606690056502435,0.951622816102427,0.999542903650367
"PTI98_011144",5.71122435399506,-1.02771400532316,1.03807447296877,-0.990019533361626,0.322164571583773,0.999542903650367
"PTI98_011151",7.76083638600297,0.549847599831798,0.789042285751496,0.69685441421953,0.485893908618324,0.999542903650367
"PTI98_011152",11.9453070329735,-0.154756303675189,0.650214458619203,-0.238008093520143,0.811874816842805,0.999542903650367
"PTI98_011153",5.55098203855092,0.121028205775858,0.801595845572035,0.150984073139114,0.879988279657091,0.999542903650367
"PTI98_011155",3.3687203565306,-0.465645312700652,0.981404797352502,-0.474468143987889,0.635166109372633,0.999542903650367
"PTI98_011156",7.91649933631675,-0.417730850434356,0.806040124996816,-0.518250689363643,0.604283372495558,0.999542903650367
"PTI98_011157",11.5717135338505,-0.0339096873035368,0.943969774682334,-0.0359224290999658,0.97134421157188,0.999542903650367
"PTI98_011160",2.47762457515932,-0.038662290281972,1.16196961382508,-0.033273064821979,0.973456833021019,0.999542903650367
"PTI98_011161",8.74360339511591,0.353239029027343,0.739680352746211,0.477556322424778,0.632966024514709,0.999542903650367
"PTI98_011163",6.47604352452428,1.18256873380996,0.814136294872138,1.45254393061506,0.14635042338966,0.999542903650367
"PTI98_011171",4.41398658503397,0.918776311046083,0.898516012958018,1.02254862216797,0.306521312281985,0.999542903650367
"PTI98_011172",12.8817444768048,0.0346441390168509,0.755575666249892,0.0458513165051996,0.963428757134213,0.999542903650367
"PTI98_011174",7.75126603015699,0.485592933411037,0.745384962563301,0.651465964300022,0.514745741063772,0.999542903650367
"PTI98_011176",5.04466527195949,1.15220255042928,1.07552437405059,1.07129375979635,0.284037364774313,0.999542903650367
"PTI98_011177",10.2242933987762,1.85244848433078,0.875275684958324,2.1164171656602,0.034309343408326,0.999542903650367
"PTI98_011178",3.64947641296156,0.466701940476848,1.08749033399556,0.429155024083877,0.667810411261537,0.999542903650367
"PTI98_011182",5.38056001045985,-0.440559762734862,0.829995172306772,-0.53079798224661,0.595558778455034,0.999542903650367
"PTI98_011183",7.49352810522912,-0.00931710733397081,0.842709289301058,-0.0110561346033083,0.991178660615541,0.999542903650367
"PTI98_011184",2.41869227151666,0.185466894126499,1.08364494839283,0.171150979295911,0.864105051510872,0.999542903650367
"PTI98_011187",3.18819662597818,-1.46469529245766,1.16711581922143,-1.25496995956643,0.209489665378691,0.999542903650367
"PTI98_011188",3.62814233220546,-0.120654286278466,1.0576730295963,-0.114075222589839,0.909178163495963,0.999542903650367
"PTI98_011192",10.7263431875528,-0.115046831487391,0.704922014023887,-0.163205048499865,0.870356991376229,0.999542903650367
"PTI98_011193",2.34334651041212,1.775047804377,1.3525704021519,1.31235150610493,0.189401561040009,0.999542903650367
"PTI98_011194",3.96303710706141,0.0451537800486704,1.00967285426442,0.0447211984138824,0.964329536709834,0.999542903650367
"PTI98_011195",5.3147785277018,-0.106357409086326,0.834128780799895,-0.127507180587071,0.898538990284798,0.999542903650367
"PTI98_011196",2.54814851929433,0.167120005711053,1.38101943348661,0.121012059395233,0.903681483377382,0.999542903650367
"PTI98_011198",3.96364280460669,-0.969078504337076,1.0455721395842,-0.9268404040705,0.354009403469236,0.999542903650367
"PTI98_011200",2.73259659208841,0.0872463943230633,1.10469615188643,0.0789777299161196,0.937050336674821,0.999542903650367
"PTI98_011211",3.08984622252171,-0.730396784480785,1.07554611996667,-0.679093876981695,0.497078381867294,0.999542903650367
"PTI98_011213",2.47490281055974,0.886313600672111,1.20701225591665,0.734303729168858,0.462763645606105,0.999542903650367
"PTI98_011214",8.88616826667954,-0.057381569054797,0.682423530165246,-0.08408498024812,0.932988866375656,0.999542903650367
"PTI98_011215",17.6380131915817,-0.292059467061223,0.615473910307496,-0.474527777977312,0.635123594234937,0.999542903650367
"PTI98_011218",3.92140751843567,1.03330749058825,1.07525624755745,0.960987199967917,0.336558603802767,0.999542903650367
"PTI98_011219",2.00821107220605,0.677616353014915,1.2235567230664,0.553808695780542,0.579709776485715,0.999542903650367
"PTI98_011222",5.32515739809431,1.49914613703824,0.902787033119173,1.66057561976563,0.0967987088432212,0.999542903650367
"PTI98_011224",2.8928880801532,0.503081976196315,1.1504217868537,0.437302198154819,0.661892201409123,0.999542903650367
"PTI98_011225",21.8574592438298,-1.56818058799116,0.713891843745314,-2.19666410497697,0.0280444442396147,0.999542903650367
"PTI98_011230",3.27275790238347,0.249687241931103,1.0087983100329,0.24750957594582,0.804513881474375,0.999542903650367
"PTI98_011231",3.91036330478103,0.0317462142929693,1.01445573370611,0.0312938388913145,0.975035203855778,0.999542903650367
"PTI98_013646",9.37965401650776,0.240576971521617,0.706250131741026,0.340639896135035,0.733374691028968,0.999542903650367
"PTI98_011233",4.20957303221166,0.244919830173796,0.902688337170412,0.271322692549155,0.786142854709645,0.999542903650367
"PTI98_011234",3.48677009892466,0.156524949216087,0.922280325293426,0.169715155927551,0.865234154281691,0.999542903650367
"PTI98_011236",2.51777726058823,0.244758181010901,1.11924161570735,0.218682166188233,0.826897642080304,0.999542903650367
"PTI98_011237",3.46185774423477,0.648087663658788,1.15299272607362,0.56209171923033,0.574053529959807,0.999542903650367
"PTI98_011239",8.15844972061501,0.192310118346269,0.758330872750891,0.253596583307564,0.799807236490647,0.999542903650367
"PTI98_011240",5.69861375385908,0.602451075903467,0.847010331651867,0.711267682802107,0.476918373876685,0.999542903650367
"PTI98_011241",3.29287835156941,1.79658487968174,1.11668766551776,1.60885172744228,0.107648766945729,0.999542903650367
"PTI98_011242",23.4881915035322,-0.186040005160993,0.568325365810881,-0.327347706705916,0.743404913465884,0.999542903650367
"PTI98_011243",4.6852737567902,0.0191572176724161,0.903570960364143,0.0212016748133381,0.983084778275848,0.999542903650367
"PTI98_011245",7.39695965296005,-0.954088583243166,0.783642327509798,-1.21750516753606,0.223412071519937,0.999542903650367
"PTI98_011248",4.8060042458438,0.135275402115534,0.917800405880354,0.147390871968266,0.882823509951871,0.999542903650367
"PTI98_011249",2.87779348519666,0.655578457018589,1.12965978489333,0.580332650401019,0.561690313353245,0.999542903650367
"PTI98_011251",3.02847899166756,-0.511981975393638,1.09241635141687,-0.468669271317292,0.639306054635892,0.999542903650367
"PTI98_011252",12.5137483676167,0.035066103521644,0.718635110909966,0.0487954220289096,0.961082330522219,0.999542903650367
"PTI98_011253",5.21944937494188,1.36982297533395,0.870980541156471,1.57273660042408,0.115779821239809,0.999542903650367
"PTI98_011258",7.09758606903778,-0.820226853044246,0.974599764327251,-0.841603787592165,0.400009768492262,0.999542903650367
"PTI98_011260",6.07066464642512,-0.181473443757475,0.881463990687314,-0.205877319635,0.836886742245029,0.999542903650367
"PTI98_011262",161.889856774747,-0.351860453416121,0.469784361875092,-0.748982899327915,0.453867512520349,0.999542903650367
"PTI98_011263",2.06557713632858,-0.0700507677475091,1.23288371726416,-0.0568186332308417,0.954689670743578,0.999542903650367
"PTI98_011268",14.7158747251509,0.203013064240781,0.650516097843877,0.312080000654348,0.754979725206821,0.999542903650367
"PTI98_011273",8.15607064930823,-0.443326046404573,0.797050694092358,-0.556208092773084,0.578068607514607,0.999542903650367
"PTI98_011274",4.05998089834398,-0.154846700445543,0.976922239336757,-0.158504632416466,0.874059170667597,0.999542903650367
"PTI98_011278",2.77293139499338,-0.361654611001286,1.12336567209867,-0.321938456892353,0.747499318467594,0.999542903650367
"PTI98_011280",4.9032457496904,1.13921119939363,0.932676551503014,1.22144295099709,0.221918353296994,0.999542903650367
"PTI98_011284",9.62643890620286,-0.452368384408893,0.849249429809742,-0.53266845820578,0.594263104023482,0.999542903650367
"PTI98_011286",51.2806694727212,-0.0990726927964017,0.487592089085875,-0.203187654217567,0.838988362075367,0.999542903650367
"PTI98_011287",5.80078545509738,-0.433712409477207,0.842131548831366,-0.515017410378549,0.606540853846303,0.999542903650367
"PTI98_011288",4.05028430180201,-0.0661250089094166,0.992113213830567,-0.0666506684797663,0.94685980777787,0.999542903650367
"PTI98_011290",2.29751852889039,0.513809324967349,1.20837204736958,0.425207886996248,0.670685135196051,0.999542903650367
"PTI98_011291",4.12870582469266,-0.408051913434601,0.974600421976736,-0.418686370571201,0.675445357789348,0.999542903650367
"PTI98_011292",4.01611105572172,0.47888879927726,0.905294718852194,0.52898662645954,0.5968147271766,0.999542903650367
"PTI98_011293",14.5134593069046,0.630199394973371,0.682607630966662,0.923223483571267,0.355890753260166,0.999542903650367
"PTI98_011295",6.59888321660428,0.763896372091754,0.83375432884806,0.91621278074463,0.359555303341891,0.999542903650367
"PTI98_011296",18.5396732299673,0.189308888281774,0.659295471051086,0.287138159738861,0.774006534585546,0.999542903650367
"PTI98_011297",15.4674794779819,-0.234778830621081,0.644824084855467,-0.364097489742036,0.715785211265597,0.999542903650367
"PTI98_011301",2.95796235696427,0.578617240418467,1.06705516516585,0.542256163793122,0.587642049403257,0.999542903650367
"PTI98_011302",2.44366601859488,0.894591024624387,1.18960827888843,0.752004706507503,0.452048228436238,0.999542903650367
"PTI98_011303",4.77369655752792,-0.565691900599283,0.991398796760744,-0.570599744974072,0.568270991433411,0.999542903650367
"PTI98_011308",7.3058178039732,-1.13590778005784,0.724506936627539,-1.56783561706849,0.116919500363668,0.999542903650367
"PTI98_011309",6.9505377750315,0.301713228980191,0.779028244426659,0.38729433899055,0.698538315999771,0.999542903650367
"PTI98_011310",3.34740444611709,-0.721086553699492,0.931937649001052,-0.773749783016523,0.439078774041627,0.999542903650367
"PTI98_011314",1.52567159235431,-0.322202393058724,1.36073722684673,-0.236785168144015,0.812823458498362,0.999542903650367
"PTI98_011318",104.663852916226,-0.832459660324404,0.513977639952322,-1.61964178130711,0.105309248966361,0.999542903650367
"PTI98_011319",27.2186699432344,0.00113947973463411,0.599304007182847,0.00190133842086334,0.998482952343175,0.999542903650367
"PTI98_011323",3.58046631342399,0.729303426158395,1.08712451078365,0.670855471405643,0.50231260549691,0.999542903650367
"PTI98_011324",6.2617963184684,-0.44876447243915,1.0039260730732,-0.44700948055408,0.654868214713823,0.999542903650367
"PTI98_011326",4.760261320502,0.61597583736866,0.903314995893069,0.681905913406952,0.49529844598203,0.999542903650367
"PTI98_011328",7.46565717589241,0.12693772074901,0.787169733612034,0.161258385998327,0.871889897401968,0.999542903650367
"PTI98_011333",5.50885110048926,-0.115510835273612,0.855625933630971,-0.135001559365347,0.892610641424044,0.999542903650367
"PTI98_011334",17.9812041142156,-0.114525555335754,0.559455187738685,-0.204709077412733,0.83779942785063,0.999542903650367
"PTI98_011335",5.79129041094242,0.552468215627199,0.788657239027009,0.700517523060837,0.483604165772497,0.999542903650367
"PTI98_011337",8.7226050949088,-0.560096633191385,0.692261978655809,-0.809081894514769,0.418468041843851,0.999542903650367
"PTI98_011339",3.78917901154717,-0.0325306482425542,0.909986898657984,-0.0357484797754003,0.971482913964135,0.999542903650367
"PTI98_011340",2.45537789593321,1.39720885192616,1.2260712555398,1.13958209656503,0.254460447681792,0.999542903650367
"PTI98_011347",5.27244628189841,-0.117139786193811,0.985614128744584,-0.11884954038049,0.905394559248365,0.999542903650367
"PTI98_011348",19.8583382827184,-0.013526916043116,0.551184915830023,-0.0245415207394528,0.980420664917112,0.999542903650367
"PTI98_011349",11.289259021312,1.03359813486608,0.862969366891682,1.19772285612986,0.231024928263603,0.999542903650367
"PTI98_011351",3.39750828586166,0.358908391024742,0.965493385775477,0.371735732541005,0.710089617765661,0.999542903650367
"PTI98_011352",5.38471828893759,-0.481828937437514,0.814370884098565,-0.591657863567723,0.554079717925865,0.999542903650367
"PTI98_011354",5.52060781368206,0.166039523069848,0.856710027481282,0.193810645076727,0.846324151492124,0.999542903650367
"PTI98_011355",13.3899159515194,1.53249712934002,0.70487834597064,2.17412995887925,0.0296953766152389,0.999542903650367
"PTI98_011360",4.86531499515673,0.810137927099442,0.951345727226029,0.85157046898363,0.394452535833751,0.999542903650367
"PTI98_011365",3.90951026130314,-0.67765190897287,0.966506319670201,-0.701135517876493,0.483218446511445,0.999542903650367
"PTI98_011366",3.89235688675537,0.919195619076785,1.05962989414746,0.867468560630157,0.385685330637001,0.999542903650367
"PTI98_011367",3.18135093343704,0.353238037296312,1.00056754664448,0.353037671950223,0.724060198448896,0.999542903650367
"PTI98_011368",4.83844727765726,0.906475082562507,1.01281133403155,0.895008825537362,0.370782370181033,0.999542903650367
"PTI98_011370",33.4021138560226,-0.0962904304004303,0.579522327377008,-0.166154824157083,0.868035110283483,0.999542903650367
"PTI98_011371",82.780918119432,0.610429411295318,0.591796030738939,1.03148615331724,0.302312898236202,0.999542903650367
"PTI98_011372",17.0934603194307,-0.999149040488423,0.802781041888737,-1.2446096611072,0.213275267370187,0.999542903650367
"PTI98_011373",6.54509760930619,0.536083627502463,0.932016969012081,0.575186552741309,0.565165136292976,0.999542903650367
"PTI98_011375",13.8175364714455,0.359279496452904,0.813190643159876,0.441814597198051,0.658623374683227,0.999542903650367
"PTI98_011376",8.54174201788342,0.295605160193846,0.842313233710905,0.350944456721313,0.725630018355535,0.999542903650367
"PTI98_011377",15.8563963334033,-0.355117030135747,0.604235944793764,-0.587712520573324,0.556725270102712,0.999542903650367
"PTI98_013647",5.36447725050645,-1.10231038676118,0.982927181263671,-1.12145681569618,0.262093463537756,0.999542903650367
"PTI98_011382",2.49588828158949,1.31873279656244,1.24276436212435,1.0611285910293,0.288631466057052,0.999542903650367
"PTI98_011383",8.13261363847948,0.845952345343372,0.787800207271783,1.07381584510237,0.28290522681244,0.999542903650367
"PTI98_011385",4.89280101573288,-0.215528074175808,1.12449889247917,-0.191665883903749,0.848003931182981,0.999542903650367
"PTI98_011386",3.35672234721031,0.1692147453112,0.999705423782802,0.16926460663873,0.865588514056276,0.999542903650367
"PTI98_011387",2.35638592466602,-0.370485512930497,1.17614149293297,-0.31500080148232,0.752761045327356,0.999542903650367
"PTI98_011388",24.8752082292877,0.104783401540989,0.549177345593384,0.190800662812795,0.848681769375689,0.999542903650367
"PTI98_011389",9.5010712468363,-0.201716697035202,0.726129641944078,-0.277797083858391,0.781168129856346,0.999542903650367
"PTI98_011390",3.01325630262177,0.235819029635343,1.03074194038992,0.228785712887685,0.819035471767189,0.999542903650367
"PTI98_011391",9.23210633554407,-0.0345831843757941,0.695509782464504,-0.0497235053305078,0.96034272508017,0.999542903650367
"PTI98_011392",6.98701759188398,0.506758813045672,0.767567385219381,0.660214103418208,0.509116442976531,0.999542903650367
"PTI98_011397",13.0270829893807,-0.045190382623066,0.639520345561276,-0.0706629318937533,0.943666023121815,0.999542903650367
"PTI98_011405",5.6012698535462,-0.174687820603244,0.811722681872566,-0.21520628227396,0.829606493134952,0.999542903650367
"PTI98_011406",3.47804796829373,0.456804141274901,1.03452912707525,0.441557544702821,0.658809411701733,0.999542903650367
"PTI98_011410",4.2432609207849,0.615893714429372,0.904980679726813,0.68056006965286,0.496149900286865,0.999542903650367
"PTI98_011423",4.62147852217427,0.606825787866355,1.00605940119621,0.603170933192248,0.546394982162142,0.999542903650367
"PTI98_011443",6.66529116017577,0.144160953641478,0.755804227620201,0.190738485408314,0.848730485194247,0.999542903650367
"PTI98_011447",15.1612144053435,0.0211325834372559,0.710413918208018,0.0297468600989149,0.976268939486057,0.999542903650367
"PTI98_011455",4.21046915347593,0.81197264766377,0.897974316982743,0.904227027775199,0.365875031382142,0.999542903650367
"PTI98_011458",3.56808297038965,0.566478022055054,0.956984364735132,0.591940728532007,0.553890279305769,0.999542903650367
"PTI98_011460",9.00694748209796,0.518355871323475,0.762823574972122,0.679522616146753,0.496806782647388,0.999542903650367
"PTI98_011465",13.6916362925202,0.41442932538179,0.6766537437309,0.612468827995733,0.540227615919603,0.999542903650367
"PTI98_011467",4.97402380299616,0.667477558723387,0.855163242574478,0.780526483708466,0.435081045200097,0.999542903650367
"PTI98_011470",5.66701098289175,0.118071909459338,0.873961862845651,0.135099613013881,0.892533116143832,0.999542903650367
"PTI98_011487",3.50745653215366,0.206217226862404,1.03661322345486,0.198933625576485,0.842314665759928,0.999542903650367
"PTI98_011489",8.37370491532142,0.796510482428553,0.75672335482818,1.0525781678952,0.292534367521701,0.999542903650367
"PTI98_011491",7.1884569814909,-0.587472040891487,0.817378130088587,-0.718727378756533,0.472308910545579,0.999542903650367
"PTI98_011492",10.3978985364269,0.42044558160215,0.709103574797035,0.59292548584668,0.553231021043717,0.999542903650367
"PTI98_011497",2.39421449569962,0.777754489483264,1.31806888397837,0.590071201086046,0.555142915421878,0.999542903650367
"PTI98_011498",70.9493540959149,-0.50852763245869,0.471681495067222,-1.07811656335218,0.280981740790555,0.999542903650367
"PTI98_011499",9.98265274233992,0.525685489012907,0.767131137145988,0.68526157205488,0.493178876273908,0.999542903650367
"PTI98_011501",4.5412343986481,1.28898354323261,1.10853348991416,1.16278268086643,0.244917685708774,0.999542903650367
"PTI98_011502",7.17890570569819,-0.814388190707066,0.801662375332266,-1.01587428294801,0.309689256712624,0.999542903650367
"PTI98_011521",6.95287718720817,0.330919130867201,0.736475573642035,0.449328046591867,0.653195028442588,0.999542903650367
"PTI98_011524",6.09657587271287,-1.09363497922008,0.815981511904781,-1.34026931157687,0.18015780481004,0.999542903650367
"PTI98_011527",2.83174460393798,-0.903637145584088,1.1540884164467,-0.782987796001178,0.433634278656557,0.999542903650367
"PTI98_011530",2.14710317942811,0.502426762421907,1.21678798681426,0.41291232972914,0.67967084725198,0.999542903650367
"PTI98_011550",6.70473105805059,-1.80804392143954,2.39593861444312,-0.75462864972431,0.450471828469208,0.999542903650367
"PTI98_011551",37.318362414457,-0.212016115503563,0.467005449204214,-0.45399066727132,0.64983554405346,0.999542903650367
"PTI98_011552",8.44326704816711,-0.0194524283196525,0.708204966343106,-0.0274672294662055,0.978087077078207,0.999542903650367
"PTI98_011595",15.0212765255406,1.65634052950119,1.01802528814838,1.62701314867513,0.103734305242436,0.999542903650367
"PTI98_011606",8.62620304757477,-0.0278700318888534,0.699685327951125,-0.0398322371150253,0.968226875116759,0.999542903650367
"PTI98_011628",15.5019064349958,-0.0859930123300976,0.634168614527038,-0.135599602945079,0.892137819357903,0.999542903650367
"PTI98_011631",6.06658196277957,-0.910699370287187,1.01123913606468,-0.900577655480432,0.367812919401026,0.999542903650367
"PTI98_011632",6.55083008955533,-0.453995943231019,0.950905398592214,-0.477435446158099,0.633052078507301,0.999542903650367
"PTI98_011634",2.61412751261936,0.177515964584242,1.14359326094894,0.155226487113907,0.87664276766919,0.999542903650367
"PTI98_011636",4.40885717861489,-1.42643316104362,1.03754881743976,-1.37481064704354,0.169190156406591,0.999542903650367
"PTI98_011638",6.73408776519185,0.558471206274763,0.884108093992741,0.631677517793823,0.527597621723145,0.999542903650367
"PTI98_011639",120.518861074126,0.057215860224551,0.407386430848946,0.140446160922247,0.888307488111036,0.999542903650367
"PTI98_011640",25.002007063603,-0.128278105661053,0.575762047501741,-0.222797084694377,0.823693437063497,0.999542903650367
"PTI98_011653",5.8910726733158,-0.309924549045001,0.911806940261951,-0.339901502565843,0.733930705058492,0.999542903650367
"PTI98_011656",23.941975896304,0.434276873226335,0.563493862256206,0.770686075421494,0.440893027452584,0.999542903650367
"PTI98_011657",19.2485402730084,-0.0603688703786476,0.594399154569127,-0.101562846976807,0.919103670723689,0.999542903650367
"PTI98_011659",5.19588217985433,-0.252662085391525,0.862511243887592,-0.29293772942913,0.769569749285841,0.999542903650367
"PTI98_011665",1.98961746641628,-0.778696179689817,1.24395544501631,-0.625983979417856,0.531325449464854,0.999542903650367
"PTI98_011666",15.5304197959606,-2.09571607809346,0.796236939526105,-2.63202568740501,0.00848774452492858,0.999542903650367
"PTI98_011667",99.8973415213412,-0.618712239878409,0.545222715587321,-1.13478808235626,0.256464120817813,0.999542903650367
"PTI98_011668",4.90771666595782,-0.430658814641176,0.905311096484994,-0.475702569330337,0.634286290217211,0.999542903650367
"PTI98_011670",13.8979504584292,0.22215654230817,0.685059921974911,0.324287752329358,0.745720191330924,0.999542903650367
"PTI98_011682",9.05924308594243,-0.366489505029095,0.708659014862877,-0.517159165893076,0.605045054455966,0.999542903650367
"PTI98_011686",3.87849168678645,0.985936906799586,1.02779672972725,0.959272274646397,0.337421598801535,0.999542903650367
"PTI98_011687",9.09597161851783,-1.40362958030183,0.823169320309363,-1.70515293229626,0.0881659056912131,0.999542903650367
"PTI98_011689",2.5936506650475,0.537052898323997,1.17820792643793,0.455821834391884,0.648518101731082,0.999542903650367
"PTI98_011690",86.0881767751181,-0.174049331562351,0.500061542302361,-0.348055822811331,0.727798260707217,0.999542903650367
"PTI98_011698",2.04727310578934,0.663901565575779,1.33457945767234,0.497461250253096,0.618863822103104,0.999542903650367
"PTI98_011702",131.612868931905,-1.0324023173026,0.67453675029345,-1.53053531457473,0.125884279131873,0.999542903650367
"PTI98_011704",6.11380681289973,0.647057074710315,0.8623324429874,0.7503568721927,0.45303979836844,0.999542903650367
"PTI98_011713",12.3240503559459,-0.494452504178086,0.847208248137351,-0.583625696828584,0.559472167664619,0.999542903650367
"PTI98_011714",8.63900531260064,-0.70698672516367,0.758261176121178,-0.932378905089407,0.35114074264603,0.999542903650367
"PTI98_011715",2.01274850652311,0.418380516087234,1.33555542008351,0.313263313371954,0.75408062006298,0.999542903650367
"PTI98_011716",19.0510806288259,-0.351441260685803,0.583987624593458,-0.601795733138109,0.547310115708771,0.999542903650367
"PTI98_011717",11.5075295358455,0.0371964774561736,0.665209310544351,0.055916952553979,0.955407965773728,0.999542903650367
"PTI98_011718",2.6948838542449,-0.232730250982546,1.04437319371177,-0.22284203806056,0.823658448893153,0.999542903650367
"PTI98_011719",5.22325137594438,0.986504694731427,0.831839257969102,1.18593187960368,0.235649202252561,0.999542903650367
"PTI98_011723",6.2737964212795,1.02336497667614,0.802792732342058,1.27475615491758,0.202395564009988,0.999542903650367
"PTI98_011724",9.45444861622073,0.807085948987016,0.781809002276286,1.03233135796228,0.301916915905498,0.999542903650367
"PTI98_011729",3.54757663685759,-0.622002022509951,0.937946385472532,-0.663153067322276,0.507232526264525,0.999542903650367
"PTI98_011730",3.81513991171879,0.0828923991437981,1.04537225622286,0.0792946231836157,0.936798282914954,0.999542903650367
"PTI98_011731",2.42759694895631,0.220080957438934,1.15674624278751,0.190258631753656,0.849106468581277,0.999542903650367
"PTI98_011732",25.4552455536941,0.118421591065142,0.688086834279793,0.172102684087964,0.863356802652971,0.999542903650367
"PTI98_011734",2.89719122777123,0.0857610736679385,1.11749101306134,0.076744307261137,0.938826956356124,0.999542903650367
"PTI98_011739",47.3377021059436,-0.916998346057847,0.619443811930355,-1.48035758594509,0.138777842737557,0.999542903650367
"PTI98_011741",6.93716313106063,-0.449560708470366,0.772043906493335,-0.582299406405906,0.560365025258719,0.999542903650367
"PTI98_011750",4.77209097947035,-0.391344932017971,0.927039719022624,-0.42214473014227,0.672919380624514,0.999542903650367
"PTI98_011751",2.63527654082959,0.404778010079886,1.0889476763801,0.371714838885058,0.710105175600704,0.999542903650367
"PTI98_011752",4.73153808218454,0.612084500369731,0.849490530755686,0.720531281055288,0.471197947044493,0.999542903650367
"PTI98_011753",9.42210481005038,1.03193973400437,0.761472350462833,1.35519002545153,0.175357021804367,0.999542903650367
"PTI98_011755",23.7652256922208,0.233953915703652,0.840813593483618,0.278247066313884,0.780822707083044,0.999542903650367
"PTI98_011756",5.65487482040734,0.439067406033477,0.815603107249265,0.538334641115202,0.590346039915288,0.999542903650367
"PTI98_011758",12.4169888634515,-1.00869270543531,0.715217092334722,-1.41033081598005,0.158442023334186,0.999542903650367
"PTI98_011776",9.21102065973346,-1.03191783529946,0.814965922934733,-1.26620979633538,0.205437981164431,0.999542903650367
"PTI98_011777",20.0400895472865,-0.0856376204020685,0.560978345665175,-0.15265762228402,0.878668281479183,0.999542903650367
"PTI98_011778",14.0671073120549,-0.271239209391744,0.683184278895506,-0.397022030176474,0.691351215155497,0.999542903650367
"PTI98_011779",9.99430374729027,-2.07210672591918,0.856524281984105,-2.41920371611559,0.0155545263994131,0.999542903650367
"PTI98_011781",11.6653448903399,-1.77031618563768,0.864509176988847,-2.04777026405183,0.0405825153144379,0.999542903650367
"PTI98_011786",4.94235301805242,0.107573102777712,0.879423827222349,0.1223222517378,0.90264380998812,0.999542903650367
"PTI98_011787",6.92740581477732,0.0726305831087952,0.805545766803896,0.0901631987924983,0.92815752828517,0.999542903650367
"PTI98_011797",3.45666211478899,-0.111849964918295,0.915350299811714,-0.122193618051256,0.902745680638103,0.999542903650367
"PTI98_011798",5.91113220169903,0.609605416053322,0.837589196873247,0.727809549513059,0.466730178007448,0.999542903650367
"PTI98_011799",15.7381589724679,0.365884828904807,0.666085151275525,0.549306388536291,0.582795203872643,0.999542903650367
"PTI98_011804",3.82702311565156,-0.396764603340799,0.890805357446166,-0.445399884525028,0.656030795657957,0.999542903650367
"PTI98_011808",31.4684037997285,0.0384465931421822,0.624079869964893,0.0616052447651371,0.950877200159807,0.999542903650367
"PTI98_011809",12.5468470098455,-0.29569984027917,0.652340530109789,-0.453290615300883,0.650339489636051,0.999542903650367
"PTI98_011811",5.44879114189765,0.229504884286607,0.845582648109009,0.271416265222391,0.786070893563374,0.999542903650367
"PTI98_011812",9.11804683543697,-0.251906092898169,0.902511336839272,-0.279116818388544,0.780155176634408,0.999542903650367
"PTI98_011813",5.73442274040342,1.01512847603372,0.86179636219032,1.17792151437458,0.238827897162212,0.999542903650367
"PTI98_011815",10.9030938977617,0.272228447249606,0.665199194996259,0.40924350073986,0.68236097367455,0.999542903650367
"PTI98_011816",12.405797657864,-1.26776695087476,2.5378042176104,-0.49955270074714,0.617390069779355,0.999542903650367
"PTI98_011817",4.43015042173378,0.171633142185977,0.909518176413967,0.188707764876881,0.850321865444006,0.999542903650367
"PTI98_011819",42.3787022634308,-0.675394903360474,0.553440348689113,-1.22035718024576,0.222329502252097,0.999542903650367
"PTI98_011884",15.5098489180151,0.399649003135241,0.647458180871509,0.617258403619666,0.537064298696621,0.999542903650367
"PTI98_011888",3.52742814451722,-0.176308856532735,1.00193152751918,-0.175968967629237,0.860318322230487,0.999542903650367
"PTI98_011894",9.82099250690715,-0.994981145043701,0.719057228985806,-1.3837301190158,0.16644110751903,0.999542903650367
"PTI98_011897",1.71789875227367,0.348713528088668,1.39417726675163,0.250121370075955,0.802493490180929,0.999542903650367
"PTI98_011900",5.87438971216458,0.653850302787587,0.874928052748367,0.747318937521412,0.45487106389911,0.999542903650367
"PTI98_011902",3.51008652846996,0.324901351970443,0.956296601772405,0.339749562393372,0.734045134086883,0.999542903650367
"PTI98_011903",5.1865500397583,-0.310150262993655,0.856822864488336,-0.361977108511064,0.717369136897731,0.999542903650367
"PTI98_011905",5.79185777012617,0.0541895696462663,0.879885328195696,0.0615870817591516,0.950891664675998,0.999542903650367
"PTI98_011906",4.29025048510885,0.560345101132902,0.970068395862725,0.577634632282358,0.563510820092701,0.999542903650367
"PTI98_011907",10.7165458894863,1.38232184965214,0.761606020859783,1.81500908841507,0.0695225128196816,0.999542903650367
"PTI98_011908",3.66745424163953,0.248094076657881,0.993308037160991,0.249765498089563,0.802768702772616,0.999542903650367
"PTI98_011910",6.32045414588608,0.532418279172975,0.817225583187513,0.651494875009084,0.514727084325898,0.999542903650367
"PTI98_011911",46.9627799712741,-0.345965009999312,0.462571740754268,-0.747916440885867,0.454510560115952,0.999542903650367
"PTI98_011912",6.86421153772409,-1.49849205159343,1.00988866610174,-1.48381906035023,0.137856929108924,0.999542903650367
"PTI98_011915",65.4138282548302,-0.431896089663697,0.535957005584167,-0.805840925976798,0.420334576799544,0.999542903650367
"PTI98_011918",3.2123661001077,-0.329420219610052,0.995092106195242,-0.331044953084391,0.740610530417393,0.999542903650367
"PTI98_011921",15.8061030442883,-0.104031096209147,0.608007488659623,-0.171101669222015,0.864143823379049,0.999542903650367
"PTI98_011922",15.0004288046153,1.64912379203165,0.955442865586721,1.72603077738086,0.084341875899085,0.999542903650367
"PTI98_011923",4.87545241920706,0.354494857166604,0.989440906338759,0.358277947571772,0.720135319516302,0.999542903650367
"PTI98_011924",5.92520355133515,0.52303135650061,0.881761189669931,0.593166678946707,0.553069609919707,0.999542903650367
"PTI98_011926",12.7244626853084,0.513847943327848,0.76240051063398,0.673986882433426,0.500319653381606,0.999542903650367
"PTI98_011927",3.30563124611092,1.10793290777489,1.16358541494671,0.952171532526153,0.341009995818825,0.999542903650367
"PTI98_011932",2.41513672396589,0.553743467898788,1.14471771559014,0.483738008381668,0.628571815166251,0.999542903650367
"PTI98_011933",3.56927205069979,1.0413234726872,1.0317048541803,1.00932303310188,0.312819737250441,0.999542903650367
"PTI98_011934",3.31896795219913,-0.120020692204283,1.04729944104558,-0.114600168299966,0.908762046304978,0.999542903650367
"PTI98_011935",2.63627049474918,0.811027971712228,1.10928198267526,0.731128770122338,0.46470050275896,0.999542903650367
"PTI98_011937",2.64277761964669,0.0590723649300791,1.20406530456663,0.049060764981797,0.96087087074191,0.999542903650367
"PTI98_011938",43.5754871381836,0.832881976637164,0.560858190301537,1.48501348654528,0.137540251560113,0.999542903650367
"PTI98_011939",3.33989703752596,-0.45237498126255,1.02192286842008,-0.442670376837672,0.658004172203622,0.999542903650367
"PTI98_011942",4.4769457666088,0.0676152300049144,0.928977488487239,0.0727845731924248,0.941977547202667,0.999542903650367
"PTI98_011953",52.0388848438132,0.0970479585901518,0.483901311719401,0.200553204217034,0.841047952142825,0.999542903650367
"PTI98_011954",2.78832317849677,1.4961020057236,1.26822724134567,1.17967975844466,0.238127607445879,0.999542903650367
"PTI98_011955",17.5480195658793,-0.163988738349013,0.687126584393772,-0.238658701429365,0.811370242899115,0.999542903650367
"PTI98_011965",12.0803842671972,0.374402378034243,0.634516683042735,0.590059155322519,0.555150990909175,0.999542903650367
"PTI98_011969",11.3743808354021,0.338212220812569,0.665090057865048,0.508520939101445,0.611088058372732,0.999542903650367
"PTI98_011970",3.86871627672358,-1.50985237632976,0.929934974198427,-1.6236107020614,0.104458919935644,0.999542903650367
"PTI98_011971",7.83086081628085,-0.0732549726447785,0.785304522606388,-0.0932822497973764,0.92567933320046,0.999542903650367
"PTI98_011973",3.14712623403104,-1.24203561883364,1.00159496139428,-1.24005777455654,0.214954025575831,0.999542903650367
"PTI98_011976",25.5887323355308,-0.578587572711446,0.552953169500512,-1.04635908540698,0.295395275351624,0.999542903650367
"PTI98_011978",56.8437622121918,0.612780478427091,0.566008226458937,1.08263528652361,0.278970338391483,0.999542903650367
"PTI98_011979",2.76515344557034,-1.06357472625001,1.19259001151715,-0.891819247166919,0.372489823507085,0.999542903650367
"PTI98_011980",21.1728037243795,0.00907140575919513,0.579409602017725,0.0156562917280022,0.98750859686724,0.999542903650367
"PTI98_011981",123.146894859426,0.717148160447296,0.444644514867186,1.61285731965345,0.106775509611807,0.999542903650367
"PTI98_011983",17.6878913964618,-0.0527538453267837,0.587569875600576,-0.0897831007296999,0.928459577611716,0.999542903650367
"PTI98_011984",3.9636134955471,1.12077966787423,1.06860619027926,1.04882385865773,0.294259194441318,0.999542903650367
"PTI98_011986",7.39148100611601,-0.024102267403029,0.76990747326896,-0.0313054077793178,0.97502597773902,0.999542903650367
"PTI98_011987",4.98564576766689,-0.840976753517639,0.864839994724428,-0.972407333897188,0.330847944850311,0.999542903650367
"PTI98_011995",2.08697163357495,0.581247799570949,1.45583806843919,0.399253057171466,0.689706752403534,0.999542903650367
"PTI98_011996",5.19749084041378,0.324638052532572,0.917646525656099,0.353772442281588,0.723509427491997,0.999542903650367
"PTI98_011997",7.96152615479677,-0.187152810449159,0.820412469004088,-0.228120387634218,0.81955265087735,0.999542903650367
"PTI98_011998",4.88294397079075,0.0387328880009489,0.833394978366751,0.0464760275816106,0.962930840653309,0.999542903650367
"PTI98_011999",3.64553755692515,0.557579039045656,0.968725238206917,0.575580171811894,0.56489898650794,0.999542903650367
"PTI98_012008",97.1862876401897,0.0518428044404222,0.528867902593868,0.0980259989047467,0.921911648644862,0.999542903650367
"PTI98_012013",115.830376895935,0.0634662671901881,0.552210779002187,0.114931235686612,0.908499626639384,0.999542903650367
"PTI98_012014",6.07884836862033,-0.514759076243365,1.03819300814629,-0.495822137313829,0.620019904773447,0.999542903650367
"PTI98_012032",6.75316946251993,1.27045908192508,0.900483387089299,1.41086343195257,0.15828488646582,0.999542903650367
"PTI98_012036",15.8482463375871,0.479285243070339,0.652205043513234,0.734868961590011,0.46241930300223,0.999542903650367
"PTI98_012037",12.4956980382017,-0.118124473063582,0.645903271624838,-0.182882605264449,0.85489013169723,0.999542903650367
"PTI98_012038",3.22214433083014,0.580326316199792,0.999600591034715,0.580558196348284,0.561538253517949,0.999542903650367
"PTI98_012040",2.50518955315215,0.797976920160671,1.13306199370031,0.704265895950378,0.481267200621344,0.999542903650367
"PTI98_012043",50.1217475070073,0.0998268111694541,0.570428571923417,0.17500317495116,0.861077138835662,0.999542903650367
"PTI98_012044",7.2987902436066,0.642823006213021,0.898701337945195,0.715279903424625,0.474436103973428,0.999542903650367
"PTI98_012046",4.52516096968936,1.01644643758602,1.03704536365576,0.980136909346831,0.327018542136817,0.999542903650367
"PTI98_012047",3.76064773600226,0.351402522119744,0.934513866724254,0.376027081707747,0.70689676274102,0.999542903650367
"PTI98_012053",8.29607082002217,-0.136532370066306,0.708873789052647,-0.192604624652253,0.847268622798505,0.999542903650367
"PTI98_012057",3.29848482412901,0.390753077890772,1.0124078674036,0.385964086680685,0.699523266533577,0.999542903650367
"PTI98_012059",17.3219741878838,0.382868575126605,0.59880607903599,0.639386586961476,0.522571472513504,0.999542903650367
"PTI98_012061",1.74027853811654,-0.646799021404753,1.36040090771738,-0.475447360947456,0.634468144054159,0.999542903650367
"PTI98_012063",4.16284207854871,-0.00944241984130302,0.975044769771549,-0.00968408849935717,0.992273336070882,0.999542903650367
"PTI98_012078",13.1055143366111,1.54132048424054,1.5634576329681,0.985840902714116,0.324211190594621,0.999542903650367
"PTI98_012082",3.33394915955736,-1.43460133609963,1.04284346928936,-1.37566315400837,0.168925944412966,0.999542903650367
"PTI98_012085",5.68734576507102,0.544123099194252,1.08353806823175,0.502172572563344,0.615546134301555,0.999542903650367
"PTI98_012089",12.4211685688559,-0.347813449456844,0.639872376546553,-0.54356690834823,0.586739536717556,0.999542903650367
"PTI98_012090",7.60867050142555,0.0131443358684813,0.701108386671559,0.0187479370071192,0.985042186761766,0.999542903650367
"PTI98_012092",5.13157167031234,2.02656816183064,0.993080650544126,2.04068839798686,0.0412818092984357,0.999542903650367
"PTI98_012111",2.79738671629786,0.160191698183818,1.13357786182089,0.141315125832202,0.887621000839918,0.999542903650367
"PTI98_012114",12.062386092188,1.05932650794415,0.795013281860095,1.3324639123835,0.182707792368192,0.999542903650367
"PTI98_012116",4.21102346145869,0.787850504055915,0.990102364447383,0.795726313102632,0.426191129258592,0.999542903650367
"PTI98_012117",6.60263809442169,0.510272762869811,0.816444385983473,0.624993902377252,0.5319750601086,0.999542903650367
"PTI98_012119",2.80971253532219,0.262359162331144,1.02011288253771,0.257186402428797,0.797034880337956,0.999542903650367
"PTI98_012123",9.11256316278972,0.464971307520086,0.688373757128214,0.675463442214695,0.499381370236044,0.999542903650367
"PTI98_012125",14.0629358203298,-0.0816386819083739,0.604989082154036,-0.134942405270692,0.892657411600388,0.999542903650367
"PTI98_012126",10.0791468973381,-0.444297097926486,0.839813435821961,-0.529042617056529,0.596775886650914,0.999542903650367
"PTI98_012130",7.49051322394076,0.599541199531742,0.783604007732833,0.765107367516366,0.444207613088743,0.999542903650367
"PTI98_012133",8.3625219331714,-0.179470260361399,0.720079794308796,-0.249236628745668,0.803177747562386,0.999542903650367
"PTI98_012134",3.14743441637007,-0.377824349105035,1.04124263332285,-0.3628590849179,0.71671015208598,0.999542903650367
"PTI98_012150",2.78868796840268,-0.486764071839779,1.09137623107937,-0.446009412682895,0.655590446715252,0.999542903650367
"PTI98_012151",9.65771387708832,0.0120267187056133,0.666279962760584,0.0180505483847709,0.98559852818745,0.999542903650367
"PTI98_012152",121.872352234675,0.667355817425533,0.594340287744501,1.12285138865165,0.26150061599202,0.999542903650367
"PTI98_012160",3.95904507197882,-0.597080504581846,1.02049114842906,-0.585091311669863,0.558486320558334,0.999542903650367
"PTI98_012165",2.17568774588424,-0.104360872218332,1.10950566079137,-0.094060693790327,0.925060943713686,0.999542903650367
"PTI98_012170",2.99678677973045,-1.05952717272566,1.0581150273324,-1.00133458589735,0.316665077408535,0.999542903650367
"PTI98_012171",2.96496739646704,0.380770581375863,1.02536092465708,0.37135273270064,0.710374826312528,0.999542903650367
"PTI98_012172",4.32139707667239,-0.322676058360805,0.919538029009918,-0.350911053356038,0.725655078786692,0.999542903650367
"PTI98_012173",2.75465241261109,-0.220135840695632,1.14674494522744,-0.191965826064288,0.847768974389315,0.999542903650367
"PTI98_012177",20.2722126847304,-0.0979216700859789,0.551959571609636,-0.177407323149443,0.859188455515266,0.999542903650367
"PTI98_012180",33.4327708119565,0.0305627227591763,0.613836890394779,0.0497896480928677,0.960290016077968,0.999542903650367
"PTI98_012181",40.6320508481938,1.12750969558598,0.725574640687806,1.55395411079577,0.120195363089544,0.999542903650367
"PTI98_012186",4.12944460692474,0.974665569568574,0.918516156544288,1.06113056653847,0.288630568396399,0.999542903650367
"PTI98_012187",4.80791499627253,0.00908636614022437,0.892453919868415,0.0101813280640462,0.991876615873714,0.999542903650367
"PTI98_012191",2.54779721747251,-0.177198105738479,1.1512208334488,-0.153921906718482,0.877671310877225,0.999542903650367
"PTI98_012192",5.76421647487278,-0.483307803058009,0.914153340489877,-0.5286944560078,0.597017423690818,0.999542903650367
"PTI98_012202",5.36655695257399,-0.0916082823179085,0.799678259951003,-0.114556424634479,0.908796720348014,0.999542903650367
"PTI98_012203",12.7226181763687,-0.163302870922005,0.632504528623673,-0.258184508619015,0.796264513060156,0.999542903650367
"PTI98_012207",2.40566997934801,0.838004930471054,1.17409860210595,0.713743231588855,0.475385968547006,0.999542903650367
"PTI98_012209",8.49258273094084,-0.748998759624727,0.730700424415383,-1.02504218500213,0.305343283296624,0.999542903650367
"PTI98_012210",2.4766039113629,0.0425692990170968,1.12282847780698,0.0379125573126182,0.969757400960319,0.999542903650367
"PTI98_012212",4.97914452527962,0.638048822027638,0.882126711927364,0.72330744937262,0.469491017134708,0.999542903650367
"PTI98_012213",21.7897523869179,-0.361703895568205,0.591748771981559,-0.611245705431691,0.541036929371093,0.999542903650367
"PTI98_012215",4.89204193114551,2.04240612919708,1.0462235532322,1.95216989991028,0.0509180365492258,0.999542903650367
"PTI98_012216",2.64588142816516,-0.31363435665036,1.05984805371915,-0.295923887909947,0.767288207742966,0.999542903650367
"PTI98_012217",2.60314724403522,-1.5181281808956,1.16418810886743,-1.30402309500696,0.192225708090568,0.999542903650367
"PTI98_012221",6.99974384107955,1.58828400659891,0.938734016078653,1.6919425304663,0.0906569317393179,0.999542903650367
"PTI98_012222",2.31210698353659,0.239350950544706,1.17957143086407,0.202913485594826,0.839202653568569,0.999542903650367
"PTI98_012238",20.7105856965059,1.0354463241462,0.640731284994571,1.61603834305511,0.106086023418374,0.999542903650367
"PTI98_012239",3.00187637387984,-0.180742438106757,1.15230860516916,-0.156852458877735,0.87536112828561,0.999542903650367
"PTI98_012241",10.6635858862128,-0.354892210856291,0.69698415231402,-0.509182611509934,0.610624230206865,0.999542903650367
"PTI98_012242",8.81327745921845,0.193893028137862,0.67155604908116,0.288722033556471,0.772794100098781,0.999542903650367
"PTI98_012245",4.60477198677689,0.334514296624896,0.888821530483752,0.376357103369034,0.706651432140508,0.999542903650367
"PTI98_012246",3.32353361401041,1.403418925612,1.12499675763577,1.24748708481733,0.212218952923087,0.999542903650367
"PTI98_012247",5.7214843680182,0.055563654139625,0.950957831376139,0.058429146179088,0.953406799130396,0.999542903650367
"PTI98_012249",10.994850298068,0.231248163146243,0.781246402961371,0.295999011668636,0.767230836170542,0.999542903650367
"PTI98_012254",2.33518298944685,-0.439526651171297,1.24303186186445,-0.353592425629413,0.723644351588586,0.999542903650367
"PTI98_012264",12.015106583305,0.225717803948332,0.774971542186268,0.291259474266062,0.770852879283509,0.999542903650367
"PTI98_012265",16.700884375274,-0.242102649956094,0.806976339084262,-0.300012079946268,0.764167941350155,0.999542903650367
"PTI98_012279",1.37197819623429,0.635008040348306,1.45080582523083,0.437693335183069,0.661608601507221,0.999542903650367
"PTI98_012290",1.85107126727117,-1.76411506129883,1.36737425530552,-1.29014792728028,0.196999301983382,0.999542903650367
"PTI98_012291",2.74537502783877,-0.315952639217207,1.07720352057064,-0.293308212592765,0.769286576827496,0.999542903650367
"PTI98_012295",32.6455963650932,0.122805889561993,0.502385131402317,0.2444457088513,0.806885644696417,0.999542903650367
"PTI98_012302",2.2686678485856,-0.088766173565311,1.14316780957124,-0.0776492941999515,0.938107029619777,0.999542903650367
"PTI98_012305",8.79946769794148,0.396501967730584,0.761567629052349,0.520639208659602,0.602618130294811,0.999542903650367
"PTI98_012309",5.54691557060078,-0.712785588472827,1.07801161286455,-0.661203998145044,0.508481497583225,0.999542903650367
"PTI98_012311",6.37892542542568,0.272812540943361,0.786305255998565,0.346955001078943,0.728625125182627,0.999542903650367
"PTI98_012344",1.60744687597301,-0.157571953159084,1.56132662577375,-0.100921838235479,0.919612507209142,0.999542903650367
"PTI98_012348",2.85851668480533,-0.860509775149961,1.05589489387755,-0.814957795647559,0.415096468592789,0.999542903650367
"PTI98_012352",4.24157242097406,0.531807898783992,0.888333814267266,0.598657723304892,0.549401154789288,0.999542903650367
"PTI98_012358",2.89519758406357,-0.76456235061048,1.06937887694352,-0.714959278787831,0.474634205906871,0.999542903650367
"PTI98_012381",14.1061244191821,1.06976225914074,0.805267145629084,1.32845635755452,0.184027391977548,0.999542903650367
"PTI98_012382",3.56381997501064,-0.105433076548187,1.03069578644205,-0.102293109116261,0.918524024746028,0.999542903650367
"PTI98_012390",7.60712695465736,-0.17127405597746,0.735735741542567,-0.232792898736116,0.81592222744267,0.999542903650367
"PTI98_012397",4.98072021898102,0.976751507593308,0.943446461475167,1.03530146911152,0.300528143965415,0.999542903650367
"PTI98_012403",4.76354737857488,0.767268569501347,0.980614932032828,0.782436147398642,0.433958297243444,0.999542903650367
"PTI98_012406",1.54005332830978,0.00916113265907653,1.5769564828803,0.00580937569205702,0.995364814899444,0.999542903650367
"PTI98_012407",16.2127518064709,-0.07022453795935,0.620042143739064,-0.113257685253251,0.909826263597361,0.999542903650367
"PTI98_012408",4.53502625894274,0.199100826463059,0.992991311930335,0.200506111252892,0.841084778955459,0.999542903650367
"PTI98_012411",112.902672735075,0.202602291315261,0.686877198185443,0.294961445583702,0.768023332021268,0.999542903650367
"PTI98_012412",1.84282325843353,0.578542736857639,1.18631531435938,0.487680408281718,0.625776231011825,0.999542903650367
"PTI98_012413",1.79907773027235,-0.177607843559206,1.33399632408192,-0.133139679887379,0.894082914460096,0.999542903650367
"PTI98_012423",2.93102063171042,0.314625935813552,1.0366839635548,0.303492623474851,0.761514468170653,0.999542903650367
"PTI98_012424",3.76960329148627,0.80227262621264,0.950683511748684,0.843890333952402,0.398730690091052,0.999542903650367
"PTI98_012427",48.7476138284505,1.39275620129898,0.823957668896798,1.69032494492557,0.0909658053295995,0.999542903650367
"PTI98_012431",2.56002962066469,1.26072582399108,1.18051770971974,1.06794316901047,0.285546148081712,0.999542903650367
"PTI98_012433",10.6725143293306,0.34400197850063,0.655126824070448,0.525092189575248,0.599519105381354,0.999542903650367
"PTI98_012436",6.91336765508256,0.424602459482321,0.961373812583851,0.441662185847493,0.658733677047671,0.999542903650367
"PTI98_012440",3.36845632883879,-0.824087506371711,0.992653575480557,-0.830186408156299,0.406433398695082,0.999542903650367
"PTI98_012448",10.4947985613056,-0.542658014429005,0.689823297659016,-0.786662347112033,0.431479551268878,0.999542903650367
"PTI98_012452",7.4376187671991,0.0324004073013141,0.866209514590544,0.0374048157582635,0.970162232939637,0.999542903650367
"PTI98_012453",6.64133671954541,-0.643311607208176,1.03058072496739,-0.624222432676035,0.532481516564408,0.999542903650367
"PTI98_012455",7.53784730512967,-1.30687522423006,0.84820393218522,-1.54075591333698,0.123376202935913,0.999542903650367
"PTI98_012458",2.31155291302828,-0.502429118749579,1.18380605938618,-0.424418438109782,0.67126067627459,0.999542903650367
"PTI98_012463",2.98886310350637,-0.394261126280175,1.16162647539363,-0.339404390853416,0.734305111275782,0.999542903650367
"PTI98_012469",22.8771477559563,0.0517713430837489,0.591858735693692,0.0874724659137961,0.930295970541812,0.999542903650367
"PTI98_012470",4.63970451891641,-0.870131486713515,0.838640001373095,-1.03755065974537,0.299479298919302,0.999542903650367
"PTI98_012472",22.6843557267061,0.572552734832644,0.742325441400799,0.771296122832882,0.440531429964678,0.999542903650367
"PTI98_012475",29.0094572958837,0.448764109677273,0.654092944581018,0.686086149369385,0.492658784533592,0.999542903650367
"PTI98_012478",4.27406233063944,0.579229709535556,0.960680801008674,0.602936697524703,0.546550801840171,0.999542903650367
"PTI98_012483",4.67015606841301,0.187654877183414,0.814997467178829,0.230252098614484,0.817895880361122,0.999542903650367
"PTI98_012484",4.86308236626312,-0.15316115074755,0.947070480438306,-0.161720963656967,0.871525595241462,0.999542903650367
"PTI98_012486",7.69133106651277,-0.656883756775239,0.74846653763455,-0.877639445113005,0.380139416024661,0.999542903650367
"PTI98_012493",2.29667412897326,-0.0920591131572029,1.15158968144389,-0.0799408979088602,0.936284262069073,0.999542903650367
"PTI98_012494",4.05467381585437,-0.463549895937796,1.0950116768408,-0.423328724014321,0.67205543997913,0.999542903650367
"PTI98_012499",3.51769439634801,-0.334038810394617,1.06116355715943,-0.314785414690256,0.752924586577916,0.999542903650367
"PTI98_012500",3.76524871626436,1.06090711531082,1.03315882174094,1.02685772311669,0.304487464057094,0.999542903650367
"PTI98_012502",119.334913461498,-0.051098496936038,0.514516044666004,-0.0993137093891958,0.920889193712393,0.999542903650367
"PTI98_012505",2.79640809911497,0.934148889727334,1.38837089204561,0.672838140787417,0.501050269965645,0.999542903650367
"PTI98_012508",6.14205208478653,-0.291168117191275,0.894702060890963,-0.3254358405091,0.744851233680494,0.999542903650367
"PTI98_012509",3.14110941175986,-0.333329448350387,1.06491288732358,-0.313011000541214,0.754272304586672,0.999542903650367
"PTI98_012510",6.97095444642396,-0.730484447576951,0.797759738992937,-0.91566973347024,0.359840144256417,0.999542903650367
"PTI98_012511",13.4420414915074,-0.227188441464948,0.601060096729282,-0.377979577585025,0.705445765246715,0.999542903650367
"PTI98_012515",15.2699251574149,0.510816155440846,0.639200278848565,0.799148830724877,0.424204118145985,0.999542903650367
"PTI98_012517",2.4268590504852,-0.416649477409634,1.31127770606831,-0.317743126022405,0.750679795298365,0.999542903650367
"PTI98_012519",37.1658401434566,0.22137845546175,0.619437032167773,0.357386536428113,0.720802454515819,0.999542903650367
"PTI98_012521",4.73085855312127,1.37036701005465,0.9157146427203,1.49650005157034,0.13452339447638,0.999542903650367
"PTI98_012525",2.12456298803363,-0.259600107720786,1.24243702884337,-0.208944277813787,0.834491738243264,0.999542903650367
"PTI98_012526",10.2971763654932,-0.421515935275717,0.645198034470946,-0.653312491290143,0.513554841109264,0.999542903650367
"PTI98_012527",6.10105626612375,-1.25292385584112,0.820338859570245,-1.52732476491177,0.126680274307185,0.999542903650367
"PTI98_012529",16.1680079022205,0.106813795530452,0.626157430499367,0.170586166238204,0.864549176222462,0.999542903650367
"PTI98_012530",3.82993690836103,0.482081580523969,0.91090360126824,0.529234465483254,0.596642810641486,0.999542903650367
"PTI98_012534",3.22817174811672,0.329168736048522,1.15457479205951,0.285099534748508,0.775567886483534,0.999542903650367
"PTI98_012535",7.78174873810874,0.357035920013351,0.851416626427068,0.419343373069465,0.674965202427458,0.999542903650367
"PTI98_012545",104.528577047478,0.373552531547611,0.575285272591172,0.649334424754304,0.516122239406545,0.999542903650367
"PTI98_012546",5.49528122431135,1.11478653905796,0.93968245524426,1.18634388972196,0.235486520636089,0.999542903650367
"PTI98_012550",42.5677165614895,0.469605306887773,0.540926063300035,0.868150637857687,0.385311872923769,0.999542903650367
"PTI98_012555",80.4650801077066,0.0729685188012014,0.621439666914494,0.117418508482886,0.906528417875506,0.999542903650367
"PTI98_012559",1.21295346805927,0.186649325195717,1.52314463592963,0.122542088776617,0.90246971512057,0.999542903650367
"PTI98_012563",4.27080312865256,0.465101711694897,1.09123325942541,0.426216583555928,0.669950034566777,0.999542903650367
"PTI98_012564",3.30086208279889,0.0688631215551377,0.966487421494544,0.0712509237302333,0.943198053092246,0.999542903650367
"PTI98_012565",2.84711966394273,0.39316733378743,1.0515467114897,0.373894311580739,0.70848294873124,0.999542903650367
"PTI98_012566",5.50874037611662,-0.0453267140915486,0.859112360370128,-0.0527599370960286,0.95792318258217,0.999542903650367
"PTI98_012567",18.0383842933852,-0.76771308539145,0.724662040878924,-1.05940844432849,0.289413805608418,0.999542903650367
"PTI98_012569",9.69886176901058,0.971169751895031,0.806771310634079,1.2037732863006,0.228677217458059,0.999542903650367
"PTI98_012570",4.00699679500307,-0.153173813140635,0.908850458469364,-0.168535771438793,0.866161804592476,0.999542903650367
"PTI98_012571",5.19843035071205,-0.598471372207714,0.843308579045988,-0.709670679367152,0.477908378551532,0.999542903650367
"PTI98_012572",7.9638306202288,-1.99859572988477,0.859050040204073,-2.32651840562162,0.0199909117390091,0.999542903650367
"PTI98_012582",3.00501384067729,-0.556574717222223,1.19884031881666,-0.464260926569105,0.642460814713605,0.999542903650367
"PTI98_012583",3.74293247059503,-0.328323711643816,1.04605648652347,-0.313868051939515,0.753621255954684,0.999542903650367
"PTI98_012600",7.08608800985846,-0.394038121448044,1.12235644178829,-0.3510810886604,0.725527515116556,0.999542903650367
"PTI98_012601",3.10835051942835,0.704427435458059,1.25021117929642,0.563446757734555,0.573130705403587,0.999542903650367
"PTI98_012608",6.9835595778727,-0.440722497027872,0.963118159538356,-0.457599612947928,0.647240121632836,0.999542903650367
"PTI98_012609",15.1150148460021,2.15272640041302,0.909722395457535,2.36635528724158,0.0179641957114095,0.999542903650367
"PTI98_012612",8.4708535293052,0.72145263582038,0.694454765785179,1.0388763550419,0.298862244412,0.999542903650367
"PTI98_012614",8.30311964493554,-0.0225647320829014,0.786768811530683,-0.0286802574685198,0.977119602148222,0.999542903650367
"PTI98_012615",23.6347915785224,-4.7716186513145,1.75358546481596,-2.72106421218271,0.00650721201054834,0.999542903650367
"PTI98_012616",6.81247851765083,0.445681538164091,1.16718868356495,0.381841894493737,0.702578641722944,0.999542903650367
"PTI98_012617",18.8384653864575,-0.69653251903873,0.97127208908567,-0.717134289006933,0.473291240155125,0.999542903650367
"PTI98_012623",15.1498102338644,0.612768930858182,0.67817787510988,0.903551934304698,0.366233038082752,0.999542903650367
"PTI98_012624",78.9248210983694,0.158753992709972,0.498746764283935,0.318305809838987,0.750252977713544,0.999542903650367
"PTI98_012625",79.8400251971615,0.219424483979703,0.493279629251575,0.444827783204068,0.656444214648692,0.999542903650367
"PTI98_012629",7.01663374948547,-0.0707092998057572,0.723695453155435,-0.0977058782080952,0.922165847759007,0.999542903650367
"PTI98_012634",4.45877699818115,-0.851535062792831,0.890893982440565,-0.955820871592474,0.339162741667139,0.999542903650367
"PTI98_012636",15.0225452890812,-1.15759983833884,0.76089798869408,-1.52136009759418,0.128169496502651,0.999542903650367
"PTI98_012639",8.7194843347028,0.724758140680806,0.82977825394166,0.873435929705338,0.382425514247295,0.999542903650367
"PTI98_012640",4.54363624210003,0.0952260622733003,0.882725555901196,0.107877314343847,0.914093012618833,0.999542903650367
"PTI98_012641",2.45728423755627,0.749009870439502,1.10505753744794,0.677801693628815,0.497897437082472,0.999542903650367
"PTI98_012642",8.86578512419152,-0.652488623861394,0.736864195586687,-0.885493728382184,0.375890400675681,0.999542903650367
"PTI98_012647",5.45822619167248,-0.730369779913663,1.06694144388131,-0.684545327301875,0.493630877191848,0.999542903650367
"PTI98_012649",2.50456898805712,-0.593516014487839,1.10188913130597,-0.538634965737792,0.590138755949651,0.999542903650367
"PTI98_012650",14.8856370656292,0.0227887889140235,0.598891350899448,0.0380516246891828,0.969646521256295,0.999542903650367
"PTI98_012651",8.47748025021275,0.398076899813289,0.864873359248436,0.460271894788403,0.645321071907647,0.999542903650367
"PTI98_012652",1.40884986143044,-0.172486805945949,1.42383783439044,-0.121142170674087,0.903578427752664,0.999542903650367
"PTI98_012653",159.288920259626,-0.0100793983321552,0.498453145320217,-0.0202213556615838,0.983866792013406,0.999542903650367
"PTI98_012654",23.3071686609909,-1.0246123117692,0.642347990518182,-1.5951047203287,0.110688820104836,0.999542903650367
"PTI98_012664",8.57560370667368,-0.0270976698737358,0.768228606701892,-0.035272924800431,0.971862112770777,0.999542903650367
"PTI98_012665",11.5120442320296,-0.388484055675021,0.65375202194948,-0.594237635421099,0.552353183949761,0.999542903650367
"PTI98_012666",10.8842063452864,-0.0962104076539885,0.802845439186898,-0.11983677425063,0.904612450203342,0.999542903650367
"PTI98_012670",46.6551821063116,-1.02535751362393,0.523098354540516,-1.96016199386556,0.0499768591531178,0.999542903650367
"PTI98_012671",7.59433836638257,-0.569549513916687,0.769029246297896,-0.740608392539681,0.458930917885915,0.999542903650367
"PTI98_012672",2.15071811763978,1.27967871668963,1.24700579248726,1.02620110058767,0.304796802712124,0.999542903650367
"PTI98_012673",3.776372475102,-0.284471605699361,1.00048984377463,-0.284332327278918,0.776155714433994,0.999542903650367
"PTI98_012674",1400.91226946008,0.3381805120561,0.837290342769378,0.403898737130482,0.686287185046693,0.999542903650367
"PTI98_012676",13.1183571187808,-1.11092384861902,0.870405809223616,-1.2763286237829,0.201839375820468,0.999542903650367
"PTI98_012677",7.62239060257058,1.50752709769493,0.896504865573582,1.68156041934075,0.092654111181096,0.999542903650367
"PTI98_012678",14.0795681355638,-0.0470633957830307,0.703965273942461,-0.0668547121926322,0.946697366765603,0.999542903650367
"PTI98_012684",21.22111898,0.371749834047096,0.559983012578276,0.663859127325101,0.506780478119883,0.999542903650367
"PTI98_012686",4.64876142877484,0.690191416245219,0.865129441460217,0.797789767829739,0.424992500112939,0.999542903650367
"PTI98_012690",6.77221343481132,0.187795975944291,0.816406918191905,0.230027418631144,0.818070463939232,0.999542903650367
"PTI98_012692",2.0062079395956,0.293636165593264,1.21409351515902,0.241856300134182,0.808891512394173,0.999542903650367
"PTI98_012694",3.60171263522075,-0.0235762421846687,0.944539918747799,-0.0249605566866081,0.980086425002593,0.999542903650367
"PTI98_012696",9.24846405328993,-0.43518939238286,0.67513355095236,-0.644597490035817,0.519188061862502,0.999542903650367
"PTI98_012698",5.13075695238465,0.625113187337984,0.842359342197126,0.742098005000456,0.458027958482705,0.999542903650367
"PTI98_012699",4.53048389148821,-0.294408059218444,1.0156622366023,-0.2898680768159,0.771917164612812,0.999542903650367
"PTI98_012701",7.58438410410217,0.12107675880051,0.725483412177563,0.166891147017537,0.867455699112933,0.999542903650367
"PTI98_012702",10.9490918003534,0.261858249698997,0.65594020311028,0.39921055068334,0.689738069756655,0.999542903650367
"PTI98_012703",14.0178084497048,0.936271667615324,0.700601399121097,1.33638281166705,0.181424181481333,0.999542903650367
"PTI98_012704",5.11015663745394,-0.119626152545835,0.862658490301585,-0.13867150661673,0.889709734944399,0.999542903650367
"PTI98_012705",16.3825944823496,-0.479525286957985,0.63436160798276,-0.755917888036846,0.449698428275348,0.999542903650367
"PTI98_012707",7.92642221562749,0.959403614977323,0.88443979615865,1.08475853206093,0.278028616220934,0.999542903650367
"PTI98_012708",12.3872848105352,0.440478246060643,0.779280791211357,0.565236883839957,0.571912652286617,0.999542903650367
"PTI98_012711",16.4864456502911,0.605230639138676,0.623139453458242,0.971260342736804,0.331418651625983,0.999542903650367
"PTI98_012715",84.1511552796319,-0.875447758756123,0.551803759004114,-1.58652010695997,0.112621374671676,0.999542903650367
"PTI98_012716",5.11270630741238,0.62400626099865,0.953252142543165,0.654607771805132,0.512720318993065,0.999542903650367
"PTI98_012722",4.55537927388289,-0.0218229613474268,0.935773192360931,-0.0233207806395565,0.981394395667416,0.999542903650367
"PTI98_012723",7.56735584470338,1.49657282991153,0.856397928326562,1.74752037622965,0.0805471135515063,0.999542903650367
"PTI98_012725",66.0978984435874,-0.54858624131747,0.507217291333224,-1.08156060664949,0.279447816721762,0.999542903650367
"PTI98_012726",4.04839938225598,-0.0676616875913423,0.95539135436715,-0.0708209125842061,0.943540287778281,0.999542903650367
"PTI98_012728",3.18460481951441,1.80683470143713,1.18199623445205,1.52862982873608,0.126356236998849,0.999542903650367
"PTI98_012730",65.885350738251,-0.201233443252891,0.485172696161374,-0.414766628140918,0.678312751710374,0.999542903650367
"PTI98_012733",25.6534213335754,-0.00609707217802294,0.617075052962484,-0.00988060066397405,0.992116549550942,0.999542903650367
"PTI98_012734",15.5959949072469,0.0397225939660809,0.747102426664053,0.0531688728993285,0.957597356349745,0.999542903650367
"PTI98_012735",21.3395894880586,-0.36602933082324,0.647784922451212,-0.565047623273151,0.572041372413562,0.999542903650367
"PTI98_012736",10.1392740994335,-0.437105474968753,0.803788114658005,-0.543806840381974,0.586574401171569,0.999542903650367
"PTI98_012737",17.2187466726929,0.229359632006759,0.893022757722626,0.256835147842894,0.79730603589022,0.999542903650367
"PTI98_012739",6.65181884105042,-0.611595266912158,0.767082169988609,-0.797300850991284,0.425276326232036,0.999542903650367
"PTI98_012740",9.36648201797803,-0.17197382723878,0.714902904891981,-0.240555502099638,0.809899641644982,0.999542903650367
"PTI98_012741",2.09359494441869,0.258335881663958,1.33228466034886,0.193904417991506,0.846250724299771,0.999542903650367
"PTI98_012742",27.6160653451319,-0.307966160108919,0.536400627617904,-0.574134600618503,0.565876720746898,0.999542903650367
"PTI98_012743",17.962309392781,-0.280207260334273,0.63789865935226,-0.439266106341725,0.660468730090144,0.999542903650367
"PTI98_012746",4.35418388415777,-0.623877808043392,0.930926057644636,-0.670169024618221,0.502750047445705,0.999542903650367
"PTI98_012747",29.5508031677932,0.168938851584541,0.520389291084669,0.324639369946325,0.745454026811628,0.999542903650367
"PTI98_012748",8.75256542395675,-0.272417598700377,0.768033259598126,-0.354695054277883,0.722818056469081,0.999542903650367
"PTI98_012753",4.06839351887496,1.39680841929677,1.06994504609213,1.30549547792055,0.191724185972642,0.999542903650367
"PTI98_012754",7.22110075808745,-1.25976227988011,1.21573106753271,-1.03621788858021,0.300100503080755,0.999542903650367
"PTI98_012755",72.7190705114976,-0.33962639430643,0.532695244665793,-0.637562279196818,0.52375865681761,0.999542903650367
"PTI98_012756",24.1694968436404,0.180230072314532,0.54018944343657,0.333642344374498,0.738649461210446,0.999542903650367
"PTI98_012757",17.9267997968605,0.189390694334154,0.601739955260835,0.314738439218415,0.75296025610359,0.999542903650367
"PTI98_012758",9.88273511950352,0.819341606325731,0.772622679816188,1.06046797192215,0.288931753328843,0.999542903650367
"PTI98_012759",3.61384907550699,0.295116331341078,1.04227958698969,0.283145074531713,0.777065630235584,0.999542903650367
"PTI98_012760",5.84029146458929,0.873794346108727,0.934593016681198,0.934946367576797,0.349815939730954,0.999542903650367
"PTI98_012763",5.8626907304425,0.0212281319745983,0.801064974371812,0.0264998878414891,0.978858623058271,0.999542903650367
"PTI98_012764",12.2819598256366,0.571470605223121,0.625848654004933,0.913113101012783,0.361183060723668,0.999542903650367
"PTI98_012767",2.87857663955661,1.12312244818368,1.11657011953621,1.00586826436856,0.314478944084601,0.999542903650367
"PTI98_012772",162.083930191366,0.430691486597365,0.490304164730236,0.878416945192237,0.379717491843751,0.999542903650367
"PTI98_012777",4.34749607060832,-0.30036720370667,0.885178550181652,-0.33932951001245,0.734361514241827,0.999542903650367
"PTI98_012782",42.9769058365607,-0.65125715354013,0.686237377265283,-0.949026058789523,0.342607358720381,0.999542903650367
"PTI98_012783",6.86105714196415,0.501971725816173,0.85871889020808,0.584558848699064,0.558844384582598,0.999542903650367
"PTI98_012788",4.55095301008465,-0.708932352890118,0.888025201379,-0.798324587848665,0.424682153030932,0.999542903650367
"PTI98_012790",3.9804417580235,0.604823193955394,1.22463262908318,0.493881331912735,0.621389989320813,0.999542903650367
"PTI98_012792",2.5659383239156,0.100557907497549,1.06997694345855,0.0939813779281161,0.92512394951497,0.999542903650367
"PTI98_012793",6.18611820440515,0.827644153020809,0.852053519584804,0.971352308272972,0.331372869005286,0.999542903650367
"PTI98_012794",10.8105171507051,-0.242853867993652,0.667988772525299,-0.363559805167914,0.716186746420843,0.999542903650367
"PTI98_012795",6.68137523042527,0.223006161526544,0.897166020171793,0.248567329248429,0.803695482895218,0.999542903650367
"PTI98_012796",41.7633788745241,0.280143723903321,0.480780539450402,0.58268523976358,0.560105211373033,0.999542903650367
"PTI98_012800",2.76200032055316,0.23504009590909,1.05078619982529,0.223680227193856,0.823006132556002,0.999542903650367
"PTI98_012801",17.6646748814846,-0.853502058476429,0.64368365203367,-1.32596510068238,0.184851257499079,0.999542903650367
"PTI98_012802",18.158622499323,0.76616139615845,0.675321664329298,1.13451327956341,0.256579306596055,0.999542903650367
"PTI98_012806",2.44474488089904,1.24908997577535,1.24518907011387,1.00313278180408,0.315796799671811,0.999542903650367
"PTI98_012810",1.87158416532712,-1.77915820726203,1.30822158468198,-1.35998230582209,0.173835523276723,0.999542903650367
"PTI98_012813",8.97891533459831,-0.315174514726371,0.907226414286188,-0.347404473418416,0.728287473084207,0.999542903650367
"PTI98_012815",1.94581898251059,0.3439359722582,1.39057282959617,0.247334023028539,0.804649729987813,0.999542903650367
"PTI98_012817",13.0063677725557,0.0975949672380292,0.804353727372118,0.121333393402526,0.903426971289454,0.999542903650367
"PTI98_012822",2.14326107496642,0.129401371463544,1.23123388742127,0.105098935941868,0.916297303624545,0.999542903650367
"PTI98_012823",3.27929607117578,0.0661978595706409,0.949563933841027,0.0697139573349924,0.94442133246463,0.999542903650367
"PTI98_012824",29.4612554413163,1.25955209692886,0.953191257391714,1.3214054232678,0.186366218718879,0.999542903650367
"PTI98_012825",22.9065315419349,0.590721789972619,0.539293104752555,1.09536314254131,0.273357574691582,0.999542903650367
"PTI98_012829",8.94611241127858,-1.89363331494206,1.52601762065586,-1.24089872181699,0.214643165010515,0.999542903650367
"PTI98_012831",4.34117617339371,-0.507120822254509,1.0328497583488,-0.490991858356278,0.623432205966278,0.999542903650367
"PTI98_012832",5.83342032572739,-1.50294789936826,1.03375092589531,-1.45387816515529,0.145980087433509,0.999542903650367
"PTI98_012843",9.01272225657481,0.292270541897786,0.685837370210179,0.426151380185389,0.669997542818526,0.999542903650367
"PTI98_012844",27.0547370788837,0.0227876583924809,0.513571114184303,0.0443709892614855,0.964608686081061,0.999542903650367
"PTI98_012846",28.9497090378647,0.0723442480418241,0.617526393559726,0.117151669623052,0.906739865156158,0.999542903650367
"PTI98_012847",3.968719208182,0.85519084771531,0.932623364696716,0.9169734322423,0.359156562182954,0.999542903650367
"PTI98_012850",3.98978571178557,-0.112106840637926,0.904921880307857,-0.123885655853284,0.901405810421089,0.999542903650367
"PTI98_012851",8.0789206987732,-0.755297087333426,1.21523961936568,-0.621521118384593,0.534256803859245,0.999542903650367
"PTI98_012854",14.8912671986015,0.690358797901638,0.604005312900069,1.14296808845431,0.253051840697255,0.999542903650367
"PTI98_012855",2.70193553735369,0.699262733130829,1.18359055372032,0.590797832014518,0.554655887790819,0.999542903650367
"PTI98_012857",23.9387948446455,0.244122734744113,0.575687986164756,0.424053898311241,0.671526506063265,0.999542903650367
"PTI98_012858",9.38677926188562,-0.162083041895796,0.751374778856745,-0.21571530806825,0.829209668026164,0.999542903650367
"PTI98_012863",3.68215727829599,-0.749625173272698,0.921674468077759,-0.813329650799716,0.416029081406977,0.999542903650367
"PTI98_012867",10.6006350889232,0.748669684087538,0.77104548083253,0.970979926215465,0.331558274853597,0.999542903650367
"PTI98_012868",14.2767438248717,0.362578445879276,0.644596165100216,0.562489300293783,0.573782691601074,0.999542903650367
"PTI98_012869",21.0732357867359,-0.124388536938438,0.672800568035039,-0.184881735908345,0.853321796664179,0.999542903650367
"PTI98_012885",13.2810610785077,-0.470120923321993,0.702277499898549,-0.669423302597488,0.503225490962799,0.999542903650367
"PTI98_012888",6.21411319580643,0.0569156226717257,0.898641622869181,0.0633351730248212,0.949499607951193,0.999542903650367
"PTI98_012889",3.24284346710159,-1.19593634266864,1.07840334505466,-1.10898797574484,0.267435369218646,0.999542903650367
"PTI98_012890",2.96598808739611,0.229086776300686,1.24025999661098,0.184708671509738,0.853457544332719,0.999542903650367
"PTI98_012892",2.43032423685923,0.280525113532707,1.09015402023322,0.25732612853429,0.796927023759149,0.999542903650367
"PTI98_012901",8.155201044359,-1.12435586733053,0.952756128276058,-1.18010877491281,0.237956955049899,0.999542903650367
"PTI98_012902",14.8615878905601,-0.0264879592867149,0.604215632295905,-0.0438385865424661,0.965033069023188,0.999542903650367
"PTI98_012903",3.19909970332422,1.0508442854635,1.02311723780889,1.02710055761937,0.304373116138012,0.999542903650367
"PTI98_012905",12.4180391742594,-0.242457667961233,0.638538289812748,-0.379707328173436,0.704162679797542,0.999542903650367
"PTI98_012912",5.66871327074441,1.4826739324549,1.01653725313261,1.45855346460331,0.144688049672246,0.999542903650367
"PTI98_012927",7.3152387791722,0.186952989123759,0.791272129893007,0.23626889165051,0.813224024512018,0.999542903650367
"PTI98_012943",2.81641661268935,-0.13647006780075,1.02871587055888,-0.132660603094039,0.894461801578025,0.999542903650367
"PTI98_012948",2.06702737374527,-2.0640701607737,1.3545776239949,-1.52377399730432,0.127565177253731,0.999542903650367
"PTI98_012964",4.49466891430837,-0.00379409412313144,0.902913805412556,-0.004202055722692,0.996647254481957,0.999542903650367
"PTI98_012965",20.5167196209191,-0.526236282318417,0.569753299760221,-0.92362129809495,0.355683521026494,0.999542903650367
"PTI98_012966",6.28998506991649,0.213287810874519,0.868414174143158,0.245606091223654,0.805987173534502,0.999542903650367
"PTI98_012967",33.4527664725891,-0.129354685197938,0.508513620979825,-0.254378014395549,0.799203534419606,0.999542903650367
"PTI98_012971",1.96746006969358,-1.27646308107792,1.52797882609934,-0.83539317382853,0.403496371963311,0.999542903650367
"PTI98_012972",2.45944745039476,0.0564559516444589,1.46448955276887,0.038549917640395,0.969249232515941,0.999542903650367
"PTI98_012974",4.4445875358779,-0.606358307061961,1.30340050406193,-0.465212576773066,0.641779233080749,0.999542903650367
"PTI98_012975",126.451925334992,-1.19477982571804,0.641891844505025,-1.86134133958246,0.0626959887744163,0.999542903650367
"PTI98_012978",14.4602465843992,-0.259531214167904,0.6090482295767,-0.426125882261054,0.67001612138602,0.999542903650367
"PTI98_012979",17.0956637069598,-0.403157723763615,0.718783927365242,-0.560888618143454,0.574873469612053,0.999542903650367
"PTI98_012980",3.67601826227149,-1.21525672637231,1.16028970865932,-1.04737352861338,0.294927335720193,0.999542903650367
"PTI98_012983",7.72189743248322,0.104415963248208,0.85558457239532,0.122040493268693,0.902866948947052,0.999542903650367
"PTI98_012984",9.43757577936604,-0.355643045530853,0.742151045024196,-0.479205746478816,0.631792266568212,0.999542903650367
"PTI98_012985",1.98915061665806,-2.5218963288235,1.6748311469913,-1.50576154100901,0.132128399399309,0.999542903650367
"PTI98_012998",2.43680600911456,-0.42560614849244,1.10143168128597,-0.386411754558874,0.699191746016486,0.999542903650367
"PTI98_012999",8.5428160763179,-0.0759476211535579,0.728745706315706,-0.104216903777757,0.916997219743492,0.999542903650367
"PTI98_013003",11.5363171700444,-0.239317337165425,0.86534735858616,-0.276556384890839,0.782120758636767,0.999542903650367
"PTI98_013005",50.599996115121,-0.556371762813921,0.648372173207085,-0.85810555388567,0.390834180864324,0.999542903650367
"PTI98_013006",13.4591270748665,-0.489882509570653,0.854706408140933,-0.573158812084015,0.566537169310729,0.999542903650367
"PTI98_013010",3.68802363954136,0.569559779347334,1.07380831362413,0.530411035303924,0.595826976492967,0.999542903650367
"PTI98_013011",19.3797607834292,-4.36674521789526,2.35355280699737,-1.85538442346076,0.0635413501270021,0.999542903650367
"PTI98_013053",54.6801426840367,-0.302065051960827,0.615643388972829,-0.490649387894522,0.623674449028766,0.999542903650367
"PTI98_013065",6.56246637353091,0.858615882308634,0.942317222636439,0.911174986175438,0.362203181481418,0.999542903650367
"PTI98_013066",13.8859653994763,0.600960866827646,0.670152524959383,0.896752372699139,0.369851067336192,0.999542903650367
"PTI98_013077",2.89331546112024,1.05950267396602,1.19021085138029,0.890180653904568,0.373368890890775,0.999542903650367
"PTI98_013078",7.36097982755209,0.0420895166411791,0.741820752881409,0.0567381223532684,0.954753805667813,0.999542903650367
"PTI98_013081",2.49219759470701,0.419656703780589,1.17542397828945,0.357025814967038,0.721072480070421,0.999542903650367
"PTI98_013087",5.81458609817593,-0.0987145438230268,0.854630821515355,-0.115505480656542,0.908044476618459,0.999542903650367
"PTI98_013090",6.0626951703926,1.03042313166317,0.932615634656112,1.10487439130604,0.269214020301387,0.999542903650367
"PTI98_013094",4.26012339943866,0.599577790801035,0.944257907286276,0.634972485985503,0.525446359798139,0.999542903650367
"PTI98_013098",5.32290296064853,-0.989725341820844,0.852411284759439,-1.16108897138798,0.245605719269839,0.999542903650367
"PTI98_013101",2.85681780338661,-0.915603689841642,1.24398769461685,-0.736023108430865,0.461716634754735,0.999542903650367
"PTI98_013106",12.4640845970477,-0.036231591091504,0.63995738508425,-0.0566156308778812,0.954851382876778,0.999542903650367
"PTI98_013108",14.6445499083973,-0.360540580972125,0.635012858568705,-0.567768945316744,0.570191869193768,0.999542903650367
"PTI98_013110",2.16530062845799,0.185180172354064,1.26156449962842,0.14678613135405,0.883300831680989,0.999542903650367
"PTI98_013114",6.13390798241339,1.14386631181149,0.911144378935565,1.25541718552641,0.209327353904399,0.999542903650367
"PTI98_013115",5.99705535499422,1.57724614423456,0.918117786210595,1.71791263378572,0.0858125520668191,0.999542903650367
"PTI98_013116",1.70571059851394,-0.167667322462383,1.35791911659569,-0.123473718289441,0.901731984786529,0.999542903650367
"PTI98_013130",2.97372290145358,-0.896980226464801,0.978054822752554,-0.91710628647627,0.35908694717766,0.999542903650367
"PTI98_013131",3.63857872450194,-0.333178356615036,0.926443093660682,-0.359631756008389,0.719122532479566,0.999542903650367
"PTI98_013132",42.3754269179149,-0.8953445275163,0.586950339901745,-1.52541785335056,0.127154908501839,0.999542903650367
"PTI98_013137",14.6975249032547,-0.312041939523076,0.677320347608132,-0.460700672325897,0.645013372592547,0.999542903650367
"PTI98_013138",2.31914921130713,-1.33578984301356,1.28693559603486,-1.03796168753839,0.299287892207547,0.999542903650367
"PTI98_013139",5.11020553398043,-0.181541455128186,0.803433525428753,-0.225957032389588,0.821234839244001,0.999542903650367
"PTI98_013151",6.84190197881143,-0.203591820302272,0.863374115266082,-0.235809502164108,0.81358049440774,0.999542903650367
"PTI98_013152",2.54231798543133,-0.208754500473131,1.30248228234313,-0.160274349450334,0.872664963826061,0.999542903650367
"PTI98_013154",3.52026900935195,-0.159783536646715,0.907413192645102,-0.176086856507946,0.860225706573544,0.999542903650367
"PTI98_013158",5.14408660508789,0.32837316177687,0.861133621378893,0.381326606724588,0.702960913145825,0.999542903650367
"PTI98_013161",141.307287910495,0.00972292757423818,0.414331568703698,0.0234665381753505,0.981278129798463,0.999542903650367
"PTI98_013165",8.91306711230528,0.465881368396677,0.754010826209216,0.617870927316644,0.536660424590744,0.999542903650367
"PTI98_013170",36.4678395905053,-0.0380125504724533,0.487603382065217,-0.0779579302987055,0.93786151785904,0.999542903650367
"PTI98_013183",41.0177067797427,-0.094082493472276,0.576861229277575,-0.16309380609631,0.870444576522031,0.999542903650367
"PTI98_013185",2.44165087406765,0.0384305438671948,1.2068194957143,0.031844483788728,0.97459607167591,0.999542903650367
"PTI98_013188",4.18260660145983,0.48478224522146,0.994229769826916,0.487595785133104,0.625836181621066,0.999542903650367
"PTI98_013190",7.80325651085256,-0.329789804809196,0.855697120140337,-0.385404831975021,0.699937503171515,0.999542903650367
"PTI98_013192",7.29165143630287,-0.0038776535848141,0.984935128726573,-0.00393696343212728,0.99685876577575,0.999542903650367
"PTI98_013196",23.5968165424672,-1.19604293056627,0.707527969587301,-1.69045321454065,0.0909412817412381,0.999542903650367
"PTI98_013198",4.65463282525987,-0.565777870199495,1.05183196047997,-0.537897583889083,0.59064775655722,0.999542903650367
"PTI98_013199",3.45903328762084,-1.61048081942379,1.04329324273538,-1.54365115526036,0.122672865190678,0.999542903650367
"PTI98_013200",2.4946503888324,-0.970523050227525,1.04260296925459,-0.930865419385293,0.351923184327371,0.999542903650367
"PTI98_013211",2.11738377357148,0.536536088347123,1.37222341577061,0.390997619032623,0.695798995790612,0.999542903650367
"PTI98_013216",1.99450444468014,0.449396626323358,1.29747693963842,0.346361937229185,0.729070726503554,0.999542903650367
"PTI98_013217",5.98817553384705,-0.216364052178762,0.869944978191562,-0.248710042132249,0.803585080386772,0.999542903650367
"PTI98_013226",4.40283054051761,1.24761845516883,1.07849592029851,1.15681332834668,0.24734863520422,0.999542903650367
"PTI98_013233",21.0175962380182,0.0585304440220967,0.644584305652882,0.0908033960938791,0.92764881150935,0.999542903650367
"PTI98_013243",17.3858072155236,-0.136933968534286,0.611435531002789,-0.223954876010733,0.82279241512039,0.999542903650367
"PTI98_013249",7.47692133094279,-0.180264706878648,0.874457625003902,-0.206144588055761,0.83667797042976,0.999542903650367
"PTI98_013253",1.97022477824722,1.41490790643841,1.27257220634835,1.11184882034984,0.266203156988346,0.999542903650367
"PTI98_013255",3.60632170403581,-1.26945192488563,1.04792361063273,-1.21139738813514,0.225743139918602,0.999542903650367
"PTI98_013267",6.5969756718638,0.846645919043762,0.797095686875183,1.06216346793047,0.288161481296592,0.999542903650367
"PTI98_013276",11.3242796133493,-0.282219227613556,0.74812362500832,-0.377236085293279,0.705998165670523,0.999542903650367
"PTI98_013280",10.7492370441053,0.220372690877994,0.701538459548125,0.314127740081335,0.753424021575812,0.999542903650367
"PTI98_013283",27.2017563974885,-0.705542452335268,1.35844327530644,-0.519375718633604,0.603498760462244,0.999542903650367
"PTI98_013285",2.76017029096021,-1.99628476466345,1.262874869859,-1.58074628952458,0.113936059747569,0.999542903650367
"PTI98_013286",30.3234504752836,0.69250884131965,0.778758696888435,0.889247008202412,0.373870344110119,0.999542903650367
"PTI98_013289",19.6373229995625,-2.65738031785068,1.02134850235545,-2.6018350364466,0.00927264431991841,0.999542903650367
"PTI98_013294",5.53521551121683,-0.626474034825858,1.06021898511585,-0.590891168353683,0.554593343837996,0.999542903650367
"PTI98_013316",6.68811222246301,0.622801114769083,0.881837070626021,0.706254177233616,0.480030084090038,0.999542903650367
"PTI98_013327",8.35195434868598,0.485233661404684,0.746991221944887,0.649584154605345,0.515960871046994,0.999542903650367
"PTI98_013332",3.44863894541214,0.34111984454788,0.937215155284923,0.36397175464387,0.715879101402464,0.999542903650367
"PTI98_013337",6.3467908247733,0.959214355822535,0.963026780806365,0.99604120564473,0.319230124707693,0.999542903650367
"PTI98_013348",3.69249242447148,-0.191728495819218,1.11957360918055,-0.171251353414405,0.864026129661264,0.999542903650367
"PTI98_013368",3.12311450429914,0.908387380646755,1.12847986927768,0.804965516334997,0.420839579310107,0.999542903650367
"PTI98_013370",8.21350757645838,0.738889620359031,1.19062877728338,0.620587738560236,0.534870909238922,0.999542903650367
"PTI98_013371",6.21082375587783,-0.0353093222056901,0.820503637251962,-0.0430337180758252,0.965674655602845,0.999542903650367
"PTI98_013429",9.75669713721898,-0.188539052472773,0.82101506264296,-0.22964140495284,0.818370430054122,0.999542903650367
"PTI98_013430",6.01094294219841,0.705198197694082,0.833191475032224,0.846381916793865,0.397339723039117,0.999542903650367
"PTI98_013433",5.38879405389298,0.431701594980903,0.90394278177053,0.477576240097122,0.632951845241488,0.999542903650367
"PTI98_013434",3.73354887865116,0.190945647803038,0.942484404815129,0.202598204094945,0.839449093817745,0.999542903650367
"PTI98_013435",2.7784922217533,-0.211856635410344,1.0156976345051,-0.208582385360749,0.834774262568655,0.999542903650367
"PTI98_013436",5.60042833505794,-1.16721956609992,0.909132761307283,-1.28388241605277,0.199183100677392,0.999542903650367
"PTI98_013438",63.2048822539365,-0.559619167464213,0.629475012778252,-0.889025229125898,0.373989521000563,0.999542903650367
"PTI98_013447",11.6510629920708,0.0937138255738805,0.65292701261886,0.143528792288741,0.885872573692185,0.999542903650367
"PTI98_013448",18.3409363060995,0.738699226069905,0.917755365749747,0.804897746870088,0.420878688712361,0.999542903650367
"PTI98_013449",4.13158655914618,0.576565772763939,0.944663533952552,0.610339821578101,0.541636723109534,0.999542903650367
"PTI98_013450",27.3019686126542,-0.0726162021051309,0.556407225886515,-0.130509092489647,0.896163660902826,0.999542903650367
"PTI98_013452",7.55320405777559,0.227046858044733,0.782820609766154,0.290036893781523,0.771788012935244,0.999542903650367
"PTI98_013454",5.52078555968505,0.465164167745903,0.754454343698842,0.616557080797435,0.537526911002606,0.999542903650367
"PTI98_013455",11.6728624804183,-0.124508726174954,0.621407969435459,-0.200365512351039,0.841194729707646,0.999542903650367
"PTI98_013456",2.91529381259147,-0.338383268122559,1.01305915079642,-0.334021234452636,0.738363535237362,0.999542903650367
"PTI98_013457",4.93484422278181,-0.825226414204342,1.16939527033377,-0.705686464738995,0.480383140099965,0.999542903650367
"PTI98_013459",4.83498530135625,0.331807464128051,0.905305589726674,0.366514321675876,0.713981327842229,0.999542903650367
"PTI98_013462",17.8943944531095,0.0567384723419636,0.758633673503788,0.0747903425904023,0.940381525793894,0.999542903650367
"PTI98_013463",4.3978999960962,0.250444404912554,0.976531980826344,0.256463085520893,0.797593280924627,0.999542903650367
"PTI98_013464",2.1517731372391,0.116466579087397,1.31554661478629,0.0885309405066705,0.929454693909497,0.999542903650367
"PTI98_013465",10.6972788018987,-1.27616905744935,0.875329508974614,-1.4579298931031,0.144859868003113,0.999542903650367
"PTI98_013472",4.09546850363246,0.770594085215831,0.909249017898139,0.847506095741705,0.396713090829094,0.999542903650367
"PTI98_013476",5.32983528044216,-0.00756872184396212,0.920473719576164,-0.00822263762994469,0.993439358315506,0.999542903650367
"PTI98_013478",4.99458459113686,-0.48283761101159,0.933389074379132,-0.517295117615087,0.60495016178001,0.999542903650367
"PTI98_013485",2.55673520983634,-1.17248384758459,1.0908483270088,-1.07483672895172,0.28244783324481,0.999542903650367
"PTI98_013486",5.57286557777942,0.675228881525829,0.906773662861225,0.744649860468178,0.456483417368147,0.999542903650367
"PTI98_013487",34.8469668759595,-0.147730975584957,0.573256851511629,-0.257704683677836,0.796634831121846,0.999542903650367
"PTI98_013493",6.43243818509602,-0.428713720905742,0.780791357340731,-0.549075904689676,0.582953360201699,0.999542903650367
"PTI98_013498",8.17312103213606,0.306144142306177,0.75426370643821,0.405884758464454,0.684827277435108,0.999542903650367
"PTI98_013503",4.50764954611629,0.673127067872639,1.00712376366637,0.668365787956551,0.503900128402998,0.999542903650367
"PTI98_013504",8.00535069169584,-1.06923182928469,0.808245549354407,-1.32290469169765,0.185867074897164,0.999542903650367
"PTI98_013506",104.75743443939,0.240274445215582,0.657120890664402,0.365647247909963,0.714628314132562,0.999542903650367
"PTI98_013507",2.62108645808758,0.352674623413737,1.23248838241766,0.286148436321912,0.774764434961616,0.999542903650367
"PTI98_013508",8.70682921518738,-1.83277185116874,0.928264383381556,-1.97440716672999,0.0483354637950346,0.999542903650367
"PTI98_013509",3.57139470361565,-0.274946464898877,0.985352984675346,-0.279033472445883,0.780219137224148,0.999542903650367
"PTI98_013512",3.73021334504779,0.334702580144365,1.0491361738538,0.319026822719207,0.749706173112757,0.999542903650367
"PTI98_013515",4.19372940940284,0.304300754611004,1.04143544530706,0.292193583368275,0.770138617403739,0.999542903650367
"PTI98_013522",3.77778932503945,0.428288274601282,0.923318998931374,0.463857318106713,0.642749974220564,0.999542903650367
"PTI98_013529",7.11285967536343,0.65539568476918,0.792262608167289,0.827245509270318,0.408097921939124,0.999542903650367
"PTI98_013543",2.49360549033522,0.798090040175764,1.25077494776827,0.63807645140301,0.523423914809429,0.999542903650367
"PTI98_013553",68.4334873066609,0.642259800839128,0.562293227319931,1.14221507504251,0.253364631289423,0.999542903650367
"PTI98_013554",8.160479791744,-0.394472609131558,0.701537717475449,-0.562297078696076,0.573913628360968,0.999542903650367
"PTI98_013555",10.6310718216022,-0.086948843762464,0.612539694516484,-0.141948096655349,0.887121003287897,0.999542903650367
"PTI98_013556",24.1544834547295,0.448351455555545,0.540044376656933,0.830212247243458,0.406418791977414,0.999542903650367
"PTI98_013557",5.46353317253043,-1.66291881084409,0.900194121092044,-1.84728912562412,0.0647052481407162,0.999542903650367
"PTI98_013558",4.36192729676942,1.9223874393728,1.02240107478214,1.8802674281054,0.0600716400738808,0.999542903650367
"PTI98_013561",4.28857754965118,1.70257156155962,1.15056567494164,1.47976912456213,0.138934871062365,0.999542903650367
"PTI98_013562",13.1757288919707,0.201411117461216,0.678545982508675,0.296827514498829,0.766598198117221,0.999542903650367
"PTI98_013563",7.67627457070739,-1.02647077601862,0.77630400059471,-1.32225362130333,0.186083710916919,0.999542903650367
"PTI98_013572",1.28809690008727,0.891577355349405,1.63036345829151,0.5468580339035,0.584476269069064,0.999542903650367
"PTI98_013573",136.165839724766,-0.321935681109511,0.495030278196468,-0.65033533359295,0.515475638257058,0.999542903650367
"PTI98_013574",11.7457888197591,0.572063202803722,0.747035728831143,0.765777566889347,0.44380866440596,0.999542903650367
"PTI98_013578",4.8169065665531,0.89005254077203,0.893483856806457,0.996159621678347,0.31917259481057,0.999542903650367
"PTI98_013579",8.09317774346707,1.06536642035875,0.861333435069509,1.23688037289853,0.216131497640946,0.999542903650367
"PTI98_013580",22.3103952848882,1.16318858985204,0.599379579737302,1.9406543518914,0.0523002167340791,0.999542903650367
"PTI98_013582",4.24327620916254,1.14048477845868,1.06661531041899,1.06925596071809,0.284954348894986,0.999542903650367
"PTI98_013586",9.1118097634936,-0.512267972145604,0.706727027835608,-0.724845593799425,0.468546761199546,0.999542903650367
"PTI98_013588",3.48187579316327,0.198800913539987,0.982934374674025,0.202252478560348,0.839719348786151,0.999542903650367
"PTI98_013590",3.05076351311798,-0.81681413311098,1.44820194990118,-0.564019495462435,0.572740864384182,0.999542903650367
"PTI98_013593",3.78653412569701,-0.381156778547291,0.948145151197725,-0.402002560542341,0.687682141845045,0.999542903650367
"PTI98_013609",649.779731815996,-0.00813952588748159,0.552235111937013,-0.0147392400655791,0.988240213708099,0.999542903650367
"PTI98_013610",381.395340928193,-0.0699547453339918,0.546277330621198,-0.128057199910608,0.898103706628423,0.999542903650367
"PTI98_013613",4.59151152526825,0.530716856369604,1.20227724729735,0.441426349506844,0.658904369953213,0.999542903650367
"rRNA_CM057210.1_1807585",480.681064193202,0.354163448297891,1.31502709400647,0.269320267173253,0.787683237229432,0.999542903650367
"rRNA_CM057210.1_1811542",16.9214299548165,-1.54391890322851,1.51674045519411,-1.01791898405645,0.308716458987982,0.999542903650367
"rRNA_CM057210.1_2075565",62.0165437014313,-0.569265879909336,1.42919120133581,-0.398313311317102,0.690399249519513,0.999542903650367
"rRNA_CM057210.1_2084240",74.949240271343,0.0493279847340102,1.35154569081713,0.0364974599594832,0.97088570402035,0.999542903650367
"rRNA_CM057210.1_2099668",1301.23287093817,0.626227002730171,1.39333583407149,0.449444410612957,0.653111100546861,0.999542903650367
"rRNA_CM057210.1_2103625",70.0047565246825,-1.21258333866638,1.61721886370657,-0.74979544567469,0.453377912132131,0.999542903650367
"rRNA_CM057210.1_2109433",105.67063065156,-0.790326036301644,1.3830908466329,-0.571420191396447,0.567714845324124,0.999542903650367
"rRNA_CM057210.1_2111466",1302.32280415629,-0.177904263407907,1.33834242158925,-0.132928808455947,0.894249683224483,0.999542903650367
"rRNA_JAQZRA010000014.1_3134",12.5555040121889,-0.513170879712215,1.38979114573361,-0.369243163829004,0.71194648539602,0.999542903650367
"rRNA_JAQZRA010000014.1_10789",94.1743170434385,-0.212078991737588,1.40954353860663,-0.150459340863805,0.880402226803664,0.999542903650367
"rRNA_CM057219.1_52604",772623.341495694,-0.287526156888452,0.84662585177259,-0.339614194731303,0.734147087018979,0.999542903650367
"rRNA_CM057219.1_20917",19500.0753514762,-1.0770979849894,0.890327018277581,-1.20977793875462,0.226364113745701,0.999542903650367
"rRNA_CM057219.1_22400",6082.04908610575,-0.520388074628602,0.57454572371063,-0.905738313162862,0.365074378393113,0.999542903650367
"PTI98_005240",2.69472773999276,-0.000148123325001609,1.10519080917492,-0.000134025114733075,0.999893063430515,0.999893063430515
"PTI98_007517",3.39094099231503,0.000354956514907801,0.960795170352932,0.000369440361338842,0.999705229246256,0.999893063430515
"PTI98_002468",13.8100614759522,0,4.07078092373266,0,NA,NA
"PTI98_000468",262.662137254191,-9.21747977130788,3.09554792330536,-2.9776569446438,NA,NA
"PTI98_001272",40.9567836205683,1.33286617586456,1.39231736078818,0.95730055043631,NA,NA
"PTI98_001479",7.30790062760548,-1.13610471732648,1.19990566695692,-0.946828362105963,NA,NA
"PTI98_001723",9.22982931620894,1.2173978858039,0.864638632111924,1.40798460835637,NA,NA
"PTI98_001908",6.11354901561265,-1.0314931309275,0.934392652547802,-1.10391828115829,NA,NA
"PTI98_002052",94.1999102400932,-4.56924952005875,1.27519833537381,-3.58316772639082,NA,NA
"PTI98_004421",24.3427848878482,2.81089962722643,1.633021516886,1.72128756306073,NA,NA
"PTI98_004690",3.24909767304615,0.344411531566937,1.05247757339784,0.327238831754894,NA,NA
"PTI98_005211",2.3513379551798,-1.42975807064313,1.2582113519975,-1.13634173493451,NA,NA
"PTI98_005420",5.69622733292676,0.180014796695284,0.906697306272105,0.198539022284534,NA,NA
"PTI98_007710",4.39788226712357,-0.43880765513766,0.946050584584711,-0.463831070227903,NA,NA
"PTI98_007901",23.5062096187509,5.10061043922823,2.80526170589142,1.81822980312898,NA,NA
"PTI98_005802",6.68455293018027,-0.639230047684071,0.854518586295454,-0.748058682322276,NA,NA
"PTI98_008791",145.927969193211,-4.72526034925922,1.79107826736399,-2.63822102884068,NA,NA
"PTI98_009108",9.67324772185874,1.73476216392691,2.01655167504858,0.86026169593949,NA,NA
"PTI98_009445",1.8204420902295,1.19168496305516,1.62030939252088,0.735467540061059,NA,NA
"PTI98_010150",5.05220983064166,-0.956866794442089,1.05566161924776,-0.906414306436495,NA,NA
"PTI98_010315",50.3423354979662,4.51336337323471,2.00554837930634,2.25043854329546,NA,NA
"PTI98_011490",19.2315842210795,7.57610268959734,2.5901068566626,2.92501549505926,NA,NA
"PTI98_011703",16.2246144365044,2.71583596279475,2.07246741890332,1.31043602327504,NA,NA
"PTI98_012516",6.90639202986869,-0.151382306611171,0.850428989552331,-0.178006992319087,NA,NA
"PTI98_013469",12.6781539685613,-0.0481047069448703,2.58859752288522,-0.0185833087297609,NA,NA
"rRNA_CM057210.1_2080283",210.534456495355,5.14688254168674,1.64048933504081,3.13740688936494,NA,NA
