"","baseMean","log2FoldChange","lfcSE","stat","pvalue","padj"
"PTI98_012555",79.7024793735775,4.79124006128873,0.647810209679316,7.39605518668889,1.40289720939101e-13,1.89531412988726e-10
"PTI98_006179",44.0142470229596,3.71969609036906,0.745178420666729,4.99168519539383,5.9854754008211e-07,0.000404318863325466
"PTI98_000571",18.2526109418902,4.07012773829952,0.878751249429709,4.63171772551214,3.62644361524707e-06,0.0016331084413996
"PTI98_008667",10.6555207243222,3.83643567709613,0.926963489245442,4.13871282052223,3.49259800383073e-05,0.0115249342964726
"PTI98_009997",42.3961559388505,-5.5360550705133,1.36687532378325,-4.0501536418044,5.11840161205299e-05,0.0115249342964726
"PTI98_011030",35.2734808071599,5.13740279117689,1.25668438163464,4.0880613034232,4.34993216112585e-05,0.0115249342964726
"PTI98_000547",111.927906802649,-9.70100295158074,2.45155551708277,-3.95708067142793,7.58713135975376e-05,0.0146092766327223
"PTI98_001300",31.0886891366291,2.79547899521333,0.724677072789657,3.85755131517006,0.0001145286397929,0.0146092766327223
"PTI98_005166",43.6774758052986,-2.61372988187358,0.679194451215972,-3.84827920368634,0.000118950438904475,0.0146092766327223
"PTI98_005957",19.2031443074891,3.83488310319789,0.978331908128536,3.91981808150742,8.86158338638334e-05,0.0146092766327223
"PTI98_010893",62.6054622229795,1.90264834672645,0.489219013106918,3.88915454173208,0.000100594048550476,0.0146092766327223
"PTI98_010448",25.9151732537913,-3.77608861500625,1.00919344914394,-3.74168958212061,0.000182787209813708,0.0205787933715267
"PTI98_012824",28.6484541645595,4.16899815838225,1.12758005800434,3.69729681612213,0.000217907505515797,0.022645618457834
"PTI98_001005",43.4198976862808,-4.92494165060849,1.36153233196204,-3.61720506740474,0.000297801361505779,0.0287378313853076
"PTI98_000185",12.034733594937,5.42696530462684,1.52272119288329,3.56399144504636,0.000365257863751953,0.0328975582619259
"PTI98_010051",69.0476771675613,2.01973132642836,0.577550181986945,3.49706638387661,0.000470404759309365,0.0373833429309972
"PTI98_013005",51.0988353481575,-2.92371719727131,0.835209638181867,-3.50057885303602,0.000464248870818388,0.0373833429309972
"PTI98_003749",51.210198781953,-3.69768008897761,1.06411773214305,-3.47487874441372,0.000511084315255681,0.0383597172172458
"PTI98_012472",22.1955430824958,2.89359035147666,0.843629798562893,3.42992904755835,0.000603739099250917,0.0429290275309468
"PTI98_010289",43.2136229754311,2.17326522531974,0.638729091414644,3.40248354823864,0.000667763754697777,0.0445997450871662
"PTI98_012624",78.9442280345295,1.85335241913032,0.54635210654882,3.39223075543265,0.000693260286329008,0.0445997450871662
"PTI98_007354",27.4339257081603,-3.00747325476011,0.89396925395888,-3.36417974269442,0.000767715266319972,0.0471446965817401
"PTI98_006229",15.1057379259544,2.91030087193483,0.870160817341242,3.34455518329037,0.000824146325421431,0.0484096385062762
"PTI98_000791",89.0115033328933,1.86762303871102,0.561475836904342,3.32627499877471,0.000880150466778866,0.049545136692427
"PTI98_001701",37.3944061214022,2.0945787254549,0.645346068687873,3.2456674443119,0.00117175632349395,0.0571214009339843
"PTI98_006231",79.3356994557546,-1.84394725365837,0.568581808194213,-3.24306410631507,0.00118251601023353,0.0571214009339843
"PTI98_009858",17.1936577564091,-3.31506512682664,1.02230380743515,-3.24273968532287,0.00118386323179242,0.0571214009339843
"PTI98_012676",13.1640486993563,-5.7124733643364,1.75411632649079,-3.25661033881632,0.00112751098726246,0.0571214009339843
"PTI98_007356",30.1321794134788,-3.60455247794712,1.1175893871718,-3.22529232947432,0.001258440984171,0.0586259920556904
"PTI98_003031",17.1374625522084,-4.38904711842454,1.38495837776019,-3.16908232688023,0.00152921072925915,0.066643990168681
"PTI98_012411",114.292356754335,-2.7962399067263,0.880806157716779,-3.1746371006019,0.00150023999255366,0.066643990168681
"PTI98_003470",47.1091622540623,-1.78454300380041,0.570735589320623,-3.12674211524929,0.0017675489718582,0.0723623836660735
"PTI98_004077",85.9381389645963,-3.35365028531726,1.0714950130195,-3.12987950906703,0.00174878017551121,0.0723623836660735
"PTI98_005928",15.4221455289965,2.40844574947236,0.775925818283441,3.10396392634608,0.00190946610842207,0.07587319742583
"PTI98_000899",15.9553138422646,3.17502801674785,1.02765860094216,3.08957470295775,0.00200443292081428,0.0773711107434312
"PTI98_007684",36.3586349440205,-3.83769010248811,1.24795249180431,-3.07518926216456,0.00210369012678937,0.0789468155914565
"PTI98_002276",20.7129731686147,2.75430980531059,0.911055659459961,3.02320695416484,0.00250111134629371,0.0794302805742542
"PTI98_003802",76.8016946953328,1.60365930761885,0.53429640132206,3.00144134164251,0.00268704803360173,0.0794302805742542
"PTI98_006060",14.3768755033408,2.22263724267392,0.736485616394848,3.01789633523856,0.00254535959265977,0.0794302805742542
"PTI98_006808",12.588026639944,3.38543721235756,1.11330756134261,3.04088225923377,0.00235886053158128,0.0794302805742542
"PTI98_008420",17.806103969019,-3.44294809992679,1.14189468906642,-3.01511876085669,0.00256878650961498,0.0794302805742542
"PTI98_010455",19.7829203091521,-2.8530808844194,0.938005906312111,-3.04164490353441,0.00235289285004942,0.0794302805742542
"PTI98_010559",19.6166102949885,-3.17455993685801,1.05837411638444,-2.99946860728488,0.00270450992332768,0.0794302805742542
"PTI98_012181",40.7139219433373,2.60882890024704,0.866206263965137,3.01178715598857,0.00259714630332249,0.0794302805742542
"PTI98_012295",32.8363037420104,-1.91594324254805,0.633587581316272,-3.02395958987658,0.00249489761066067,0.0794302805742542
"PTI98_012846",29.1318824945036,-2.61102668545593,0.86701788528252,-3.01150268036872,0.00259958107667495,0.0794302805742542
"PTI98_013006",13.5023483536829,-4.42124105547896,1.48670663439902,-2.97384901175624,0.00294089746873968,0.0845351591546237
"PTI98_010841",45.5454509605002,2.00861169084883,0.677878473897398,2.9630852257345,0.00304572227795659,0.0857243916149864
"PTI98_009698",380.172624593426,-2.41361162510678,0.820265307857159,-2.94247678402009,0.00325598198506033,0.08797663323633
"PTI98_010985",14.5142180374223,-3.51160062457201,1.1934056386221,-2.9425037983116,0.00325569791939961,0.08797663323633
"PTI98_011755",23.8049243301491,-3.70311443736706,1.26793847583156,-2.92057896179736,0.00349381647148724,0.0925518833917503
"PTI98_000359",34.9298026633866,1.86193446606801,0.640263498787297,2.90807529961436,0.00363660761135274,0.0944818631334145
"PTI98_007815",25.7801672152134,2.27645818272587,0.790150717331895,2.88104298685293,0.00396361578547507,0.0973608168395785
"PTI98_006983",14.1971036194049,2.15285643301669,0.745861466694918,2.88640254142165,0.00389673410728621,0.0973608168395785
"PTI98_007099",19.5002969432585,-4.21771230942021,1.45858470408799,-2.89164715466932,0.00383228076662353,0.0973608168395785
"PTI98_001073",29.9299420712914,-7.50362597378878,2.62502090639142,-2.85850141441498,0.00425647211162245,0.0990476474875267
"PTI98_001619",64.0431981456086,1.64200994292742,0.576203635562638,2.84970423923839,0.00437599001306557,0.0990476474875267
"PTI98_004833",13.8863472369618,-4.51445083920923,1.58804010635496,-2.84278137632888,0.00447217357271586,0.0990476474875267
"PTI98_007893",53.0502978263349,-3.9093582899756,1.36627638931865,-2.86132317043491,0.00421876772132576,0.0990476474875267
"PTI98_008431",18.2424179084329,-3.27596577346743,1.14245500837437,-2.86747902495425,0.00413756229583339,0.0990476474875267
"PTI98_012674",1403.31491805021,-2.97346960376026,1.04459591654729,-2.84652616065022,0.00441990974175495,0.0990476474875267
"PTI98_002502",10.8674710141675,-3.39461059245044,1.20690886788627,-2.81264864545707,0.00491353074800367,0.105285967901776
"PTI98_000751",10.5438319177185,-3.05354669214196,1.08642912298875,-2.81062669209539,0.00494451180544009,0.105285967901776
"PTI98_010436",9.98327792855812,-4.07429920538707,1.45104861543717,-2.80783094518137,0.00498764022628692,0.105285967901776
"PTI98_012152",120.770415454114,1.91383979192079,0.687412380347295,2.78412179739021,0.00536728750825667,0.111557006517766
"PTI98_005781",36.2520888326137,1.94500126596763,0.701034441269293,2.77447319484905,0.0055291190316075,0.112488458205165
"PTI98_011262",163.60124811292,-1.49649967368176,0.53994610697875,-2.77157230016043,0.00557862820114438,0.112488458205165
"PTI98_003093",31.2201329438923,-1.92584011023341,0.703148654891566,-2.73888045840093,0.00616487846532202,0.12248162950956
"PTI98_002655",19.4332102649798,1.77897635156451,0.652309841103849,2.72719532876293,0.00638752149629092,0.124213811088568
"PTI98_001046",31.8000043382596,1.57265933724031,0.580142298690689,2.71081653723512,0.00671177513653992,0.124213811088568
"PTI98_004711",21.826075520641,1.88105299397146,0.692029395347078,2.71816920873432,0.00656442579957703,0.124213811088568
"PTI98_007299",23.7827194013528,2.23835400861503,0.825521463631611,2.71144253326634,0.00669911521646151,0.124213811088568
"PTI98_012715",84.6506420160653,1.73037060346186,0.636222874504875,2.71975540773897,0.00653302205402569,0.124213811088568
"PTI98_011349",11.3028644453672,-4.76041631464014,1.76009428326925,-2.70463710943825,0.00683790441535424,0.124837957637075
"PTI98_008656",17.9364347489369,2.40068183663537,0.907744552402183,2.64466675154634,0.00817714052120044,0.14400639614977
"PTI98_010314",23.0485903291357,-2.65411301208242,1.00189638964461,-2.64908930655382,0.00807090008880854,0.14400639614977
"PTI98_012764",12.3661719442371,-2.84430722139643,1.07600027736351,-2.64340751692533,0.00820761843340658,0.14400639614977
"PTI98_011157",11.4622968728822,2.8401006986987,1.07882119196036,2.63259631889309,0.0084734993002461,0.144024700907493
"PTI98_012502",119.96806619338,-1.57433291604126,0.5982256122356,-2.63167086771476,0.00849661302557945,0.144024700907493
"PTI98_013161",141.349522672015,1.11599558921835,0.424268615272889,2.63039864143744,0.00852847969844518,0.144024700907493
"PTI98_005219",10.5148577910044,2.04438981554257,0.78002864782705,2.62091632305773,0.00876937833312849,0.145359493953028
"PTI98_009229",11.2666446324035,-4.26810714852152,1.63218415886674,-2.61496665393748,0.00892361671647804,0.145359493953028
"PTI98_009968",16.2801514309026,-2.08494802212809,0.797391427761592,-2.61471085534601,0.00893030199711422,0.145359493953028
"PTI98_003147",14.5612780409637,-2.40939152307204,0.926197575317267,-2.60137964866375,0.00928496374930204,0.147537345405893
"PTI98_001516",28.4253766013012,-2.43632042694896,0.937771509906992,-2.59798938356593,0.00937713930849076,0.147537345405893
"PTI98_006436",104.282761978471,1.93155665334208,0.743634057206458,2.59745587849779,0.00939171850844322,0.147537345405893
"PTI98_007047",10.5698610304464,-2.87389233837982,1.1143625011855,-2.57895643053537,0.00990992848937093,0.153888659645289
"PTI98_012213",21.8762209967379,-1.95748727939769,0.76196304223767,-2.56900554343044,0.01019908259351,0.156579097543545
"PTI98_003448",12.9904109600682,2.07146694853469,0.810473318312467,2.55587309505489,0.0105921741030025,0.157908641425901
"PTI98_000488",11.7025194279344,-2.9257185313351,1.14535306476786,-2.55442502520222,0.0106363333602939,0.157908641425901
"PTI98_008389",19.0940530883117,-3.45424167236028,1.34996056116964,-2.55877228692329,0.010504252264084,0.157908641425901
"PTI98_006785",95.7920182045257,1.37690908279385,0.540287194164646,2.54847625052955,0.0108194653472167,0.158524611033278
"PTI98_012043",50.2736221028143,1.65098188558823,0.648591416792807,2.54548833493989,0.0109125009815654,0.158524611033278
"PTI98_006643",14.0062124209053,-3.09428890023181,1.22012221622234,-2.53604832293942,0.0112111262736005,0.160689653587469
"PTI98_006736",19.2724125902387,1.6593044387941,0.656892928744281,2.52598919273806,0.0115373030332972,0.160689653587469
"PTI98_008495",11.758394399147,-3.22340647620918,1.27379628114792,-2.53055101817718,0.0113883521517175,0.160689653587469
"PTI98_008889",24.5961333236472,-2.61895355675329,1.03541058654363,-2.52938649728876,0.011426212449905,0.160689653587469
"PTI98_001039",25.817731350556,2.54637108830861,1.01149238492546,2.51743970222401,0.0118211201463046,0.161316498158156
"PTI98_004859",39.466311786286,-1.61658963654938,0.64131118651127,-2.52075695941563,0.0117102703086332,0.161316498158156
"PTI98_006443",10.5863148730469,-2.54088035688172,1.0150838851553,-2.50312352904016,0.0123102569409105,0.1663115712717
"PTI98_001179",13.4837757115474,2.33902731349522,0.93802084048984,2.49357712806655,0.0126463106078793,0.167501623835735
"PTI98_010152",13.5179975298417,-2.49264775156492,0.998261304631089,-2.49698925521919,0.0125252751850123,0.167501623835735
"PTI98_003524",32.6596973626407,-1.60769928551296,0.647135847654813,-2.48433044057006,0.012979530411083,0.168609092167049
"PTI98_008718",14.9252392956575,1.70005649242893,0.683890313616999,2.48586134147386,0.0129238309748108,0.168609092167049
"PTI98_008833",25.9587444367907,-2.2456141635035,0.909754021974993,-2.46837508739832,0.0135728013878722,0.174636711190622
"PTI98_004726",11.0498197134521,1.83764991664898,0.746555367138018,2.46150519779098,0.0138355392969833,0.176337864058721
"PTI98_004961",96.8104933617009,1.22864193754947,0.502434759984217,2.44537606750788,0.014470117058431,0.181010445795744
"PTI98_011348",20.0560557475806,-1.77299534682734,0.724434141809091,-2.44742102077041,0.0143882655435829,0.181010445795744
"PTI98_004335",32.6481044822085,-5.73020024213801,2.35235693396959,-2.4359399542604,0.0148531498932355,0.18263607341218
"PTI98_006667",26.3563518076432,1.5356799305464,0.63053497685394,2.43551902260631,0.0148704426908511,0.18263607341218
"PTI98_001337",20.9195161324226,-1.62732351206792,0.669745637102572,-2.42976351306742,0.0151086774383854,0.183890299272601
"PTI98_005360",12.1869725745341,-2.1373626719574,0.881794705937692,-2.42387786813094,0.0153557687561947,0.185228960621599
"PTI98_010698",32.4662016398468,1.43151695904939,0.591696602297254,2.4193428752025,0.0155485764376061,0.185894927143415
"PTI98_011332",86.5717794130004,-5.21533330079583,2.16199623948862,-2.41227676789549,0.0158532421576503,0.187874825920926
"PTI98_001918",15.2989851284084,-2.73811355388723,1.1463451122298,-2.38855953994624,0.0169145673377625,0.196996383390664
"PTI98_005736",26.1907826898704,-1.76451995029031,0.737996445488236,-2.39095995797507,0.0168043854936306,0.196996383390664
"PTI98_001747",20.344820137884,1.58216185760567,0.665158442990515,2.37862403203117,0.0173773896840136,0.20010775398762
"PTI98_004742",29.1611118253843,1.59254242977942,0.671001591238504,2.37338100322532,0.0176260715947645,0.20010775398762
"PTI98_013610",381.78925490537,1.5150304881829,0.637529196629961,2.37640957652056,0.0174820456392831,0.20010775398762
"PTI98_005281",195.089037995165,1.05588747932349,0.446148810377244,2.36667106302643,0.0179488774023648,0.202074444754957
"PTI98_008835",65.1367909990311,-1.67811200605637,0.710010555941085,-2.36350289726624,0.0181030851079935,0.202126181660324
"PTI98_006255",231.307747173883,-1.00352744254766,0.425783330626928,-2.35689697168289,0.0184283589548636,0.204071417606727
"PTI98_001221",28.7036536226094,1.647568398843,0.7000938244417,2.35335370963581,0.0186049270137294,0.204351678012589
"PTI98_001604",22.4981245419043,1.65122418665939,0.70334701973556,2.34766642969528,0.0188914312500617,0.204421582423883
"PTI98_008660",15.7997911106793,-2.29294034639602,0.978111228969651,-2.34425316721025,0.0190652253037818,0.204421582423883
"PTI98_010287",23.0329245292918,-1.57062868514571,0.669672636998081,-2.34536786837568,0.0190083146629516,0.204421582423883
"PTI98_003822",18.6160310571178,2.09843776603674,0.899549444777775,2.33276533960303,0.0196604647407371,0.204467901702137
"PTI98_000669",23.6923964848154,-2.01944368971606,0.867917956882872,-2.32676795508287,0.0199776188191577,0.204467901702137
"PTI98_001111",28.2357901741306,-1.54573567912828,0.661854342190273,-2.33546202025809,0.0195192977433224,0.204467901702137
"PTI98_005488",41.4577638884592,-1.65104530684513,0.706205027034357,-2.33791214115048,0.0193918063125712,0.204467901702137
"PTI98_010244",11.4874861266898,-3.03334458450903,1.30319696588559,-2.32761789960716,0.0199324021230502,0.204467901702137
"PTI98_011128",38.2938197067673,-4.16209859311858,1.78607096241046,-2.3303097585224,0.019789785366988,0.204467901702137
"PTI98_008672",14.9114565037223,1.74208673386087,0.749840484084169,2.3232764445742,0.0201643063950383,0.204826901802231
"PTI98_004688",16.5957243717711,-1.94370409440595,0.837688698275551,-2.32031791572122,0.0203236856463484,0.204905218718035
"PTI98_001518",16.3223509587232,-2.01306490351565,0.869132123146094,-2.31617823102514,0.0205485392656189,0.205637604058157
"PTI98_000662",12.4345695601212,-3.97473548436724,1.72327534895345,-2.30650051762251,0.0210826812407413,0.207696106644322
"PTI98_012653",160.02556670034,1.30459338620012,0.565618006124655,2.30649196467165,0.0210831586040356,0.207696106644322
"PTI98_012733",25.7694627680876,-1.8106051614828,0.785809175489685,-2.30412830233817,0.0212154424255488,0.207696106644322
"PTI98_013438",63.7491014192593,-1.78733559423303,0.777483592116689,-2.29887242940656,0.0215121844064536,0.209086051317402
"PTI98_010206",16.7657804389639,1.72291495898339,0.75082371302663,2.29469971324984,0.0217503392533931,0.209890773795243
"PTI98_007237",47.6281536812979,-1.60903111543433,0.702128271871635,-2.29164837807371,0.0219259414576956,0.210084729853523
"PTI98_000773",13.8561537290076,1.62492174595175,0.717437186474021,2.26489757791582,0.0235189654500596,0.223761424810074
"PTI98_007556",41.7051273237509,1.3815029433348,0.61212321136095,2.25690337777465,0.024014112944067,0.226874591520521
"PTI98_000399",16.4078860301104,2.09863659155377,0.93404522642792,2.2468254557433,0.0246511842385565,0.229681033836481
"PTI98_010162",36.091738196568,-2.18971001008219,0.974509915336329,-2.24698587015039,0.0246409301487268,0.229681033836481
"PTI98_003104",11.6177024710196,-2.2315349648763,1.00517083838766,-2.22005541710282,0.0264150060483784,0.241126170076752
"PTI98_007371",41.6031797864849,-1.36123564457148,0.612726284803094,-2.22160478231961,0.0263100264045316,0.241126170076752
"PTI98_013243",17.6456812954883,-1.83514196626969,0.824808333017041,-2.22493140867888,0.0260858431277294,0.241126170076752
"PTI98_004760",12.8497108688842,1.88183163044186,0.849104727965703,2.21625385946252,0.0266741210993591,0.241857299363987
"PTI98_002223",22.6739413093463,-1.68084374015926,0.761854137858452,-2.206254001434,0.0273662201318172,0.24526479531175
"PTI98_001181",29.7542976092402,1.366449656588,0.619540472560901,2.20558578027955,0.0274130156121941,0.24526479531175
"PTI98_004577",16.739067056024,-2.39199118239605,1.08936263080229,-2.19577128383265,0.0281083180208732,0.249831168724998
"PTI98_003959",84.4967161401523,1.24120963299278,0.567502452053673,2.18714408810235,0.0287320070115451,0.253408378242593
"PTI98_007076",33.6889586590475,1.41273726426371,0.646549902445238,2.18503979185639,0.0288859291260987,0.253408378242593
"PTI98_004022",10.9913246911364,2.18074461800612,1.00416324491155,2.17170328535397,0.0298780505736938,0.260420944032647
"PTI98_010449",730.592411536401,-1.83000024149317,0.846508796505679,-2.1618207029239,0.0306319990633606,0.265280966247437
"PTI98_008047",14.4808178087013,2.61523250925844,1.21707332163545,2.14878796763388,0.0316512116429959,0.267232912848817
"PTI98_010130",14.9649307597903,-1.87218439187444,0.87007495445036,-2.1517506995212,0.0314169946688219,0.267232912848817
"PTI98_011978",56.564017532478,1.37032767498163,0.638450596795904,2.14633314129344,0.0318464093032269,0.267232912848817
"PTI98_012736",10.2223910352944,-2.46455375352747,1.14783498155658,-2.14713246514345,0.0317827373569336,0.267232912848817
"PTI98_012737",17.3519345614208,-2.73100546143699,1.26896227015337,-2.15215655001856,0.0313850264793505,0.267232912848817
"PTI98_000558",21.1903629253585,-2.59522059488604,1.21684516572007,-2.1327451248494,0.0329456400119611,0.273894172247152
"PTI98_008631",23.9250529894338,-1.82185725442131,0.854719082475763,-2.13152752965823,0.0330457069402559,0.273894172247152
"PTI98_006521",12.6906190935126,-2.82750680035266,1.33147642709556,-2.12358757752887,0.0337046452142292,0.274406140013335
"PTI98_009956",20.7735963678081,1.53627675837953,0.72254146948474,2.12621257500291,0.0334855635180219,0.274406140013335
"PTI98_011370",33.5641449871313,1.37994528097448,0.649862426313182,2.12344217037324,0.0337168166115571,0.274406140013335
"PTI98_012654",23.6284720188166,-1.74462595350522,0.826327334650852,-2.11130127293003,0.0347464247110212,0.281092334039459
"PTI98_006904",16.6638293861667,1.75729318367607,0.835426697212865,2.10346783211348,0.03542489436418,0.284875192178614
"PTI98_001563",27.1349175346127,-4.03422446598974,1.92713099936688,-2.0933836191287,0.0363149235133288,0.29030450690241
"PTI98_000639",10.2273473695885,1.73230944055231,0.828663238183381,2.09048665456661,0.0365741059713072,0.290340016734856
"PTI98_008643",48.6228758297438,3.38686168657681,1.62349047715935,2.08616048829733,0.0369640879928907,0.290340016734856
"PTI98_012868",14.289545243501,1.49305468188792,0.715529526548675,2.08664300562075,0.0369204167696282,0.290340016734856
"PTI98_004819",54.9683223591286,-1.28659102893565,0.622225195946953,-2.06772570014239,0.0386658238115533,0.300682110723243
"PTI98_013196",23.7379835659662,-1.84301521001096,0.891599940695168,-2.06708763189686,0.0387258973100254,0.300682110723243
"PTI98_002767",20.5169222032735,-1.63024269819893,0.790817433968872,-2.06146529928815,0.0392586707090675,0.300763877319404
"PTI98_006513",12.6898092936701,-1.68546337648179,0.818210022218205,-2.05993978405742,0.0394042977687154,0.300763877319404
"PTI98_010154",70.4086863586345,-1.02057040633934,0.495141368999411,-2.06116973906204,0.039286849407808,0.300763877319404
"PTI98_006431",27.7750598576305,-1.16629649864852,0.570250251168872,-2.04523627347449,0.040831569958933,0.308175703991724
"PTI98_009087",76.0770807106538,-0.918153441674679,0.448576362489894,-2.04681636940993,0.0406761178088729,0.308175703991724
"PTI98_002336",18.5060287093055,-1.87893285956127,0.923096408172656,-2.03546763146958,0.0418038422672058,0.312139722034179
"PTI98_006470",68.0910514651511,1.92650913144738,0.946539535188258,2.03531818780735,0.0418188672747493,0.312139722034179
"PTI98_006216",16.1187642895271,1.47090850817065,0.723956198927999,2.03176450501937,0.0421775021617604,0.313086842969991
"PTI98_002515",14.3874993445542,1.59882619343794,0.794251658628902,2.01299698410194,0.0441149466327628,0.317364240955847
"PTI98_003984",23.7950455122548,-4.14951710314072,2.06285202476313,-2.01154375269219,0.0442680537535403,0.317364240955847
"PTI98_000967",14.9146028921919,-2.48331213446468,1.23483902528635,-2.01104118319295,0.0443211068865468,0.317364240955847
"PTI98_004682",17.965323402225,1.46145767210219,0.725663581265108,2.01396033896908,0.0440136976710901,0.317364240955847
"PTI98_005508",37.8621457131044,-2.49781623855783,1.23564726715244,-2.02146381492356,0.0432317744976317,0.317364240955847
"PTI98_010013",11.3727705416869,-2.99486866346651,1.48975266441833,-2.01031267471224,0.0443981062477092,0.317364240955847
"PTI98_010894",12.2603116187037,-2.78741898477685,1.37954778131223,-2.0205309468335,0.043328343457263,0.317364240955847
"PTI98_002907",37.8597395864984,-1.19979854063091,0.598128404701937,-2.00592135601519,0.0448646393412282,0.318975920229583
"PTI98_003450",15.0608022230598,-1.58943792010822,0.793227713797834,-2.00375994491956,0.0450957814684311,0.318975920229583
"PTI98_007850",13.5366843009849,2.27877384371421,1.14312125124795,1.99346643343955,0.0462103955955231,0.321805383760576
"PTI98_007041",24.7260115063482,-1.73614287244629,0.870527985242719,-1.99435618599007,0.0461131430671407,0.321805383760576
"PTI98_008578",43.21030525958,1.91746679312519,0.959786818609974,1.99780488327834,0.0457378177294518,0.321805383760576
"PTI98_007340",12.9417042287097,-2.20919287035952,1.10972087493909,-1.9907644528006,0.0465067890868372,0.32220857464778
"PTI98_004814",12.4308699114684,1.63772186921811,0.82442116383432,1.98651119241189,0.0469765913069243,0.322310676383613
"PTI98_005272",52.5929932477396,1.01345247919556,0.510857384320889,1.98382662226328,0.0472751712269089,0.322310676383613
"PTI98_007350",67.34405562142,-1.36242491394788,0.687188331841567,-1.98260775222532,0.0474112607780315,0.322310676383613
"PTI98_008557",14.8877051263211,1.45090484286111,0.732029480080136,1.98203061808696,0.047475813915869,0.322310676383613
"PTI98_004852",22.4630005707946,1.23062872542296,0.623806009450653,1.97277471967078,0.0485212346208251,0.324515782043241
"PTI98_005344",12.8021324702707,-2.45658231933022,1.24341249694029,-1.97567768168265,0.04819129423234,0.324515782043241
"PTI98_013455",11.7926216527251,-1.66082918925181,0.841110879033111,-1.97456629161782,0.0483173875421678,0.324515782043241
"PTI98_013555",10.7186183978173,-1.65184318860645,0.839253258329305,-1.96822969969133,0.0490416144845432,0.326380399845408
"PTI98_006719",14.8206294376243,1.83010211916557,0.930988234125275,1.96576288730982,0.0493260066721582,0.326663897127871
"PTI98_005122",34.5638558059077,1.25265793240136,0.639238494520492,1.95960966546767,0.0500414307891659,0.329785234127625
"PTI98_002854",13.7918598522592,-2.49113368344737,1.28342728998053,-1.9410010235057,0.0522581532257227,0.331662164840907
"PTI98_004307",12.8581957407989,1.58518286499377,0.811982944624303,1.9522366516297,0.0509101145794101,0.331662164840907
"PTI98_006037",22.4816315947924,-1.30873421473682,0.673662614826407,-1.94271462588741,0.0520506480733083,0.331662164840907
"PTI98_006437",30.7698760657309,-1.94435674238921,0.996831696297551,-1.95053663483111,0.0511121913103293,0.331662164840907
"PTI98_009750",19.4069421980303,1.52258151485101,0.780321652064788,1.95122294866758,0.0510305302122986,0.331662164840907
"PTI98_010687",29.4894037826345,-1.64013735779671,0.845110572262991,-1.94073700131906,0.0522901858705502,0.331662164840907
"PTI98_011980",21.2241063747936,1.25070074094501,0.642785609623644,1.94575099725288,0.0516846575083793,0.331662164840907
"PTI98_012238",20.7393663629675,1.42181848188974,0.730194374913923,1.94717808125726,0.051513388534689,0.331662164840907
"PTI98_006225",20.0880138886028,1.33215609110537,0.687845017624159,1.93670966129359,0.0527808441062088,0.333209908352748
"PTI98_006958",36.7992386492116,-1.50442556683637,0.778075676588181,-1.93352087991389,0.0531720634425112,0.334118407957361
"PTI98_012711",16.5498410980416,1.33527071175826,0.691513320018084,1.93093997339536,0.0534904760899871,0.334563116655429
"PTI98_003972",12.8630320173471,1.63403379418351,0.848020268045814,1.92688058971632,0.0539945130083651,0.336159387439176
"PTI98_004858",20.3886717405594,-1.39738689902372,0.727185603717579,-1.92163718847002,0.0546514257963895,0.338688423169368
"PTI98_002930",11.3551502921993,1.50756837366643,0.787663059640675,1.91397623033657,0.0556231929738722,0.342155299661364
"PTI98_004096",17.0327974079359,-1.63980436584617,0.860617045450718,-1.90538216099053,0.0567304123790863,0.342155299661364
"PTI98_008846",11.4755634554509,-1.63705269870517,0.858970442900625,-1.9058312334672,0.0566721052411819,0.342155299661364
"PTI98_010705",84.5645999252825,0.875003906251108,0.459204907461706,1.90547594773707,0.0567182310757984,0.342155299661364
"PTI98_010992",54.0158814770764,1.05959479474875,0.555228984948735,1.90839243532392,0.0563405138384612,0.342155299661364
"PTI98_012609",15.1211840706668,2.12638271274846,1.11532035266014,1.90652193127908,0.056582523051333,0.342155299661364
"PTI98_012125",14.1275424204653,-1.51173261303393,0.795224822678635,-1.90101285815225,0.057300328443585,0.344056638787926
"PTI98_007711",22.1888641427091,1.20317613417887,0.636954182126793,1.88895240496179,0.0588982064956386,0.352086181307999
"PTI98_002852",71.3846926023787,1.04685041104643,0.555133162978583,1.88576449915102,0.0593266968654288,0.353085319229931
"PTI98_010956",10.0987388126184,-2.10414151243249,1.11883444651176,-1.88065492530434,0.0600188749645109,0.355638158232694
"PTI98_012615",23.9502333192121,-4.24577783016556,2.26272763307011,-1.87639809940572,0.0606006353738751,0.357517285546311
"PTI98_003995",13.0855012467144,-1.85978604805331,0.997308654671445,-1.86480488196104,0.0622087587565172,0.357964342378758
"PTI98_003999",18.8865287993166,-1.43542675745792,0.774573173827572,-1.85318418705972,0.063855963370304,0.357964342378758
"PTI98_001158",16.1753033778002,1.208858437895,0.650768911022795,1.85758480071686,0.0632279985879897,0.357964342378758
"PTI98_001497",42.1355802846327,-1.39287046725907,0.750501997699681,-1.85591840065486,0.0634651897968676,0.357964342378758
"PTI98_006087",19.8086248584036,1.37743597772397,0.736219802206237,1.87095752327796,0.0613509688282452,0.357964342378758
"PTI98_008382",127.469642935302,1.35021156714133,0.725583000747203,1.86086438870658,0.0627633298398453,0.357964342378758
"PTI98_008671",38.0224644227248,1.32137871090422,0.705960464935846,1.87174604887301,0.0612417454829886,0.357964342378758
"PTI98_008858",25.2872307684005,-1.37743413982482,0.742443495832525,-1.85527134058904,0.0635574886444305,0.357964342378758
"PTI98_010523",12.0303699344808,-1.99359918895271,1.07142564806409,-1.86069765322014,0.0627868854564583,0.357964342378758
"PTI98_011551",37.6004751714425,-0.984825970294686,0.530984700773228,-1.85471628252296,0.0636367523540697,0.357964342378758
"PTI98_013011",19.663081910876,-5.5433714618008,2.97608860472122,-1.86263656700505,0.062513415980672,0.357964342378758
"PTI98_013283",26.8648780119443,2.31431247164886,1.23779654014215,1.86970345819765,0.0615250090369064,0.357964342378758
"PTI98_000561",19.5114839867288,-1.43083720619467,0.774662181781278,-1.84704667382183,0.0647403760856461,0.360449145650522
"PTI98_007427",10.468282855,1.32306292651184,0.716559998441987,1.84640913445988,0.064832821904572,0.360449145650522
"PTI98_001190",20.2817491863232,1.13467879875748,0.615566673947179,1.84330771430756,0.0652840954591762,0.360487187878308
"PTI98_008924",56.2072538310893,-1.06268692381731,0.577273312011937,-1.84087312145714,0.0656401541214387,0.360487187878308
"PTI98_012905",12.5510327190344,-1.5356026949059,0.833592189467027,-1.84215101138089,0.0654530639007181,0.360487187878308
"PTI98_012967",33.748459831571,-1.11655854622255,0.60790942101514,-1.83671860909479,0.0662514466296655,0.362371272861045
"PTI98_001120",40.931653801754,0.995258159687012,0.54331032495687,1.83184105651962,0.0669751044018898,0.364852282447392
"PTI98_006243",14.1852357154073,1.28464420213268,0.703281247297268,1.82664361813942,0.0677533706506667,0.367609653610646
"PTI98_006824",10.2791005125345,1.91440481456756,1.05160476641312,1.82046038180041,0.0686889243035724,0.371194946936505
"PTI98_002536",22.1487280727076,1.34358329576888,0.742824889296125,1.80874835392499,0.0704901071445573,0.376746938984322
"PTI98_000183",12.4574572047443,3.70878899534377,2.05102312089359,1.80826288965866,0.0705655947186272,0.376746938984322
"PTI98_000582",24.5909595255144,-1.23295873541475,0.682758617753734,-1.80584866064549,0.0709419822104893,0.376746938984322
"PTI98_004608",11.0111843774955,-2.01877055294142,1.11857479587175,-1.80477028482311,0.071110636151741,0.376746938984322
"PTI98_012636",15.1209638837399,1.53115753654873,0.848305616078328,1.80495980166581,0.0710809726426939,0.376746938984322
"PTI98_002984",13.9267911099207,-1.34193764768322,0.752945922809987,-1.78224970350477,0.0747085207310037,0.380445343995265
"PTI98_003476",34.5426584690872,-1.09637729133902,0.615309259375483,-1.78183128993022,0.0747767480361493,0.380445343995265
"PTI98_000560",20.8229499532453,-1.36991910685609,0.764229074085966,-1.79255036651745,0.0730448487915416,0.380445343995265
"PTI98_001052",14.3991124863912,-1.34608058391293,0.752718051655293,-1.78829321410956,0.0737287141036976,0.380445343995265
"PTI98_004666",17.4060710050585,-1.37601595827395,0.767652795669372,-1.79249781416363,0.0730532590081421,0.380445343995265
"PTI98_008088",28.974929519134,-1.29573149334547,0.722607802090465,-1.79313244279538,0.072951749178457,0.380445343995265
"PTI98_006503",20.7003662924527,-1.42185205141408,0.797312836086104,-1.7833051056769,0.0745366507459069,0.380445343995265
"PTI98_008732",12.9356688419064,-1.80807424107137,1.00775328653559,-1.79416357676896,0.0727870638463566,0.380445343995265
"PTI98_012264",12.1289887805741,-2.04424692692198,1.14775744397566,-1.78107921464749,0.0748995107970321,0.380445343995265
"PTI98_012772",161.574233791149,0.959448136190361,0.538701839249336,1.78103742420357,0.0749063371596895,0.380445343995265
"PTI98_013609",651.87326453561,1.16294486200961,0.650950254294154,1.7865341542429,0.0740128122800455,0.380445343995265
"PTI98_004611",25.3502756953635,1.37772365154593,0.774911838611149,1.77791018655126,0.0754186069256043,0.381612501709706
"PTI98_002678",38.8217628915728,-1.09927461431693,0.629656378369278,-1.74583257167012,0.0808400493375231,0.387401990155439
"PTI98_003327",136.973045102388,-1.49002486857017,0.846944581957005,-1.75929440994501,0.0785275155941604,0.387401990155439
"PTI98_003992",10.5656861504635,-3.09923573325218,1.76920562430548,-1.75176683290775,0.0798139095189086,0.387401990155439
"PTI98_004083",17.7890973363168,2.12814524537703,1.21875542525585,1.74616268471607,0.0807826868847105,0.387401990155439
"PTI98_000602",25.9134301545876,1.24207980180191,0.708423370098963,1.75330156263534,0.0795502574363873,0.387401990155439
"PTI98_001290",17.8492375801158,-1.54804164969614,0.886377496411099,-1.74648121817632,0.0807273679083744,0.387401990155439
"PTI98_004435",61.1317624191986,0.822129664568316,0.468334654816713,1.755432052941,0.0791854334475743,0.387401990155439
"PTI98_007808",25.6252346466453,-1.2359703174548,0.708679313271243,-1.74404740523552,0.0811508239925902,0.387401990155439
"PTI98_008115",73.7983560792887,-1.06192372270432,0.604708536892637,-1.75609183253992,0.0790727294914511,0.387401990155439
"PTI98_007074",10.6317465889702,-1.60338986668841,0.917255939250393,-1.7480288740335,0.0804590277377219,0.387401990155439
"PTI98_008600",68.5600703703662,1.02346756643457,0.580174788968808,1.76406763253823,0.0777205931289932,0.387401990155439
"PTI98_010371",53.2973815203716,1.05989178319331,0.606567013325093,1.74736139603631,0.0805746693627704,0.387401990155439
"PTI98_010764",70.2354240838678,1.07633066147041,0.609844823153743,1.76492547055542,0.0775762923358199,0.387401990155439
"PTI98_011915",65.709022870801,1.05742380076576,0.60622793386801,1.7442676948568,0.0811124220128974,0.387401990155439
"PTI98_012734",15.7297639843559,-1.76674299208632,0.999555800452575,-1.76752812728052,0.0771398227425066,0.387401990155439
"PTI98_012902",15.0065492839762,-1.38521462143522,0.788494419821508,-1.75678430514295,0.0789545812618662,0.387401990155439
"PTI98_003634",102.099420440828,-1.41978443540252,0.815835649350163,-1.74028241660366,0.0818094400045421,0.387734322782866
"PTI98_000728",16.3973866121879,-1.77498404734131,1.02084809816592,-1.73873473490355,0.0820814332464098,0.387734322782866
"PTI98_010313",11.5266135683437,-1.7371853260845,0.99879831437931,-1.73927538830905,0.0819863343097569,0.387734322782866
"PTI98_010744",366.347421748859,1.00950802941182,0.582511190783742,1.73302770038387,0.0830907454565995,0.391134484710334
"PTI98_011690",86.2300721505399,-0.964540595025308,0.558332769483399,-1.72753713868121,0.0840712412635887,0.394375857455237
"PTI98_003899",15.2228633109855,-1.33690019035904,0.783874720067737,-1.70550236681126,0.0881007712384619,0.39481340255813
"PTI98_000531",14.1580294900514,1.73899274981882,1.01653302694678,1.71070954284879,0.087134745191255,0.39481340255813
"PTI98_000811",10.8280140191196,-1.53063234570029,0.895921086122952,-1.70844549749801,0.0875537112367515,0.39481340255813
"PTI98_001078",20.664647912056,1.33053404434057,0.780313893664699,1.70512668702052,0.0881707993672333,0.39481340255813
"PTI98_001564",33.2554489775077,-2.18499743919208,1.27335114851741,-1.71594256755971,0.0861725546503153,0.39481340255813
"PTI98_001962",14.3497142020817,1.47266233018415,0.859069444874457,1.71425295006198,0.086482280071467,0.39481340255813
"PTI98_004701",78.6426751652586,0.889627897066776,0.52055678930468,1.7089929770296,0.0874522503845797,0.39481340255813
"PTI98_005639",12.8371116269908,1.68075331784312,0.977190537375447,1.71998525728392,0.0854351214584891,0.39481340255813
"PTI98_007673",20.8648590891,1.06378076203158,0.620481354097477,1.71444436646917,0.0864471462519152,0.39481340255813
"PTI98_007767",20.0472170519831,1.40622367488739,0.819856202982417,1.71520770321908,0.0863071530570502,0.39481340255813
"PTI98_007806",67.0394818720082,1.5340212541584,0.897777066520292,1.7086883942181,0.0875086850395405,0.39481340255813
"PTI98_005891",25.3704102616249,1.10956928255896,0.647857513094155,1.71267487083645,0.0867723706658074,0.39481340255813
"PTI98_012427",49.0599145071188,-1.8565549941062,1.0890988659702,-1.70467076233003,0.0882558457235789,0.39481340255813
"PTI98_012735",21.6054014964918,-1.406519568105,0.819162982187422,-1.71702042046523,0.0859754409595419,0.39481340255813
"PTI98_004895",17.5499039061343,1.16195672938371,0.684354497693091,1.69788718171734,0.0895290570160014,0.399187313625802
"PTI98_008635",13.9078865485883,1.21400711730868,0.718665588157502,1.68925177066168,0.0911711916153694,0.404613777825388
"PTI98_011372",17.2762170531598,1.5363750263695,0.909988953651474,1.68834469935547,0.0913450793758278,0.404613777825388
"PTI98_003207",51.9093060697513,-0.99564057208641,0.590926540941324,-1.68488044300801,0.0920116405085234,0.406234399761487
"PTI98_000851",93.76190646246,0.849113179935521,0.505807208312579,1.67872890299101,0.0932048903105797,0.410162237164799
"PTI98_010727",40.1250762911505,-1.13881225000815,0.679431621271703,-1.6761248878535,0.0937137327816489,0.411062509701324
"PTI98_000992",48.070503713662,1.03347296823849,0.618041676047527,1.67217359005256,0.0944900966743065,0.41312660390611
"PTI98_003860",37.8096552961321,1.40241001367041,0.839968858916716,1.66959762708234,0.0949990002177514,0.413134281632796
"PTI98_000382",14.0073899828991,-1.77002657000748,1.06048653596827,-1.66907028988478,0.0951034504720945,0.413134281632796
"PTI98_002938",10.2143364172651,-1.4135822047427,0.848703440354047,-1.66557850190051,0.0957973959750843,0.414815006289548
"PTI98_005592",20.2271129223202,-1.4060932247196,0.845602923653829,-1.66282919014033,0.0963466317843868,0.41586038191919
"PTI98_003911",13.5183816906619,-1.36153542912779,0.819653242099835,-1.66111150324951,0.0966910545873764,0.41601788136161
"PTI98_012126",10.1977867211238,-2.27298855520304,1.37122629067498,-1.65763198289042,0.0973917701018377,0.417702480658993
"PTI98_003351",13.9179695842454,-1.34302084349934,0.818369150971222,-1.6410941711396,0.100777868531035,0.426863238115468
"PTI98_000081",12.5277455698847,-1.76747287555035,1.0770520415765,-1.64102829512608,0.100791541790403,0.426863238115468
"PTI98_005393",13.4594061974376,1.24018059455771,0.754417379937464,1.64389186614512,0.100198540602525,0.426863238115468
"PTI98_008322",18.4755408726919,-1.40277961047665,0.854287795344801,-1.64204571120025,0.100580531208041,0.426863238115468
"PTI98_000746",15.4408366758382,-1.46502914208391,0.89632775459651,-1.6344792790037,0.102158253644044,0.427363841625624
"PTI98_005833",16.0546764142753,1.20412236581251,0.736737033304073,1.63439912937773,0.102175070943802,0.427363841625624
"PTI98_009834",69.2638785872411,-1.61332681217147,0.986249835563107,-1.63581960066977,0.101877348557832,0.427363841625624
"PTI98_010527",16.2427164226539,1.06217781047514,0.649128281393569,1.63631417844686,0.101773850209557,0.427363841625624
"PTI98_000951",38.3611459280823,0.868848286664951,0.533159788526506,1.62962081042568,0.103181663338528,0.427602537332368
"PTI98_000980",16.3408000555051,-1.31627333890925,0.80731415539228,-1.63043510400194,0.103009570501346,0.427602537332368
"PTI98_009742",12.1919890482695,-2.04170189766755,1.25127680809667,-1.63169482919867,0.102743789896982,0.427602537332368
"PTI98_012515",15.3186425160847,1.16298531548799,0.715818589451423,1.62469280991886,0.104228030167632,0.430617947267493
"PTI98_000235",28.2144849115789,-1.31110607409893,0.814700591046358,-1.60931032640471,0.107548502225198,0.431364731690473
"PTI98_001547",41.2270775590062,-0.821741324131822,0.509448196493847,-1.61300271506947,0.10674391792323,0.431364731690473
"PTI98_005066",12.5767472658504,1.23748453575432,0.766035128151749,1.61544097689104,0.106215232465414,0.431364731690473
"PTI98_007488",10.3865481115753,1.49269483809957,0.92469828374958,1.61425068514977,0.106473062072756,0.431364731690473
"PTI98_007610",63.2064862836227,0.881540779575771,0.547272399989049,1.61078976318449,0.107225553049739,0.431364731690473
"PTI98_006651",13.2594406431115,1.22923334758998,0.760118568407643,1.61716000460964,0.105843747149173,0.431364731690473
"PTI98_006861",27.9189129225491,1.34266230769415,0.831165530729726,1.61539700342885,0.106224748761538,0.431364731690473
"PTI98_008910",18.5868165540621,1.11880775239904,0.69531462615406,1.60906690340662,0.107601713234411,0.431364731690473
"PTI98_009669",142.373080855606,-1.04717433341734,0.646525220924597,-1.61969602967658,0.105297589505962,0.431364731690473
"PTI98_010204",102.086582385511,-0.840260609522017,0.521621357768736,-1.61086312323613,0.1072095591519,0.431364731690473
"PTI98_005193",14.0950892068834,1.27493695963989,0.793130915413133,1.60747353918967,0.107950529450654,0.431482737537967
"PTI98_004756",37.9668139085198,1.01817362975573,0.635249850278018,1.60279239626759,0.108980496137566,0.433037206711328
"PTI98_008960",41.9091298047327,-1.24540208600597,0.776731585882939,-1.60338797680061,0.108849023833616,0.433037206711328
"PTI98_004464",35.9885294780794,1.1542112704106,0.723647477679917,1.59499107785342,0.110714230976138,0.436078501599892
"PTI98_010306",12.0768368461701,-1.4496634102429,0.908160007778648,-1.5962643122645,0.110429794313046,0.436078501599892
"PTI98_011808",31.8043337230041,-1.24728600383483,0.781940335657285,-1.59511659260598,0.110686165686132,0.436078501599892
"PTI98_008526",40.6826907874582,-0.939752874254161,0.590223759455662,-1.5921976355558,0.111340304349328,0.437269625511459
"PTI98_012550",42.8074560975739,0.976525419616131,0.613936157565077,1.59059766652141,0.111700149975571,0.437411311933323
"PTI98_006154",27.5684064342023,-1.38231298628838,0.871548786183427,-1.58604200728868,0.112729780742766,0.437637740757117
"PTI98_010454",18.5191141620325,-1.23109994240543,0.776073487608114,-1.5863187727231,0.112667015913212,0.437637740757117
"PTI98_010524",25.2786141046066,-2.40257192968231,1.51248815368265,-1.5884897503709,0.112175636937325,0.437637740757117
"PTI98_006574",13.6955808236021,1.60406637250716,1.01283965758516,1.58373179850759,0.113254765336519,0.438416011374317
"PTI98_001456",234.600389120657,-0.843835856389867,0.53352165052545,-1.58163376417583,0.113733201447711,0.439010157588163
"PTI98_000100",23.6475529236046,-1.45227236137997,0.921232234155938,-1.5764454472336,0.114923181614154,0.439175398562852
"PTI98_007576",34.9571124152244,-0.930326877287,0.593164866298326,-1.56841197135082,0.11678501907177,0.439175398562852
"PTI98_007674",12.7419496590022,1.18625268202066,0.755966247197167,1.5691873630851,0.116604287870559,0.439175398562852
"PTI98_007980",11.2262685288547,1.76954827831712,1.12544663139736,1.57230758789516,0.115879234142779,0.439175398562852
"PTI98_006786",27.2879935096597,0.893000115597051,0.5702477236386,1.56598628732624,0.117351827447217,0.439175398562852
"PTI98_010055",17.859799037516,-1.15722047181654,0.733071708143949,-1.57859109683347,0.114429878109425,0.439175398562852
"PTI98_010832",10.2098602110036,-1.70687676915282,1.08979653436517,-1.56623435231156,0.117293763285618,0.439175398562852
"PTI98_011293",14.5139251646486,1.23243596362428,0.780434120902496,1.57916719760931,0.114297711728464,0.439175398562852
"PTI98_011969",11.3655727717346,1.16912372203726,0.743036892782065,1.57343966819716,0.115617047875343,0.439175398562852
"PTI98_012249",11.0907725655282,-1.74794759072714,1.11473371689356,-1.56804047840067,0.116871685951157,0.439175398562852
"PTI98_012705",16.5013647391051,-1.27290343133336,0.807971345378799,-1.57543140436074,0.115156900304499,0.439175398562852
"PTI98_008663",334.560918531807,0.820042282816742,0.524684377817966,1.56292490778379,0.118070258311409,0.439682807022996
"PTI98_009822",27.0154848196917,0.877002482591381,0.561764915527771,1.56115566912442,0.118487025806625,0.439682807022996
"PTI98_012665",11.6113286363858,-1.3251841260423,0.848085848549279,-1.56255894177357,0.11815637196305,0.439682807022996
"PTI98_012678",14.1763723337518,-1.45656132206302,0.933767439345291,-1.55987589702666,0.118789211371868,0.439682807022996
"PTI98_005077",22.8207430710727,-1.39719282669971,0.898317054848829,-1.55534487423801,0.119863955384855,0.440618517551227
"PTI98_010812",29.9979535040086,-1.06294090426243,0.682550755220606,-1.55730675870233,0.119397671518642,0.440618517551227
"PTI98_011225",21.9689771218242,-1.34573647664115,0.865599171077009,-1.55468780655917,0.120020440013954,0.440618517551227
"PTI98_007897",78.151450020173,2.71989178406248,1.75260812601686,1.55191097410005,0.120683526718102,0.441852153377115
"PTI98_009636",17.2490889717266,-3.79112528323796,2.44681850584618,-1.54941009076882,0.12128316958184,0.442847465148827
"PTI98_009953",10.734165874443,2.14084217552467,1.38461611403683,1.54616297890905,0.1220652119384,0.444501620832285
"PTI98_001804",11.8173276299267,1.20464345973097,0.780409901479609,1.54360350560268,0.122684415259849,0.445555497354988
"PTI98_007814",21.9670796575662,-1.29306008473018,0.839590974133289,-1.54010717667017,0.123534230722361,0.446577324217379
"PTI98_007882",18.9409563242737,-0.999324587096923,0.649216507795036,-1.53927784506123,0.123736480257716,0.446577324217379
"PTI98_013506",105.256924511236,-1.26071142506195,0.819509581200409,-1.53837301476729,0.123957436403788,0.446577324217379
"PTI98_005188",51.857832834632,-0.942912164033525,0.614238583033761,-1.53509107060065,0.124761459368961,0.447435564352058
"PTI98_013289",19.8585763419758,-1.9542416911352,1.27337218152565,-1.5346979614348,0.124858036832514,0.447435564352058
"PTI98_002763",10.8295805621582,-1.20337286955122,0.787187083824767,-1.52869996761671,0.126338840347305,0.451544373833887
"PTI98_000189",21.919019781034,-1.19311934411744,0.784824499658245,-1.52023712898488,0.128451388922162,0.45642542985814
"PTI98_004729",12.5473017806417,-2.40162844524044,1.58087510178712,-1.51917658929885,0.128718052387825,0.45642542985814
"PTI98_006088",16.9740096887442,1.21965318054955,0.802076515725518,1.52061948783815,0.12835535349955,0.45642542985814
"PTI98_003162",17.8445462304605,-1.26863179760836,0.838343106565988,-1.51326084472134,0.130213414378166,0.459725703701004
"PTI98_008471",89.3320091235615,0.882566369076783,0.583397532859516,1.51280442471344,0.130329344572527,0.459725703701004
"PTI98_012177",20.4254961904966,-1.00524267609954,0.6659161245308,-1.50956350067034,0.131154840633137,0.46143278566502
"PTI98_000432",41.9076323888675,-2.99983352328583,1.99121735229532,-1.50653243345226,0.131930547618991,0.461668963330662
"PTI98_000753",50.9974538773214,-0.913279895196023,0.605883536815517,-1.50735222151135,0.131720398591009,0.461668963330662
"PTI98_010825",17.6816921729784,-1.20508634419399,0.800562608705894,-1.50529931212002,0.132247141975549,0.461668963330662
"PTI98_000444",12.0512254939665,-1.71658725589537,1.1435742259429,-1.50107200473149,0.133336938781781,0.464273722407696
"PTI98_000342",16.8874502473707,1.13668752303579,0.759392494045591,1.49683797502421,0.134435422440703,0.466150861269975
"PTI98_004459",13.2767058009737,-1.25150955811188,0.836382725633461,-1.49633597126723,0.134566125755211,0.466150861269975
"PTI98_008107",10.428068696078,-1.34797699666815,0.904697527434446,-1.48997532964499,0.136230722798349,0.469509455358595
"PTI98_011799",15.7546238092626,-1.34357702424813,0.901060836267645,-1.49110578350455,0.1359337241423,0.469509455358595
"PTI98_001846",49.2364596269112,-0.97011814602341,0.653476478981688,-1.48454944780131,0.137663215200396,0.472020846350254
"PTI98_007602",63.6882030390771,0.833443743080839,0.561636088837424,1.48395688889233,0.137820358044002,0.472020846350254
"PTI98_012475",29.1369057015044,1.140928187321,0.769889614724814,1.48193736543493,0.138356961624501,0.472020846350254
"PTI98_013276",11.4216018440117,-1.47057385651648,0.991764903719492,-1.48278473154401,0.138131613959478,0.472020846350254
"PTI98_011911",47.2181181934528,-0.750665131800331,0.5071864956599,-1.48005741127559,0.138857925935555,0.472536669871371
"PTI98_005339",31.3145125378636,-0.888171468633282,0.601603144680693,-1.47634113366327,0.139852336922723,0.474724892418588
"PTI98_002696",15.387084385538,-1.14176943386214,0.77480630169605,-1.47361918890284,0.14058415185807,0.474822972900632
"PTI98_008811",28.252337982941,1.06259697832714,0.721028548040278,1.47372386463093,0.140555954676433,0.474822972900632
"PTI98_005177",57.6645917530088,0.983094955504273,0.671648247184365,1.46370508614522,0.143274545216722,0.481564748802151
"PTI98_009618",11.0676225523652,-1.54935858475759,1.05856746479267,-1.46363707206989,0.143293137689463,0.481564748802151
"PTI98_002906",13.5863973281431,-1.74417531618668,1.19807456905135,-1.4558153233882,0.145443678585183,0.486276055070488
"PTI98_004685",20.8446969253122,1.05923531308681,0.728187580126075,1.45461875757812,0.145774835161767,0.486276055070488
"PTI98_006615",13.2403843019766,1.43298299306538,0.98447662305132,1.45557848659112,0.145509178785072,0.486276055070488
"PTI98_003299",35.4969541179937,-0.826806489750002,0.56992511657088,-1.4507282899282,0.146855534679566,0.486403692824864
"PTI98_004796",12.8863940802179,1.03612797838288,0.714915102567187,1.44930212645144,0.147253227509526,0.486403692824864
"PTI98_007599",12.8837048976651,1.16886295882746,0.806418258733039,1.44945001699721,0.147211949265001,0.486403692824864
"PTI98_005745",24.2003442311274,-1.31102061352384,0.903623961350763,-1.45084755340494,0.146822314716675,0.486403692824864
"PTI98_001565",22.1147257199519,-1.60522110891245,1.10997514287222,-1.44617752858745,0.148127414813637,0.486910310007842
"PTI98_001693",82.4341672270977,-0.876607577170164,0.605841827319044,-1.44692482037648,0.147917980689651,0.486910310007842
"PTI98_001404",110.150986942634,0.844782986559586,0.58578908070938,1.44212825806956,0.149266194621516,0.4882775518975
"PTI98_001658",34.837981136926,-0.887226595760105,0.61509114003917,-1.44243110980855,0.149180792863724,0.4882775518975
"PTI98_002178",77.8125410345964,0.75802194705147,0.527731819469692,1.43637718834766,0.150895040639063,0.488870982981714
"PTI98_010558",13.0413025968576,-1.22697908793818,0.853975504905906,-1.43678487367548,0.150779129744352,0.488870982981714
"PTI98_012089",12.5461172432119,-1.17272840443716,0.81556144113149,-1.43793998255992,0.150451083947727,0.488870982981714
"PTI98_012567",18.0158937999397,1.20286355162979,0.836781120986266,1.43748887428536,0.150579131878742,0.488870982981714
"PTI98_010532",31.8539821623557,-0.953738562397926,0.665358533584918,-1.43342050076254,0.151737703160697,0.489254503508596
"PTI98_012623",15.2745925060019,-1.32898530703212,0.926570420029513,-1.4343057778488,0.151485022212514,0.489254503508596
"PTI98_003882",20.6102118592671,-1.26609867916657,0.885663000448228,-1.42954902544852,0.152846494614208,0.49165622434237
"PTI98_002430",41.5922752796726,-4.06468985819909,2.85005010806179,-1.42618189297848,0.153815844877403,0.493599065152903
"PTI98_001746",10.9029202511156,-1.29609078186859,0.912202412196023,-1.42083682803293,0.155364201483835,0.494599566722138
"PTI98_004429",13.1767741971658,-1.37705458360257,0.96772431027264,-1.42298231943208,0.154741280722992,0.494599566722138
"PTI98_009688",14.4530409148028,-0.983137609175067,0.692324196521084,-1.42005380443918,0.155592017658704,0.494599566722138
"PTI98_013132",42.644646520621,-0.986592863038056,0.693984877911405,-1.4216345261114,0.155132376332943,0.494599566722138
"PTI98_013621",116.569240271243,0.864651084657612,0.610936213927184,1.41528864216366,0.156983883733007,0.497852645359841
"PTI98_006534",38.9182784911351,1.0892173600335,0.77136243848518,1.41206948340981,0.157929503149586,0.499678591932295
"PTI98_005464",19.5245492258172,-0.973615361800605,0.691754898249913,-1.40745712717579,0.159291881656379,0.502811523639646
"PTI98_003211",31.0576219221604,0.970022800651322,0.694401870742814,1.39691847260387,0.162438088939745,0.511020320999014
"PTI98_008560",10.3094666453201,-1.33372463783058,0.955241191249888,-1.39621767784685,0.162648954870153,0.511020320999014
"PTI98_002556",22.0585027979578,-1.75266297700883,1.26281388436054,-1.38790284040656,0.165166632821116,0.512809786349332
"PTI98_000489",15.204387619665,0.894311920048786,0.643717626267902,1.38929226660106,0.164743894538476,0.512809786349332
"PTI98_004606",27.2199376340091,-0.947998567836503,0.683487203875388,-1.38700265705244,0.165440952622189,0.512809786349332
"PTI98_006838",12.0015349354538,-1.21437419163285,0.871906209773528,-1.39278075786188,0.163686098884039,0.512809786349332
"PTI98_012241",10.7367071418854,-1.26628589101129,0.91065290026486,-1.39052529305402,0.164369424252977,0.512809786349332
"PTI98_012825",22.9674702014144,0.818666489732105,0.590318265182205,1.38682222458324,0.165495978422138,0.512809786349332
"PTI98_007898",45.4904065254406,2.67103565338443,1.93365846697658,1.38133786239966,0.167175101726801,0.51682737398835
"PTI98_007771",47.225495938953,0.915875567338131,0.664506667650318,1.3782789728456,0.168117172689159,0.517371982467093
"PTI98_013286",30.9003298274662,-1.39913469374044,1.0145612919173,-1.37905388751464,0.167878139830628,0.517371982467093
"PTI98_003034",11.9131396029976,-1.10411082807578,0.802227163180974,-1.37630695986132,0.168726619058959,0.518039255826864
"PTI98_001451",28.0822264416652,1.0065776979865,0.732568401575036,1.3740391966434,0.169429514113845,0.518039255826864
"PTI98_012650",15.0213795046801,-1.02846833721008,0.748596217122786,-1.37386258931814,0.169484345725739,0.518039255826864
"PTI98_007450",18.9696301542035,-1.02576753178332,0.749372042721473,-1.36883613653115,0.17105050227595,0.521646114164352
"PTI98_003500",14.2933093808,-1.0693991442335,0.782753167993388,-1.36620225629356,0.171875489529498,0.522921886232734
"PTI98_007028",15.6703029989578,1.29477583030119,0.949387249594266,1.3638015792339,0.172630023138267,0.522921886232734
"PTI98_011983",17.927637656962,-1.00473305070956,0.736228449997461,-1.36470283199872,0.172346469191754,0.522921886232734
"PTI98_011713",12.3109841149,-1.52188142661395,1.1176236356793,-1.361711919853,0.173288817987668,0.523743161300535
"PTI98_003263",59.4967101218697,0.804185176632182,0.593400796215345,1.35521418535533,0.175349326451175,0.525270377018929
"PTI98_004356",23.1139135001578,1.01503281697279,0.747365307150194,1.35814816029292,0.174416676015983,0.525270377018929
"PTI98_006429",12.2533523481642,1.37654660670538,1.0150103066753,1.35618978216517,0.175038792219389,0.525270377018929
"PTI98_012801",17.7831277160293,0.951997529024367,0.701396046556787,1.35728955658904,0.174689224328934,0.525270377018929
"PTI98_000814",21.9760138559398,-0.963960789361265,0.711976440217682,-1.35392231387115,0.175761163740667,0.525339230561154
"PTI98_002887",11.3744111563079,-1.24602705274339,0.922514715985525,-1.35068528572171,0.176796267732384,0.526655775576078
"PTI98_004586",14.6456142219786,-0.941232840800195,0.697153653906118,-1.35010816557657,0.176981289497809,0.526655775576078
"PTI98_011666",15.6359367581272,-1.28869019095768,0.957271174810776,-1.3462122592508,0.178234072561017,0.529218092373481
"PTI98_005283",9.93743713182876,-1.26456426634806,0.940671441003645,-1.34432088742786,0.178844644039388,0.529512665876909
"PTI98_008451",57.1320958451227,1.44797962949063,1.07825739777226,1.34288865764542,0.179308029678397,0.529512665876909
"PTI98_011215",17.8078823522019,-1.02379762446501,0.76273709929873,-1.34226803102446,0.179509105086324,0.529512665876909
"PTI98_000597",29.7667671130995,1.22208838424035,0.913928654915539,1.33718138463805,0.181163436765641,0.53226173473177
"PTI98_006836",14.7469521553745,1.05801488621063,0.792213989064481,1.33551654075186,0.181707345300915,0.53226173473177
"PTI98_009684",10.8810318764616,-1.31181754312662,0.98170751017392,-1.33626108543697,0.181463951167987,0.53226173473177
"PTI98_009764",12.2489178445002,-1.46213482066833,1.09558456953313,-1.33457047619009,0.182016966281331,0.53226173473177
"PTI98_003277",17.8554851279436,-0.912189496491525,0.684303159123449,-1.3330195605994,0.182525384761879,0.532595669143192
"PTI98_003311",38.7600829814053,-0.911462770714131,0.686590827293822,-1.32751958587422,0.184336865404468,0.533274315120848
"PTI98_000813",13.2119502779073,0.947696245942566,0.712789532757108,1.32955971207493,0.183663379593114,0.533274315120848
"PTI98_006439",86.1445662674179,0.711009733639145,0.534450173329691,1.33035738244683,0.183400549117917,0.533274315120848
"PTI98_011816",12.5304001514494,-4.3450631777869,3.27260531336769,-1.32770767071682,0.184274698496811,0.533274315120848
"PTI98_005029",10.6797937476895,1.1594234524065,0.875301666201253,1.32459870371127,0.18530428609647,0.533816038537379
"PTI98_006169",20.706851142929,-1.10006129452418,0.830505527935554,-1.32456829909209,0.185314376072562,0.533816038537379
"PTI98_012617",19.0881383011167,-1.67819964929283,1.26904030051525,-1.32241635558103,0.186029545512502,0.534735991462534
"PTI98_000806",10.7796469789792,1.24370810022335,0.941830230193201,1.32052259563619,0.186660597022815,0.535410757065442
"PTI98_003620",13.1008292397547,0.975911043169816,0.74121928665363,1.31662931704833,0.18796290683287,0.537907286640113
"PTI98_000572",14.3331404522313,-1.2036367941433,0.915326670946273,-1.31498057726098,0.188516430168033,0.537907286640113
"PTI98_010286",15.8847868458209,-0.895352479653743,0.681208478596067,-1.31435897788444,0.188725428473289,0.537907286640113
"PTI98_006176",23.7729682254367,0.736914131617987,0.561735505214647,1.31185250847977,0.18956990413898,0.539176716824761
"PTI98_005171",15.2795050015197,0.938826191341243,0.717627553541797,1.30823598774564,0.190793279236106,0.54038096488046
"PTI98_006235",18.0610806432812,-0.886058425183534,0.677083053402161,-1.3086406766959,0.190656095390416,0.54038096488046
"PTI98_001845",22.0482054989026,-0.775827520475397,0.597038403439843,-1.29945999454216,0.193786114091162,0.545900827485101
"PTI98_007596",14.8408600187949,-0.95335809945971,0.73393417740309,-1.29896948365726,0.193954402067245,0.545900827485101
"PTI98_006291",24.3292959430218,-0.811019483833708,0.623947366762609,-1.29982034869661,0.193662549543398,0.545900827485101
"PTI98_001246",18.9162523089737,0.858360480430468,0.663448045766871,1.29378703563487,0.195738991981243,0.549778332986819
"PTI98_004622",29.1768124020671,0.899389253648749,0.695854697151573,1.29249577150277,0.196185509356599,0.549889259628143
"PTI98_005912",123.069782607632,0.723572282233061,0.560812285457318,1.29022188171755,0.19697363079484,0.550955228165278
"PTI98_002693",18.2926234460182,-0.887842472339885,0.689674759473061,-1.28733502298711,0.19797754131478,0.551479707868592
"PTI98_011152",12.0058568676611,-1.06017512151608,0.823355180953714,-1.28762792296764,0.197875514510539,0.551479707868592
"PTI98_002905",11.2202965979001,-1.09309173464341,0.850494274575179,-1.28524290794245,0.198707413866143,0.551652335853631
"PTI98_012743",18.0352669654206,0.922365152747536,0.71789602036125,1.28481719718044,0.198856171399495,0.551652335853631
"PTI98_012708",12.5378467397326,-1.3404856984731,1.04770060926019,-1.27945491930147,0.200736904870812,0.555728603443579
"PTI98_007474",80.0763538830131,0.661491909742071,0.518018443207599,1.27696594284573,0.201614271277714,0.556118488598099
"PTI98_006334",31.8704584876457,-1.0050202761844,0.787907825028387,-1.27555564782999,0.202112640933876,0.556118488598099
"PTI98_010066",13.3727309436732,0.940954473631212,0.737582983340631,1.275726928202,0.202052066064125,0.556118488598099
"PTI98_003224",11.8446511918236,1.02282419513864,0.808927517694034,1.26442007814786,0.206079290056446,0.558509978233117
"PTI98_003356",10.8043445939258,1.02806879037014,0.809481807156657,1.27003322530655,0.204072795290034,0.558509978233117
"PTI98_003859",38.5872025560115,0.823756219598384,0.650765809193446,1.26582590535809,0.205575418304671,0.558509978233117
"PTI98_004450",13.9897793525128,0.879069776219605,0.69555704501209,1.26383563005149,0.206289029710085,0.558509978233117
"PTI98_005418",240.906580193074,-0.672021720623341,0.528640690373467,-1.2712258682709,0.203648306302581,0.558509978233117
"PTI98_006657",12.6301083398281,-1.85311810796554,1.46501455097992,-1.26491447250543,0.205901988766558,0.558509978233117
"PTI98_011938",43.6892743653081,0.810729986898139,0.641285281532929,1.26422671819345,0.206148663582189,0.558509978233117
"PTI98_012867",10.6656990340405,1.16305712657715,0.919756140847786,1.2645277100353,0.206040681323664,0.558509978233117
"PTI98_001993",46.5975371081128,0.770830787138375,0.612782757918166,1.2579185317765,0.208421220889503,0.560910496856014
"PTI98_004629",13.3566713869577,-0.926703103323737,0.736553466210867,-1.25816134990319,0.208333409684188,0.560910496856014
"PTI98_011371",82.9919751399621,0.878221931711935,0.697790650349499,1.25857509164398,0.20818384853608,0.560910496856014
"PTI98_006038",25.586120854268,-0.890175203813774,0.708772305216053,-1.2559395976151,0.209137870534904,0.561720204955578
"PTI98_002982",20.5625855856202,-0.842471516430145,0.671885128071346,-1.25389219262595,0.209881193187624,0.562598198405715
"PTI98_002221",10.4834919002369,1.05383365720257,0.844348370987371,1.24810290800967,0.211993373484031,0.564707113940883
"PTI98_000439",13.4651731743818,1.29996414859995,1.0419195214517,1.24766272426561,0.212154597553028,0.564707113940883
"PTI98_001028",12.3384081638069,0.918082004399936,0.736681795028746,1.24623957127122,0.21267645539605,0.564707113940883
"PTI98_005111",93.7074677009395,0.751247671514776,0.601627219831429,1.2486929559558,0.211777398247507,0.564707113940883
"PTI98_006423",395.200613261746,0.687299611262219,0.551980187432492,1.2451526828511,0.213075631820815,0.564707113940883
"PTI98_011670",13.8926397328913,0.961135227456627,0.772070628523714,1.24487992671658,0.213175890532828,0.564707113940883
"PTI98_000450",12.6625728352201,0.944271104684818,0.759989517367584,1.24247911728512,0.214059840642944,0.565939030740934
"PTI98_013170",36.6699502183612,-0.686051873590494,0.552783458233467,-1.24108611314621,0.214573939000595,0.566190217948837
"PTI98_001370",81.3276681402232,0.658080157347296,0.533064503404782,1.23452256367478,0.217008244127729,0.571471444139854
"PTI98_011981",123.546963524459,0.59378278196443,0.481414078473099,1.23341382920859,0.21742140805913,0.571471444139854
"PTI98_006373",10.419841349876,-1.19330099070691,0.971580809920798,-1.22820559908361,0.21936979738366,0.575473002456941
"PTI98_001402",32.5161141008514,0.724028058335698,0.590938277907435,1.22521773492072,0.220493194106029,0.577299041157452
"PTI98_010990",59.8996931809916,0.68841434234691,0.562420022933728,1.22402175291691,0.220944021616392,0.577360489755795
"PTI98_004945",22.6793930310135,0.862430351602547,0.706407886391892,1.22086738868045,0.222136233674388,0.579355312150768
"PTI98_003151",17.283731094539,-0.888621339580192,0.729213631896079,-1.21860220477451,0.222995211831818,0.580475011916735
"PTI98_006441",90.1343474299516,-0.576039032439392,0.475327504644908,-1.211878182538,0.225559014834367,0.584145456280489
"PTI98_010728",84.8344744083285,0.641088687079518,0.529167718093524,1.21150377311228,0.22570238947329,0.584145456280489
"PTI98_011377",15.9859130238237,-0.901539825883182,0.743149033866211,-1.21313462683649,0.225078353078303,0.584145456280489
"PTI98_011492",10.4216506957991,0.97859092397704,0.810571288263395,1.20728545181216,0.227322231416821,0.587212876948615
"PTI98_003133",16.3704797175978,-1.04638155314856,0.868898321654144,-1.20426237117887,0.228488185661727,0.589098356543881
"PTI98_002629",15.899213730212,-1.07439311128269,0.894254360209337,-1.20144017081582,0.22958050149145,0.589596714556938
"PTI98_005278",47.907044183117,-2.45164180909897,2.04307484059172,-1.1999765061905,0.230148464912402,0.589596714556938
"PTI98_006764",11.9159650384808,-1.22063600079279,1.01782492815631,-1.19925929010586,0.230427139367923,0.589596714556938
"PTI98_011065",13.9656374091173,1.11169951701184,0.926867023866747,1.19941640859548,0.230366070437019,0.589596714556938
"PTI98_002960",12.4585458958017,0.923043771722829,0.770692771636253,1.19768058776926,0.23104138940884,0.590050882970401
"PTI98_009118",62.995162108171,0.64918456634526,0.54314627088997,1.19522972197073,0.231997289035792,0.591374221674255
"PTI98_002274",11.720746822404,-1.195794448542,1.00206637173615,-1.19332858807565,0.232740710503756,0.591716310205589
"PTI98_002869",30.7703721389066,-0.980851456806877,0.823186285809729,-1.19153036647356,0.233445442886439,0.591716310205589
"PTI98_001093",13.0460406870276,1.06720202385586,0.895124205986948,1.19223903980921,0.233167529706051,0.591716310205589
"PTI98_006432",20.7420473005047,0.81377633506205,0.684078356953353,1.1895952076109,0.234205530371976,0.592531220098389
"PTI98_008524",12.1430147337015,0.92795687951285,0.783618653548884,1.18419447432789,0.236336088974031,0.596803843371806
"PTI98_011334",18.0375947186667,0.720406652015538,0.609812273337368,1.1813580728261,0.237460506443172,0.59852452277001
"PTI98_001144",15.894289412087,0.909289613941277,0.771210180656538,1.17904254475374,0.238381235123347,0.598836172953279
"PTI98_008704",45.5289403713834,0.985097259410774,0.83566527530326,1.17881798912045,0.238470659547642,0.598836172953279
"PTI98_001778",15.970641943356,0.817440451523194,0.694116550208135,1.17767030807446,0.238928068445986,0.598871652078901
"PTI98_007963",100.927070454105,0.663124305595552,0.564566671046882,1.17457218005079,0.240165918783017,0.600859548658993
"PTI98_004504",11.3330669348623,-1.20765564786764,1.03181178023181,-1.17042242684642,0.241831014844902,0.603907025980523
"PTI98_005328",17.1014989122246,-0.813826392443765,0.696088879054935,-1.16914149461586,0.242346628189115,0.604078034471392
"PTI98_002745",62.0331567103194,-0.90746010564013,0.783148279517497,-1.15873344725883,0.246564852759848,0.604244617343486
"PTI98_003366",60.1032331531988,-0.59573452678762,0.511288242123316,-1.16516375247279,0.243952714923339,0.604244617343486
"PTI98_003912",16.8863060214202,-0.845652673735624,0.728445817980653,-1.16089989517667,0.245682611495836,0.604244617343486
"PTI98_005131",38.2768869207277,-0.711385915948807,0.614351491746355,-1.15794610334,0.246886031660699,0.604244617343486
"PTI98_005441",10.9287119245801,0.986511167761161,0.84842312532102,1.16275846133719,0.244927514837026,0.604244617343486
"PTI98_007447",20.4902163207093,-0.815614881184054,0.703780033418586,-1.15890596842061,0.246494515828784,0.604244617343486
"PTI98_005988",13.8095686658004,0.993708542585922,0.85595542115499,1.16093492491122,0.245668364568039,0.604244617343486
"PTI98_006428",21.0897805455745,-0.838526578610342,0.719909902724713,-1.16476600118527,0.244113724520323,0.604244617343486
"PTI98_011002",11.8970186355117,0.931598039184412,0.804321184544206,1.15824133080907,0.246765566057608,0.604244617343486
"PTI98_012844",27.1962850967594,0.64820854960959,0.559587255441581,1.15836903593895,0.246713469590729,0.604244617343486
"PTI98_000795",13.0269758526259,-0.836312279456002,0.723779417115327,-1.15547950063181,0.247894122477869,0.604802668141571
"PTI98_004866",127.16662996742,0.581352683165741,0.503634059519949,1.15431566268546,0.248370777426685,0.604802668141571
"PTI98_005815",22.591188353596,-0.960779410828634,0.832488612820538,-1.15410516856614,0.248457054639949,0.604802668141571
"PTI98_001115",70.6557543565831,-0.623911084759859,0.543420131988946,-1.14811919550406,0.250919360898199,0.607286182026471
"PTI98_006339",85.1089119590465,-0.538213231450631,0.469575419583118,-1.14616994204775,0.251724842290765,0.607286182026471
"PTI98_008803",10.6385870848115,0.956056041140404,0.831871131757088,1.14928383092344,0.250438963125202,0.607286182026471
"PTI98_010248",18.4353371116045,0.976894393292328,0.851993982073993,1.1465977622451,0.251547901760454,0.607286182026471
"PTI98_010754",13.4810230182974,1.01408135297657,0.883620917260415,1.14764299165827,0.251115974257653,0.607286182026471
"PTI98_005336",292.423391046484,-1.73029972968072,1.51199598883765,-1.14438116400751,0.252465596337422,0.60798755909422
"PTI98_006556",10.968551081056,0.885649199518865,0.77626745271017,1.14090729480775,0.253908503439587,0.610374356133241
"PTI98_000142",18.5981805313745,0.820803357232463,0.728220505681875,1.127135738184,0.25968509526034,0.610453546089334
"PTI98_000151",129.490365440003,0.499580018541555,0.444495615478301,1.12392563873545,0.261044573547958,0.610453546089334
"PTI98_000586",50.1948780639054,-0.766167093289287,0.674117519725877,-1.1365482588271,0.255727180478313,0.610453546089334
"PTI98_001083",15.3221681454791,-0.878329668014649,0.772373028468862,-1.13718324648885,0.255461689104214,0.610453546089334
"PTI98_001238",172.843265326226,0.555671902966187,0.492262830369135,1.1288114167578,0.258977395480218,0.610453546089334
"PTI98_001374",99.6936126378334,-0.553239611146761,0.493133646803013,-1.12188574990454,0.261911020324802,0.610453546089334
"PTI98_001562",10.3867249096614,-1.20171801975382,1.07094275719047,-1.12211228068476,0.261814702963753,0.610453546089334
"PTI98_001642",13.5914241265572,-0.828973779956478,0.73986503774666,-1.12043918507247,0.262526654535828,0.610453546089334
"PTI98_002010",24.6008270494833,-0.758059365477645,0.675168827939229,-1.12277008965508,0.261535151580536,0.610453546089334
"PTI98_004708",10.7924570188845,-0.956707684801681,0.850515307852204,-1.1248565145966,0.26064984159305,0.610453546089334
"PTI98_005161",41.9746469541271,-0.837652618997289,0.746911469629237,-1.12148849369403,0.262079986591304,0.610453546089334
"PTI98_008048",11.0533885850841,-1.49942378069313,1.32803598350287,-1.12905357936026,0.25887523205216,0.610453546089334
"PTI98_006457",13.0262893602439,-0.885586377909221,0.785440398050566,-1.12750296535194,0.259529887465461,0.610453546089334
"PTI98_008370",52.0181773186343,-0.724036974736907,0.637393007583545,-1.1359349194649,0.255983802576845,0.610453546089334
"PTI98_009897",48.513095459718,-0.627885343583767,0.555019937634001,-1.13128430351599,0.257935448737848,0.610453546089334
"PTI98_010026",11.1595239817459,-0.946394423901564,0.843721183426906,-1.12169095963389,0.261993861691629,0.610453546089334
"PTI98_011070",56.0850318296922,2.19245601823315,1.95381312104291,1.12214213049345,0.261802013115224,0.610453546089334
"PTI98_012052",421.716907102074,-1.25202639161663,1.1162982609421,-1.12158769338221,0.262037786614526,0.610453546089334
"PTI98_013106",12.5204132016271,-0.906848294289364,0.803446304642862,-1.12869807110814,0.259025223277712,0.610453546089334
"PTI98_008503",18.9097956511784,-0.975224263051622,0.871302395598356,-1.11927187160079,0.263024172004598,0.6105595470416
"PTI98_001828",23.3427769738461,0.820222488112434,0.734405670796019,1.11685206246215,0.264057584156584,0.611907026064399
"PTI98_004352",11.6038639461025,1.04885794978634,0.942107628504704,1.11331011240305,0.265575264832531,0.614370176008134
"PTI98_013183",41.3565017471295,-0.768838852010815,0.693372692803971,-1.10883924329593,0.267499537754695,0.617763889754859
"PTI98_000815",35.9935039803227,-0.655621645534223,0.591950177708346,-1.10756220746883,0.268050932600071,0.617980904339071
"PTI98_003064",11.0499464826259,0.838445755348382,0.762630391918997,1.09941298462891,0.271587969624874,0.620160388877643
"PTI98_003329",45.4601615603769,-0.702267728366637,0.636708244385763,-1.10296628724216,0.270041805761057,0.620160388877643
"PTI98_001697",43.5988383618894,-0.8310544715026,0.754560222331408,-1.10137593648237,0.270733074018432,0.620160388877643
"PTI98_007361",83.7181069310314,0.611400596932806,0.554586863563104,1.10244334495175,0.270268976254656,0.620160388877643
"PTI98_008075",44.1920615527843,-0.556981624536668,0.506739004855939,-1.09914890939767,0.271703119365881,0.620160388877643
"PTI98_006704",11.1784411646842,-0.950529931792256,0.865537564795772,-1.09819604654194,0.272118892197648,0.620160388877643
"PTI98_011907",10.6463597129538,0.993571735798914,0.904901854515375,1.09798839602448,0.272209556331934,0.620160388877643
"PTI98_001896",13.9252462135135,0.757808993548931,0.690981971258553,1.09671311998005,0.272766819307917,0.620383792735683
"PTI98_004871",23.3832886631994,0.748660576399477,0.684725279992986,1.09337364673778,0.274229779360923,0.620576937883765
"PTI98_007528",12.7643497863287,-0.992607007921248,0.906485093378988,-1.09500643217555,0.273513818543683,0.620576937883765
"PTI98_008481",11.3851222827624,-1.03016868281154,0.941402935086914,-1.09429091881515,0.273827406869627,0.620576937883765
"PTI98_002508",26.535235544823,-0.840860915861564,0.773268525801319,-1.08741127797773,0.276855089169355,0.623385375779664
"PTI98_000860",16.812655332657,-1.42620000068341,1.31089963390868,-1.0879551445376,0.276614909998988,0.623385375779664
"PTI98_011732",25.6919895375393,-0.958798523467146,0.88161902102741,-1.08754291887872,0.276796941651311,0.623385375779664
"PTI98_003431",20.0185939871591,-0.84677939955666,0.77949713348518,-1.08631496278974,0.277339669365743,0.623437426477735
"PTI98_004947",20.5842189502179,0.898080119791122,0.829729234633097,1.08237733745545,0.279084894054559,0.625279754341143
"PTI98_006353",16.1512394745433,0.716017971114422,0.66152251344019,1.08237884057919,0.279084226421844,0.625279754341143
"PTI98_002403",13.5406550628951,-0.882000503010028,0.818938642141445,-1.07700437813471,0.281478309764923,0.62768982770799
"PTI98_001440",18.2734370459146,0.977982695631835,0.906478172095156,1.07888168269006,0.280640475452881,0.62768982770799
"PTI98_004839",13.0687554007151,0.881483900394953,0.818588469610659,1.07683400526544,0.281554430489298,0.62768982770799
"PTI98_003180",13.6169057280131,0.753107245083528,0.702716256827193,1.07170886935767,0.283850815836944,0.628600149694828
"PTI98_003313",26.0470744294763,-0.876174077861924,0.818180009589602,-1.07088179568383,0.284222582193638,0.628600149694828
"PTI98_001672",24.3344448162198,-0.873707360027153,0.81490062944085,-1.07216429643287,0.283646243787124,0.628600149694828
"PTI98_004261",21.4772926612343,-1.21345489565055,1.1332928994178,-1.07073369671153,0.284289186871606,0.628600149694828
"PTI98_011702",132.786810004141,-0.880888656698971,0.821766192338051,-1.07194560315594,0.283744465561535,0.628600149694828
"PTI98_000984",25.4997775615785,-0.85074225214127,0.795319450004638,-1.06968621493704,0.284760573314956,0.62861361854331
"PTI98_003363",12.5293658844792,0.882773747365921,0.835695686186527,1.05633397653902,0.290815658359041,0.631019834749565
"PTI98_003618",13.1249938992857,0.791460760659491,0.759007169499219,1.04275795073409,0.297060410733326,0.631019834749565
"PTI98_003914",11.9374779124616,-0.963676583699569,0.921916871320238,-1.04529661369526,0.295885902262105,0.631019834749565
"PTI98_000481",28.422970574547,0.923198225282697,0.872428780624064,1.05819322537975,0.289967359213604,0.631019834749565
"PTI98_000659",25.8067338469431,0.623600267710152,0.592465867143899,1.05255053884596,0.292547036172694,0.631019834749565
"PTI98_001225",21.9784454512975,-0.658140920927612,0.631079732365053,-1.04288077587462,0.297003514208889,0.631019834749565
"PTI98_001296",12.2447809077276,-0.938379780721729,0.896437036768333,-1.04678827651365,0.295197238585078,0.631019834749565
"PTI98_001685",17.772411937488,0.79348965453739,0.750940785701048,1.05666075094938,0.290666443784987,0.631019834749565
"PTI98_001759",30.8795854555045,0.564839791902883,0.536006894117963,1.0537920278663,0.291978144212557,0.631019834749565
"PTI98_001789",24.7036008385312,0.74792177099597,0.710873131794792,1.05211709029942,0.292745832041954,0.631019834749565
"PTI98_001925",17.9914981473508,-0.685992316233503,0.656566371295663,-1.04481792888626,0.296107126903048,0.631019834749565
"PTI98_004337",17.9701410210502,-0.925066970872943,0.871643362099473,-1.06129067356722,0.288557822886923,0.631019834749565
"PTI98_004926",29.5317358509426,-0.804464842094475,0.754767414097123,-1.06584469211194,0.286493854166781,0.631019834749565
"PTI98_007482",19.2462590968364,0.963177101485109,0.922267878461525,1.04435720247769,0.296320156572666,0.631019834749565
"PTI98_007644",11.2494539492142,-1.17326418900014,1.10994936961841,-1.05704297972033,0.290491972526265,0.631019834749565
"PTI98_008598",29.0982929948952,-0.611452452985435,0.582944710888457,-1.04890299468286,0.294222767100563,0.631019834749565
"PTI98_009996",14.7648275554163,0.817721845287785,0.773398366255633,1.05731002412992,0.290370119874519,0.631019834749565
"PTI98_010052",10.8862478504746,0.815914427673484,0.76620644284942,1.06487544615157,0.286932297696499,0.631019834749565
"PTI98_010510",21.3057095354255,0.690484834636544,0.650906562048061,1.06080484495955,0.28877859993884,0.631019834749565
"PTI98_010807",87.254290186277,0.516277772452198,0.490974188979995,1.05153750245969,0.293011794602195,0.631019834749565
"PTI98_011758",12.4526204490788,-0.913766585769027,0.87062421962784,-1.04955337236038,0.293923504337086,0.631019834749565
"PTI98_013108",14.7087768119432,0.732516714734671,0.700936591229043,1.04505418022229,0.295997929291587,0.631019834749565
"PTI98_013465",10.6947782797234,-1.17366368024079,1.10967957961798,-1.05765997842804,0.29021048742963,0.631019834749565
"PTI98_013556",24.2775648996251,0.634375189275611,0.605787546364141,1.04719087258074,0.295011554120199,0.631019834749565
"PTI98_012265",16.77958531434,-1.07356854447129,1.03291106718019,-1.03936203084947,0.298636395636969,0.633371696241043
"PTI98_001245",15.575139086461,-0.803626413222051,0.774039205342162,-1.03822443059174,0.299165581251859,0.633499530205739
"PTI98_002423",210.971629654592,-0.622503804115549,0.603055413247539,-1.03224975755259,0.301955131017223,0.638405918629527
"PTI98_003202",11.2210263225236,0.952756393323192,0.924923199041059,1.03009243828135,0.302966614568554,0.638545860034503
"PTI98_007500",14.7361511589309,0.762975496183882,0.740466144516312,1.03039889377018,0.302822792327168,0.638545860034503
"PTI98_009766",26.6454366423537,-0.715344439279076,0.696439354376688,-1.02714534263979,0.304352030511766,0.63947059598973
"PTI98_011739",47.4747387051552,0.734153487128718,0.714551121598755,1.0274331184116,0.304216563429869,0.63947059598973
"PTI98_006312",61.6451538286396,0.543252726636023,0.530262541944204,1.02449764722998,0.305600281544635,0.640102295142329
"PTI98_006565",33.0328994654784,0.865006357157275,0.843552614343819,1.02543260781682,0.305159108906664,0.640102295142329
"PTI98_007560",31.9153496682238,0.550604150582188,0.541780655711837,1.01628610172277,0.309493164983705,0.642941802963408
"PTI98_006104",13.0521013549454,-0.797793278821997,0.78248287032654,-1.0195664455748,0.307934125425068,0.642941802963408
"PTI98_009747",25.0716524484577,0.707880089114793,0.696650557093313,1.0161193182251,0.309572570768638,0.642941802963408
"PTI98_010101",35.7650048918281,0.73417541905187,0.721268340472071,1.01789497452689,0.308727870151758,0.642941802963408
"PTI98_010773",19.4618284346273,-0.732755361378566,0.721487182471658,-1.01561798903801,0.30981133510672,0.642941802963408
"PTI98_011667",100.443170622957,-0.642104012150104,0.631527454878838,-1.01674758110603,0.309273524337872,0.642941802963408
"PTI98_007590",74.1969497060486,0.605654597748737,0.596953736994058,1.01457543560828,0.310308253684339,0.642985353876599
"PTI98_010166",14.3432824824863,1.23218769059434,1.21573496192032,1.0135331541737,0.310805568306684,0.64302959078458
"PTI98_002043",21.8361656845974,-1.05522247770094,1.04327171066523,-1.01145508587412,0.311798667468,0.644097858943835
"PTI98_001844",22.652618057767,0.679558620669071,0.678558750030569,1.00147352110404,0.316597935306877,0.65217495956547
"PTI98_011976",25.7729786805181,-0.64292828755087,0.642083422246549,-1.00131581859155,0.316674147649851,0.65217495956547
"PTI98_004809",23.2613591924081,-0.775094666906578,0.776255414409622,-0.998504683533928,0.318034694519678,0.653980018715501
"PTI98_002594",37.4024265083571,-0.733388025314637,0.743328856285183,-0.986626604245898,0.323825723000257,0.654549668210288
"PTI98_002703",53.5144956965719,-0.649746021743165,0.653235447089762,-0.994658242503307,0.31990251017635,0.654549668210288
"PTI98_003009",49.2080129219657,0.665717902929565,0.67504596224079,0.986181593798056,0.324044009819806,0.654549668210288
"PTI98_003230",11.3007560007342,0.909657474216013,0.920372752645387,0.988357675302126,0.322977508217934,0.654549668210288
"PTI98_003377",11.5423050538334,-0.81251815674279,0.82551628226231,-0.984254549790467,0.324990370555589,0.654549668210288
"PTI98_003427",31.410907800167,-0.620719021173711,0.630784769229401,-0.98404249984034,0.325094616853518,0.654549668210288
"PTI98_004076",14.2457028204252,0.832129764604399,0.843991985115333,0.985945102891808,0.324160052486479,0.654549668210288
"PTI98_000883",20.1129431116575,0.644509680632751,0.651062070771457,0.989935844164685,0.322205478151717,0.654549668210288
"PTI98_001293",25.2804523001481,-1.22384610697371,1.23557178446177,-0.990509918051291,0.321924943828945,0.654549668210288
"PTI98_005637",9.97110908540311,1.02403383763204,1.0332263583367,0.991103091176022,0.321635243747488,0.654549668210288
"PTI98_006204",12.6409980205131,-0.801256684220665,0.809342680536276,-0.990009180894484,0.322169631598006,0.654549668210288
"PTI98_006977",16.004224295882,-0.70401305061256,0.711314977891614,-0.98973460772512,0.322303854685032,0.654549668210288
"PTI98_010133",11.5419037805475,0.817326737567023,0.820228765710744,0.996461928348482,0.319025756356103,0.654549668210288
"PTI98_011020",17.9608142595734,-0.75528312103827,0.764073348474487,-0.988495571199064,0.322910002379934,0.654549668210288
"PTI98_003095",68.0940004836761,0.590958210336344,0.601880446971653,0.981853145935769,0.326172201296088,0.65574202968901
"PTI98_004867",175.598819243204,-0.412298113913759,0.420882093992975,-0.979604786704565,0.327281241218455,0.656019223866666
"PTI98_005065",34.1173884770247,0.689914897475297,0.703914799664618,0.980111368313336,0.327031148141961,0.656019223866666
"PTI98_001343",76.7891444515268,0.555587160333607,0.570841395473428,0.973277629722053,0.330415337466904,0.657238711661986
"PTI98_013634",12.8362075195491,-0.927980307887298,0.953654465632645,-0.973078133988168,0.330514470617744,0.657238711661986
"PTI98_008259",136.992688402824,-0.537171435744871,0.550036671553457,-0.976610221692581,0.328762156706053,0.657238711661986
"PTI98_008608",23.0322657938351,-0.691535865034984,0.709823815693705,-0.974235929741455,0.329939408595171,0.657238711661986
"PTI98_011286",51.4916253371535,0.521068538584898,0.535810509501889,0.972486596183609,0.330808529926092,0.657238711661986
"PTI98_012625",79.9576656614558,0.531957614110275,0.546841792643066,0.972781563638633,0.330661877527856,0.657238711661986
"PTI98_006501",43.0243943648139,-0.759288605848588,0.781662436194352,-0.971376607970706,0.331360772723639,0.657369168795354
"PTI98_000396",28.213357719799,-0.712302237794971,0.736114239272306,-0.967651758100924,0.333218318766221,0.658783435648723
"PTI98_001203",14.4593400893182,0.72689554980696,0.752448714085001,0.966039992095522,0.33402416981449,0.658783435648723
"PTI98_005377",59.339334094364,0.50404216112034,0.521580193398214,0.966375195032599,0.333856471566607,0.658783435648723
"PTI98_008434",61.7412724163739,0.730833129716491,0.755063737967331,0.967909188281151,0.333089725086522,0.658783435648723
"PTI98_003550",13.710260151326,-0.739300503747027,0.771439300413165,-0.958339176330627,0.33789175501383,0.659906960495449
"PTI98_003699",165.640594590607,-0.448504148793769,0.468540848879242,-0.95723595897049,0.338448171001247,0.659906960495449
"PTI98_000082",17.4681437445417,0.715593426620449,0.748228932739386,0.956382993638788,0.338878773488731,0.659906960495449
"PTI98_001274",71.3892292929884,0.54119134037196,0.564769657439613,0.958251445067808,0.337935981418724,0.659906960495449
"PTI98_006864",26.7955275027079,-0.576622928722477,0.601718125277401,-0.958294099012963,0.337914478577746,0.659906960495449
"PTI98_009691",13.4167274246729,-0.738076895670189,0.766494201634014,-0.962925608695742,0.335584857066137,0.659906960495449
"PTI98_010403",27.9505800088377,-1.11659354026024,1.16778592473774,-0.956162869072947,0.338989956020608,0.659906960495449
"PTI98_010679",15.8924954871335,-0.857758847479674,0.895475380393899,-0.957880994006073,0.338122771337308,0.659906960495449
"PTI98_013573",136.167646675446,0.526016358509181,0.548553795999121,0.958914808986253,0.337601663772925,0.659906960495449
"PTI98_006071",20.6112657945417,0.695811084950836,0.729830593700246,0.953387116074524,0.340393966875425,0.66163457359396
"PTI98_008855",17.5166649202962,-0.769507530486902,0.8079043894017,-0.952473511199471,0.340856893576163,0.66163457359396
"PTI98_003734",14.5470134380136,-0.691492076129125,0.728601869042476,-0.949067118147638,0.342586476821272,0.66308643293057
"PTI98_005098",19.3512098880998,-0.758492936912975,0.799028156244148,-0.949269348001816,0.342483638976784,0.66308643293057
"PTI98_003194",46.1692878377193,-0.652464705759076,0.691328517274123,-0.943783873304858,0.345280103192403,0.663891390148434
"PTI98_003526",12.2491742518714,0.700018818301341,0.743366119850387,0.941687816552938,0.346352494511729,0.663891390148434
"PTI98_000443",10.6088909422274,0.97188746608673,1.03115920196635,0.94251931635135,0.345926826326287,0.663891390148434
"PTI98_005088",72.1561774123829,-0.562697874164028,0.597653019566584,-0.941512643192356,0.346442213215874,0.663891390148434
"PTI98_007551",13.970395282509,-0.747929941953085,0.790171772710141,-0.946540951960135,0.343872745060767,0.663891390148434
"PTI98_011067",24.7915193367418,-0.965542327829816,1.02175157273091,-0.944987366399776,0.344665325909225,0.663891390148434
"PTI98_011955",17.816616309557,-0.816364815937409,0.866099213290399,-0.942576558678487,0.345897534633602,0.663891390148434
"PTI98_000101",15.4237963604071,-0.955150601591473,1.01578320271958,-0.940309506038523,0.347058824943183,0.663896601503819
"PTI98_007870",10.9534025060067,0.784022617336493,0.834430304064958,0.939590297136978,0.347427755191118,0.663896601503819
"PTI98_012730",66.0122424987153,0.496550085396202,0.529095391191368,0.938488774733259,0.347993283029171,0.664038030187021
"PTI98_007539",30.312295137582,-0.878443798114627,0.937661860505066,-0.936844970575489,0.34883830911256,0.664711644021253
"PTI98_006837",12.4634151861489,0.791258515483159,0.851747087395187,0.928982942463574,0.352897926342846,0.671500138717162
"PTI98_000708",15.0767786270233,-0.717014397526735,0.773706455717654,-0.926726657413846,0.354068473190123,0.67197625937739
"PTI98_001494",18.7520813840402,0.69690227834157,0.752120481789422,0.926583300435486,0.354142928702222,0.67197625937739
"PTI98_001114",65.9671988331553,0.543272777914323,0.589583661356982,0.921451548816548,0.356814726113116,0.673263540473213
"PTI98_007343",10.3560873167809,0.893257339412057,0.968699183049149,0.92212046323852,0.3564657442137,0.673263540473213
"PTI98_008413",20.9072775704092,-0.633554116227457,0.687226435163473,-0.921900095529286,0.356580689325546,0.673263540473213
"PTI98_009589",24.9554568097198,-0.624732807295163,0.676193736289011,-0.923896176151722,0.355540374163943,0.673263540473213
"PTI98_000546",41.0769248345429,-0.946279368064602,1.03098975176581,-0.917835862523246,0.358704803879078,0.674567682739885
"PTI98_001583",15.147493102865,-0.743462723845954,0.811363925756734,-0.916312273992894,0.359503132178177,0.674567682739885
"PTI98_005163",42.117545828679,-0.512956518537841,0.559652264064729,-0.916562929295168,0.35937171742118,0.674567682739885
"PTI98_010481",10.2747744462218,-0.799233000598004,0.871996716481054,-0.916555057481537,0.359375844034031,0.674567682739885
"PTI98_004869",31.0380159874946,-0.789992933611854,0.863600269244915,-0.914766891287077,0.360314019520373,0.675151512305165
"PTI98_013580",22.4787744075272,0.645273269715689,0.706602720232954,0.913205187637763,0.361134636094772,0.675751929867088
"PTI98_005226",31.7276755398916,0.63063593260764,0.692691721029994,0.910413555499001,0.362604451544239,0.676627919939595
"PTI98_012684",21.3822650827858,-0.613182310686438,0.673063999405182,-0.9110312113385,0.362278928770979,0.676627919939595
"PTI98_007036",15.3995816838773,0.81749459006943,0.899601340592338,0.908729848636237,0.363492744322602,0.677349927696324
"PTI98_010430",11.5183338808793,-1.97113157048629,2.1739103700476,-0.906721637490106,0.364554018196303,0.67839184377852
"PTI98_001629",10.7184759298672,-0.877170127877906,0.96897799941974,-0.905252883350487,0.365331431374248,0.678903388977454
"PTI98_001595",40.3418100439692,-0.661285439187164,0.738286812648854,-0.895702629191734,0.370411605823534,0.681779399819611
"PTI98_001963",17.7520065039403,-0.695940669520228,0.773711010634789,-0.899483993318443,0.36839491798859,0.681779399819611
"PTI98_004543",15.5223146796294,-0.767208186815419,0.854366712923372,-0.897984641969811,0.369193737319996,0.681779399819611
"PTI98_008016",14.585788638064,-0.760652079913663,0.845293742274632,-0.899867160812993,0.368190948015888,0.681779399819611
"PTI98_006572",21.7486458523261,0.671045655418479,0.748396494005875,0.896644573822939,0.369908605117879,0.681779399819611
"PTI98_010081",15.4983376527693,0.649125824045279,0.720737172119648,0.900641522534818,0.3677789498869,0.681779399819611
"PTI98_013233",21.1989032583721,0.681889456641905,0.760663892616128,0.896439890549692,0.370017870370442,0.681779399819611
"PTI98_003091",28.3159742098139,-0.585795792706927,0.659848626242171,-0.887772997335807,0.374662870702858,0.68369782066761
"PTI98_003297",13.8414923120448,-0.844371470154064,0.952089406720709,-0.886861532324303,0.37515345439151,0.68369782066761
"PTI98_003424",66.1372115040504,-0.553501098016042,0.622710303965479,-0.888858100614835,0.374079345975065,0.68369782066761
"PTI98_005622",17.9390693994423,-0.894293613855651,1.00442779291866,-0.890351322574441,0.373277271223577,0.68369782066761
"PTI98_007647",10.7222443485325,-0.955192818929348,1.07783586943856,-0.88621361193602,0.375502430003972,0.68369782066761
"PTI98_006906",18.0561440749691,-0.654490951361155,0.737666004543643,-0.88724564685078,0.374946661583441,0.68369782066761
"PTI98_010028",16.059411328355,-0.661591658799836,0.741370260401901,-0.892390340072696,0.372183747008298,0.68369782066761
"PTI98_012975",126.491812426713,0.669540060007288,0.753907362694065,0.888093276625801,0.374490578926296,0.68369782066761
"PTI98_000217",27.7802386873635,0.519369490226396,0.587328274339617,0.884291652415964,0.376538793297332,0.684662058875768
"PTI98_007946",24.3699131033379,-0.58272791439393,0.659782652571635,-0.883211936722846,0.377121773400765,0.684800424548969
"PTI98_003875",15.8877300353356,-0.766978291171692,0.876624264509573,-0.874922497839799,0.381616076835003,0.690256937952415
"PTI98_005076",15.5273779474807,0.605411269499258,0.690794347233658,0.876398702339815,0.380813323547218,0.690256937952415
"PTI98_005543",34.1645499340088,0.514118416128735,0.587669502846653,0.874842770704217,0.381659461621357,0.690256937952415
"PTI98_012381",14.1571488756315,-0.938305624732407,1.07526750913085,-0.872625292557057,0.382867349887477,0.691515761628318
"PTI98_001065",12.0225878197975,-0.760093752815196,0.872968500882295,-0.870700090606913,0.383917929010347,0.691564162790639
"PTI98_007534",31.2585273995876,0.581268719451137,0.667460865087988,0.870865619026984,0.383827531189674,0.691564162790639
"PTI98_003635",13.7844575916,-0.784067948428517,0.905834505942828,-0.865575271514336,0.386723121292847,0.695689662938264
"PTI98_001632",12.487495194308,0.619099492206833,0.717508605783102,0.862846086049569,0.388222096561252,0.696531278159697
"PTI98_006201",19.7759795459227,-0.565291759203062,0.655038973400145,-0.862989504683626,0.388143237442726,0.696531278159697
"PTI98_012666",10.9242422748698,0.815803040213841,0.948586852185352,0.860019341754944,0.389778380711102,0.698396011061935
"PTI98_001526",71.2637509989004,0.496406169158742,0.577920663484973,0.858952102811686,0.390366941930294,0.69852415701699
"PTI98_004694",14.2837354591859,-0.72360925592811,0.849923418284615,-0.85138171317665,0.394557346656098,0.70322819964695
"PTI98_006078",14.1748021764465,0.684827965246892,0.803857576796031,0.851926989326193,0.394254616014143,0.70322819964695
"PTI98_012747",29.5994987410192,0.484348295714656,0.568747712020432,0.851604824912696,0.394433460758954,0.70322819964695
"PTI98_011781",11.8017181318094,-0.908617967037515,1.0729267262201,-0.846859291350268,0.397073555265631,0.706780465301538
"PTI98_002958",11.9852473635265,0.699836835754122,0.827911189417048,0.845304236372132,0.397940996373955,0.707392481712123
"PTI98_003269",13.0617654915282,0.611245524957562,0.726865101926988,0.840933927543215,0.400384950328446,0.708010560070328
"PTI98_006361",48.5771644795327,-0.602149131960016,0.715885591050148,-0.841124810288066,0.400278017294726,0.708010560070328
"PTI98_008399",66.0537843289231,0.48412309845502,0.575169292133052,0.841705398874163,0.399952875510376,0.708010560070328
"PTI98_010242",38.1668247074758,-0.570583680031008,0.677159619637654,-0.842613267956417,0.399444768207398,0.708010560070328
"PTI98_012469",23.0362102855501,0.56677260872786,0.678504200687047,0.835326602479324,0.40353384305955,0.712646041795362
"PTI98_004959",37.1268244823548,0.461531068415354,0.554300205947324,0.832637374952038,0.40504927357113,0.714388470750125
"PTI98_010704",19.9743207233263,0.550186647772265,0.665588000491923,0.826617438063235,0.408453930350561,0.718517265499489
"PTI98_011819",42.7831658366424,-0.534241890666348,0.645955858360088,-0.827056344101667,0.408205126614446,0.718517265499489
"PTI98_009995",99.2649247822045,0.406727173767785,0.492795738655701,0.825346369425388,0.409174973401877,0.718849660683923
"PTI98_005779",17.0500987047329,0.590623543646492,0.718070430409641,0.822514782163578,0.410783977101808,0.719914657172578
"PTI98_006290",10.8599330028371,0.786054136003108,0.956889661729706,0.821467894827299,0.411379804098616,0.719914657172578
"PTI98_008809",20.9771607021101,-0.59576066851252,0.725032393737421,-0.821702138633383,0.411246441709103,0.719914657172578
"PTI98_002623",77.4562642314897,0.435040461838686,0.531473615577922,0.818555143825201,0.413040268099302,0.721885384478858
"PTI98_002513",20.8437173365181,-0.602483356291185,0.738175943313088,-0.816178529995321,0.414398034517738,0.723322667485096
"PTI98_005084",54.8986229078914,-0.596222500387794,0.73166635765528,-0.814883032614027,0.415139266301454,0.723681482288083
"PTI98_012519",37.3187026208807,0.593522764919068,0.729211964516627,0.813923514423541,0.415688768932576,0.723705575809162
"PTI98_012529",16.3231658313896,0.586314885436251,0.72356474064953,0.810314340234334,0.417759535531218,0.726374687905632
"PTI98_003276",238.113935112906,-0.80218485209156,0.992594487974389,-0.808169762990118,0.41899286164365,0.726769779629503
"PTI98_005129",44.3384238126789,0.520500998447271,0.644145740285067,0.80804849880234,0.419062663457722,0.726769779629503
"PTI98_010910",22.9168562927991,-0.528238643197123,0.659805092623853,-0.800598008567154,0.423364403991716,0.733288858708729
"PTI98_010054",14.1278812333081,0.565620988467882,0.710916072211828,0.795622733226583,0.426251349151103,0.737343883102612
"PTI98_001716",23.7589135479677,-0.607774748090581,0.768060761429919,-0.791310764214892,0.428762668536987,0.740122612017123
"PTI98_008225",12.4017238764579,0.658674458142006,0.832727994676637,0.790983925546758,0.428953371731612,0.740122612017123
"PTI98_004835",116.767910908378,-0.37922069738171,0.480307651483363,-0.789537073187446,0.429798170517113,0.740634347408954
"PTI98_008689",28.5707879838805,-0.79359999128306,1.00841516193125,-0.786977448616705,0.431295067646136,0.741632833145014
"PTI98_011297",15.6102166202907,-0.618710275578668,0.786493522373539,-0.786669257887182,0.431475504701688,0.741632833145014
"PTI98_008556",13.6679303150093,-0.651025701289552,0.830785684299825,-0.783626527987452,0.433259285219227,0.743752597625383
"PTI98_001088",17.674214965405,-0.542066782470015,0.692853364650755,-0.782368694627402,0.43399792617874,0.744075124704921
"PTI98_009955",120.281034496427,0.407382901832131,0.525123950490889,0.77578427236333,0.437876371760028,0.749773102975662
"PTI98_007391",25.7792291199028,0.490415903521925,0.633934914719516,0.773606078691706,0.439163776294918,0.75102564781574
"PTI98_001068",21.1035480006878,-0.673464976184008,0.873305582901962,-0.77116760658521,0.44060759211999,0.752542170612019
"PTI98_012857",23.9096032832925,0.499918654555545,0.650192619723293,0.768877774663605,0.441965872542589,0.753908956824543
"PTI98_005958",12.4956429353781,0.526430177659158,0.687983040526759,0.765179003912789,0.444164960418738,0.755601350498717
"PTI98_006424",11.1510158833876,0.870852140616312,1.13927979040863,0.764388298596922,0.44463587982715,0.755601350498717
"PTI98_006520",19.749027417285,-0.555210016350153,0.72472732462024,-0.766095050495144,0.443619747812569,0.755601350498717
"PTI98_002669",11.0371194759854,-0.606965374461127,0.801966335633109,-0.756846450396151,0.449141860373647,0.755816124718868
"PTI98_003314",74.1678415920439,-0.566838101534348,0.743093717866603,-0.762808361725519,0.445577693607372,0.755816124718868
"PTI98_001590",40.0162294444226,-0.481460026430286,0.637847139812317,-0.754820389367823,0.450356758252175,0.755816124718868
"PTI98_005250",46.9440032494114,0.575848853613648,0.761996487605946,0.755710640376913,0.449822703113359,0.755816124718868
"PTI98_007473",23.8172605770259,0.541641208089534,0.71442688734521,0.758147849253346,0.448362477311926,0.755816124718868
"PTI98_006316",84.7580024760286,0.455669846881579,0.598713619047749,0.76108147933284,0.446608401934288,0.755816124718868
"PTI98_006872",11.0841762796074,-0.731327959864318,0.967533533401058,-0.755868333879411,0.449728141363011,0.755816124718868
"PTI98_008691",11.8575344459273,0.555138459122462,0.728967410202277,0.761540847166844,0.446334090914758,0.755816124718868
"PTI98_010858",14.1793955861652,-0.653136222616474,0.860549918322489,-0.758975404808199,0.44786726974341,0.755816124718868
"PTI98_013553",68.9620972593352,0.499830594237592,0.662007366650208,0.75502270732539,0.45023535764479,0.755816124718868
"PTI98_003961",40.6054353095044,-0.515177792233472,0.684680975596583,-0.752434798972736,0.451789626077676,0.756117338143149
"PTI98_001234",182.867394939129,-0.386935383454962,0.517144696037337,-0.748214931758724,0.454330525910007,0.756117338143149
"PTI98_006187",38.5748578618935,-0.568565269110924,0.758808611859606,-0.749286790140067,0.453684367993708,0.756117338143149
"PTI98_010875",10.4325486869186,0.759596790607893,1.01099118680976,0.751338686744482,0.452448852228833,0.756117338143149
"PTI98_010974",70.6573330122459,-0.498277823874692,0.665745717461239,-0.748450663377647,0.454188373241792,0.756117338143149
"PTI98_011965",12.1631273714143,-0.597324022775346,0.796434571690803,-0.749997606843268,0.453256146093176,0.756117338143149
"PTI98_012757",17.9601008314612,0.507707249171792,0.678743659574573,0.748010301105452,0.454453944168939,0.756117338143149
"PTI98_001761",11.1032577144764,-0.594427442910317,0.800972543089606,-0.74213210931978,0.458007297122256,0.759614146580462
"PTI98_008483",16.5630464835857,0.603971146471614,0.814008930180911,0.74197115544836,0.458104812115722,0.759614146580462
"PTI98_008737",45.5405661459244,-0.463082891285443,0.624316300359618,-0.74174403426388,0.458242434835734,0.759614146580462
"PTI98_010071",16.7681489724762,0.474936950961791,0.643860516555504,0.737639502267645,0.460733544106705,0.762807620206077
"PTI98_009883",12.1382287552549,-0.559502673246173,0.761005619851491,-0.735214903347703,0.462208623979842,0.764313159114768
"PTI98_000961",17.1494191410803,-0.620303147418485,0.847802964582046,-0.731659563993486,0.464376382802246,0.766022580178064
"PTI98_006710",14.1244111893066,-0.521107942931849,0.712215379011078,-0.731671848557125,0.464368882939049,0.766022580178064
"PTI98_003033",43.0647907292165,-0.500962895726373,0.68945550884916,-0.726606560244301,0.467467008328863,0.766490481881573
"PTI98_003092",18.0714559668731,-0.472094683521159,0.660783795389959,-0.714446520654391,0.474951114310245,0.766490481881573
"PTI98_003411",35.1915863970316,-0.582250736492076,0.819487745242267,-0.710505727355256,0.47739058055472,0.766490481881573
"PTI98_000761",15.31127282792,0.480969573548117,0.677629273876031,0.709782755985404,0.477838864051167,0.766490481881573
"PTI98_000812",13.0692206458195,-0.583302682524559,0.805500932032619,-0.724148985219223,0.46897427396627,0.766490481881573
"PTI98_001335",16.8258723017329,-0.512976905214012,0.721517525388682,-0.71096943201438,0.477103178383477,0.766490481881573
"PTI98_001534",11.3892326892044,-0.626098259492667,0.875550904897791,-0.715090642920134,0.474553035445664,0.766490481881573
"PTI98_001992",15.322974262698,-0.511941440524887,0.705450881161471,-0.725693955732274,0.468026407973209,0.766490481881573
"PTI98_002176",11.625074886797,-0.67559193072605,0.94476867673041,-0.715087139705024,0.474555199998366,0.766490481881573
"PTI98_004607",11.4972428399493,-0.662814610404399,0.92466477274834,-0.716816115352102,0.473487566685264,0.766490481881573
"PTI98_005255",54.9857691605037,-0.705449757108036,0.982237128217928,-0.718207179144137,0.472629552032035,0.766490481881573
"PTI98_005804",22.7307555275271,0.517574942554072,0.714509852875609,0.724377614207901,0.468833939230917,0.766490481881573
"PTI98_006532",10.9094491836482,-0.634826735020822,0.875781833951623,-0.724868580747347,0.468532657652603,0.766490481881573
"PTI98_006819",34.3656586588509,-0.527075308393039,0.733827441496711,-0.718255108200939,0.472600004429923,0.766490481881573
"PTI98_009711",23.5241662934714,0.475862098230563,0.668930997701821,0.71137695796044,0.476850673752446,0.766490481881573
"PTI98_010297",18.6605945850163,-0.912552645949865,1.26897604735118,-0.719125193777058,0.47206378555004,0.766490481881573
"PTI98_010912",10.5325746636431,-0.579074131168614,0.805425859978603,-0.71896640018983,0.472161622310777,0.766490481881573
"PTI98_011026",17.9826269066866,0.495877186315744,0.699327299845076,0.709077403993234,0.478276444282877,0.766490481881573
"PTI98_011656",24.0527208703021,0.456118513562743,0.640441481264991,0.712193895782366,0.476344716404421,0.766490481881573
"PTI98_011884",15.6448706003751,-0.586118325290127,0.811512533352357,-0.722254187336915,0.470138213595728,0.766490481881573
"PTI98_012702",10.9594690515883,0.548502923007586,0.752005514720547,0.729386835961456,0.465765067946815,0.766490481881573
"PTI98_012703",14.0277011966291,-0.647142773013401,0.894568295420744,-0.723413490424484,0.469425885539607,0.766490481881573
"PTI98_012965",20.7204781366002,-0.474712555903846,0.664312337160023,-0.71459241286,0.474860934312859,0.766490481881573
"PTI98_012978",14.5441860822513,0.497536641266767,0.68257285215489,0.728913609288794,0.466054509421472,0.766490481881573
"PTI98_000474",31.4179903652076,-0.465051106911656,0.657596365859643,-0.707198413883746,0.479443184104004,0.76744993095321
"PTI98_004698",18.8586470936063,-0.473918660753575,0.672109538454777,-0.705121164986208,0.480734836216002,0.767781474389188
"PTI98_005445",11.7213048044499,-0.564752007236526,0.801024104474642,-0.70503746901215,0.480786918825502,0.767781474389188
"PTI98_003000",14.180261144097,0.530160399169764,0.755140709911672,0.702068359195965,0.482636533425535,0.769524714834651
"PTI98_005849",47.624756685474,0.430991493141536,0.614423076642688,0.701457203555157,0.483017733663793,0.769524714834651
"PTI98_002886",27.7134440011726,-0.533030600294952,0.769440783456035,-0.692750646645973,0.488466049238596,0.775563163277572
"PTI98_003461",19.2482078049138,-0.597543232712047,0.866120801909419,-0.689907494883768,0.490252362279087,0.775563163277572
"PTI98_005126",33.3622023750424,-0.491243307740222,0.710638480832532,-0.691270344894238,0.489395664282278,0.775563163277572
"PTI98_008371",11.8132454201267,0.498164184669543,0.720903794711518,0.69102727482367,0.489548400912252,0.775563163277572
"PTI98_011640",25.1241868325649,-0.471000341243601,0.678628557234268,-0.694047334469906,0.48765252477731,0.775563163277572
"PTI98_012869",21.0663993538151,0.542080594803469,0.78475347922249,0.690765455848053,0.489712947392376,0.775563163277572
"PTI98_000511",52.6983018855686,-0.383784455637954,0.55778670671791,-0.688048766698281,0.491422072006715,0.776504350036342
"PTI98_002562",28.7500527817038,-0.424718262424666,0.621265681515386,-0.683633870438002,0.494206391222597,0.776677025488684
"PTI98_003051",27.524287640845,-0.43020652048042,0.627092951886375,-0.686033097942345,0.49269223720039,0.776677025488684
"PTI98_001868",13.3004679453409,-0.524023554292907,0.764910941340981,-0.685077864586732,0.493294787490123,0.776677025488684
"PTI98_007415",13.4582972792491,0.929674511482683,1.36052944220469,0.683318186761309,0.494405804530177,0.776677025488684
"PTI98_012979",17.3769061671959,-0.617596756001308,0.901380172894327,-0.685167895382266,0.493237980251893,0.776677025488684
"PTI98_006918",11.2695390134304,-0.898243730308298,1.32062969930918,-0.680163206066145,0.496401126875644,0.778905833227637
"PTI98_009870",18.4582850273743,-0.484973629761771,0.716795758849268,-0.676585517944944,0.498668970166092,0.781556587812518
"PTI98_007668",35.538140056632,-0.345539042132676,0.511891294637154,-0.675024259550274,0.499660352143674,0.782202938292124
"PTI98_005396",14.1781076861754,-0.621631330745276,0.924123888165241,-0.672670990011377,0.501156627411264,0.782731333679327
"PTI98_011252",12.6086699755707,0.57383331517226,0.85260388692437,0.673036241064149,0.500924234950587,0.782731333679327
"PTI98_003608",10.5868947241556,0.573586261995439,0.861169163543242,0.666055272619661,0.505375771905142,0.783942066088143
"PTI98_007661",16.3397882521219,-0.587277812762178,0.879815643724518,-0.667500989498276,0.50445217784316,0.783942066088143
"PTI98_006753",11.5150822536674,-0.576855766021743,0.861667073779953,-0.669464789331217,0.503199034388346,0.783942066088143
"PTI98_011071",15.7270984046772,0.77320866761645,1.15817073534628,0.667611988473591,0.504381303125107,0.783942066088143
"PTI98_011319",27.2908020994462,0.45979359264424,0.690384542600617,0.665996360393931,0.505413426767411,0.783942066088143
"PTI98_011498",71.4296456247495,0.348895105000354,0.520842079081314,0.66986735329786,0.502942352808533,0.783942066088143
"PTI98_007889",20.828223673247,0.773438102008618,1.17010848765727,0.660996916240778,0.50861429119435,0.787719418256378
"PTI98_009628",13.1716224419474,0.522499092763666,0.791450296712128,0.660179287232883,0.509138782583119,0.787719418256378
"PTI98_012885",13.3041802834994,0.515394873727475,0.781536118553419,0.659463921746116,0.509597906407161,0.787719418256378
"PTI98_000575",15.4566947333576,0.681428134935765,1.03986047384605,0.655307276384319,0.512269936909549,0.790028041942016
"PTI98_004929",23.133303377304,0.383698867378643,0.586325220826245,0.65441303520585,0.512845738551553,0.790028041942016
"PTI98_007419",35.7483557647654,0.430339689092275,0.656775279380038,0.655231252763492,0.51231887538152,0.790028041942016
"PTI98_010109",22.0532103458914,-0.429297580646123,0.65833326557665,-0.652097657969768,0.514338174832583,0.791424685875649
"PTI98_010996",10.9722000408103,0.535968211374429,0.823642509926647,0.650729175479495,0.51522132620558,0.791881697046346
"PTI98_002955",10.6097121810753,0.59625516863638,0.919058560069568,0.648767330551001,0.516488776802705,0.792504349391144
"PTI98_008378",10.9524230314927,-0.555111806100151,0.85627541556929,-0.648286516238573,0.51679965345196,0.792504349391144
"PTI98_000442",62.3475804857804,0.501731176045998,0.775602051886779,0.646892533130172,0.517701498734282,0.79298721631521
"PTI98_000435",25.6069217814894,0.40712809302546,0.630496739237925,0.645725929554452,0.518456864947651,0.79324487490858
"PTI98_003218",40.8365309221799,0.363994972570631,0.569559106288502,0.639081999658617,0.522769589195305,0.797135118513383
"PTI98_000887",309.973159463592,-0.524665308505768,0.820813752439075,-0.639201410730154,0.522691914501719,0.797135118513383
"PTI98_006283",40.3377405723283,0.420582224917988,0.656975741917889,0.640179230499737,0.522056083925,0.797135118513383
"PTI98_003188",12.0026072948285,0.498996250046855,0.781928385490084,0.638161063476552,0.523368840252787,0.79714915804004
"PTI98_008913",21.6735719853147,0.500633703296236,0.787130228309079,0.636023983441345,0.524760790083826,0.797471121938413
"PTI98_009974",75.8217416186354,-0.379572385556629,0.596488408549176,-0.636344948395315,0.52455161424194,0.797471121938413
"PTI98_002762",16.2221976693536,-0.475999956781437,0.751662771428278,-0.633262647659085,0.526562141068375,0.797517323523962
"PTI98_003376",12.3609358044293,-0.511154780454532,0.804968212859962,-0.634999956878366,0.525428443122136,0.797517323523962
"PTI98_011809",12.6389231109835,-0.501672387289114,0.791747022850912,-0.633627121808048,0.526324196423975,0.797517323523962
"PTI98_001215",76.6467042801617,-0.295346506558731,0.46843007683588,-0.630502867266162,0.528365627424132,0.798834238389873
"PTI98_008192",11.4649411171945,0.542660107678446,0.862434013842614,0.629219278192194,0.529205509518088,0.798834238389873
"PTI98_010829",17.1769357730353,-0.4347629299647,0.689986835219182,-0.630103224834128,0.528627049932851,0.798834238389873
"PTI98_003923",18.5799142655915,0.475892331670689,0.76030143500122,0.625925862773,0.531363569918333,0.799488636797315
"PTI98_005254",32.1110762996378,0.379644777647371,0.605124882613908,0.627382526409179,0.530408518889051,0.799488636797315
"PTI98_012794",10.8888662869762,-0.510701619664131,0.816014849357662,-0.625848438991199,0.531414356657282,0.799488636797315
"PTI98_008575",11.9092969962671,-0.506294682907549,0.811388570986449,-0.623985475038203,0.532637124117946,0.800436879514288
"PTI98_001922",19.8336232735708,0.39624387965915,0.636025195932929,0.623000287084438,0.533284333184957,0.800519037925419
"PTI98_010201",12.058234048537,-0.51274872053205,0.825048643406499,-0.621476957303983,0.534285851056316,0.801132280551702
"PTI98_003426",15.6671961668028,-0.432219901065813,0.702137850784809,-0.615576984751217,0.538173745137464,0.805320539282086
"PTI98_011318",105.492486847808,-0.363621460409691,0.590841963040124,-0.615429307929838,0.538271241281808,0.805320539282086
"PTI98_008008",11.4721223923676,0.483023872681552,0.788997141932278,0.612199774892228,0.540405590506174,0.806727019639604
"PTI98_006760",19.8861619618058,-0.444004684266208,0.724276351561735,-0.61303214347509,0.539855086175151,0.806727019639604
"PTI98_002458",111.518187647857,-0.338206654282572,0.556325880987308,-0.607929031959395,0.543234543519159,0.808132904701199
"PTI98_000513",57.2307167945256,-1.00754982941166,1.65942769419293,-0.607167057014611,0.543740052089852,0.808132904701199
"PTI98_005983",16.3828838792204,0.446122018985211,0.732071173711539,0.609397057288037,0.542261287955795,0.808132904701199
"PTI98_008558",14.2321753440536,-0.454638423041959,0.748321467990863,-0.607544274070606,0.543489769920575,0.808132904701199
"PTI98_003441",10.4538636427936,0.569015787111828,0.943470655395865,0.603109152211076,0.546436078345744,0.809468357286293
"PTI98_000512",102.137660411507,0.37934370653016,0.628618105264836,0.603456539595441,0.546205019115233,0.809468357286293
"PTI98_001106",15.7485098476216,-0.457688475190907,0.756666469833617,-0.604874794163335,0.545262192185129,0.809468357286293
"PTI98_005925",24.2753821707775,-0.423864823861141,0.704039874184675,-0.602046616112482,0.547143107880314,0.809627972339873
"PTI98_003965",70.6996980228968,0.390233840360253,0.653007464007794,0.59759476249355,0.550110359791481,0.813128113871215
"PTI98_004813",9.99083273217199,0.579681090058283,0.974344375933545,0.594944769402374,0.551880390108651,0.813963326459374
"PTI98_007318",43.7774565974699,-0.548222197214118,0.921210797099902,-0.595110477363049,0.551769625569835,0.813963326459374
"PTI98_003111",66.381751198652,0.363109842531379,0.61156201088692,0.593741658355752,0.552684915638873,0.814260982582462
"PTI98_003337",124.404894743162,-0.29335823262559,0.498546035770938,-0.588427570529066,0.556245336458748,0.81704205673958
"PTI98_005995",26.054876992563,-0.418480579570272,0.711439552033299,-0.58821663537577,0.55638689282044,0.81704205673958
"PTI98_012008",97.5174102899413,0.35743497500391,0.607509735835581,0.588360900113455,0.556290076374348,0.81704205673958
"PTI98_011135",11.5260740558702,-0.457210446458588,0.779390699775316,-0.586625483971508,0.55745526347523,0.817722107443035
"PTI98_002810",10.0205528006812,0.522783785932788,0.899298344588693,0.58132408346853,0.561022052053932,0.818181146039028
"PTI98_001383",26.772276260358,0.329562719079861,0.566684220548831,0.581563253624182,0.560860900456183,0.818181146039028
"PTI98_001904",11.9488617705372,0.475787211435468,0.824563902885031,0.577016783988187,0.563928117468373,0.818181146039028
"PTI98_004628",50.2821958287919,0.345218232894957,0.596872427445876,0.578378589830673,0.563008545591555,0.818181146039028
"PTI98_004725",12.4102897340823,0.438280164614866,0.755356745192417,0.580229365004505,0.561759953527671,0.818181146039028
"PTI98_007552",60.6242522854856,-0.314537351073142,0.546261185074819,-0.575800294194547,0.564750174666279,0.818181146039028
"PTI98_007881",56.5656705797348,-0.317420234690327,0.550019174331343,-0.577107580069756,0.56386678407816,0.818181146039028
"PTI98_008842",22.6964558155757,-0.420407164723628,0.725729645687451,-0.579288950398871,0.56239421997512,0.818181146039028
"PTI98_010086",32.5792411087425,-0.344153521582784,0.596968833766117,-0.576501656563227,0.56427615048062,0.818181146039028
"PTI98_010950",16.3849021813132,0.407090872783792,0.697958878745624,0.583259107635994,0.55971888615711,0.818181146039028
"PTI98_011465",13.7628662803054,0.469682951432262,0.804506047222236,0.583815315066883,0.559344573248314,0.818181146039028
"PTI98_013562",13.2786725645515,0.460573635247363,0.800471108232606,0.575378212293362,0.565035536087649,0.818181146039028
"PTI98_003609",15.4199826844333,0.408086609866286,0.721701555675631,0.565450644600939,0.571767285616413,0.823508777336621
"PTI98_004030",25.8843777768317,-0.479623474266029,0.857705260227203,-0.559193812264808,0.576029455649968,0.823508777336621
"PTI98_000110",22.6916172391209,0.458095998615796,0.812247272540251,0.563985887183259,0.572763736798514,0.823508777336621
"PTI98_000470",29.997806713073,-0.438668297163293,0.783747637129297,-0.559706053813499,0.575679952416044,0.823508777336621
"PTI98_001843",12.3699806217934,-0.423700966376777,0.75399177643845,-0.561943750073997,0.57415434429186,0.823508777336621
"PTI98_005260",18.5465652801692,-0.454474808951718,0.812135549921951,-0.559604623877621,0.575749150271465,0.823508777336621
"PTI98_007431",32.0868214707773,0.379608182948645,0.678607079967484,0.559393195495152,0.575893404245563,0.823508777336621
"PTI98_006188",12.5004052613536,0.429159228678815,0.762591503545798,0.562764240990579,0.573595433173197,0.823508777336621
"PTI98_008736",31.7643477510977,0.31985273854214,0.563921593917474,0.567193634704028,0.570582632187367,0.823508777336621
"PTI98_010927",42.2890435674266,-0.479876144717279,0.85370591516865,-0.562109429243534,0.574041464337022,0.823508777336621
"PTI98_011242",23.6629766836282,0.365410169417816,0.647652135574646,0.564207464696455,0.572612948238452,0.823508777336621
"PTI98_011779",10.1278209240177,-0.591820445273389,1.04347054244943,-0.567165455274047,0.57060177552226,0.823508777336621
"PTI98_003242",10.3090481913455,-0.462181170895901,0.830732435369789,-0.556353828522618,0.577968995833265,0.823874207786757
"PTI98_006374",15.892893605141,-0.40810297285284,0.733812205320783,-0.556140889854019,0.578114544028013,0.823874207786757
"PTI98_011051",12.0628798770705,0.413405105844421,0.743231879002123,0.556226283511233,0.578056173542173,0.823874207786757
"PTI98_011397",13.1256736558093,0.406080944788229,0.731665502222575,0.555009008289553,0.578888498830134,0.824107862928884
"PTI98_001149",14.2273689786696,0.458226981033038,0.828601612915636,0.553012417415716,0.580254907324064,0.824315856776878
"PTI98_001230",96.2943536667218,0.342872413723854,0.619926121275364,0.553085927430301,0.580204572427591,0.824315856776878
"PTI98_003030",11.0781709877283,-0.57020992208559,1.03457096346282,-0.551155930548287,0.581526787171275,0.825254925912177
"PTI98_008695",30.5930790782516,0.351304922155977,0.638857162174883,0.549895881201391,0.582390789425721,0.825613805366368
"PTI98_000438",11.1833314928387,-0.532646021192939,0.971709209986322,-0.548153723067456,0.583586354685013,0.825760184870265
"PTI98_001208",26.7025788923984,-0.338966006420285,0.618591524987788,-0.547964194024445,0.583716488934939,0.825760184870265
"PTI98_003282",11.8988458578823,0.426955869155324,0.785662280646428,0.543434347903316,0.586830781965144,0.825763644492536
"PTI98_000848",16.4385112473807,0.601558428089057,1.10924198541293,0.542314874481713,0.587601610444182,0.825763644492536
"PTI98_001033",18.0564388560611,-0.458691310866257,0.847745125189851,-0.541072189313426,0.588457826234883,0.825763644492536
"PTI98_001353",18.251781063106,-0.343541028790488,0.634221970323787,-0.54167317574177,0.588043671856685,0.825763644492536
"PTI98_001762",19.051503098636,-0.854400558247106,1.58099562079756,-0.540419307307182,0.588907895759824,0.825763644492536
"PTI98_004597",11.8693671404811,-0.447989855985435,0.829810992123171,-0.539869753760672,0.589286858085837,0.825763644492536
"PTI98_005614",19.9498948678301,0.428576506135611,0.79750222176009,0.537398510551783,0.590992371946721,0.825763644492536
"PTI98_007966",32.11639427992,0.300281476210664,0.555316850935198,0.540738995593175,0.588687496184679,0.825763644492536
"PTI98_008168",31.5344335812662,-0.353382371971088,0.656382532338655,-0.538378696203273,0.590315631008609,0.825763644492536
"PTI98_006027",18.6925727253657,-0.404902857610501,0.742743509580882,-0.545144928750681,0.585653844205918,0.825763644492536
"PTI98_006668",13.6815637771478,-0.460372207960003,0.857468057796804,-0.536897210075548,0.591338618257362,0.825763644492536
"PTI98_009647",12.9438107800119,0.502951518888007,0.937598927402937,0.536425015204675,0.591664846683031,0.825763644492536
"PTI98_010656",14.7015728572981,0.610405097308988,1.12031680850119,0.5448504321966,0.585856389738002,0.825763644492536
"PTI98_001185",32.7491294378691,-1.00161471712233,1.87461720398507,-0.534303598085566,0.59313150324248,0.826103774103701
"PTI98_009455",19.8402655068148,-0.365883740534555,0.683732328820816,-0.535127161773334,0.592561928940631,0.826103774103701
"PTI98_000780",17.4502585220208,0.398843400525134,0.748626905070087,0.532766586164564,0.594195166602845,0.826732924902619
"PTI98_007536",19.5996474189922,-0.367425039402089,0.692518539934025,-0.530563469733378,0.59572131560276,0.828003598126882
"PTI98_011037",16.3145232339028,-0.386290082366445,0.734154180952949,-0.526170241058944,0.59876992855874,0.831385584257819
"PTI98_001352",13.7822430205026,-0.421267029191822,0.804880160344182,-0.523390996507704,0.600702188383931,0.832357596417119
"PTI98_010158",40.99411865484,-0.356849470358881,0.681415549866997,-0.523688475304876,0.60049523270279,0.832357596417119
"PTI98_008097",10.9714501269505,-0.458338429274852,0.879356676919126,-0.521220161630734,0.602213410655994,0.83359663708632
"PTI98_009758",55.6641046942639,0.838306233117731,1.61175452140264,0.520120292504712,0.602979735641863,0.83380309401449
"PTI98_003430",19.6382235977137,-0.430104254631882,0.832169830718392,-0.516846728582535,0.605263157245533,0.836081089766309
"PTI98_001679",23.0387525969466,0.338725443695605,0.656463642167191,0.515985078133752,0.605864831148199,0.836081089766309
"PTI98_004448",12.5808456713336,-0.444787111423945,0.863734989648074,-0.514957847898661,0.606582475825004,0.83621727024447
"PTI98_006950",63.5864494846952,-0.294007379387401,0.574123998773732,-0.512097351818369,0.608582877829997,0.837266260639843
"PTI98_010655",10.1738142061465,-0.46952326912263,0.915880222597537,-0.512647022545164,0.608198254139365,0.837266260639843
"PTI98_007588",12.2569674885377,0.394050597446336,0.772837144396732,0.509875334413342,0.610138803256436,0.83855292288855
"PTI98_011657",19.3725849852931,-0.357430706053725,0.7029039624925,-0.508505749186951,0.61109870823995,0.839018653284728
"PTI98_012078",12.8877387360905,-0.729894121839838,1.43883023716594,-0.507283001834536,0.611956263643011,0.839343058052495
"PTI98_004976",15.8963179419846,0.40437744908788,0.813853671778524,0.496867512072765,0.619282482831163,0.848530055075965
"PTI98_000882",11.0148993224018,-0.368657768861198,0.746676462475439,-0.493731605840361,0.62149574099747,0.850699844060367
"PTI98_003397",13.0471539270573,0.37910525770495,0.77691961039223,0.487959439604771,0.625578570978743,0.855421709911217
"PTI98_007351",12.2597494679826,-0.390530490349449,0.804302838838636,-0.485551550350551,0.627285154690286,0.855452926872133
"PTI98_006156",13.2703816728304,0.39991418965663,0.824018493179243,0.485321862272378,0.627448049793385,0.855452926872133
"PTI98_013137",14.7534999037045,-0.395851047007485,0.815771923406638,-0.485247206540798,0.62750099965232,0.855452926872133
"PTI98_000703",9.96236241336245,0.395998085095507,0.820931527491767,0.482376509896532,0.629538504938946,0.857365443722294
"PTI98_005027",46.7249086731375,0.303797005957702,0.633837738583954,0.47929775629392,0.631726818119921,0.858614618993977
"PTI98_011388",24.94140764167,-0.301866800788634,0.629660745389376,-0.479411815011531,0.631645689846526,0.858614618993977
"PTI98_002483",40.3391802274933,0.253344434234327,0.535413667743097,0.473175134475437,0.636088236278535,0.860147794662314
"PTI98_003243",272.666848273762,0.327482289796144,0.695038019908996,0.471171763868432,0.637518080782524,0.860147794662314
"PTI98_000564",60.1766940600194,-0.33504897466639,0.703399184559014,-0.476328352408376,0.633840469422549,0.860147794662314
"PTI98_004697",66.0770740285024,-0.293397511436517,0.625299739610636,-0.469210992506107,0.638918828957463,0.860147794662314
"PTI98_005621",15.1291643949158,0.375343214146899,0.799955928799117,0.469204865710989,0.638923207878699,0.860147794662314
"PTI98_007542",14.949328882427,-0.350648329110203,0.738205477914485,-0.47500098495723,0.634786271239886,0.860147794662314
"PTI98_006125",14.1274576264643,0.339055313137832,0.726017805770026,0.46700688391275,0.640494952946179,0.860147794662314
"PTI98_008611",88.9897450941722,0.269874772942943,0.576787083392049,0.467893232552688,0.639860943270712,0.860147794662314
"PTI98_009694",17.3749997618097,-0.331074670927035,0.706383229930689,-0.468689879514157,0.639291321968823,0.860147794662314
"PTI98_011172",12.9960072586364,-0.448113133221074,0.949667538168085,-0.471863168120379,0.637024459322236,0.860147794662314
"PTI98_012114",12.2020297462398,-0.491053334101195,1.04531921824534,-0.469763996997462,0.638523639413932,0.860147794662314
"PTI98_012180",33.4708507796383,0.335801252754339,0.715266772804899,0.469476935769718,0.638728767067064,0.860147794662314
"PTI98_006756",110.9265117719,-0.334181703200862,0.720202937893098,-0.46401046929701,0.642640244865767,0.861316439299257
"PTI98_010405",26.4780390207865,0.327769760321095,0.705297655581252,0.46472543574666,0.6421280908197,0.861316439299257
"PTI98_002900",10.0875891171336,-0.403077381955674,0.88095121633735,-0.457547903312412,0.647277279143163,0.862570681109567
"PTI98_003395",17.9459125919002,-0.337657616662395,0.738876534373631,-0.456987874095417,0.647679761246284,0.862570681109567
"PTI98_001188",12.2411756401001,0.358631896430102,0.782656950649995,0.458223613975776,0.646791796313903,0.862570681109567
"PTI98_001361",23.3129333201669,-0.312504977346977,0.688614921176351,-0.453816738117044,0.649960735284633,0.862570681109567
"PTI98_001894",12.3563920388941,0.402256738105889,0.886111452811851,0.453957272337954,0.64985958038879,0.862570681109567
"PTI98_005582",14.9145412751153,0.338948660558589,0.74424478104249,0.455426318319373,0.648802564795135,0.862570681109567
"PTI98_007014",9.93589401516953,-0.41630426725885,0.914484661319718,-0.455233734219303,0.648941093681753,0.862570681109567
"PTI98_010260",12.4046246422173,0.360900577701131,0.78266431822737,0.461117965002572,0.644713973398597,0.862570681109567
"PTI98_011112",75.1862102291873,0.323238553122195,0.711776884848865,0.454129039594801,0.64973595308127,0.862570681109567
"PTI98_012013",116.08746529983,-0.29366849568776,0.639277678845086,-0.459375488001238,0.64596454745113,0.862570681109567
"PTI98_002804",100.966200494043,-0.239027054460496,0.531045288368335,-0.450106722902899,0.652633489455787,0.8626333955149
"PTI98_001368",13.8758822960891,0.373403490004667,0.827022867985721,0.451503222533762,0.651626902996872,0.8626333955149
"PTI98_009088",14.7916746024549,0.357582626323182,0.795829991341326,0.449320370196776,0.653200565219647,0.8626333955149
"PTI98_010288",10.7277857191239,-0.370214098336801,0.818087861617755,-0.452535865285556,0.650882989804104,0.8626333955149
"PTI98_010885",15.5604891779738,-0.338175177617708,0.751307119160492,-0.450115763571605,0.652626970972493,0.8626333955149
"PTI98_010711",22.7811789293454,-0.47364408590117,1.05701385467118,-0.448096383796703,0.654083637756716,0.862956049423167
"PTI98_000936",12.049512305512,0.384944364379733,0.861952039883627,0.446596036168908,0.65516675810814,0.863541746540583
"PTI98_010208",13.1520495874435,-0.332982374519482,0.749173386640862,-0.44446636847647,0.65670543890574,0.864726167603951
"PTI98_008005",10.1083127636693,0.425892926215638,0.961293744616358,0.443041399781091,0.657735790059267,0.865239583612531
"PTI98_001841",10.7775759694989,0.37972521161437,0.859842658950155,0.441621740514718,0.658762949184138,0.865747805785769
"PTI98_006845",10.7549180850306,0.354144362879703,0.804019043854069,0.440467630197053,0.659598451762305,0.866003409456631
"PTI98_000896",11.8672911274374,0.411489720541235,0.938181009344536,0.438603762432501,0.66094867033951,0.866205743374479
"PTI98_001003",11.5222361546067,0.368703686913931,0.842526483057198,0.437616732919837,0.661664139331389,0.866205743374479
"PTI98_001143",14.3977139861744,-0.370709365032849,0.848891069590214,-0.436698391952459,0.662330095594615,0.866205743374479
"PTI98_001847",28.7689002188775,-0.319481625690648,0.733037853998079,-0.435832370658836,0.662958355772917,0.866205743374479
"PTI98_011087",26.221290221486,0.315327029815821,0.721775605764747,0.436876817805058,0.662200685024579,0.866205743374479
"PTI98_001366",13.3163871598084,-0.414073139369968,0.956759427784208,-0.43278710127679,0.665169444928521,0.866595859284182
"PTI98_010050",10.8719355843153,-0.483290225417987,1.11773139559543,-0.43238494268163,0.665461659929138,0.866595859284182
"PTI98_011177",10.2289988619379,-0.510859837892572,1.18266123517692,-0.431957878298219,0.665772027516233,0.866595859284182
"PTI98_012756",24.2950723075621,-0.270094072195255,0.625379713067433,-0.431888125808346,0.665822725341955,0.866595859284182
"PTI98_001765",41.6825874223152,0.253824949957295,0.591198633124532,0.429339541290565,0.66767614501385,0.867336992224722
"PTI98_010693",12.6946172977846,-0.331154105452298,0.769989868244323,-0.430075925813637,0.667140411590466,0.867336992224722
"PTI98_005391",46.165359419303,-0.263636704441609,0.617010166797345,-0.427280973034923,0.669174689635102,0.867771213014803
"PTI98_013462",18.0711262027432,-0.406904583190839,0.952679951045317,-0.427115719969091,0.669295043642801,0.867771213014803
"PTI98_003617",12.6324668480623,-0.327867033229692,0.770442608980539,-0.42555672467743,0.67043087953325,0.86841046812025
"PTI98_011355",13.5130828678576,-0.392058535758813,0.926901281061314,-0.422977660911096,0.672311559783178,0.869568117286908
"PTI98_012037",12.5325763779641,-0.326065028735017,0.771630925244027,-0.422566045589606,0.672611904193056,0.869568117286908
"PTI98_004488",48.2277068588981,0.319405396085983,0.758399413440833,0.421157229851815,0.673640273558991,0.870065018717205
"PTI98_004848",24.8604744455356,-0.279334874311972,0.670092115392734,-0.416860410524688,0.676780512444043,0.872452740755632
"PTI98_005620",18.7676897892839,0.362643229172832,0.86969503503945,0.416977462860166,0.676694892427532,0.872452740755632
"PTI98_001267",23.2014087083497,0.272386752638455,0.6663948991783,0.408746755076191,0.682725518048568,0.876011365393047
"PTI98_001539",10.2571201129625,0.372685854559237,0.911354897675894,0.408936030858722,0.682586606398204,0.876011365393047
"PTI98_005642",19.5905344025769,-0.292202136965832,0.715010526762997,-0.408668300715365,0.682783099747504,0.876011365393047
"PTI98_009865",61.0065138540006,-0.247126747848908,0.602520263435079,-0.410155081656496,0.681692188946157,0.876011365393047
"PTI98_010033",59.8342000089891,-0.226376297723804,0.549942715754932,-0.411636141798964,0.68060613693438,0.876011365393047
"PTI98_000197",10.1852250251535,0.331477236227451,0.827320369947155,0.40066369482553,0.688667743724305,0.878555355780487
"PTI98_005252",16.8755969647605,0.285302810538064,0.710673359015499,0.401454208067257,0.688085745793839,0.878555355780487
"PTI98_005382",26.4746757409485,-0.255855656079688,0.637355101507395,-0.401433448127377,0.688101027481644,0.878555355780487
"PTI98_008532",21.2850988323112,0.258311659436124,0.63808205500624,0.404825143427043,0.685606045478112,0.878555355780487
"PTI98_009707",94.3782103689614,-0.208714968285374,0.517165232339952,-0.403575018647383,0.6865252589561,0.878555355780487
"PTI98_011375",13.8387021812209,0.394758797119152,0.984452142457271,0.400993385146995,0.688424994071142,0.878555355780487
"PTI98_010039",29.8830658130364,0.266192306491189,0.674025792776371,0.394928961686643,0.692895315381886,0.882282347861383
"PTI98_011922",15.1372495149317,-0.50163501422713,1.2685014532758,-0.39545482027766,0.692507258217172,0.882282347861383
"PTI98_011268",14.76000262001,-0.309946149102822,0.787308495042185,-0.393678146564664,0.693818677662862,0.88262620858995
"PTI98_001647",37.7460509379311,0.282693951888753,0.726756326486704,0.388980379786106,0.697290660365472,0.884363190495098
"PTI98_007512",10.4443740408683,0.413054219940216,1.06046618295891,0.38950249105324,0.696904468266735,0.884363190495098
"PTI98_010708",27.9050521167645,-0.322918846146538,0.829570537482026,-0.38926026366207,0.697083627796143,0.884363190495098
"PTI98_010713",16.203700972927,0.328001049455888,0.844735247944037,0.388288579474096,0.697802487836991,0.884363190495098
"PTI98_007449",13.5617146576761,-0.313663548307404,0.818872936632785,-0.383043002492172,0.701687879768872,0.888453913371833
"PTI98_001223",78.1711695077586,0.230466089069557,0.606679618474906,0.379881047675396,0.704033716380613,0.889893825327821
"PTI98_011639",120.949366404968,-0.157082022616355,0.413662732126578,-0.379734528679486,0.704142486510319,0.889893825327821
"PTI98_001375",10.2791059038052,0.337607154703233,0.895100913722813,0.377172170788086,0.706045660151012,0.891465127910296
"PTI98_003304",379.052337586152,-0.195763922265553,0.523531400707486,-0.373929666875766,0.708456643923423,0.89209645247023
"PTI98_003811",66.713200087403,0.214083099724648,0.57410103934005,0.372901432073254,0.709221806133141,0.89209645247023
"PTI98_003884",27.2159400908646,-0.293184453244758,0.788000624529263,-0.372061194012252,0.709847288235009,0.89209645247023
"PTI98_001076",10.1615389661995,-0.424199365767296,1.1371619071116,-0.373033394026332,0.709123590053289,0.89209645247023
"PTI98_007495",20.9509847842988,-0.254486219072658,0.682091759244406,-0.37309675072833,0.709076436914956,0.89209645247023
"PTI98_006370",38.6929386508927,-0.208477481971358,0.56401523988518,-0.369630937656577,0.711657496280238,0.893540220701303
"PTI98_003149",13.1078253535012,-0.274851698702465,0.752013417043407,-0.36548775922518,0.714747342497379,0.894095981216629
"PTI98_003280",10.0417966181502,-0.369649394599314,1.00445100571675,-0.368011373870387,0.712864753318395,0.894095981216629
"PTI98_006471",14.4734858628165,-0.264695945868197,0.721203345483366,-0.367019853035751,0.713604209265989,0.894095981216629
"PTI98_010147",15.9131428815239,-0.257460795783208,0.703411900274561,-0.366017116973304,0.714352303024997,0.894095981216629
"PTI98_001678",11.7967923631777,0.275242834305612,0.763994351456269,0.360268153528838,0.71864661234866,0.895100678091611
"PTI98_007454",13.2719298558951,0.256743746008672,0.710520059957341,0.361346231412645,0.717840637378645,0.895100678091611
"PTI98_007936",22.5966329062476,-0.241490456207602,0.665956080785838,-0.362622195629838,0.716887127558969,0.895100678091611
"PTI98_007073",10.8366567173206,0.293324738542116,0.812736909317625,0.360909828481141,0.71816685603608,0.895100678091611
"PTI98_010243",19.9201819884721,-0.245927103067875,0.683171711156373,-0.359978463762216,0.718863238881864,0.895100678091611
"PTI98_004877",10.2123571344781,-0.30123843327263,0.843621836044908,-0.357077567698941,0.721033737348636,0.896976592226526
"PTI98_003037",105.429893413353,0.18947560111752,0.545346412285072,0.347440813488792,0.728260176040689,0.897439706860079
"PTI98_001269",13.5201593731422,-0.313326243487617,0.898129738471298,-0.348865236353189,0.727190484814767,0.897439706860079
"PTI98_001549",13.6424492915148,0.255471268715105,0.723191514556899,0.353255346022184,0.723897018874384,0.897439706860079
"PTI98_001870",24.354722573241,-0.210929551011824,0.607205242794913,-0.347377684093987,0.7283075962531,0.897439706860079
"PTI98_005263",46.8812707257731,0.230099617538362,0.652048223265811,0.352887423549594,0.724172839620661,0.897439706860079
"PTI98_007388",13.2148518031362,0.275932281993646,0.792591343447412,0.34813940913544,0.727735489116659,0.897439706860079
"PTI98_007810",10.4469179076854,-0.309448674311683,0.892199602817962,-0.346837942243313,0.728713070633239,0.897439706860079
"PTI98_006211",13.5075889262043,-0.332556415718094,0.955735142137616,-0.347958760807196,0.727871154544701,0.897439706860079
"PTI98_008547",14.876089500448,-0.386893186560381,1.11315808039959,-0.347563561162399,0.728167975999627,0.897439706860079
"PTI98_008877",21.3199901717024,0.227438188621663,0.640448959022951,0.355123051442906,0.722497408133581,0.897439706860079
"PTI98_011081",11.8206205647367,0.298151023464005,0.845366042230727,0.352688668067684,0.724321855709421,0.897439706860079
"PTI98_003294",18.6636697786874,-0.24572552239599,0.717191962286441,-0.342621690310926,0.73188308220182,0.899489185664206
"PTI98_001422",45.1222935635593,0.169138908698107,0.494603799841934,0.341968478107448,0.732374614530442,0.899489185664206
"PTI98_006642",13.874644907896,0.258114076380482,0.754348685620737,0.342168126359344,0.732224370572113,0.899489185664206
"PTI98_012755",72.8954481392151,-0.203320010839884,0.606834601003326,-0.335050128162962,0.737587272545372,0.904247191659525
"PTI98_013574",11.8190032813426,0.310894578460343,0.925879196744256,0.33578309087575,0.737034442121001,0.904247191659525
"PTI98_003545",21.333641754857,-0.295238552156117,0.892384859250297,-0.33084217991344,0.740763698330906,0.907310331533929
"PTI98_005634",92.9010851680401,-0.204535598993377,0.621551069728957,-0.32907287744283,0.742100604252399,0.907310331533929
"PTI98_007697",11.3523628079341,-0.276286445725772,0.839423244438982,-0.329138426361334,0.742051060800859,0.907310331533929
"PTI98_001186",35.0487157024515,-0.216554583316078,0.661463897617839,-0.327386852246912,0.743375309435904,0.908047055197022
"PTI98_001196",59.8026873958212,0.189031942939492,0.583002712589775,0.32423853072619,0.745757453104748,0.90849262321417
"PTI98_001301",30.4976798306656,0.204842497374965,0.631658874734906,0.32429291436922,0.745716283594211,0.90849262321417
"PTI98_006304",36.9781172033117,0.177252819161525,0.546080063743815,0.324591265878331,0.745490438427538,0.90849262321417
"PTI98_001928",10.6855817837228,-0.379407958487527,1.17365993644486,-0.323269071990984,0.746491474561754,0.908567551471108
"PTI98_003392",12.4957371733289,-0.27757298278368,0.863139791835505,-0.321585200229743,0.74776695723482,0.908613011150013
"PTI98_011447",15.384948361153,-0.285182026601678,0.887190307081049,-0.32144402877885,0.7478739218348,0.908613011150013
"PTI98_003315",42.6393982650704,0.180839557520799,0.567456739271275,0.31868430667161,0.749965916122541,0.910272925728367
"PTI98_000996",20.578897959648,-0.188862763903667,0.59416128414096,-0.317864473745921,0.750587741866322,0.910272925728367
"PTI98_002463",29.5922385901714,-0.244089163072098,0.770559460272526,-0.316768757839623,0.751419071934011,0.910463826172959
"PTI98_003342",53.6729751152247,-0.19767159530327,0.62598427737736,-0.315777252635545,0.752171585105574,0.910558970858092
"PTI98_003582",14.5171010641457,0.230420158600539,0.7340182572342,0.313916113570211,0.753584751704851,0.911452998704793
"PTI98_004720",29.7013746910996,-0.182166940947367,0.587085219379505,-0.310290456877625,0.756340087583325,0.913967315138705
"PTI98_011921",15.866306937187,-0.219111122910018,0.714763001323773,-0.306550734305237,0.75918535744652,0.916585717524798
"PTI98_002708",11.2092739405738,0.26718759316567,0.874738400285531,0.305448569627736,0.760024534842606,0.916779595153894
"PTI98_002647",20.8610574430532,-0.199353019082626,0.661920397327835,-0.301173705912995,0.7632820391591,0.917585951582298
"PTI98_000720",13.5208953346414,-0.220456554043352,0.736757771312603,-0.299225284927213,0.764768158017518,0.917585951582298
"PTI98_001391",111.529869572593,-0.168591143057919,0.559181456781867,-0.301496305024444,0.763036067170493,0.917585951582298
"PTI98_007726",11.4633847045705,-0.259844434208344,0.863675308373753,-0.300858935862848,0.763522064763726,0.917585951582298
"PTI98_006477",21.6741290529739,0.296427079971507,0.990246494093096,0.299346760366959,0.764675479687051,0.917585951582298
"PTI98_013487",35.0705552394708,-0.201559219769812,0.67285415069122,-0.299558558957764,0.764513898377983,0.917585951582298
"PTI98_000195",12.6841798380506,-0.268885690703452,0.905561223426782,-0.296927125132354,0.766522146711959,0.918874374629864
"PTI98_003352",17.0022482065683,-0.196295664805244,0.671545805168646,-0.292304208133573,0.770054041625188,0.921271455936869
"PTI98_000819",24.7482132093736,-0.164542588823178,0.562962453459653,-0.292279863092096,0.770072653866953,0.921271455936869
"PTI98_005897",22.3246872049164,0.199122038581284,0.682783856364901,0.291632610708457,0.770567539014553,0.921271455936869
"PTI98_003349",14.555451761658,-0.212461236360063,0.743729903562081,-0.285669885455034,0.775130971834555,0.923609767382547
"PTI98_004615",20.9985588246727,-0.200233205706897,0.701332077178735,-0.285504131669522,0.775257939460998,0.923609767382547
"PTI98_006773",16.4037451664263,-0.325300165476181,1.13226516584482,-0.287300338550524,0.773882363454898,0.923609767382547
"PTI98_012782",43.1727278748749,-0.238503521197158,0.83025254210088,-0.287266234191402,0.773908474750793,0.923609767382547
"PTI98_003406",53.3305046767737,-0.212548517184249,0.749677098456654,-0.283520088344459,0.77677818486541,0.924605575112924
"PTI98_002899",12.2140304695196,0.230256722328923,0.815322576162725,0.282411807376431,0.777627762353327,0.924802030756466
"PTI98_005555",133.8893219589,-0.188203782567385,0.671961647437947,-0.280081137494927,0.779415255888411,0.926098174477382
"PTI98_006530",13.7060330405787,-0.26480712375372,0.948449346625213,-0.279200069772793,0.780091290095212,0.926098174477382
"PTI98_008699",65.1901431172612,0.148708378626401,0.534325663941736,0.278310380095493,0.780774108608244,0.926098174477382
"PTI98_002519",22.9389142311124,-0.184564661532905,0.694276449685565,-0.265837421990179,0.790364421262061,0.927575445623997
"PTI98_002809",17.9973824454556,-0.209275892051056,0.817617616314891,-0.255958149476145,0.79798315292238,0.927575445623997
"PTI98_000206",93.0572045766128,-0.161434105408736,0.614691373206046,-0.262626274656733,0.792838646497687,0.927575445623997
"PTI98_000288",12.4546928824235,0.232167094786947,0.862979647351002,0.269029629493124,0.787906881894046,0.927575445623997
"PTI98_000573",12.942948258169,-0.188513156687105,0.724298744872242,-0.260269892805567,0.794655594570131,0.927575445623997
"PTI98_000705",30.7763083156334,-0.331312233083295,1.21960019201022,-0.271656429093542,0.785886206260912,0.927575445623997
"PTI98_000912",11.33752001167,-0.287125558363195,1.05156376512981,-0.273046264890793,0.784817652024988,0.927575445623997
"PTI98_001520",11.3611995921772,0.21194367233056,0.782620780129452,0.27081273295031,0.786535066230978,0.927575445623997
"PTI98_001793",21.7746713030475,-0.284040011748888,1.04182674313292,-0.272636514296745,0.785132640514318,0.927575445623997
"PTI98_001817",42.9422812196042,-0.186081871767159,0.693155427922782,-0.268456199390663,0.788348185597273,0.927575445623997
"PTI98_007589",12.6652065094233,-0.20067651752755,0.788565543072257,-0.254482990400155,0.799122443336709,0.927575445623997
"PTI98_007704",92.3156279641665,-0.148159381696318,0.571057938357239,-0.259447197463935,0.795290217709361,0.927575445623997
"PTI98_007938",21.896894902028,-0.230546287080479,0.895245786414862,-0.257522895476263,0.796775143119198,0.927575445623997
"PTI98_005735",13.3941211131626,-0.193645143743299,0.732776150525072,-0.264262344789118,0.791577773675875,0.927575445623997
"PTI98_006699",16.8897288237893,-0.210992308583235,0.823301160628897,-0.256275976122837,0.797737746239025,0.927575445623997
"PTI98_006943",13.4518187574408,-0.218421337246672,0.820278961842265,-0.266276897747225,0.790025963945348,0.927575445623997
"PTI98_008398",56.9554641999508,0.156590049207206,0.586991570401979,0.26676711745617,0.789648473475099,0.927575445623997
"PTI98_008746",32.615568278956,0.148254181549046,0.582753098175293,0.254403077415217,0.799184173727856,0.927575445623997
"PTI98_010312",20.2043684205116,-0.193732742052917,0.750341965806327,-0.258192598683628,0.796258269723871,0.927575445623997
"PTI98_011095",21.8232741297384,-0.2122460099392,0.789770306963726,-0.268743972858616,0.788126710702309,0.927575445623997
"PTI98_011777",20.2338260971104,0.165479490389208,0.638710156256523,0.259083856375609,0.7955705403887,0.927575445623997
"PTI98_012545",104.647697875574,-0.176408879622423,0.672332213701562,-0.262383500340098,0.79302579202044,0.927575445623997
"PTI98_012670",46.8392792111485,0.151011075488169,0.575834022878242,0.26224757393347,0.793130577744066,0.927575445623997
"PTI98_012796",41.8536154789784,-0.138322911609698,0.527065156817585,-0.26243987070762,0.792982337176753,0.927575445623997
"PTI98_012854",14.9772760531299,-0.18690805562099,0.726115269892957,-0.257408242700287,0.796863640469266,0.927575445623997
"PTI98_006541",41.0484388616223,0.191773867724903,0.756646820015731,0.253452287978843,0.799918726325562,0.927590963820042
"PTI98_008806",29.8500144250378,0.189374610815654,0.749676223197686,0.252608532798188,0.800570735613745,0.927590963820042
"PTI98_001792",202.556937377829,-0.150473764062893,0.600387883750924,-0.250627582826635,0.802102054197887,0.928568873368762
"PTI98_005181",165.768077962617,-0.10295002701125,0.412325640414767,-0.249681360847921,0.802833773646682,0.928620229620435
"PTI98_005231",19.5950048778286,0.162874973803814,0.656611157100784,0.248053923608268,0.804092685228996,0.928801664830878
"PTI98_010955",16.1203401879601,-0.178086481052082,0.718956925754477,-0.247701183023166,0.804365616470856,0.928801664830878
"PTI98_001637",15.2464514919098,-0.23088855668212,0.935912050169709,-0.246698989120028,0.805141188954953,0.928903284609856
"PTI98_005204",15.2607614280329,0.165207386975585,0.677188122843136,0.243960845447157,0.807261144605164,0.93002995459895
"PTI98_005258",15.7146691804963,-0.193450899678802,0.796845803776477,-0.242770808055942,0.808182950924624,0.93002995459895
"PTI98_007075",16.1551379545756,0.175173800701757,0.721164226386983,0.242904173962391,0.808079632042345,0.93002995459895
"PTI98_008161",36.2417886276862,-0.263686370540478,1.09701493818842,-0.240367164895606,0.810045630723489,0.931380125197815
"PTI98_001405",39.5387743987771,-0.134794199211567,0.570544187485007,-0.236255494610764,0.813234419590835,0.931686183154646
"PTI98_001570",13.1527400999315,-0.198174174142876,0.842279443214479,-0.235283166102883,0.813988959928848,0.931686183154646
"PTI98_001833",12.1565762647232,-0.182234877782148,0.774997712027151,-0.235142471976438,0.814098154825631,0.931686183154646
"PTI98_005325",19.149589795953,-0.177957248532027,0.754759707017746,-0.235780006374721,0.81360338341092,0.931686183154646
"PTI98_006800",59.4686294659238,0.16610281831082,0.701678462947574,0.236722127130801,0.812872367820758,0.931686183154646
"PTI98_010114",19.045554431171,-0.155615285703071,0.663068226789461,-0.234689703737655,0.814449579796919,0.931686183154646
"PTI98_009077",21.6047805146868,-0.149918544076975,0.644156773844731,-0.232736113573978,0.815966324544017,0.932631560455978
"PTI98_008113",29.6396041421553,0.154199038520905,0.665633420567867,0.231657596743496,0.816803968371188,0.932799798199049
"PTI98_003579",15.3533864694158,-0.213558738585762,0.927638390806479,-0.230217658844517,0.817922640584908,0.932959983886588
"PTI98_006253",15.5567644598738,-0.176238574896187,0.76725750272851,-0.22969938289225,0.818325374467511,0.932959983886588
"PTI98_007390",11.6541492729788,0.192108209603274,0.845039914783338,0.227336255060247,0.820162283571092,0.934265805315805
"PTI98_008017",14.1349023489112,0.182705645893507,0.815077174423244,0.224157480575739,0.822634767201687,0.935504688964208
"PTI98_009722",23.565513066098,0.12980318606678,0.578085397091079,0.224539811453374,0.82233729258788,0.935504688964208
"PTI98_006322",19.5347684425343,0.178082478118251,0.802583840788969,0.221886448577372,0.824402280067417,0.936726224029504
"PTI98_011953",52.2803026773812,-0.117800744419008,0.536540403377419,-0.219556148385983,0.826216846543618,0.937999125781872
"PTI98_004553",44.6178481588257,-0.138385346112283,0.639306557890427,-0.216461640201102,0.82862792301282,0.938520887283761
"PTI98_009981",21.5421827474257,-0.157687986628612,0.72677368245329,-0.216969863433032,0.828231830991019,0.938520887283761
"PTI98_013448",18.5287693010457,-0.260091694933163,1.20250505760444,-0.216291560096472,0.828760487438584,0.938520887283761
"PTI98_006688",18.0538431632485,-0.183292254541693,0.85556039391681,-0.214236488557599,0.830362642824505,0.939547680448833
"PTI98_002434",15.0682699827366,0.14432676719188,0.679139961283024,0.212514025708661,0.831706036740128,0.940280213921266
"PTI98_013639",84.451649013341,0.104633568680675,0.495740414670139,0.211065238145447,0.832836365109728,0.940770843865588
"PTI98_001508",22.1320584896798,-0.152340566934906,0.728905126844862,-0.20899917057015,0.834448886108901,0.941804883152151
"PTI98_002652",13.4889305510381,0.158899642123669,0.789383795954296,0.201295799252598,0.840467287052449,0.941969764123758
"PTI98_002681",14.571602011244,0.138649835375671,0.704941102216998,0.196682864624612,0.844075720217894,0.941969764123758
"PTI98_003413",42.5673076634583,0.135959455248936,0.690863170047523,0.196796502033223,0.843986788563321,0.941969764123758
"PTI98_000549",15.1893671065689,0.151738517711014,0.766570264084095,0.197944695770729,0.843088333814937,0.941969764123758
"PTI98_000608",19.4180063775495,0.142985914884429,0.705227933390156,0.202751349052597,0.839329385868225,0.941969764123758
"PTI98_000875",25.3099244268495,0.143162912929851,0.704053418690506,0.20334098113766,0.838868526232582,0.941969764123758
"PTI98_001316",18.1625727029574,-0.154552079277295,0.790196502268058,-0.195586893682385,0.844933519477038,0.941969764123758
"PTI98_001334",12.5270734734114,0.164409859797804,0.840861716261018,0.195525443266546,0.844981621207018,0.941969764123758
"PTI98_004981",59.7271670238822,0.126031735294707,0.616536841534486,0.204418822695217,0.838026222348764,0.941969764123758
"PTI98_008121",29.9516877461727,0.128745323104971,0.651955642574712,0.197475586830613,0.843455384157458,0.941969764123758
"PTI98_006317",42.8458877044399,-0.112525192709928,0.576952158807069,-0.195033835981462,0.845366458937262,0.941969764123758
"PTI98_006713",13.8896524351283,-0.155838879998761,0.785106685151418,-0.198493889997518,0.84265866472547,0.941969764123758
"PTI98_010144",12.8584606963465,-0.17496797462863,0.857429724477884,-0.204061008889298,0.838305823583534,0.941969764123758
"PTI98_010211",13.7169768942446,-0.175881773408349,0.871717978302816,-0.201764535992226,0.840100807502172,0.941969764123758
"PTI98_012725",66.4392540691043,0.116230809299236,0.567976149875572,0.204640299288445,0.837853167362319,0.941969764123758
"PTI98_012802",18.1821939390884,-0.161068533292971,0.827933167613887,-0.194542916739491,0.845750794879436,0.941969764123758
"PTI98_010048",15.8541140930513,0.135822851564327,0.704534413455929,0.192783842733926,0.847128257751189,0.942726751418333
"PTI98_000955",41.1282524728238,0.113086261436212,0.589790811042836,0.191739612280936,0.847946175518152,0.942860315329237
"PTI98_010044",16.5928024957411,0.134156932845864,0.717175958349879,0.187062786034463,0.851611405517471,0.946157079649756
"PTI98_013637",31.1574053445408,0.111227012049219,0.607757485974383,0.183012162936824,0.854788475154576,0.948906515968638
"PTI98_000565",17.6186028599596,-0.142228210223438,0.785087445739068,-0.181162252683262,0.85624022230178,0.948958605684746
"PTI98_012511",13.5204820434784,0.124343293055967,0.684599749438333,0.181629182829796,0.855873745177499,0.948958605684746
"PTI98_001537",83.9471640291945,-0.100139671823459,0.56080084985288,-0.1785654780119,0.858278903310499,0.949659949527014
"PTI98_005481",16.96576767705,-0.124738809667092,0.697906027673615,-0.17873295933966,0.858147388069827,0.949659949527014
"PTI98_003389",44.4306509014121,-0.0990009647024885,0.57585619484609,-0.171919596573844,0.863500740125621,0.951850987887476
"PTI98_003625",49.7695180987263,-0.128034277663325,0.75087295455697,-0.170513902366969,0.864606001956548,0.951850987887476
"PTI98_004837",15.1674366269746,0.119713064631753,0.705148302796877,0.169770052848355,0.865190979367743,0.951850987887476
"PTI98_007523",11.7074508451161,-0.138487001923707,0.801915954163407,-0.172695157397364,0.862891050438644,0.951850987887476
"PTI98_006325",37.6215221034285,0.101688136467907,0.596440245628373,0.170491741986281,0.864623428230803,0.951850987887476
"PTI98_010156",40.6283251602354,0.108582282987617,0.638914237557232,0.169948134827549,0.865050925573734,0.951850987887476
"PTI98_010946",22.9583973888721,-0.110964275803191,0.634501437704307,-0.174884199166942,0.861170626171207,0.951850987887476
"PTI98_010775",14.9621643764891,-0.137760048207012,0.81667118840112,-0.168684839337505,0.866044544342058,0.952014792031017
"PTI98_005824",13.4617070118325,0.139078124120766,0.834645329026394,0.166631405321586,0.867660081286914,0.953015260015139
"PTI98_007760",16.0789177824982,-0.117527207872167,0.729550141530223,-0.161095449348628,0.872018224328339,0.957024062605675
"PTI98_006006",198.570276335779,-0.159867861170387,1.00363097496528,-0.159289485037981,0.87344080471311,0.957807246077444
"PTI98_006191",16.548835994915,-0.112361267447574,0.712329411828911,-0.157737790384206,0.874663420830719,0.958370058022953
"PTI98_000011",21.1031462284189,-0.119993944543392,0.782535078300024,-0.15334001998232,0.878130142457177,0.959880394991576
"PTI98_006878",24.9866658997344,0.103699037095278,0.674544896826459,0.153731853258622,0.877821168054895,0.959880394991576
"PTI98_011717",11.5538813473555,0.119497182554748,0.779602728685285,0.153279584790919,0.878177799397605,0.959880394991576
"PTI98_012059",17.435592240048,-0.108527972657666,0.712199094514029,-0.152384317101274,0.878883825762087,0.959880394991576
"PTI98_001396",20.9169527259296,-0.1003815520898,0.680040374283082,-0.14761116528651,0.882649643012012,0.96243718136338
"PTI98_005095",43.1342803027134,-0.0998728933370611,0.675941061028113,-0.147753848812134,0.882537032771751,0.96243718136338
"PTI98_002435",51.3082739666945,-0.13304190027642,0.912070427146368,-0.145868012290096,0.884025583942731,0.963160132182766
"PTI98_005797",43.1912302826009,-0.0890898760194681,0.620178519178914,-0.143651986104612,0.885775287370475,0.963321546712
"PTI98_008951",18.2086031877992,-0.104239630115696,0.729094912918518,-0.1429712761243,0.886312866441906,0.963321546712
"PTI98_011296",18.6881617126522,0.114080534243007,0.79232065595028,0.143982784477812,0.885514063973562,0.963321546712
"PTI98_004489",20.0909039993692,-0.106285791773988,0.751700889470788,-0.141393728892373,0.887558908120515,0.963900389767536
"PTI98_006138",49.825932492312,-0.078505247122372,0.5621963056597,-0.1396402757045,0.888944216957337,0.964629427397078
"PTI98_010909",13.8284572331045,-0.108543107853067,0.784087782489773,-0.138432341731434,0.889898738067236,0.964890204758295
"PTI98_001319",86.9099987739344,-0.081198894225597,0.602770220527368,-0.134709531858683,0.892841536556065,0.965861442283444
"PTI98_001712",68.4927119278382,0.0720184470253842,0.533540824748918,0.134982073882117,0.892626047577284,0.965861442283444
"PTI98_002067",18.9991235106567,0.103202802506738,0.772003291054545,0.133681816777963,0.893654184200078,0.965861442283444
"PTI98_011778",14.1275945459224,0.107580794684886,0.800146887284175,0.134451306871957,0.893045712878558,0.965861442283444
"PTI98_002980",39.7005603704259,0.0853768730008834,0.654286689176508,0.130488476096525,0.896179970932286,0.966290959199697
"PTI98_007471",23.8381607541946,0.0875316040806774,0.670912213380787,0.130466553350695,0.896197314490911,0.966290959199697
"PTI98_006915",53.9873848758258,-0.0747111832533129,0.571526471596652,-0.13072217467827,0.895995090012234,0.966290959199697
"PTI98_002756",25.4224347931815,0.101459304098406,0.794667342337805,0.127675190224788,0.898406024713004,0.966748502835807
"PTI98_008062",26.1750525304159,-0.074273673740753,0.583833095729034,-0.127217306254294,0.89876840826186,0.966748502835807
"PTI98_006839",17.9111533044361,0.107225325158801,0.837846275057313,0.127977325138154,0.898166917385985,0.966748502835807
"PTI98_001367",373.274694110763,-0.0684426954940961,0.555084298583911,-0.123301443886455,0.901868397503,0.967100953356973
"PTI98_004982",43.0130754344051,-0.0813613742787954,0.652147614670968,-0.124759138036325,0.900714237693647,0.967100953356973
"PTI98_006149",91.0910538672999,0.0836422181680017,0.684007997883645,0.122282514863561,0.902675279188115,0.967100953356973
"PTI98_010272",21.0952224201801,0.0734289469297795,0.589268863407952,0.124610261104097,0.900832104534008,0.967100953356973
"PTI98_011099",50.9048811901454,0.0940274046145669,0.76479133935414,0.122945174423618,0.902150512937713,0.967100953356973
"PTI98_005284",105.916552981042,-0.0717794879396426,0.619053937183814,-0.115950297103642,0.907691933165403,0.971705072667559
"PTI98_002893",44.7348811630664,-0.0650848013526429,0.572594249604859,-0.113666529829032,0.909502145843029,0.972084356790525
"PTI98_001457",19.8537544428926,-0.126501404387819,1.13327394556239,-0.111624735469448,0.911120958521252,0.972084356790525
"PTI98_006611",14.2032457126407,0.0982937766099211,0.878126593083552,0.111935770291116,0.910874334226782,0.972084356790525
"PTI98_008838",29.8176664984891,-0.0904013068912138,0.792823603650572,-0.114024489779264,0.909218380014297,0.972084356790525
"PTI98_012433",10.7317135252443,0.0864333993155746,0.778922909694422,0.110965280697012,0.911643878648109,0.972084356790525
"PTI98_010293",28.8169120085235,-0.068998758781174,0.632838612930746,-0.109030576471358,0.913178238379577,0.972952523699376
"PTI98_002867",18.2513855241257,0.0879023065358746,0.823566452488327,0.106733714407971,0.915000235143242,0.974125545845958
"PTI98_010962",19.7220285200046,-0.0837122563681746,0.79606885313716,-0.105157055245008,0.916251186675158,0.974689254486723
"PTI98_000827",69.9479210553175,0.0577286045056393,0.574852516846906,0.100423330878472,0.920008248028357,0.975354581570686
"PTI98_001332",93.3501181166974,-0.0627561189335646,0.62189732156165,-0.100910740017303,0.9196213173301,0.975354581570686
"PTI98_008528",42.2508379191912,0.0599367883846281,0.596981485621147,0.10039974409301,0.920026972925308,0.975354581570686
"PTI98_009804",31.5214904377062,-0.0699681374792294,0.700935505848238,-0.099821077539163,0.920486374169226,0.975354581570686
"PTI98_012742",27.7146728437137,-0.0603951775831569,0.600056738378514,-0.100649111526283,0.919829009259285,0.975354581570686
"PTI98_002242",21.1289567945925,0.0699550415386403,0.718191344720473,0.0974044619903732,0.922405201424651,0.975857029854897
"PTI98_006672",134.075479266095,-0.0407419485814331,0.415957355820645,-0.0979474169919487,0.92197404766083,0.975857029854897
"PTI98_002744",19.325690349025,0.0622289856998494,0.739820334062797,0.0841136460228292,0.932966075137006,0.976386909454546
"PTI98_002857",31.9198118746618,0.0474504854225723,0.570928607080899,0.0831110664872478,0.933763226507408,0.976386909454546
"PTI98_003367",15.8819562207022,0.0588810911569408,0.732303622842106,0.080405298185499,0.935914913207725,0.976386909454546
"PTI98_001137",21.5930504645952,0.0679498966940993,0.750605383021077,0.0905267910824339,0.927868605148368,0.976386909454546
"PTI98_001347",16.5529588684944,0.0804162207780827,0.936621639113781,0.0858577438528662,0.931579502939519,0.976386909454546
"PTI98_001475",28.8651780710303,-0.0532961878283432,0.576593122611681,-0.0924329232144462,0.926354082444796,0.976386909454546
"PTI98_001552",39.3035685448024,0.0452689381641714,0.551037272108279,0.0821522253675719,0.93452566359965,0.976386909454546
"PTI98_001596",32.8711430465764,-0.0506725886083361,0.619875193755906,-0.0817464372163438,0.934848350344518,0.976386909454546
"PTI98_001954",32.5166660434264,0.0450511364527334,0.557477658965548,0.0808124518143561,0.935591105344281,0.976386909454546
"PTI98_004345",49.8747335706785,-0.0485253595427643,0.564098887619967,-0.0860227889253627,0.931448301429626,0.976386909454546
"PTI98_007705",187.465961417288,-0.0562430763819013,0.618523425502744,-0.0909311985009884,0.927547260056917,0.976386909454546
"PTI98_007798",19.1827689677656,-0.0762142895829585,0.867451554199223,-0.0878599954245453,0.929987952622825,0.976386909454546
"PTI98_006685",10.571480526405,0.0763479270081201,0.835686892822818,0.0913594884206319,0.927206950640666,0.976386909454546
"PTI98_008694",14.7901421085677,-0.0679390922159851,0.814800865499491,-0.0833812224467103,0.933548418830042,0.976386909454546
"PTI98_010336",20.3780363598925,0.0658163124054303,0.700898074685431,0.093902829501949,0.925186346154243,0.976386909454546
"PTI98_011595",15.135185805779,-0.113230413859754,1.3334542496664,-0.0849151096770519,0.93232887938932,0.976386909454546
"PTI98_011716",19.1792811571757,0.0576803855321026,0.670798999250458,0.0859875843532174,0.931476286919747,0.976386909454546
"PTI98_013003",11.4725201685933,-0.0910207717978878,1.07973504145627,-0.0842991736890611,0.932818569365888,0.976386909454546
"PTI98_010089",10.3859501242274,-0.0846381231018559,1.06937040940562,-0.0791476202795808,0.936915206779818,0.976676268795937
"PTI98_002311",20.5813078166999,-0.0608436392300941,0.792917540313589,-0.0767338798004534,0.938835251804532,0.977044395396035
"PTI98_000714",48.9514265861086,0.0406970444263824,0.537230254115704,0.0757534485718249,0.939615252306681,0.977044395396035
"PTI98_001312",14.3775118909672,-0.0495482819289417,0.653491994711979,-0.0758207940263747,0.93956167250226,0.977044395396035
"PTI98_005784",21.1042606333754,-0.0883413006366325,1.1768277071075,-0.0750673187783491,0.940161150270056,0.977044395396035
"PTI98_006583",41.8546946974168,0.0426121365442062,0.585295576635954,0.0728044739191842,0.941961710734732,0.978163160032762
"PTI98_000738",29.8355585982143,-0.041243089430558,0.59657470011966,-0.0691331520131268,0.944883632655959,0.980443769368817
"PTI98_001075",21.5480233686527,0.0467628550933647,0.74793034776942,0.0625230079683586,0.950146340071848,0.983239137161154
"PTI98_004542",73.8867796450395,0.0345395180832463,0.537717015342694,0.0642336342308859,0.948784196439658,0.983239137161154
"PTI98_007916",16.7638475087567,-0.0535553223572254,0.862501548781058,-0.0620930158710013,0.950488758795312,0.983239137161154
"PTI98_008447",12.9614134151302,0.0485869883113454,0.778727877825874,0.062392768635682,0.950250053534636,0.983239137161154
"PTI98_006449",71.448324001954,0.0399763660889223,0.67118626655881,0.0595607629069679,0.952505469523907,0.984571453195714
"PTI98_003157",13.0197513080964,-0.0447753733560023,0.798091734923326,-0.0561030410373865,0.955259721358792,0.985157163019639
"PTI98_000595",21.4546168973876,0.0445346803837837,0.782960238798948,0.0568798748351505,0.954640885909089,0.985157163019639
"PTI98_005568",19.278925493391,0.0505889344074827,0.880120170966375,0.0574795761718947,0.954163175060059,0.985157163019639
"PTI98_006376",15.9653108474432,-0.0413441976736527,0.775097115225771,-0.0533406677195669,0.957460478151018,0.986673612495824
"PTI98_005324",15.9846941503172,0.0338367839766975,0.676258388262958,0.0500352891201999,0.960094266877716,0.988633654383989
"PTI98_003716",71.0215648855615,0.0225412977228241,0.624488825083679,0.0360955982195576,0.971206132154421,0.988911615885771
"PTI98_000747",90.8443589639876,0.0247415115871395,0.550185702586081,0.0449693830116722,0.96413171307315,0.988911615885771
"PTI98_000820",81.4655367957341,-0.0217361190304375,0.519792937819264,-0.0418168802400992,0.966644678297405,0.988911615885771
"PTI98_001321",19.4729208197987,0.025207479662005,0.694492040140672,0.0362962830458058,0.971046113688366,0.988911615885771
"PTI98_004991",26.6956349029861,0.0296023683252044,0.751319807904346,0.0394004896633488,0.968571089519213,0.988911615885771
"PTI98_005392",12.1433776551652,-0.0419387168154278,0.872111870004936,-0.0480886893732915,0.961645560350418,0.988911615885771
"PTI98_006135",18.3719685321032,-0.0303732293561009,0.734728977654729,-0.0413393649629186,0.967025351176484,0.988911615885771
"PTI98_006571",15.3283541922211,0.0275465460044742,0.678668856839578,0.0405890821817769,0.967623488142044,0.988911615885771
"PTI98_006867",11.6387384152828,-0.048001017238135,1.08096308210272,-0.0444057877950486,0.964580948208227,0.988911615885771
"PTI98_008953",14.058067967239,-0.0494657194863795,1.07098948960285,-0.0461869327071759,0.963161257549509,0.988911615885771
"PTI98_010031",28.7869357682535,-0.0281864446482573,0.784443367345251,-0.0359317776420841,0.971336757326819,0.988911615885771
"PTI98_011048",21.5417448189447,-0.0302861683553812,0.66748711849946,-0.045373412483923,0.963809672919226,0.988911615885771
"PTI98_011628",15.5933411726988,-0.0287470365730137,0.748706845434413,-0.0383955839970105,0.96937228184749,0.988911615885771
"PTI98_012817",13.156882225511,0.0349487131067751,0.998399509042569,0.0350047378732084,0.972075962913623,0.988911615885771
"PTI98_013053",54.7070984206372,0.0256638840617493,0.721985148542848,0.0355462769747351,0.97164414598248,0.988911615885771
"PTI98_013450",27.4274823054474,-0.0246361030340897,0.639037687538835,-0.0385518781043607,0.969247669453932,0.988911615885771
"PTI98_000400",21.525308803185,-0.0265165145712588,0.833129653558898,-0.0318275966507585,0.974609538836133,0.99074303007345
"PTI98_002807",16.0287534136692,0.0232136901611361,0.811324032156157,0.0286121071742986,0.977173955909758,0.991145874933801
"PTI98_003621",17.2326280140045,0.0248978588546295,0.866275626957791,0.0287412667283119,0.977070943860613,0.991145874933801
"PTI98_008987",15.3459941887168,-0.0198484548410556,0.694706293417691,-0.0285710019170962,0.977206739757086,0.991145874933801
"PTI98_010236",11.4444430763967,-0.0243876848747087,0.918961910370438,-0.0265382978331256,0.978827987093419,0.992045469289729
"PTI98_009727",10.6741347973386,0.0222630312288443,0.960958466295287,0.0231675270156819,0.981516641339113,0.992470578438424
"PTI98_010718",14.5030065650979,0.0179806491447794,0.805277716347472,0.0223285070228131,0.982185909231808,0.992470578438424
"PTI98_011926",12.6798728315241,-0.022932835554852,0.944654175504289,-0.0242764348578776,0.98063210985005,0.992470578438424
"PTI98_012036",15.8351799447219,0.0184973553761632,0.778268343427486,0.023767323356236,0.981038204866946,0.992470578438424
"PTI98_008970",38.5256154547885,-0.0196113935873283,1.19537093584576,-0.0164061154569169,0.986910400977585,0.996499216532674
"PTI98_002712",19.2756714852181,0.00912194014889762,0.854788464630698,0.0106715760990512,0.99148547580071,0.996649462653838
"PTI98_003742",28.8259432433098,-0.00857951334592153,0.72672344765839,-0.011805747253052,0.990580595344527,0.996649462653838
"PTI98_001601",14.1512999748992,-0.00879866451140626,0.71377855281567,-0.0123268827239174,0.990164819671671,0.996649462653838
"PTI98_001674",24.670069133151,0.00936901242317703,0.707085521008702,0.0132501828206177,0.989428193044532,0.996649462653838
"PTI98_005397",18.2778833658134,0.00791154047361879,0.707929890664693,0.0111755988522966,0.991083347824487,0.996649462653838
"PTI98_007279",12.0196355318867,0.0122690811077823,0.966986785263067,0.0126879511641356,0.989876751272333,0.996649462653838
"PTI98_003122",32.5065018934476,0.00404929873365527,0.660917608601922,0.0061267829468502,0.995111565062583,0.997060949360362
"PTI98_005133",13.8498102055669,-0.00437431486101968,0.737253432128812,-0.00593325804993391,0.995265972782476,0.997060949360362
"PTI98_006714",21.1521156313085,-0.00380178809496223,0.687047431640179,-0.00553351620263869,0.995584915386476,0.997060949360362
"PTI98_012407",16.3625060853586,-0.00530273749255624,0.730390067883081,-0.00726014457990287,0.994207293619179,0.997060949360362
"PTI98_013066",13.8643150213695,0.00733968761342545,0.804956647518523,0.00911811541162105,0.992724897298296,0.997060949360362
"PTI98_006682",227.600054657491,0.00264517107633076,0.781934136614495,0.00338285662752037,0.997300876073495,0.99803961746318
"PTI98_010984",13.0786169285122,5.2144037599716e-05,0.754230768020059,6.91353890754152e-05,0.999944837940496,0.999944837940496
"PTI98_002236",9.62716259447474,1.18890287415173,1.00580428660695,1.18204196381232,0.23718905053741,NA
"PTI98_002401",8.21834479387939,-3.38049893439318,2.08742029793709,-1.61946251923198,0.105347784582483,NA
"PTI98_002402",7.79490744555718,-2.14227834395934,1.14785376435675,-1.86633385757101,0.0619946706578254,NA
"PTI98_002438",8.25252687342253,-2.98470423537967,1.95440900302141,-1.52716459592924,0.126720087561927,NA
"PTI98_002459",9.3665390422484,-0.1232313703438,0.98569350715546,-0.125019967615922,0.900507742489702,NA
"PTI98_002479",9.14171630503302,-5.02266498783561,3.19975243833674,-1.56970424575922,0.116483933014853,NA
"PTI98_002520",8.09839711408408,2.00716199120515,0.889214062345542,2.25723149936554,0.0239936131221689,NA
"PTI98_002627",8.28323835411962,1.32134194038961,1.06465218297188,1.24110198760049,0.214568075407367,NA
"PTI98_002654",9.41112066894781,-1.01327660665368,1.04889346664279,-0.966043396091405,0.334022466560776,NA
"PTI98_002730",9.91852739762547,0.655534769017399,1.07897029615129,0.607555899690388,0.543482057274277,NA
"PTI98_002768",8.95759575454469,0.787628652731305,1.03499633563572,0.760996561642435,0.446659120949361,NA
"PTI98_002832",9.92224822137264,-0.924418388611324,0.971208570616108,-0.951822725395533,0.341186894742226,NA
"PTI98_002850",6.79566657925012,-4.88089534074378,1.83482149187359,-2.6601472472179,0.00781064964340468,NA
"PTI98_002987",8.99042170249522,0.41371004634267,0.982217570510006,0.421200005746033,0.673609040170769,NA
"PTI98_003071",9.42697576933682,-4.67096966036461,1.87168382120987,-2.4955976043781,0.0125745155937674,NA
"PTI98_003163",8.72305417098941,-0.244009099548742,1.06255118622014,-0.229644559916936,0.818367978265486,NA
"PTI98_003252",7.59948863651824,-1.46559962878994,1.09976958757682,-1.33264244196748,0.182649170137532,NA
"PTI98_003312",7.90540494627307,1.3665632795928,1.17310540481308,1.16491090569183,0.24405505858229,NA
"PTI98_003383",9.91443324913808,-1.48535656758439,1.01472842976196,-1.463797134306,0.143249385682518,NA
"PTI98_003384",8.85175056566827,-2.09558587921953,1.25543663895962,-1.66920879492265,0.0950760077241333,NA
"PTI98_003637",6.56978684264191,-2.44182377967606,1.49233747837725,-1.63624100785251,0.101789157054199,NA
"PTI98_003816",8.53942878276849,1.794623981282,0.888900637859359,2.01892529361189,0.0434949848380145,NA
"PTI98_003932",9.46594423609045,-1.0148968275908,1.02143515916466,-0.993598877505638,0.320418190888312,NA
"PTI98_003974",9.89876863734567,0.287660085689551,0.83125979160899,0.346053169650795,0.729302756725272,NA
"PTI98_003980",8.60673190048083,-1.52861824592217,2.19996677941615,-0.694836967641781,0.487157478037709,NA
"PTI98_003981",8.96166041682027,-0.0996215457005254,1.31561519515023,-0.0757224042925025,0.939639951117096,NA
"PTI98_003982",9.11346893825992,2.07662415217607,1.37330237629776,1.51213905110568,0.130498492220678,NA
"PTI98_004006",4.93845617691071,-1.60157851431816,1.57876908055557,-1.01444760607711,0.310369218043844,NA
"PTI98_004095",6.18142460242902,-1.17208608003137,1.15905020086313,-1.0112470358562,0.311898208673572,NA
"PTI98_000115",7.09178680074593,1.67352564679614,1.19121787637066,1.4048862764677,0.160055098070542,NA
"PTI98_000202",9.83924066679452,-1.00355299849017,0.876701045271867,-1.14469237136471,0.252336612658586,NA
"PTI98_000233",8.57940910950062,-0.0585658017075308,0.944410819319547,-0.0620130567222089,0.95055243425382,NA
"PTI98_000356",9.26037491330446,0.0679890525084158,0.938458491560613,0.0724475862489701,0.94224571590835,NA
"PTI98_000380",7.41012265974545,-0.640908315412715,1.04637593222375,-0.61250292144111,0.540205065710876,NA
"PTI98_000392",6.85670374868474,-1.13515755261502,1.52317937329368,-0.745255334019121,0.456117377471322,NA
"PTI98_000397",7.36300583919064,2.0789027757402,1.025719762824,2.02677461338621,0.0426854678395213,NA
"PTI98_000430",9.2269492278398,2.17107312965699,1.19084768268471,1.82313251411163,0.0682833231730812,NA
"PTI98_000468",264.818649406058,-8.05168897771777,3.79410138283693,-2.12215968032392,NA,NA
"PTI98_000473",8.84395275914031,-1.6640766774646,1.28818476518725,-1.29179968777438,0.196426523528368,NA
"PTI98_000519",7.51601309772849,-1.82567881737942,1.57364972001855,-1.16015577936741,0.245985387388946,NA
"PTI98_000578",9.24030084832154,-0.970343140891123,0.943143631499864,-1.02883920166858,0.303555242028738,NA
"PTI98_000583",8.34603343092868,0.161561656628682,0.91241734429264,0.177069909553214,0.859453477118834,NA
"PTI98_000868",5.69101200596607,-1.21845979936895,1.61927235130609,-0.752473664103603,0.451766261702546,NA
"PTI98_001054",9.33565718320722,0.474629762049606,0.892303201313755,0.531915341501409,0.59478463125918,NA
"PTI98_001056",5.79477544721861,-3.08820605237705,2.07485055494541,-1.48839927049989,0.136645628871295,NA
"PTI98_001057",9.10567132711699,-2.6720086045671,1.56089510785527,-1.71184379470478,0.0869254588460464,NA
"PTI98_001128",9.4958783893631,0.608914790251161,0.954959670762526,0.637634037220596,0.523711933533962,NA
"PTI98_001219",9.93055435767379,-0.114594009339242,0.776422950854661,-0.14759224880344,0.882664572662145,NA
"PTI98_001259",8.99027000376233,1.96905037084989,0.830864613721893,2.36988113145106,0.0177938049686974,NA
"PTI98_001272",41.5941382152368,-0.556505959582228,1.68319422289451,-0.330624922550667,NA,NA
"PTI98_001428",8.60788941923679,0.496717500524005,1.08014860111876,0.459860337743835,0.645616470576123,NA
"PTI98_001479",7.29798083778023,3.85665380535706,1.21553541120545,3.17280251139076,NA,NA
"PTI98_001527",7.52894721074192,-0.193039827611514,1.13492157878816,-0.170090895458731,0.864938653556877,NA
"PTI98_001566",9.28902206098255,1.83571344725432,0.751663178773708,2.44220217125597,0.0145979690549861,NA
"PTI98_001609",8.65961853852271,0.104744079396609,1.26136015237033,0.0830405805984717,0.933819272372863,NA
"PTI98_001651",9.23106755735977,-0.366278896668149,1.05149438688988,-0.348341276220726,0.727583898668414,NA
"PTI98_001723",9.2363700532414,0.411441550938786,1.09663532963973,0.375185387355661,NA,NA
"PTI98_001772",9.8026673040094,-1.42384339405407,1.11375711145639,-1.27841463763333,0.20110326557639,NA
"PTI98_001941",6.65967538209743,-2.30183459930925,1.92411949056891,-1.19630543248052,0.231577389584771,NA
"PTI98_001973",9.02988376281344,-1.99988891854787,1.11196522243479,-1.79851750594219,0.0720950370273915,NA
"PTI98_002052",95.1837283671843,-4.3158596394655,1.29102833740963,-3.34296274869148,NA,NA
"PTI98_004247",9.00600936428286,-2.01899870508132,1.1366197559016,-1.77631850458186,0.0756804349139307,NA
"PTI98_004393",7.18709889208696,0.318207184119754,1.01121095792159,0.31467932742124,0.753005141761685,NA
"PTI98_004421",23.6000089274443,5.03595160049452,1.87688374619812,2.68314519250088,NA,NA
"PTI98_004678",8.57829669513076,2.47078111416304,1.01070382210796,2.44461439653992,0.0145007085705035,NA
"PTI98_004736",7.62504633673612,-1.80228901673984,1.56343908285878,-1.15277213963739,0.249003922570129,NA
"PTI98_004823",7.31191281946978,-0.591590194392398,1.00242222047615,-0.590160695072577,0.555082920395537,NA
"PTI98_004836",6.25047700486835,-2.91896645868176,1.58348904428389,-1.84337647880717,0.0652740618414941,NA
"PTI98_004844",9.8433519896343,-0.172988724825779,0.884111154480375,-0.195663999881837,0.844873163639273,NA
"PTI98_004860",9.44915569396223,-1.18034787102779,1.04602787031457,-1.12840958116424,0.259146983291569,NA
"PTI98_005047",9.24771215969357,-0.740742537632914,0.994990747994163,-0.74447178441227,0.456591104917978,NA
"PTI98_005148",6.82889451460434,2.10333286087741,1.60564534615835,1.30996104831607,0.190209013029009,NA
"PTI98_005248",6.89918386528169,-2.25498387160753,2.67083874769594,-0.844298021942675,0.398502891171766,NA
"PTI98_005313",9.64933632611318,-0.695656618916046,0.877737516400287,-0.792556551267197,0.428036231405001,NA
"PTI98_005359",9.12263028251361,-1.88974687285963,1.00870529302113,-1.87343804571476,0.0610079204456169,NA
"PTI98_005572",6.90672665734761,-1.94466822223195,1.30045807730808,-1.49537171260251,0.13481745879719,NA
"PTI98_005584",6.9837072072533,-0.988538160675014,1.09929536745539,-0.899247090400509,0.368521062717033,NA
"PTI98_007339",9.25304637836978,-0.590716185228924,1.03173388957462,-0.57254704066421,0.566951426543033,NA
"PTI98_007381",6.88249123024995,0.616265091816971,1.27986826377365,0.48150665913063,0.630156448075513,NA
"PTI98_007481",7.99054779164865,-2.27032601262121,1.42212505163612,-1.59643205076041,0.110392365115399,NA
"PTI98_007662",9.78737315922332,0.40832654333565,0.908052139340249,0.44967301506753,0.652946231687693,NA
"PTI98_007676",9.886942061634,0.125882197896717,0.913489867776599,0.137803606079517,0.890395634313853,NA
"PTI98_007706",9.75599685208945,-0.712703346586318,0.946807215496335,-0.752743890119917,0.451603830041382,NA
"PTI98_007727",5.36097011748881,-4.69345652911328,3.27020261601851,-1.43521887791393,0.151224735779433,NA
"PTI98_007901",22.9473005758741,3.64559395193337,3.29787089253498,1.10543865139945,NA,NA
"PTI98_007912",8.48581899668145,-3.63952157157986,1.72321778503311,-2.11204968007565,0.0346821883634989,NA
"PTI98_008130",7.62621761570524,-0.295143753635443,1.40905401748751,-0.209462341381145,0.834087330523688,NA
"PTI98_005830",9.36895540969069,0.0916642734373065,0.860728062708715,0.106496206419526,0.91518866513259,NA
"PTI98_005945",7.99511749885022,-1.25510931790347,1.06504491613803,-1.17845670063816,0.238614584559538,NA
"PTI98_006013",9.09394846223731,1.83130636420326,0.924638421988647,1.98056485719533,0.0476400932627162,NA
"PTI98_006043",7.25663570024478,1.72676925895477,1.1441647932528,1.50919628810258,0.131248628519632,NA
"PTI98_006168",8.72886255971829,-1.6391292252781,1.08301476772929,-1.51348741874941,0.130155894548903,NA
"PTI98_006220",4.57551851516093,-2.2556956679987,1.68697884292263,-1.33712149234236,0.181182982743713,NA
"PTI98_006236",9.3161337748146,0.429304980161351,0.832373675256068,0.515759920001412,0.606022098839555,NA
"PTI98_006246",9.03882951647998,1.55303054273989,0.852973099452151,1.82072628519864,0.0686484745039627,NA
"PTI98_006247",9.36929307820215,3.10429540115842,0.849770422192436,3.65309890776056,0.000259094371559264,NA
"PTI98_006260",6.7407286547357,3.05289749666984,1.10904530314902,2.75272568938478,0.0059101394030294,NA
"PTI98_006458",21.8393887262201,0.52017436411419,0.806700932738942,0.644816862115275,NA,NA
"PTI98_006533",9.54167649649444,1.2577783384783,0.90478031916282,1.39014776497581,0.164484011414135,NA
"PTI98_006576",8.19910167403038,-1.67654196106653,1.05685854631903,-1.5863447070621,0.112661135939015,NA
"PTI98_006597",9.29772381505497,-1.45093079651947,0.966276433195957,-1.50156906106104,0.133208438596292,NA
"PTI98_006639",7.95864303160531,-0.104337369046032,0.953126383435138,-0.109468556174043,0.912830860397029,NA
"PTI98_006658",9.44048471766848,-1.40135563700732,1.00405413660982,-1.39569728952961,0.16280567087903,NA
"PTI98_006677",4.72869103030187,3.15743269232813,1.09242574166934,2.89029503049174,0.00384880427932055,NA
"PTI98_006678",9.01235242721678,0.248936614514916,0.85074290846047,0.292610860507083,0.769819611466856,NA
"PTI98_006735",7.77901590168956,-1.95488018174933,1.1850621442681,-1.64960140799761,0.0990244868413363,NA
"PTI98_006932",9.47944214339668,0.372030831962202,0.83358059447142,0.446304573822414,0.655377252820422,NA
"PTI98_007018",9.41329449410596,-1.24928058835423,1.15672209701822,-1.08001791577648,0.280134202234087,NA
"PTI98_007038",8.56822245428301,-1.50240461475868,0.979058489453935,-1.53454020463745,0.124896810268537,NA
"PTI98_007067",7.92491023538839,1.03192674813477,0.889990326698284,1.15948085858758,0.246260234424388,NA
"PTI98_008318",9.51380418881251,-0.42115397220379,0.93638641656006,-0.449765144768924,0.652879792809265,NA
"PTI98_008328",9.36281282962705,-0.0649463466633067,0.938863610405895,-0.0691754861339536,0.944849935586052,NA
"PTI98_008396",7.68441994081119,3.8238529504959,0.986235710048077,3.87722013260856,0.000105656755351381,NA
"PTI98_008404",7.81106588256033,-2.58597053360684,1.25108111526026,-2.06698870446053,0.0387352183282043,NA
"PTI98_008433",9.5091916656945,0.2417176407653,0.949805555875702,0.254491710719086,0.79911570722707,NA
"PTI98_008437",7.26987312025704,-1.19022911328204,1.25505077997137,-0.948351359384189,0.342950612747994,NA
"PTI98_008440",9.39834269197667,-1.55060907169957,0.980219607813995,-1.58189966752207,0.113672476867443,NA
"PTI98_008442",9.60190405288122,-2.48762068666289,1.39311792174239,-1.7856497629085,0.0741559841973579,NA
"PTI98_008544",7.76188064317105,-0.672615416085816,1.24537116517328,-0.540092331423321,0.589133358945127,NA
"PTI98_008583",3.89582291924221,-4.39009001486829,1.81620864634981,-2.41717273160847,0.0156415925577966,NA
"PTI98_008586",9.56797384719018,-0.0907039616485005,0.87206026870019,-0.104011115864383,0.91716052723486,NA
"PTI98_008589",8.92459971737164,1.02075764746778,0.906304495926213,1.12628553875218,0.260044676874133,NA
"PTI98_008649",8.71253491210847,0.616222077914258,0.937537066822698,0.657277562371616,0.51100246107756,NA
"PTI98_008652",6.74500276577689,1.11913717544524,1.33964079038843,0.835400939919685,0.40349200078987,NA
"PTI98_008791",147.459958064839,-3.6627023752675,2.10406518570418,-1.74077419281175,NA,NA
"PTI98_008837",9.29543544877762,0.161996281995337,0.965983536454179,0.167700872615256,0.866818609665609,NA
"PTI98_008933",8.98928362349925,0.828744305894875,0.94550873367837,0.876506240900347,0.380754885120476,NA
"PTI98_009093",9.82516214608248,-0.625031962036553,0.883476934735538,-0.707468341800741,0.479275479630955,NA
"PTI98_009108",9.85969449345289,-1.57119372044546,2.51678186623658,-0.624286809088828,NA,NA
"PTI98_009601",9.7687520024516,-0.837878795818766,0.954688542562429,-0.877646225406519,0.38013573533344,NA
"PTI98_009706",9.11894055952826,-0.371555654432393,1.03860536404934,-0.357744786704899,0.720534313269323,NA
"PTI98_009759",7.53823260692593,-1.51578109203048,1.30678192911739,-1.15993423099618,0.246075584498973,NA
"PTI98_009798",5.75794675020473,-1.33736219273171,1.44896736229613,-0.922976063872442,0.356019679200174,NA
"PTI98_009934",9.28709994951043,-0.811849207672497,1.05946427710835,-0.766282757440691,0.443508075603562,NA
"PTI98_009978",8.95624604748767,-2.22874692467805,1.3622274192708,-1.63610487731271,0.101817639614379,NA
"PTI98_010111",9.41709444816905,0.646963537175431,1.07392698581848,0.602427861222198,0.54688936885015,NA
"PTI98_010174",9.26410481154922,-3.07919933896745,1.7668101552015,-1.74280147185155,0.0813682991503533,NA
"PTI98_010203",8.15636452710246,1.80321190688163,0.929817432378466,1.9393182404303,0.0524625991617467,NA
"PTI98_010310",8.62660218296474,-1.84633101535876,1.12865003932074,-1.63587556021347,0.101865633921953,NA
"PTI98_010315",51.1264542292981,2.01713056896134,2.3936053638834,0.842716430785708,NA,NA
"PTI98_010337",5.7579813517992,-0.834129249342469,1.31049938493238,-0.636497245960561,0.524452375447232,NA
"PTI98_010366",8.45662207694212,-4.34212681593501,1.84837507444263,-2.34915893206598,0.0188158734867859,NA
"PTI98_010571",8.52111235600411,-2.19804507101698,1.08878760641136,-2.01880059809069,0.0435079488834206,NA
"PTI98_010586",5.97138608735344,5.79954739373962,1.23649445509323,4.69031411329891,2.72785952365762e-06,NA
"PTI98_010623",8.81461795127132,-4.59477504978201,1.88665954693819,-2.43540232642331,0.0148752399662552,NA
"PTI98_010684",7.26113122202312,-1.76664535932322,1.23474637707784,-1.43077590031418,0.152494452140123,NA
"PTI98_010690",8.58217479036763,0.645220776535826,1.01334430141264,0.636724137725314,0.524304548079884,NA
"PTI98_010726",8.520154360642,-3.85365507114451,1.58808217437087,-2.42660936149048,0.0152406561738747,NA
"PTI98_010803",8.20282960983602,-0.965337645439287,1.00646821510015,-0.959133761957129,0.337491364005352,NA
"PTI98_010890",8.71520352309792,1.44331182440025,0.892306758080478,1.61750632428817,0.105769031643148,NA
"PTI98_010913",7.90854787557161,-0.424520253382956,1.01047579100354,-0.420119172732826,0.674398397173632,NA
"PTI98_010926",8.28650359723541,1.50532541542678,0.836228310571831,1.80013687218675,0.0718390287263725,NA
"PTI98_010971",9.22547625138454,-3.24717083996126,1.42590535203705,-2.27726955041044,0.0227701340954898,NA
"PTI98_011031",9.17450529497954,1.85143746541799,1.08998311465339,1.6985927951799,0.0893959349174424,NA
"PTI98_011033",8.45523736408925,-3.62705525704528,1.90423864902658,-1.9047272561658,0.0568155340701592,NA
"PTI98_011102",9.80713791719324,-0.678546492488946,0.913740935103501,-0.742602707639541,0.457722248758148,NA
"PTI98_011103",9.92166898805753,-0.0441350507707934,1.02784107747271,-0.0429395669604041,0.965749707949358,NA
"PTI98_011156",7.93913588894587,1.23232968012203,0.905332608988844,1.36118998463825,0.173453658395381,NA
"PTI98_011183",7.53069152566562,0.200718259458659,1.03179134564837,0.19453376916292,0.8457579567776,NA
"PTI98_013646",9.43082430664587,-1.4190728857587,0.965656712837461,-1.46954178114594,0.141685898002892,NA
"PTI98_011245",7.4904336714213,-1.74559769720732,1.05388063098708,-1.6563523855376,0.0976504775699164,NA
"PTI98_011460",9.06564019946168,-0.94972554084579,1.006501094823,-0.943591165206634,0.345378608672267,NA
"PTI98_011499",9.93518951547038,0.308090262254491,0.933248699021482,0.33012664531708,0.741304270745631,NA
"PTI98_011703",15.9655637322454,0.607452210452876,2.47420603926847,0.245513995524995,NA,NA
"PTI98_011714",8.75725590801271,-1.44045669841717,1.00397300081722,-1.43475641002762,0.151356523309778,NA
"PTI98_011724",9.52631287070246,0.292068730163663,0.974228041660811,0.299795035324338,0.764333502487583,NA
"PTI98_011753",9.39727412969592,-0.341699267775587,0.976546148874032,-0.349905908870328,0.72640931238767,NA
"PTI98_011776",9.22016919398632,-1.01483749767279,1.02460631746899,-0.99046578219396,0.321946506165188,NA
"PTI98_011812",9.11756505866459,1.46059967824715,1.02679459070635,1.42248478076066,0.154885566596705,NA
"PTI98_011894",9.88251838565287,-0.614488553326976,0.859654954087892,-0.714808366315947,0.474727464781042,NA
"PTI98_011997",8.05857158823573,0.186914953336449,1.01971549896972,0.18330108106163,0.854561786204754,NA
"PTI98_012151",9.76447072634779,-0.64578952254743,0.835359689427368,-0.773067614730264,0.43948236606043,NA
"PTI98_012247",5.75312321208618,-1.00403577213513,1.28780283777673,-0.779650224927678,0.435596784380693,NA
"PTI98_012309",5.56543805275958,0.185909107966465,1.38718043976341,0.134019412786827,0.893387223731489,NA
"PTI98_012436",6.96233100444162,-1.36477058633064,1.34562587568322,-1.01422736511937,0.310474273733736,NA
"PTI98_012535",7.82120833800729,-0.681126242495928,1.15210025225205,-0.591203969589027,0.55438376332238,NA
"PTI98_012608",7.05381132579194,-4.31670064671266,1.85749804969768,-2.3239328016604,0.0201290958897562,NA
"PTI98_012639",8.79293446963891,-0.974290269944582,1.1308902399168,-0.861525049518743,0.388948930920504,NA
"PTI98_012651",8.54867533317924,0.867492981557721,1.05820097618875,0.819780931106404,0.412341003587646,NA
"PTI98_012677",7.63725221367251,0.717994431298884,1.12979267472693,0.635509901382946,0.525095911109639,NA
"PTI98_012696",9.30134901902457,-3.42593224590489,1.24773101864545,-2.74572980450877,0.00603764659866176,NA
"PTI98_012707",7.99688476507604,-2.81707144836894,1.50676857900698,-1.86961122472138,0.0615378253972785,NA
"PTI98_012754",7.26246985338826,0.71428964868377,1.29396411104221,0.552016584222303,0.580936990936295,NA
"PTI98_012829",9.05942554340732,-5.29762610429122,1.87364740137835,-2.82744026458447,0.00469217686784875,NA
"PTI98_012851",7.96483993407951,2.9340276632477,1.31045724477776,2.23893429178248,0.0251601918485528,NA
"PTI98_012901",8.15264971104608,0.900496270572583,1.01051863178313,0.89112287715427,0.372863253093189,NA
"PTI98_013190",7.81293008098818,-2.04423439348271,1.21948761064003,-1.67630599576967,0.0936782711036052,NA
"PTI98_013192",7.29320058898067,-1.38127280152191,1.36994471673903,-1.0082690087012,0.313325336734141,NA
"PTI98_013370",8.2754146154225,-1.06352706990821,1.89230828268763,-0.562026325011742,0.574098083308975,NA
"PTI98_013469",12.7819828677792,0,3.16823902700897,0,NA,NA
