"","baseMean","log2FoldChange","lfcSE","stat","pvalue","padj"
"PTI98_012555",80.4650801077066,2.3178396568323,0.624408866016498,93.6464267338231,3.60734748057611e-20,1.39929008771547e-16
"PTI98_001762",18.9180335034303,5.1438650505591,1.04556397145847,65.4878100314876,3.94465559957499e-14,7.65065953537569e-11
"PTI98_006179",44.600014324763,1.18250876377835,0.700781754674382,63.4175930784099,1.09340904686744e-13,1.4137778975996e-10
"PTI98_000571",18.2197333008628,-1.11688911812905,0.913637235689604,61.7260271436435,2.51425929332056e-13,2.43820294969761e-10
"PTI98_011128",37.9396013617095,3.60269597628178,0.952718056500319,59.643722865286,7.00421040661458e-13,5.43386643345159e-10
"PTI98_005957",19.2831728212377,4.01680198932011,0.884205766330744,50.944989303869,5.02589955596665e-11,3.24924406293244e-08
"PTI98_008396",7.7021910631399,-1.83087113477993,1.08525356616124,47.0614071319603,3.37262791729783e-10,1.86891767017118e-07
"PTI98_010841",45.5548023617135,2.07424822553394,0.623852914267308,45.1436857083914,8.62444243566145e-10,4.18177652599135e-07
"PTI98_006682",225.765904019172,3.59702975616824,0.67910017865387,44.3222459912672,1.28909264658738e-09,5.55598930679159e-07
"PTI98_010586",6.03609829992565,0.252492658815759,1.29953950524293,43.2289791052149,2.20035591047228e-09,7.75925506974725e-07
"PTI98_011030",35.0212820212444,-2.85114944848292,1.33010712325627,43.3077755608277,2.11719484037428e-09,7.75925506974725e-07
"PTI98_005784",20.8595942125621,3.98572964484585,0.919141871103111,42.6907516157807,2.86263225228382e-09,9.25345875550743e-07
"PTI98_006470",67.9449539341447,3.16491478163278,0.819684217263779,42.3929804427259,3.31110300839497e-09,9.87982197658776e-07
"PTI98_001941",6.63092648575595,4.4786684410675,1.11798796129738,41.3985517765157,5.38252170906103e-09,1.49134297924627e-06
"PTI98_003749",50.4844463322353,1.83656035316866,0.731536965700312,40.8262967231587,7.11810057595752e-09,1.84074080894262e-06
"PTI98_008389",18.8691809434065,1.96548526964824,0.794190434698782,40.371539068244,8.88777285246916e-09,2.15472943092049e-06
"PTI98_010297",18.4914990201709,3.70243138689606,0.912654595398235,39.4156335776774,1.41711441759119e-08,3.2335216622566e-06
"PTI98_007076",33.7442646350952,-2.8408321910551,0.720420999920314,38.6250667968737,2.0839367475419e-08,4.49088369095279e-06
"PTI98_010166",14.2657871758898,4.43082531115923,0.992803155443057,37.759366268795,3.17823692170994e-08,6.48862158911203e-06
"PTI98_007893",52.3288974642501,2.4583903682957,0.936268684919205,35.9017075805476,7.85540328311787e-08,1.52355546676071e-05
"PTI98_007684",35.9792268270171,1.93213985903415,0.800530368104626,35.478134447586,9.65389584093206e-08,1.70215736213525e-05
"PTI98_012715",84.1511552796319,-1.56662931657634,0.600037584518861,35.4979093914349,9.56143840558779e-08,1.70215736213525e-05
"PTI98_001293",24.9558738029657,2.72680841563695,0.956268492062664,35.1695649512722,1.12178589443508e-07,1.89191629761465e-05
"PTI98_000546",40.6200081557194,2.63458638045311,0.83767172179879,35.0235586514996,1.20436748573172e-07,1.94655894881389e-05
"PTI98_003992",10.6252932457205,-3.29501483694233,1.17532004948388,33.9769987549182,2.00346282219497e-07,3.10857291491771e-05
"PTI98_012472",22.6843557267061,-1.81565906367069,0.875100375057095,33.8736992207098,2.10662489146468e-07,3.14292228999673e-05
"PTI98_008547",14.8578296390535,3.46599249630435,0.83143276388592,33.1481574020089,2.99704502555677e-07,4.30575468671656e-05
"PTI98_006247",9.44505997502262,-1.26026745767541,0.924030502544894,32.7769036004418,3.58922491551701e-07,4.97235837403232e-05
"PTI98_003276",235.884944998166,2.95028379587312,0.842811802343738,32.4007069421093,4.30849209806014e-07,5.56135435443038e-05
"PTI98_003634",100.905309493579,1.81595218225985,0.691114092710059,32.3366843790207,4.44449561710084e-07,5.56135435443038e-05
"PTI98_011332",85.6830485728301,3.70260101289831,1.48370284643093,32.4638751044645,4.17837585043347e-07,5.56135435443038e-05
"PTI98_004077",84.8487014259348,-4.92732422542274,0.967918510207408,31.8238030903538,5.70059328440134e-07,6.70078828793721e-05
"PTI98_012754",7.22110075808745,3.61580768808671,1.00632868498364,31.8488065953071,5.63185334042833e-07,6.70078828793721e-05
"PTI98_003327",135.647669984802,2.2645809656184,0.719136720354863,31.4678740125912,6.77498214232941e-07,7.47819907411466e-05
"PTI98_009647",12.8867534189778,-5.72260255518378,1.09986736768587,31.4181616209741,6.94032396669574e-07,7.47819907411466e-05
"PTI98_013370",8.21350757645838,4.50327362745701,1.13094382437226,31.5198679722457,6.6062568347139e-07,7.47819907411466e-05
"PTI98_005620",18.7074227299354,1.39759851217796,0.750804922956078,31.3172247581668,7.28852995206871e-07,7.64113721191204e-05
"PTI98_003882",20.4746587594157,2.31998307799767,0.66372922362342,31.098316152573,8.10478461623461e-07,8.27327882273001e-05
"PTI98_001457",19.7115069825415,3.2237133415738,0.909001262525557,31.0099223135065,8.45968657171537e-07,8.41413441325229e-05
"PTI98_010403",27.6475563605929,2.78857554071886,0.918075033277602,30.8088689421623,9.32574567708985e-07,9.04364187035789e-05
"PTI98_001005",43.1860182172577,1.45074221127881,0.783346125186809,30.2532952303843,1.22070239738167e-06,0.000112740585701036
"PTI98_006764",11.8748460951972,-4.76392200252165,1.0403127420346,30.2994326002917,1.19371911050121e-06,0.000112740585701036
"PTI98_003031",17.0187109481113,-6.15570296802434,1.18181233236964,29.7190047108244,1.58123233094128e-06,0.000139400004811846
"PTI98_012427",48.7476138284505,-3.9853546786454,1.00702168926205,29.7480300134836,1.55916436737729e-06,0.000139400004811846
"PTI98_013506",104.75743443939,2.50622043324042,0.692876075493868,29.0000697711028,2.23935340476781e-06,0.000193032263490985
"PTI98_011375",13.8175364714455,3.2048679541152,0.793984818999281,28.8179583389996,2.44560187679793e-06,0.000206228036523895
"PTI98_002556",21.9688750885991,1.51992746367115,0.995240043511381,28.533803361402,2.80591046385527e-06,0.000226752639360304
"PTI98_008130",7.61257313951144,3.41776839726939,1.01819309002006,28.5761834993414,2.74898809418305e-06,0.000226752639360304
"PTI98_001564",33.2204679405404,3.03819272539092,0.91652111660874,28.0993656357708,3.46172644141312e-06,0.000274041568698806
"PTI98_002276",20.6019629531265,1.77872714003205,0.809055182524056,27.9461764585975,3.72775282907935e-06,0.000289199064479976
"PTI98_013289",19.6373229995625,2.05944428577475,0.953454201927342,27.5759362808401,4.45796539073013e-06,0.000339067602953768
"PTI98_012052",418.617778413183,1.77990538107377,0.950437946295421,27.4457110895689,4.7473853279266e-06,0.000354136686288986
"PTI98_000164",4.47822412716973,-3.75944022876835,1.38863129504492,26.6342283223409,7.02399557037569e-06,0.000514076958820515
"PTI98_012901",8.155201044359,2.63838323824467,0.843263236982894,26.4496092048323,7.67831649903672e-06,0.000551559068514138
"PTI98_011702",131.612868931905,1.99143062427078,0.709463119503214,26.2786552762623,8.3382790628983e-06,0.000588076081545136
"PTI98_013006",13.4591270748665,-4.89777040857405,1.1290982616167,26.0183396356624,9.45345206138916e-06,0.000654820366895153
"PTI98_011071",15.8842247840331,-0.954415722225671,1.07827015662402,25.9371885830073,9.83061825551206e-06,0.000668999442335636
"PTI98_011065",13.8742483149377,2.73291928535624,0.792130134335519,25.6889756519491,1.10799319765677e-05,0.000728458578595021
"PTI98_013005",50.599996115121,-3.31958555917094,0.739101786480815,25.7184781838977,1.09235172473127e-05,0.000728458578595021
"PTI98_012126",10.0791468973381,2.25493858151675,0.816033614057813,25.4806750927975,1.22496956193489e-05,0.000791942821790907
"PTI98_008805",7.63188418208342,-3.18226166390859,1.15472195415479,25.2408507774633,1.37497395593445e-05,0.000861379066161196
"PTI98_009796",4.083891480115,3.77891519912683,1.23640407270158,25.2381171654497,1.3767853081205e-05,0.000861379066161196
"PTI98_009953",10.8153410912141,-2.59601217040635,1.38485417348922,25.0958843940399,1.47438867195162e-05,0.000907802168015925
"PTI98_007354",27.3491727076576,-1.52213746032216,0.673802244918521,24.9836894152923,1.55622204743532e-05,0.000943216456562753
"PTI98_007539",30.2329563127065,-4.94865487716139,0.960302556525319,24.8767734054618,1.63841460148342e-05,0.000977755421408333
"PTI98_000513",56.5976426904976,3.82343224180718,1.43817621128262,24.8438734675348,1.66456705164238e-05,0.00097831145353345
"PTI98_011177",10.2242933987762,-3.30293742328456,1.14252914326189,24.5995727054036,1.87223428741285e-05,0.00108393982102603
"PTI98_008643",48.9398255450848,2.88462771001798,1.45739613081418,24.5458410033947,1.92126674295502e-05,0.00108511847642987
"PTI98_012676",13.1183571187808,1.37783128891346,0.872808385476006,24.5361790861967,1.93021848088841e-05,0.00108511847642987
"PTI98_002906",13.5476911318104,2.51296790049947,0.784718406872881,24.4353540679326,2.02614986874974e-05,0.0011227764772686
"PTI98_010346",8.59453630361535,2.04381574142778,0.908689128820478,24.3650576887492,2.09583223135659e-05,0.00114503284865243
"PTI98_010455",19.5537218864828,-2.60279436623752,0.754363130655355,24.304331189957,2.15794841760429e-05,0.00116259470998431
"PTI98_006677",4.77189457561596,-0.726977250919107,1.12457348061765,24.2050320712971,2.26349809369925e-05,0.00120275467198074
"PTI98_012703",14.0178084497048,-3.57477392626023,0.93001865192153,24.1308117831943,2.34573705295992e-05,0.0012296100038421
"PTI98_011779",9.99430374729027,-5.19223786261283,1.09576279280168,23.8451174630876,2.69106028954707e-05,0.00139181638175374
"PTI98_007078",5.03630088214383,3.89785237786973,1.18622084537096,23.7098331447172,2.8718205325855e-05,0.00146576208498673
"PTI98_008629",7.83341584051737,2.09708174216875,0.884368579976755,23.6198514877831,2.99870080720715e-05,0.00151064421183851
"PTI98_001151",5.54740653595902,-4.05624613805388,1.09683754976462,23.3211321700615,3.46134851129918e-05,0.00172135524042686
"PTI98_003280",9.9892165253372,2.43000898905905,0.768352870692666,23.2674946242885,3.55165519843526e-05,0.00174390766009245
"PTI98_000662",12.3749900386637,1.66698264406128,0.885655054761679,23.0777337222965,3.89040855889707e-05,0.00188636184999522
"PTI98_000439",13.4280722153288,3.26090561753597,0.885438158814608,22.997839550752,4.0424913409492e-05,0.00193590418661012
"PTI98_000488",11.4684135065747,-4.25370074874782,1.01893715119604,22.7812138876832,4.4853183718505e-05,0.00212177438590343
"PTI98_008667",10.7955362555984,2.58617595241654,0.881645675022923,22.5731254828401,4.95612845800405e-05,0.00231309745279402
"PTI98_008863",3.82123500149252,2.65363205979799,1.25778025543101,22.5509875697185,5.00902774000252e-05,0.00231309745279402
"PTI98_006888",9.1771770237395,3.27160415214736,0.987702646589989,22.4928716689494,5.1505897930007e-05,0.00235048680082938
"PTI98_012527",6.10105626612375,-4.17434772939224,1.04772654062707,22.4630990697298,5.22464858935265e-05,0.00235655952070918
"PTI98_000442",61.7963747522408,-2.76952888493418,0.738479805255201,22.3300005443023,5.56891741299354e-05,0.0024829690396554
"PTI98_008704",45.0813173402792,-3.08074963234272,0.815212900129277,22.2918170999049,5.67178948704124e-05,0.00250009902502648
"PTI98_000397",7.38854157584509,-2.90814218639615,1.10366117782352,22.1554924780318,6.0547580474562e-05,0.00263892207484074
"PTI98_010893",62.9060637764175,-0.121819579433379,0.507225939642144,22.0854404663124,6.26146243841688e-05,0.00269869031095768
"PTI98_009636",17.0344501463378,4.32339426629554,1.78260132101097,21.8898498793314,6.87656543772034e-05,0.00293123047614475
"PTI98_006384",5.77937798221023,3.05059438991124,1.03098915074589,21.6532870854718,7.70145287380589e-05,0.00324716692364055
"PTI98_001300",31.339209885839,1.84853047033593,0.684271757848244,21.5601529338287,8.05261634883214e-05,0.00335681314466194
"PTI98_009997",41.7300831147517,-1.56090762508869,0.824256305493757,21.5389970405351,8.13458199531379e-05,0.00335681314466194
"PTI98_010623",8.82006938729705,2.14420470589384,1.04266861324539,21.5162428868717,8.22366761425559e-05,0.00335785333428394
"PTI98_009955",120.047896867479,-1.76334937926199,0.527120532140902,21.3911159636402,8.73120553976796e-05,0.00352795273841249
"PTI98_001366",13.2210419846727,1.87448756969857,0.771477720806934,21.2335110247689,9.41509622124535e-05,0.00372664880022558
"PTI98_004678",8.61446674445129,-2.00529428975443,1.06276329151703,21.2386018871744,9.3921934835857e-05,0.00372664880022558
"PTI98_004726",11.088469408093,-1.22279167504238,0.768661651564069,21.07223144236,0.000101701758781332,0.00391996706138092
"PTI98_004742",29.0819360926079,0.0299259279428141,0.631898040881896,21.0750938761252,0.000101562626516703,0.00391996706138092
"PTI98_004833",13.7168684239359,0.901787571944051,0.696336515487145,21.0647421201548,0.000102066685537374,0.00391996706138092
"PTI98_012824",29.4612554413163,1.87765409924088,0.999397722611106,21.0431709631184,0.000103125070579745,0.00392178577234147
"PTI98_008420",17.5687827040255,0.806466747403482,0.705456260467034,21.0215368712854,0.00010419752035526,0.00392409884910732
"PTI98_010051",69.6551768408866,0.965792043672291,0.562566382143303,20.96806033626,0.000106896367364413,0.00398702893275537
"PTI98_007827",3.6698224695975,-5.15187664656604,1.20037208567369,20.9079880413706,0.000110011185413946,0.00406412750686379
"PTI98_007381",6.83660320797117,3.11397803488065,1.00307504840524,20.8429945800453,0.000113483027619516,0.00415283645411416
"PTI98_002730",9.85844801935839,-4.61196773807416,1.16482119927226,20.7970797234251,0.000116001278667351,0.00420531738271641
"PTI98_012609",15.1150148460021,-2.59953188045781,1.16374336504843,20.7614081618539,0.000117996066709178,0.00423802539597132
"PTI98_008889",24.2521370634585,-3.46191842186643,0.904700539896633,20.6871353050408,0.000122259739767024,0.0043091211960166
"PTI98_011922",15.0004288046153,-4.16968403276748,1.24830259553272,20.669266618568,0.00012330818581022,0.0043091211960166
"PTI98_011980",21.1728037243795,-1.88288020908611,0.672752416519301,20.694192213963,0.000121848124529076,0.0043091211960166
"PTI98_008161",36.0633637321401,1.65913230215312,0.920695496843351,20.5784266443024,0.000128778271529599,0.00442062756870191
"PTI98_012615",23.6347915785224,2.69208015916692,1.60585124900039,20.5895635427994,0.000128094860592136,0.00442062756870191
"PTI98_006043",7.26859582771291,3.16559044713025,0.970443240378886,20.5132410412937,0.000132851791153961,0.0045204569990019
"PTI98_011755",23.7652256922208,-3.29595303168728,0.990783198916783,20.4071242062312,0.000139759320546113,0.00471414264694237
"PTI98_010927",42.1735451488964,2.50234373353153,0.718140152392879,20.3658196467524,0.000142543645425001,0.00476661035003086
"PTI98_010242",37.8482545218895,-2.89652651408125,0.672813291563103,20.1824610360095,0.000155585689826849,0.00515826402425939
"PTI98_000791",89.0003882466587,0.668447456278058,0.536251224063848,19.8455219025404,0.000182725464017381,0.00600671249935101
"PTI98_000115",7.12761587647218,2.64512911797051,1.00391736891957,19.7823615521607,0.000188314197994775,0.00613840986572883
"PTI98_005572",6.88182818256445,-4.81593269583018,1.18012813845153,19.7620245456422,0.000190149675319227,0.006146588254694
"PTI98_006918",11.1555180930783,2.74209346928034,0.974217805183956,19.6134318448459,0.000204112039600517,0.00654339340173888
"PTI98_005444",5.5540548141871,-4.82172099066898,1.11299136444136,19.5768093675034,0.000207707138249645,0.00656658842986012
"PTI98_011099",50.6848402572445,-2.34366676818685,0.724792901882666,19.5716234630965,0.00020822128818582,0.00656658842986012
"PTI98_009698",377.392668383813,-2.74053518763996,0.722738268433426,19.4576982701539,0.000219841341478986,0.00687713357739505
"PTI98_002438",8.16036766546182,3.70293813587091,1.84728516977268,19.3928502365584,0.000226741558702567,0.00703624404965806
"PTI98_006983",14.1140523316822,-0.277123405851292,0.731337391789111,19.2631093655204,0.000241200306531124,0.0074255237224939
"PTI98_004335",33.0674943181503,-4.58344296017389,1.8948894226709,19.1385639324739,0.000255942154165614,0.00781731981108988
"PTI98_000330",7.12475093446506,1.88738724411881,0.92766461219064,19.0489370088779,0.000267102338717802,0.00809445290536213
"PTI98_007898",46.4715974338101,-3.64079238435381,1.96368035033795,19.0114995095952,0.000271906140166934,0.00817615440083362
"PTI98_011349",11.289259021312,1.83205356894593,0.900089202439425,18.9304705170703,0.000282599763434081,0.00843234217200615
"PTI98_004577",16.4649612194742,-1.59972275758439,0.833961042150316,18.8920982691933,0.000287808837459145,0.00852221740842767
"PTI98_004022",11.0445715869192,1.92400478817039,0.88727614486892,18.8530918365452,0.000293201910461304,0.00861613795969242
"PTI98_012152",121.872352234675,-0.869117593350168,0.644669155395434,18.7500158814033,0.000307942049303145,0.00898125721238269
"PTI98_010436",9.96217356813489,-3.63116035402033,1.02251069322903,18.6156359753037,0.000328270968513103,0.0095027096034502
"PTI98_004321",6.97602515256783,-0.597443096824508,0.999759064117906,18.480767341762,0.000350015711856234,0.0100571181206691
"PTI98_000382",13.9417106999967,1.89737578283591,0.72074972862454,18.4393088354533,0.000356983590607494,0.0101075864815071
"PTI98_000899",15.8467604440342,0.364062396508635,0.947382813114923,18.4434019785536,0.000356289567334188,0.0101075864815071
"PTI98_009800",7.48314536996616,0.407084321589146,1.26000523747079,18.4115239059533,0.000361730410952732,0.0101677700296061
"PTI98_001033",18.0178825522486,1.95490967059525,0.697908768850484,18.3747937577986,0.000368101924858843,0.0102724270973198
"PTI98_003428",3.95450400900243,-2.09224526451099,1.36891626987522,18.3289295980189,0.000376214820550385,0.0104238377779639
"PTI98_006808",12.7714709640535,2.3493677669403,0.978565100116493,18.2378277753189,0.000392860956928632,0.0107178422215564
"PTI98_008431",18.0539311686901,0.999167612254345,0.710966560503252,18.2482425687313,0.000390921478496146,0.0107178422215564
"PTI98_012737",17.2187466726929,-3.87271712462293,1.10473752366059,18.2257873749401,0.000395115090921003,0.0107178422215564
"PTI98_008642",7.92517477617279,1.96595733668005,1.11957244601701,18.1782300328109,0.000404144938223032,0.0107645948355756
"PTI98_009858",16.9588137283538,0.135141519986734,0.670992453851576,18.1729298704476,0.000405163920080959,0.0107645948355756
"PTI98_010830",5.28230212066828,-4.75424215891613,1.12869160720918,18.173916373206,0.000404974066823438,0.0107645948355756
"PTI98_004729",12.4198642746405,2.46113905544639,1.01009402470191,18.1577864295291,0.000408089420284564,0.0107685636822029
"PTI98_000531",14.1638034238956,-2.33279368705371,1.04239773920623,18.0862852356716,0.000422188711311479,0.0110653379133596
"PTI98_012707",7.92642221562749,-2.64244526252256,1.09743980285824,17.9254108827211,0.000455707410226171,0.0118636848608545
"PTI98_002627",8.32916022387576,-1.1095932117088,1.04101020293656,17.3525315169557,0.000598027658959032,0.015440837626218
"PTI98_003462",6.47229739701715,2.00104211926105,0.969770810570313,17.3418123708795,0.000601074112286394,0.015440837626218
"PTI98_006534",38.9807567695335,1.46752224318903,0.69114202866606,17.3155167682045,0.000608612991728521,0.0155316433875982
"PTI98_010448",25.6027730059243,0.183391890803522,0.65313089615878,17.2911539115591,0.000615681601803056,0.0156093394339481
"PTI98_007912",8.3814158181661,1.32607266748776,0.89620694975542,17.2107939990578,0.000639580653091933,0.0161099568398936
"PTI98_008612",3.89160379334477,-2.51931723755117,1.32423657854119,17.1613448909881,0.000654742740074415,0.016385465088701
"PTI98_003809",3.42185591912869,3.18971325175409,1.34367267906194,17.136083490137,0.0006626257095574,0.0164764431241869
"PTI98_007889",20.9871614670008,0.421514835328265,1.02019463826598,16.976181741531,0.000714758758590208,0.0176595492010918
"PTI98_006216",16.1079949384054,1.83207035043127,0.66612290789695,16.935652950296,0.000728607497304966,0.0178877752028226
"PTI98_012975",126.451925334992,1.37649892216001,0.674559724480979,16.9164202922807,0.000735272285165675,0.0179378691456456
"PTI98_013316",6.68811222246301,-3.21123851312135,1.13131168194545,16.7752491459057,0.00078608295001107,0.0190575985193309
"PTI98_010182",8.28371838760759,-5.00709896900216,1.11512849882863,16.7599269968942,0.000791803403910579,0.0190770521973238
"PTI98_000185",12.1804631978121,-2.27518941076423,2.03265749407049,16.6897516933873,0.000818536062874783,0.0194867397069835
"PTI98_006565",32.9874241333339,2.00268550802637,0.741206167077384,16.6889282587777,0.000818855007021993,0.0194867397069835
"PTI98_000399",16.3310634941922,-1.33183323424738,0.885701795676715,16.6241097557973,0.000844352688672438,0.0198499641173357
"PTI98_006229",15.2740617627629,0.770002648109124,0.819854067057114,16.6347848574512,0.00084009981146821,0.0198499641173357
"PTI98_000838",7.49909072494221,1.78301246269483,0.806782089470391,16.5582705782864,0.000871059327874728,0.020255985166933
"PTI98_007883",3.26306627390571,2.90646140555824,1.30781405341196,16.5558248061947,0.000872067420179894,0.020255985166933
"PTI98_008544",7.67609054035598,2.4176468449147,0.901856100489543,16.5007843621991,0.000895062896317857,0.0206663629453391
"PTI98_005166",43.1803303956244,-0.0778389672097736,0.533261129927577,16.4470736289879,0.000918083299777923,0.0209630513835764
"PTI98_007897",79.7785314883593,-2.63692385546911,1.73303940868306,16.4456048891046,0.000918720993866457,0.0209630513835764
"PTI98_000432",41.3313480590699,3.20596401345291,1.62721032074842,16.3892603332856,0.00094351958513546,0.0213488960989115
"PTI98_010289",43.1215800256271,0.597321378211915,0.605403223912342,16.3822786123455,0.000946638342101771,0.0213488960989115
"PTI98_012092",5.13157167031234,0.335060497787716,1.11134614454332,16.3358474335235,0.00096764137983304,0.0216964214587998
"PTI98_010236",11.3874788290574,1.78889864526427,0.760051354090932,16.3139492023673,0.000977706978515403,0.0217961228141451
"PTI98_000392",6.74148514844056,1.20590787381486,1.15347189211612,16.2818970309586,0.000992627660585514,0.0218319950111233
"PTI98_001046",31.923925494493,-0.595881045276902,0.589622880347148,16.2787457640849,0.000994106768643495,0.0218319950111233
"PTI98_007850",13.5071496941783,-2.07330329825699,1.1115705993238,16.2742922288423,0.00099620085510926,0.0218319950111233
"PTI98_001179",13.4350657837457,2.44067169157139,0.827130862871672,16.2552371475767,0.0010052102873012,0.0218370671485814
"PTI98_007460",7.01360763867506,-0.505100884059519,0.802966642591303,16.2265004610676,0.00101895054238031,0.0218370671485814
"PTI98_011460",9.00694748209796,-3.51306829734469,1.00400590588107,16.2337620310815,0.00101546095884889,0.0218370671485814
"PTI98_012624",78.9248210983694,0.497595567524268,0.528970486290083,16.2433305382228,0.00101088088306862,0.0218370671485814
"PTI98_002854",13.7661672677,-4.90646453951697,1.20761067529264,16.1125900276284,0.00107527558769202,0.0225305186022101
"PTI98_003071",9.27050566128879,0.0959250310783411,1.0511354475717,16.120211662197,0.00107141226958375,0.0225305186022101
"PTI98_001516",28.217585500476,1.24489582053998,0.687346709757665,16.1026209349351,0.00108034969322276,0.0225305186022101
"PTI98_006436",104.35324762223,0.339584679775851,0.665663050116254,16.145379743694,0.00105875251117132,0.0225305186022101
"PTI98_013647",5.36447725050645,1.77958845963247,0.907444930950386,16.1232448558954,0.00106987861613826,0.0225305186022101
"PTI98_003313",25.9585698694874,1.38333127242079,0.687514608208335,16.0650309782016,0.00109969714248472,0.0228113647898301
"PTI98_007452",6.49830711432926,-1.01877740746449,1.20985595498768,16.0023007576096,0.00113275331005908,0.0232314621550662
"PTI98_006657",12.5918970796721,2.69277396431109,0.944732981783305,16.0047518352351,0.00113144336398332,0.0232314621550662
"PTI98_011115",8.25406734758675,3.04133975139027,0.938179438352132,15.9926672384714,0.00113791642419762,0.0232314621550662
"PTI98_003860",37.4964268309463,1.7810795945572,0.733213260033474,15.9295388466761,0.0011723333798855,0.0238088019925438
"PTI98_007967",3.96136648404737,1.96128096129685,1.08855446759784,15.8776603071333,0.00120138921420701,0.024271816468276
"PTI98_007299",23.8793293337128,0.0436147454075923,0.763701944849746,15.8275421487962,0.00123013781439135,0.0247238579379483
"PTI98_003545",21.3187210671545,-2.58337581486935,0.860953490510291,15.7411364761991,0.00128131414611247,0.0254882952449758
"PTI98_006811",5.29575397423038,2.38825090596653,0.983259627313694,15.7491538418279,0.00127647798775516,0.0254882952449758
"PTI98_007908",14.1444179395869,0.120709601660959,0.827807090283594,15.7217312782369,0.00129309498767686,0.0255914053938702
"PTI98_011070",56.1787669957992,-4.71612320006365,1.95727737790337,15.7053273539725,0.00130313758877077,0.0256592421667097
"PTI98_002850",6.68808842131443,1.13470388491091,0.980593182092356,15.6667186886524,0.00132708069619545,0.0259987172754654
"PTI98_000639",10.2705486336511,-1.45580710149394,0.852179333517703,15.6098777285003,0.00136312740302315,0.0265707095292803
"PTI98_011157",11.5717135338505,0.243218165136061,0.990294776105203,15.5972726488244,0.001371251873082,0.0265954300784255
"PTI98_013639",84.1206791789256,1.08318494074659,0.479598933315459,15.357124700145,0.00153554908958749,0.0292132485639474
"PTI98_006504",5.0011646954347,2.52157641427402,0.918583653581256,15.3560172823309,0.00153635027250458,0.0292132485639474
"PTI98_012654",23.3071686609909,0.89351914591073,0.653881938220428,15.3634096393495,0.00153100997600589,0.0292132485639474
"PTI98_012736",10.1392740994335,-3.61363464254657,1.00556799908835,15.3794362385278,0.00151949541453707,0.0292132485639474
"PTI98_004711",21.872644141473,-0.499575580510242,0.683589596108366,15.275265886676,0.00159590330867133,0.0301976045577369
"PTI98_000868",5.63114517475238,1.69893305019025,1.17170505090294,15.2297192437582,0.0016304979063787,0.0307024338778785
"PTI98_005278",47.3432793729122,3.75968180310649,1.69576544806474,15.1639343870123,0.00168178172534229,0.0315151271140229
"PTI98_001090",4.11397529349312,-1.24425615807265,1.51490841570146,15.0736077548372,0.00175481429304173,0.032569017429229
"PTI98_013255",3.60632170403581,-2.12602791291071,1.12360935684734,15.076059981281,0.00175279062932178,0.032569017429229
"PTI98_001784",3.87966436440501,-1.15582124726035,1.11700348563157,15.0483725295811,0.00177577442651609,0.0328010904783614
"PTI98_003078",4.39031459498854,-3.60353545431785,1.19027830329841,15.0118516968112,0.00180654883226826,0.0330945227208095
"PTI98_006904",16.6952588651432,1.89842274698988,0.75051433158052,14.989333414415,0.00182578702300934,0.0330945227208095
"PTI98_012764",12.2819598256366,-0.904707776692404,0.703350894312672,15.0035978611396,0.0018135769260715,0.0330945227208095
"PTI98_012851",8.0789206987732,2.13975880383889,1.14118275533184,14.9929987971094,0.00182264176126328,0.0330945227208095
"PTI98_005590",3.68994201474571,3.17261100927179,1.2507498960771,14.8542487583521,0.00194553602816249,0.0351010895499642
"PTI98_012567",18.0383842933852,-1.88396892255788,0.81371176568507,14.7849310466658,0.00200997639752529,0.0360958261388917
"PTI98_001259",8.98148577149165,-0.910415168167797,0.843496853867797,14.7019412254166,0.00208991647402589,0.0370172876837736
"PTI98_005551",5.09050341186199,-4.315967630756,1.27400695668337,14.7094001719626,0.0020826045044328,0.0370172876837736
"PTI98_010693",12.6135440293187,-2.11209754245557,0.73845963402041,14.720146407198,0.00207211460741858,0.0370172876837736
"PTI98_000558",20.8772525668095,1.29204351318099,0.892107706535017,14.6593100424555,0.00213219885582382,0.037371477676897
"PTI98_006615",13.2551261306022,1.84075328547651,0.851255707361361,14.6527140790169,0.00213881620115265,0.037371477676897
"PTI98_012885",13.2810610785077,1.75785300575354,0.684766941357144,14.668492809881,0.00212302011708388,0.037371477676897
"PTI98_006153",9.64587656343238,-0.749678617842204,0.824037356259382,14.5669013391175,0.00222678592850648,0.0385869959826235
"PTI98_006187",38.2654214960484,-2.80104298623472,0.715864025672371,14.5654758318806,0.00222827715908937,0.0385869959826235
"PTI98_004961",96.5606416121638,0.412898027249896,0.48941730358185,14.5538985310425,0.00224042497008339,0.0386249264842377
"PTI98_000470",29.8492365448453,1.174242243803,0.677887619445127,14.5105218771555,0.00228652592251433,0.0392452834222704
"PTI98_011112",74.8823832040793,-2.14886001105003,0.666157989265757,14.4676580725989,0.00233300554044568,0.0398666453365145
"PTI98_001518",16.169138407958,0.984967356270535,0.624606919763304,14.4382782768112,0.00236540356609706,0.0400672507986485
"PTI98_011372",17.0934603194307,1.40972422042101,0.794227448959521,14.4474883165828,0.00235519965674265,0.0400672507986485
"PTI98_006437",30.3824036968448,0.73414278088675,0.809353168284952,14.4148460100385,0.00239156248286932,0.0403342211784787
"PTI98_000444",11.8383103939846,-3.38861149247689,1.0440808473564,14.3866166460103,0.00242345783824382,0.0405197972178784
"PTI98_008656",18.1781044530801,1.5268212768222,0.820773385629121,14.3876780360133,0.00242225101668922,0.0405197972178784
"PTI98_007318",43.2703373168484,1.49488993429999,0.775460577650429,14.3508692918259,0.00246445326520182,0.0410283871919222
"PTI98_008047",14.5352336841457,-1.72808880982331,1.17193419906906,14.3077818362198,0.00251478100935901,0.0416873313474512
"PTI98_009865",60.817878609253,1.12730514447111,0.554916574737804,14.1419400977907,0.00271817818561107,0.0448672901361079
"PTI98_012912",5.66871327074441,0.318651700477018,1.1171689319121,14.0484837651381,0.00283989537919532,0.0466777719317739
"PTI98_005833",16.0704297951617,-1.55351829718248,0.750365224128851,14.0019027584124,0.00290256393825378,0.0475065211666094
"PTI98_005488",41.1343746770553,0.933304433591238,0.591921341907303,13.970970978361,0.002944933701224,0.0479974698615458
"PTI98_000536",4.59602489687751,-3.00019922128796,1.17766327506139,13.9498851736208,0.00297416734077178,0.0482676531951423
"PTI98_007482",19.280640600479,-0.861033156617358,0.859273121977869,13.9322475844525,0.00299884104666906,0.0482676531951423
"PTI98_005928",15.3678452473569,0.478417301175484,0.741268256773546,13.9368585844813,0.0029923710800701,0.0482676531951423
"PTI98_011666",15.5304197959606,0.579817901543224,0.777515011415887,13.9193908576524,0.00301695437554395,0.0483585372840288
"PTI98_005336",289.114431146012,1.51884500723984,1.35118492182644,13.9050249639993,0.00303732216860504,0.0484846612840286
"PTI98_008833",25.7649471525383,1.04650983595224,0.681683080953498,13.8884781073173,0.00306095098770081,0.0486615937757845
"PTI98_006099",7.45571514623524,0.747166307025691,0.981708440584247,13.8776978847964,0.00307644297108531,0.0487082542238364
"PTI98_006583",41.5962946289503,-1.8083367647065,0.582705657528883,13.8637401850131,0.00309661668172502,0.0488283581642738
"PTI98_002315",7.75974311449237,2.55781375933124,0.935099425008154,13.7429158518735,0.00327681797635701,0.0506405455389993
"PTI98_007237",47.314563510525,-2.22148353685121,0.651864369243835,13.7724936984525,0.0032317668827024,0.0506405455389993
"PTI98_007782",8.62596157647697,0.718675173440226,0.742801856456981,13.7664338660242,0.00324094657800529,0.0506405455389993
"PTI98_006060",14.3534561675234,0.323712771741459,0.720448592827282,13.7516887791954,0.00326339110381378,0.0506405455389993
"PTI98_011640",25.002007063603,1.45833077981891,0.587885817069996,13.7506288833732,0.00326501036423039,0.0506405455389993
"PTI98_002435",51.005183532025,-3.14589084050106,0.836283751367197,13.6731565714574,0.00338554966248798,0.0518471812043527
"PTI98_005851",10.0045405348661,-0.12093542303834,0.813098269768445,13.6672021005012,0.00339499459291199,0.0518471812043527
"PTI98_010523",11.9848921491013,1.30837327803825,0.675686887081754,13.6689294180808,0.0033922520525278,0.0518471812043527
"PTI98_002430",41.2422460453883,3.8972220937652,2.21461838454046,13.6461955989923,0.00342852384601984,0.0520994880945745
"PTI98_002545",3.38238564117694,0.61326881357758,1.21398491144,13.6072999950362,0.00349147472662459,0.0520994880945745
"PTI98_003228",6.91260324084024,2.23106232352739,0.854617160955553,13.6119310048742,0.00348392000748554,0.0520994880945745
"PTI98_005906",3.84795629296493,-4.26047941132842,1.2530654417587,13.613703561457,0.00348103266382298,0.0520994880945745
"PTI98_010687",29.2794047774642,-2.72673657016597,0.769493370505305,13.6136547213145,0.00348111218849358,0.0520994880945745
"PTI98_011732",25.4552455536941,1.72771087703904,0.712379596771816,13.606915413118,0.00349210283696555,0.0520994880945745
"PTI98_012636",15.0225452890812,0.4886250860552,0.758897861236136,13.5504154344391,0.00358560666622013,0.0532895335565819
"PTI98_004006",4.91298741810834,-1.85267601903879,1.19561778858545,13.536353818227,0.00360926047410892,0.0534147871359361
"PTI98_010025",4.56600206581023,0.61823748696846,0.98034144086019,13.5290692757849,0.00362157489475411,0.0534147871359361
"PTI98_000630",3.68587023477994,-1.9030583633163,1.41731469037554,13.4939531402952,0.00368152446678802,0.0540933083586012
"PTI98_008671",38.1858059049878,1.48794542548945,0.649250296397617,13.4494167587344,0.00375897141828864,0.0550228306850628
"PTI98_001118",5.57385348444551,-3.39535305912083,1.1335844939693,13.4389290731437,0.0037774424917303,0.0550853361857964
"PTI98_005460",6.51922913756879,-2.33643758764806,1.17197935187645,13.4192373618253,0.00381236696161803,0.0553864099030575
"PTI98_005342",5.11666935419884,1.66506695748701,0.95895345264908,13.3800438832247,0.00388283323987517,0.0561996646920738
"PTI98_008732",12.911546725759,1.41939744357904,0.693606784966578,13.3558154077265,0.00392703722595612,0.0566281687713151
"PTI98_004337",17.8692414687982,1.35656540919267,0.709127144449109,13.2981460930911,0.00403426723526018,0.0579589726132379
"PTI98_010244",11.3875391757922,1.00286006905193,0.765509256896972,13.276773646071,0.00407473896736814,0.0583244002008155
"PTI98_002274",11.6088899035496,-3.29198516219511,0.941196840721025,13.2633837660046,0.00410029910618992,0.058338305245752
"PTI98_003830",7.81299185515082,-0.476096189011413,0.75833125248189,13.2605183812148,0.0041057894643182,0.058338305245752
"PTI98_000495",3.42542287408069,1.94705060400772,1.04943193183371,13.2521422439299,0.00412188073077157,0.0583531947250471
"PTI98_001772",9.83246525391232,-0.776724495577025,0.870441023284044,13.230404082029,0.00416393340568777,0.058640455225615
"PTI98_010013",11.2711600872336,1.32830555548294,0.948366106088051,13.2183043588758,0.0041875241292847,0.058640455225615
"PTI98_010162",35.5971215671255,-0.860070256822632,0.787777438323303,13.223339911112,0.00417769032751445,0.058640455225615
"PTI98_012817",13.0063677725557,2.12907177225189,0.811368014966633,13.2094830682729,0.00420480626194273,0.0586706600362441
"PTI98_010726",8.54809500200529,-0.814192316262683,1.05379967119996,13.185075325852,0.00425299320601665,0.0591303248965541
"PTI98_007980",11.2315119027054,1.84134048878468,0.96589644216802,13.1334671102767,0.00435668766212145,0.0601408948091428
"PTI98_006935",3.55101832315949,-0.763181075492216,1.11205874955197,13.1361618942327,0.00435121173967415,0.0601408948091428
"PTI98_013621",116.276825576672,1.57516692520399,0.564037683144875,13.0687734771081,0.00449021482836164,0.0617643380114
"PTI98_012433",10.6725143293306,-2.39695397557108,0.801117414864304,13.060361740955,0.00450787149375029,0.0617881043259978
"PTI98_003479",3.46697746543009,3.15065575606583,1.28686048393793,13.0511439806191,0.00452729895490326,0.0618358895988371
"PTI98_008652",6.71043781852786,0.720822839917993,1.14230833051703,13.0129189488661,0.00460875060009339,0.0623696534193167
"PTI98_009616",4.85177656955334,2.16343256333126,1.04470833015148,13.0101927834181,0.00461461472836914,0.0623696534193167
"PTI98_010894",12.1793174380588,0.350047240365592,0.856958710229699,13.013965688674,0.00460650096638013,0.0623696534193167
"PTI98_006169",20.3663221380191,-2.70042369339792,0.774061793935318,12.9750235335621,0.00469093097941803,0.0631809766290365
"PTI98_008659",5.48775450263523,2.16105028790109,1.18412854044853,12.966791415947,0.00470897404384731,0.0632045339656876
"PTI98_011253",5.21944937494188,-1.82458804850596,1.06753190329275,12.9059147021206,0.00484455162925695,0.0648000543789232
"PTI98_000359",35.0432471395786,0.20388139710749,0.626829981578829,12.8898313907107,0.00488101090366032,0.0650633721487918
"PTI98_001181",29.8296161976609,-0.0357459616790557,0.600509267593178,12.8505440510217,0.00497121686302083,0.0656036942519287
"PTI98_006915",53.4763559540633,-1.58108707393412,0.555861838738105,12.8540087738878,0.004963195793521,0.0656036942519287
"PTI98_012036",15.8482463375871,1.94486526124504,0.661431205346594,12.8500839074357,0.00497228309102012,0.0656036942519287
"PTI98_006013",9.05294438923859,2.43533706645642,0.819306238509053,12.8374812412265,0.00500157364765226,0.065766454844892
"PTI98_006111",4.17807541033628,0.768566781725823,1.01325870594165,12.8235225024479,0.00503421519404292,0.0659720295192313
"PTI98_008400",6.53584973619267,-1.77021879071554,0.994949955467639,12.7879124578111,0.00511844448182792,0.0668499870202374
"PTI98_006224",7.69432349074578,2.04753331608099,0.842143573828835,12.7766753339581,0.00514531216749112,0.0669753889184498
"PTI98_001073",29.4411503627429,0.809013796757598,1.9653259179123,12.7427639110836,0.00522724219256009,0.0678142891804034
"PTI98_010690",8.57202280946951,2.37064072853856,0.842636072377554,12.6940779486028,0.00534712844355014,0.0691383707751033
"PTI98_012734",15.5959949072469,-2.61253977094211,0.878900857689809,12.6730487995133,0.00539974873970391,0.0695867952203039
"PTI98_000400",21.4167276213003,1.91184324722499,0.704436963378138,12.6189455445602,0.00553749431902584,0.0711256306738452
"PTI98_001316",18.1561172137521,-2.4544872473547,0.780000784262628,12.5712170100173,0.00566189137667438,0.0724834212875245
"PTI98_005295",6.35422134560043,-0.667519033342502,0.974543845744119,12.5235133145557,0.00578898425647911,0.0738666774042186
"PTI98_010136",4.85237632726835,2.70413822704235,1.00533487382779,12.5125408333922,0.00581861402549881,0.0740013239505242
"PTI98_005188",51.5493617368188,-0.600446150344152,0.564944878161345,12.468558191183,0.00593889614809886,0.0752842423479591
"PTI98_012247",5.7214843680182,-4.01840256793669,1.21673426566173,12.456330007184,0.00597277189304268,0.0754670429091614
"PTI98_004859",39.1347264277673,-1.50019524307585,0.58821247522968,12.4187112818133,0.006078189484268,0.0765496656151804
"PTI98_005920",5.12696809714714,-2.48328227722605,1.01647570882453,12.406949333159,0.00611152547920201,0.0767204120835748
"PTI98_001455",6.05441570826585,3.00805535324987,1.05719714651511,12.399437854954,0.00613290919545323,0.0767404992553648
"PTI98_005027",46.4594911402333,-1.86090859014763,0.614723088444754,12.3692723875268,0.00621953189276227,0.0775741614534561
"PTI98_010971",9.20229827114301,0.54241599402493,0.869233950465707,12.3502105297388,0.00627489208563425,0.0780138025646642
"PTI98_007036",15.2738833585728,-2.30894863187353,0.86111749732286,12.319636680782,0.00636470469217265,0.0788776022394176
"PTI98_007074",10.5067958917163,-2.20624857151305,0.797316708343582,12.2718800019867,0.00650754159138272,0.0801357264538843
"PTI98_010263",5.88611584142382,-0.813397828250725,1.17878728935994,12.2769644836144,0.00649218480120248,0.0801357264538843
"PTI98_008835",64.3877144525124,-1.42837251088559,0.631897971177592,12.2305239806797,0.00663379115285592,0.081380234531932
"PTI98_010337",5.76988517668412,2.05473388052152,0.932551961222723,12.2250885498587,0.00665056312106792,0.081380234531932
"PTI98_008442",9.4861447601792,1.49257649944624,0.87075626713517,12.2169822409739,0.00667565443151844,0.0814303884901259
"PTI98_005781",36.5285490313946,0.0136430643004626,0.668697390746676,12.2090632504382,0.00670025626729471,0.081474276052778
"PTI98_005192",7.99101269938092,-3.19894700802362,1.13802007083666,12.1893724788568,0.00676181841285031,0.081888995049435
"PTI98_009229",11.1801906008275,-0.150960677804484,0.791969142088021,12.1846761787209,0.00677658350370421,0.081888995049435
"PTI98_002043",21.6921282028428,1.77354683207861,0.838522563172566,12.1434242598608,0.00690765545339261,0.0829560232313001
"PTI98_012032",6.75316946251993,-1.96187978412364,1.09664972252939,12.1491127509185,0.00688943328684396,0.0829560232313001
"PTI98_008837",9.2532958570033,2.02384949261801,0.78808520188614,12.1014346865156,0.00704364353678918,0.0838648633844375
"PTI98_010174",9.16118095408981,1.79053304232412,0.945612943991208,12.1000434378881,0.00704819424164131,0.0838648633844375
"PTI98_012453",6.64133671954541,1.36234461827115,0.98534404755475,12.1099670262546,0.00701579810822248,0.0838648633844375
"PTI98_002536",21.9865176219848,-0.866262587929169,0.698197780579393,12.0695614235143,0.00714863164596464,0.0847998231030485
"PTI98_003802",76.776296757167,0.702244371564883,0.519280025209642,12.0576252645917,0.00718834508760556,0.0850109469354328
"PTI98_000120",5.93280795061828,2.09397157048913,1.15943281162302,12.0391912551326,0.00725010652137305,0.0854807391988026
"PTI98_004083",17.7401217511352,-4.88417396127573,1.79400054697155,11.9739292884939,0.00747300341372935,0.0876542321922777
"PTI98_000669",23.596204586614,-1.44976780773842,0.728517298179535,11.9720137465781,0.00747964703677337,0.0876542321922777
"PTI98_001221",28.8157612171381,-0.502498555656047,0.67892339403599,11.9207427139316,0.00765965304719979,0.0892508192660209
"PTI98_009764",12.1839265709301,1.54987878361901,0.810403461876181,11.9201093421026,0.00766190327805748,0.0892508192660209
"PTI98_010631",5.00364277972355,-2.55919831517273,0.980489321441327,11.8851641078161,0.00778707304513194,0.0900800849846702
"PTI98_011923",4.87545241920706,-3.32247208523884,1.23215288134916,11.8880112347818,0.00777679984348967,0.0900800849846702
"PTI98_012728",3.18460481951441,-1.3840748690517,1.40710842091385,11.8808235769332,0.0078027606483241,0.0900800849846702
"PTI98_010203",8.13397381696275,1.98381016000144,0.825459118563386,11.8690408276187,0.00784550355246596,0.0903047723442596
"PTI98_001186",34.8606845944643,1.0570152093955,0.593070611768539,11.8447304305167,0.00793442358994959,0.0910580742763742
"PTI98_005255",54.2352678616558,-1.93615848939685,0.861110843407337,11.8242643719089,0.00801005327485246,0.0916548573839313
"PTI98_000443",10.5290698640943,-0.965672898939293,0.957836898001894,11.8073093194053,0.00807324730987626,0.0918899583522812
"PTI98_001619",64.2179324664006,0.479517905776149,0.556259258028858,11.8060454053306,0.00807797777729515,0.0918899583522812
"PTI98_003416",5.60137520420335,2.41443785125014,0.901270544846212,11.7674011116876,0.00822394088728661,0.0927344962261184
"PTI98_000184",8.22774983803848,-0.912966241916134,1.33444709063018,11.7767200976431,0.00818850569364866,0.0927344962261184
"PTI98_008528",42.2175866425429,1.51123481481543,0.552062264042705,11.7688487435337,0.00821842638935764,0.0927344962261184
"PTI98_007815",25.6760176998723,0.628459062150024,0.733958937905713,11.7588258032318,0.00825668201250995,0.0928338247145683
"PTI98_000100",23.5041628500887,-2.56167460366347,0.828255215163618,11.7357668860173,0.00834536226620415,0.09355971164915
"PTI98_005281",194.752382827818,0.154572201530398,0.448547082319522,11.6963459310417,0.00849915095304143,0.0950092407690136
"PTI98_012790",3.9804417580235,2.73321791791386,1.21294459018055,11.611479314449,0.00883979014297956,0.0985331780592463
"PTI98_006521",12.6030540945468,1.00788304367474,0.792571834492591,11.6015311383832,0.00888059238660494,0.0987043491909471
"PTI98_008418",6.45461075372248,2.31112422408706,0.935612982245124,11.5874030847627,0.00893885795584629,0.0990680857449365
"PTI98_010524",25.0645199817613,2.89063117369502,1.45404500085272,11.5768614021865,0.00898257860600016,0.0992690097227198
"PTI98_001336",6.51121233032256,1.53193380280385,0.883964659530104,11.5632004140834,0.00903955039289105,0.0994266156358695
"PTI98_008858",25.1419767503859,0.945259902673782,0.610622753081323,11.5611567322081,0.00904810397511264,0.0994266156358695
"PTI98_003202",11.1858239073745,1.13328032543099,0.806058397882139,11.5411774867826,0.00913214657771588,0.099784779084394
"PTI98_009937",5.62298815544986,1.86651906448876,0.956306592145104,11.5468923653113,0.00910802861202473,0.099784779084394
"PTI98_001701",37.4371717150681,1.12883479360797,0.614255128499228,11.5095559380362,0.00926673964821349,0.100833237966748
"PTI98_006785",95.8570497075088,0.334951501761613,0.523265217619385,11.4943681748564,0.0093320784815835,0.100833237966748
"PTI98_012181",40.6320508481938,0.927724706016048,0.773306647249111,11.5057250676085,0.009283177624182,0.100833237966748
"PTI98_012980",3.67601826227149,1.24163157139216,1.09071482530731,11.4986979728317,0.00931340519436353,0.100833237966748
"PTI98_013161",141.307287910495,-0.242461215517318,0.443975507531333,11.483828139619,0.00937768947632386,0.10104460410739
"PTI98_002365",3.96107175750615,5.7386414192272,2.21341509065768,11.4359497228228,0.00958766335448,0.102768012085061
"PTI98_009968",16.0631756418707,-1.7468207660354,0.669350848228354,11.4352826455451,0.00959062139076875,0.102768012085061
"PTI98_006499",8.64917219744315,2.14607294779704,1.05151907117797,11.4069220597951,0.00971721779868832,0.103837707551273
"PTI98_011632",6.55083008955533,1.87386744359681,0.919040373707647,11.375873474795,0.00985770389757252,0.105049542359021
"PTI98_007350",66.6663251095493,0.91010294473955,0.591398276160773,11.3643445418843,0.00991037764080467,0.105321520188168
"PTI98_001828",23.204917218859,0.68439866318419,0.663377005769553,11.3494188774681,0.00997898308542706,0.105760861716862
"PTI98_004354",6.71718069419029,-1.92728458369598,0.927094107593105,11.3346275404299,0.0100474332545711,0.106196167832374
"PTI98_009573",5.5302990951023,2.5406307072244,0.97816946013169,11.3147164411652,0.0101403081428972,0.106886563277984
"PTI98_003448",13.0057172184541,-0.0683372815067303,0.785338369266544,11.3071555837166,0.0101757970031376,0.106969963618349
"PTI98_003637",6.47853337888398,-1.72987857637509,1.06661553591209,11.2738842797586,0.0103334258462086,0.1079967743779
"PTI98_005948",8.02989290869338,1.72080527266048,0.898364995345713,11.2732099147623,0.0103366455486063,0.1079967743779
"PTI98_013011",19.3797607834292,2.6135364289268,2.32438953445982,11.2689516324007,0.0103569992442843,0.1079967743779
"PTI98_000887",309.402472770042,-2.07829588472644,0.730110601728062,11.2443997687324,0.010475125314769,0.108812049873186
"PTI98_008051",7.40345806851061,-1.41494049710704,0.945901992496985,11.2410616719203,0.0104912881290466,0.108812049873186
"PTI98_007481",7.96853490747329,-0.710813965498767,0.970568473441844,11.1982613793182,0.0107007161944332,0.110688208315217
"PTI98_013192",7.29165143630287,-3.83333139749043,1.25010362556711,11.1834570769436,0.0107741111699879,0.111151003266976
"PTI98_008367",3.1994723351439,-0.149130960703317,1.01239579843828,11.1252552160947,0.011067500274321,0.113874890090428
"PTI98_003635",13.6497220177939,1.43435722568109,0.718191595616893,11.1058088308753,0.0111672722003345,0.1145974837701
"PTI98_002655",19.3919457132245,0.34284203959547,0.634492329983422,11.09250514922,0.0112360385924985,0.114998927969134
"PTI98_002756",25.1652916242737,0.806057437830253,0.693275994537353,11.0309118381262,0.0115598925147545,0.118002165959823
"PTI98_012854",14.8912671986015,-1.45656096037117,0.701315145579508,11.0235446504698,0.011599239638434,0.118093046082639
"PTI98_001244",6.26657722559587,1.94484755920783,0.950838433601613,11.0104336787074,0.0116695903085146,0.118498274363163
"PTI98_006260",6.76677191114086,1.39055597628005,1.01580544013671,10.9670899693686,0.0119051701316933,0.120574817077907
"PTI98_000737",5.74022675988876,0.105507585102142,0.97074522586377,10.9402359897898,0.0120534708834576,0.121758889471177
"PTI98_012295",32.6455963650932,-0.731902626437693,0.548184304375914,10.9193896812153,0.0121698482374911,0.12261517224215
"PTI98_003377",11.4735537071775,1.1435922958367,0.662379385945254,10.8592362527003,0.0125119061566398,0.125734932594833
"PTI98_002899",12.2200991981154,-1.72357863335271,0.80254919840964,10.8323609324191,0.0126677759210368,0.125995648199236
"PTI98_001133",4.73824237747026,-1.06565486751616,1.26602753906862,10.8343330928334,0.0126562731564801,0.125995648199236
"PTI98_004855",6.91018105327623,1.14823735016655,0.823845443092718,10.8367803196667,0.0126420138407485,0.125995648199236
"PTI98_008811",28.1520561727484,-0.0917618046926271,0.676756940079867,10.8450856322035,0.0125937389897166,0.125995648199236
"PTI98_006824",10.2287164264296,-0.955033070613758,1.01530490113723,10.801933725874,0.0128465556199024,0.127447031328904
"PTI98_001859",5.9351277773885,-2.7551550142838,0.906501684119887,10.7773783721658,0.0129926448556928,0.127957907286084
"PTI98_009758",55.6795266413522,2.01170433915516,1.44595215481146,10.7766482613419,0.012997013526867,0.127957907286084
"PTI98_010143",5.81473724961184,-1.18413732788756,0.949226076249822,10.7848114697758,0.0129482506263282,0.127957907286084
"PTI98_010366",8.28566932233259,0.209972674798045,1.01392294419251,10.7677690420645,0.013050258930699,0.128156846562484
"PTI98_001343",76.3679666478986,0.34135412439593,0.535038799857923,10.7526161518053,0.0131416219131818,0.128728160104121
"PTI98_012571",5.19843035071205,-2.65125777617161,1.00716454846194,10.6722473934076,0.0136368324378631,0.133242501326124
"PTI98_002594",37.0639559963996,1.07449312007199,0.640310137983329,10.6475665916921,0.0137925647955898,0.134088618651862
"PTI98_007427",10.4994433461406,-0.651915272009675,0.719233890300074,10.6523820229039,0.013762043211049,0.134088618651862
"PTI98_001566",9.29328017404326,-0.236794065049052,0.759317393040282,10.621610828972,0.0139582314343412,0.135359949334524
"PTI98_012608",6.9835595778727,-2.50797245417955,1.12126223871408,10.5844644136474,0.014198737908357,0.13700722474258
"PTI98_013286",30.3234504752836,-1.71615954512363,0.867619077557575,10.5892469089815,0.0141675460174937,0.13700722474258
"PTI98_000547",110.950515034498,-0.0853089717973186,1.78162753950151,10.5404667396094,0.0144888856536059,0.139460018487189
"PTI98_012411",112.902672735075,0.143570378500132,0.734114698108076,10.5244881894678,0.0145956964635738,0.140140362827235
"PTI98_007356",29.5928588079518,-0.337847757069164,0.835476911990369,10.500395342999,0.014758215544574,0.141350908882476
"PTI98_012846",28.9497090378647,0.159788183462115,0.657685075951541,10.4911757982067,0.0148208764186481,0.141601427655015
"PTI98_013610",381.395340928193,0.954866265300286,0.582196805628035,10.4810997996309,0.0148896577249536,0.141909047457236
"PTI98_005248",6.81184383562114,2.98130259552328,2.05506355819616,10.4717448352401,0.0149537982954622,0.142171038206123
"PTI98_004261",21.3826348639391,0.772960344117758,0.926221284991159,10.4557844141166,0.0150638563157275,0.142324724685751
"PTI98_005377",59.182456896309,1.41808681797277,0.503111495555731,10.4534476645136,0.0150800365676318,0.142324724685751
"PTI98_012043",50.1217475070073,1.00455169545896,0.598482892797268,10.4604387456774,0.015031679428938,0.142324724685751
"PTI98_010985",14.4626755244815,-1.03560109489726,0.7899533765948,10.4433798995802,0.0151499441778159,0.14263745986832
"PTI98_003982",9.21968001793287,1.77933773401698,1.15857329332894,10.3171527477669,0.016053964984402,0.150539028818128
"PTI98_011741",6.93716313106063,-2.82637883925934,0.936752558585504,10.3154100104797,0.0160668105003106,0.150539028818128
"PTI98_011095",21.6449547421033,-1.32752706252441,0.729657042955108,10.2611645315907,0.0164717429285189,0.153961182698132
"PTI98_009742",12.0583286443554,1.17428780050086,0.840155265634239,10.2253784633032,0.016744357996921,0.156133088149174
"PTI98_008927",7.77120392681716,-0.639650777438488,0.943912314438711,10.1998538053684,0.0169415091974563,0.157592599944683
"PTI98_008582",8.79871916303768,1.07463097757991,0.908825181503633,10.1820325789154,0.017080511114239,0.158505508641466
"PTI98_003095",68.1465877644904,-1.2952442524041,0.585295781417982,10.1519488540392,0.0173177070012074,0.160323115650796
"PTI98_006533",9.53544835871105,-1.1511636815916,0.853257508700137,10.1257767264418,0.017526694396761,0.161871541821514
"PTI98_002678",38.4706059176775,-1.75308162408766,0.592897970139417,10.070355031995,0.0179774621370444,0.165421304409714
"PTI98_008669",5.35344745824683,-0.666782151515934,1.29468754036523,10.0680643088271,0.0179963368035316,0.165421304409714
"PTI98_007469",5.21554651551173,-0.775019736984662,0.889750195228834,10.0419905877935,0.0182125517318178,0.166619075867267
"PTI98_011410",4.2432609207849,-2.22347092041907,1.10954946114144,10.0452855467122,0.0181850881396957,0.166619075867267
"PTI98_003959",84.2006208002879,0.403787298181544,0.536559831429808,10.0062990834213,0.0185126667631278,0.168257263237918
"PTI98_000183",12.6181610545611,-2.03006769033302,2.06860883359222,10.0025315193915,0.0185446288725735,0.168257263237918
"PTI98_006078",14.0657391183589,-1.85853635052451,0.793948445192319,10.0111178524054,0.0184718656655963,0.168257263237918
"PTI98_011064",11.1567057774522,-0.919263503787575,0.83807573765323,10.0001192160267,0.0185651221102936,0.168257263237918
"PTI98_010775",14.8932724749491,1.21425946998193,0.700556276229261,9.97511035278487,0.0187788957490325,0.16968100126357
"PTI98_012078",13.1055143366111,-4.82263096965718,1.87865253201287,9.9715295945209,0.018809701093925,0.16968100126357
"PTI98_012674",1400.91226946008,-1.03978909105177,0.895448234012143,9.96200008900303,0.0188919258085937,0.170027332277343
"PTI98_012172",4.32139707667239,-2.30564946511581,1.09071093490056,9.94891207947886,0.0190054308206024,0.170652930909993
"PTI98_010130",14.831962985884,0.786172524070963,0.632444972234302,9.914941535981,0.0193031747592175,0.172131068714953
"PTI98_011172",12.8817444768048,1.6635480777501,0.766917235380038,9.92198547845251,0.0192410619376819,0.172131068714953
"PTI98_013457",4.93484422278181,1.70337960343152,1.12808841461824,9.91658761234919,0.0192886421953661,0.172131068714953
"PTI98_005339",31.0440396477253,0.247582483005334,0.540834721120091,9.90239072665157,0.0194143352472789,0.17272524409219
"PTI98_010218",4.34623178402361,-2.19699552314385,1.38788361433153,9.8681704274362,0.0197206240618043,0.175048743102377
"PTI98_011074",3.9951504834096,1.39380114811328,1.17490335827974,9.84734486071002,0.0199093417606382,0.17632040340072
"PTI98_001201",4.75445727507012,-2.82369678309222,1.10874788631119,9.82641380545099,0.0201008027125633,0.176805019777852
"PTI98_006370",38.4771589263082,-1.42052341759679,0.560475309889431,9.82715524530958,0.0200939898039011,0.176805019777852
"PTI98_011753",9.42210481005038,-1.47822280639346,0.894672090763816,9.82666450620978,0.0200984988310326,0.176805019777852
"PTI98_002423",209.929403589451,0.920112423064663,0.555950905675489,9.81797882522307,0.0201784695932065,0.17708661437115
"PTI98_006867",11.4938169997619,-1.81697197796444,0.983779821029506,9.81251351874197,0.0202289498628281,0.177128886044944
"PTI98_000142",18.5232848252725,-1.40483340157879,0.707856380072736,9.783533823418,0.0204987003889749,0.178358096006532
"PTI98_008672",14.9742012019856,1.44846985149028,0.701535851615094,9.7842934698004,0.0204915845191732,0.178358096006532
"PTI98_012788",4.55095301008465,0.258732820357132,0.897551665380105,9.78261903978245,0.0205072727040251,0.178358096006532
"PTI98_004323",4.44696711761302,1.32226225335649,1.0978326564064,9.76823828663953,0.0206424964534124,0.17913253633733
"PTI98_011086",8.33072822235819,-0.313068997557083,0.909959286097482,9.74641825774741,0.0208493464993974,0.180523694355274
"PTI98_006168",8.57632109080521,-2.70357588591887,0.949192762647979,9.72917693873482,0.0210142295819401,0.181142658996324
"PTI98_006817",4.0531230017422,0.0135508367045824,0.966178700849751,9.73290024510457,0.020978514610767,0.181142658996324
"PTI98_006231",78.5097850983181,-0.0384744202403666,0.506901209374958,9.71918754101883,0.0211103458554943,0.181567697502134
"PTI98_004701",78.4242539930774,0.866827569958235,0.500782316583148,9.70947742720237,0.0212041886011091,0.181971344211731
"PTI98_000229",4.45747402309378,2.52726746820475,1.10695942913244,9.6841858344954,0.0214505446352508,0.183679166976022
"PTI98_003252",7.49905174056469,0.125445546714434,0.854229673505995,9.65422711683659,0.0217459989737702,0.184984057059769
"PTI98_006246",9.04127765311469,-0.763203590186285,0.84177424673212,9.65731616853677,0.0217153508002234,0.184984057059769
"PTI98_012829",8.94611241127858,1.14024467887862,1.55651471054173,9.66271930454474,0.0216618452503345,0.184984057059769
"PTI98_011371",82.780918119432,-1.05852815784321,0.644991842020409,9.63700301952241,0.0219176687533788,0.186036405020473
"PTI98_008503",18.7436435922796,-1.82970177123719,0.783092229363799,9.60263646394222,0.0222641792530139,0.188564959219303
"PTI98_011781",11.6653448903399,-2.71739353807369,0.96807792773481,9.57584742814811,0.0225380113733832,0.19046829219467
"PTI98_004814",12.3855239892626,-0.615585429077167,0.794137821766229,9.51349076521414,0.0231882735910542,0.195537637521085
"PTI98_002738",4.26313994405797,-2.90048048343027,1.38966822530634,9.47106363840193,0.0236411956016175,0.197990977304851
"PTI98_001697",43.2076860867561,-1.39029204254404,0.6791671536861,9.46715314664323,0.0236833754754965,0.197990977304851
"PTI98_006523",4.10227104966228,0.894740460192229,0.931091188778207,9.47115974045892,0.0236401599410134,0.197990977304851
"PTI98_010559",19.552127025106,-0.737998184207856,0.764047827060822,9.47636530294552,0.0235841277404122,0.197990977304851
"PTI98_003158",4.03386546643293,0.00677475054757024,1.0617742297905,9.44521614818328,0.0239213675686554,0.198049224419978
"PTI98_003164",7.8307172357941,-0.673346453161246,0.800322178984263,9.44944885309303,0.0238752654871456,0.198049224419978
"PTI98_000664",4.73260318329313,0.96736362638288,1.03136929425351,9.4429920843861,0.0239456267731295,0.198049224419978
"PTI98_001993",46.3955477450968,-1.09251843628729,0.591021320788416,9.44719867384001,0.0238997632906147,0.198049224419978
"PTI98_013337",6.3467908247733,1.55301072742873,0.98710718736626,9.45339258544858,0.0238323892988368,0.198049224419978
"PTI98_005359",8.97710993714371,-1.34187348358718,0.785180400816607,9.43251742375192,0.0240602050669586,0.198237605870507
"PTI98_008660",15.7159983327894,0.619161704008255,0.69922384944336,9.42691398855729,0.0241217195078317,0.198237605870507
"PTI98_012801",17.6646748814846,0.64210662583091,0.64685622878571,9.42750149675581,0.0241152626178578,0.198237605870507
"PTI98_003981",9.03249624731358,-1.90514777744905,1.20602566739187,9.4132469933547,0.0242724033143172,0.199054233522698
"PTI98_001400",4.79626476180624,-1.23858362151408,1.01183784000507,9.40820516062056,0.0243282242294264,0.19909110081423
"PTI98_012085",5.68734576507102,-0.419968907674236,1.19446166466148,9.40013312816501,0.0244178564233439,0.199403926455055
"PTI98_012708",12.3872848105352,-1.83688367257829,0.898415209610128,9.39052439320105,0.0245249745273081,0.199857933175269
"PTI98_002502",10.728298784224,-0.816330571624398,0.801578726403175,9.37464070518601,0.0247030571661804,0.200887125257052
"PTI98_004708",10.7473339004797,-0.968900846237115,0.734871493936845,9.34509461740286,0.0250376976856576,0.203182488122732
"PTI98_001057",8.99351981522577,1.21624878266574,1.02812057991499,9.34016267235371,0.025093988416853,0.203214156720194
"PTI98_000081",12.4928375045658,1.18123598532917,0.780769477981342,9.32705102266843,0.0252442423267346,0.203295421995192
"PTI98_000235",27.9243447431818,0.699710432476982,0.682267016190853,9.32557159660219,0.0252612511991963,0.203295421995192
"PTI98_013190",7.80325651085256,-2.68851461045179,1.02107032470799,9.328642395603,0.0252259589433758,0.203295421995192
"PTI98_005526",9.26700076124618,0.240914913818172,0.692300544276653,9.30789870383636,0.0254653062475896,0.203669944194639
"PTI98_007099",19.22191286862,-0.33173702566394,0.919429388865506,9.31340937799794,0.0254015060295282,0.203669944194639
"PTI98_010764",70.095621008546,-0.0572927428380938,0.572523343324857,9.311306170848,0.0254258375450163,0.203669944194639
"PTI98_012696",9.24846405328993,-0.74582342788227,0.728279606520457,9.30125117146237,0.0255424776112532,0.203866812045373
"PTI98_006172",5.77957652392538,0.633904227671128,0.867347314517431,9.2932425082561,0.0256357549187889,0.204191156735076
"PTI98_004622",29.2512315576295,-1.15628728512995,0.668507227478527,9.27056010687319,0.0259017539835047,0.20588709775003
"PTI98_006429",12.3100930026086,1.82681064087265,0.881275407110939,9.23059961688843,0.0263769721479499,0.2092357361184
"PTI98_005510",5.4104556095213,2.32012139340907,0.92481925873727,9.21683871509818,0.0265425893676263,0.210119804402087
"PTI98_007340",12.7646767177293,0.643485202954459,0.803009827731651,9.20735515048264,0.0266573201101675,0.210237475594722
"PTI98_010684",7.14809426578482,-2.26248215289494,1.02370103696184,9.20665154978708,0.0266658515062138,0.210237475594722
"PTI98_012653",159.288920259626,-0.0533107290204779,0.532730985151072,9.19087679999615,0.0268578296971164,0.211321544411997
"PTI98_002869",30.6074281949159,0.13390977565644,0.700082280272152,9.17913339321444,0.0270016253765393,0.211594555223426
"PTI98_003710",6.04848828318016,2.85259585250373,1.06835425557905,9.18104205455278,0.0269782029627138,0.211594555223426
"PTI98_002520",8.10408131801929,0.0436404497087174,0.853114415105156,9.15794223788862,0.0272630181729238,0.213212192525749
"PTI98_005219",10.5417760901735,1.1800850847866,0.743254974429804,9.14932594137244,0.0273700077195187,0.213618229263608
"PTI98_006822",4.30607293442471,0.399117479895746,1.05101773467118,9.12681044371269,0.0276515309789756,0.215382105757924
"PTI98_006432",20.7974519317992,-1.24051112900656,0.67495431176139,9.11231971595572,0.0278342146208955,0.215937837028907
"PTI98_006819",34.1986377864585,1.41425101932512,0.631863658378794,9.1163188440372,0.02778368008642,0.215937837028907
"PTI98_003638",7.10857716870843,-0.798549296173617,0.964951340279105,9.08571256144089,0.0281727327447828,0.217693287484089
"PTI98_004435",61.0280383844555,0.999476571127988,0.46907285907262,9.08783569528326,0.0281455730809783,0.217693287484089
"PTI98_006154",27.480976384271,-1.60371388639802,0.76468201558906,9.06366611805987,0.0284562780241605,0.219447122178367
"PTI98_006339",84.6163313592201,-1.06123661804377,0.476245976532606,9.05776112831317,0.0285326970632393,0.219599864897431
"PTI98_007881",56.1763996254125,1.07766257727044,0.507265471391921,9.03812285801033,0.0287882929736059,0.221128293949737
"PTI98_001290",17.7729303272751,-0.71326281721042,0.732224515474322,9.01161887542385,0.0291368054480135,0.223362980894949
"PTI98_002500",5.74648370222823,0.921019138466745,0.907340004369273,8.99638828252689,0.0293389448487562,0.224027100528199
"PTI98_003822",18.4915908691753,0.484644210868616,0.809718646603936,8.99690483397055,0.029332066772317,0.224027100528199
"PTI98_001706",7.15288753310647,-1.28718572849554,1.04511400083059,8.98704064034163,0.0294636854161001,0.224528994034487
"PTI98_007041",24.5157148287355,0.827380784939244,0.679705146167808,8.98280045546889,0.029520440050938,0.224528994034487
"PTI98_008718",14.9552339295033,0.161950611809228,0.674719376499915,8.97837140568078,0.0295798369230744,0.22454048419688
"PTI98_012309",5.54691557060078,-4.26954113002356,1.33548241261536,8.96314684301761,0.0297849034132547,0.225655547539091
"PTI98_003392",12.4340797631703,1.59931441978519,0.708147401566305,8.9317797519213,0.0302117980570301,0.227283538963058
"PTI98_005446",6.55403547532928,-1.66616069767829,0.939662478966826,8.93961973420084,0.0301045406983909,0.227283538963058
"PTI98_010713",16.1365058538164,1.66049712223353,0.726906419797961,8.93007977175147,0.0302351044739537,0.227283538963058
"PTI98_012242",8.81327745921845,-1.9537860673058,0.795330454342603,8.92676707754251,0.0302805714769955,0.227283538963058
"PTI98_012600",7.08608800985846,2.24857548741567,1.09893116661529,8.92588035300163,0.0302927531951279,0.227283538963058
"PTI98_004356",22.9338330106436,0.881776883912984,0.672683302498992,8.90487021781303,0.030582795338502,0.228684390225059
"PTI98_005047",9.2446882832074,1.65086154274173,0.743442354217452,8.90381960273344,0.030597370076516,0.228684390225059
"PTI98_004096",16.8776493366691,-1.3534198134785,0.729424430707671,8.88091361807439,0.0309168301930517,0.230184998692606
"PTI98_012735",21.3395894880586,-1.94848389655287,0.728861286204647,8.88403624610487,0.0308730888187193,0.230184998692606
"PTI98_010371",53.5151604009795,1.57419471436176,0.57704880826028,8.8449919529949,0.0314243984396419,0.233515788404925
"PTI98_003984",23.5479141752546,-2.42436957997063,1.64896204551758,8.83400968417652,0.0315811974101776,0.234232246183707
"PTI98_012795",6.68137523042527,1.92787250245691,0.896362130425693,8.81051078498709,0.0319192777738313,0.236287936039488
"PTI98_010248",18.3891649034882,-1.49077731520217,0.808015275320175,8.80291797103025,0.0320292710782704,0.236650557166878
"PTI98_003151",17.1119863154061,-1.86705162979251,0.681636266218774,8.79186337299733,0.0321900767151519,0.236936067510577
"PTI98_012905",12.4180391742594,-1.84085571480916,0.731133815657665,8.79196052551289,0.0321886600527803,0.236936067510577
"PTI98_011245",7.39695965296005,-2.50861456208828,0.908779268427734,8.78361341157692,0.0323105990762223,0.237372753440656
"PTI98_001674",24.5179038177171,0.969160461751896,0.627798915285424,8.77050398522354,0.0325030210944749,0.238335007231509
"PTI98_004981",59.3418319943782,-1.51223517073534,0.585357746320146,8.74434368752161,0.0328903615481111,0.240720212160609
"PTI98_002293",3.553675154725,2.64497557490074,1.13179922070474,8.72276711615059,0.0332132274466497,0.242625441178068
"PTI98_011799",15.7381589724679,1.18908124756181,0.692122228313031,8.71559566178472,0.0333212238160192,0.242956818011914
"PTI98_002402",7.6666756590123,0.25291611747908,0.812010300201863,8.69547548924538,0.0336260539303944,0.244719443144465
"PTI98_000189",21.7574302760403,1.02344991054747,0.632229818007554,8.67325764240447,0.0339658329491732,0.246071849398141
"PTI98_000751",10.4739862897039,-0.664838287515299,0.699769221943147,8.6567827739788,0.0342199492400826,0.246071849398141
"PTI98_007014",9.88228854416598,-2.33943797790884,0.866547403045459,8.65812965009664,0.0341991048042094,0.246071849398141
"PTI98_008606",7.21030298789908,2.00304203254856,0.873626842246333,8.6662897298937,0.0340730834590981,0.246071849398141
"PTI98_010510",21.1929280831408,-1.20369357225763,0.644402907298679,8.66076780020634,0.0341583123986848,0.246071849398141
"PTI98_010744",365.263045205043,0.0488982790928727,0.540829349141106,8.6779323649607,0.0338940644114543,0.246071849398141
"PTI98_012705",16.3825944823496,0.826000073900208,0.648709712140754,8.65445897221586,0.0342559419115742,0.246071849398141
"PTI98_001111",27.9945740629513,-1.09229688620579,0.588519934482916,8.62626108473262,0.0346956504853211,0.248769737952977
"PTI98_008560",10.2446217513687,0.94253450919332,0.727186962968223,8.61370650476967,0.0348931928815714,0.249724529866449
"PTI98_011187",3.18819662597818,-0.0810482529176925,1.08694243374324,8.59339598578998,0.0352151025000456,0.251564240511376
"PTI98_013613",4.59151152526825,1.32606108995192,1.21496930017076,8.56987538962906,0.0355915173955303,0.253785838193497
"PTI98_000773",13.7899542669565,0.485533883318256,0.681709184743984,8.56139370265836,0.0357282173635274,0.254293128721326
"PTI98_001196",59.4783135299177,-1.17308728287422,0.563175373806768,8.54449821578845,0.0360020536493939,0.255772831695969
"PTI98_011915",65.4138282548302,0.603414296030385,0.5632427760158,8.52485490764673,0.0363230041620125,0.257581230611419
"PTI98_003211",31.0724923959431,-0.891553606104424,0.667108132854614,8.48287849412239,0.0370182500230777,0.259418280260421
"PTI98_006087",19.6919544926793,0.988907957914796,0.675607290844238,8.49392224258013,0.0368340849821761,0.259418280260421
"PTI98_007009",4.95271672516784,-3.517906408836,1.1237127470115,8.4976576635782,0.0367719960480778,0.259418280260421
"PTI98_007018",9.31674485390354,1.4975028392479,0.820916492736112,8.48737266374452,0.0369431971844351,0.259418280260421
"PTI98_009913",9.07435587629731,1.5697090203739,0.834205856588942,8.4911545331303,0.0368801549668864,0.259418280260421
"PTI98_009986",4.53609672409352,-0.906342472486448,0.993395039023681,8.49463163067801,0.0368222858960153,0.259418280260421
"PTI98_012673",3.776372475102,0.757768892631005,1.01447953221817,8.48096800458296,0.0370502003774873,0.259418280260421
"PTI98_003430",19.553915143783,1.22456144893745,0.706383648271257,8.47033116232156,0.0372285802063249,0.259547025724905
"PTI98_000748",5.32391305956193,0.609102971211815,0.904940634478235,8.46790880326984,0.0372693202703717,0.259547025724905
"PTI98_010206",16.676499038498,1.28068886221378,0.691487626610339,8.47281245632689,0.0371868940487007,0.259547025724905
"PTI98_002930",11.3790660106409,-0.396029944973811,0.766720806398112,8.46178117754937,0.0373725712530488,0.25979964854942
"PTI98_009834",68.5250746525734,0.753825542963794,0.818226451910701,8.44233702904373,0.0377020597255151,0.261621269544317
"PTI98_002514",4.66889005301265,-1.44533081522686,1.09997907004906,8.39625289349188,0.0384943419126424,0.265716776707028
"PTI98_000575",15.4326939347303,1.71738964165449,0.879217435476442,8.39934970045933,0.0384405957268355,0.265716776707028
"PTI98_006980",5.64053854782912,-0.79188751870996,1.0509625983468,8.396055829863,0.0384977645035704,0.265716776707028
"PTI98_008841",3.36841123110959,2.21385174397301,1.17190889763326,8.38824162706119,0.0386337208842138,0.265947000207376
"PTI98_011048",21.450606360064,1.34351394880526,0.59284093175627,8.38626181009923,0.0386682413294561,0.265947000207376
"PTI98_004836",6.15479417393664,-2.01638074876418,1.10684676218514,8.37702554025604,0.038829684904098,0.26658468627079
"PTI98_010776",8.24684639547413,-1.07196673233973,0.90100762766597,8.36877260929049,0.038974496888081,0.267106136800117
"PTI98_012014",6.07884836862033,1.67740663315034,1.02171120431233,8.36229725139396,0.039088487218839,0.267414888751105
"PTI98_001918",15.0182315757784,0.170508405971815,0.818736332027158,8.35611953053238,0.0391975413226292,0.267688842940983
"PTI98_004852",22.4733755647138,-0.276545026144734,0.614350182440905,8.34643113117022,0.0393691670613594,0.268388399000023
"PTI98_003716",70.5702786933075,0.684424017231104,0.568827362413059,8.32791875210015,0.0396991476385795,0.269740186312456
"PTI98_011729",3.54757663685759,-3.40200084751006,1.14270421411646,8.32750607294235,0.0397065342573891,0.269740186312456
"PTI98_006786",27.2695317510774,-0.559722075261121,0.579779900296898,8.30596061919557,0.0400940487631366,0.271896529986376
"PTI98_000746",15.2795754833917,-2.11255945008703,0.788752305888679,8.28653866750896,0.0404465311261203,0.27380819238782
"PTI98_010285",6.59697780768636,0.236699718684862,0.812095628070351,8.27754667086,0.0406107459999976,0.274440912428555
"PTI98_004500",4.07497438883654,-1.20267903400795,1.02515662035789,8.24692905938247,0.0411747877043577,0.277286460946534
"PTI98_011501",4.5412343986481,-2.30511288638938,1.35459198683149,8.24816016028407,0.0411519614579959,0.277286460946534
"PTI98_002394",7.03633748163204,1.4303734516995,0.800542096390269,8.24080433249307,0.0412885319649811,0.277570564111199
"PTI98_001039",26.1392733769316,1.1534188781625,0.896593261455231,8.22761391609974,0.0415345371774231,0.278741297078242
"PTI98_007610",63.0948068690999,0.606523188404405,0.524768672893536,8.20185047504638,0.042019162870262,0.281506619643776
"PTI98_003576",6.19448349793668,1.2163109032991,0.810103485139154,8.19482094322062,0.04215234731438,0.281911991780138
"PTI98_011239",8.15844972061501,-0.192968763260316,0.814251586112828,8.18835017769047,0.0422753089557946,0.282247716763386
"PTI98_008630",5.86202244816139,1.6746932095062,0.962707511746525,8.17241562033673,0.0425796006931527,0.283790843795085
"PTI98_000342",16.7849393581791,-0.152490406910195,0.704715079739573,8.13719996412901,0.0432596851562464,0.287829020104768
"PTI98_012617",18.8384653864575,-3.20681524114341,1.11174205687588,8.12947397296713,0.0434102997909419,0.288336563166205
"PTI98_000565",17.4982483396099,-1.36446989619335,0.732847612276892,8.12236270543288,0.0435493823688222,0.28876590463019
"PTI98_008404",7.77638190013827,-1.52020130542176,0.905448115310547,8.10213615691814,0.0439473532334562,0.290069579642559
"PTI98_009730",4.89331404416041,1.31605360979195,0.930371781035316,8.10602766005643,0.043870510928149,0.290069579642559
"PTI98_009978",8.89048518129711,-0.960867779707141,0.996022319357442,8.10097380293404,0.0439703307114784,0.290069579642559
"PTI98_010508",5.11423942382682,-2.59986347777112,1.06938933308807,8.07952948127372,0.04439634984574,0.29238275220989
"PTI98_007637",5.80238875805059,-0.41234596480262,0.90324705839064,8.0725886088345,0.044535098919532,0.292799404591296
"PTI98_004947",20.2911732878106,-1.10950268588767,0.759125520018714,8.05364647913365,0.0449159084727013,0.294803399264988
"PTI98_012535",7.78174873810874,1.71997637230464,0.863938230710192,8.04516712080996,0.0450874024030275,0.294930917236667
"PTI98_012733",25.6534213335754,-1.23246915561538,0.680066553487699,8.04615836450373,0.0450673217444439,0.294930917236667
"PTI98_008495",11.6680342646138,-0.244614907406891,0.862922616069602,8.01206208463795,0.0457630754179179,0.298846750077615
"PTI98_000602",25.8069980515301,-0.498035350388155,0.669686627389978,7.99498829463941,0.0461153961625451,0.299634207226989
"PTI98_005745",23.8738154027405,1.06190538485327,0.723439578753392,7.99580620029046,0.0460984584465146,0.299634207226989
"PTI98_011156",7.91649933631675,-0.97187726150266,0.878015620406549,8.00230466973892,0.0459640991185399,0.299634207226989
"PTI98_003092",17.9736327585317,-1.76925911033122,0.645049151347144,7.9894850179282,0.0462295192586259,0.299873420073929
"PTI98_000813",13.1540977035244,-0.726395322023475,0.690341083005758,7.98016867671487,0.0464233422858403,0.300627954468739
"PTI98_005736",25.9087990620107,-0.435038278942784,0.611867950592123,7.97484153358917,0.0465345269394471,0.300845716663526
"PTI98_003470",46.7030153150437,-0.138646659485052,0.512214797466742,7.95909842545298,0.046864624570029,0.302475671725695
"PTI98_009934",9.27682036664727,1.48555404877562,0.814305097936398,7.94262621478185,0.0472124506591972,0.304214445360508
"PTI98_004679",3.56601270116606,0.517557297275874,1.11579136712821,7.91920510212748,0.0477113404508139,0.306411075511105
"PTI98_008524",12.1621056349935,-1.17162318496726,0.774611992425296,7.92049672695316,0.047683694522123,0.306411075511105
"PTI98_006123",6.74270645694603,-1.58076669145386,1.00793486843345,7.90379978437726,0.0480422810640595,0.308026459913202
"PTI98_004756",37.7466814345112,0.444419480842317,0.591498018400082,7.88592799721528,0.0484290071941372,0.308973879779701
"PTI98_006026",7.32600372430035,1.12872848498325,0.773479006841293,7.88749504868721,0.0483949770595999,0.308973879779701
"PTI98_013348",3.69249242447148,-1.39145529947175,1.26152970511883,7.89160727883368,0.048305786391903,0.308973879779701
"PTI98_008107",10.3586245337463,-1.63851634075847,0.784749969838262,7.87764323011558,0.048609306853305,0.309614944637061
"PTI98_004819",54.553541132107,-1.22128002522058,0.573754257362947,7.86142543695456,0.0489641443775183,0.31136379678753
"PTI98_000705",30.6103873067577,0.989816507990214,1.0103009214875,7.83981656744075,0.0494408551525187,0.312497600436413
"PTI98_001620",5.21983141120794,-0.241441785084635,0.87772480234005,7.84111951038432,0.0494119835784857,0.312497600436413
"PTI98_007826",3.37263072805854,-2.61244005156284,1.30435921041693,7.83923622250913,0.0494537201483306,0.312497600436413
"PTI98_012478",4.27406233063944,0.057721408076664,1.03702536681567,7.83874155220032,0.0494646884939308,0.312497600436413
"PTI98_005129",44.1974028804232,1.16353443677772,0.588307611586532,7.82812005622094,0.04970077123885,0.313478522984552
"PTI98_002958",11.9575084600986,0.447968393010986,0.747492614601569,7.82243169791053,0.049827656120678,0.313754928015084
"PTI98_003323",6.1724477616557,-0.50873084074498,0.824909503215795,7.80090049410042,0.0503107927881883,0.313754928015084
"PTI98_003912",16.7067505010232,-1.1360928331621,0.65661221493233,7.80992215921123,0.0501078043049276,0.313754928015084
"PTI98_004760",12.7818770922377,1.65773535262713,0.767499444039909,7.80157838488988,0.0502955124141897,0.313754928015084
"PTI98_007495",20.7351174321785,-1.78026085995659,0.657616764850658,7.81335772672563,0.0500307133118931,0.313754928015084
"PTI98_007548",5.10484605254807,-1.84269746847999,0.978598683170643,7.81029106823493,0.0500995207887803,0.313754928015084
"PTI98_006501",42.8985356403955,1.23713475468783,0.676711350541456,7.80151662908197,0.0502969042683628,0.313754928015084
"PTI98_011953",52.0388848438132,-1.23987126931031,0.533505448707427,7.79504891582019,0.0504428814123364,0.314073735150005
"PTI98_000159",10.2956844684578,-0.303171869887788,0.887780048347747,7.78294516096591,0.050717172830046,0.315275502256007
"PTI98_012264",12.015106583305,0.955508364178104,0.809583754405414,7.77280505332423,0.0509480810171315,0.316204170024725
"PTI98_000606",9.41586727631203,0.572057397532326,0.730835180620536,7.75036025934885,0.051462830865315,0.316367422718024
"PTI98_005155",4.02037635144442,-0.458996774160655,1.03062264477528,7.76569762835858,0.0511105388321869,0.316367422718024
"PTI98_005344",12.6365232410892,0.870481665910235,0.838182007372316,7.746784721514,0.0515452980556306,0.316367422718024
"PTI98_005512",5.76692818177375,1.45200942262825,0.892300848122383,7.7477582046339,0.0515228326503358,0.316367422718024
"PTI98_008641",7.40147244236683,0.457804444567666,0.89257874314516,7.74789060766436,0.0515197778756515,0.316367422718024
"PTI98_009646",3.72222705737823,-3.01348667252994,1.17387133889875,7.75200133894361,0.0514250235247821,0.316367422718024
"PTI98_011129",5.30392117891474,1.99538628133027,0.959930606851406,7.7522062346571,0.0514203050158749,0.316367422718024
"PTI98_003279",6.0240274479528,1.38449542336693,0.851442568444733,7.73913748260195,0.0517221076446826,0.316951114618837
"PTI98_010875",10.3092117989257,0.612341546345573,0.854945717137399,7.73505110079132,0.0518168293109943,0.317030726967424
"PTI98_007067",7.89183685317467,-1.1714758725522,0.851184167229061,7.73116529399842,0.0519070581257949,0.317082643259777
"PTI98_011812",9.11804683543697,1.59614542987223,0.894968615331333,7.72417492919325,0.0520697598330568,0.31757641256671
"PTI98_001994",8.82353733552442,1.24131238220303,0.757274563443562,7.70116043628276,0.0526089364042771,0.320361168464978
"PTI98_011370",33.4021138560226,0.522714406386529,0.608105917816467,7.69361178835157,0.0527869630059718,0.320941425548847
"PTI98_004462",3.52086451518824,-1.1202425809266,1.23537190066907,7.68612888876702,0.0529640169263762,0.321513961905185
"PTI98_010314",22.6761774903347,-1.25013883389374,0.801974527081781,7.67091938534632,0.053325671867332,0.323203564333408
"PTI98_008424",7.95874051830972,-1.40197688941356,0.767754515814664,7.6522064669415,0.0537739258625173,0.325411947614204
"PTI98_003803",4.48638039770945,-1.46127273628032,1.10967336909737,7.64621652753862,0.0539181824898369,0.32577668205308
"PTI98_001159",4.13728104086568,-1.41500113770576,1.16311023616107,7.63550793722634,0.0541770167592628,0.326215189502479
"PTI98_009612",5.78560293273107,-1.81430178771641,1.01182467418359,7.6352602336518,0.0541830181955004,0.326215189502479
"PTI98_012408",4.53502625894274,-0.149153789395682,1.06815785968356,7.63278387727895,0.0542430516187417,0.326215189502479
"PTI98_004895",17.5350024463918,0.302702351638509,0.64959391708832,7.6236514528388,0.0544650048870055,0.327042962781261
"PTI98_011739",47.3377021059436,0.414100253740052,0.647313450127699,7.6130775226825,0.0547230947291213,0.328084829141054
"PTI98_006261",5.61442767102248,2.54535968022972,1.00753653358141,7.60221779756775,0.0549893969436439,0.329172640037646
"PTI98_010571",8.41915053904693,-1.73502055907524,0.844762646492496,7.59482707907502,0.0551713516513609,0.329752963105746
"PTI98_012831",4.34117617339371,1.38103193158185,1.01338261950644,7.58637465357369,0.0553801618432346,0.330491765830626
"PTI98_007333",4.05408409540621,0.528006703745296,1.18911427408127,7.55556385788429,0.0561478356474721,0.333071752803875
"PTI98_011355",13.3899159515194,0.958543157632437,0.755014735116007,7.55524041435891,0.0561559490419526,0.333071752803875
"PTI98_012572",7.9638306202288,-1.96615183590309,0.915824743817635,7.56087593570085,0.0560147479994038,0.333071752803875
"PTI98_013508",8.70682921518738,0.331607837215319,0.914746715625953,7.56478122306224,0.0559171012299099,0.333071752803875
"PTI98_006736",19.2824479629099,0.543563449101509,0.640114193166523,7.52760592105203,0.0568533643427634,0.336693435550503
"PTI98_010685",4.15126475591026,-1.54472068547515,0.983813342704196,7.50771470821411,0.0573605591116628,0.339179281698384
"PTI98_004345",49.7677001106284,1.13698523854414,0.529943316294508,7.49338264517546,0.0577287241177552,0.340318724700262
"PTI98_008611",88.6133970048738,0.426340592586862,0.539301156850567,7.49404185033238,0.0577117401080014,0.340318724700262
"PTI98_004736",7.58081240461749,-1.21360239254005,1.21142406200385,7.46315224122532,0.0585128256903111,0.344417679594411
"PTI98_011033",8.36266851645648,0.970828392604078,1.0955762343762,7.45602589669107,0.0586991653560009,0.344991003660496
"PTI98_005020",7.76853324127218,-1.4436898453056,0.819454379173835,7.44837923584856,0.0588997506928221,0.345646192038513
"PTI98_006570",6.25667993989358,1.6416522233412,0.951102046935851,7.44234230209771,0.0590585797353299,0.346054729295083
"PTI98_001149",14.2154934712794,-1.14252410774825,0.786016067107328,7.41070640762342,0.0598977246008153,0.350442343478978
"PTI98_011730",3.81513991171879,-2.73955673595507,1.26711697799441,7.39740295743189,0.0602540441794824,0.351996140620802
"PTI98_010992",54.1548883395253,1.10886811215265,0.537273793618843,7.38117561236589,0.060691461461746,0.354018314300922
"PTI98_005330",7.88892053948255,-0.384394896269099,0.801730993966114,7.37166770073082,0.0609491818337152,0.354987802301774
"PTI98_012843",9.01272225657481,-1.25250014059691,0.779532179055089,7.36044783126681,0.0612546716336037,0.356232190804721
"PTI98_003299",35.1883096898823,-1.30764891418683,0.545876035356558,7.34995993974906,0.0615415737375066,0.356919535869335
"PTI98_007699",3.67184270426608,-1.06704800534589,1.18611539193554,7.34682494446303,0.0616275859296003,0.356919535869335
"PTI98_006643",13.9158521470743,-0.328709812334709,0.866151644154939,7.3460486837609,0.0616489015293773,0.356919535869335
"PTI98_007038",8.54690188666366,-0.800549457812639,0.769495586098178,7.34201663550969,0.0617597339220274,0.357028327695297
"PTI98_012213",21.7897523869179,-1.12136640356041,0.647436286367324,7.31555990617895,0.0624917799668287,0.360722640612096
"PTI98_001747",20.4137715559428,0.314093148742036,0.648828771728944,7.310065775101,0.0626448514450812,0.361068913455379
"PTI98_000082",17.3709014655618,0.812160052308471,0.677064275733007,7.29510084519991,0.0630636333536457,0.362943373559038
"PTI98_006667",26.3814451270816,0.730196582225791,0.608377268361811,7.29090473201595,0.0631815445571778,0.363083276055248
"PTI98_000582",24.4141463992229,-1.42782097849423,0.62538741434636,7.28137920712562,0.0634500063343261,0.363596986616444
"PTI98_010926",8.27186698083116,-0.507399421222857,0.82177171499479,7.27804501533905,0.0635442361585891,0.363596986616444
"PTI98_012857",23.9387948446455,-1.14267338991285,0.643203873281424,7.27776551323237,0.0635521415122322,0.363596986616444
"PTI98_007047",10.4477935581677,-0.39230598246516,0.726800716191477,7.27439738993955,0.0636474794704601,0.363606145605177
"PTI98_003337",123.552743586137,0.883713178093144,0.474197944468275,7.25995862428741,0.064057755406085,0.364875232335101
"PTI98_001419",3.64661024839279,-2.78789409864835,1.14799015414609,7.2611464688464,0.0640239064276481,0.364875232335101
"PTI98_001604",22.5349786502449,1.42461713053167,0.657591582788594,7.25432435417082,0.0642185466424865,0.365254754290623
"PTI98_012868",14.2767438248717,-0.061515949208327,0.694387430548913,7.24752902270761,0.0644129925876447,0.365824301972875
"PTI98_001370",81.0965144424091,0.44595253564385,0.511925742213042,7.23984748442301,0.0646334838634917,0.366004794024064
"PTI98_010357",3.64467385757583,-0.775442577641273,1.26325758677455,7.24307688604395,0.0645406980120027,0.366004794024064
"PTI98_007922",5.39105825226618,0.243663597369378,0.802652343991809,7.22667910968818,0.0650131717696977,0.367083105232398
"PTI98_010050",10.7133047280953,0.93992886400473,0.905249174148811,7.22816772352868,0.0649701420199245,0.367083105232398
"PTI98_005974",4.5062140848741,-1.21932216783431,0.929630175166552,7.20869926870845,0.0655350807095713,0.369492119291318
"PTI98_001269",13.4082129421145,1.35514352823486,0.741615083871758,7.19750401794961,0.0658620977724259,0.370796919099042
"PTI98_005639",12.8313838253437,2.19769205671446,0.854791842947064,7.18251130750119,0.0663025159992185,0.372735448639085
"PTI98_001804",11.8042272688725,0.872586097206661,0.721266825859054,7.16687452748553,0.0667648917565132,0.37425002185479
"PTI98_004982",42.8957884057805,1.20134669576097,0.592047523798495,7.16941168700662,0.0666896569696107,0.37425002185479
"PTI98_003147",14.4104218037902,-0.574945732917164,0.688897235970581,7.16034186622896,0.0669589841418086,0.374256339317112
"PTI98_007727",5.27870796068321,1.2990689244066,2.63465815971207,7.16347462354297,0.066865838484753,0.374256339317112
"PTI98_002519",22.8087095222508,1.28481304718532,0.609928537270898,7.14337438476684,0.0674656615584636,0.375136606609654
"PTI98_003411",34.9848566492352,1.3801461992058,0.697426283914388,7.14211844893545,0.0675033130738692,0.375136606609654
"PTI98_012502",119.334913461498,0.236265678159099,0.548596438778018,7.14394156890577,0.0674486646924457,0.375136606609654
"PTI98_013436",5.60042833505794,-1.79778895184269,1.00048108124739,7.14836604833601,0.0673162180647374,0.375136606609654
"PTI98_009708",7.96572881771273,-1.83552908553072,0.814872921837089,7.12039530598691,0.0681577751788244,0.378231773846438
"PTI98_004809",23.1537413348597,-0.281829854334717,0.679731883657437,7.11395587328782,0.0683529557583632,0.378773021980987
"PTI98_007556",41.5940957890158,0.403309553253247,0.582369406942824,7.11003931615824,0.0684719318574264,0.378891046611922
"PTI98_011423",4.62147852217427,-1.23364934163727,1.1503379339806,7.10576724978365,0.068601936027511,0.379069672152016
"PTI98_011348",19.8583382827184,-0.710660286838763,0.601279264870346,7.10051508954461,0.0687620929948189,0.379414166041113
"PTI98_005312",3.21999767888165,-1.73551084148133,1.23974687678602,7.09184075327808,0.0690273967202352,0.37975700360522
"PTI98_005633",5.2218602677912,-0.85402005677108,1.15005179297706,7.09135924183789,0.0690421526785167,0.37975700360522
"PTI98_009618",11.0261464686156,-2.01121489887681,0.909746575427012,7.08888811919093,0.069117928472618,0.37975700360522
"PTI98_000331",6.57399501003494,1.67505400766925,0.855425649377101,7.08049172523076,0.0693760015198661,0.380635799003622
"PTI98_009615",4.95723443905351,1.90045594801906,0.991394799263483,7.06822238819881,0.0697547910867963,0.381634463505899
"PTI98_012832",5.83342032572739,0.335650899628971,0.986522118394503,7.07095539151571,0.0696702426454464,0.381634463505899
"PTI98_012723",7.56735584470338,2.26359008776024,0.879415315199113,7.06363435555211,0.0698969500987392,0.381873618919732
"PTI98_003133",16.1321098671463,-0.0208180917303175,0.728216068362204,7.0506015366194,0.0703022989620347,0.382121973029791
"PTI98_001593",4.42865858273011,-1.36163122495242,1.12231295828326,7.05275933637569,0.0702350300225678,0.382121973029791
"PTI98_005300",7.42592814267451,-0.907088424331401,0.940488018506585,7.05582231255507,0.0701396493006058,0.382121973029791
"PTI98_005485",5.36993438581978,-0.467772185170155,0.95405730363573,7.04950683746834,0.0703364497920265,0.382121973029791
"PTI98_000610",5.33010728463311,-2.14402403690959,0.968358657226389,7.04082832498298,0.0706077577653838,0.383059429890803
"PTI98_002195",5.69883623520829,-1.57972841118744,1.17485558819448,7.01852643233312,0.071309610506795,0.386326786530527
"PTI98_001815",3.67581331493892,-2.53134415435667,1.05301581821964,7.00420664036251,0.0717638133577909,0.388245232935664
"PTI98_008905",5.87540935506066,-1.4051763927725,0.927703726577142,6.98826008608665,0.0722729063172171,0.390454879671985
"PTI98_005126",33.2009849372378,0.778050008407848,0.625557166374109,6.9806079404897,0.0725184385470167,0.39123647166047
"PTI98_003163",8.65347095943546,-1.14453024667149,0.935501710191228,6.94568456550319,0.0736492881589405,0.392965046449147
"PTI98_003578",6.41277452536779,-0.62237834251689,0.898007258482018,6.9534761485503,0.0733955223834549,0.392965046449147
"PTI98_004643",6.83210162997803,-0.564161488878468,0.919039877198997,6.95078138067154,0.0734831931440289,0.392965046449147
"PTI98_006796",6.6322333878527,0.0674024173940894,0.918210861521725,6.95661402236927,0.0732935631184573,0.392965046449147
"PTI98_008721",4.43716698859868,-1.77704032815238,1.0757695384593,6.95421798987869,0.0733714052906507,0.392965046449147
"PTI98_009576",4.1969360858548,0.422901134605615,0.916600297680159,6.95678540600458,0.0732879982757128,0.392965046449147
"PTI98_010956",9.99225774583769,0.573346034635199,0.788853511481785,6.94590402733306,0.0736421288689685,0.392965046449147
"PTI98_011347",5.27244628189841,-2.71074094488939,1.1989179809325,6.95538169933316,0.0733335887887724,0.392965046449147
"PTI98_008168",31.3871331834686,0.695708317385962,0.590084021546635,6.9368155998666,0.0739391752161663,0.393372108574665
"PTI98_012134",3.14743441637007,1.1543137168859,1.02452571849203,6.93683905601699,0.0739384070868689,0.393372108574665
"PTI98_012623",15.1498102338644,0.974296900748964,0.712922116796519,6.93404951292646,0.0740298116162685,0.393372108574665
"PTI98_006476",7.46633170843741,0.746241287828834,0.789097436736799,6.92932870423442,0.074184746392656,0.393656130310688
"PTI98_006037",22.260495698118,0.491276286341499,0.563160955812816,6.92280561828298,0.0743993466677332,0.394255554267947
"PTI98_001140",3.90304143026916,1.85837208375786,1.15561873345563,6.91569449143618,0.0746339758912266,0.394959334900502
"PTI98_003932",9.44325704561732,1.31044166261018,0.767327804717462,6.8784581294054,0.0758742939181565,0.400430457290516
"PTI98_008839",5.62757807646501,1.24222474862663,0.938494095609767,6.87910750213554,0.0758524941837112,0.400430457290516
"PTI98_006225",20.0199142460624,-0.0110541076508649,0.660818623467356,6.86242374497604,0.0764144983826143,0.402733477209458
"PTI98_002525",8.03007220854916,0.519350139137242,0.806376997605263,6.85875221007989,0.0765387152825428,0.402840809472162
"PTI98_003816",8.51289724102111,0.0551790038203408,0.840089686590618,6.84913335953,0.0768650693293906,0.403463604774975
"PTI98_011004",6.8698750043484,-0.769228968615628,0.824860138933241,6.85172382492603,0.0767770465483811,0.403463604774975
"PTI98_001158",16.1765894843277,0.298119783016327,0.632414604124831,6.84162466462908,0.0771207620020834,0.404258697035245
"PTI98_005592",20.0050336204879,-0.963576008926894,0.716261456486469,6.83189642935831,0.0774532576150961,0.405453692697649
"PTI98_001093",12.9600299689325,-1.08409424259342,0.841825698906112,6.82757364078448,0.0776014472837439,0.40568195958712
"PTI98_003413",42.2303901481341,-0.718292214225568,0.63711031351348,6.82374930127507,0.0777327777142178,0.405821594553769
"PTI98_007430",5.3667502769387,0.091488768833646,0.897682821091084,6.80855631676467,0.0782566371356427,0.408007386356395
"PTI98_006536",5.94052607631964,-1.61755391469871,0.965353541436513,6.79419956940949,0.0787547924423892,0.4100534763544
"PTI98_001998",5.78797526793547,0.0537872106395886,0.843374828001942,6.77397545690968,0.0794617293207509,0.413179689055218
"PTI98_013115",5.99705535499422,2.3917791096047,0.936368554358043,6.76302450368584,0.0798470723259265,0.414627568343064
"PTI98_003406",53.1937207832017,1.38203686053189,0.659307688669774,6.75328223443476,0.0801913985900466,0.41585887049571
"PTI98_004526",8.2168986797261,-1.46593831723089,0.772766082669665,6.74780667262949,0.0803855525002168,0.41630915640633
"PTI98_006103",5.40136306463874,1.39882733130257,0.919748360966629,6.72978456794494,0.0810277917462264,0.419075738911483
"PTI98_006289",5.11764374074879,-1.97037816402966,1.17187096614549,6.71560310277413,0.0815366408757991,0.421145978638116
"PTI98_001337",20.7329896623914,-0.858570382569785,0.579625097689642,6.70137860759657,0.0820501281515393,0.421552910065988
"PTI98_004848",24.7111246218312,-1.55283348419125,0.641670801454927,6.70783941442143,0.0818165155154861,0.421552910065988
"PTI98_005458",4.40576440730841,-1.91652584654903,1.25961890310119,6.70304155321026,0.0819899372689728,0.421552910065988
"PTI98_007963",100.589930559875,0.473297720692792,0.530600317506289,6.70586042588772,0.081888004428589,0.421552910065988
"PTI98_003972",12.8087776465243,-0.084499585789138,0.790462540603096,6.67693058004224,0.0829399639619905,0.422804222726163
"PTI98_005122",34.5463733142469,-0.112081277572237,0.612186589215648,6.68234732203067,0.0827420120818589,0.422804222726163
"PTI98_006006",198.136188250787,1.80006628949636,0.862465553855567,6.6771453039718,0.0829321083130421,0.422804222726163
"PTI98_009935",6.18313265010112,1.65065708867875,0.834334609755911,6.67671995355154,0.0829476704033539,0.422804222726163
"PTI98_010200",5.24204697367432,-0.142782096569781,1.09879331898502,6.68682924195622,0.0825785670779317,0.422804222726163
"PTI98_013580",22.3103952848882,-0.127432787109247,0.658535051691673,6.68178243348595,0.0827626343403651,0.422804222726163
"PTI98_003378",6.16481872120106,0.86033964808066,0.838955257127533,6.6727034537487,0.0830947589615158,0.42299812337496
"PTI98_005897",22.2290708902793,0.948224002641555,0.61886453668947,6.66476237394996,0.0833863099568927,0.423925945377178
"PTI98_002223",22.6032715860696,0.352467665471744,0.616783476295933,6.65811867733593,0.0836309855442917,0.424447715671791
"PTI98_011682",9.05924308594243,-0.218376474386518,0.749878283030145,6.65603716557814,0.0837077861533695,0.424447715671791
"PTI98_007028",15.8163060672233,-0.913956166684732,0.872001270940059,6.6519353042781,0.0838593296435581,0.424661017868619
"PTI98_003009",48.9620195530985,0.531333851458287,0.613597211898162,6.64858433695814,0.0839833274571759,0.424734455288638
"PTI98_004924",5.30779767866368,-1.12235110875686,1.03051074637801,6.63417811590124,0.0845184242782316,0.426195570864716
"PTI98_004926",29.3841154354631,-1.22908484077957,0.682396193569998,6.62954407104823,0.0846912457646988,0.426195570864716
"PTI98_008557",14.9539850949842,-0.182828270499486,0.717767904572019,6.63315633652506,0.0845565011715136,0.426195570864716
"PTI98_011241",3.29287835156941,-0.215715550712307,1.27474652496224,6.62899551680482,0.084711725995539,0.426195570864716
"PTI98_011385",4.89280101573288,2.0219395861017,1.08778883903049,6.61742884621766,0.0851446791662228,0.427818925499713
"PTI98_004458",5.24806873406026,-0.962727813895736,1.02881262269479,6.60728169395844,0.0855262524361207,0.428625753488
"PTI98_006085",5.64426909677471,1.36505429656574,0.914097373843793,6.60765520454255,0.0855121778061873,0.428625753488
"PTI98_003620",13.0121428851448,0.511792809559982,0.681643467421632,6.60173381653263,0.0857355704509793,0.429120358424966
"PTI98_004685",20.8504983467843,-0.505109956377253,0.693995616650439,6.58948788067818,0.0861993497040782,0.430707651305212
"PTI98_008920",5.02922020353437,-0.954641425261148,1.04446308742769,6.58632199994581,0.0863196406462859,0.430707651305212
"PTI98_010319",4.62374557053236,-1.85443637832584,1.22525655517127,6.58256702175279,0.086462524495138,0.430707651305212
"PTI98_011222",5.32515739809431,-0.29732176055514,1.02334391787717,6.58166598039377,0.086496844642114,0.430707651305212
"PTI98_005131",38.1654024593947,-0.89673576533113,0.582576780289009,6.57547314675797,0.0867330811974687,0.430778005076801
"PTI98_011274",4.05998089834398,-2.27254548486872,1.16591570720797,6.57777450674565,0.0866452193315787,0.430778005076801
"PTI98_002762",16.1001247149662,0.643769100670668,0.649887150237627,6.56767751668151,0.087031342401407,0.431706620428463
"PTI98_002357",4.86852086844627,0.978911626775105,0.923991217147841,6.53848956147402,0.0881568674558753,0.435001844482208
"PTI98_001899",4.1198420899447,1.54796803639891,1.21589385457809,6.54646774958412,0.087847834711179,0.435001844482208
"PTI98_005360",12.0433793554491,-1.03264577408022,0.689743182574562,6.53594991603774,0.0882554591855025,0.435001844482208
"PTI98_008259",136.754551207116,-0.570780994140158,0.530177570129881,6.53972331206292,0.0881090102073884,0.435001844482208
"PTI98_006119",4.20164626900155,-0.121755770234995,1.16195466671032,6.53304115275697,0.0883685108151535,0.435001844482208
"PTI98_011031",9.28160066314206,1.0921779938851,0.951904702683506,6.53315001970759,0.088364277096939,0.435001844482208
"PTI98_010396",5.66859341306797,-0.136943532117095,0.902014478127146,6.52960642780247,0.0885021838269858,0.435107694632291
"PTI98_003093",31.0703362343635,-0.688759720508479,0.607858031852529,6.5230590655639,0.0887575339208994,0.435361209933994
"PTI98_000580",6.28398165283154,-1.63777285364608,0.857616196751016,6.51902807943442,0.0889150965975655,0.435361209933994
"PTI98_001833",12.0962461252802,-1.54425332869721,0.740296725318275,6.51982138059924,0.0888840668884216,0.435361209933994
"PTI98_010047",4.40672548669624,-2.82814139715703,1.29678712540786,6.51679008248942,0.089002691280654,0.435361209933994
"PTI98_007674",12.7705979591306,-0.613734427328066,0.737938307431985,6.51091625915645,0.0892329864290578,0.435937977781254
"PTI98_002067",19.0563013216112,-0.830292299484356,0.724787520294613,6.50197568918347,0.0895846202473439,0.436024029937027
"PTI98_010310",8.5460131705863,-1.63468619287811,0.908845505823103,6.50189450057444,0.0895878195049781,0.436024029937027
"PTI98_012494",4.05467381585437,0.133766622791997,1.13989750669426,6.50238460158521,0.0895685086214675,0.436024029937027
"PTI98_005111",93.3580263185161,-0.122604602912173,0.562370095086445,6.49474485440098,0.0898699844886744,0.436849210315248
"PTI98_006684",5.3400662805756,0.520039632013611,0.852031049558024,6.48021256059759,0.0904461466645928,0.439099628175163
"PTI98_008005",10.0472485500501,-1.99579870209042,0.917357926373824,6.47448952409266,0.0906740215642963,0.439655662059882
"PTI98_011284",9.62643890620286,1.26809075580054,0.851398218768753,6.4660424259863,0.0910113698297442,0.440740453894604
"PTI98_009771",5.19563211804336,-1.68218553123428,1.0314593132078,6.4610171179442,0.0912126356605486,0.441164356268414
"PTI98_002886",27.5378671073684,-1.33174250492539,0.702909075266291,6.45725243342956,0.0913636932583367,0.44134466519189
"PTI98_001310",6.13994269532408,1.32998485683716,0.901751698222516,6.45194999882384,0.0915768609262017,0.441824183498428
"PTI98_008481",11.3595647162349,1.10447552817197,0.718348844393069,6.4405637949219,0.0920362242504128,0.4434888371023
"PTI98_001078",20.6229788465088,-0.262035604331722,0.728832356032416,6.43604538303993,0.0922191275860567,0.443818853481779
"PTI98_012650",14.8856370656292,-1.3890959938516,0.676095724029469,6.39978663679692,0.0936995684319414,0.450173529229093
"PTI98_012964",4.49466891430837,0.891866021951611,0.918868811291978,6.39803542815107,0.0937716451706901,0.450173529229093
"PTI98_000560",20.7622966722259,0.032674275439931,0.636299729202392,6.38883429077462,0.094151224205341,0.451437081202123
"PTI98_004893",6.63914325756396,-0.621146017454191,0.804439614821664,6.37231679083106,0.0948363349045818,0.454160670487497
"PTI98_000801",5.32263905651847,1.1577028116382,0.874250590406919,6.36635487833671,0.0950847964262212,0.454518423387672
"PTI98_006443",10.42788629125,-0.449337766146307,0.704957849411089,6.36490323541459,0.0951453879326603,0.454518423387672
"PTI98_000967",14.8225088154618,0.219739966222591,0.882231960073009,6.36189974177186,0.0952708713669409,0.454558068920496
"PTI98_010449",718.176305089925,-1.46089914021076,0.737441553707716,6.35687325311221,0.0954812294606684,0.455002075034315
"PTI98_004810",8.67023248788464,-1.17370633822491,0.750889902989149,6.34270772582258,0.0960764578311081,0.457276785186341
"PTI98_006191",16.509777804524,-0.965546689045864,0.677394443614188,6.32972584724857,0.0966250771944591,0.459324355928072
"PTI98_003459",4.78250738403373,-0.134638720775898,0.861145727020481,6.32225185054141,0.096942294097389,0.459705573109746
"PTI98_006779",5.28514190969583,1.80659986960968,0.954279213738756,6.32320511232624,0.096901779505121,0.459705573109746
"PTI98_005170",6.1341830158001,1.2839647505762,1.00608056653491,6.31763189687962,0.0971388772746936,0.460075341817505
"PTI98_009943",4.74923612315495,-0.4741087037904,0.980728373878953,6.3110824420509,0.0974182182717672,0.460274383284026
"PTI98_010176",4.0451439860002,0.940239845677012,0.964640905907594,6.31113266464631,0.0974160732958698,0.460274383284026
"PTI98_002932",6.45139200475688,-0.828831543704624,0.884120421855389,6.29236320358312,0.0982208701184592,0.462242702020169
"PTI98_003218",40.6035235253343,-0.770100306287034,0.555993649154018,6.26976403859302,0.0991983434908302,0.462242702020169
"PTI98_003524",32.4638320007124,0.0776553942349817,0.560231108839653,6.27790554061137,0.0988451315137478,0.462242702020169
"PTI98_003742",28.613402527362,0.843237466026854,0.641710427110015,6.29190853657016,0.0982404442550681,0.462242702020169
"PTI98_003884",26.9874020646086,0.349352644382608,0.690539582060378,6.27678898849825,0.0988935006693306,0.462242702020169
"PTI98_001734",3.2540266663987,1.06781491087267,1.09809332562617,6.26311455821511,0.099487723362705,0.462242702020169
"PTI98_001973",8.99659820429081,0.543907241116472,0.780267739803422,6.28920124512254,0.098357074970181,0.462242702020169
"PTI98_004858",20.2781951794849,-1.25469241907394,0.649492972183133,6.27918137541411,0.0987898899989894,0.462242702020169
"PTI98_009622",4.70536285048771,0.420123628977877,0.960379165556541,6.26416118908509,0.0994421212202268,0.462242702020169
"PTI98_009956",20.8176472426573,0.508276079737871,0.686602618178217,6.26002853952767,0.0996222992752929,0.462242702020169
"PTI98_010336",20.3511234214974,-1.34062093470079,0.677059832131511,6.2620276161911,0.0995351031111769,0.462242702020169
"PTI98_011354",5.52060781368206,0.0942852017236903,0.911512130591663,6.28893666776246,0.098368480145119,0.462242702020169
"PTI98_012381",14.1061244191821,-0.480641374088715,0.889564027974945,6.28242431092512,0.0986496096035214,0.462242702020169
"PTI98_012670",46.6551821063116,-0.0235011943251425,0.546822326248266,6.2714776714368,0.0991238985643431,0.462242702020169
"PTI98_013579",8.09317774346707,1.53248055012971,0.892417945602282,6.27137595601233,0.099128315865728,0.462242702020169
"PTI98_001120",40.6673500806606,-0.142503651226977,0.531645349701392,6.24566345530977,0.100251036918998,0.463642942720831
"PTI98_010152",13.4647586650191,-0.245683337500962,0.730001258118394,6.24361559362779,0.100340978007944,0.463642942720831
"PTI98_010312",20.1071978126976,-1.65244741053131,0.709989140193866,6.24222300455108,0.10040218403854,0.463642942720831
"PTI98_010890",8.68904085867108,-0.353472946159942,0.839829978374207,6.24872522021359,0.100116709884185,0.463642942720831
"PTI98_004807",3.9901147112048,-0.5222903513609,1.1099158167895,6.22871566532471,0.100997709074453,0.465838422710822
"PTI98_001798",8.91137694612324,0.0864991580534507,0.769063431968758,6.20864668602293,0.101888788109702,0.469390272063578
"PTI98_012974",4.4445875358779,1.99430834177123,1.23692430624007,6.19687962476164,0.102414754728846,0.471253657880422
"PTI98_000578",9.1852674436151,-1.56799583929379,0.828455437030868,6.17397512488274,0.103446016195584,0.472078937438437
"PTI98_004666",17.2036139009526,-1.47216389910723,0.676968861928289,6.18983138634466,0.102731043477496,0.472078937438437
"PTI98_005163",41.935699401169,0.865515894267354,0.515019175944121,6.17653260364941,0.103330375634284,0.472078937438437
"PTI98_007645",9.1428456348853,1.00430199544366,0.821623879828287,6.17876780268341,0.103229408915864,0.472078937438437
"PTI98_010052",10.8311240338361,-0.85362157015302,0.752389636028906,6.18307484296676,0.103035121062437,0.472078937438437
"PTI98_011324",6.2617963184684,1.00553172482161,1.01790561573031,6.17588014204837,0.103359865972319,0.472078937438437
"PTI98_011938",43.5754871381836,1.49457042484376,0.589879077940044,6.18418803727225,0.102984962585859,0.472078937438437
"PTI98_001185",32.4548813604251,1.59005885101075,1.66280740706765,6.16788745102131,0.103721779328534,0.472781177456386
"PTI98_003999",18.7140029083226,0.453190386054081,0.63322601947836,6.16258991143211,0.103962323443994,0.473321423285508
"PTI98_010028",15.9578732372471,0.944702431121346,0.623826912143207,6.14865292217161,0.104597711936726,0.475655949123753
"PTI98_005891",25.3951639486136,1.28861417766086,0.609682110907715,6.14115784904072,0.104940949219309,0.476658011735013
"PTI98_001563",26.955813240224,-0.436248272096027,1.50793222153685,6.13831819481737,0.105071272888423,0.476691774893792
"PTI98_006271",3.19538945602045,-0.390244443022712,1.22919363359332,6.12861340354682,0.10551783753587,0.478158518459859
"PTI98_011171",4.41398658503397,-0.486631014216,1.00753011550232,6.1240838165965,0.105726887396288,0.478546786709686
"PTI98_007704",91.7483718674324,0.0957420839341876,0.533875608236179,6.11579333050169,0.106110538116283,0.478607880643097
"PTI98_008556",13.606137653703,-1.53699739972667,0.760693952535595,6.12024396990624,0.105904414828658,0.478607880643097
"PTI98_009846",6.64987418368045,-1.82410984751926,0.961291459182916,6.11740683580993,0.106035767203396,0.478607880643097
"PTI98_007518",7.45786921744768,-0.98245417093101,0.927113318931803,6.11304425572493,0.106238048355583,0.478626468723932
"PTI98_000532",7.39416066738456,-1.6547081514456,0.768339289005837,6.1089314222901,0.106429087690576,0.478721139394013
"PTI98_005250",47.1361192955209,-1.12377679415736,0.707574740877012,6.10727998006774,0.106505888965464,0.478721139394013
"PTI98_011198",3.96364280460669,-1.41312565712201,1.1275904873563,6.09796914650092,0.106939888358812,0.480115540444249
"PTI98_001274",71.1805149472548,0.438720057210939,0.535131020444278,6.08727993388597,0.10744022431399,0.481804196663546
"PTI98_001715",3.17698988634583,-1.78666972303046,1.26759691040465,6.08066343326191,0.107751048266065,0.482640088018552
"PTI98_002641",8.60437028719617,0.891734911457464,0.775925560127319,6.07637520021328,0.10795295634691,0.482986756251053
"PTI98_001638",5.93777742159182,-0.814178740329632,1.07509007573969,6.06526997990336,0.108477520970357,0.484774543599095
"PTI98_000851",93.5142211640599,0.516338260966677,0.493203859520181,6.04525974101294,0.10942888344543,0.485113873011225
"PTI98_001943",5.0390777777825,-1.54027430534039,1.06418062258822,6.05524618621058,0.108953096735245,0.485113873011225
"PTI98_001955",11.4962473313759,-0.661041275488705,0.77651739753193,6.04736197241067,0.109328561461463,0.485113873011225
"PTI98_004389",4.81335167247166,-0.00226434831536103,1.01487960918075,6.05869083452912,0.108789441973245,0.485113873011225
"PTI98_007370",6.94672426367288,0.611436593304477,0.817811882914763,6.05418267807939,0.109003671419776,0.485113873011225
"PTI98_010053",5.41956828382075,-1.77109792819957,0.914033755189809,6.05005830413539,0.109200016790414,0.485113873011225
"PTI98_011816",12.405797657864,3.15294313204549,2.64073193510447,6.05001764509617,0.109201954091733,0.485113873011225
"PTI98_009747",24.912696736968,1.05135723066093,0.631353123257273,6.03627538844673,0.109858624790809,0.486463020049714
"PTI98_007927",7.85968056095303,-1.68002631143082,0.811806202406657,6.01302339262067,0.110978325013919,0.489424337755777
"PTI98_008090",5.74653719693487,-1.6098513181183,0.922517079024947,6.01664537655279,0.110803193715053,0.489424337755777
"PTI98_010729",6.74058928635671,1.53687768722639,0.914831527722603,6.01191286537575,0.111032074561764,0.489424337755777
"PTI98_011262",161.889856774747,-0.188084914183966,0.501624014035499,6.01648769346114,0.110810812552911,0.489424337755777
"PTI98_007240",6.89096916537106,-0.938121945883003,0.895925760493203,6.00825851634095,0.111209120894864,0.489648331386127
"PTI98_000471",7.14755604638541,1.22191365598097,0.854751127795322,5.99494694116699,0.111856326359314,0.491939557763922
"PTI98_001422",44.876960055429,-1.01742333545717,0.50418072495512,5.9802979342101,0.112572717789391,0.492855047748363
"PTI98_008960",41.7195728063322,0.375650080414409,0.664438432823612,5.982311463616,0.112473989365325,0.492855047748363
"PTI98_009759",7.43600322364392,-0.402434623762613,0.975536238076337,5.98420972477174,0.112380988612018,0.492855047748363
"PTI98_010698",32.4148134760979,0.760672792127758,0.571256521105524,5.98113059770192,0.11253188016066,0.492855047748363
"PTI98_003314",73.4925101680156,1.00566883793048,0.649713951517023,5.96635481098714,0.113258659911707,0.495299145205763
"PTI98_011636",4.40885717861489,0.836049014390424,0.970933995710335,5.96234429541992,0.113456698496048,0.495606456606049
"PTI98_012772",162.083930191366,-0.259192232833517,0.526440001341933,5.95881324543814,0.113631334967604,0.495810965511063
"PTI98_008578",43.5594733811251,1.67713321688169,0.844107162256918,5.94693657627788,0.114220610143393,0.497822187355306
"PTI98_004645",4.199784174,1.578149609282,1.08966545484242,5.92385489772283,0.115374193591298,0.501323274033142
"PTI98_006592",5.66388985250504,-1.0172262233705,0.912741378718671,5.92656495389979,0.115238175315985,0.501323274033142
"PTI98_011970",3.86871627672358,-1.44049659827074,0.982756640736508,5.92310969147204,0.11541162250879,0.501323274033142
"PTI98_001925",17.8940308781491,-0.978552122544279,0.612326975932959,5.91931022418906,0.115602635823618,0.5015913024159
"PTI98_009822",26.9912627102952,-0.476295356625885,0.568722566346375,5.91166151315053,0.115988080687284,0.502701413392148
"PTI98_003602",3.94585508225073,0.123803083526595,1.08677409661366,5.90320447762351,0.116415687929145,0.503991577541466
"PTI98_003478",6.58763050820885,0.738648245338681,0.887975991469859,5.89592611304964,0.116784903240046,0.504570940024106
"PTI98_004247",8.92878632301137,-1.23820129920762,0.878795274315666,5.89418613437671,0.116873333886359,0.504570940024106
"PTI98_006439",85.923460901945,0.0926694705379507,0.515731185676238,5.89032445625249,0.117069823671486,0.504570940024106
"PTI98_012647",5.45822619167248,1.14654081500261,1.04133800193491,5.89206332428556,0.116981307655801,0.504570940024106
"PTI98_010107",4.99311827122354,-2.56393144095699,1.11045729642646,5.88612969895126,0.117283618386738,0.504931360401951
"PTI98_003224",11.7431074807344,-0.781391860228129,0.765820625359589,5.87508583901885,0.117848275311305,0.505036960616258
"PTI98_001693",81.71793702767,0.197616317675845,0.55144196846978,5.87538280666143,0.117833057896798,0.505036960616258
"PTI98_004682",17.9017441140819,0.134446647450977,0.690043365104619,5.88073148602835,0.117559298066916,0.505036960616258
"PTI98_009583",6.28412269389352,-0.108037128638039,1.03565489582232,5.87966424003315,0.117613874083072,0.505036960616258
"PTI98_011225",21.8574592438298,-0.364707722238051,0.740639859462831,5.8729235088397,0.117959135426226,0.505036960616258
"PTI98_001860",3.42167409360713,-1.49243831042804,1.12263928902123,5.86846265089697,0.118188152783599,0.505459586160507
"PTI98_003287",8.32916249134485,0.238961634327658,0.748422999483277,5.84834172012276,0.11922642923994,0.507661162482685
"PTI98_000597",29.9257452670696,-0.181594811403109,0.819626263206875,5.84925025452586,0.11917936026176,0.507661162482685
"PTI98_006574",13.6578982376174,-0.406659986813452,0.912371999143381,5.84996758589121,0.119142209573293,0.507661162482685
"PTI98_011756",5.65487482040734,-1.60358556740571,0.953904587694939,5.85060529310662,0.119109191904712,0.507661162482685
"PTI98_003653",6.05242576747622,1.1049806497698,0.870779139945737,5.84306643877264,0.119500079379004,0.508268429727146
"PTI98_004542",73.5633475963622,0.376115866702819,0.513209842406253,5.83166217558188,0.120093713030914,0.510233858539885
"PTI98_009524",8.66919649268511,-0.198198731438176,0.776245235009203,5.81312711406729,0.121064533575983,0.513795761204855
"PTI98_002888",3.78227780950134,0.901920530666329,1.06317794561121,5.80662172585954,0.121407039885145,0.5142891634314
"PTI98_006588",4.44157440485623,-0.526982977544161,0.969063870292448,5.80588362951917,0.121445958675731,0.5142891634314
"PTI98_001277",6.97761088287396,-0.449236133154128,0.799403912806345,5.7831833669327,0.122648734474718,0.516235583968487
"PTI98_005310",3.57021795322256,-0.600749918507613,1.14367732955875,5.79251834030273,0.122152752130213,0.516235583968487
"PTI98_007834",4.44714203404477,-1.97323605739917,1.01660624570472,5.78321255963463,0.122647180432165,0.516235583968487
"PTI98_008016",14.3790301134049,-1.67096434132927,0.762690574480687,5.78790336279002,0.122397714059453,0.516235583968487
"PTI98_006072",4.75014007050679,-1.69389862473746,0.992153098213592,5.78214353308794,0.122704101164977,0.516235583968487
"PTI98_006981",9.72438119677195,-1.30152509799865,0.73927522659072,5.78450436711661,0.122578431210273,0.516235583968487
"rRNA_CM057219.1_20917",19500.0753514762,-1.45217273200041,0.951809772100301,5.77610771783793,0.123025952999993,0.517028896735617
"PTI98_005573",6.21390165325223,0.293917584719372,1.24617725825001,5.77020089459619,0.123341705060192,0.517794885203989
"PTI98_001172",4.29998753840736,0.991125884209098,0.969520385133824,5.74339193133083,0.124784518193594,0.522599225360236
"PTI98_007940",5.6016429540456,-1.98021954650519,0.887379286687697,5.74143798842459,0.124890302116251,0.522599225360236
"PTI98_008576",7.63637815651325,0.564795681444799,1.00020503118506,5.7425007355436,0.12483275578568,0.522599225360236
"PTI98_001565",21.9864616400369,0.414615933239669,0.883260240397723,5.7339331468396,0.125297398772613,0.523737726119574
"PTI98_002479",9.04756732804056,1.8238443860888,2.57487146694645,5.72200400907702,0.125947090384548,0.525321251184582
"PTI98_010558",12.9459776936411,-0.975191621387226,0.729995277943109,5.72268550848143,0.125909887965411,0.525321251184582
"PTI98_003621",17.2353385272564,1.46337386112256,0.739204802221928,5.71004256179506,0.126601760484554,0.525802637841711
"PTI98_003914",11.8139185702674,-1.87785580284299,0.823592530468432,5.70440928127434,0.126911199950545,0.525802637841711
"PTI98_001963",17.6119326987575,-1.55282642304302,0.712787379867214,5.71289003024192,0.126445620666113,0.525802637841711
"PTI98_008243",5.22520411087797,-1.05845052780069,1.00460159297336,5.70513017853796,0.126871560511797,0.525802637841711
"PTI98_009883",11.996951799911,-1.19354911708252,0.698825238301357,5.7088957818471,0.126664695529716,0.525802637841711
"PTI98_010912",10.4370325919298,-1.30310193078979,0.736284351251153,5.70258865927244,0.127011361602909,0.525802637841711
"PTI98_011723",6.2737964212795,0.538760274949105,0.861641475270772,5.70472224845997,0.126893989610569,0.525802637841711
"PTI98_013478",4.99458459113686,1.35408767517119,0.903563827309618,5.69662944420615,0.12733973455559,0.526600032346623
"PTI98_001793",21.5120540163588,0.296306270908693,0.881667862543285,5.69186397378706,0.12760290922433,0.527126394974627
"PTI98_001816",8.37141662683856,-0.916670329202457,0.763924637349807,5.68679586019185,0.127883365229129,0.527722950769989
"PTI98_001509",6.99057904626678,-0.355942987281034,0.782470504170277,5.68068970282057,0.12822204269961,0.528558239778734
"PTI98_007488",10.3625043327778,1.40956533545308,0.817036729575245,5.64573244972553,0.130177424111752,0.535284574316708
"PTI98_010704",19.8837243097483,0.159631684342919,0.621146371149436,5.64552189681896,0.130189287125677,0.535284574316708
"PTI98_010770",5.63736706591243,0.75987844305166,0.892515127596446,5.64412957881856,0.130267759256244,0.535284574316708
"PTI98_001537",83.3606567236565,-0.619377382283816,0.531995063843563,5.64166772971438,0.130406621047783,0.535288130205663
"PTI98_010999",3.69318089620558,-1.82537340692969,1.23918074816421,5.63293654459814,0.130900243066818,0.536746345513939
"PTI98_013283",27.2017563974885,1.55872944278502,1.42425025274777,5.62580172264775,0.131304931913105,0.537837202630344
"PTI98_009760",4.13221228784957,0.803521609497562,1.12096342398159,5.61150339684581,0.132119518038114,0.540602964630636
"PTI98_000296",9.32094208534854,-1.19248840734424,0.769579362623324,5.60322053439586,0.132593592783854,0.541971071031158
"PTI98_008600",68.617542559448,-0.0401965190004203,0.559471851965977,5.59694948093997,0.132953594837799,0.542870520395602
"PTI98_006706",4.27055663491143,0.136700317497174,0.956710515258671,5.59302941711925,0.13317910512591,0.543124143020675
"PTI98_011286",51.2806694727212,-0.745871153431276,0.528734697589428,5.59100437762378,0.133295742241733,0.543124143020675
"PTI98_003450",14.9987922111727,0.0535722557538963,0.647298490384087,5.58329092575339,0.133740906595242,0.543226153594704
"PTI98_002010",24.3416352380104,-1.33467620558535,0.623001204116143,5.58565151366361,0.133604520916065,0.543226153594704
"PTI98_012311",6.37892542542568,-0.189080128123612,0.849143444035078,5.58576833504663,0.133597774857617,0.543226153594704
"PTI98_000679",5.89308814547278,0.779579036414027,0.857634648348526,5.58085288144301,0.133881906194141,0.543230035697774
"PTI98_000912",11.2694008616186,-1.38640686846156,0.937353173706914,5.57734354238336,0.134085109911969,0.543486041116537
"PTI98_007417",6.2865467893133,1.3527001569784,0.897718568892664,5.57348900197081,0.134308639541625,0.543823812924807
"PTI98_003356",10.7646072285605,1.13630257742037,0.730275278201398,5.55052318290326,0.135647807065546,0.546962415392154
"PTI98_005315",9.55540804913982,-0.121961280374506,0.901890763060212,5.5539502438638,0.135447169138952,0.546962415392154
"PTI98_011178",3.64947641296156,-0.350036278107535,1.1888556183573,5.5511444915418,0.135611411512785,0.546962415392154
"PTI98_012569",9.69886176901058,0.311717624120433,0.870698035980906,5.55302230854242,0.135501467460292,0.546962415392154
"PTI98_002469",22.9338341739761,4.63224066030474,4.13191399734283,5.53782559932842,0.136393650819728,0.548260074124068
"PTI98_008658",3.57556659293061,-1.19779976687043,1.32341742828641,5.54011155360345,0.13625908947274,0.548260074124068
"PTI98_011724",9.45444861622073,-1.11368759050237,0.894449134887166,5.53792697850402,0.136387680523375,0.548260074124068
"PTI98_001375",10.147308281696,-0.784411639812528,0.817154428636677,5.5293076879547,0.136896163731118,0.5485746065217
"PTI98_007279",11.889192001901,-0.824211645039522,0.859561470880278,5.53368121099997,0.136637929375837,0.5485746065217
"PTI98_008382",127.761779337932,0.0788149753332702,0.657016825216412,5.53097504207116,0.136797660359357,0.5485746065217
"PTI98_002572",4.63017255070661,1.01815758020202,0.892812902723774,5.52582665898761,0.137102031704802,0.54880111470482
"PTI98_006666",7.67552296093888,1.09911564461438,0.837468628929387,5.52356997733682,0.137235648688754,0.54880111470482
"PTI98_001361",23.231309056913,0.798435204536177,0.611848596281105,5.51667458677737,0.137644687098964,0.549324517690238
"PTI98_006071",20.5795430213516,-0.911673162412614,0.690414739809114,5.5165891393699,0.137649763133517,0.549324517690238
"PTI98_012521",4.73085855312127,0.555865487451493,0.990758567046158,5.51061273442822,0.138005234491481,0.550177085912081
"PTI98_002907",37.5276474860334,-0.612782050324518,0.54486629307286,5.49625173561505,0.138862977054648,0.551330079831094
"PTI98_000313",5.75706704648006,0.951986530732504,0.852353597536848,5.49948494395186,0.138669426682416,0.551330079831094
"PTI98_010917",4.27050114166068,-0.823440150363589,0.998587671819503,5.49756323240444,0.138784435729907,0.551330079831094
"PTI98_012436",6.91336765508256,-1.71719083077086,1.11120095883421,5.50207179750694,0.138514753452393,0.551330079831094
"PTI98_010589",4.20208622175723,-1.1396278899494,0.911452709735412,5.47596762276498,0.140083106385584,0.555605694958774
"PTI98_001687",3.51596395553196,-0.853194212198539,0.984670395083318,5.4683541018674,0.14054369220435,0.556294879653747
"PTI98_008066",5.15579876298743,1.47993645177045,0.931433183044666,5.46848797660159,0.140535580966827,0.556294879653747
"PTI98_006346",3.75219569491268,-1.0053275604317,0.991048979335561,5.46239379877592,0.140905266521267,0.557157521749232
"PTI98_002380",9.88359916956007,-0.00768588822722784,0.768336023038255,5.45201218919237,0.14153715950297,0.557158508756272
"PTI98_003579",15.3626757179225,-1.10561083659569,0.833157859858607,5.4558135324309,0.141305473841076,0.557158508756272
"PTI98_001463",7.59329732760569,-0.440191533700689,0.823733153655775,5.45914182619332,0.141102914856876,0.557158508756272
"PTI98_006162",3.12983914590282,0.0843807089068947,1.26315359911045,5.45101372631563,0.141598073839366,0.557158508756272
"PTI98_009775",5.22817590172618,1.75825038154249,1.0383384973522,5.45059398301818,0.141623689000692,0.557158508756272
"PTI98_001152",7.57622061137693,-1.55565800935573,0.919776940021757,5.43788693626578,0.142401227649585,0.558518060720668
"PTI98_001319",86.1991178868333,-0.244057998476146,0.556864012138452,5.43996283000295,0.142273928883377,0.558518060720668
"PTI98_007816",4.62475133799121,1.9239187874603,1.1314964393807,5.44002842199559,0.142269908382838,0.558518060720668
"PTI98_002920",6.59563409314818,1.11793452605571,0.815847342618649,5.41601540372896,0.143749014011872,0.56169185669568
"PTI98_001524",5.48537269617532,0.193611057516074,0.911822532295989,5.4195955253704,0.143527572989381,0.56169185669568
"PTI98_007647",10.6369194549499,1.14804861410641,0.819459863088723,5.41535915418598,0.143789640035785,0.56169185669568
"PTI98_006639",7.92270792360349,-1.8497699823734,0.893789207580875,5.41987468399931,0.143510319790513,0.56169185669568
"PTI98_006431",27.6163788806588,0.143331103176368,0.514463811998899,5.41111510197045,0.14405263646493,0.562153095419985
"PTI98_003476",34.2980745282068,-0.240696680278328,0.552668033422262,5.39716983200181,0.144920010234698,0.564402329016459
"PTI98_008398",56.9461495118366,0.626382014581702,0.553052950860241,5.39813463427684,0.144859842238659,0.564402329016459
"PTI98_002511",5.12849690822845,0.245153237380836,0.97387299432583,5.39162363757011,0.145266346774303,0.564787782732491
"PTI98_003922",3.98356395807094,1.24779791382922,1.00712997429575,5.39092251142007,0.145310184884513,0.564787782732491
"PTI98_010803",8.12106839388195,-1.6941798176442,0.883514271343082,5.38216554862706,0.145858772133755,0.566352529636472
"PTI98_002695",6.83687284789476,-0.887068809523399,0.768238840033893,5.36259298594563,0.147092004127776,0.569002088150069
"PTI98_003427",31.255931759401,0.75228171109006,0.564172305632659,5.36652804516322,0.146843273687188,0.569002088150069
"PTI98_001864",5.49294216465702,-0.423294955960279,0.966390964874694,5.36202573321668,0.14712789234713,0.569002088150069
"PTI98_007786",7.56167583183919,1.69725041375681,0.886200324113569,5.36240862565769,0.147103667090143,0.569002088150069
"PTI98_007672",7.79520523893485,-1.14071699613622,0.776180982511493,5.35952298563524,0.147286331873435,0.569047491371568
"PTI98_009817",7.15546631267766,-2.08284893816024,0.925635454539611,5.35295277233848,0.147703035520146,0.570089626649401
"PTI98_003384",8.82655137387952,0.253931908879844,0.929085861722904,5.34754031745584,0.148047147708375,0.570849787237363
"PTI98_007590",74.3276312969471,0.524095053969348,0.563709469283737,5.33241513478607,0.149012797382015,0.574002622686035
"PTI98_006329",7.7473379716308,-0.776058581795137,0.787241256381032,5.32853354895326,0.149261571063083,0.574390510073112
"PTI98_011365",3.90951026130314,0.821754584000881,0.949418905637837,5.32505208814598,0.149485034332088,0.574680325246948
"PTI98_003862",4.37870294968042,0.730589002502554,1.16853121571296,5.32093766236366,0.149749533138733,0.574859572649545
"PTI98_005148",6.87027119449041,-2.04607426122971,2.07865584454954,5.31971752283053,0.149828055671227,0.574859572649545
"PTI98_001123",4.71010201664925,-0.341082239292962,0.908667847078341,5.31224959682164,0.150309505317844,0.575000563242521
"PTI98_010892",6.0197201981936,-0.289896964819171,0.849809817051036,5.31328492109515,0.150242671832769,0.575000563242521
"PTI98_011719",5.22325137594438,-0.18271331751151,0.920225387316707,5.31591422866605,0.150073067822873,0.575000563242521
"PTI98_003104",11.53805290471,-1.13936983972645,0.788358761503225,5.30958281951985,0.15048178368938,0.575092452148871
"PTI98_007418",9.23264053194272,0.929044992446262,0.79129226471039,5.30667551317694,0.150669813202787,0.575142863532186
"PTI98_013609",649.779731815996,0.542993419483995,0.589786472909737,5.30479556864489,0.150791516424912,0.575142863532186
"PTI98_009974",75.4344214345439,0.630995278886464,0.549553044019005,5.30180859671029,0.150985077042553,0.575315436000062
"PTI98_000815",35.8845534164468,-1.24934032539761,0.574282902158286,5.28899673114324,0.151817972111815,0.577921407087075
"PTI98_005434",9.49674645500191,0.608119008062311,0.790585309233607,5.27890223301807,0.152477266447568,0.57951646383266
"PTI98_013132",42.3754269179149,0.210067309312737,0.615641993554976,5.27800824596079,0.152535784886091,0.57951646383266
"PTI98_002464",5.8948821373322,0.939210930639858,0.845526320495054,5.25561321915661,0.154008651488918,0.581775521413008
"PTI98_001562",10.3002784380683,0.974627408093869,0.822534182138974,5.26007524967211,0.153714127859607,0.581775521413008
"PTI98_001962",14.4267511824062,0.040356659397512,0.793274347914424,5.25832075011675,0.153829872998904,0.581775521413008
"PTI98_004876",3.46951467166932,-1.87061013098028,1.39309186103186,5.25722353050634,0.153902298881562,0.581775521413008
"PTI98_006101",4.7926735201161,1.97881721163824,1.00078268015515,5.25287586947658,0.154189598244269,0.581775521413008
"PTI98_006107",6.29480237627213,1.50875352187878,0.886573161692026,5.25176512806755,0.154263078682307,0.581775521413008
"PTI98_008909",9.20798400013403,0.398715053867381,0.720509051263162,5.24848564924459,0.154480223525496,0.581775521413008
"PTI98_009897",48.4003958116911,0.685057602781829,0.52064809504284,5.25066114673423,0.154336144656262,0.581775521413008
"PTI98_011521",6.95287718720817,-1.33688033275032,0.846449375039603,5.25435676893529,0.15409168159725,0.581775521413008
"PTI98_004796",12.8609835933246,-0.438827745548441,0.700222131746146,5.24395983807295,0.154780365764974,0.582340483804396
"PTI98_011978",56.8437622121918,0.752410032553919,0.601656083690867,5.2412363083462,0.154961249609501,0.582354747006383
"PTI98_012508",6.14205208478653,1.34653758694179,0.875913344256213,5.23938351866629,0.155084417029542,0.582354747006383
"PTI98_007557",3.9392107999052,-1.31346772338819,1.07463521829517,5.23641913990239,0.155281671392018,0.582531531266573
"PTI98_002811",8.24327240647515,0.236973056666947,0.783580838235436,5.22241159523017,0.156216960869325,0.58315886669235
"PTI98_000586",49.7803705003603,0.318222043996905,0.600274123631695,5.21948778036101,0.156412854309366,0.58315886669235
"PTI98_001056",5.71731764461813,1.24698766304102,1.90564695128615,5.21592910464531,0.156651595538394,0.58315886669235
"PTI98_004815",7.81250361288236,-0.511189286735172,0.85601434647457,5.21777631614903,0.156527628617456,0.58315886669235
"PTI98_005912",123.064309973741,0.323277335933035,0.534182555726133,5.22915774142497,0.155765856569701,0.58315886669235
"PTI98_009276",3.32532787469886,-0.742735313761454,1.00456069314942,5.22573675956298,0.155994458529896,0.58315886669235
"PTI98_010974",70.256069523895,0.264808959923723,0.600907753541626,5.22712890506384,0.155901392343887,0.58315886669235
"PTI98_012629",7.01663374948547,-1.03863320783791,0.803516464083347,5.22171200193871,0.156263812034406,0.58315886669235
"PTI98_006541",40.7594162854242,1.1676541723203,0.665540791726754,5.2122395895202,0.156899477196606,0.583521641462737
"PTI98_000369",6.42609745510767,1.09993105419736,0.791021064220052,5.19745460026972,0.157896528379075,0.584448921875682
"PTI98_000806",10.701462000415,-0.588623310748033,0.873384144718519,5.19737137325409,0.157902157805031,0.584448921875682
"PTI98_008809",20.8213879843647,-0.772988535777171,0.657135012134526,5.19827526016407,0.157841029559753,0.584448921875682
"PTI98_009824",3.22837905759361,-0.844854143906591,1.17620557737456,5.20195014427931,0.157592733400466,0.584448921875682
"PTI98_013183",41.0177067797427,0.765968158856916,0.607258044970696,5.20415374808873,0.157444021987763,0.584448921875682
"PTI98_009750",19.3771372753883,1.35486670512136,0.711492601992431,5.19158907888175,0.158293732258242,0.58478227374259
"PTI98_013646",9.37965401650776,-0.986630627004739,0.788764898472064,5.19365964616968,0.158153409269813,0.58478227374259
"PTI98_005088",71.7737799260819,0.177184908189667,0.553495374026749,5.1775142012885,0.159250705352556,0.587199131238178
"rRNA_CM057219.1_52604",772623.341495694,-0.654083218458367,0.905081253506131,5.17853332433356,0.159181230899463,0.587199131238178
"PTI98_001332",92.849075003773,0.362786219067156,0.569884188980981,5.16965835631748,0.159787204446489,0.587741168933476
"PTI98_012677",7.62239060257058,-0.172876960724058,1.00048455048162,5.16887576768148,0.159840742923067,0.587741168933476
"PTI98_013557",5.46353317253043,-0.0428619270024695,0.871298914194933,5.16870738838561,0.159852264301319,0.587741168933476
"PTI98_011912",6.86421153772409,-0.731695832106251,1.0389937222415,5.16601027538564,0.160036921321973,0.587862895651452
"PTI98_000684",6.02081595008051,-0.735918626132853,0.919342710529106,5.1580726197174,0.160581537039491,0.589305375757979
"PTI98_000867",3.69410813541313,-1.56088586910282,1.05445407266418,5.15219915208669,0.160985648585973,0.589672644820574
"PTI98_008402",6.34105156569066,0.223328811493619,0.775600074180665,5.15327946475939,0.160911248146519,0.589672644820574
"PTI98_003442",4.3881158468862,2.27105494893183,1.04657095107037,5.12723836567647,0.16271372870929,0.589916948067556
"PTI98_003532",4.78884783722592,1.87661028899425,1.00600254642433,5.14212183737453,0.161681228938012,0.589916948067556
"PTI98_004037",5.3845719689103,-0.507591243471529,0.89791825222093,5.13527240634743,0.162155620867961,0.589916948067556
"PTI98_000438",11.0738724927226,0.844371984650426,0.796417662362106,5.12270598440921,0.163029380852905,0.589916948067556
"PTI98_000554",5.32600145651538,-1.2269536654846,0.90205929042752,5.14681924871299,0.161356641675921,0.589916948067556
"PTI98_001102",8.70273444863723,0.382690030390565,0.728521313572524,5.12457834034841,0.162898913117633,0.589916948067556
"PTI98_001786",7.87604545543705,1.2618234472645,0.758539056071327,5.12666681472277,0.162753501957612,0.589916948067556
"PTI98_007542",14.8275046406863,-1.57032014255893,0.701973218233788,5.13395556879424,0.162246975150772,0.589916948067556
"PTI98_007760",16.0127031749275,-0.837733273875461,0.681198174374485,5.14285273288313,0.161630684304954,0.589916948067556
"PTI98_007868",5.58014429422833,1.84715211239392,1.02377388470384,5.13314451063648,0.162303265602884,0.589916948067556
"PTI98_007944",3.72471163938733,1.1302648321867,0.985233611896889,5.13435716646752,0.162219109582117,0.589916948067556
"PTI98_005995",26.0128710155966,-1.30296554676239,0.668162153301309,5.12860509624261,0.162618657369086,0.589916948067556
"PTI98_008451",57.5404322328013,-0.643501488334299,0.935870867589857,5.14846224448134,0.161243256925843,0.589916948067556
"PTI98_002221",10.4325901924447,-0.680999014986976,0.800283295040144,5.11936403241143,0.163262496031263,0.590002332305711
"PTI98_003622",4.01245664827687,-0.321069267334293,1.1589842341327,5.10532153845337,0.164245451114033,0.590002332305711
"PTI98_007534",31.0959499390197,-0.0010411001074584,0.614396315675241,5.11737194041658,0.163401601989779,0.590002332305711
"PTI98_007882",18.8111154637767,-1.24847681444709,0.604381745881835,5.11325325009318,0.163689560104528,0.590002332305711
"PTI98_006719",14.8715788450678,0.815452093049654,0.840819438961024,5.10817759694002,0.164045081027785,0.590002332305711
"PTI98_011670",13.8979504584292,1.30997657422315,0.701054967841262,5.11188901624445,0.163785045699274,0.590002332305711
"PTI98_011752",4.73153808218454,-1.28513793443033,0.984271252255375,5.10497482451234,0.164269790897182,0.590002332305711
"PTI98_012704",5.11015663745394,-1.9379338597149,1.00614059501419,5.11091480851967,0.163853264617768,0.590002332305711
"PTI98_003263",59.2983107171644,0.534813755913363,0.556960917508396,5.09626248461578,0.164882523841254,0.591619834604567
"PTI98_013243",17.3858072155236,-0.265584097843299,0.654353337282272,5.09423849766523,0.165025176860568,0.591619834604567
"PTI98_000728",16.2106041839517,-0.552510360698453,0.815688876883575,5.07236537208728,0.166574243511515,0.59483219004265
"PTI98_001263",5.8265833518489,0.71372267128525,1.20613127815335,5.07710255071017,0.166237598606684,0.59483219004265
"PTI98_005066",12.5769962677668,-0.218766995772719,0.738294909217346,5.06819697406331,0.16687099830719,0.59483219004265
"PTI98_005502",3.54922656707646,-2.15781624719694,1.16193430713628,5.0682628569911,0.166866304135523,0.59483219004265
"PTI98_008256",5.65139304694156,1.44788002129465,1.0385713512939,5.06646211605471,0.16699465196093,0.59483219004265
"PTI98_010287",22.9029925067614,-0.235705351560885,0.571555787297301,5.06849245019701,0.166849946544018,0.59483219004265
"rRNA_JAQZRA010000014.1_3134",12.5555040121889,-2.86003007338493,1.5528259070593,5.07675147590773,0.166262525576787,0.59483219004265
"PTI98_000489",15.181387457722,0.0605062605019151,0.62512558073307,5.0633212192311,0.167218741503683,0.595083943387878
"PTI98_000585",4.29307100406144,-0.615411916471851,0.895110625680924,5.05958871135901,0.16748540743915,0.595149696303253
"PTI98_009628",13.0717392252694,0.783494535037595,0.703046050626777,5.05693928304902,0.167674936116287,0.595149696303253
"PTI98_012246",3.32353361401041,-1.05079460614142,1.32290846350806,5.05662399314414,0.167697504011203,0.595149696303253
"PTI98_001529",7.55746642333858,0.325622334496234,0.880485625364929,5.05197920573976,0.168030300619297,0.595383695095403
"PTI98_006322",19.4024581272513,0.83105380681527,0.703092798071832,5.04944552165809,0.168212099250351,0.595383695095403
"PTI98_008318",9.45052969275945,0.689194046954727,0.777205363179066,5.04928106835752,0.168223905600557,0.595383695095403
"PTI98_003569",3.62832309013775,0.875406039253196,1.07549693081275,5.04656632680511,0.168418913526105,0.595530506442808
"PTI98_010711",22.8118377707382,0.190434561867322,0.884622004097662,5.04165384476634,0.168772331630284,0.596236679775839
"PTI98_007602",63.6118382491512,1.17088054290544,0.536724715942286,5.03530289361491,0.169230269926277,0.597310479566907
"PTI98_005568",19.0886146703956,-1.6146575005835,0.801077310563524,5.02429206870718,0.170026977297064,0.598227457639623
"PTI98_007449",13.5297985465482,-0.823739367038015,0.743216794178322,5.0190702433887,0.170406041552714,0.598227457639623
"PTI98_011161",8.74360339511591,-1.28724714452785,0.844357780160799,5.01894144895225,0.170415401054855,0.598227457639623
"PTI98_011242",23.4881915035322,-1.01446191940519,0.624228541991844,5.02897762211458,0.16968751636842,0.598227457639623
"PTI98_011776",9.21102065973346,0.541357904117324,0.818384791274564,5.0205095054265,0.170301483090003,0.598227457639623
"rRNA_CM057210.1_1811542",16.9214299548165,-2.63290573339473,1.64470296399863,5.02131027863062,0.170243335183542,0.598227457639623
"PTI98_003269",13.0038177483675,1.31076938805379,0.653040885526037,5.01299256452974,0.170848233319,0.599204608539242
"PTI98_002515",14.3509543027071,0.634367622088918,0.733286618827013,5.009277734752,0.171119042201531,0.599612253567966
"PTI98_007419",35.6842935200103,-0.040257298386594,0.616544689038305,4.99747648603088,0.171982021675604,0.600466482519952
"PTI98_007424",5.40454052993407,-0.683385350475618,0.874134942402584,4.99855463427704,0.171903011675505,0.600466482519952
"PTI98_007552",60.3689477553988,0.869369913539727,0.511506450350995,5.00279500508462,0.171592594663195,0.600466482519952
"PTI98_008048",10.8822201015193,-3.75926235874647,1.67090172534248,4.9982988314945,0.171921754602839,0.600466482519952
"PTI98_004688",16.5148664741862,-0.814416531355431,0.690489112521743,4.99302339121355,0.17230871926351,0.600978862584183
"PTI98_007644",11.2003888291763,0.853540142428252,0.842195976082669,4.99125472762854,0.172438637292136,0.600978862584183
"PTI98_000206",92.4282922969257,-1.21218262156032,0.573399253627801,4.98739920934081,0.172722164844229,0.601093624643665
"PTI98_007541",12.3853295122673,-1.55109045243707,0.701867828103995,4.98659326279876,0.172781487877723,0.601093624643665
"PTI98_011550",6.70473105805059,-6.19557869871799,2.70441026872498,4.98318123024947,0.173032848022828,0.601428689498702
"PTI98_002776",7.87331752737551,0.71849587267171,0.817744250342307,4.97232240201171,0.173835089059987,0.601839682843829
"PTI98_003162",17.7835008526944,0.631810981023661,0.681911303100322,4.96772489573257,0.174175798961492,0.601839682843829
"PTI98_003412",6.13241218625625,0.963256823241788,0.804779838377206,4.96689772200115,0.174237165205883,0.601839682843829
"PTI98_001637",15.1359036623044,-1.7057309311006,0.853498679547027,4.97746192115595,0.173454951879467,0.601839682843829
"PTI98_009720",4.70022133950343,0.715973837081025,1.10559213512164,4.96792952066196,0.174160621404317,0.601839682843829
"PTI98_011376",8.54174201788342,1.20178716903925,0.861752597677738,4.96933930768292,0.174056087578346,0.601839682843829
"PTI98_011997",7.96152615479677,-1.71461955873556,0.936313048428997,4.97067499707659,0.173957102276009,0.601839682843829
"PTI98_008883",3.45402463968783,-2.16621745131135,1.06542968883053,4.96170409310017,0.174622932897524,0.602099872630663
"PTI98_013196",23.5968165424672,-0.70960910108639,0.749288986511805,4.96218004919518,0.174587546954538,0.602099872630663
"PTI98_001347",16.4218035396298,1.50740597707095,0.781524456453648,4.95335173329265,0.17524500182949,0.603172459713037
"PTI98_006095",7.2122365942549,-2.02762528622933,1.04434934196366,4.95535872933976,0.175095334987437,0.603172459713037
"PTI98_000583",8.30480704900714,-1.60984876376862,0.854167701442079,4.94147144416091,0.176133404131124,0.603695499092728
"PTI98_000757",4.55048258714739,-1.65788124933415,0.990296969772994,4.94091492429366,0.176175123736264,0.603695499092728
"PTI98_004717",7.19245467074236,0.836084619635638,0.805083905438378,4.94573684067869,0.175813955254392,0.603695499092728
"PTI98_006343",6.82133181419112,-1.50368464225732,0.902607993485774,4.94179905051735,0.176108849395134,0.603695499092728
"PTI98_011280",4.9032457496904,0.860520286095401,0.988536305871814,4.94340673031977,0.175988397147976,0.603695499092728
"PTI98_000464",6.14603207097321,-1.33532667517773,1.123956833388,4.93475189330903,0.176637755905261,0.604746562362319
"PTI98_002336",18.4633501563203,0.172508755598223,0.732275058803823,4.9147371110666,0.178148041596273,0.605827304281836
"PTI98_003693",4.56996086680593,-0.190933390179679,0.87043435865778,4.92575223072025,0.177315366870362,0.605827304281836
"PTI98_000780",17.4083765954406,-1.12215540597691,0.709418470013296,4.91401342832167,0.178202875531213,0.605827304281836
"PTI98_000860",16.6595864125285,0.487375662529898,1.03223101827265,4.91577031154465,0.178069782675437,0.605827304281836
"PTI98_000980",16.1731065926707,0.409528856574667,0.654547039750665,4.91749091315829,0.177939528570995,0.605827304281836
"PTI98_005306",5.09345319331143,-2.1392086910736,1.08290144989224,4.92034980717546,0.177723300012556,0.605827304281836
"PTI98_008434",61.7368691831374,1.25942690489558,0.676290132970122,4.91554929221468,0.178086520895371,0.605827304281836
"PTI98_012616",6.81247851765083,2.11475738941351,1.19227978436613,4.91715458507518,0.177964982480012,0.605827304281836
"PTI98_013114",6.13390798241339,-0.454240096456388,1.02077473446249,4.91143029553684,0.178398730189069,0.605962061649211
"PTI98_010032",5.06579252144915,-0.499472604813012,0.998130297035651,4.90704436069673,0.178731736114999,0.606562033587124
"PTI98_000473",8.71201646642291,-1.0298380570019,1.00043693888663,4.89558379944303,0.179604638573457,0.608732626707644
"PTI98_011144",5.71122435399506,-2.83472697691079,1.21827284413109,4.89452882962144,0.179685191436002,0.608732626707644
"PTI98_010026",11.1073915460361,0.625669300956235,0.682704480461971,4.88815971653658,0.18017222773303,0.609849975023057
"PTI98_002733",4.86279637289204,-1.31728015111166,0.922750244870037,4.87936053632095,0.180847120223797,0.610762130888984
"PTI98_000202",9.75485668423338,-1.60322826241573,0.778196777902347,4.88212529405257,0.180634810309772,0.610762130888984
"PTI98_001791",3.20840039267373,2.0254677720458,2.36575794364148,4.87848929143513,0.180914072800063,0.610762130888984
"PTI98_000038",8.13187540097908,-0.355297691760882,0.75407759063461,4.86761153572799,0.181751950554143,0.613057231477844
"PTI98_000634",6.3083153402889,-1.39370394099758,0.959975184052203,4.85024862985202,0.183096882424218,0.61608993871903
"PTI98_006149",90.4457813999805,-0.0536868245684146,0.617725847962649,4.85366742836251,0.182831328441525,0.61608993871903
"PTI98_008631",23.5679215174714,-0.22177124635183,0.701513742525813,4.84985433015574,0.183127532699933,0.61608993871903
"PTI98_004488",48.0580106002009,0.0901632557452099,0.679017103898029,4.83617491283999,0.184193855640378,0.618069174765594
"PTI98_008008",11.4323515929763,-1.01090618978163,0.756928673266984,4.83902770958089,0.183970999720713,0.618069174765594
"PTI98_007032",4.13377728615597,0.16588848387181,1.02664430443692,4.83721605618286,0.184112493964055,0.618069174765594
"PTI98_002629",15.7365925843649,0.00387003362806976,0.746992898077013,4.82958618223101,0.184709521378958,0.618628523755719
"PTI98_002849",3.2054540800459,0.0265826674617933,1.14305459073269,4.83085059667241,0.184610457733811,0.618628523755719
"PTI98_006937",4.86662525024196,-1.01035699270115,0.848909100463344,4.82793458873159,0.184838994336911,0.618628523755719
"PTI98_003138",4.14009948259408,-0.968373545429832,1.04889939933666,4.82350653803899,0.185186540002969,0.619257404027169
"PTI98_010728",84.5976584154513,0.393267260565044,0.510298708166485,4.81161040267645,0.1861232610472,0.62025097044853
"PTI98_011903",5.1865500397583,-2.09065493569003,1.00306420697839,4.8118798447817,0.186101995838036,0.62025097044853
"PTI98_013553",68.4334873066609,-0.528957509242037,0.60929683681125,4.81375834476249,0.185953801827767,0.62025097044853
"PTI98_013558",4.36192729676942,1.10961100615892,1.10075265211926,4.81501493047817,0.185854731888787,0.62025097044853
"PTI98_000139",6.5628636935508,-1.4598435824219,0.847155584704369,4.80654183904053,0.186523710999852,0.620602135889471
"PTI98_013438",63.2048822539365,-0.722440929518114,0.674325268625,4.80622691869345,0.186548618315835,0.620602135889471
"PTI98_013504",8.00535069169584,0.560151087432497,0.796718898431205,4.79610496458237,0.187350828370388,0.622736815123165
"PTI98_004951",3.35765416655124,-0.452526279342409,0.91911726258032,4.79172825143456,0.187698698924481,0.623358949595943
"PTI98_001229",9.36376925175475,0.808399392075673,0.700646097901672,4.75376412508706,0.190741562494692,0.62418816008493
"PTI98_001771",3.52488998859684,0.552050023384674,1.1905439414951,4.76299376361711,0.189997592160822,0.62418816008493
"PTI98_004417",8.17746173711385,-0.579180442850605,0.885986100669105,4.7780850767745,0.188786960795347,0.62418816008493
"PTI98_004612",8.0701364263179,0.775189436474365,0.808136568282835,4.76626755790205,0.18973435348562,0.62418816008493
"PTI98_007496",7.1069177417468,0.457095583751301,0.888196754635736,4.7528814612551,0.190812853234737,0.62418816008493
"PTI98_007711",22.0825934802496,0.666593016460759,0.605867399424705,4.75112493887148,0.190954797463693,0.62418816008493
"PTI98_007803",6.76719994970334,-0.644500805365448,0.875106858623013,4.77764032178069,0.188822536050967,0.62418816008493
"PTI98_007878",7.96755427773167,-0.822855096843132,0.966759349271187,4.75692707018219,0.190486302586076,0.62418816008493
"PTI98_006360",6.06479846542035,-1.26319252706448,0.902414653927002,4.75417466703199,0.190708412424329,0.62418816008493
"PTI98_006658",9.35622684065516,0.598182856743382,0.760846748980979,4.75290109240662,0.190811267401363,0.62418816008493
"PTI98_006698",3.34053922461574,0.904720970948015,1.01799027989384,4.77318950279256,0.189178894802845,0.62418816008493
"PTI98_006772",8.33334222404239,0.218116240667251,1.02998440364988,4.75713071535425,0.190469878682759,0.62418816008493
"PTI98_008737",45.3987652580721,0.806096070796644,0.567955077715713,4.75530849661311,0.190616886885265,0.62418816008493
"PTI98_009808",4.23818417497013,-2.39097697706377,1.27721411515465,4.77647094346332,0.188916102641608,0.62418816008493
"PTI98_010133",11.5302826005226,-0.623445884921847,0.766473473117956,4.77896777894993,0.188716373355423,0.62418816008493
"PTI98_010913",7.80648585381946,-1.51179999089117,0.908621350557806,4.75049457846477,0.191005760768449,0.62418816008493
"PTI98_011067",24.800170673879,0.824783995677826,0.836305411610928,4.75457987901004,0.190675698002134,0.62418816008493
"PTI98_011104",5.39067806817011,-0.376060904805816,0.909682579133837,4.77616170930759,0.188940852923606,0.62418816008493
"PTI98_013555",10.6310718216022,-0.753062091427797,0.669986018759214,4.75193739269885,0.190889130994641,0.62418816008493
"PTI98_007523",11.6553076065617,-0.509961093833583,0.729542700699585,4.74829251865961,0.191183892201163,0.624244375293191
"PTI98_003404",4.56510831101566,0.0264773727371185,0.911285142242518,4.7366535157419,0.192127982800782,0.624697774756273
"PTI98_004107",6.14471527919448,0.443988313712599,1.00273723537831,4.74251348157423,0.191652113332,0.624697774756273
"PTI98_006861",27.9488362132762,0.466110170401669,0.743479724703083,4.7372252311427,0.192081507141879,0.624697774756273
"PTI98_010527",16.1891444620328,-0.20268843377512,0.635793971589512,4.73752101844653,0.192057466232727,0.624697774756273
"PTI98_010705",84.3619359818959,0.112354475403639,0.46569511709202,4.74236960292544,0.191663784096705,0.624697774756273
"PTI98_010353",4.49455795181024,-2.49482319886391,1.23248954761788,4.73144304674513,0.192552033482772,0.625028734627342
"PTI98_010998",8.70092647304733,-1.67630706822307,0.763634106219989,4.73277103712509,0.192443873081207,0.625028734627342
"PTI98_003205",3.55143684066352,1.55046619069012,1.13829838635483,4.71937884234359,0.193537221101621,0.625136715458915
"PTI98_001647",37.6650294285779,-1.05260741809782,0.67298737511919,4.72095048135766,0.193408612293244,0.625136715458915
"PTI98_004598",3.88627971053199,-1.00725866554593,1.04437148806386,4.72518932290237,0.193062140503256,0.625136715458915
"PTI98_006277",4.87558830869863,-0.165316582836696,0.953318572080824,4.71919519294449,0.193552254515637,0.625136715458915
"PTI98_006678",8.99261534286472,-0.29143231477857,0.780226455708675,4.72784211325195,0.192845602704549,0.625136715458915
"PTI98_006958",36.4613738683635,0.178461587559382,0.662489193443783,4.71980044106337,0.19350271343448,0.625136715458915
"PTI98_003032",4.39079816859295,-0.734239975408272,0.980802189384676,4.71531745584171,0.193869937538121,0.625641836697481
"PTI98_003298",6.55649422823107,-0.153717504592929,0.837057121362736,4.70446069040513,0.194761961920493,0.627106778882654
"PTI98_004051",3.23761607014221,-1.88617314832985,1.23524403515298,4.69328400194243,0.195684263958442,0.627106778882654
"PTI98_001497",41.7260484474771,-0.993939702006495,0.660242731656774,4.68100207228828,0.196702458950492,0.627106778882654
"PTI98_001789",24.5724076141374,1.12586473939497,0.643618650085503,4.70056725959719,0.19508278800824,0.627106778882654
"PTI98_004962",5.31101657122359,-0.197935328511289,0.935393745682809,4.68518985868587,0.196354730848322,0.627106778882654
"PTI98_005283",9.86157612443742,-1.10698047434736,0.790678251085841,4.68044339440046,0.196748891441142,0.627106778882654
"PTI98_005368",3.91972706449926,-0.778226572852831,1.19074491405003,4.70268534723553,0.194908192576584,0.627106778882654
"PTI98_007023",3.59817119371069,-1.25957020468065,0.984880762648723,4.69836879081258,0.195264163337935,0.627106778882654
"PTI98_010114",19.0140478716844,-0.263869442314353,0.621706291401522,4.68218573398771,0.19660411688302,0.627106778882654
"PTI98_010290",7.80353026629785,-1.59434686093139,0.849069247001918,4.69857272123991,0.195247332319414,0.627106778882654
"PTI98_010727",39.8933741525096,-0.98978123872921,0.617649449639977,4.69188004790689,0.195800405518878,0.627106778882654
"PTI98_010860",4.42775609350735,-1.54086074622595,0.99969133931056,4.69226565224515,0.195768500156845,0.627106778882654
"PTI98_012044",7.2987902436066,-1.53320661065504,1.04420434743807,4.68267385013378,0.196563576096796,0.627106778882654
"PTI98_012215",4.89204193114551,2.23618524673009,1.08899778030159,4.687924987846,0.196127931459069,0.627106778882654
"PTI98_012238",20.7105856965059,1.23807327900386,0.674844727883277,4.68738993540657,0.196172279298381,0.627106778882654
"PTI98_003980",8.67250998943363,-4.79055768502661,2.13019033654453,4.67279245486554,0.197385798761722,0.628620290145089
"PTI98_003431",19.8620427402525,0.244255942643307,0.671927154498425,4.66506957009369,0.198030640297498,0.629470390771957
"PTI98_000135",5.33127902200755,-1.77202518568861,0.975519439821356,4.66711157537948,0.19785994764546,0.629470390771957
"PTI98_000659",25.6934436024893,-0.511695709434763,0.579023114873667,4.66182861948374,0.198301834886139,0.629470390771957
"PTI98_010251",4.12377482773952,0.632338319585642,1.11137039077857,4.6623372940908,0.198259247432668,0.629470390771957
"PTI98_005384",6.08912160140762,1.75845299728761,0.931366099393731,4.65723295994994,0.198686980361837,0.630177266413382
"PTI98_003968",5.94654968614151,-0.142046813888948,0.837503945266307,4.65190806351931,0.199134110517313,0.631034662685125
"PTI98_000430",9.20711247213793,1.95992486255394,1.03387002011698,4.64958456517148,0.1993295071348,0.631034662685125
"PTI98_011631",6.06658196277957,1.02067873141249,0.997267086440623,4.64820810500926,0.199445345824172,0.631034662685125
"PTI98_013151",6.84190197881143,-0.272867765473468,0.921836471968863,4.64454460567288,0.199753959808234,0.631496014748279
"PTI98_010679",15.8100990774451,-0.284648433308482,0.758473667562518,4.63968282018092,0.200164203222018,0.632277641936651
"PTI98_010165",4.20430755068975,2.05607553222441,1.11853973783002,4.63694757780334,0.200395350445347,0.632492729355167
"PTI98_004307",12.8426480761145,0.759635488396262,0.752609407477654,4.62603198202444,0.20132026778103,0.632837373357063
"PTI98_005422",3.6667072072573,-0.702190129412606,1.31208592703237,4.62794138699088,0.201158191353801,0.632837373357063
"PTI98_009724",5.95212118623471,1.20074019774915,1.15627024235021,4.62802033760458,0.201151492383107,0.632837373357063
"PTI98_011231",3.91036330478103,-1.04273846251218,1.1325887480545,4.63068797379109,0.200925264879282,0.632837373357063
"PTI98_013455",11.6728624804183,-0.69645092186625,0.676548825214156,4.6265575976243,0.201275639740925,0.632837373357063
"PTI98_005882",4.59259517748847,0.646933764670495,0.911176855321394,4.61831078348972,0.201976906042645,0.632936203615142
"PTI98_006312",61.5541627770301,0.731748511617215,0.513355310432036,4.62245819783658,0.201623948191783,0.632936203615142
"PTI98_011973",3.14712623403104,-1.55901455503104,1.06339612552541,4.6180728160947,0.201997175209502,0.632936203615142
"PTI98_013226",4.40283054051761,1.88640053497184,1.11506969228445,4.61798814361578,0.202004387748272,0.632936203615142
"PTI98_000874",5.03125174510198,1.89119106427819,1.32809250485908,4.6121337756686,0.202503652754911,0.633211942599905
"PTI98_000951",38.3515289961557,0.298424484583115,0.5302383740443,4.6112149587666,0.202582114144492,0.633211942599905
"PTI98_010656",14.6840624694034,1.85292888065673,0.937256721530042,4.6114410417575,0.202562805410003,0.633211942599905
"PTI98_002673",4.70904683575764,2.26564343774527,1.1123667521688,4.60854975829522,0.202809865856338,0.633350504721428
"PTI98_012484",4.86308236626312,-0.329085455221203,1.01374287570573,4.60687622217152,0.202952997517075,0.633350504721428
"PTI98_003528",3.98249025836067,0.095000643727554,0.972287772207258,4.60459394828616,0.203148343574213,0.633450502190009
"PTI98_001645",4.01404753769389,-2.01816517545719,1.10714443299094,4.59358559283569,0.2040930330619,0.635622554365462
"PTI98_011163",6.47604352452428,0.0696484349855947,0.896355344614168,4.59266000844362,0.204172648295789,0.635622554365462
"PTI98_012755",72.7190705114976,0.717250858854524,0.561932664810775,4.58600721342442,0.20474574511071,0.636895545536844
"PTI98_001301",30.335147332551,0.471128541523152,0.583455381166584,4.58057114180103,0.205215136734372,0.637748638341504
"PTI98_001595",40.365179114046,0.106345716729573,0.658946626649398,4.57902512339277,0.205348813943939,0.637748638341504
"PTI98_011176",5.04466527195949,-1.4322704916069,1.26834291619573,4.57571792457165,0.205635043765822,0.6381266678141
"PTI98_008235",4.26836510806976,1.22902621305811,1.11784155897538,4.56860868142692,0.206251584495063,0.639017489022645
"PTI98_013573",136.165839724766,-0.548855446057009,0.530348183345057,4.57035720747386,0.206099786828554,0.639017489022645
"PTI98_003899",15.1300818537051,0.338522811544973,0.634606104533453,4.56319744800663,0.20672201610159,0.639963847133333
"PTI98_001543",3.35244935701208,-0.288387244432723,1.09336559247087,4.55236753037741,0.207666517046799,0.642008927779935
"PTI98_006325",37.388413548672,-0.81463787002327,0.571715993477467,4.55182841737947,0.207713638660433,0.642008927779935
"PTI98_011218",3.92140751843567,0.805427581949868,1.14354254794777,4.5476737746068,0.20807711129204,0.642620314253044
"PTI98_002508",26.3326679745344,0.770225307845613,0.654703800576992,4.53831359153313,0.208898156619906,0.644642760165962
"PTI98_003995",12.9983751511486,0.107548857123201,0.771972595775891,4.52753227193432,0.209847579544679,0.645518446513726
"PTI98_004906",9.84706816011857,0.81766377105876,0.74353404781325,4.53088358041062,0.209552029777779,0.645518446513726
"PTI98_005875",6.59855128194179,1.71687909815792,0.916524664820993,4.53018772111066,0.2096133654264,0.645518446513726
"PTI98_010681",3.56989510125296,2.1633366152164,1.33567850229571,4.52831479663579,0.209778534651492,0.645518446513726
"PTI98_002252",4.9672016377449,-2.69226592706431,1.33180715756356,4.50461820278324,0.211878723939665,0.645644800100829
"PTI98_002852",71.2659061628776,0.25125667499821,0.533857998768822,4.52086397399043,0.210436801379404,0.645644800100829
"PTI98_001451",27.9970546074596,0.349377178982113,0.670206025776788,4.50453637939646,0.211886009416952,0.645644800100829
"PTI98_001878",3.24251836360042,1.94294453771686,1.23003141765802,4.50962054250093,0.211433760530208,0.645644800100829
"PTI98_001971",6.14698792674353,-1.25856080159286,0.859600834583614,4.52107055061974,0.210418524949447,0.645644800100829
"PTI98_004797",6.29268968559347,0.817411000197772,0.777238730470725,4.50786675034238,0.211589663621116,0.645644800100829
"PTI98_007391",25.7276716954679,-0.647836059549757,0.617409947974362,4.51234043337317,0.211192186597358,0.645644800100829
"PTI98_007529",5.68253211014764,-0.0432188982851093,0.992248813863125,4.51580606192955,0.210884748377585,0.645644800100829
"PTI98_006132",3.83410343000722,-1.48415265127436,1.07046363283155,4.50695494945174,0.211670760067274,0.645644800100829
"PTI98_008636",4.11541696740842,0.238076187063673,0.931489989329888,4.51255670714333,0.211172988672274,0.645644800100829
"PTI98_008694",14.7184948490405,0.999403437994044,0.701675135036539,4.51388431587282,0.21105517652707,0.645644800100829
"PTI98_011687",9.09597161851783,-1.09167980083811,0.868576697264412,4.5048560033496,0.211857551717489,0.645644800100829
"PTI98_002178",77.5382154639857,0.158404690857729,0.510573377880279,4.49972189981797,0.212315094602865,0.645937452521188
"PTI98_009429",5.84928570627642,-0.0741986250640103,0.850909848581387,4.50072147794911,0.21222594220164,0.645937452521188
"PTI98_011595",15.0212765255406,0.125819643756011,1.10706061629972,4.49438570742565,0.212791616460625,0.646879843456712
"PTI98_000853",6.65336144967366,0.579347725186845,0.87532521089466,4.4888143178332,0.213290197377971,0.647473073910699
"PTI98_007361",83.2057344560071,-0.00351421605645884,0.524439960874824,4.48847502834458,0.21332059511675,0.647473073910699
"PTI98_011233",4.20957303221166,-1.61491191136604,1.04970927509786,4.48104335156199,0.213987422590507,0.648989219881607
"PTI98_000818",4.75691921173464,-1.11779680628103,0.963576767039274,4.47903743154527,0.214167739411263,0.649028641543976
"PTI98_012221",6.99974384107955,0.13402136944841,1.03675637804188,4.47466548100614,0.214561231268596,0.649541358468272
"PTI98_012470",4.63970451891641,-2.04177244116377,0.951295184539965,4.47158065945194,0.214839278915904,0.649541358468272
"PTI98_012983",7.72189743248322,1.42732424209318,0.867241018615677,4.47175059111582,0.2148239536089,0.649541358468272
"PTI98_004047",6.34665301035496,-1.57897523690837,0.961766487056222,4.46366853020359,0.215553955516996,0.650508774142313
"PTI98_000315",9.93110720603926,-0.17489072983393,0.743131599151476,4.46553352502069,0.215385298958051,0.650508774142313
"PTI98_010832",10.133930973442,-1.14917648486837,0.874591870053339,4.46247054257731,0.215662357191806,0.650508774142313
"PTI98_000703",9.88867883209198,-1.19832645256649,0.785372162767912,4.45477535692616,0.216359869705675,0.65210562128074
"PTI98_008740",6.69995541119697,2.01716059544143,1.01097423737857,4.44225122152548,0.217499550510757,0.654988669715066
"PTI98_010070",4.85154768617668,0.0787099715203482,0.960919222298351,4.44055712398779,0.217654136443083,0.654988669715066
"PTI98_008803",10.6163488422897,-0.588710962063606,0.787788572068504,4.43511340512282,0.218151561577581,0.655976672371657
"PTI98_000500",4.32546970643975,-0.905476505983694,1.03499380319992,4.42969794751858,0.218647445902057,0.656450033013994
"PTI98_010048",15.7800270654092,-0.192132696160915,0.649147186259508,4.43151101239235,0.218481310812548,0.656450033013994
"PTI98_011927",3.30563124611092,-0.638467985738451,1.3237105261719,4.42485129545557,0.219092128079751,0.657276384239253
"PTI98_002767",20.415379898701,-0.943960476179943,0.677676046030449,4.42150899083195,0.219399272103869,0.657351274502154
"PTI98_008148",3.70618470781053,0.327561195462537,1.06805266986045,4.42089194288982,0.219456019716496,0.657351274502154
"PTI98_007371",41.2167657146265,-0.526906811166294,0.550914094440524,4.4130742130934,0.220176161546203,0.658491388309731
"PTI98_006446",5.06671484031002,0.350878604305954,1.22766351654189,4.41331802480267,0.220153669556402,0.658491388309731
"PTI98_003567",6.40941819702024,1.33782973048456,0.872756106086422,4.40881723888491,0.220569215607466,0.65915869594866
"PTI98_000370",8.4778403802315,0.708415785938897,0.786138075682986,4.39660604441956,0.221700292114476,0.659984232035003
"PTI98_000529",7.33817279497304,-1.18063949253051,0.863287577975929,4.4021295845025,0.221188006456293,0.659984232035003
"PTI98_000607",9.64885383093656,0.269624062941928,0.783645611216786,4.39061682113474,0.222257004486073,0.659984232035003
"PTI98_000710",4.51364693193903,0.309184369471304,0.914091731350876,4.39262842689795,0.222069877373306,0.659984232035003
"PTI98_001716",23.544228788025,0.676576654828455,0.659657997087405,4.38933044392483,0.222376744333526,0.659984232035003
"PTI98_004991",26.4743377144315,-0.852484053000209,0.686339105011282,4.39185365805979,0.222141932066086,0.659984232035003
"PTI98_006062",6.73537601076962,0.448396420569188,0.886700067561202,4.39030906893956,0.222285645571226,0.659984232035003
"PTI98_010247",8.52696889570819,0.41989607504602,0.75918740193294,4.39788872345947,0.221581231428637,0.659984232035003
"PTI98_011811",5.44879114189765,0.111615317248101,0.900326056824095,4.3958719939012,0.221768454611449,0.659984232035003
"PTI98_007836",4.24515398590043,-0.695369227242783,0.956759605715589,4.37900205935585,0.223340299546207,0.662337172736802
"PTI98_008052",4.41584949040069,0.098311431976512,0.937300581001625,4.36575280381987,0.224581983468636,0.665510705786737
"PTI98_001846",48.7948704333623,-1.16065239979038,0.599007828950853,4.35722604808285,0.225384448405614,0.667378836156775
"PTI98_010773",19.4455417706268,0.569455238701461,0.626985204599486,4.35407517036879,0.225681649662355,0.667749137330491
"PTI98_001739",6.46062672734419,0.591743674653304,0.816054213487356,4.34260745412669,0.226766372510346,0.668917687427857
"PTI98_002035",6.54081654271828,1.15640277752039,2.60515424164727,4.34742403826712,0.226310191960443,0.668917687427857
"PTI98_006373",10.3472920146529,-0.617220960134141,0.794051019599961,4.34610852671352,0.226434700625222,0.668917687427857
"PTI98_010358",5.50938934038523,0.317411280290603,1.03699268368245,4.34433779749226,0.226602393669503,0.668917687427857
"PTI98_001806",5.13290394738518,1.4833166323445,1.03395529486238,4.3098874242475,0.229887770062148,0.67709541387325
"PTI98_009924",8.72741453714701,1.43741333817918,0.831973206831622,4.3113711685249,0.229745373925307,0.67709541387325
"PTI98_000097",4.98298636027346,0.806742195447751,0.944696653448161,4.30602817174893,0.230258525784179,0.677672853958141
"PTI98_006576",8.12780749620156,-0.744672612167022,0.818310693623153,4.30206510193861,0.230639827232385,0.678280432020032
"PTI98_008699",64.8311755582009,0.595087169158636,0.50729813884598,4.29345545782895,0.23147019356734,0.680206727914934
"PTI98_001551",11.3768160060184,-0.256209063642463,0.677501487628828,4.28784558574525,0.232012721047606,0.680254984840259
"PTI98_010286",15.7644870980888,-1.00832122107741,0.622033068140345,4.28932799735648,0.231869244409773,0.680254984840259
"PTI98_010362",4.95823404288428,-0.380102811787385,0.953432474652963,4.28825761392718,0.231972834319242,0.680254984840259
"PTI98_007707",4.569131212694,-1.05366850185045,0.918355433438858,4.27804558613192,0.232963277235946,0.682172810233807
"PTI98_007767",20.2563744159238,0.472145662596021,0.761294929464776,4.27617245467351,0.23314536932073,0.682172810233807
"PTI98_006530",13.6856545560213,1.28887191218422,0.786339480657915,4.27566813681871,0.233194417728804,0.682172810233807
"PTI98_001404",109.993191526642,0.643137994443286,0.549265493070458,4.27158450183576,0.233591928705863,0.68282071699325
"PTI98_001717",4.81999145115586,1.79669597888575,1.03626307470569,4.26945477511905,0.233799488274462,0.68291281251253
"PTI98_003711",6.35508036340018,-1.06777376456065,0.820315401121513,4.26745792274791,0.233994251938268,0.682967421571512
"PTI98_010435",4.63478171562359,-0.649012001385931,0.92200975902986,4.26339483841705,0.23439100619325,0.683611062423771
"PTI98_005272",52.6542439476187,0.861008208190566,0.511507020922266,4.25961192355403,0.234760957342775,0.683661977126594
"PTI98_007687",7.47942011792526,-1.5484249198745,0.959444606870321,4.26000633607119,0.234722360655954,0.683661977126594
"PTI98_002703",53.253888185625,0.765540731635619,0.586835233437571,4.24783326054722,0.235916289382891,0.685012913135692
"PTI98_001685",17.7006033182865,-0.653091839387495,0.709057694998344,4.2474882417044,0.235950209705921,0.685012913135692
"PTI98_001775",4.88417947441614,-1.2350806809326,1.03283253796823,4.24588563182501,0.236107828012998,0.685012913135692
"PTI98_005225",4.21666793576401,1.42410446561264,0.978992042778202,4.246992508936,0.235998955212127,0.685012913135692
"PTI98_006994",3.98752580560262,0.112256637153413,0.978244009404918,4.24899513271218,0.23580209350682,0.685012913135692
"PTI98_002681",14.5347275205848,-1.18357469971061,0.683955938512683,4.2384402633401,0.236841354962917,0.685289146146217
"PTI98_003625",49.2954653022561,0.39997426658115,0.659828110857713,4.23429583921775,0.237250573693096,0.685289146146217
"PTI98_000668",5.66302972603608,-0.323523988914025,0.853481835999298,4.23235063044883,0.237442866282293,0.685289146146217
"PTI98_000793",6.80300452846689,-1.25975838476906,0.837968977482172,4.23150110511884,0.237526890484874,0.685289146146217
"PTI98_004398",4.01145971534683,0.403962066068422,1.01772554246298,4.23059672073857,0.237616370602388,0.685289146146217
"PTI98_005983",16.3623754069383,-0.875470379263249,0.701150257477119,4.23407267641876,0.237272627080828,0.685289146146217
"PTI98_009634",5.93594305815987,-0.0127365631747682,0.996540249442837,4.2319748508793,0.237480030239216,0.685289146146217
"PTI98_011926",12.7244626853084,1.40343548648647,0.790056394767311,4.24182611501543,0.23650751790421,0.685289146146217
"PTI98_004464",35.6765223342371,0.241836214111501,0.652071359012798,4.22786476369016,0.23788685913137,0.68555952939865
"PTI98_009889",4.95456690557445,-0.871286260307707,0.97734716956071,4.22290688512037,0.23837845510319,0.68595699357958
"PTI98_010924",5.43414238430589,-1.55895312888915,0.940886835144511,4.22330657979651,0.238338789096264,0.68595699357958
"PTI98_001230",95.7310243507801,0.0852157747577158,0.570987885626659,4.2171351682222,0.238951919608386,0.686588515674763
"PTI98_010230",4.53978325277276,1.30367874243818,0.948227330281444,4.21859803275444,0.238806453270438,0.686588515674763
"PTI98_004820",7.03304946449406,-0.659006890919312,0.844785634583443,4.21363469244815,0.239300334396828,0.68708067884922
"PTI98_001658",34.5448210797502,-1.11277680890439,0.574300110458637,4.20899486120244,0.239762870635295,0.687391112486555
"PTI98_006161",6.57063138590733,0.282652639259128,0.818144586944265,4.21034994187158,0.239627700539243,0.687391112486555
"PTI98_008034",5.08050750104644,0.683740347691278,0.933174130477648,4.2040072373111,0.240260990910046,0.68781332950206
"PTI98_012711",16.4864456502911,0.923228038516713,0.652383205450891,4.20396938582662,0.240264774806726,0.68781332950206
"PTI98_001161",4.53921756538096,-0.626047494484822,0.956972012965189,4.19648454766659,0.241014084379206,0.689449582084764
"PTI98_009694",17.2526034565676,0.502830924381949,0.624411657312198,4.19399461069642,0.241263826684582,0.689655404354823
"PTI98_004461",3.4053681272365,-0.349140577156451,1.11432404714229,4.1890116080415,0.24176433672892,0.690577218093874
"PTI98_003064",11.0121700431872,-0.396384129290746,0.723439704758323,4.17805184221547,0.242868518962527,0.691086541910952
"PTI98_001651",9.17760847854784,1.37286432461314,0.83564696507221,4.1787195375876,0.242801117740383,0.691086541910952
"PTI98_007558",7.73872935103205,-0.240469157879485,0.752548400041881,4.17487173699345,0.243189773062245,0.691086541910952
"PTI98_006423",392.406660148307,-0.26177240003053,0.511803838690175,4.1769434387943,0.24298044572606,0.691086541910952
"PTI98_010039",29.8042769944035,0.982549861882935,0.612861456866037,4.17554297528045,0.243121932247674,0.691086541910952
"PTI98_010808",3.47758476739352,1.51785633728029,1.19734780867951,4.17831552743564,0.242841898931405,0.691086541910952
"PTI98_010955",16.1070350154119,-0.636672598876099,0.670859341441019,4.18332901647675,0.242336275699486,0.691086541910952
"PTI98_000753",50.6831998799125,-0.779650290796986,0.563505556254331,4.17039374444151,0.243642798791681,0.691661592723761
"PTI98_010313",11.4067569336688,-0.0587649989734909,0.781210331945359,4.1693475648627,0.243748748969678,0.691661592723761
"PTI98_000752",4.43257288384081,1.11796134540731,0.997682427112919,4.16695684980208,0.243991023035881,0.691842966634635
"PTI98_006735",7.69299575639569,-1.24431602950549,0.918026741881,4.16395531058393,0.244295509570595,0.692200351807406
"PTI98_002761",3.87560371707621,0.970372274824148,1.07365314093876,4.15912830818309,0.244785906156934,0.693083598527551
"PTI98_003963",6.24532446940761,0.74070824045506,0.916050215951253,4.15363818170556,0.245344766273423,0.693227024708774
"PTI98_001875",7.19101685554128,-0.326292148599247,0.843344444690341,4.15336406249753,0.24537270041896,0.693227024708774
"PTI98_007500",14.7278205268419,0.400978461498563,0.68575827173378,4.15557754974927,0.245147217793143,0.693227024708774
"PTI98_000512",101.683643908662,0.382405649783767,0.576956551342055,4.14921571678609,0.245795793018207,0.693651771875496
"PTI98_000724",6.66666352093309,-0.0175140726052562,0.920860209856915,4.14002792358029,0.246735236623266,0.693651771875496
"PTI98_000812",12.9570541384622,-0.48403767535519,0.704270847822289,4.13266857333564,0.247490088238125,0.693651771875496
"PTI98_001157",4.80694416422382,1.16314925855035,1.00855096561959,4.13726228194184,0.247018662640926,0.693651771875496
"PTI98_001223",77.8368627638189,0.472158770484572,0.561441350512574,4.13294404818903,0.247461794712693,0.693651771875496
"PTI98_005193",14.1651595026581,0.694640684532178,0.735905555681134,4.14734666420688,0.245986636736894,0.693651771875496
"PTI98_005296",5.42495921332413,-1.10811082123386,0.953842865510007,4.14259511748769,0.246472413644871,0.693651771875496
"PTI98_007875",4.53415677384258,-1.32083530437422,0.941748339429001,4.1328197703344,0.247474558701296,0.693651771875496
"PTI98_006513",12.6076794576978,-0.526119349353304,0.657130319811587,4.13597432512552,0.247150755349128,0.693651771875496
"PTI98_008645",4.10377856395429,0.382266904618287,1.07958909031821,4.13343666131736,0.247411206670763,0.693651771875496
"rRNA_CM057219.1_22400",6082.04908610575,-0.896912015821205,0.61425359087055,4.14518543065057,0.246207483036971,0.693651771875496
"PTI98_007662",9.7567691370299,0.899348966490492,0.785655644623815,4.12773632246481,0.247997171036132,0.694571138230438
"PTI98_002901",4.94272255843615,0.694800139481991,0.987273278170391,4.11417553479968,0.24939624326431,0.697404730213203
"PTI98_007010",3.57205887169626,1.13004413782154,1.03086790961215,4.11270610481631,0.249548276755846,0.697404730213203
"PTI98_011908",3.66745424163953,-0.533572566300373,1.08873706352135,4.11561155045514,0.249247748627988,0.697404730213203
"PTI98_009804",31.2136901435957,0.856066698561912,0.619273863550633,4.10524140744792,0.250321912906003,0.699063139065793
"PTI98_004540",6.77429427137389,1.17957132489643,0.821320816328589,4.1029287870327,0.250562034852412,0.699230311649284
"PTI98_007806",66.852477259374,0.480216890528522,0.786152794765131,4.09793491971078,0.251081270441912,0.700175591692436
"PTI98_004945",22.6121575438906,-0.416898891234658,0.665143468586444,4.09488008942152,0.251399378860089,0.70034680489897
"PTI98_007808",25.4015399737218,-1.02326633811574,0.632269561162291,4.09245984369979,0.251651666987727,0.70034680489897
"PTI98_006773",16.2642250619474,0.288259555945452,0.941495290565504,4.09214683638271,0.251684311943584,0.70034680489897
"PTI98_005555",133.15740807411,0.364138390592216,0.606128884023717,4.09035131880415,0.251871649238419,0.700365682721022
"PTI98_009712",8.12530672251383,-1.53879143492066,0.860302428722092,4.08817195813117,0.252099206003933,0.700496289462218
"PTI98_009798",5.65668685654236,0.487325023210302,1.08401869441028,4.0860150986412,0.252324597815308,0.700620697870851
"PTI98_004677",4.42365039386906,0.189557809784937,1.10075781520243,4.07624514380016,0.253347859921697,0.700953173064381
"PTI98_005229",3.96189683255694,0.626299063282956,1.03817069865676,4.07695702428617,0.253273173167643,0.700953173064381
"PTI98_005394",3.18223469848792,-0.933885097253796,1.10216796457851,4.08077289879456,0.252873173555443,0.700953173064381
"PTI98_006703",7.90281991511453,0.857758003833353,0.868089910574509,4.07890640538544,0.253068757029901,0.700953173064381
"PTI98_010079",7.4080342672007,0.0713654986794617,0.807944833476225,4.07889556725853,0.253069893122639,0.700953173064381
"PTI98_001296",12.1682639217862,-0.733249625343339,0.766328985038706,4.07286733835971,0.253702515040407,0.701434109651987
"PTI98_010780",5.07915154269317,1.82238403066343,0.957739956943906,4.07107286967209,0.253891110474395,0.701455568041436
"PTI98_000227",3.24142902465238,-1.60869191605535,1.2774827320748,4.0511942732834,0.255988872731733,0.706245261256324
"PTI98_000378",6.48525259784416,1.80657200712554,0.990708028487513,4.05195639610906,0.255908156925364,0.706245261256324
"PTI98_009739",8.85393264791299,0.198757725942599,0.760477105413628,4.0457207759444,0.25656924740128,0.707343362238498
"PTI98_000286",3.18866065735031,-0.97379535292604,1.13454768603705,4.03889637460816,0.25729454008395,0.708513039590169
"PTI98_001324",8.40464484226646,-0.511444648911088,0.79983944512063,4.03829237429497,0.257358822578641,0.708513039590169
"PTI98_002562",28.6056142577784,0.786997294946121,0.559187856079533,4.03251151404278,0.2579748068241,0.70930771101225
"PTI98_001344",4.9333597977394,-0.92587443467385,1.04493206052129,4.03176845833698,0.2580540808963,0.70930771101225
"PTI98_004846",5.64836179233647,0.477741930618017,0.839618268336979,4.02872591086012,0.25837891097198,0.70930771101225
"PTI98_007703",5.19472660113076,-0.514098082653244,0.841897488692171,4.02966228744937,0.258278901455521,0.70930771101225
"PTI98_003239",5.32951296892146,-0.319965069936731,0.876121814681895,4.01762549096168,0.259567174358097,0.711178297582462
"PTI98_006575",10.2079263043341,-0.695114977101138,0.736306474456239,4.0199606744653,0.25931678891062,0.711178297582462
"PTI98_009929",10.3423606036228,1.02808467386225,0.850709232175733,4.01722321463467,0.259610329821285,0.711178297582462
"PTI98_004976",15.7875754721488,1.20190104378979,0.70696792577566,4.0067451318059,0.260736698130277,0.713759810901443
"PTI98_010233",3.61141402625481,-0.240583977813134,1.17859659168887,3.99860957755649,0.261614309599836,0.715657198122541
"PTI98_000356",9.22433684076243,-1.45737069012891,0.861915916431696,3.99524013480833,0.261978568319396,0.715755453291592
"PTI98_004573",5.05091317060942,-1.03982811763589,0.931369195403837,3.9948639140337,0.262019268799706,0.715755453291592
"PTI98_013561",4.28857754965118,0.542192900686069,1.25479218902093,3.99246071510925,0.262279388182809,0.715961820380798
"PTI98_003971",5.72708254391379,-0.496443690897129,0.956890840654594,3.98529113693457,0.26305680804779,0.71709843017625
"PTI98_000353",3.43687588875907,-0.662412774789396,0.988881918614084,3.98521110597657,0.263065497845012,0.71709843017625
"PTI98_001894",12.3026562156022,1.18207074485904,0.764943602773747,3.97986102252356,0.26364700333441,0.71717161706464
"PTI98_007415",13.2526378178239,-2.82661655588292,1.71862620060436,3.98240955768723,0.263369855408469,0.71717161706464
"PTI98_008551",5.58815472757058,-1.78974331198844,1.08191280670683,3.98127221569113,0.263493506322906,0.71717161706464
"PTI98_009096",3.57082928598133,0.394263432185091,1.02387634131543,3.97563398477261,0.26410726832025,0.717920177865627
"PTI98_001865",8.37403718202873,1.16102799156986,0.789109373317232,3.97071607126968,0.26464367706923,0.718026609773522
"PTI98_005031",7.9123487793764,-0.588656915722505,0.783906457534393,3.97153772904991,0.264553988174524,0.718026609773522
"PTI98_007472",3.16887807712229,0.974933274023089,1.21452071487662,3.96848961512627,0.264886846760998,0.718026609773522
"PTI98_011907",10.7165458894863,0.448165893187043,0.827653828378094,3.96884753863225,0.264847741312473,0.718026609773522
"PTI98_011498",70.9493540959149,0.222228170889827,0.497738185031475,3.96354585806817,0.265427519846945,0.718989769194344
"PTI98_004611",25.5407880944451,0.827580432633813,0.712401557217413,3.95571842170588,0.266285612051854,0.719806194529018
"PTI98_005352",12.4842036788185,0.649111311393737,0.632468223395429,3.957868945431,0.266049608149329,0.719806194529018
"PTI98_005445",11.5994097390366,-0.937075255109709,0.717088030737023,3.9565145285176,0.266198223173685,0.719806194529018
"PTI98_001190",20.2381584962185,0.30527436465397,0.600838801788704,3.95121113239394,0.266780868922321,0.720033356689581
"PTI98_004200",3.37568237648694,-1.41743301428415,1.3292015358558,3.94651497654195,0.267297765824439,0.720033356689581
"PTI98_005093",3.31375011403592,-1.59383773937342,1.13356635185327,3.95167927095594,0.266729391470421,0.720033356689581
"PTI98_008545",3.86394810880674,-1.14300382551493,1.00596675038474,3.94771447607445,0.267165653007136,0.720033356689581
"PTI98_011120",7.36484794437229,0.960834633839435,0.780437600942916,3.94954048359484,0.266964650185897,0.720033356689581
"PTI98_002936",3.96376531052158,-0.455632275809137,0.97351172898092,3.94088941253526,0.267918154987453,0.721203694098772
"PTI98_005115",4.87171727242298,-1.1780332955987,0.978778123395509,3.93877573835357,0.26815158851171,0.721331492258616
"PTI98_001569",5.53950050489355,-0.857109704553675,0.927632948514775,3.9307766653137,0.269036671663793,0.722209861165295
"PTI98_009861",3.23010307695072,-1.72294110785459,1.17536578439497,3.93228891858784,0.268869141097547,0.722209861165295
"PTI98_012114",12.062386092188,0.1223330607295,0.863402461010717,3.93115484576415,0.268994767188881,0.722209861165295
"PTI98_005337",3.82355918345201,1.2293342470828,1.12196335926851,3.92037943306106,0.27019105855129,0.72480713424651
"PTI98_000759",7.90977868809349,1.37742803035229,0.849294469537535,3.91654475977381,0.270617945673995,0.725450595210384
"PTI98_002750",8.80579524936688,-0.735803916246894,0.823518183890988,3.89150355390869,0.273420633168196,0.727686056560352
"PTI98_002974",8.99506581215961,-1.11232617535511,0.733354890293613,3.89130025338814,0.273443494125537,0.727686056560352
"PTI98_003011",4.65462466404915,0.0795876707019643,1.00317363492249,3.9004866697945,0.272412212277435,0.727686056560352
"PTI98_003207",51.5192451311066,-0.568955002274798,0.545218479314611,3.88729297646239,0.273894461325508,0.727686056560352
"PTI98_000195",12.6692654307117,-1.21324681115752,0.821344709384241,3.88837267035582,0.273772889669307,0.727686056560352
"PTI98_000959",4.85242063830785,-0.206301500068011,1.10243529214815,3.8825963230458,0.274423863872837,0.727686056560352
"PTI98_001548",7.73295728940942,0.0541155097576264,0.744738873193989,3.89162308373262,0.273407192954977,0.727686056560352
"PTI98_001841",10.6789529959742,-1.02371508251894,0.797599976669091,3.88233461755179,0.274453390241762,0.727686056560352
"PTI98_007507",4.73936400069613,0.396906085976213,1.07485777985358,3.9037735776238,0.272044073389624,0.727686056560352
"PTI98_007918",3.17086848788923,-0.522045415870734,1.31420219861985,3.88471615624201,0.274184803871995,0.727686056560352
"PTI98_006556",10.9526410831892,-0.530893452124158,0.743024595802822,3.88470277477376,0.274186312350629,0.727686056560352
"PTI98_008615",5.30513068588157,0.318949541868095,0.998594184678898,3.89245908037877,0.27331320821861,0.727686056560352
"PTI98_010035",3.64477687246514,-1.41275168248824,1.11754199797667,3.88953426226159,0.273642150866612,0.727686056560352
"PTI98_011019",3.97604472547897,-1.13679314485768,0.976915980565202,3.8958899534495,0.272927806903366,0.727686056560352
"PTI98_011138",7.72800823227796,-1.26868638823496,0.875459088410833,3.89436776392891,0.273098738845826,0.727686056560352
"PTI98_012249",10.994850298068,0.266501751109814,0.830607258372914,3.88946618021768,0.273649812040323,0.727686056560352
"PTI98_000797",4.66407668036225,-0.196133418348916,0.91937638454351,3.88021124750785,0.274693061051732,0.727824032663708
"PTI98_006486",5.41325047460744,-0.0785952408550419,1.06042547826868,3.87801891137925,0.274940714517934,0.727982956733832
"PTI98_005379",3.88981616368346,0.163080070096356,1.00434935425789,3.87289200570356,0.275520653574213,0.728542003950608
"PTI98_012967",33.4527664725891,0.178353999370313,0.538416696068951,3.87283165860977,0.275527486412875,0.728542003950608
"PTI98_001582",4.32805036714226,-0.37586793150928,0.990306185934168,3.86539562673648,0.276370607211936,0.729657426570721
"PTI98_008646",4.56166762049038,-1.20995703667923,0.867554425211894,3.86426728288945,0.276498745620413,0.729657426570721
"PTI98_011020",17.9047592144275,-0.834685811556204,0.685134538471405,3.86413614156557,0.27651364193322,0.729657426570721
"PTI98_003582",14.4635579047766,1.07071321541863,0.652001160817399,3.86242688546204,0.276707862164507,0.729673553593558
"PTI98_003232",6.88474660886244,-0.78351972725774,0.848936816857665,3.85706816275378,0.277317563754232,0.729725494650681
"PTI98_001184",5.23539878553725,2.50198432079185,1.34261632738065,3.85579162877129,0.277462983057043,0.729725494650681
"PTI98_001646",5.99333086949103,-0.220258239851311,0.973218286501854,3.85399146545512,0.277668169658264,0.729725494650681
"PTI98_007804",5.41811996763268,-1.5242979080828,0.936133887983548,3.85553081703933,0.277492702483666,0.729725494650681
"PTI98_008393",4.20633057471913,1.08600466170937,1.1442066268812,3.85678478345382,0.277349839621943,0.729725494650681
"PTI98_002832",9.85282159670632,0.258244441657462,0.796002767875097,3.84562739679588,0.278623320374388,0.729939122741221
"PTI98_001116",3.24866531562963,-0.584581694872936,1.10708331032352,3.84870300480662,0.278271751696401,0.729939122741221
"PTI98_001238",173.275182823391,0.861970449036836,0.490989006867802,3.84504146300179,0.278690343072892,0.729939122741221
"PTI98_004543",15.4924579154895,0.80766068032242,0.7066055419283,3.84732004660255,0.278429786310592,0.729939122741221
"PTI98_008613",10.4752426890766,-1.34452641633689,0.706821726038638,3.84512322687561,0.278680989547593,0.729939122741221
"PTI98_000811",10.7459226623919,-0.503139431834169,0.713254936374312,3.83185192468541,0.280202892693431,0.732514214362217
"PTI98_000929",3.6806118741985,0.628723774554598,0.989262207095277,3.83038314633345,0.280371786011589,0.732514214362217
"PTI98_010446",4.25569508631146,-0.571711924519912,1.02871057437806,3.834547555501,0.279893163266358,0.732514214362217
"PTI98_012534",3.22817174811672,1.16075947861273,1.1675559927217,3.82988684801023,0.280428875567902,0.732514214362217
"PTI98_010044",16.4387641567091,-0.830973293591759,0.670908119324763,3.82587468861745,0.280890781699229,0.73322701360115
"PTI98_011984",3.9636134955471,0.430588644651444,1.15494295946535,3.81618182072108,0.282009515898554,0.735652261042699
"PTI98_002459",9.31082363612428,0.30017408550888,0.830139333551449,3.81288049967293,0.282391463259128,0.735907114164213
"PTI98_003091",28.2480668153663,-0.971984902370358,0.619506117618753,3.80531343558516,0.283268693713396,0.735907114164213
"PTI98_000523",9.27438718147578,-0.523351362109781,0.783071380894722,3.79894031859875,0.284009413544822,0.735907114164213
"PTI98_001525",8.37550590732411,1.29954664533806,0.784834197378928,3.79745717697425,0.284182042307565,0.735907114164213
"PTI98_001680",4.02550294969087,0.969145230376513,0.924166084182192,3.79927422004522,0.283970562430209,0.735907114164213
"PTI98_007673",20.8918338473214,0.0631744325281381,0.612436935650099,3.80007998118479,0.283876827743501,0.735907114164213
"PTI98_006002",4.89086974866166,0.103304610043682,0.914270384565932,3.80527015459868,0.28327371821032,0.735907114164213
"PTI98_007105",3.43783952623019,1.9501730176402,1.16039711502329,3.79836276784157,0.2840766257664,0.735907114164213
"PTI98_009673",3.27513670823021,2.41424273956647,1.30369463937994,3.79735373941231,0.284194085335909,0.735907114164213
"PTI98_010754",13.4246405328268,0.667695143572208,0.790418609135468,3.79869292693571,0.284038201892718,0.735907114164213
"PTI98_012743",17.962309392781,0.160085778860906,0.668671341477178,3.80756525115078,0.283007390622151,0.735907114164213
"PTI98_013199",3.45903328762084,-0.884660946077547,1.04358344066208,3.78711406274468,0.285388543463473,0.738507111470854
"PTI98_005121",7.51988859214534,-0.995644356121406,0.788359819496267,3.78157347969652,0.28603673159136,0.739253071218727
"PTI98_007459",3.9332344222051,2.02085872380158,1.16784061589564,3.7806438262824,0.286145620439287,0.739253071218727
"PTI98_005815",22.5234282899665,0.0842845309919402,0.709653916507602,3.77976537066729,0.286248546782812,0.739253071218727
"PTI98_001907",4.73086241581459,0.300416598754172,0.894684665091315,3.7743071087922,0.286888822550534,0.740011716045615
"PTI98_004456",6.14000429814061,-0.462067392412373,0.918697883407138,3.77400880547735,0.286923851748545,0.740011716045615
"PTI98_002939",6.31357370844081,0.61778996927307,1.01343949098533,3.77216856659903,0.287140032480166,0.74007719999373
"PTI98_012046",4.52516096968936,1.47933539515979,1.07806881124409,3.76903469502842,0.287508518370404,0.740534888950065
"PTI98_001076",10.0440486103957,1.34799322821881,0.89980701651869,3.76575538283879,0.287894559867399,0.740545754459974
"PTI98_006167",3.84130033758098,1.36942020798136,1.12572143091658,3.76657190583055,0.287798395089212,0.740545754459974
"PTI98_008339",5.74946998393776,0.283143281231075,0.974359929979801,3.76257754123692,0.288269100016412,0.741013923871374
"PTI98_010958",3.3963584501928,-0.534404295697166,1.07423864824752,3.76097085914304,0.288458629813296,0.741013923871374
"PTI98_000228",3.6804359918637,-0.45038669952991,1.09881114398044,3.75087677330875,0.289651922929865,0.743514273080093
"PTI98_006630",7.08140187578021,0.501232070858963,0.835895116530054,3.74949759815146,0.289815308300361,0.743514273080093
"PTI98_006784",5.87766753531312,1.00652011335641,1.0153750662685,3.74471081492622,0.290383020742774,0.744478345975692
"PTI98_006975",7.96478423828953,-0.333203395748373,0.772218010244794,3.74196607573415,0.290708996343891,0.744821794463643
"PTI98_003875",15.8262658833428,0.782002753369068,0.729787701957118,3.73024496663157,0.292104733305787,0.744926713818429
"PTI98_001115",70.1672965282163,-0.596634414823989,0.517829505438005,3.72867296979055,0.292292380869703,0.744926713818429
"PTI98_005284",105.174111304267,0.464203175932812,0.564248209019532,3.73251180069155,0.291834333777858,0.744926713818429
"PTI98_006243",14.1694270281592,0.781527535854204,0.66570039501218,3.73924908351229,0.291031999624632,0.744926713818429
"PTI98_006316",84.3676164090208,0.277617212728822,0.556685180879583,3.72711621568787,0.292478315324947,0.744926713818429
"PTI98_006595",5.21132241253838,-0.310826892209189,1.06951599457372,3.73191817026335,0.291905123361781,0.744926713818429
"PTI98_012053",8.29607082002217,-1.25600755715808,0.793353288684182,3.73298150170253,0.291778333499991,0.744926713818429
"PTI98_012639",8.7194843347028,-0.377459653442538,0.911752653381536,3.73468335257044,0.291575510326689,0.744926713818429
"PTI98_013066",13.8859653994763,-0.711855588613387,0.745416666360336,3.73717307350168,0.291279017968221,0.744926713818429
"PTI98_011188",3.62814233220546,-2.08150060392879,1.24680536561242,3.72517563873902,0.292710240857713,0.745028231159494
"PTI98_001496",8.62508799454933,-0.58309749003977,0.821084567918748,3.71543893282758,0.293876398411166,0.746304957257774
"PTI98_004853",3.20646778369973,-1.06347637196555,1.26860268060627,3.71456366514303,0.293981431990172,0.746304957257774
"PTI98_005301",4.68848372975812,0.847470985381714,0.910023884798526,3.71473018425677,0.293961446831709,0.746304957257774
"PTI98_012117",6.60263809442169,0.883446999968234,0.852148818370967,3.71471314184112,0.29396349215893,0.746304957257774
"PTI98_011308",7.3058178039732,-0.761377316142933,0.754077082804988,3.71230605056087,0.294252504606451,0.746504555505836
"PTI98_002034",5.65032956409074,-0.921913277319848,0.949069713270619,3.70850192005062,0.294709773975048,0.746796324221545
"PTI98_005171",15.122971514531,-0.284051938116577,0.679116166964851,3.70814626021965,0.294752557974526,0.746796324221545
"PTI98_002987",8.99754330276459,-0.260796111337223,0.878193417604916,3.70581405727783,0.29503324738683,0.746810014885955
"PTI98_003962",5.31578427070755,1.43226098471126,1.05726234542258,3.70360783367539,0.295298994774873,0.746810014885955
"PTI98_006977",15.8397395414267,-1.21155011203925,0.653773885690671,3.70330456888398,0.295335540818524,0.746810014885955
"PTI98_004095",6.11147946509283,-1.77073486490813,0.978883669781117,3.69638974834754,0.296169935163293,0.747304335370206
"PTI98_010127",4.57983098819445,0.540721542049238,0.977873637949988,3.69751023933266,0.296034585327943,0.747304335370206
"PTI98_011653",5.8910726733158,0.729387686524466,0.929997574860923,3.69529985851939,0.296301641608502,0.747304335370206
"PTI98_012125",14.0629358203298,-0.0720603294204185,0.643352984818565,3.69884048258677,0.295873970251649,0.747304335370206
"PTI98_004450",13.8985851375769,-0.326016153811093,0.667690209164286,3.68835921304557,0.297141604757925,0.748935857606231
"PTI98_003426",15.5566858685163,0.421681503315347,0.617438320791946,3.6860741096684,0.297418615321613,0.749147278462687
"PTI98_002463",29.5861879737909,0.919121878584519,0.67761754512603,3.68351477582712,0.297729143276113,0.749442794787828
"PTI98_006611",14.093815562986,-1.06865317718334,0.796401121260803,3.67811172951289,0.298385654652738,0.750608271334612
"PTI98_008399",65.7870599768091,0.417885842848791,0.541689183677995,3.67611675464548,0.298628385991197,0.750732021555316
"PTI98_000962",3.7534493871085,1.80446179730325,1.00392504425972,3.66925410631024,0.29946472094831,0.751593677495116
"PTI98_004459",13.0844138016599,-1.10641714523284,0.716403245098944,3.66536228861808,0.299939936262552,0.751593677495116
"PTI98_008663",332.733094198031,0.623823281957723,0.492988176756184,3.66650791747333,0.299799977947635,0.751593677495116
"PTI98_008691",11.8064215122075,-0.17636148426195,0.691320751908113,3.66763067422463,0.299662870413035,0.751593677495116
"PTI98_013498",8.17312103213606,0.219642449851425,0.7999781564069,3.67070475893145,0.299287759198666,0.751593677495116
"PTI98_002242",20.9162266856842,-0.889632532473477,0.664591134289665,3.65931318101057,0.300679906240971,0.752628773236337
"PTI98_004692",5.01113855754604,-1.12436886898569,0.93010771459273,3.65881379924613,0.300741066902893,0.752628773236337
"PTI98_001024",4.61728602791739,-0.3352500771553,1.07874000710638,3.65165056615052,0.301619589907147,0.753854632248598
"PTI98_012730",65.885350738251,0.563328127342472,0.511431957269327,3.65309037617864,0.301442823186865,0.753854632248598
"PTI98_005030",3.40506697095614,0.412923310641652,1.06268690299597,3.64647412185241,0.302255870208634,0.754958480707851
"PTI98_003351",13.8549602316048,-0.17287071752791,0.672276771135735,3.64352409173522,0.302619018281816,0.755379132506541
"PTI98_006188",12.4197827120869,0.0219632573085389,0.707366253685057,3.63547465347084,0.303611881282375,0.757042441216109
"PTI98_010946",22.8585623144937,0.934965405190538,0.574506225296966,3.63495806230378,0.303675699544281,0.757042441216109
"PTI98_008132",7.52654403368212,-0.451555553269251,0.843249611058371,3.63197729911133,0.304044168348053,0.757474199757289
"PTI98_007388",13.1962082385757,0.478846755773009,0.706781361503978,3.62717386009841,0.304638786256538,0.757981944765306
"PTI98_006255",229.690874676363,-0.447469036875705,0.434549570126269,3.62838575260494,0.304488668435431,0.757981944765306
"PTI98_008209",8.21171016824272,-0.87929924624981,0.807451477592165,3.62311304514022,0.305142282220329,0.758748020982472
"PTI98_000561",19.3357524493696,-0.172307640436107,0.64401722470525,3.61085777314831,0.306666293734769,0.759414535107785
"PTI98_000888",4.56462214700361,1.24418375593761,0.942052556884594,3.6083695975321,0.306976538037898,0.759414535107785
"PTI98_005350",5.64165442522497,-0.725630840590076,0.848946942363329,3.61180086456719,0.306548774972242,0.759414535107785
"PTI98_006158",3.29254756748206,-1.8379538605207,1.10185830854642,3.61907269919115,0.305643975347065,0.759414535107785
"PTI98_008855",17.3728245612189,-0.759192664983151,0.710390766995766,3.61122344758488,0.306620722232253,0.759414535107785
"PTI98_011287",5.80078545509738,-1.73216844136308,0.958453033486923,3.60851285008025,0.306958668670271,0.759414535107785
"PTI98_011987",4.98564576766689,-0.348618785715065,0.883645126575831,3.60844681137289,0.306966906244318,0.759414535107785
"PTI98_013078",7.36097982755209,0.324082177931374,0.777197612916943,3.61331205933796,0.306360548299628,0.759414535107785
"PTI98_003268",3.22443730374118,-0.612057771610957,1.21593209157081,3.60545628088516,0.30734014685616,0.759634702501815
"PTI98_001144",15.928375407174,-0.218906160694183,0.728149054182949,3.60451906811267,0.307457201064153,0.759634702501815
"PTI98_006291",24.1558976112848,-0.250085396415289,0.566092548342911,3.60156622004527,0.307826259480738,0.760062419176183
"PTI98_003905",3.22960937683404,1.36721726247496,1.01667923762608,3.59865644209179,0.30819032005675,0.760477259224003
"PTI98_007384",10.5522593356581,-0.0291188874017183,0.689129636542526,3.59389575909501,0.308786784346521,0.761464676719742
"PTI98_013563",7.67627457070739,-0.291082960714567,0.798544753196412,3.59089861952249,0.309162820918119,0.76190761266924
"PTI98_004429",13.0351337119236,-0.382433180230336,0.775394025341152,3.58687540353807,0.309668233932558,0.762668621856756
"PTI98_009679",5.14946875672364,-1.50477701316479,0.979592178612919,3.58027011847319,0.310499608774976,0.764230953323688
"PTI98_000709",4.74942462705789,-0.167845528148417,1.03885512396632,3.57577090063552,0.311067037413268,0.765142066027944
"PTI98_006520",19.6913050461419,0.782321305432474,0.630104565558345,3.57357372908854,0.311344472847083,0.765339169945396
"PTI98_002897",5.70538996459464,0.666750397917628,0.868023266817466,3.55788320084933,0.313332096095932,0.768403011409242
"PTI98_001371",3.87186415551448,0.0458890364664408,1.05765672074977,3.56101408895569,0.312934589314847,0.768403011409242
"PTI98_004738",3.87702408983245,-1.47191909651368,1.05383599858392,3.55887615764436,0.313205978921337,0.768403011409242
"PTI98_005919",7.40520121043405,-0.715525340223991,0.83608883021881,3.55748067968317,0.313383233835891,0.768403011409242
"PTI98_004755",9.70002789153919,-1.1041963229765,0.790809737553074,3.55471836155776,0.313734368354396,0.76860062186479
"PTI98_010964",6.0902326746764,-0.899631694125651,1.14186920781174,3.55372980173482,0.313860114729009,0.76860062186479
"PTI98_006872",11.0222587177685,-1.22437873563825,0.843217246667987,3.54960672503788,0.314385058443529,0.769400404859588
"PTI98_009881",5.07753700167409,0.00852898463272829,0.955517406148216,3.54614297635089,0.314826658754194,0.769995340042572
"PTI98_000992",47.9762295750187,0.230314723269842,0.583482164742821,3.54261960136726,0.315276424681941,0.770609484146975
"PTI98_001826",4.6462916091615,-1.19491831195215,1.0723145418221,3.54058397506594,0.315536535810443,0.770759585899691
"PTI98_000290",3.27916236397337,-0.532537895150757,1.03044589083504,3.53392383921781,0.316388892581776,0.772355263892203
"PTI98_005177",57.6355015528082,0.113920369875561,0.623967143953464,3.53056046902658,0.316820107076978,0.77292150651044
"PTI98_003194",45.7492219431376,0.667961312638474,0.605857302529572,3.52867505863921,0.317062061210603,0.773025603668089
"PTI98_002171",7.11262200255242,0.142653325760302,0.926398594821464,3.52499822887079,0.317534378057229,0.77369086211306
"PTI98_008514",4.93479138897915,-1.19930187375084,1.11455271176475,3.52249731939533,0.317855994576998,0.773988325777887
"PTI98_011026",17.8822838383583,-0.587360652230397,0.666277293140788,3.5204740831973,0.318116393221583,0.77413644247586
"PTI98_003230",11.2924305359423,1.25799500816282,0.804525934594946,3.51641152242333,0.318639830999319,0.774924078022796
"PTI98_011787",6.92740581477732,0.524862227627911,0.833066652588589,3.51473179282647,0.318856477029932,0.774965084209966
"PTI98_003033",42.8094560640044,0.229701041775985,0.617846855490362,3.50800142358551,0.319725844818744,0.775620107599693
"PTI98_007591",5.38905670565447,-0.270402104087311,1.08896756581181,3.50903014346646,0.319592828661978,0.775620107599693
"PTI98_008471",89.1196259445529,-0.0127945736258727,0.55136357499103,3.50965393900452,0.319512194098688,0.775620107599693
"PTI98_002862",6.1207202113797,0.323437246316505,0.88056582772186,3.5023018610003,0.320463699847211,0.776341088359874
"PTI98_003441",10.4673087899224,0.923423380976042,0.819888815545111,3.50391723286823,0.32025442411429,0.776341088359874
"PTI98_011258",7.09758606903778,-2.02974356811552,1.10040391212401,3.50106927635844,0.320623465726352,0.776341088359874
"PTI98_003053",5.20379036232346,-1.22315514894913,0.917479639783695,3.49644750499279,0.32122315986222,0.777056413289506
"PTI98_009621",5.05867440069004,0.746158222683032,0.966910885504815,3.4957054429502,0.321319537745906,0.777056413289506
"PTI98_003111",66.3510609613795,0.875221827080843,0.568418666613738,3.49189292612243,0.321815104283971,0.777769962316215
"PTI98_008525",3.88779829111548,-0.318982815643936,0.968104580144576,3.48375836095087,0.322874724363903,0.779468377427282
"PTI98_011491",7.1884569814909,0.332575588356944,0.82823156096131,3.48341328186497,0.322919742852705,0.779468377427282
"PTI98_013108",14.6445499083973,0.386053284933199,0.654695720206154,3.47665259691813,0.323802849107496,0.781113962492524
"PTI98_004599",3.96182423002091,0.219488043318513,1.03897889342788,3.47466931255403,0.324062316970902,0.781254025811142
"PTI98_002003",4.99157082607269,-1.53399161288224,0.935966213005761,3.47013713549293,0.324655937978414,0.782198995911967
"PTI98_004870",8.14011313170358,1.47906217538204,0.833820903556952,3.46615967885467,0.325177691660604,0.782958737373713
"PTI98_008483",16.5957721232033,0.521394985532605,0.738980593550967,3.46465728984919,0.325374963817073,0.782958737373713
"PTI98_001331",6.26738251249529,1.56360950100608,0.97061565293609,3.46049440112783,0.325922125592893,0.78378916625842
"PTI98_000708",15.0419205263503,0.707037531689398,0.649521755176854,3.45401111287397,0.326775890165644,0.78389837844931
"PTI98_006237",6.40773332678541,-0.985616442918758,0.974004280649613,3.45483316126013,0.326667528189655,0.78389837844931
"PTI98_010910",22.8230615643044,-0.317042420823419,0.605269574708385,3.45603719869584,0.326508869735769,0.78389837844931
"PTI98_011215",17.6380131915817,-1.04130064045549,0.673803254236591,3.45837989343379,0.326200362561412,0.78389837844931
"PTI98_002669",10.8940918968614,-0.0819204192657669,0.691291246852121,3.45111412853248,0.327158021421203,0.784330015508558
"PTI98_007661",16.2392374453144,0.923683254574002,0.729251201132071,3.44772752977853,0.327605234712409,0.78491705092615
"PTI98_008192",11.3556630430477,1.09926916024591,0.747182433039261,3.4416434549736,0.328410011616844,0.785414829784291
"PTI98_008695",30.5822344007516,1.04896100204189,0.59109380099129,3.44320889486248,0.328202775504285,0.785414829784291
"PTI98_013465",10.6972788018987,0.00784897259420788,0.899240614148888,3.44156476698009,0.328420431531353,0.785414829784291
"PTI98_005735",13.3246104739876,0.589153436117001,0.645083685883666,3.43954579225205,0.328687884940773,0.785570120570092
"PTI98_002848",4.85101685288494,0.207413203347957,0.951198086701869,3.43395636639697,0.329429315251464,0.785889491919082
"PTI98_001867",6.48912575226112,0.236360418536433,0.849918529844769,3.43524636344065,0.329258068342056,0.785889491919082
"PTI98_006054",5.94533420241931,0.16022191462215,0.84253999563497,3.43495806484254,0.329296333143183,0.785889491919082
"PTI98_001434",3.51864784055853,-0.547381847431473,1.09725016766377,3.43083975288945,0.329843368393291,0.786393623846082
"PTI98_011383",8.13261363847948,-0.49713859913331,0.877304202719644,3.42726132748314,0.330319338998784,0.787044665833098
"PTI98_006136",3.76451255102692,-0.616533514700719,1.06029218611062,3.42521653490622,0.330591590212145,0.787209808737206
"PTI98_008846",11.3575895705069,-0.532240589344619,0.687313735442066,3.42062620133716,0.331203482350514,0.787329257377647
"PTI98_009214",6.27701032383357,1.54115471901754,0.899931167289192,3.42267494757238,0.330930261343867,0.787329257377647
"PTI98_012753",4.06839351887496,0.840852799568604,1.14677785966889,3.42027251708229,0.331250669770642,0.787329257377647
"PTI98_005634",92.1269216941903,0.141356289859644,0.566197261991239,3.40977042138995,0.332654518878202,0.790181799588821
"PTI98_003034",11.8374607143798,0.159762164708346,0.647874083332923,3.40597084290049,0.333163705930965,0.790906986111513
"PTI98_004867",174.925934793767,-0.374420618445839,0.439354097160467,3.40232694541187,0.333652672277741,0.791583312394714
"PTI98_003389",44.277721909162,0.848356119349295,0.53558243459706,3.39307600083464,0.334896864205701,0.79356440821864
"PTI98_010430",11.2732563362612,-1.88676607873289,1.90781351276561,3.39410334883759,0.334758492059037,0.79356440821864
"PTI98_002036",3.21172911472657,0.350233174194304,1.09238610390433,3.39004228664164,0.335305763846963,0.794048264934291
"PTI98_007849",7.2832784354633,-0.32044313385403,0.918171592856307,3.38121264370814,0.336498359555659,0.796386294518854
"PTI98_009888",5.7840009953411,1.66150245649957,1.06324082916479,3.37935901125034,0.336749196018248,0.796493982533406
"PTI98_001234",182.304420953801,-0.579605552816736,0.503815084203741,3.36716960768527,0.338402767159052,0.797807859007632
"PTI98_001328",9.74165462460556,-0.544368510412134,0.73995298614696,3.36546452004818,0.338634638899668,0.797807859007632
"PTI98_005249",9.24667030997144,0.0332735276720486,0.839162695472981,3.36968941035256,0.338060358165042,0.797807859007632
"PTI98_007895",3.3814840257177,-1.90310944579936,1.22416051166018,3.3646577084114,0.338744404172614,0.797807859007632
"PTI98_006641",6.37804484389461,-1.22749635243825,0.823471217771539,3.36731643527739,0.338382806841716,0.797807859007632
"PTI98_009902",8.71231931033761,-1.09120030349171,0.775349790999677,3.36717638365364,0.338401845984727,0.797807859007632
"PTI98_012902",14.8615878905601,-0.19208982622934,0.646687953494855,3.36855319979364,0.338214717115422,0.797807859007632
"PTI98_008097",10.8768494820423,-1.25706775115215,0.789496176756956,3.36082118217354,0.339266782651123,0.798553306980404
"PTI98_000633",3.44999453882474,1.21977578696756,1.18238253895383,3.35804058308369,0.339645827117631,0.798960681254877
"PTI98_005553",4.96243883150387,-0.376359734901462,1.00318245376549,3.35480057574769,0.34008796404996,0.799515886393815
"PTI98_009589",24.7516511878092,0.0562882016171112,0.601154478185867,3.35277857444518,0.340364144704732,0.799680507153032
"PTI98_006220",4.5634292000299,-1.31147057410293,1.23269487044434,3.35098917280578,0.34060871857051,0.799770713883178
"PTI98_005029",10.6087394912953,-0.148058550539525,0.803336606484045,3.34591428548462,0.341303185345989,0.800916549278337
"PTI98_000613",4.96058380371415,-0.481893037811611,1.06005258959775,3.34280284051772,0.341729578659426,0.801432306904422
"PTI98_002453",5.64871031154534,1.24578417189895,1.08513693578372,3.34035872533543,0.342064847102713,0.801733862182128
"PTI98_004425",5.80059643813906,0.386763446761618,0.816118587559149,3.33393235567586,0.342947746976021,0.802205848834469
"PTI98_005084",54.5498915945194,-1.22124673164222,0.661933596471272,3.33596076414931,0.342668855344448,0.802205848834469
"PTI98_010110",4.78789010997495,-0.608040677195373,1.19082819838717,3.33287319459677,0.343093452749777,0.802205848834469
"PTI98_013276",11.3242796133493,-1.06139095452127,0.82012951045896,3.33375961858168,0.342971506240066,0.802205848834469
"PTI98_004608",10.9309562550554,-0.175328428954857,0.846464844461053,3.32938675659531,0.343573453742201,0.802844233172287
"PTI98_003340",5.62802004921813,-0.252881195862687,0.967348428628032,3.32522369755753,0.34414737700865,0.80321761457073
"PTI98_010245",4.02064489508956,-0.774139374355643,1.02812079479161,3.32599300740088,0.344041256278645,0.80321761457073
"PTI98_005213",6.06858174272257,-1.1232601453331,0.886241964969279,3.32257795377668,0.344512556176553,0.803586413354689
"PTI98_002176",11.5681372940066,0.648141900328982,0.770068999937987,3.31867627250494,0.345051702831362,0.804360309665176
"PTI98_004801",5.20415183561878,1.22915238784831,0.92221066960674,3.31091051495685,0.346126988776409,0.804780865300243
"PTI98_005451",7.10832736492714,-1.27981516784257,0.827083500629758,3.31404399672228,0.345692760193987,0.804780865300243
"PTI98_006465",9.5612529098577,1.03349534016437,0.715919168709059,3.30988310620394,0.34626946743648,0.804780865300243
"PTI98_008953",13.987393330308,1.2176340700567,0.882690676023098,3.3119010417772,0.345989673176299,0.804780865300243
"PTI98_011124",5.56103984969804,-0.993588338787624,0.87518287884887,3.31530100271495,0.345518701491901,0.804780865300243
"PTI98_007646",7.62040518624084,0.105315595952099,0.778628586732692,3.30762816990669,0.346582355892078,0.805025723655912
"PTI98_001383",26.6788576921733,0.93249999530297,0.537327671745275,3.3029705426485,0.347229414455404,0.80604601955267
"PTI98_010111",9.29621813875537,-0.634218594798264,0.951973151963197,3.29843311804176,0.347860785073275,0.807028699341646
"PTI98_002580",3.35816393190255,0.279110931221935,1.02623762649854,3.29511550223813,0.348323054674397,0.80761812856066
"PTI98_002744",19.1620636906422,0.799346149355394,0.649347097122525,3.24765426371469,0.354994896795791,0.807803038066683
"PTI98_003259",6.57423380046434,-0.63897280132359,0.834703808860302,3.28261699843394,0.350069372061875,0.807803038066683
"PTI98_003796",6.91599738235543,-0.0536100548156952,0.843549932301052,3.26456080312047,0.352605656855061,0.807803038066683
"PTI98_003811",66.7174582107368,-0.62739941019814,0.558204892391878,3.26020473040499,0.353219921121944,0.807803038066683
"PTI98_003965",70.5806649327848,0.556623213283861,0.59954100370174,3.26049853529605,0.35317846153733,0.807803038066683
"PTI98_004119",5.19259132996262,-1.06690015778139,0.908855124275263,3.24325767815893,0.355618519145082,0.807803038066683
"PTI98_000511",52.2722801739419,-0.0510028512592124,0.523937101551964,3.26875730305532,0.352014771516883,0.807803038066683
"PTI98_000519",7.55303625411652,-2.01022119315935,1.7422410723106,3.26046337887644,0.353183422330212,0.807803038066683
"PTI98_001052",14.3100278590401,-0.777256909115148,0.647060977407374,3.27191684940252,0.351570461202261,0.807803038066683
"PTI98_001246",18.8268479800676,0.132979725963249,0.631550607803027,3.25081769322921,0.354546774822205,0.807803038066683
"PTI98_001527",7.51780054315195,-0.759810370219073,0.968937201773776,3.24595713861272,0.35523550873689,0.807803038066683
"PTI98_001758",3.14813776870285,-0.711347474916178,1.08722870182472,3.28588723443691,0.349611713981846,0.807803038066683
"PTI98_001783",4.27608037242712,-0.538534257763552,0.992469208932546,3.26017258494043,0.353224457509668,0.807803038066683
"PTI98_004587",3.33180296746646,-0.811007967067224,1.08983688442245,3.2548837289396,0.353971512692298,0.807803038066683
"PTI98_004697",65.5715640468454,0.155470923336967,0.570177459572297,3.27645009137531,0.350933826081423,0.807803038066683
"PTI98_004860",9.36861887864724,0.215739019563586,0.816656449507098,3.24596596968978,0.355234256334666,0.807803038066683
"PTI98_005101",4.86965623386127,0.484115141990594,0.967604923661778,3.26541523053593,0.352485280026331,0.807803038066683
"PTI98_007341",8.92034898228213,-0.0187055307455792,0.716602345125977,3.28714770311691,0.349435454739633,0.807803038066683
"PTI98_007349",7.67623086176027,0.735524572092464,0.867412193036611,3.2572915253718,0.353631239733439,0.807803038066683
"PTI98_007576",34.7016423508775,0.199550057285959,0.535707297826765,3.2851576699095,0.349713768881586,0.807803038066683
"PTI98_007817",4.06739358966423,0.336472597338238,0.959639421782683,3.25159393429263,0.354436889790161,0.807803038066683
"PTI98_005797",43.0408166373619,-0.0189805285748792,0.578389864730035,3.27378508188092,0.351307970729043,0.807803038066683
"PTI98_006236",9.3187451196685,-0.086383962433701,0.761997529625569,3.27037924593596,0.351786625389939,0.807803038066683
"PTI98_006321",5.57241924894828,-0.331655292841917,0.956948735398455,3.24274312121079,0.355691567161097,0.807803038066683
"PTI98_006550",4.4706478351339,0.662322347452931,0.964505981550816,3.2917577268386,0.348791464185332,0.807803038066683
"PTI98_006645",4.67768716964858,-0.039379268910908,1.01742723986967,3.28764615416833,0.349365774524614,0.807803038066683
"PTI98_008467",5.23165615906347,-1.10895810365768,0.998904303985312,3.26451740181023,0.352611772442569,0.807803038066683
"PTI98_008710",6.19528029551014,0.140445133171367,0.8886780509949,3.27539782485773,0.351081513968081,0.807803038066683
"PTI98_008910",18.4619672685502,0.3931470205105,0.652047693671724,3.26561477605892,0.352457172001874,0.807803038066683
"PTI98_010033",59.5768343432245,0.399542942278415,0.519650596546509,3.26062586182728,0.353160495465454,0.807803038066683
"PTI98_010996",10.9284854126896,-0.762887700402135,0.763264113022305,3.24537621174503,0.355317902800765,0.807803038066683
"PTI98_011955",17.5480195658793,-1.18536236159843,0.756357072674561,3.26578704372247,0.352432907907271,0.807803038066683
"PTI98_012550",42.5677165614895,0.131418215789249,0.580050803421747,3.27914496097264,0.350555841397187,0.807803038066683
"PTI98_013267",6.5969756718638,0.126100680887339,0.865330292124051,3.24469010923489,0.355415235472929,0.807803038066683
"PTI98_013529",7.11285967536343,-0.804989735257944,0.89416064765789,3.25661308464879,0.35372708914857,0.807803038066683
"PTI98_011075",8.84561731131578,1.11938001970553,0.749525298552653,3.23597899359018,0.356653031721227,0.809512644848823
"PTI98_005530",4.14309243269661,1.68452334256054,0.9574843180199,3.23079026302026,0.357392091137088,0.810715743579395
"PTI98_000224",6.60720099818383,0.872112152006294,0.877940267653368,3.22771163857183,0.357831222803391,0.811237471218209
"PTI98_006212",5.33510093321627,-0.579406543319428,0.853763056312604,3.224794478115,0.358247754119969,0.81162877405068
"PTI98_010741",7.72940786287282,0.242725195004829,0.892973041038452,3.22357294652046,0.358422296970563,0.81162877405068
"PTI98_008882",5.4478648026603,-0.183605401017023,0.857496708015999,3.21930838523659,0.359032230579492,0.812535602344137
"PTI98_007870",10.8581432233247,-0.0996735343556655,0.756267896375253,3.21783979046556,0.359242482183844,0.812537369324275
"PTI98_002236",9.54968685197452,-0.181608020614149,0.901769221469566,3.2161737817799,0.359481125442907,0.812603313282654
"PTI98_001247",3.90821104822118,0.901736007147455,0.991874089582378,3.21002654860465,0.360362856416928,0.813174822595266
"PTI98_005256",4.68563151345072,0.344717867537738,0.965263386021488,3.21016492539744,0.36034298774282,0.813174822595266
"PTI98_012678",14.0795681355638,0.19047281719014,0.745048580117047,3.21106849024139,0.36021327367987,0.813174822595266
"PTI98_003829",4.96394382285964,1.57974078949978,0.939397684728699,3.19973387959823,0.361843372777999,0.813563235607899
"PTI98_000771",4.55174971427278,0.408410586109545,0.966213473362491,3.19310591132388,0.36279952864246,0.813563235607899
"PTI98_001142",6.2027948898646,-0.032098095346721,0.943612772158919,3.18556008010032,0.363890748589766,0.813563235607899
"PTI98_001314",6.19345195555403,-0.456951962996129,0.891221494720795,3.2061417571345,0.360921036132216,0.813563235607899
"PTI98_001528",6.48730063583051,-0.364690890151218,0.822604947186293,3.19046467213167,0.36318116282954,0.813563235607899
"PTI98_001553",7.93018275668856,0.0910983107933718,0.776090875474013,3.19757164981128,0.362155058453598,0.813563235607899
"PTI98_004994",7.06228770433383,-0.312162209729075,0.859810564282429,3.20438191620065,0.361174141570641,0.813563235607899
"PTI98_006503",20.412314426707,-0.127797382819978,0.658803255835212,3.18638990779455,0.363770606967186,0.813563235607899
"PTI98_006626",3.2758770223691,-0.686062621277174,1.09057243753852,3.19112006233774,0.363086432831841,0.813563235607899
"PTI98_006668",13.5769529287689,-0.228044177578803,0.742252335983105,3.19903130072304,0.361944624202114,0.813563235607899
"PTI98_009919",7.02982625627334,0.0583030084279951,0.785370397363238,3.18973544482766,0.363286590282453,0.813563235607899
"PTI98_010204",101.743232310376,0.196392807314626,0.501920599701083,3.20103723779017,0.36165560541337,0.813563235607899
"PTI98_011969",11.3743808354021,0.33873857544103,0.703520540807713,3.18686009195176,0.363702549354573,0.813563235607899
"PTI98_012186",4.12944460692474,0.1762258959577,0.99753049913436,3.19498993534155,0.362527516353427,0.813563235607899
"PTI98_012448",10.4947985613056,-0.850792073025158,0.744855628893859,3.20446282165416,0.361162502152679,0.813563235607899
"rRNA_CM057210.1_2099668",1301.23287093817,-1.19995306137652,1.48986732309148,3.19271178755392,0.362856453847996,0.813563235607899
"PTI98_007596",14.694030209998,-0.949992016557551,0.655106481864537,3.18238092306517,0.364351340352658,0.814123761076014
"PTI98_002757",3.5204576235293,-0.800893442413581,0.97770347486143,3.18037295491814,0.364642510757017,0.814305296042873
"PTI98_006192",4.50549672433751,-0.936014858267389,0.925250638556619,3.17454439871249,0.365488830879634,0.814399096764816
"PTI98_009996",14.7769918355889,-0.198677940699552,0.7294396231806,3.17842061612269,0.364925806716483,0.814399096764816
"PTI98_010063",6.01001386697213,-0.328519237312006,0.822979205643365,3.17430025872974,0.365524317470365,0.814399096764816
"PTI98_010187",3.38965974883365,-1.13340452045353,1.07458510070285,3.17678328522974,0.365163539335855,0.814399096764816
"PTI98_000848",16.3061836316294,-1.10554575919969,0.966173848446426,3.1698757300636,0.366167952333441,0.814429751778335
"PTI98_005318",4.41162602646364,0.213213171978032,0.992277663227119,3.17088266213795,0.366021388521641,0.814429751778335
"PTI98_006038",25.4158437314114,0.449653133231741,0.613942668855047,3.17101080606083,0.366002740179883,0.814429751778335
"PTI98_011906",4.29025048510885,0.687676721715316,1.01287373257309,3.16693334885642,0.366596519626462,0.814915701794296
"PTI98_007450",18.8073411690573,-0.915225582989482,0.663889736189214,3.16279210273957,0.367200436769903,0.815424474122434
"PTI98_008924",55.8601805897188,-0.186599489768503,0.538378715973216,3.16248109649977,0.367245825287933,0.815424474122434
"PTI98_000810",4.00031464760962,-1.362306909863,1.10911242428867,3.15187607775005,0.368796421065049,0.816083200785634
"PTI98_001271",4.2082356387651,-0.242092668533941,0.944642631677155,3.15706720497433,0.36803670681771,0.816083200785634
"PTI98_001368",13.7706882880673,1.17243500154022,0.717140855283823,3.1564789306921,0.368122732286552,0.816083200785634
"PTI98_001526",71.2465497014839,-0.0806342523328901,0.557438973756002,3.15343000549433,0.368568864657531,0.816083200785634
"PTI98_001746",10.8308679846456,-0.178727599370408,0.733618988018438,3.14894770927536,0.369225578081667,0.816083200785634
"PTI98_006722",6.13060969317297,-0.221581370881831,0.959180779280695,3.14969281607456,0.369116340821036,0.816083200785634
"PTI98_006923",7.2301570304497,0.870888602336792,0.861169523755472,3.15049964000664,0.368998086765432,0.816083200785634
"PTI98_010154",69.8475907211652,-0.158027114201456,0.47396410068956,3.15034937914008,0.369020107636981,0.816083200785634
"PTI98_004869",30.7640142142824,-1.16845164777713,0.756766787260145,3.14495547978888,0.369811336795647,0.816447453289879
"PTI98_009705",8.62471062337765,0.307442934651138,0.894890262594445,3.1453941735907,0.369746930558906,0.816447453289879
"PTI98_006651",13.2016823038535,0.446159369487127,0.711468631403181,3.14160017010265,0.37030426079888,0.817070664185924
"PTI98_003947",3.44800668409937,0.715066506534767,1.01067018066779,3.13783959197924,0.370857392615011,0.817325015221441
"PTI98_000747",90.6937607385338,-0.572781532912968,0.533624348989357,3.13763374276,0.370887690804422,0.817325015221441
"PTI98_004644",7.15508377694714,0.486651404074663,0.812029753667942,3.13652003379786,0.371051650375086,0.817325015221441
"PTI98_003526",12.2093706180197,0.390901676555449,0.687101322394608,3.13196694077297,0.371722601142655,0.817708718170664
"PTI98_000564",59.822317587476,0.238574620061185,0.63067616860689,3.13077699784226,0.371898124431174,0.817708718170664
"PTI98_005393",13.4692506385346,0.507654936078983,0.710585292187009,3.12961861315135,0.372069060987683,0.817708718170664
"PTI98_012245",4.60477198677689,-1.13177931639423,1.00799509942395,3.13242172757646,0.371655536299628,0.817708718170664
"PTI98_008635",13.8746182407766,0.707335542033597,0.675258781627747,3.12538315288175,0.37269463864832,0.81815648178655
"PTI98_010658",4.91676174949219,0.693400496048825,0.940296168201284,3.12611942464899,0.372585826557539,0.81815648178655
"PTI98_002696",15.362225199727,-0.889225035132882,0.683298390033244,3.11577577916506,0.374116991210779,0.820341555948476
"PTI98_000572",14.2149555247933,0.325112205590762,0.73959798077808,3.11078936298321,0.374857051612758,0.820341555948476
"PTI98_006276",4.92241394692566,-0.346954693784885,1.03426957826858,3.11403201292911,0.374375650376657,0.820341555948476
"PTI98_008912",8.06241158803406,-0.316726271582292,0.790405876803391,3.11177188705624,0.374711130929158,0.820341555948476
"PTI98_010089",10.4033809615399,1.36956190651329,0.879625100784694,3.11024061561365,0.374938570626931,0.820341555948476
"PTI98_013065",6.56246637353091,1.28889715594039,0.983714656698045,3.11010377411078,0.374958901442807,0.820341555948476
"PTI98_004541",3.57234316725456,-0.529012369476202,1.09528183662706,3.10196473552109,0.376169833010287,0.82080682983858
"PTI98_004747",4.1244039828946,-0.735804642575968,1.06252063403182,3.10661000478039,0.375478297470641,0.82080682983858
"PTI98_004844",9.77240068985624,-1.22695393044195,0.806047372356825,3.10156373397199,0.376229580678782,0.82080682983858
"PTI98_008088",28.8558133404342,-0.180638976019299,0.629922934180838,3.10493217252549,0.375727948698624,0.82080682983858
"PTI98_011337",8.7226050949088,-0.531329414036869,0.735569262918587,3.10205328510021,0.376156640562117,0.82080682983858
"PTI98_004922",3.32333691341909,-3.27142945852241,2.96417863179044,3.09472155761198,0.377250289716649,0.822571036431074
"PTI98_003629",5.8651814325911,0.15380996497538,0.873963162952217,3.08714650724176,0.37838308837596,0.824114542285429
"PTI98_006672",133.39732697674,-0.193135108352149,0.429964887142488,3.08725549282752,0.378366769719406,0.824114542285429
"PTI98_001845",21.9439371354745,-0.845879245311795,0.566074347456094,3.08293566983684,0.379014046989402,0.824343600146286
"PTI98_007342",5.20787635432812,0.72146968411023,0.993878213348095,3.08027046087878,0.379413870274715,0.824343600146286
"PTI98_010029",3.954959468283,-1.22026905959933,0.957720902729997,3.07935804265091,0.379550830075088,0.824343600146286
"PTI98_010086",32.4931109497282,0.69473421317294,0.550092229382828,3.08489588760531,0.37872021312727,0.824343600146286
"PTI98_011237",3.46185774423477,-0.632910445937656,1.28923156104424,3.0799503170064,0.379461921108465,0.824343600146286
"PTI98_009871",7.2704444410088,0.00755712950760835,0.865177095038886,3.07311573098562,0.380488973183001,0.825456782425537
"PTI98_011981",123.146894859426,0.28005885041656,0.476289960269735,3.07317227803946,0.380480465980658,0.825456782425537
"PTI98_001629",10.6889813855921,-0.59116697475243,0.824361452095477,3.06571675137134,0.381603510417163,0.826026795149651
"PTI98_007805",6.18091644583957,-0.951839210037427,0.885627672538746,3.06594732600698,0.381568736084239,0.826026795149651
"PTI98_008423",7.59002614863384,-0.139217472446598,0.916753081065837,3.06951062851159,0.381031676608295,0.826026795149651
"PTI98_011405",5.6012698535462,0.682917760463255,0.824374523976819,3.06785161279029,0.381281642534497,0.826026795149651
"PTI98_001698",7.75819408082348,0.205071567505801,0.810170472968366,3.06350426566308,0.381937325896825,0.826288280621185
"PTI98_002759",3.85575252567476,-1.02298331125302,1.03017203785829,3.05942408012775,0.382553588888761,0.826997217839111
"PTI98_012903",3.19909970332422,-0.0616245667148767,1.12860491330935,3.05851230794758,0.382691416865482,0.826997217839111
"PTI98_004604",3.45200816978928,0.404743594045163,1.15078118035303,3.05593248297426,0.383081625094173,0.827379523240699
"PTI98_006283",40.2625897852871,0.809673412962556,0.603980015700967,3.05142583831908,0.38376408493661,0.82747130932135
"PTI98_009749",6.19167488136068,0.846703667273109,0.88213858882977,3.05379312752322,0.383405467594902,0.82747130932135
"PTI98_010082",6.70437440579475,0.260398767047314,0.842770556690617,3.0515834628774,0.383740197741826,0.82747130932135
"PTI98_003131",3.86972674513651,0.353857967128542,1.11069896589868,3.03190774705969,0.38673174450782,0.828657575036685
"PTI98_003210",3.94920463731479,-0.120462987776781,1.04229583102999,3.04444007656659,0.38482401292609,0.828657575036685
"PTI98_003771",6.23360957558286,1.45568070266361,0.894458187634862,3.04319442094349,0.385013273795014,0.828657575036685
"PTI98_001275",3.36719554099684,-0.642821179468366,1.21605660276228,3.03037907051922,0.386964996028059,0.828657575036685
"PTI98_001398",6.02333614260705,0.92933885342664,0.948568150121926,3.03621872383103,0.386074601907889,0.828657575036685
"PTI98_005622",17.7216361357111,0.578072537575998,0.819913669286846,3.04022291131375,0.385465074995056,0.828657575036685
"PTI98_007916",16.5465832263452,-0.221480254164264,0.752073053191129,3.03786706836608,0.385823587853355,0.828657575036685
"PTI98_006091",5.99016162315873,-0.980030518681118,0.896096138061713,3.03986822630202,0.385519032945078,0.828657575036685
"PTI98_006886",6.84271443673384,0.69304048766223,0.853697586621396,3.02773649307805,0.387368492772771,0.828657575036685
"PTI98_007043",4.21176745548455,0.530292555061528,0.992548569153118,3.02812542925742,0.38730908345844,0.828657575036685
"PTI98_009085",5.95535655847055,-0.202148259598321,0.790362175153689,3.02845419455725,0.38725887117415,0.828657575036685
"PTI98_009763",3.85051351866467,-0.559188375861296,1.01416496465814,3.02720583576961,0.387449562220274,0.828657575036685
"PTI98_011102",9.75486659118321,-0.25958196082375,0.773413315818938,3.04312369119936,0.385024022617387,0.828657575036685
"PTI98_011293",14.5134593069046,0.369556336698665,0.729409847032152,3.02675368518641,0.387518649424219,0.828657575036685
"PTI98_012424",3.76960329148627,-0.682639724549235,1.07361542247505,3.03914029544074,0.385629792604744,0.828657575036685
"PTI98_011489",8.37370491532142,0.902300912173429,0.793089328685328,3.02362266500104,0.387997346610734,0.82922408126889
"PTI98_001003",11.4693971576898,-0.782048252188086,0.779969805576269,3.01863622599807,0.388760752218124,0.829827010411697
"PTI98_001008",7.4526475467059,-0.632913981614967,0.847216859952351,3.013742102748,0.389511263327107,0.829827010411697
"PTI98_004864",9.17754482277432,1.16258940350134,0.759783515225306,3.01981747840715,0.388579791685272,0.829827010411697
"PTI98_009601",9.65822489548393,0.670443105528427,0.758794594674857,3.01201142195622,0.389776956166567,0.829827010411697
"PTI98_009731",4.19166589413108,0.134345992936669,1.05062609664887,3.01319704599714,0.389594923467846,0.829827010411697
"PTI98_011028",6.33172823855979,-0.862796742100922,0.854342696655178,3.01686459875921,0.389032288521326,0.829827010411697
"PTI98_011386",3.35672234721031,-1.49832940496069,1.15151013176461,3.01306657280444,0.389614951909598,0.829827010411697
"PTI98_000779",5.62246584012661,0.616158799717891,1.00083611828723,3.01021902260403,0.390052285936498,0.829957661627907
"PTI98_003554",6.63798875270343,0.62909076383407,0.821981608598603,3.00266478224945,0.391214501712058,0.830133333402776
"PTI98_004953",5.96551731002094,-1.55405366956445,0.990302005080461,3.00387323351552,0.391028385267848,0.830133333402776
"PTI98_005492",3.7140225813484,-0.803888429255349,1.08589675877701,3.00514921469782,0.390831949789056,0.830133333402776
"PTI98_006640",4.50029857908351,1.13225927642179,1.00243519992834,3.00133826557052,0.391418888062304,0.830133333402776
"PTI98_011455",4.21046915347593,-0.666558424119309,1.01362351263599,3.00818249883827,0.390365315597874,0.830133333402776
"PTI98_012133",8.3625219331714,0.261813630311211,0.750586048139296,3.00547548278001,0.390781734706699,0.830133333402776
"PTI98_002935",7.47767638970066,-0.655004183793004,0.87700889885913,2.99700652164495,0.392086942055475,0.831095764061851
"PTI98_012013",115.830376895935,-0.868339792522793,0.594801196036716,2.99482606071435,0.392423584026194,0.831355042292522
"PTI98_008440",9.34311083709418,-0.0358952703449866,0.755364952163039,2.99184093932109,0.392884854348992,0.831877920316452
"PTI98_012352",4.24157242097406,-0.177046643729579,0.967247378408982,2.98525751831453,0.39390376646192,0.833125796131835
"PTI98_012515",15.2699251574149,0.422885491319126,0.67897110598386,2.98612371766447,0.393769577793998,0.833125796131835
"PTI98_001128",9.38788957419261,-0.745151752700644,0.864210838030194,2.9800848318407,0.394705906363059,0.834287268144215
"PTI98_001378",6.16606526619922,-0.539516276219618,0.861671400420344,2.97890396274347,0.394889219725433,0.834287268144215
"PTI98_006441",89.4957628885577,-0.695875736710062,0.47145651062174,2.97755865936702,0.395098146837052,0.834287268144215
"PTI98_009810",6.37482176515809,-0.521805135959792,0.920809822882935,2.97436013325318,0.395595256385588,0.834882480696244
"PTI98_000608",19.3183346780388,-0.887124319058543,0.666545179627915,2.9680930994619,0.396570799272378,0.835187206036357
"PTI98_006652",4.3713339792767,-1.58796490689086,0.99100104455623,2.9712841101874,0.396073824768534,0.835187206036357
"PTI98_010054",14.0162719108588,0.0187377817790175,0.662509236820717,2.96790003014085,0.396600885155703,0.835187206036357
"PTI98_010288",10.6263293285106,-1.25757454410799,0.753505192719288,2.9703744383842,0.396215445315372,0.835187206036357
"PTI98_001666",8.72438885260482,-0.718510935284128,0.790046012444045,2.95976384832669,0.397870493104241,0.835837048386203
"PTI98_004311",4.23825324759901,-0.969433937786098,1.05397121323869,2.95863483502752,0.398046940097883,0.835837048386203
"PTI98_004761",10.0050597426444,0.486790723097956,0.77860170158641,2.95676627179523,0.398339112004535,0.835837048386203
"PTI98_005263",46.5246952917026,0.898234608090994,0.58806479585913,2.96171618231556,0.397565529651663,0.835837048386203
"PTI98_007814",21.8091163070334,-0.144927027065881,0.710842841904734,2.95626313340584,0.398417814505308,0.835837048386203
"PTI98_008529",4.36641183424836,-1.74571872445473,1.04723947076272,2.95745512448141,0.398231380733324,0.835837048386203
"PTI98_008689",28.4515234304907,0.383475704299361,0.844460725768056,2.95899745937152,0.397990260436199,0.835837048386203
"PTI98_010024",3.81200012424798,0.192448432984575,1.20598688773513,2.95407030297918,0.398760976997412,0.836104772850248
"PTI98_007585",4.23641206990015,0.50961407549163,0.961768821224511,2.95115834580426,0.399217062601672,0.836524790638623
"PTI98_009868",3.22244075957859,-0.0363488923042669,1.09771319596139,2.94924772874025,0.399516551842207,0.836524790638623
"PTI98_012440",3.36845632883879,-1.76684639464405,1.11001941740784,2.94866291568083,0.399608259101152,0.836524790638623
"PTI98_004606",27.0410155416131,-0.739540622419843,0.617227259368831,2.94530649071685,0.400134938537685,0.836724219184733
"PTI98_006361",48.2286184754784,0.361132167797978,0.63334306013485,2.94633077990856,0.399974148450584,0.836724219184733
"PTI98_006966",4.00205904091263,-0.511844690113266,0.892150682684327,2.94018210076621,0.400940168116486,0.837054312230274
"PTI98_008854",4.39102698460913,0.941674359564444,1.11126836253078,2.94116622208417,0.400785420888424,0.837054312230274
"PTI98_010208",13.1239197265352,0.826710647566854,0.644628089918368,2.94180719109576,0.400684659342469,0.837054312230274
"PTI98_004629",13.2846491427795,-0.451284993599179,0.640856302783113,2.93793035537412,0.401294430752355,0.837343247384823
"PTI98_004862",7.77752101856454,0.240287092886712,0.777453810997198,2.93503993526303,0.401749560582016,0.837842228762173
"PTI98_013198",4.65463282525987,0.240342160774315,1.08490172042211,2.9309021235474,0.402401861704956,0.838751650485505
"PTI98_003311",38.5452540544647,-0.852599929961992,0.624166541566491,2.9276199621425,0.402919907430111,0.839310115199294
"PTI98_011002",11.8349368150978,0.552232139794068,0.730520683978018,2.92646372257569,0.403102537926343,0.839310115199294
"PTI98_010198",6.28805691849622,-1.20796093224722,0.830070049738028,2.92509369252079,0.403319027071516,0.839310357301723
"PTI98_008911",11.120992046455,0.743584519702225,0.7580836326142,2.92211833514716,0.403789522766866,0.839838905529583
"PTI98_002245",5.72064619727967,0.139539974790507,0.91026459340405,2.88974607493202,0.408938388695205,0.840378217022938
"PTI98_003167",8.89660153113497,0.171727879026316,0.777240949354663,2.89716702659332,0.40775324205006,0.840378217022938
"PTI98_003196",4.23179962877177,0.807002567080026,0.950330119100548,2.8942928020746,0.408211922286427,0.840378217022938
"PTI98_003363",12.4411387826068,0.897725051351983,0.740258626358024,2.89349600060129,0.408339155457023,0.840378217022938
"PTI98_003383",9.81202913684393,0.134009085612811,0.778495679556774,2.90321682094986,0.406789201271218,0.840378217022938
"PTI98_003702",7.24616289318396,0.850097237449492,0.818019607471826,2.90115169348015,0.407118066622938,0.840378217022938
"PTI98_001113",4.26100702859976,0.90288256192684,1.02613851782085,2.90007453712994,0.407289688868863,0.840378217022938
"PTI98_001163",3.4256385766233,0.58072794520484,1.05030813061313,2.89945094878054,0.407389072260219,0.840378217022938
"PTI98_001402",32.4612031706741,0.778422883799933,0.56140170600594,2.89506379969244,0.408088841050427,0.840378217022938
"PTI98_001456",234.016641705163,-0.656304252505163,0.517072019381608,2.91167367267357,0.405444793842916,0.840378217022938
"PTI98_004355",6.24109651698957,1.37944754628934,0.950550688113012,2.90276899158769,0.406860497854549,0.840378217022938
"PTI98_005601",3.56863047950266,0.627693388325602,1.25554101057735,2.90922524668662,0.405833642866175,0.840378217022938
"PTI98_007479",8.36127578871117,-0.414667999614461,0.823875753556758,2.90224926934918,0.40694325324921,0.840378217022938
"PTI98_005704",7.02473116528203,-0.634413122687768,0.841847532446785,2.90655225620399,0.406258513152009,0.840378217022938
"PTI98_005916",4.07216321220347,-0.432723151659623,1.00556842415327,2.89210706554083,0.408561019772523,0.840378217022938
"PTI98_006353",16.1137229833993,-0.0638575816812048,0.634385533824093,2.9121354510271,0.405371491110464,0.840378217022938
"PTI98_006401",4.97061675201648,-1.46906197147381,0.897728056826758,2.90545217753494,0.406433478247264,0.840378217022938
"PTI98_006659",5.38132189847042,0.515559267294297,0.917524440300174,2.90212997283281,0.406962250827855,0.840378217022938
"PTI98_006838",11.976263163635,-0.404297535346458,0.72314870290895,2.88916238178818,0.409031728213278,0.840378217022938
"PTI98_008860",5.80671496721554,-0.456122577638319,0.891479929614894,2.89806004571376,0.407610818347992,0.840378217022938
"PTI98_010481",10.1599215400822,-1.19545705637709,0.766766192966635,2.90663478621381,0.406245389480552,0.840378217022938
"PTI98_010812",29.9239133714531,-0.724068185470136,0.619603135234828,2.89102444861405,0.408734023671217,0.840378217022938
"PTI98_012665",11.5120442320296,0.0524225942382713,0.684502954533727,2.9158772201917,0.404777932130418,0.840378217022938
"PTI98_003184",5.70620538385308,-0.624765181142612,0.82722859285678,2.88664938933045,0.409433789241579,0.840627736646469
"PTI98_004904",8.17936878550177,-0.119189521418188,0.758964007505253,2.88569481952457,0.409586600222178,0.840627736646469
"PTI98_002238",3.8285593068294,0.417331471567368,1.12636560196125,2.85962165678042,0.413778940374607,0.841111371910725
"PTI98_000714",48.7802860342295,0.764012289122352,0.513907460283796,2.87606710343586,0.411130505752551,0.841111371910725
"PTI98_000795",12.9130989938766,0.0554901112002979,0.623838528380352,2.84922850170713,0.415460012524091,0.841111371910725
"PTI98_001302",7.79782074327485,-0.803683128431702,0.722921349411666,2.85932587907392,0.413826703388353,0.841111371910725
"PTI98_001843",12.3043678306171,0.671946971476129,0.644830087977914,2.8621226431231,0.413375257689468,0.841111371910725
"PTI98_001870",24.2015132978406,-0.925734922113755,0.587210560567126,2.85282409701769,0.414877790005811,0.841111371910725
"PTI98_002044",8.09492535317528,-0.363000534518054,0.780502145881957,2.87780470188179,0.410851504670771,0.841111371910725
"PTI98_005271",10.9834556939169,0.0913519854415488,0.739580994467906,2.87253115538074,0.411698750995347,0.841111371910725
"PTI98_005277",6.81872357077326,0.866663109612076,0.787123725509978,2.85240328950893,0.414945894823532,0.841111371910725
"PTI98_005441",10.92461083323,1.05956789967815,0.759778268521,2.87884560549186,0.410684445568882,0.841111371910725
"PTI98_013634",12.7129006149564,-0.667658700639451,0.811191391528665,2.86736040881446,0.412530896704048,0.841111371910725
"PTI98_007528",12.6315771156816,-1.04475000510787,0.775451383281718,2.86028133417172,0.413672430365085,0.841111371910725
"PTI98_007599",12.9110040677635,0.218451498834222,0.752914930494321,2.86958193623462,0.412173207039053,0.841111371910725
"PTI98_007691",6.27254252355121,-0.389415870913747,0.919419445964839,2.85087614300866,0.415193131216975,0.841111371910725
"PTI98_007702",7.45192193625202,-1.1287292618237,0.876193962783963,2.866411125187,0.412683820446192,0.841111371910725
"PTI98_007800",7.51831181383352,0.0229073707205053,0.757917463386702,2.85574591724559,0.414405169981725,0.841111371910725
"PTI98_005900",3.74085893236102,-0.844691115499904,1.05169108048456,2.86934801135391,0.412210859255313,0.841111371910725
"PTI98_005972",7.36850140106026,-0.219488775345495,0.780365582332157,2.85396083420466,0.4146938633865,0.841111371910725
"PTI98_006376",15.8299710656869,-0.959495666892426,0.711771030186036,2.8604820457599,0.41364002846221,0.841111371910725
"PTI98_008322",18.3199085328967,-0.399953484001268,0.711249334850286,2.84952711313183,0.415411633514326,0.841111371910725
"PTI98_008744",3.5082812667218,0.145576885538049,1.20891339916518,2.86469913362554,0.41295973123435,0.841111371910725
"PTI98_011318",104.663852916226,-0.212750126504811,0.54624205882319,2.85556132831779,0.414435014953461,0.841111371910725
"PTI98_011334",17.9812041142156,-0.0726203862417499,0.593270261736228,2.88036418384874,0.410440824150528,0.841111371910725
"PTI98_011502",7.17890570569819,-1.33059431756306,0.87587886905633,2.86085986186289,0.413579041404946,0.841111371910725
"PTI98_011819",42.3787022634308,0.145586075435975,0.582217312711857,2.85807294854628,0.414029081068794,0.841111371910725
"PTI98_013188",4.18260660145983,1.45719437515465,1.00784153176656,2.85820534642115,0.414007691810047,0.841111371910725
"PTI98_006418",4.84603313551278,0.143392095719109,0.999185608093965,2.84412469515453,0.416287621872811,0.842347253648739
"PTI98_002960",12.4049502092256,0.680599846175606,0.706092060706441,2.83595841606297,0.417614678622821,0.843696758746315
"PTI98_002984",13.8442927207782,-0.227319674385021,0.62691662458472,2.83655801175878,0.417517122212818,0.843696758746315
"PTI98_003084",6.93018811610779,0.681279545017414,0.815955038471976,2.81201515807361,0.421525825570224,0.843696758746315
"PTI98_003571",4.24914186487718,-0.256531886878309,0.933571768104888,2.82161234426898,0.419954486943273,0.843696758746315
"PTI98_003729",6.34480114518938,0.262455313875215,0.813512574788615,2.80938607894723,0.421957131211099,0.843696758746315
"PTI98_000138",4.28702050001974,1.16472067557079,0.941226894597671,2.83589765511277,0.417624565708034,0.843696758746315
"PTI98_000474",31.1732453636798,0.168894988667446,0.592979932432114,2.81807208433753,0.420533564418373,0.843696758746315
"PTI98_000814",21.8141286843797,-0.935776026533177,0.640896306618406,2.81001885326032,0.421853289954469,0.843696758746315
"PTI98_001603",9.96950973637143,-1.26214124358693,0.770632464682778,2.8308422535287,0.418447867232467,0.843696758746315
"PTI98_004242",4.40398020566882,-0.0560367245608239,0.885273059889719,2.81089316580143,0.421709845949589,0.843696758746315
"PTI98_005467",3.81405067490302,-0.0333854867610505,1.08242631775329,2.82091862004111,0.420067906746801,0.843696758746315
"PTI98_007555",5.7348565829973,0.314249680577743,0.829727871981753,2.81691643244008,0.420722736707318,0.843696758746315
"PTI98_008113",29.5029900339397,0.760544235010141,0.604218710066027,2.83181347601885,0.418289593499828,0.843696758746315
"PTI98_008115",72.9254890687043,-0.184312832426788,0.543981280200286,2.82010210510546,0.420201434642863,0.843696758746315
"PTI98_006235",17.9125324748197,-0.678947389037605,0.611309839355582,2.82817058634488,0.418883507741443,0.843696758746315
"PTI98_006477",21.5469182663591,1.33445193571298,0.841759085425368,2.82336882465549,0.419667426348274,0.843696758746315
"PTI98_006836",14.6306334483806,0.121549824355961,0.727740171241458,2.82674849748983,0.419115546194487,0.843696758746315
"PTI98_008371",11.818640021734,-0.622041413665429,0.693500446174003,2.82792854694154,0.418922993136483,0.843696758746315
"PTI98_008891",6.26621419978753,-1.34085140892587,0.828234840194679,2.81324630824345,0.421323978499243,0.843696758746315
"PTI98_010909",13.8411975258841,0.865270254597094,0.685076453250037,2.81269060071698,0.421415076833747,0.843696758746315
"PTI98_011808",31.4684037997285,-0.287655067601118,0.670175543550047,2.81566156565522,0.420928229651535,0.843696758746315
"PTI98_011996",5.19749084041378,1.30482822406884,0.932575097124964,2.83091949649963,0.418435277634523,0.843696758746315
"PTI98_012699",4.53048389148821,-1.36777146598479,1.13704932360023,2.82476293172547,0.419439704083188,0.843696758746315
"PTI98_002346",3.13153245061571,1.21302554063025,1.0850815369443,2.80742862325212,0.422278492937987,0.843783949707511
"PTI98_003859",38.4134656446964,0.138552524524035,0.609516541227165,2.80647095457965,0.422435790237687,0.843783949707511
"PTI98_009741",6.64530560696002,0.529172347459307,0.8898433043031,2.8044090938327,0.422774615928956,0.843919339475159
"PTI98_010306",11.9356265841385,-0.0229650157598091,0.720274340267532,2.80208833349029,0.423156255550189,0.843919339475159
"PTI98_011087",26.0813526505807,-0.782229100753564,0.667258554884027,2.80290845264423,0.423021357735708,0.843919339475159
"PTI98_002628",5.03357216682999,0.143246411997667,0.910454656152617,2.79789981784169,0.423845761135836,0.84486007576871
"PTI98_011194",3.96303710706141,1.29330720873764,1.00929482527506,2.79629561085094,0.424110088569866,0.844952765055218
"PTI98_008838",29.684114127842,0.948609208459676,0.688938628371708,2.79435001530065,0.42443084988161,0.845157734440844
"PTI98_002513",20.618625569182,-0.227354976892059,0.653044659344168,2.76748608784166,0.428880291163712,0.845307315903954
"PTI98_000911",4.10525417792871,-0.776052376093777,1.0032427787739,2.76228137847128,0.429746770339696,0.845307315903954
"PTI98_000979",4.49548796740175,0.443231125227929,1.01997140235759,2.78411430243095,0.426121666461837,0.845307315903954
"PTI98_001049",4.21012342506143,0.462558442509292,0.979910142854705,2.79061724509554,0.425046815586767,0.845307315903954
"PTI98_001295",5.04840097683753,-0.262788546217901,0.956237978865077,2.77427829981792,0.427751688852153,0.845307315903954
"PTI98_001417",3.220720728368,0.675627619305613,1.14659650280347,2.76182759694302,0.429822384039521,0.845307315903954
"PTI98_001423",3.44831693057847,-0.546155652382686,1.03324028170005,2.78337266620538,0.426244391560749,0.845307315903954
"PTI98_001949",8.40040541148797,1.21537825511455,0.818150457865614,2.78525646327004,0.425932720048629,0.845307315903954
"PTI98_004447",3.58028383530715,-1.33652121823449,1.10656006473411,2.75735314927028,0.43056854820343,0.845307315903954
"PTI98_004473",8.50138797453861,0.698449204559346,0.772779638063452,2.76649306974788,0.429045497552169,0.845307315903954
"PTI98_004871",23.2458232727288,0.319668706291779,0.634571287284296,2.77834246461173,0.427077553262452,0.845307315903954
"PTI98_005251",4.78285671569745,-0.293189559076273,0.97441829459596,2.75970142585886,0.430176814110317,0.845307315903954
"PTI98_005579",9.06865903546236,0.320520156448941,0.750027973589161,2.76889258366282,0.428646384964409,0.845307315903954
"PTI98_007520",3.26746411210698,-0.0465047882253527,1.09981372105668,2.76154619063601,0.429869280322618,0.845307315903954
"PTI98_007588",12.15699761052,-0.59247612263932,0.720303018045955,2.76992386244768,0.428474945704114,0.845307315903954
"PTI98_007946",24.0563128492507,-0.625412066442435,0.599909641676272,2.76807126816777,0.428782960438604,0.845307315903954
"PTI98_008012",4.72689229340408,1.15359096237159,1.07391110086113,2.78440735121977,0.426073181127066,0.845307315903954
"PTI98_005945",7.98149842886097,0.27740883974919,0.81033332843687,2.78471419459873,0.426022418337045,0.845307315903954
"PTI98_006585",10.132287476891,0.149214968654348,0.855124695812098,2.76217619864214,0.429764295499636,0.845307315903954
"PTI98_006896",3.76265420424055,0.965862484528579,1.27712187863669,2.77024923120174,0.42842086828849,0.845307315903954
"PTI98_008427",6.25417256684169,0.8716649720612,0.885827649246011,2.7771752017336,0.427271081054969,0.845307315903954
"PTI98_008951",18.2101863262593,0.683537272026463,0.650883811131928,2.75974788746782,0.430169066449617,0.845307315903954
"PTI98_009863",6.61705727860504,0.968371723748216,0.877186871464443,2.75824089412845,0.430420422179099,0.845307315903954
"PTI98_010825",17.5499787995255,-0.79197256108257,0.694216186347991,2.76423843099893,0.429420791691793,0.845307315903954
"PTI98_011551",37.318362414457,-0.471216838863356,0.501971386187333,2.75581309480873,0.43082561576234,0.845307315903954
"PTI98_012037",12.4956980382017,0.716898506728815,0.663953119519822,2.76169600490861,0.429844313291656,0.845307315903954
"PTI98_012475",29.0094572958837,0.449153438694643,0.696282923313206,2.75692426623979,0.430640125150919,0.845307315903954
"PTI98_012511",13.4420414915074,-0.899705450789539,0.658506712100736,2.78873185345213,0.42535821535483,0.845307315903954
"PTI98_012640",4.54363624210003,-0.173158368637451,0.945297785730878,2.77041181788631,0.428393847923905,0.845307315903954
"PTI98_000197",10.1573785988157,0.400207969688163,0.738139721653231,2.74839461905417,0.432065683568494,0.845358663734016
"PTI98_000242",7.80355912821688,-0.102393380520371,0.917831156209742,2.72666475843837,0.435714900631289,0.845358663734016
"PTI98_000807",8.63015413667125,0.602974348980356,0.87111754018823,2.73002045533161,0.435149716211206,0.845358663734016
"PTI98_001583",15.0781447446671,-0.332486525026184,0.702726744798138,2.74163063793225,0.433198899668535,0.845358663734016
"PTI98_001605",4.47712755321354,-0.0862411016552895,1.08488169323293,2.73409432665367,0.434464380176351,0.845358663734016
"PTI98_004628",50.2452128868157,0.618015341950866,0.560538899940075,2.74788956619314,0.43215021437655,0.845358663734016
"PTI98_005371",3.60151966866953,1.58927120532989,1.04273728208715,2.73272500693604,0.434694638280363,0.845358663734016
"PTI98_007490",3.75252764343355,2.45498619028788,1.29012475334867,2.73256641321984,0.434721313083896,0.845358663734016
"PTI98_007512",10.3386909613537,-0.701986649468947,0.925720808623351,2.73281642112549,0.434679263403174,0.845358663734016
"PTI98_007533",4.67269333937242,-0.253478696437021,0.929528199347605,2.74648208012513,0.43238585728162,0.845358663734016
"PTI98_008274",3.68774483090519,-0.188884105380351,1.00169700546344,2.71496089463991,0.437690831473321,0.845358663734016
"PTI98_008294",5.16691006350048,-0.946749138648593,1.12630322112489,2.7176417585424,0.437237582873425,0.845358663734016
"PTI98_005915",3.43591836164074,0.785216736256096,1.18708746721957,2.71479804230596,0.437718376978611,0.845358663734016
"PTI98_006003",8.08735736232512,0.617924406465601,0.827985579064914,2.73581384359471,0.434175376203633,0.845358663734016
"PTI98_006088",16.8569120979642,0.731502672850282,0.727454406338337,2.71522634493253,0.437645935169281,0.845358663734016
"PTI98_006263",3.42891355550205,0.497326551323946,1.09674999228383,2.7181465656314,0.437152279037092,0.845358663734016
"PTI98_006440",5.40049357417801,0.52600613766155,0.893422036508087,2.71561805514968,0.437579691068551,0.845358663734016
"PTI98_006468",4.69706413848635,-0.218200430847698,1.1119520437162,2.71343180199531,0.437949524218155,0.845358663734016
"PTI98_006655",4.44382053193453,-0.46940849540434,0.909851462838451,2.73273669034316,0.434692673232912,0.845358663734016
"PTI98_006794",4.7173072565295,1.76227850034174,1.0336060647226,2.74088878887184,0.433323335004708,0.845358663734016
"PTI98_006919",9.59998374049135,-0.262405667578,0.749649204464364,2.72240123244491,0.436433853142124,0.845358663734016
"PTI98_006950",63.2145068299924,0.442366399539303,0.532492330173685,2.71725405611296,0.437303107248339,0.845358663734016
"PTI98_008388",3.29838413706042,1.09260710045343,1.22697181530853,2.74095665080202,0.433311950848063,0.845358663734016
"PTI98_008673",6.01131633980459,1.33137237257281,0.863781781604892,2.74966839893616,0.431852551056495,0.845358663734016
"PTI98_009649",7.98483110822447,-0.242818955953857,0.787779406498367,2.72023065907852,0.436800246652036,0.845358663734016
"PTI98_009666",4.49165029521341,-0.839931021660818,0.902941789357044,2.71287623797731,0.438043545786381,0.845358663734016
"PTI98_009695",5.2926191119752,-0.573317248492971,0.930911263995194,2.71811331394236,0.437157897589891,0.845358663734016
"PTI98_010055",17.6358536414822,-0.264457597978513,0.622623698894406,2.72755235568722,0.435565348320508,0.845358663734016
"PTI98_010954",3.88648397728487,-1.08445923816273,1.06575094680568,2.74155687956164,0.433211270343919,0.845358663734016
"PTI98_011335",5.79129041094242,-0.163703044132177,0.858950644995591,2.71772572291032,0.437223393375764,0.845358663734016
"PTI98_011458",3.56808297038965,-0.989340562649931,1.08930232136308,2.74537810195953,0.432570760361715,0.845358663734016
"PTI98_012486",7.69133106651277,0.0769257832398146,0.768871260071523,2.72414756110939,0.436139254846359,0.845358663734016
"PTI98_013010",3.68802363954136,1.06610936258901,1.11703666042211,2.74785980338363,0.432155196208182,0.845358663734016
"PTI98_008049",3.47130862541908,-1.62868218943357,1.10644273044188,2.7079508705939,0.43887781778038,0.846133522587908
"PTI98_009087",75.6209969565454,-0.370269745636635,0.452026441383383,2.70793019944486,0.438881321847608,0.846133522587908
"PTI98_008610",5.25531860480868,1.37345845836952,1.03501261227257,2.70302491523359,0.439713486444592,0.847316748096658
"PTI98_006317",42.6946985195698,0.692015326530173,0.540222920338876,2.70157827690247,0.439959149363842,0.847369185889942
"PTI98_009738",7.51954763701262,-0.649951931659761,0.809853139096655,2.69917794480088,0.440367012106708,0.847543502138789
"PTI98_010145",8.13032434968382,-1.02200564991519,0.772039352022078,2.69847422494345,0.440486646123176,0.847543502138789
"PTI98_001834",7.77415616789321,0.0276395658658035,0.736124568411244,2.69584012582615,0.440934684351367,0.847984948239441
"PTI98_007676",9.78424627646546,-0.950886809740192,0.826373886011247,2.69346378396298,0.441339198847889,0.848342295505928
"PTI98_001655",5.4082295224573,1.03665692961379,0.999125488973554,2.68319670969323,0.443090394373384,0.848345330589515
"PTI98_004504",11.2751130975175,0.464479828673653,0.813334604726841,2.68547600589334,0.442701140387823,0.848345330589515
"PTI98_007532",3.55102459380747,0.815700116218621,1.00445707825,2.68744239417205,0.442365547872652,0.848345330589515
"PTI98_006695",7.26886229049709,0.404324261134447,0.878005241359769,2.68635250640888,0.442551527348986,0.848345330589515
"PTI98_008370",51.5569698307074,-0.643863544653739,0.581932931609129,2.68830305881679,0.44221872820628,0.848345330589515
"PTI98_009723",9.17929529189629,-1.04916920651143,0.782994575172488,2.69030569911375,0.441877253946513,0.848345330589515
"PTI98_012455",7.53784730512967,-0.868194028041514,0.884665862186256,2.68401738964957,0.442950208100859,0.848345330589515
"PTI98_013487",34.8469668759595,-0.944464836428593,0.623954374359823,2.69110824866038,0.441740469875092,0.848345330589515
"PTI98_005777",3.80699852450116,-0.50930330850815,1.00905120343735,2.68060358212618,0.443533582417779,0.848615857852996
"PTI98_011813",5.73442274040342,0.597799048724436,0.921169552124036,2.67981029385361,0.443669234268078,0.848615857852996
"PTI98_005065",33.9531732929308,0.379593876429059,0.64252238263353,2.6784017898926,0.443910170773056,0.84865823185248
"PTI98_005396",14.0625550314059,-0.8590856726379,0.802624330133475,2.677045249727,0.444142318970723,0.848683771077554
"PTI98_002575",4.18413305825021,1.10782731551183,0.997199550988702,2.66600978711752,0.446034512996721,0.849003945187165
"PTI98_002940",9.18883031896009,0.607713021751281,0.750004658193075,2.67167714752534,0.445061943891882,0.849003945187165
"PTI98_000151",129.513871246412,-0.141573999962962,0.463218063213497,2.66407564262988,0.446366823751279,0.849003945187165
"PTI98_001396",20.8111419679821,0.206632775303504,0.618676201999461,2.65187058654749,0.44846844127056,0.849003945187165
"PTI98_004699",7.94803051807369,-0.571765163313249,0.752200981149483,2.65317768315892,0.44824298665535,0.849003945187165
"PTI98_005297",3.63319868376507,0.179331814481686,1.12709271091315,2.67251763927407,0.44491785480619,0.849003945187165
"PTI98_007594",3.1682577581994,-0.0770165938504899,1.2670800513758,2.66512219114179,0.446186988406724,0.849003945187165
"PTI98_008135",5.48038708593621,1.57557199881174,0.979875390443326,2.66772055034453,0.445740749323496,0.849003945187165
"PTI98_006215",4.28555398848634,0.560286578274677,1.04436012052726,2.66663696335561,0.445926799206653,0.849003945187165
"PTI98_006578",3.94373651876574,0.714032652081486,0.969765747636378,2.67461741518765,0.444558046831658,0.849003945187165
"PTI98_006837",12.366984907346,0.0202552778405882,0.771462102366029,2.65759546512514,0.44748166468583,0.849003945187165
"PTI98_008925",7.15588919430836,-0.0108460709179308,0.756979226076152,2.65216746055628,0.44841722688739,0.849003945187165
"PTI98_009669",142.122999994619,-0.38531664740642,0.595316400766715,2.66033904707763,0.447009387357266,0.849003945187165
"PTI98_009697",4.11064434708514,-0.466541966620423,0.994537444232986,2.6548558747801,0.447953658281123,0.849003945187165
"PTI98_010066",13.309479873747,-0.0181267213007234,0.695729375041884,2.66249051617773,0.446639318459529,0.849003945187165
"PTI98_011105",3.7485274711357,-1.58018132384187,1.11727598543919,2.65889900759766,0.447257223846009,0.849003945187165
"PTI98_011121",4.90059088519133,-0.00200327410044086,0.958221979110379,2.66454658671492,0.446285891043066,0.849003945187165
"PTI98_011139",4.46610724943791,0.470537754109831,1.05757382500953,2.65198046114849,0.448449486011348,0.849003945187165
"PTI98_012777",4.34749607060832,-0.388610177853102,0.941552212677659,2.6575333149089,0.447492367841275,0.849003945187165
"PTI98_005279",4.59025825268651,0.605410928820809,1.031800729963,2.64602637934146,0.44947760257316,0.849758843805939
"PTI98_008608",22.8670856103932,0.473412048426911,0.616214578945957,2.64575562613982,0.449524399971587,0.849758843805939
"PTI98_011377",15.8563963334033,0.24547293012708,0.630272920959157,2.64590789143475,0.44949808171965,0.849758843805939
"PTI98_000481",28.2599883544568,0.538768057897834,0.770333697441234,2.64264346284759,0.45006259406059,0.850361813132502
"PTI98_003500",14.2277716572805,0.114357403521144,0.659312289041543,2.63760197135075,0.450935536905167,0.851596371789261
"PTI98_000450",12.5833804161567,0.110096613700596,0.707447086726536,2.63569464215654,0.451266150662199,0.851806033293756
"PTI98_007791",6.12671780388701,-0.320624573995718,0.937120975586364,2.63373634667941,0.451605802485904,0.852032542725108
"PTI98_002887",11.2223203226723,-0.956243789461092,0.773745038922422,2.62933874354414,0.452369286196784,0.852643567131839
"PTI98_010837",5.09148466882685,0.780930284487227,1.11526123880444,2.63060228839727,0.452149811060133,0.852643567131839
"PTI98_012889",3.24284346710159,-1.19033296755724,1.13430939676396,2.62741580230001,0.452703462046122,0.852859023446773
"PTI98_003452",3.5532324149047,0.855125731852686,1.19892968179274,2.62421789444451,0.45325964714269,0.853186323412968
"PTI98_000870",4.06975591250555,-1.00659303914419,1.10257199884375,2.62388776416574,0.453317095270463,0.853186323412968
"PTI98_010969",8.71943746186447,-0.824182243735913,0.785029559657098,2.62238340037841,0.453578953756349,0.853265160824867
"PTI98_001736",5.76988317273626,0.199539680503218,0.918998908680582,2.61063623267897,0.455627928414437,0.8546094407277
"PTI98_001817",42.7823192581697,0.0534725668808113,0.628838393568072,2.60818691674039,0.456056082058865,0.8546094407277
"PTI98_004586",14.528920279947,-0.903524607303192,0.626671900196294,2.61277164938303,0.455254909915189,0.8546094407277
"PTI98_005209",4.94126591092696,-0.822875505656595,0.9840078785712,2.6095256302281,0.455822027642338,0.8546094407277
"PTI98_010223",4.81593043600967,-0.752535160149699,0.977000741476112,2.60846734580446,0.45600704515091,0.8546094407277
"PTI98_010406",7.1243051137488,-0.760053056766473,0.843544115642155,2.61346343437427,0.455134120352301,0.8546094407277
"PTI98_011659",5.19588217985433,0.708484938744338,0.871461092717874,2.60950744486797,0.455825206438515,0.8546094407277
"PTI98_013098",5.32290296064853,-0.232036461510092,0.871008516298796,2.60824273099566,0.456046321824937,0.8546094407277
"PTI98_000675",10.9032684286951,-1.10924105902925,0.718686826919585,2.60637927215082,0.456372275514343,0.85478901821349
"PTI98_005136",4.50884338147089,-1.46458053492842,1.01279227100865,2.59907587345492,0.457651581231664,0.856771468917773
"PTI98_001421",6.74779880816351,-0.955889080582515,0.92962975799687,2.59525000818333,0.458322890394767,0.85678770691147
"PTI98_007484",5.58184124008208,-0.393078896880761,0.960677216184061,2.59547100119369,0.458284092150177,0.85678770691147
"PTI98_008225",12.2746285399334,-0.420006515921599,0.76336367827032,2.59656307600999,0.458092402665283,0.85678770691147
"PTI98_005621",15.1497317713639,-0.778817642751578,0.747005842933742,2.58730272361839,0.459719892967647,0.858985291339838
"PTI98_000762",3.61908521947641,-1.15936746468536,1.08357502316263,2.58315450904028,0.460450435492405,0.859936080536851
"PTI98_005151",4.48071957460679,1.18635445878968,0.970071920873729,2.58057221213909,0.460905673342984,0.859963719430998
"PTI98_009690",5.07945897402544,1.07315155437077,0.876449231182841,2.58055545192681,0.460908629207797,0.859963719430998
"PTI98_007001",3.35297932029498,-1.19158013514655,1.21856088180251,2.5791478704941,0.461156927248878,0.860013327306921
"PTI98_007799",5.3303706512062,0.687353479230455,0.879320841153314,2.57460333037367,0.46195931689181,0.861095718511933
"PTI98_005200",4.48496098621678,1.10512693121871,0.943990623832056,2.57187788502973,0.462441060149591,0.861220647242636
"PTI98_007035",4.23836247079273,1.20348249306747,1.07533665845836,2.57171207618919,0.46247038107925,0.861220647242636
"PTI98_006015",4.95989147335505,0.0439935970396552,0.872161165887567,2.56304810248539,0.464004548642874,0.863003023777078
"PTI98_010241",4.08075441687529,-0.410763868083471,0.993550740653385,2.56346394518637,0.463930820860902,0.863003023777078
"PTI98_011106",6.82110264118465,-0.224855467049672,0.971380546615926,2.56253829371666,0.464094949110334,0.863003023777078
"PTI98_001227",5.01571618381108,1.03825038207146,0.987666009635865,2.56072191762365,0.464417147335289,0.863188363446856
"PTI98_008589",8.90767865846965,-0.198724146367186,0.84104427975838,2.5540776234976,0.465597266694771,0.864960796280611
"PTI98_011758",12.4169888634515,-0.976800726547485,0.763373290998878,2.55264778457141,0.465851538245416,0.864960796280611
"PTI98_012758",9.88273511950352,-0.260315791042563,0.849677777664287,2.55159000097287,0.466039717511337,0.864960796280611
"PTI98_010004",8.49479911430907,-0.472858702693639,0.871696272077279,2.54657896571582,0.466932001260429,0.866202406929317
"PTI98_003370",8.94872719809386,1.18210753917565,0.769104999606053,2.54362032788804,0.467459465356399,0.866352253281162
"PTI98_011023",3.24137902949776,-0.271222265379385,1.12086261912693,2.54404170552944,0.467384313485595,0.866352253281162
"PTI98_004371",9.34378823576377,-0.873303658570846,0.774866519191514,2.54191923130556,0.467762950277234,0.866500708751381
"PTI98_010990",59.6051158920979,0.0918227904185472,0.536062064976351,2.54049022306467,0.468018014198292,0.866559368532303
"PTI98_008378",10.8019618793142,0.522006173204438,0.712101730757132,2.53828254979351,0.468412279459187,0.866875587796845
"PTI98_005313",9.62399432272381,0.210616742423261,0.737991653600629,2.53491791646771,0.469013672063301,0.867574646606364
"PTI98_000212",7.9947061020897,-0.269182955004,0.772653704454768,2.53331692123074,0.46930004822745,0.867690603943889
"PTI98_013332",3.44863894541214,-0.554185218094481,1.03188882919945,2.5302447112233,0.4698499749212,0.868293498198825
"PTI98_009100",4.42304394563715,-1.50115391757676,1.0110072175387,2.52883498747767,0.470102487051043,0.868346451081427
"PTI98_000761",15.1715110992465,-0.406226426005263,0.641802982060594,2.52411352468998,0.470948987449299,0.868772793801334
"PTI98_008328",9.36773876512425,-0.713053490598744,0.838457031342431,2.5238002094362,0.471005203754629,0.868772793801334
"PTI98_012469",22.8771477559563,-0.457827615858387,0.640792580359239,2.52389512387855,0.470988173255435,0.868772793801334
"PTI98_002745",61.5493601180427,0.112146681685591,0.685713759663023,2.51998908083925,0.471689437797369,0.869208232406649
"PTI98_002905",11.1283300627401,0.259449023185999,0.681931299505335,2.52046200480709,0.471604488249494,0.869208232406649
"PTI98_003665",3.98221930168806,-0.363721502578024,1.09388794351563,2.51858156587127,0.471942336097022,0.86926131135819
"PTI98_010695",3.35719222009532,0.570609495805797,1.25875348347369,2.51725388424749,0.472180988543684,0.869288113223043
"PTI98_005366",3.50093756834186,-0.627713269176445,1.16280429101947,2.5141980369237,0.47273064386196,0.86988717625263
"PTI98_001672",24.0898045699082,0.163009394307319,0.691769157527803,2.51225047906998,0.473081215148279,0.8701195038218
"PTI98_011999",3.64553755692515,0.301618319279485,1.03344878838543,2.50992743386378,0.473499645075123,0.870476361728152
"PTI98_003154",7.2303221843459,0.588316346367387,0.804823256104091,2.50452126161863,0.474474544241072,0.871442593329128
"PTI98_007561",3.6311088683445,-0.436598604367645,0.959543988626553,2.50562877299621,0.474274696841272,0.871442593329128
"PTI98_000589",4.54554466251056,-1.01569576826501,0.965490549015843,2.50160438466936,0.47500120488384,0.871584519273613
"PTI98_005077",22.6883863563575,-0.176655934572504,0.755333498842251,2.50201432852708,0.474927159062204,0.871584519273613
"PTI98_002763",10.7574322199379,-0.32878015898065,0.659219259030321,2.48077762925162,0.478775014730105,0.871679505702258
"PTI98_000364",4.96078328634654,-1.56766823964721,0.996167654508371,2.49084203901367,0.476948405720592,0.871679505702258
"PTI98_000590",7.2180589509018,-0.91061445074151,0.871876555015924,2.4887401420943,0.477329429138613,0.871679505702258
"PTI98_000764",4.19136415671826,1.16265170239086,0.933662919391472,2.48025542041929,0.478869941351008,0.871679505702258
"PTI98_001059",4.01012987934591,0.435111296773905,1.0155762070146,2.49789934333703,0.475670838666741,0.871679505702258
"PTI98_001650",4.0052244866416,0.55380306850145,0.959210573736213,2.4893139650402,0.477225385045812,0.871679505702258
"PTI98_001928",10.5866654375111,1.02226401837738,0.939820337092214,2.48502136066907,0.478004141874079,0.871679505702258
"PTI98_004839",12.9737625346392,-0.190384888616855,0.754961699364306,2.48324161156749,0.478327313958981,0.871679505702258
"PTI98_005246",5.93342868898828,1.38568097934848,0.921790147404932,2.48340498219935,0.478297641476393,0.871679505702258
"PTI98_005328",16.9763376909274,-0.533620032234841,0.623746970286866,2.48831894114932,0.47740581157008,0.871679505702258
"PTI98_005362",9.22968032941836,-0.0348788666706782,0.849507240503062,2.4828124958437,0.478405259763864,0.871679505702258
"PTI98_006171",6.77705707524134,-0.0339609011043419,0.803161876848346,2.48452793145394,0.478093722990444,0.871679505702258
"PTI98_006936",7.98859424358375,0.528285453039664,0.834494155728459,2.48023766014312,0.478873170057105,0.871679505702258
"PTI98_008598",28.9140965597285,-0.204998241296855,0.544922111766632,2.49002484376597,0.477096515118834,0.871679505702258
"PTI98_010168",8.24202493877685,-0.331860703713835,0.800715812693884,2.48480222139197,0.478043924554354,0.871679505702258
"PTI98_010649",3.90622960247147,0.5934487463219,1.02273912416271,2.48165926933462,0.478614784611886,0.871679505702258
"PTI98_012748",8.75256542395675,-0.56406373257759,0.826643014833388,2.48867150071085,0.477341876212657,0.871679505702258
"PTI98_000760",5.41570647321167,0.996440728313624,0.874978595868661,2.47769835069918,0.479334976611552,0.871688477454584
"PTI98_009118",62.6418713367337,-0.0341949264125438,0.519737720773022,2.47650425983147,0.479552258542944,0.871688477454584
"PTI98_013486",5.57286557777942,0.341213237716625,0.96958962761921,2.476575468504,0.479539298936342,0.871688477454584
"PTI98_002603",6.77317445621483,0.579988785282089,0.842550450397099,2.46819966114363,0.481065539148402,0.871701488098471
"PTI98_003233",3.88792484469699,-1.39811964798892,1.04568191603557,2.46865114375,0.480983172892038,0.871701488098471
"PTI98_000740",6.06301596151393,-1.42151940365784,0.900762332349617,2.46660142551465,0.481357202244631,0.871701488098471
"PTI98_001038",5.6670897540525,-0.467877166006258,0.888473008600174,2.46660767746821,0.481356061051363,0.871701488098471
"PTI98_001374",98.9531390885714,-0.244002059288469,0.478070184646759,2.47380186979323,0.480044282749499,0.871701488098471
"PTI98_008425",6.02502037199478,-0.656357594251375,0.816694859928627,2.46737441044389,0.481216122396352,0.871701488098471
"PTI98_010657",3.46607503392326,-0.130333319542526,1.09162369224265,2.47153804650529,0.480456762095086,0.871701488098471
"PTI98_011137",6.28890960495681,-0.925190910816301,0.904445799461592,2.47104324857391,0.480546953657053,0.871701488098471
"PTI98_002962",4.48058860949894,-0.715376121531647,1.05688015217172,2.46062591265976,0.482448905602557,0.87245655236938
"PTI98_003911",13.3667558060935,-0.478283201347828,0.679168810246517,2.46158224354612,0.482274057357379,0.87245655236938
"PTI98_000969",7.30599906268903,-0.765313971949444,0.892977732472338,2.46068080671333,0.482438867849706,0.87245655236938
"PTI98_001741",4.61549553671418,0.925388440577355,0.891695387599471,2.45473273874781,0.483527463964134,0.87399954926229
"PTI98_002731",5.28658074565569,-0.28724632095762,0.885540518383837,2.45154819299723,0.484111078477738,0.874525697305809
"PTI98_002835",5.92924109419163,-1.484664567848,0.947492017844062,2.4395930640023,0.486306942951179,0.874525697305809
"PTI98_002938",10.174398024984,-0.477701155881195,0.695189711184524,2.43835429915758,0.486534917355214,0.874525697305809
"PTI98_003008",6.3580823619563,0.439717943956249,0.861853547538254,2.4324943942574,0.487614466156686,0.874525697305809
"PTI98_001348",4.27258131644343,-0.6831263703913,1.01882345405883,2.43146084092545,0.487805067305683,0.874525697305809
"PTI98_004694",14.2665085864227,0.0794718433620761,0.72663535363901,2.43745765667786,0.486699981708823,0.874525697305809
"PTI98_005076",15.4139381883706,-0.402217858128244,0.657563663192096,2.4313288820898,0.487829406466603,0.874525697305809
"PTI98_005508",37.1966658342945,0.0348715196339811,1.31992726727412,2.44680842625428,0.484980729329476,0.874525697305809
"PTI98_007473",23.8881666012381,0.615802002504807,0.656850821640537,2.43826315922534,0.486551693458865,0.874525697305809
"PTI98_007493",4.71593869563793,0.926987480016788,0.971920695314188,2.44363630202031,0.485563430840169,0.874525697305809
"PTI98_007999",4.99125111602179,-0.922962960930269,0.894696344607696,2.43972548310575,0.486282578310156,0.874525697305809
"PTI98_006377",6.98763313014851,0.164348511069977,0.774893693399898,2.44218598361353,0.485830028200804,0.874525697305809
"PTI98_006712",3.46952158339448,-1.08627782941167,1.1095869572408,2.42754068848771,0.488528523356974,0.874525697305809
"PTI98_006730",6.62463019513184,-0.065760131583562,0.950028191578611,2.42644737032958,0.488730441769687,0.874525697305809
"PTI98_006864",26.6325063190431,-0.494815154608627,0.562537600319082,2.42618732868353,0.488778476864912,0.874525697305809
"PTI98_008956",7.04064740365729,0.783138159117884,0.854226333840218,2.44623959704002,0.485085179886677,0.874525697305809
"PTI98_009903",7.07664396199145,1.21336242854336,0.852428094575286,2.42888688436405,0.488279991618406,0.874525697305809
"PTI98_010158",40.6719879900147,0.640571440744411,0.604434763696069,2.43248765195628,0.487615709339849,0.874525697305809
"PTI98_010821",4.26627332114917,1.20192782755775,0.978406055097408,2.43323050377241,0.487478753014312,0.874525697305809
"PTI98_011240",5.69861375385908,-0.485689420571495,0.937542504244816,2.43089546963253,0.487909353923475,0.874525697305809
"PTI98_011367",3.18135093343704,-0.631937228864196,1.10353005301345,2.43884789533128,0.486444069070342,0.874525697305809
"PTI98_011524",6.09657587271287,-0.0833711818630252,0.81902022252642,2.42774952754209,0.488489961499428,0.874525697305809
"PTI98_006450",7.38421732651097,0.631810412415391,0.836089832945328,2.42488723981182,0.489018685355955,0.874552088748617
"PTI98_001083",15.2152685068804,-0.784946386491064,0.683332966939503,2.41971293378049,0.489975615795,0.874907801113449
"PTI98_006290",10.8746304621384,-0.493025271863025,0.870595963807287,2.41893405585435,0.490119786496397,0.874907801113449
"PTI98_009635",3.90287653431733,-0.833294276963196,1.04571639819062,2.42140606898785,0.489662329230284,0.874907801113449
"PTI98_009706",9.02244847370102,-1.14033713094498,0.90753691432957,2.42017661636264,0.489889803553853,0.874907801113449
"PTI98_012642",8.86578512419152,0.139858629770003,0.758548396815222,2.41571861430572,0.49071531504096,0.875567942522485
"PTI98_001446",9.3383124558022,-0.150807022279378,0.709826086325917,2.41231153695325,0.491346948802044,0.876291868691094
"PTI98_003119",4.46820534726546,0.936832788263092,1.06326139459143,2.40861416583304,0.49203311287373,0.877112336781802
"PTI98_012546",5.49528122431135,0.112481473888416,1.02808454638131,2.40654116458274,0.492418148517625,0.877395497519462
"PTI98_001208",26.4907921984856,-0.680424859915055,0.58082673353314,2.39489608052911,0.49458542288643,0.877478356637305
"PTI98_001560",5.94711007313286,-0.180813348587323,0.848374557161327,2.4012430603833,0.493403269358836,0.877478356637305
"PTI98_004964",6.23851978680332,-0.95123865332893,0.89381106034606,2.4044704451366,0.492802993283027,0.877478356637305
"PTI98_007700",6.32893251459814,0.25202086477906,0.901841186897746,2.39857827206351,0.493899331792942,0.877478356637305
"PTI98_007737",7.75369310084829,0.0512786817391784,0.874407743501105,2.39732349280823,0.494133048155934,0.877478356637305
"PTI98_006333",5.26232129938179,0.142758150343287,0.898509381566685,2.39413793847648,0.494726776479965,0.877478356637305
"PTI98_009291",4.47290795260566,0.257075792968836,1.01051908484679,2.40107071504747,0.493435340563681,0.877478356637305
"PTI98_010105",4.18188904694059,-1.42365289823679,0.969768047878947,2.39477035588802,0.49460886175702,0.877478356637305
"PTI98_010950",16.284088715461,-0.561591474099794,0.66212170291094,2.39584944662622,0.494407714576542,0.877478356637305
"PTI98_012813",8.97891533459831,-1.52398142721993,1.0117753351989,2.39670208192157,0.49424882438109,0.877478356637305
"PTI98_003285",7.55463875116149,-0.432064922171934,0.885240429371113,2.38764697657922,0.495938276550713,0.878021257298136
"PTI98_003559",4.07535533094601,-0.581097017071577,1.00002923055729,2.38780039878306,0.495909614800571,0.878021257298136
"PTI98_001376",3.5732529386354,0.701428724620985,1.05946492902708,2.38863077015801,0.495754510166182,0.878021257298136
"PTI98_001825",10.8090819756714,0.707241190352043,0.704144569648472,2.38967507479141,0.495559498191671,0.878021257298136
"PTI98_001367",371.449803553921,0.190309407030373,0.521509727863254,2.38230399154583,0.496937229733838,0.87879128681268
"PTI98_006545",3.19704893722653,-0.711691505216126,1.13004312624791,2.38290537646212,0.49682471418082,0.87879128681268
"PTI98_006760",19.7335738422561,-0.584664272576726,0.655547000754182,2.38168601391291,0.497052870138443,0.87879128681268
"PTI98_004076",14.1474668330644,0.575604456959972,0.753281714445754,2.37922561704309,0.497513482809704,0.878842541551508
"PTI98_005404",8.37761257251351,-0.489960676844813,0.866890130936733,2.37911078449201,0.497534988720575,0.878842541551508
"PTI98_004322",4.70068009790634,0.148163169429338,1.01672735275893,2.37688038843967,0.497952840633483,0.879180277113009
"PTI98_001333",7.9931239452767,0.781548495752663,0.730138292827277,2.37505371864697,0.49829525787897,0.879204006268319
"PTI98_006430",4.96187413779415,-0.763906338102501,0.921157211202156,2.37439066386814,0.498419595200833,0.879204006268319
"PTI98_004448",12.3982839997797,-0.832173419921449,0.761626824614423,2.37300609856065,0.498679308520587,0.879262289886981
"PTI98_010036",5.34538085320235,0.267129044505374,0.908940287061117,2.37156459061269,0.498949813555174,0.879339539654939
"PTI98_002945",3.75907764557571,-0.377639618834995,1.10411832943387,2.36500953798914,0.500181319219015,0.880998951558154
"PTI98_005984",10.2779518493676,0.731984668837065,0.806207470065386,2.36292863859006,0.500572747933532,0.880998951558154
"PTI98_006414",7.78120100709615,0.667286596876616,0.867448158051673,2.36294168211047,0.500570293643182,0.880998951558154
"PTI98_001216",4.76887284201117,-0.0922357231106709,1.01090822469638,2.36144656182528,0.500851678068503,0.881090094887856
"PTI98_000829",4.35346563659719,1.05222262612911,1.04599696030619,2.35968192010935,0.501183943000358,0.881165572875669
"PTI98_006278",3.76551670109333,0.85623324973694,1.00309246849558,2.35880612568578,0.501348909341738,0.881165572875669
"PTI98_004484",4.92629059759466,-0.428475539310592,1.00213034677483,2.35115255407366,0.502792321943707,0.883302272110345
"PTI98_005098",19.3237380970865,-0.564224718440209,0.705379576087794,2.34780546759666,0.503424558927789,0.883671334240607
"PTI98_011667",99.8973415213412,0.0567901500177789,0.579481559459085,2.34668156071729,0.5036369919443,0.883671334240607
"PTI98_012082",3.33394915955736,-1.32417904412047,1.09298793894707,2.34642324718241,0.50368582624542,0.883671334240607
"PTI98_000110",22.7060125955763,1.0404165398234,0.721322200401157,2.33405001879215,0.506029229496347,0.887381275414253
"PTI98_011686",3.87849168678645,-0.336685711600591,1.14418407917761,2.33183503387096,0.50644960831554,0.887717139925884
"PTI98_012499",3.51769439634801,-1.38346493514836,1.18802262706722,2.32879725321597,0.507026576913557,0.88832705142172
"PTI98_005217",6.4954819933809,1.25324100677924,0.8685718445288,2.32711400146957,0.507346493934117,0.888486252808325
"PTI98_003458",5.20063552876388,0.861479708834951,0.873810261037032,2.31867446157236,0.508952819109116,0.888734144710913
"PTI98_001027",4.06392138620008,0.465169775071916,1.00096220305189,2.31418803655082,0.509808306333514,0.888734144710913
"PTI98_001095",4.02504959895707,-0.866990071265266,0.95697309007926,2.30883225902363,0.510830992635102,0.888734144710913
"PTI98_001212",5.75297856537575,-0.263238801678581,0.853371474690751,2.30855125992217,0.510884692343526,0.888734144710913
"PTI98_001294",3.88677614300528,-1.01446242015097,1.0642592868527,2.32458331269476,0.507827762958529,0.888734144710913
"PTI98_001675",7.5775073298099,0.480673470037987,0.800588490388209,2.3186196598175,0.508963262319873,0.888734144710913
"PTI98_004505",5.36573342767537,1.23314234900082,0.914320487968236,2.31186638855425,0.510251434475409,0.888734144710913
"PTI98_004764",8.51083996204601,0.717531430614673,0.716158634328607,2.31135660571789,0.510348774766185,0.888734144710913
"PTI98_006424",11.0600214125249,0.326339570471459,0.973679719416666,2.31964922425377,0.508767092173775,0.888734144710913
"PTI98_006597",9.27411908330017,-0.212801085186004,0.761039153805988,2.31688386103787,0.509294126310578,0.888734144710913
"PTI98_008832",6.03705028116936,-0.973192945984131,0.999138707522174,2.31097990371906,0.510420713031681,0.888734144710913
"PTI98_010774",4.19542642508851,-1.48480888086851,1.15529759952745,2.31228683045622,0.510171163948962,0.888734144710913
"PTI98_012716",5.11270630741238,-0.736809561063185,1.06756794745789,2.31507835607906,0.509638450353564,0.888734144710913
"PTI98_012725",66.0978984435874,0.0572928316633551,0.536921616912876,2.31422478641379,0.50980129431105,0.888734144710913
"PTI98_012825",22.9065315419349,0.704519299319426,0.569546027425277,2.30834161081374,0.510924759655926,0.888734144710913
"PTI98_003188",12.0065028198436,1.07381715830898,0.700376937079968,2.30698712023529,0.511183681937798,0.888785971419417
"PTI98_000380",7.36708880787062,-1.02620083744048,0.897724929240886,2.29879561759313,0.512751673940303,0.890315014867698
"PTI98_001322",3.81500662090341,-0.276534918619515,0.928827839522268,2.30033280766115,0.512457152862292,0.890315014867698
"PTI98_013578",4.8169065665531,-0.0315701144573899,0.978374627664737,2.29943711198705,0.512628749954946,0.890315014867698
"PTI98_003461",19.1067609828758,0.654367092526478,0.730971476685451,2.29396436999176,0.513678159495303,0.890343160398765
"PTI98_005161",41.744374190296,0.0619418472488393,0.660711375043659,2.29009887409966,0.51442035315036,0.890343160398765
"PTI98_006204",12.5724728124048,-0.841478983680353,0.713913132038332,2.28794818941148,0.51483364495345,0.890343160398765
"PTI98_008526",40.3760456341272,-0.110941296695915,0.538313737223167,2.28963589653451,0.514509301274439,0.890343160398765
"PTI98_008534",5.83346846158308,-1.01156108862529,1.02502768393418,2.29716515933363,0.51306420472914,0.890343160398765
"PTI98_009772",5.81371467036282,1.04325211152827,0.918149651591442,2.29148074462727,0.514154934550315,0.890343160398765
"PTI98_011690",86.0881767751181,-0.401104505856161,0.535789804432491,2.28907846155927,0.514616412123678,0.890343160398765
"PTI98_011971",7.83086081628085,0.731998059614248,0.802743653168108,2.29188404699599,0.514077490948477,0.890343160398765
"PTI98_012397",4.98072021898102,-0.137394589232213,1.03943481757712,2.29007960429276,0.51442405507072,0.890343160398765
"PTI98_004352",11.5481029384806,0.52475451249718,0.836841910532966,2.28538852906665,0.51532585476911,0.890797232909704
"PTI98_000931",5.24307185355061,1.43695943648485,0.958524048387553,2.28180732524665,0.51601509708293,0.89079775771459
"PTI98_001547",40.9543709374658,-0.58968450980828,0.495404361745009,2.28369633158553,0.515651450451996,0.89079775771459
"PTI98_011713",12.3240503559459,0.0418689782381908,0.892591350957398,2.28230187874327,0.515919873504541,0.89079775771459
"PTI98_002604",6.34338917099841,0.382277696307737,0.825847960522009,2.2700120686265,0.518290128593646,0.891275433258173
"PTI98_003312",7.87916919729783,0.199350337214292,1.01533130283649,2.26935173625429,0.518417713702591,0.891275433258173
"PTI98_001237",5.37869511168773,-0.375115343018519,0.871868425091901,2.26846285132613,0.518589495453389,0.891275433258173
"PTI98_001243",6.81360289168021,0.0427172909867515,0.88280191893789,2.27514683908436,0.517298825935677,0.891275433258173
"PTI98_007771",47.1134792783864,0.287027681982217,0.616976880432989,2.27560653804379,0.517210147409094,0.891275433258173
"PTI98_005783",3.81691048594467,0.662548983060155,0.997950835823735,2.27733470418926,0.516876876605677,0.891275433258173
"PTI98_006620",4.32426802338736,0.215474076510688,1.07320689841598,2.2725157254099,0.517806602443463,0.891275433258173
"PTI98_008696",5.22816531920194,0.193699024820554,0.951881779186034,2.27458835802063,0.517406575459076,0.891275433258173
"PTI98_010454",18.2851488050689,-0.535162084317101,0.66344528647968,2.2693569309714,0.518416709921314,0.891275433258173
"PTI98_010856",6.81845044293652,-0.876797728831697,1.05896487225178,2.26947264358363,0.518394351015612,0.891275433258173
"PTI98_009761",5.66739889975954,-0.326248968209831,0.827453472732372,2.26482290213782,0.519293380412909,0.892089912587101
"PTI98_002652",13.3836630794209,-0.678361848813575,0.725166743706731,2.25534001474848,0.52113052027028,0.893267913446052
"PTI98_003069",9.61922204045519,0.242061726640021,0.720667088184819,2.25979208144739,0.52026740715782,0.893267913446052
"PTI98_003956",8.45773147003428,0.506206984378867,0.773324237069022,2.25713597224508,0.520782212857088,0.893267913446052
"PTI98_001952",5.85449942009832,-1.02081655877892,0.860579476687327,2.25776561388204,0.520660141593527,0.893267913446052
"PTI98_007426",4.95332724867644,0.137393697523136,0.881185798636086,2.25537658287577,0.521123426522762,0.893267913446052
"PTI98_006989",3.76666290773657,0.173403856120753,0.975478040310253,2.25238512833486,0.521703968914855,0.893461234181334
"PTI98_008416",4.08827161563834,-1.14660425733263,0.993606131311029,2.25331382866745,0.521523687189426,0.893461234181334
"PTI98_003067",7.70828964301607,1.1008130007013,0.844258488430098,2.24329708733114,0.523470619334236,0.896091144041263
"PTI98_004934",8.29911262843801,-0.361926045850953,0.85651084849821,2.24049564126936,0.524016098897391,0.896233883431648
"PTI98_007708",3.67330600529162,1.43735062745494,1.08260709466895,2.24095749854755,0.523926139881219,0.896233883431648
"PTI98_005329",4.14249124997199,1.62793242958187,1.15457820998573,2.23503188951578,0.525081183001758,0.89726427703252
"PTI98_006185",4.21406669358362,0.5144953256384,0.935120670388397,2.23526054586565,0.525036577290649,0.89726427703252
"PTI98_001167",12.0015377082019,-0.24210131435819,0.656695793030981,2.23124917886298,0.525819513662411,0.898130292160498
"PTI98_002550",4.84470818085791,-0.264585906383829,0.891655202016706,2.22915280586944,0.526229027546186,0.898131526763836
"PTI98_011714",8.63900531260064,-0.358537504260372,0.795784406366446,2.22887501435322,0.526283310217633,0.898131526763836
"PTI98_007250",7.68372819810803,-0.220783509747778,0.872220817700098,2.2259644324855,0.526852311001332,0.898169226828887
"PTI98_007833",6.29164785853492,0.422419379269952,0.992906106416755,2.22520913625287,0.527000041315429,0.898169226828887
"PTI98_008626",7.3389690081259,-0.12136750146411,0.794138803413145,2.22692085268302,0.526665286423534,0.898169226828887
"PTI98_003329",45.2710276860199,0.195491657184237,0.580209000899732,2.2219339902468,0.527640990873068,0.898454929971603
"PTI98_006365",8.11440337221064,1.2290940355502,0.83071829546258,2.22120514088405,0.52778370603046,0.898454929971603
"PTI98_012844",27.0547370788837,0.0145289964866111,0.546601360970677,2.22080260626994,0.527862538129745,0.898454929971603
"PTI98_000978",4.81250418338629,0.407366081930473,0.974939265844613,2.21855917749882,0.528302049423182,0.898808618294966
"PTI98_007474",80.1753669960886,0.447359950702018,0.510984529329886,2.21669406955991,0.528667649893301,0.899036305978129
"PTI98_003277",17.7193703542795,0.181090005619044,0.592371835058194,2.21230288537755,0.52952915363577,0.899208478866062
"PTI98_003784",5.21779469173247,-0.808821593146737,1.20826961603551,2.21145228587217,0.529696152154924,0.899208478866062
"PTI98_005117",7.35683185804871,-0.845931222663267,0.786988165222234,2.21177793631202,0.529632212485032,0.899208478866062
"PTI98_012545",104.528577047478,0.756402748532251,0.612667612937973,2.21238379505988,0.529513270634409,0.899208478866062
"PTI98_007072",4.74314133017912,0.567714911699334,0.925573087199959,2.20870376558639,0.530236036166754,0.899347979009332
"PTI98_010859",3.36196877229754,-0.65270116515044,1.1355546609355,2.20867327127277,0.530242028356366,0.899347979009332
"PTI98_001188",12.2357500465471,0.595110685325698,0.701731409823717,2.20592028518786,0.530783201252658,0.899381087226067
"PTI98_001392",3.18881017222228,0.123749309037095,1.08836494194212,2.20577333678495,0.530812099337489,0.899381087226067
"PTI98_011368",4.83844727765726,1.58335042609572,1.03629301757148,2.20385739449232,0.531188984489538,0.899381087226067
"PTI98_012483",4.67015606841301,-0.876076837665193,0.907513642669947,2.20392088223828,0.531176492649893,0.899381087226067
"PTI98_001903",4.48259218240226,-0.980036280583831,0.976131831964725,2.20062729700329,0.531824823831398,0.900064786929315
"PTI98_011273",8.15607064930823,-0.568378238934926,0.852397269292691,2.19932746297584,0.532080852180777,0.900105375320207
"PTI98_000390",7.69991820380492,-0.233682087526726,0.750807116361633,2.19430132652116,0.533071704261223,0.900308712093151
"PTI98_000819",24.6645705265181,-0.283919668622093,0.546449413891045,2.19633539232564,0.532670545305309,0.900308712093151
"PTI98_004698",18.718621413862,-0.913644846493112,0.626055794406859,2.19400865349259,0.53312944358803,0.900308712093151
"PTI98_011097",9.04808560786318,-0.656321387258178,0.807516348872348,2.19607601319166,0.532721687763666,0.900308712093151
"PTI98_008075",43.9541996992562,-0.709240809220625,0.500805270954774,2.19173658218389,0.533577840366923,0.900673821924845
"PTI98_006452",4.2866061345391,1.44849466947158,1.07869283707375,2.19042229332914,0.533837343793585,0.900719902816579
"PTI98_001759",30.7970125387119,0.0404579528847373,0.529263241834633,2.18820538842122,0.534275276800573,0.900799290484995
"PTI98_006252",3.15189158137952,-0.296250944922899,1.04532886463129,2.18551950108279,0.534806207014536,0.900799290484995
"PTI98_009911",3.98605561838457,-1.15031494539741,1.00120889581448,2.18342291184672,0.535220917180964,0.900799290484995
"PTI98_010031",28.5812434964464,-0.91131820067638,0.705074047505266,2.18241872501055,0.535419631127003,0.900799290484995
"PTI98_010807",86.7624599026452,-0.145313525268621,0.481557508451885,2.1856793465156,0.534774598892261,0.900799290484995
"PTI98_011135",11.395201093675,-0.878954654449693,0.705070240278853,2.18037647328106,0.535823929767785,0.900799290484995
"PTI98_011924",5.92520355133515,-0.748457622446305,0.98541874720762,2.17993339637961,0.535911673928817,0.900799290484995
"PTI98_012698",5.13075695238465,-0.418827996072399,0.93158044505878,2.1796166001303,0.535974416715485,0.900799290484995
"rRNA_CM057210.1_2109433",105.67063065156,-1.83881342394131,1.48168053759799,2.18459002622308,0.534990030189401,0.900799290484995
"PTI98_004031",8.71638608331442,-0.210212634866359,0.776787462809112,2.17550601747584,0.536789021969187,0.901777659687516
"PTI98_006176",23.6789640688253,0.0771461255331507,0.55592124177302,2.17404281488012,0.537079207244126,0.90187456489176
"PTI98_006077",3.15942777120728,-1.10500189375589,1.06811034825958,2.17205571548831,0.537473476386032,0.902146090394382
"PTI98_000822",6.63802081602819,0.708945546600158,0.851049289566123,2.16962426237109,0.537956199344678,0.902428013776592
"PTI98_006032",8.47340301117479,-0.131765504040755,0.8264184736111,2.16792154069245,0.538294433699081,0.902428013776592
"PTI98_011778",14.0671073120549,0.643215950507354,0.704819923321937,2.1676953735645,0.538339371971909,0.902428013776592
"PTI98_001148",6.85202314422137,-0.321354594477908,0.862801575645513,2.16451950076159,0.538970691034368,0.903011385946522
"PTI98_001195",7.53549966384861,-0.889746935636474,0.817406452206631,2.16114547252711,0.539641991743901,0.903011385946522
"PTI98_006593",4.66465838122855,-0.220260660609436,1.07082045095473,2.16132265935385,0.539606723293051,0.903011385946522
"PTI98_009684",10.7817963014112,-0.596982366956114,0.800765889357318,2.16326688747932,0.539219841412712,0.903011385946522
"PTI98_012192",5.76421647487278,0.655350692269795,0.929054886459013,2.16009381884898,0.539851354475376,0.903011385946522
"PTI98_001431",3.7145242749637,0.0580694697573828,0.988098143199791,2.15853956357558,0.5401608831748,0.90313968354959
"PTI98_003763",3.28969184903461,0.538408712791131,0.985070458969581,2.1531806241526,0.541229101713107,0.903368195157119
"PTI98_006932",9.3683339666777,-0.667378493586176,0.774280993258257,2.15384749602083,0.541096087918838,0.903368195157119
"PTI98_008509",6.45972051236608,-1.14423964200907,1.01706356768856,2.1538061668671,0.541104330712263,0.903368195157119
"PTI98_013294",5.53521551121683,0.770311459531046,1.06812017397667,2.15350087594632,0.541165221550422,0.903368195157119
"PTI98_000914",4.16320761758849,1.58016637044919,1.11489654770503,2.14812265731234,0.542238733444797,0.90355013208901
"PTI98_001063",6.64034436065635,-1.19147315509895,0.848218529510832,2.15072213759797,0.541719674916308,0.90355013208901
"PTI98_001844",22.5997795740267,0.115740502459497,0.633599132858165,2.14680102055395,0.542502773301187,0.90355013208901
"PTI98_005381",5.38021827213761,0.516789045554184,0.886271135694747,2.14702669798086,0.542457680306746,0.90355013208901
"PTI98_006737",5.92979208388109,-0.182365537281244,0.889039259311277,2.1486953967717,0.542124339098097,0.90355013208901
"PTI98_011389",9.5010712468363,-0.514134147040635,0.781714097984627,2.14367962358902,0.543126743749345,0.903813229945821
"PTI98_011894",9.82099250690715,-0.293449173529544,0.741637586425351,2.14475949620895,0.542910817291669,0.903813229945821
"PTI98_011492",10.3978985364269,0.854685007346546,0.737478584701215,2.13820346052466,0.544222690043638,0.90524863408202
"PTI98_005470",8.36192690273391,-0.684690958373963,0.72088881848184,2.13585116285189,0.544693947020146,0.905644157947341
"PTI98_005988",13.7381435102074,0.215794549249488,0.77406326525255,2.1325564998031,0.545354492214418,0.906353931148127
"PTI98_004875",8.51461839162181,-0.782766003428153,0.749037566414291,2.13107032786992,0.545652643244234,0.906461072010442
"PTI98_003183",3.60637817599771,-1.46155742523875,1.07861531648416,2.11910531182309,0.548057309062964,0.907593049685691
"PTI98_003757",6.32097263488624,-0.238437929727679,0.816167714615723,2.10974705249962,0.549943386529762,0.907593049685691
"PTI98_004030",25.6954974419111,-0.733598759445372,0.749818255880973,2.11520353669616,0.548843113209977,0.907593049685691
"PTI98_000769",6.73444596430782,-0.166467733076041,0.927067477342866,2.12040229391283,0.547796280480341,0.907593049685691
"PTI98_001252",3.93891076418771,1.21405974099974,1.09506655245074,2.12031761701399,0.547813319691808,0.907593049685691
"PTI98_001359",7.78844740745674,-0.806483673939697,0.924589501627159,2.11554310979999,0.54877469221571,0.907593049685691
"PTI98_001504",4.21300500233731,-0.610716333821602,0.935704936458262,2.11032466039921,0.5498268399205,0.907593049685691
"PTI98_001727",4.42467561017891,1.06932809661965,1.07003683167264,2.10587537031264,0.550725050727302,0.907593049685691
"PTI98_004683",5.41660710000083,-0.0518305167443753,0.980411567799033,2.111802051366,0.549528820508269,0.907593049685691
"PTI98_004877",10.1652913664406,-1.02225824534743,0.769242451168397,2.11294378769026,0.549298588751476,0.907593049685691
"PTI98_007461",6.427237626645,-0.58618903704014,0.875783151924647,2.10385751449672,0.551132756184946,0.907593049685691
"PTI98_007659",9.5912727788053,-0.0217715783992491,0.796897023521854,2.10827752161529,0.55023998037714,0.907593049685691
"PTI98_006234",4.19453534379768,0.602915420732872,0.997950552236054,2.10328958568352,0.55124754448556,0.907593049685691
"PTI98_006458",21.7722879533391,-0.369642671311534,0.732354150182064,2.12085601681893,0.547704986032864,0.907593049685691
"PTI98_008437",7.12280745939672,-1.33013951886863,1.02919234442038,2.10641808388064,0.550615432921224,0.907593049685691
"PTI98_009711",23.4748616005446,-0.469861570921401,0.63599442700346,2.121859894021,0.547503032893783,0.907593049685691
"PTI98_010012",9.27695316635126,0.669780561631413,0.75740161255492,2.12184749636113,0.547505526643279,0.907593049685691
"PTI98_011055",10.5626387428073,0.732913297214534,0.752228027711374,2.10956703717167,0.549979712671676,0.907593049685691
"PTI98_012509",3.14110941175986,-0.467072178223646,1.13830336984758,2.11673246354798,0.54853509619576,0.907593049685691
"PTI98_012793",6.18611820440515,1.03291935780567,0.892816753004803,2.11092158616869,0.549706414061876,0.907593049685691
"rRNA_CM057210.1_2084240",74.949240271343,-1.04737564692622,1.44814745722372,2.10354325012487,0.551196272372541,0.907593049685691
"PTI98_001507",5.32880733548379,0.0213765745572673,0.919895211084019,2.10112778597033,0.55168463825311,0.90792732786755
"PTI98_005976",4.6591474468947,0.78357560960115,1.03186004639802,2.09882230249124,0.552151056310582,0.908309562098706
"PTI98_012867",10.6006350889232,0.624080972847187,0.819524229301846,2.09765644613071,0.55238702573673,0.908312536173284
"PTI98_001915",7.21621549413105,0.222039793997236,0.799321063634394,2.09525348800175,0.552873611750476,0.908727432194956
"PTI98_002712",19.1067271056102,0.829069376385446,0.734679363836798,2.08423746756465,0.555108207297006,0.909317878422756
"PTI98_004121",8.05058451174228,0.681475924244543,0.768130641441777,2.08846065273268,0.554250777212303,0.909317878422756
"PTI98_001824",4.51819074117627,-0.254758988425258,1.14471364503104,2.08526320588495,0.554899865748344,0.909317878422756
"PTI98_005041",5.57885025745352,-0.378447229220983,0.98289463131472,2.09104752781208,0.553726031650286,0.909317878422756
"PTI98_007715",6.37532386905907,-0.997737755797108,0.918721391563779,2.08457818523036,0.555038996690278,0.909317878422756
"PTI98_007073",10.7835923240147,-0.758134520849933,0.761122147533792,2.09014473438252,0.55390912237519,0.909317878422756
"PTI98_009088",14.7176655652305,0.708721696420702,0.705384541717624,2.08614121513055,0.554721574172086,0.909317878422756
"PTI98_009944",6.67396997396915,0.907973587549611,0.885887972709657,2.08599620114165,0.554751018402289,0.909317878422756
"PTI98_002710",9.82755133422456,-1.07219468341385,0.83229718480084,2.07091311935979,0.557819613132912,0.909606491115269
"PTI98_003243",273.085286149755,-0.596185162131851,0.635355167631485,2.07844715957867,0.556285340790486,0.909606491115269
"PTI98_003469",5.82760333648834,0.60987755840249,0.974857174009433,2.07212705433542,0.557572198608104,0.909606491115269
"PTI98_000281",4.6257805775764,-0.55299071726952,0.978836103532257,2.08221594263739,0.555518969523328,0.909606491115269
"PTI98_000367",6.06554957971626,-0.882489274703759,0.781218224184719,2.07585034522158,0.556813831847138,0.909606491115269
"PTI98_001081",4.42981393211714,0.234560998221983,0.978415338093738,2.07745378224832,0.556487466098182,0.909606491115269
"PTI98_001996",7.70648658210196,0.85418558063413,0.784892310810477,2.07069615230801,0.55786384180542,0.909606491115269
"PTI98_004648",5.17586757620303,-0.713446696590454,1.0289298353593,2.0725825361863,0.557479385979767,0.909606491115269
"PTI98_007905",5.89200044876917,-0.720268986700415,0.958585919855302,2.07562601680601,0.55685950277371,0.909606491115269
"PTI98_006449",71.0460307597508,0.279216265662214,0.608470432364987,2.07182583068283,0.557633584359331,0.909606491115269
"PTI98_012203",12.7226181763687,0.633065874515314,0.651011570984417,2.07144888303652,0.557710408486047,0.909606491115269
"PTI98_005215",4.0923425718624,-1.42183733025535,0.983251640279128,2.06854514909594,0.558302457412561,0.909778440128177
"PTI98_007336",5.65129796031168,0.330722933828946,0.844301639852617,2.06787882998356,0.55843837740273,0.909778440128177
"PTI98_008599",6.6169435442658,0.30119663068568,0.845815830516805,2.06463916956746,0.559099557061345,0.910473208161611
"PTI98_002559",3.34571088330978,-0.784280156284283,1.09656844431452,2.06315219388929,0.559403217732153,0.910585430794385
"PTI98_011716",19.0510806288259,-0.706925780525559,0.630895377386027,2.0619699170493,0.559644737793772,0.910596450462266
"PTI98_006631",4.87388631620274,0.424517795626522,1.08581252878127,2.05985184892565,0.560077608782504,0.910918676925506
"PTI98_001718",4.89616781919007,-1.24206289449149,1.02836722309305,2.05863347013631,0.560326716564875,0.910941883300565
"PTI98_002356",4.94722540918271,1.21769776125932,1.03778588598294,2.02074226536897,0.568112750789333,0.911085506762905
"PTI98_002434",14.9842760470198,-0.703114045462747,0.646005730682229,2.03633930064855,0.564898707618402,0.911085506762905
"PTI98_002531",3.12959066758219,1.16597417193387,1.09520365819252,2.0481497968636,0.562473414826728,0.911085506762905
"PTI98_002654",9.32374554539303,0.281619790631914,0.832775593809564,2.02709560141108,0.566802000402872,0.911085506762905
"PTI98_002768",8.85911685683065,-0.454592665657244,0.913176418402759,2.0150508387281,0.569288730838521,0.911085506762905
"PTI98_002826",5.69531588114113,0.271942314117019,0.907523986033407,1.99506499465553,0.573431614921842,0.911085506762905
"PTI98_003088",3.43373534691163,-0.453819485825304,1.00412470665398,2.03204410273809,0.565782540287409,0.911085506762905
"PTI98_003101",3.5980951296053,-0.252133050743971,0.922272923226293,1.99372256249193,0.573710631984053,0.911085506762905
"PTI98_003125",9.35482854258307,-0.614090225106849,0.795951644589767,2.04889861620435,0.562319890822609,0.911085506762905
"PTI98_003242",10.2010899855499,-1.04793403603896,0.749515787131628,2.04311512397091,0.563506394221936,0.911085506762905
"PTI98_003260",4.63611777130095,0.696206727197033,0.976165162884701,2.00580821494592,0.571202063344751,0.911085506762905
"PTI98_003296",6.41918313877654,1.06125939961257,0.865238590510092,2.05062825092223,0.561965391137775,0.911085506762905
"PTI98_003618",13.0477346322028,0.397169631435147,0.694172220897331,2.00183686936013,0.572025542900776,0.911085506762905
"PTI98_003708",6.8509774108971,0.1754956494034,0.779199940465549,2.03875080657362,0.564402909679702,0.911085506762905
"PTI98_003893",5.33105801386289,0.907317701608149,0.900717342326136,1.99316707808919,0.573826113639545,0.911085506762905
"PTI98_000101",15.4082092765896,-0.703096732406883,0.866092850099623,2.00243405906771,0.571901660128158,0.911085506762905
"PTI98_000396",28.0653349331932,-0.858319169647822,0.662533971586756,2.02207527916134,0.567837563454452,0.911085506762905
"PTI98_000884",3.64671644507023,-0.424470493455649,1.0393971205818,1.9988845917355,0.572638243912641,0.911085506762905
"PTI98_000905",4.40646230113026,0.535562825477578,0.979778583784971,2.04580407944028,0.562954527541606,0.911085506762905
"PTI98_000955",40.9053605700191,0.232793823592592,0.55227364505105,2.01573014058847,0.569148282700015,0.911085506762905
"PTI98_001054",9.26686805019929,-0.244945621818411,0.811905356110766,1.99283539058159,0.57389507697293,0.911085506762905
"PTI98_001203",14.3106765532523,0.072745903159821,0.689840815927339,1.99508262516875,0.573427951138946,0.911085506762905
"PTI98_001539",10.2235796447034,-0.659038813708087,0.822942935822854,2.03791084480959,0.564575568593055,0.911085506762905
"PTI98_001590",39.8682215839926,-0.739488697366981,0.597004317153084,2.02943230272962,0.566320447972889,0.911085506762905
"PTI98_001688",4.39952132358315,-0.573019753474484,0.971338250051533,2.02029700369755,0.56820469124492,0.911085506762905
"PTI98_001744",5.8023037207772,-0.998088754852357,0.875082765283777,1.99526703569349,0.573389629900275,0.911085506762905
"PTI98_001954",32.2686959226469,-0.445681318543562,0.537564828079843,1.99123180120286,0.574228570158329,0.911085506762905
"PTI98_002083",7.50662347586714,-0.0312106827129072,0.798105971201111,2.01422026235583,0.569460488189292,0.911085506762905
"PTI98_005358",3.44077272430264,1.15550365874453,1.09286241819495,2.004253754507,0.571524291388473,0.911085506762905
"PTI98_007374",3.40754178625649,0.192562527462944,1.03572334860873,2.03415863167835,0.565347308247813,0.911085506762905
"PTI98_007431",31.9005027074437,0.371701924590949,0.62017583746608,2.01313753391189,0.569684442745998,0.911085506762905
"PTI98_007832",8.74468695547421,-0.471921130298106,0.750689902146757,1.99971237600603,0.572466404055298,0.911085506762905
"PTI98_007880",5.14985358599798,1.0750659956671,0.90011740527163,2.02768851608523,0.566679784268529,0.911085506762905
"PTI98_008101",5.55135097300195,-0.338690742366047,0.881553673831053,2.01407478221048,0.569490576156907,0.911085506762905
"PTI98_008145",4.00255640012646,-0.481965269123738,1.0141803424648,2.03408226729169,0.565363022207089,0.911085506762905
"PTI98_005801",8.28424234619247,0.493059818481943,0.779031165736776,2.03695496685729,0.5647720996697,0.911085506762905
"PTI98_005813",5.04133900254376,0.178986018609705,0.868214979170169,2.03132806327749,0.565929975186703,0.911085506762905
"PTI98_006065",5.07280175905865,-0.191684622181432,0.957605768069039,2.02878314572315,0.56645419902976,0.911085506762905
"PTI98_006142",4.68136885016124,1.34509683145765,1.06290070688875,2.05297071858531,0.561485537793415,0.911085506762905
"PTI98_006402",3.14443982841403,-0.729575540999299,1.07110572488833,1.99339800875246,0.573778102689976,0.911085506762905
"PTI98_006933",4.13269587191278,-0.779504156369784,0.967025163940697,1.9910193293515,0.574272767217144,0.911085506762905
"PTI98_007075",16.1343454809587,0.469784957314113,0.655235037282217,2.03399992019091,0.565379967607255,0.911085506762905
"PTI98_008842",22.5913561885176,0.619876446547633,0.636488323851167,2.05400506402218,0.561273744350219,0.911085506762905
"PTI98_009803",4.85344070934691,1.3945424464728,1.05444932798102,2.02394803923409,0.56745110750606,0.911085506762905
"PTI98_010159",3.45068314827409,-0.860607968614305,1.08081144606452,2.04143403589386,0.563851604173255,0.911085506762905
"PTI98_010904",5.02041593223968,1.23101180290553,0.976714787810887,2.0172732350986,0.568829331598411,0.911085506762905
"PTI98_011081",11.8006294896692,0.0136591971648278,0.763685097002053,2.03128071728034,0.565939724829244,0.911085506762905
"PTI98_011108",3.89162667779066,-0.882542471639011,1.03709763879917,2.03146088966533,0.565902623768122,0.911085506762905
"PTI98_011252",12.5137483676167,0.807979012833832,0.744807401133996,2.02049622615417,0.568163553249793,0.911085506762905
"PTI98_011366",3.89235688675537,1.35448146527232,1.09830924944883,1.99502844282199,0.573439210780548,0.911085506762905
"PTI98_011983",17.6878913964618,-0.355565109699808,0.632127772639059,2.00624918128894,0.571110677173492,0.911085506762905
"PTI98_012089",12.4211685688559,-0.0994123077884379,0.674150338765666,2.04906151129774,0.562286497735715,0.911085506762905
"PTI98_012160",3.95904507197882,0.419774503925575,1.01517748666699,2.02263878833604,0.567721260506863,0.911085506762905
"PTI98_012177",20.2722126847304,-0.34026292759093,0.592732368136389,2.03884939632124,0.564382646419231,0.911085506762905
"PTI98_012241",10.6635858862128,-0.0684329016573216,0.733641306142289,1.99688223345775,0.57305406072859,0.911085506762905
"PTI98_012671",7.59433836638257,0.0416046944063804,0.789746236404818,2.03524264687684,0.56512427681896,0.911085506762905
"PTI98_012684",21.22111898,0.0970587183976604,0.600113758534316,2.00586778116181,0.571189718210502,0.911085506762905
"PTI98_012763",5.8626907304425,-0.627684978870138,0.87456977439287,2.0233485713545,0.567574791601156,0.911085506762905
"PTI98_012802",18.158622499323,0.385735445093282,0.723790157655756,1.99803404961989,0.572814845098987,0.911085506762905
"PTI98_000246",7.40585280899874,-0.812999498955515,0.804721791421248,1.9853326194952,0.575456548807616,0.911383259142417
"PTI98_000510",9.82881721855061,0.275948639420718,0.768968762220934,1.98447504837756,0.575635211368631,0.911383259142417
"PTI98_001474",3.41333121100878,-0.147327217884828,0.976670412993139,1.98603959756755,0.575309288722191,0.911383259142417
"PTI98_011291",4.12870582469266,-0.779790776168158,1.05109500741212,1.98771628112134,0.574960147041476,0.911383259142417
"PTI98_013476",5.32983528044216,0.309434996728237,0.966494426717385,1.9858189646415,0.575355242711189,0.911383259142417
"PTI98_004920",5.06579387438817,0.252549283358669,1.01604072989478,1.98053274968194,0.576457021227238,0.911568196225217
"PTI98_005907",4.1535679055261,-0.0289846494801342,1.09839437708749,1.98115535688526,0.57632717942696,0.911568196225217
"PTI98_006319",3.78659619146208,-0.534917666103134,0.999747730828661,1.9826151046576,0.576022834389055,0.911568196225217
"PTI98_002679",7.0985242796279,-0.887567256261602,0.800515201317693,1.97421250946934,0.577776209708963,0.911748403110872
"PTI98_002747",3.9286492859924,0.644561496875928,0.959367416688716,1.97323097812886,0.577981264049918,0.911748403110872
"PTI98_003425",5.90207460052824,0.0170940278935843,0.870256740450402,1.97751472448557,0.577086699739745,0.911748403110872
"PTI98_001352",13.6984225054272,0.160784372968521,0.694350202781894,1.97611987874892,0.57737787809371,0.911748403110872
"PTI98_005237",5.71552311932947,-0.492234374332447,0.954773829469252,1.97467010246781,0.57768062969968,0.911748403110872
"rRNA_CM057210.1_2103625",70.0047565246825,-0.928591564941701,1.72843301865358,1.97685044233859,0.577225358173806,0.911748403110872
"PTI98_000847",6.90670864932088,-0.33795630660326,0.859089956802189,1.96250996375076,0.580224249274147,0.912244065282537
"PTI98_001215",76.1437039926919,-0.548832291583883,0.467847412958377,1.96161358031743,0.580412052878912,0.912244065282537
"PTI98_001778",15.9002969893051,0.316820470209354,0.651808300784283,1.96508163981451,0.579685679912305,0.912244065282537
"PTI98_005099",3.99135212559341,1.08485150330446,0.980278308998028,1.96392745449435,0.579927351384342,0.912244065282537
"PTI98_005419",5.44920632115785,-0.958156980483608,0.9232605667777,1.96771818811357,0.579133877752396,0.912244065282537
"PTI98_006201",19.5700736018742,0.324547188357924,0.58112215472,1.96197075447628,0.580337215453562,0.912244065282537
"PTI98_010771",3.29329195831121,-0.380251328730736,1.11239740108987,1.96480088262062,0.579744460533512,0.912244065282537
"PTI98_013090",6.0626951703926,0.04992167932702,1.0203783339522,1.96295452416464,0.580131123586903,0.912244065282537
"PTI98_013448",18.3409363060995,-0.401476799059033,0.995873954117455,1.96461651077145,0.579783063678528,0.912244065282537
"PTI98_003624",4.27219528397304,0.89931301840392,0.937139077889593,1.94976579893096,0.58289818537522,0.913234575016004
"PTI98_001236",5.04102818355727,1.01801761457346,0.909008491405817,1.95073764985273,0.58269398183377,0.913234575016004
"PTI98_004581",10.7058111002842,-0.79616962557101,0.731771643296424,1.95285058882105,0.582250181824023,0.913234575016004
"PTI98_004838",9.67893803687672,0.464354549250424,0.758790288232862,1.95473654899702,0.58185424943161,0.913234575016004
"PTI98_005543",34.01437022533,0.235457531813664,0.559779358683677,1.9546301678883,0.581876577887341,0.913234575016004
"PTI98_006226",3.55221861257223,0.847563456449226,1.20744006063021,1.95127963805604,0.582580121264172,0.913234575016004
"PTI98_010212",4.53421655811574,-0.936283774803684,1.017400687439,1.94963484679064,0.582925704495908,0.913234575016004
"PTI98_010226",3.63104464530094,0.843328900600788,1.0138446003095,1.95583718538688,0.581623269618805,0.913234575016004
"PTI98_002555",4.95430419623802,0.379992921085549,0.888010086968262,1.92029961318182,0.5891124529434,0.913281440501195
"PTI98_003225",8.55596103413538,0.758312370327667,0.781883264769973,1.90481603125103,0.592395535389045,0.913281440501195
"PTI98_003395",17.7820710207349,0.524036800745133,0.640633726225459,1.90657579779102,0.592021790460231,0.913281440501195
"PTI98_000344",3.1523970902526,0.448051046247036,0.976879009196727,1.90646785821256,0.592044710518621,0.913281440501195
"PTI98_000680",7.7823418155458,-0.570580341279371,0.795270740459372,1.93700722170091,0.585583472127642,0.913281440501195
"PTI98_001068",21.1664775317187,0.496502362481164,0.747600758130044,1.90603058515349,0.592137567779138,0.913281440501195
"PTI98_001261",7.03914556951313,-0.707516018125855,0.944017118761607,1.91897464223432,0.589392920146484,0.913281440501195
"PTI98_001340",4.28214759745672,0.971925606528453,1.06177948745208,1.91275953038247,0.590709709771009,0.913281440501195
"PTI98_001385",6.34100053334918,1.12253735653873,0.850706659039941,1.91518168260626,0.590196298159734,0.913281440501195
"PTI98_001440",18.2221792672456,0.461074340671852,0.799276501235174,1.94048738415648,0.584850180810464,0.913281440501195
"PTI98_001481",10.5327250555312,0.0080478698381148,0.701216355382452,1.91103500743152,0.591075429256058,0.913281440501195
"PTI98_001917",4.00160012312632,0.702979438426611,1.0265037458031,1.92316321911913,0.588506594759651,0.913281440501195
"PTI98_004589",5.67699330041853,1.12702012142209,0.915891564333457,1.93038812092968,0.586979860333213,0.913281440501195
"PTI98_005124",11.4997097225557,0.696989098328439,0.696142228961773,1.93220440931269,0.586596467790397,0.913281440501195
"PTI98_005287",6.42592753335036,-1.15292724284325,0.889156820249586,1.94144528476389,0.584648453810292,0.913281440501195
"PTI98_005323",4.81580925129309,-1.23417657286821,0.996767781058777,1.91133983104887,0.591010774386154,0.913281440501195
"PTI98_007343",10.375797341598,0.430642819089153,0.86482929500852,1.93691370985995,0.585603184161215,0.913281440501195
"PTI98_007486",3.97442047910241,0.608180901099671,1.10323522745296,1.93898338754678,0.585167006199714,0.913281440501195
"PTI98_007780",4.18443881127014,-0.613572702260549,0.997730030684706,1.91231157955939,0.590804692215891,0.913281440501195
"PTI98_008029",3.21058138951628,-0.936091580090765,1.05745715587782,1.93000597586009,0.58706054707645,0.913281440501195
"PTI98_008118",11.1745539165644,0.847303488359885,0.699855419947181,1.91555768893886,0.590116624587966,0.913281440501195
"PTI98_008223",3.49207979257127,-0.891133789850392,1.23730064449664,1.90640957646914,0.592057086399418,0.913281440501195
"PTI98_005755",5.89640017226866,0.28539256635166,0.80234985207358,1.92970984152625,0.587123078479726,0.913281440501195
"PTI98_005810",5.82154443937945,-1.15602672906025,0.907940544731857,1.94452931023082,0.583999298433425,0.913281440501195
"PTI98_005963",5.59297641020894,0.781523815145757,0.930720111470852,1.92289167807001,0.588564027322194,0.913281440501195
"PTI98_006080",7.20906078747631,0.49210709632593,0.834508775746224,1.90328973878916,0.592719820862354,0.913281440501195
"PTI98_006259",5.99069977832039,-0.167374724173357,1.08781061772741,1.92351787344619,0.588431588876476,0.913281440501195
"PTI98_006638",3.33143923122601,0.981251306630646,1.06361498186899,1.92813634360051,0.587455411401507,0.913281440501195
"PTI98_006850",8.46861295786738,0.0700449504789811,0.765155655264537,1.92887610709016,0.58729915289289,0.913281440501195
"PTI98_006883",7.27300065757633,0.655359402228662,0.774691636039093,1.94609474801984,0.583669975957315,0.913281440501195
"PTI98_007037",3.54184543050648,0.412014458575584,1.09218507867406,1.93135154170879,0.586776475054231,0.913281440501195
"PTI98_008331",6.29963950327438,0.627346854008656,0.924148791611853,1.90270445994172,0.592844203965457,0.913281440501195
"PTI98_008531",3.4753804259671,-0.59607631677544,1.03957120717462,1.92944783085772,0.587178408086544,0.913281440501195
"PTI98_008654",8.16726293997889,0.788424134654653,0.847037677282222,1.92528892315657,0.588057124954275,0.913281440501195
"PTI98_010042",4.50459828136922,1.04451614663233,1.02959777293529,1.90501347795586,0.592353593233587,0.913281440501195
"PTI98_010083",3.64807815255387,-1.45312618282401,1.09861996590533,1.93475690751977,0.586057955737324,0.913281440501195
"PTI98_010331",8.07246955597534,0.166713599287294,0.787468219010195,1.93138332900729,0.58676976532448,0.913281440501195
"PTI98_010700",4.39859470228444,1.3279641726353,1.07792796737858,1.92042609070853,0.589085685087645,0.913281440501195
"PTI98_011037",16.1933543077007,-0.0094615674186118,0.650050160228083,1.91082721954432,0.591119504973454,0.913281440501195
"PTI98_011046",5.48618472715834,-0.684182397308316,0.878855752165771,1.92661307823227,0.587777254802159,0.913281440501195
"PTI98_011192",10.7263431875528,0.727779681100536,0.724242402347755,1.90590660066721,0.592163898300673,0.913281440501195
"PTI98_013053",54.6801426840367,0.5231641873232,0.651125310911802,1.94124433062628,0.584690769428393,0.913281440501195
"PTI98_008077",3.59111319814073,1.33550212842349,1.0196578216337,1.90155198542272,0.593089177627884,0.913296117514316
"PTI98_001028",12.3275632670656,0.449215148602365,0.688965836679037,1.89671577618651,0.594117907193105,0.913825589534866
"PTI98_005130",4.87487631026789,0.419936029117471,0.866364664038412,1.89661309351668,0.594139762002303,0.913825589534866
"PTI98_007957",5.19478520531916,0.138206975761492,0.905536889255829,1.89671234369974,0.594118637749329,0.913825589534866
"PTI98_004996",4.39576622028225,-1.18175837386782,1.02168630724125,1.8904609972893,0.595450131231738,0.914972425041027
"PTI98_006685",10.5391220169463,0.48581683719974,0.729714831264214,1.89031561512331,0.595481119985193,0.914972425041027
"PTI98_009455",19.752835333319,0.490698382918118,0.609320389624576,1.88979062447682,0.595593032541529,0.914972425041027
"PTI98_005464",19.3412617965501,-0.384918969412978,0.608262047194719,1.88211970110424,0.597229823965688,0.916417692871575
"PTI98_006634",3.90473215227575,0.698099052004142,1.06981859889803,1.88316059255903,0.59700754976786,0.916417692871575
"PTI98_011786",4.94235301805242,0.938470784787976,0.892094790057217,1.88206002194203,0.597242569626023,0.916417692871575
"PTI98_000581",6.87181682467421,-0.288356263871627,0.94145397779171,1.88036661974296,0.597604303284844,0.916610159130847
"PTI98_001761",11.0060186230619,-0.882519775531265,0.715779610872926,1.87898027796103,0.597900551454142,0.916702070786805
"PTI98_012984",9.43757577936604,0.387473701949623,0.768110064961274,1.87463416214192,0.598829897926288,0.917764193621521
"PTI98_013094",4.26012339943866,1.23192082194029,0.967197396767221,1.86747183347607,0.600363502086704,0.919751194547522
"PTI98_002458",110.962023813477,-0.566784751233673,0.528817496319755,1.85915497564257,0.602147518394036,0.920822911245084
"PTI98_003180",13.581708818637,0.249802128181768,0.661316408128901,1.86263576356683,0.601400450122705,0.920822911245084
"PTI98_005260",18.4021165268918,0.53926435140608,0.696107939716023,1.85947867593136,0.602078018469433,0.920822911245084
"PTI98_011606",8.62620304757477,-0.74306030980065,0.766513503210367,1.85941942879478,0.602090738710497,0.920822911245084
"PTI98_012651",8.47748025021275,-0.363795467213141,0.944183164192007,1.8586777342736,0.602249993768698,0.920822911245084
"PTI98_007575",5.60896519493996,-0.190952923352416,0.818836558884205,1.85631133907284,0.602758283447614,0.921236950942985
"PTI98_000163",6.65931758038465,0.0530643291998064,0.89513378172237,1.85499847726474,0.603040399203303,0.921305123477594
"PTI98_004104",3.14645028984868,0.104301690049852,1.02006534166084,1.85110062423892,0.603878496459278,0.921620271603896
"PTI98_007871",3.91519695856008,1.2362024877614,1.12149612785848,1.84851601593714,0.604434640618796,0.921620271603896
"PTI98_010117",6.19697727336848,-0.696306426050114,0.84556188660452,1.84871123586736,0.604392622563773,0.921620271603896
"PTI98_010404",7.05359269221385,-0.668493117536259,0.929731521096273,1.84865909667182,0.604403844530764,0.921620271603896
"PTI98_012999",8.5428160763179,0.498474189959429,0.752618200037663,1.84945813186764,0.604231882194435,0.921620271603896
"PTI98_007798",19.1162118568638,0.668634057161573,0.749066933641581,1.84363484697244,0.605485847998883,0.92185840682351
"PTI98_005925",24.1262485830267,-0.236199783994198,0.637484270083756,1.84227419502444,0.605779087134088,0.92185840682351
"PTI98_006314",4.05794156450645,0.1820928639408,1.16919256405989,1.84445715795833,0.605308672962382,0.92185840682351
"PTI98_009093",9.79569564759368,-1.02114926705757,0.784924678301956,1.84285880222477,0.605653085093322,0.92185840682351
"PTI98_009644",6.11037491538115,0.337725318575691,0.851434055116136,1.84453388656664,0.605292142725546,0.92185840682351
"PTI98_003966",3.4213001849525,0.768739862082569,1.06132438557285,1.83094581606976,0.608224044486804,0.92491812939132
"PTI98_001958",3.44022132060269,-1.29305991178031,1.06390837723467,1.82979559928316,0.608472643467942,0.92491812939132
"PTI98_006835",3.44996500135651,0.847140032603268,0.95712472385023,1.82964571009533,0.6085050441368,0.92491812939132
"PTI98_002337",4.60214113841879,0.372099732510286,0.941799804636793,1.82365686590423,0.609800517693439,0.925702596177306
"PTI98_000354",3.25310992502415,-1.48737948715462,1.11438984703572,1.82304434560579,0.609933113591804,0.925702596177306
"PTI98_006428",21.0580073771211,0.156609053276681,0.630346420249161,1.82553415444845,0.609394244180365,0.925702596177306
"PTI98_013233",21.0175962380182,-0.204374225169622,0.691929554195482,1.82284752398309,0.609975724627273,0.925702596177306
"PTI98_004353",5.24871879598182,-1.06782975891398,0.916374871652076,1.8214733085557,0.61027328910082,0.925791978264404
"PTI98_002647",20.7165588364028,-0.746677354668668,0.619458668128087,1.79326009207146,0.616402712567437,0.925816198921886
"PTI98_002693",18.0994430490631,-0.320592151577821,0.606160943641418,1.80715205901244,0.613379805682448,0.925816198921886
"PTI98_003010",5.22315835089763,-0.944823034117248,0.896498684197663,1.81018255476472,0.61272160859367,0.925816198921886
"PTI98_003281",8.32721980900991,0.428400515452938,0.847431056378402,1.81330208370343,0.612044540364974,0.925816198921886
"PTI98_000449",4.58087767736149,0.833623816226311,1.0157144974743,1.81764214717048,0.611103352883061,0.925816198921886
"PTI98_000595",21.2854641397452,-0.382487192852929,0.701976084051358,1.81035152911585,0.612684921975307,0.925816198921886
"PTI98_001902",6.13850799876691,1.0949258210347,0.877255408723151,1.79550249769176,0.615914131483469,0.925816198921886
"PTI98_007386",4.13333097299289,-0.00902086656733567,0.943129301972884,1.81238061538431,0.61224448827758,0.925816198921886
"PTI98_007390",11.5736700064655,0.717850751271286,0.733106497091904,1.79964429048559,0.615012345223278,0.925816198921886
"PTI98_007551",13.9039824537886,0.0115858997581008,0.678033980761938,1.79283767292334,0.616494777472346,0.925816198921886
"PTI98_005849",47.5135337937304,0.210644572368292,0.577081636082419,1.80825424438385,0.613140369096213,0.925816198921886
"PTI98_006253",15.486801209335,0.453771603624334,0.67527134648113,1.79361795995989,0.616324723133523,0.925816198921886
"PTI98_006386",5.20345605181784,0.0856720752332425,0.906948796345109,1.80114395611142,0.614686029744212,0.925816198921886
"PTI98_006647",3.3275192521508,1.08263058478561,1.10555273352722,1.79601380458782,0.615802760588218,0.925816198921886
"PTI98_006951",3.73570123708885,1.03642995204723,0.985346443371677,1.81871723736289,0.610870350339862,0.925816198921886
"PTI98_008708",5.91928546964613,-0.119992704190017,0.823255628927676,1.80102992123913,0.614710839016481,0.925816198921886
"PTI98_009823",4.28113111394665,0.258628400522632,1.01430832311436,1.80444718778185,0.61396765635572,0.925816198921886
"PTI98_010006",8.28178252985603,-1.04329547359298,0.839907651334286,1.79851905128702,0.615257259856679,0.925816198921886
"PTI98_010101",35.4771421356226,0.679242640526902,0.645185097852445,1.80007632099971,0.614918327617487,0.925816198921886
"PTI98_010758",4.70368869743731,-1.01242742901633,0.939145550683576,1.79410697119781,0.616218163874605,0.925816198921886
"PTI98_011288",4.05028430180201,-0.228743764881607,1.06099856541444,1.81726354796933,0.611185419487304,0.925816198921886
"PTI98_011328",7.46565717589241,0.81380482633493,0.811986024615303,1.81243191490852,0.612233355791509,0.925816198921886
"PTI98_011884",15.5098489180151,-0.0495989446092626,0.69752980543586,1.80459875278534,0.61393470729621,0.925816198921886
"PTI98_012407",16.2127518064709,0.624896071804197,0.644645245262293,1.79640582340224,0.615717381108573,0.925816198921886
"PTI98_012570",4.00699679500307,0.0569281095145457,0.952852325219376,1.80077353675601,0.614766619974498,0.925816198921886
"PTI98_013493",6.43243818509602,-1.06957225523236,0.855789540320902,1.81545606385352,0.611577312906074,0.925816198921886
"PTI98_003062",5.47941722823129,-0.656421564962437,1.00359768621398,1.78793074127724,0.617564857247164,0.92598920806407
"PTI98_001695",3.47778737387075,-0.762820823632464,1.17046697561775,1.7895158580037,0.617219055994336,0.92598920806407
"PTI98_006734",4.34518571672543,-0.299642573553091,0.937365966232933,1.78899801221313,0.617332013388087,0.92598920806407
"PTI98_013522",3.77778932503945,-0.670092030093268,1.02668179364579,1.78870854198438,0.617395160977549,0.92598920806407
"PTI98_007754",6.25298894808038,-0.0299934573996698,0.885263552351782,1.78439739622909,0.618336109004713,0.926787390583185
"PTI98_008746",32.44253354677,-0.518466674113987,0.561687448908758,1.77876361285367,0.619567079324355,0.928273735302886
"PTI98_005206",3.81417426435367,0.467731069973977,1.07012593431392,1.77508006405943,0.620372748881203,0.929121966374589
"PTI98_001992",15.2124871805042,0.341453104693899,0.618703235460364,1.77333994413677,0.620753575190278,0.929333507588996
"PTI98_001632",12.471836356489,0.127647089319299,0.677721160590161,1.77072039887543,0.621327136769851,0.929833319263215
"PTI98_003177",4.87389365320784,0.271336708689045,0.902024801405225,1.76660661361963,0.622228529094043,0.930071212731031
"PTI98_001198",7.98852984127179,0.99662236814158,0.801522105185256,1.76512796694416,0.622552719601002,0.930071212731031
"PTI98_001849",3.85062192392353,1.17659089586062,1.0275198229957,1.76118030241357,0.623418746452068,0.930071212731031
"PTI98_005071",8.26649330970146,1.00543854861975,0.879425764964133,1.76843792981735,0.621827160618947,0.930071212731031
"PTI98_006334",31.8578348835661,-0.156035310000014,0.691064682626398,1.76426729962694,0.622741467143247,0.930071212731031
"PTI98_008933",8.92957344155974,-0.10622530903988,0.845235065141052,1.75979155003968,0.623723582619854,0.930071212731031
"PTI98_009950",4.00910541415601,0.359815867007565,0.938206871156504,1.76320379013072,0.622974747334122,0.930071212731031
"PTI98_012796",41.7633788745241,0.563528740207322,0.508768600396428,1.76141084010361,0.623368151446189,0.930071212731031
"rRNA_CM057210.1_1807585",480.681064193202,-0.890355010629414,1.40639835641928,1.76294326594729,0.623031901352374,0.930071212731031
"rRNA_CM057210.1_2111466",1302.32280415629,-1.32478577491731,1.43097677541445,1.75906176777119,0.623883809107023,0.930071212731031
"PTI98_003336",4.29877742903733,1.12866441680174,1.01107145137634,1.75058614658239,0.625746509686488,0.930317420667275
"PTI98_001145",4.97146192151372,1.18260297337602,1.04907631047146,1.7571309881814,0.624307840801222,0.930317420667275
"PTI98_005292",5.72739943059129,-0.876214359610075,0.855952464537115,1.75176083618157,0.625488143734106,0.930317420667275
"PTI98_005636",3.34049426062389,0.523987031299324,1.00293750775981,1.75391496217054,0.625014525820619,0.930317420667275
"PTI98_007060",5.92190113674078,-0.570584067826985,0.970034822633039,1.7497516349585,0.625930095064823,0.930317420667275
"PTI98_010163",3.71897178749333,0.698511248093792,1.15480986813906,1.75375485648881,0.62504971999272,0.930317420667275
"PTI98_011986",7.39148100611601,0.759873210673221,0.789780781216007,1.75399842920493,0.624996178712298,0.930317420667275
"PTI98_013515",4.19372940940284,0.762806339541104,1.08700610563884,1.7495809967937,0.625967638035985,0.930317420667275
"PTI98_000817",4.47104894169739,-0.881539068835578,0.947976110598526,1.74784701377939,0.626349218270874,0.930528003704603
"PTI98_003061",3.81065611880602,-1.29358889254588,1.14788013144439,1.74309797502782,0.627395016011579,0.931047089346831
"PTI98_004727",4.86203939946324,0.0358150283325463,0.951695606388994,1.74453221587907,0.627079066470132,0.931047089346831
"PTI98_008035",5.51715769616817,0.670136328371716,0.818556323078662,1.74299053366599,0.627418688206398,0.931047089346831
"PTI98_001251",6.66650850757636,-0.930893823328448,0.883863406163152,1.74122899878536,0.627806878556172,0.931174432606275
"PTI98_005883",10.1080616370514,0.434646949933425,0.769257720794034,1.73824532624282,0.628464724043111,0.931174432606275
"PTI98_006138",49.7333963823453,0.356645792654987,0.535543102285257,1.73868999170917,0.628366656945933,0.931174432606275
"PTI98_008515",6.01549776249294,1.4801271319696,1.23501755194957,1.73895342941778,0.628308562422158,0.931174432606275
"PTI98_011933",3.56927205069979,0.922017928053051,1.09055094805191,1.73639468948819,0.62887296531261,0.931210987723255
"PTI98_013582",4.24327620916254,0.142239457808364,1.16693005522999,1.73595707151944,0.628969525092789,0.931210987723255
"PTI98_003072",6.69107935538435,-0.326110375426831,0.854835395999299,1.72335536830823,0.631753906858741,0.932441736782162
"PTI98_003362",3.62081819664496,0.749303116726079,1.00360128247608,1.71705536014472,0.63314867939797,0.932441736782162
"PTI98_000653",6.53951898425659,-0.153202277687363,0.826121721676703,1.71697645511085,0.633166160011398,0.932441736782162
"PTI98_001576",8.0116990534576,-0.0379468246280057,0.826396772849467,1.72595157870536,0.631179661999663,0.932441736782162
"PTI98_004506",5.53348442961227,0.559964768860729,0.906565295710375,1.7172915129244,0.633096363855325,0.932441736782162
"PTI98_005168",5.37346161626208,-0.594878209264693,0.911780370830989,1.72911277979789,0.630480872462988,0.932441736782162
"PTI98_005584",6.91579855854412,0.275285620087399,0.866612273097449,1.7272614220086,0.63089006220201,0.932441736782162
"PTI98_007581",3.95595742185214,-1.2447708147344,0.980617866329085,1.73057157072132,0.630158560890749,0.932441736782162
"PTI98_007796",4.20805862656965,0.0707802466323715,0.875468745567982,1.71700133195372,0.633160648766993,0.932441736782162
"PTI98_006232",8.52065522942598,0.477988971732653,0.813172636358102,1.72480376961795,0.63143350243692,0.932441736782162
"PTI98_006969",5.89968128110391,-0.454851897376586,0.845132437210134,1.7216945870495,0.632121412248438,0.932441736782162
"PTI98_008377",5.99923531967704,-1.10602214125945,0.922501746187018,1.71853716948351,0.632820453008156,0.932441736782162
"PTI98_008738",3.57339703399052,0.277527564059024,1.16220032649258,1.72401426008878,0.631608139702647,0.932441736782162
"PTI98_011234",3.48677009892466,-0.961945215133103,1.02998552653196,1.7190318447006,0.632710903200351,0.932441736782162
"PTI98_008518",6.42132214764229,-0.596652508028194,0.827734134792403,1.71558613637876,0.63347421831692,0.932541363510943
"PTI98_006337",4.92883786563517,-0.902983866527269,0.898842761807063,1.71157606273765,0.634363246033214,0.933141839728039
"PTI98_012666",10.8842063452864,0.177190626847673,0.845591668478138,1.71256227906542,0.63414453443773,0.933141839728039
"PTI98_001191",7.28334425112131,0.415193816232453,0.812835240957057,1.7057936057496,0.635646513499963,0.933148467786662
"PTI98_001266",3.24976715048716,0.520886214334842,1.0576676810153,1.70956404466495,0.634809587050179,0.933148467786662
"PTI98_008013",5.94189719132876,-0.53850257131615,0.891933201393818,1.70396925067684,0.636051701167295,0.933148467786662
"PTI98_006484",5.63552579351955,0.630847305367724,0.843527625737816,1.70457941313159,0.635916167612845,0.933148467786662
"PTI98_010144",12.8281231296402,0.648262983734428,0.736856618229362,1.70556957593033,0.635696262095427,0.933148467786662
"PTI98_010735",4.08381059060047,-0.0972695283663311,1.03277163715953,1.70644572346507,0.635501715811233,0.933148467786662
"PTI98_011965",12.0803842671972,0.308471251872611,0.673867373032156,1.70733137952809,0.635305094038557,0.933148467786662
"PTI98_006200",4.13429445231185,-0.269120745926867,0.952771783940638,1.70058824541257,0.636803023141604,0.933897514845475
"PTI98_005040",8.04577714893784,0.650773776808043,0.934041455353883,1.69851537511428,0.637263912204342,0.934220225034257
"PTI98_011008",3.4435438012921,-0.957835023222433,1.11535546323218,1.69706585337319,0.63758632057666,0.934339757278755
"PTI98_000360",4.25648671812566,0.712331207739294,1.07125841801081,1.69150398696867,0.638824302980047,0.934741407491363
"PTI98_001712",68.2019113972154,-0.508901062725471,0.5190458416422,1.69154958079554,0.638814148792585,0.934741407491363
"PTI98_007471",23.762771844448,0.406112294018073,0.617031699254075,1.69414449116357,0.638236393135637,0.934741407491363
"PTI98_005877",7.76491938468075,-0.295938622766963,0.823402540811714,1.69207664770943,0.63869677274986,0.934741407491363
"PTI98_012847",3.968719208182,0.223278480088281,1.00838021443482,1.68607408272423,0.640034271262807,0.936158724822182
"PTI98_000984",25.3490055145072,0.224482271762423,0.685007325235765,1.682959063578,0.640729008025116,0.936821644225189
"PTI98_009766",26.416813237637,-0.274475123763232,0.618612056255215,1.67729559352587,0.641993245557162,0.938316427850879
"PTI98_000820",81.0023593403455,-0.55044393234319,0.504715011291068,1.67296383826239,0.642961185376337,0.938316944347183
"PTI98_001194",10.0510594134087,0.372825728684203,0.697849237708562,1.67321898407002,0.642904149101447,0.938316944347183
"PTI98_005078",5.79356648288722,0.415444670391325,0.941893419021764,1.67364326828425,0.642809309458864,0.938316944347183
"PTI98_008829",3.71105418227929,0.638155381368132,0.949605586990849,1.67401860954117,0.642725416715816,0.938316944347183
"PTI98_006781",8.04019516849671,0.528873166723948,0.775850128694983,1.67135696429199,0.643320459405757,0.938488176771316
"PTI98_006714",20.9993728671533,0.693698657374418,0.612572461881297,1.66961139939458,0.643710874149966,0.938704692040496
"PTI98_002809",17.8405572926292,-0.724264074536893,0.733706757442089,1.66386386775089,0.644997337728875,0.939156896550241
"PTI98_003878",4.78847690399665,0.740764938899313,0.902474752442211,1.6617375229195,0.645473649446492,0.939156896550241
"PTI98_004712",3.7720011399782,-1.173472931605,1.03112874325385,1.66499781965977,0.644743409483878,0.939156896550241
"PTI98_008026",3.84682818623998,-0.115321728242851,1.16309359044376,1.662687242647,0.645260882604983,0.939156896550241
"PTI98_010983",3.20734572475859,-0.539932595090674,1.11751284379293,1.66569360043795,0.644587630284888,0.939156896550241
"PTI98_012863",3.68215727829599,-1.24436523062622,1.00151691633077,1.66430056244598,0.644899540959309,0.939156896550241
"PTI98_004925",4.3396913424482,1.03128416994226,1.06663048657519,1.65461229843697,0.647071203455482,0.93934324113946
"PTI98_005132",4.0749441610877,0.880368155364915,1.09205190995034,1.65482950459673,0.64702247007916,0.93934324113946
"PTI98_005226",31.6914272826467,0.0605695428210824,0.64249987388245,1.65722584325883,0.646484955559374,0.93934324113946
"PTI98_007339",9.22145029300841,0.0453508512823545,0.853552528273125,1.65360670365995,0.647296850622783,0.93934324113946
"PTI98_006671",4.26115202081205,-0.451120596711327,0.956078141032309,1.65373065149339,0.647269035328115,0.93934324113946
"PTI98_006713",13.9130126598939,-0.890215334440286,0.72817552759356,1.65488823858736,0.647009292609694,0.93934324113946
"PTI98_009226",7.13035950976369,0.400626184172678,0.920320583104355,1.65531991033974,0.646912448086268,0.93934324113946
"PTI98_002840",6.51568057908599,0.353935626000873,0.808611553320727,1.64904952915053,0.64832000464145,0.939422225627264
"PTI98_002990",4.74028308716286,-0.593506307592634,0.902495558068195,1.64919171940339,0.648288066906654,0.939422225627264
"PTI98_001930",6.76795516125543,-1.10299600938215,0.936578359223519,1.64946964759103,0.648225643290568,0.939422225627264
"PTI98_004868",4.74909185149518,0.646009991448326,0.890182768389097,1.65121275012662,0.647834214446535,0.939422225627264
"PTI98_002804",100.232763979585,0.335531285007425,0.501850787841459,1.63891354681149,0.65059897171866,0.939702510428921
"PTI98_003051",27.3538424531405,0.345805873806618,0.57156665735987,1.64158883604753,0.649997022369639,0.939702510428921
"PTI98_003247",6.51461742994522,0.406389944162683,0.862534283515565,1.62917143521805,0.652793629267164,0.939702510428921
"PTI98_003925",9.35677875639941,0.296419924444391,0.740606286850472,1.62926525956318,0.652772473197681,0.939702510428921
"PTI98_003998",4.48169182800459,-0.347219392400518,0.969727371777971,1.62234185810102,0.654334630370013,0.939702510428921
"PTI98_000475",6.7426252347863,-0.993384248982249,0.881495625248652,1.63456555856064,0.651577953675295,0.939702510428921
"PTI98_000990",4.37472028879198,0.863057840493337,1.12013674642044,1.6380986193791,0.65078239563218,0.939702510428921
"PTI98_001307",4.97691258441262,-0.291724366301673,0.929820255182871,1.64673345589188,0.648840349848721,0.939702510428921
"PTI98_001683",9.29607503119221,0.344186069616394,0.78539733067748,1.62598669642057,0.653511970177465,0.939702510428921
"PTI98_002109",5.6318816027523,0.38921984112095,0.955966263973505,1.63363604110462,0.651787348794618,0.939702510428921
"PTI98_004357",4.09461751917447,0.182445478154165,1.23427418966285,1.62394983036166,0.653971631108579,0.939702510428921
"PTI98_004691",3.89965596574769,0.972781145324057,1.07550103368627,1.63507769484278,0.651462599374543,0.939702510428921
"PTI98_005125",3.16715128458608,0.35974127235243,1.1341700726537,1.62299777456101,0.654186543893646,0.939702510428921
"PTI98_007621",3.66624637512918,-1.18823783922326,0.97940056826157,1.63534856148343,0.651401593627363,0.939702510428921
"PTI98_007961",3.95215854140565,0.345744435851552,1.11833265188073,1.62130047657425,0.654569781690885,0.939702510428921
"PTI98_006186",6.73461237982808,-0.903042414373096,0.976115881448376,1.63962159081993,0.650439628784426,0.939702510428921
"PTI98_006299",3.91879962119382,0.0165245321565328,0.916145701149618,1.64542323485914,0.649134818120735,0.939702510428921
"PTI98_006676",7.95795305545696,0.722572144664138,0.810182467243735,1.62569934608261,0.653576805810743,0.939702510428921
"PTI98_006704",11.0582539211574,-0.772767713091056,0.741438887486924,1.64176174197944,0.649958128752957,0.939702510428921
"PTI98_006761",4.23064618325502,-0.304177628932695,1.00145040406683,1.62675792951757,0.653337972501082,0.939702510428921
"PTI98_009727",10.7108065247661,0.393331297185755,0.82787986186741,1.6306401024343,0.652462509454053,0.939702510428921
"PTI98_010081",15.4810138514329,-0.154020965525932,0.683370822554964,1.62292044919599,0.654204000697838,0.939702510428921
"PTI98_011333",5.50885110048926,0.648459155808374,0.871652294228286,1.63773946368411,0.650863243661403,0.939702510428921
"PTI98_011360",4.86531499515673,-0.0880030933245501,1.04190552863092,1.62655905049051,0.653382839068187,0.939702510428921
"PTI98_012978",14.4602465843992,-0.0487350894264499,0.641563014002568,1.63343512875139,0.651832613871329,0.939702510428921
"PTI98_001065",11.9621229851531,0.389755641831112,0.727736874938179,1.61959629174341,0.654954699901619,0.939907244142945
"PTI98_002721",4.00197379072393,0.420128545337119,1.10858482147666,1.61524545893145,0.655937975925386,0.939984189639583
"PTI98_003368",9.16761160373464,-0.789120886317607,0.77144495974615,1.61282878952879,0.656484488733289,0.939984189639583
"PTI98_000886",4.74235474925178,0.133895582793919,1.030975007146,1.61651471656373,0.655651042920333,0.939984189639583
"PTI98_001041",4.07172441294462,-0.9710450641333,1.06626172277193,1.61338004874872,0.656359803219944,0.939984189639583
"PTI98_001465",3.45695475794602,0.29166771746477,1.03276709498489,1.61078475315081,0.656946929134548,0.939984189639583
"PTI98_001508",22.0919351665586,-0.0921065482034367,0.661099457869943,1.61113717069101,0.656867185805709,0.939984189639583
"PTI98_009530",3.21324731046753,0.879341278136529,1.06753173623471,1.61483479367532,0.656030827265836,0.939984189639583
"PTI98_012634",4.45877699818115,-0.342915605933563,0.911674880031124,1.61814365873116,0.655282900074263,0.939984189639583
"PTI98_002311",20.3845752765296,-0.0841705502358012,0.700562598423106,1.60383909920658,0.658519643316274,0.940273597871212
"PTI98_001369",7.64850839183033,0.533256017708207,0.789965360808152,1.60460958248721,0.658345080015832,0.940273597871212
"PTI98_010147",15.8611449827214,-0.67770058482989,0.654878665386766,1.60425352849651,0.658425745665359,0.940273597871212
"PTI98_011152",11.9453070329735,-0.40786203670167,0.698643476022554,1.6047021785155,0.658324102851348,0.940273597871212
"PTI98_012202",5.36655695257399,-1.00406669733479,0.886098728060638,1.60751228580775,0.657687661396435,0.940273597871212
"PTI98_012390",7.60712695465736,-0.512108156428018,0.793122340895585,1.60346857186764,0.658603600261945,0.940273597871212
"PTI98_001679",22.953076952972,-0.42781293690313,0.623747591278513,1.60192106721072,0.658954309076967,0.940428169576731
"PTI98_005922",4.34919832677762,-0.964107159976854,1.06488648531543,1.60036672002261,0.659306671261277,0.940584986326772
"PTI98_000776",4.01284820833508,1.27683354029376,1.00544884756362,1.59844196554998,0.659743145169988,0.940614738096558
"PTI98_005280",4.06153554878301,0.979808539129012,0.997198666511515,1.59606799983597,0.660281702703082,0.940614738096558
"PTI98_010854",7.32067634483665,0.62959468560485,0.79663220530489,1.59650486386487,0.660182577847273,0.940614738096558
"PTI98_012690",6.77221343481132,0.832923689148551,0.839890795100345,1.59599846140897,0.660297481783173,0.940614738096558
"PTI98_007717",8.53841160581898,-0.412564375849548,0.745509343540779,1.59253568706096,0.661083484530859,0.941003698460491
"PTI98_010296",6.04503209561884,0.554211413320603,0.89006877999233,1.59363040446091,0.660834943724406,0.941003698460491
"PTI98_012965",20.5167196209191,0.0730329070986692,0.595801442117476,1.59158972204015,0.661298293891028,0.941003698460491
"PTI98_001480",8.68818004640824,-0.472456114375754,0.753182655918473,1.58549094987407,0.662684105954227,0.941249229951097
"PTI98_005242",4.23718709106669,-0.0577926918686925,0.953498250269972,1.58609046051202,0.662547810988058,0.941249229951097
"PTI98_008516",3.30627403977809,0.285208676511131,1.02122928628919,1.58822007033584,0.662063779723926,0.941249229951097
"PTI98_011750",4.77209097947035,-1.2601276361932,1.02826352327626,1.58932423711381,0.661812892781816,0.941249229951097
"PTI98_012740",9.36648201797803,0.247919207374269,0.747496332943163,1.585783535448,0.662617586582101,0.941249229951097
"PTI98_003550",13.5783560619958,0.177571884544726,0.655080075402607,1.58236179972772,0.663395743235901,0.941915112742335
"PTI98_002663",3.88484476935276,0.718628632296796,0.935316551010521,1.57491808311855,0.665090252566866,0.941922251401541
"PTI98_002961",3.47580016005561,0.56502912302393,0.997967312718783,1.56139715662302,0.668174077456935,0.941922251401541
"PTI98_003066",5.36004305195974,-0.40680882321785,0.944121963229409,1.56068394022112,0.668336955607844,0.941922251401541
"PTI98_003493",5.81096386689322,0.537988057329507,0.799179561574555,1.55535173226448,0.6695553390633,0.941922251401541
"PTI98_003568",4.60324397139988,-1.06504207223888,1.00586251507165,1.55608463077254,0.669387806414676,0.941922251401541
"PTI98_000084",6.08084954598946,-0.600087778481442,0.808455254636138,1.56459974667904,0.667442955448753,0.941922251401541
"PTI98_000559",3.5486120383982,-1.22206333618298,1.037371179516,1.57093102711659,0.665998826079471,0.941922251401541
"PTI98_001127",5.27081893510395,0.235870407041072,1.09911882140874,1.56387055700952,0.667609385690763,0.941922251401541
"PTI98_001729",5.13120275089419,0.190100046621829,0.994842733194506,1.55606346021436,0.669392645467002,0.941922251401541
"PTI98_001922",19.8018795600894,0.329502267399444,0.599957547093058,1.57853494751318,0.664266610299647,0.941922251401541
"PTI98_001938",4.10104216319497,0.321322122871075,1.00781867374491,1.56077399164251,0.668316389297052,0.941922251401541
"PTI98_005156",6.47441177076663,-0.427539446384012,0.98456571449077,1.57504285473688,0.665061830163623,0.941922251401541
"PTI98_005637",9.97835562533457,0.227925894784275,0.905481477243412,1.56946736649434,0.666332531606875,0.941922251401541
"PTI98_007560",31.8782280790887,0.536386134514996,0.531231777792983,1.56810604812169,0.666642983284662,0.941922251401541
"PTI98_006656",3.51360456764922,1.31350117213462,1.10419089611267,1.55752151149597,0.669059414749363,0.941922251401541
"PTI98_008433",9.47540850231927,0.667408961644688,0.81463772161044,1.55991568491672,0.668512426409537,0.941922251401541
"PTI98_008676",3.83955450049897,1.04105507810394,1.04082863154128,1.55465664663025,0.669714248354073,0.941922251401541
"PTI98_008871",5.41339580559967,0.902639636973354,0.848399422180189,1.56122409453953,0.668213597950216,0.941922251401541
"PTI98_009688",14.3381152155669,-0.330859854003244,0.603927363293525,1.56954087835813,0.666315769243922,0.941922251401541
"PTI98_010161",8.22664601272533,-0.590713379231079,0.770937290839497,1.5696652944217,0.666287400084708,0.941922251401541
"PTI98_010528",5.23922479261159,-1.15561734337759,1.0613543931442,1.56847729804232,0.66655831131875,0.941922251401541
"PTI98_010532",31.6451357868449,-0.366197998361368,0.600393691886229,1.56894746074181,0.666451088225168,0.941922251401541
"PTI98_011467",4.97402380299616,-0.260143370397055,0.939638646230569,1.5679908414033,0.666669259947979,0.941922251401541
"PTI98_011911",46.9627799712741,-0.376356908882116,0.494434329433739,1.57483346103562,0.665109529458193,0.941922251401541
"PTI98_011976",25.5887323355308,-0.144015451139799,0.58296238647913,1.5750468268416,0.66506092534699,0.941922251401541
"PTI98_012500",3.76524871626436,0.177407567199811,1.12715597526918,1.55521581774212,0.66958641005887,0.941922251401541
"PTI98_004728",3.85426810584803,0.122311683840772,1.06756313038672,1.55245567219882,0.670217561290198,0.941947072552419
"PTI98_007447",20.32050475444,-0.640288493634565,0.632344607294758,1.55347777388016,0.669983805271998,0.941947072552419
"PTI98_003352",16.9383075274274,0.599647599587213,0.60356157352723,1.55091331458013,0.670570381005166,0.942101596493675
"PTI98_002766",4.24345093024291,-0.552098828165305,1.01180480004468,1.54805129748561,0.671225333447564,0.942315819240467
"PTI98_002810",10.032512487938,-0.0636641856739295,0.81113289118463,1.54027252913541,0.673007123901528,0.942315819240467
"PTI98_003908",9.5679583188757,0.138576660652894,0.69616559981458,1.51823725237081,0.678067623780465,0.942315819240467
"PTI98_003919",3.50744258196708,0.38153761254876,1.05488228262399,1.54460552473638,0.672014314510229,0.942315819240467
"PTI98_000272",4.43654422968264,-1.08067690451858,0.97919296883038,1.54586038661593,0.67172693229035,0.942315819240467
"PTI98_000786",6.32597159844982,0.253185030129229,0.933341563959975,1.52308057743323,0.6769536816678,0.942315819240467
"PTI98_001225",21.8044660064487,-0.48102210093221,0.578582417083755,1.52306267627183,0.676957797149135,0.942315819240467
"PTI98_001303",5.88708554812286,-0.434874194159431,0.974771935929403,1.53887146734802,0.673328307631831,0.942315819240467
"PTI98_001360",6.70292377529357,0.294672108488157,0.941011009713654,1.51345288889156,0.679168909448408,0.942315819240467
"PTI98_004489",19.9006678347702,-0.131239054998906,0.673435358888967,1.54139084293975,0.672750814817507,0.942315819240467
"PTI98_004803",9.38751423763101,0.53461945195206,0.73514489919584,1.54526940060406,0.671862269038219,0.942315819240467
"PTI98_004882",5.56048618761129,0.345509419875124,0.908479530292084,1.5225581725229,0.67707378788433,0.942315819240467
"PTI98_004941",5.31456994425436,0.429605271723939,0.857388439531385,1.53003713877033,0.675355326625892,0.942315819240467
"PTI98_004956",5.70582944169952,-0.327261100632062,0.924273482648782,1.51454877428604,0.678916574645517,0.942315819240467
"PTI98_005351",4.65282129413759,-0.810331643663244,0.964891847701571,1.52996656886293,0.675371531285421,0.942315819240467
"PTI98_005397",18.1927988293714,0.0182573880054883,0.644075655669566,1.52276304571468,0.677026684164476,0.942315819240467
"PTI98_005523",9.77253319597014,-0.482491348506452,0.781029204863777,1.51380621369864,0.679087548966174,0.942315819240467
"PTI98_007721",4.98964782004917,-1.05300732695686,1.04176994371595,1.51673342048782,0.67841368572506,0.942315819240467
"PTI98_005901",6.10444128868542,0.39607543250768,0.876615234976834,1.51928036791264,0.677827634083059,0.942315819240467
"PTI98_006472",7.59959680764092,-0.216772596264959,0.816780815361479,1.51373353614132,0.679104284106777,0.942315819240467
"PTI98_006728",3.77493871468857,0.999804535400572,1.12582015916321,1.52760259190941,0.6759144753361,0.942315819240467
"PTI98_006753",11.4641787211096,-0.18177355136339,0.741305262282851,1.53434860719712,0.674365679247888,0.942315819240467
"PTI98_008788",3.26455758837092,0.750649090641104,1.02906475934783,1.5390169508664,0.673294952872593,0.942315819240467
"PTI98_008892",4.26889296259775,0.191203842698514,1.00771405955455,1.53030637224843,0.675293505538032,0.942315819240467
"PTI98_009691",13.3075638794862,-0.722980856590272,0.677717391753345,1.53245667758821,0.674799858412414,0.942315819240467
"PTI98_009806",5.23807176883374,0.049806657092747,1.03760114676133,1.53001226441851,0.675361038392025,0.942315819240467
"PTI98_009870",18.297014209479,-0.240770365482408,0.638857924024308,1.53588099618396,0.674014115920635,0.942315819240467
"PTI98_009887",8.0432722208169,-0.835223901054198,0.85462743554074,1.52027526871851,0.677598777011847,0.942315819240467
"PTI98_010109",21.8802268800879,-0.320902215207081,0.602871020994117,1.53518438173947,0.674173922768767,0.942315819240467
"PTI98_010806",11.1080048860216,-0.641012025253366,0.667076140047839,1.53916667490674,0.673260626783359,0.942315819240467
"PTI98_010925",4.70759139476314,-0.317130652769957,0.992053682750057,1.52989280304261,0.675388470020192,0.942315819240467
"PTI98_011094",3.27254250061604,0.275082513235603,1.03708392985339,1.52522425349996,0.676460941556613,0.942315819240467
"PTI98_011141",3.21021165124549,-0.218644323741758,1.09020929115913,1.52202279769934,0.677196887188148,0.942315819240467
"PTI98_012519",37.1658401434566,0.661672836895802,0.655544253948997,1.51320791074933,0.679225323690731,0.942315819240467
"PTI98_013503",4.50764954611629,1.1676646985068,1.04463071503091,1.53422258033766,0.674394596724952,0.942315819240467
"PTI98_006572",21.5836494500421,0.0636838371576798,0.681616845449373,1.51208443167504,0.679484071560401,0.94233775959342
"PTI98_002716",3.90440498087103,0.732993506488967,0.987954359186523,1.50466669639884,0.681193678836396,0.942584268389391
"PTI98_003366",59.8453595985508,-0.224470828424638,0.49898709931903,1.5051524693323,0.681081654696553,0.942584268389391
"PTI98_003703",3.19345941222111,-0.010662831499468,1.07834800513411,1.5047239950843,0.681180464706537,0.942584268389391
"PTI98_004772",4.22836525482358,1.15095418524572,0.967439312858825,1.50481399445064,0.681159709455095,0.942584268389391
"PTI98_004866",126.677492005862,0.332341416029309,0.487294923903122,1.50726487747724,0.680594618321919,0.942584268389391
"PTI98_005870",5.02432806778982,-1.0137242520337,0.90668450075293,1.50393342136296,0.681362796742421,0.942584268389391
"PTI98_013556",24.1544834547295,0.173414006754553,0.578404717192436,1.50484144832684,0.681153378227285,0.942584268389391
"PTI98_001023",7.56190154146486,-0.626173573417487,0.80814712397543,1.50121734113554,0.681989397145695,0.942778642739897
"PTI98_009916",6.44252663088112,-0.880998230082511,0.837291181387473,1.50125302207983,0.681981163698695,0.942778642739897
"PTI98_008877",21.2460606985945,-0.406780948235382,0.611645773167661,1.49874139076866,0.682560847150105,0.943232463874335
"PTI98_010184",3.26978602814139,-1.17670491497291,1.07913936909434,1.49649269681854,0.683080050370252,0.9436137875307
"PTI98_000744",4.15133456610402,-0.893343771930092,0.987092087811443,1.4899420302529,0.684593642608453,0.943769594657791
"PTI98_000883",20.0914085562207,0.00890449324638397,0.623521376036053,1.48817470386854,0.685002279677183,0.943769594657791
"PTI98_001781",3.78027032860389,0.53526887720558,1.0718289201892,1.48626614351769,0.685443705574823,0.943769594657791
"PTI98_005356",5.42913971751347,-0.264216458663214,0.912767585933814,1.48726431764035,0.685212823296539,0.943769594657791
"PTI98_007938",21.929016361565,0.743767785798912,0.770076494964945,1.48547874211712,0.685625861754487,0.943769594657791
"PTI98_008036",3.49597541559666,0.929898217023025,1.03184187714076,1.49269172444035,0.683958100902338,0.943769594657791
"PTI98_008103",3.22652886698975,-1.29318390011523,1.07403188132393,1.48959296969061,0.68467434217367,0.943769594657791
"PTI98_010045",5.79881868849716,0.24593608491008,0.853053639031027,1.49109149487074,0.684327929794688,0.943769594657791
"PTI98_010442",5.6077775117303,-0.905407462515303,0.995942969085863,1.48621097574353,0.68545646723534,0.943769594657791
"PTI98_012212",4.97914452527962,0.00877428111161663,0.956102877209642,1.48911502734323,0.684784845520951,0.943769594657791
"PTI98_012187",4.80791499627253,0.28183915790248,0.92574684292298,1.48169308959879,0.68650195538786,0.944348138164852
"PTI98_012702",10.9490918003534,-0.210023100722187,0.708647387050287,1.48155871660309,0.686533062548307,0.944348138164852
"PTI98_002937",4.19381191294534,0.0931242865505389,0.90335732086899,1.47484538608443,0.688088051591545,0.94554139748392
"PTI98_000253",5.50360043358535,0.45652436498136,0.872679112471357,1.4746021350681,0.688144426762533,0.94554139748392
"PTI98_000866",3.54903807131926,-0.911318570204445,1.02554730930304,1.47308395843788,0.688496324947193,0.94554139748392
"PTI98_001107",9.52676727140272,-0.214684007006317,0.799658324801691,1.47121421833772,0.68892982991594,0.94554139748392
"PTI98_005614",19.832396007679,-0.360524134891713,0.724254480376748,1.4710317903524,0.688972133359354,0.94554139748392
"PTI98_006538",4.96572723031487,0.648465771867818,1.05491268683923,1.46939983481854,0.68935062440952,0.94554139748392
"PTI98_008588",3.72097088747855,0.0193163169708661,1.11733825408192,1.47016434009056,0.689173304337785,0.94554139748392
"PTI98_008908",4.4829205495592,0.36898092722537,1.0619576230117,1.47302718526227,0.688509486067692,0.94554139748392
"PTI98_011214",8.88616826667954,-0.757741945515602,0.747501766541266,1.46811298736553,0.689649145907539,0.94561648532179
"PTI98_006707",5.18536348745675,0.491330290151083,0.897296361189496,1.4664113297533,0.690043988654657,0.945823544873292
"PTI98_004930",7.80574257656385,-0.674094964363545,0.785434895933873,1.4648947368101,0.690395980142594,0.945971743897253
"PTI98_001779",7.16925963894078,0.254386364455003,0.812003990121604,1.46210585310994,0.69104348315985,0.946524601404328
"PTI98_011045",3.77382857506196,1.10897308915144,0.999343869101593,1.4583345204252,0.691919537904623,0.947390006188504
"PTI98_001401",7.53298210782199,-0.211992351354745,0.827487027872442,1.45726655843096,0.692167712628545,0.947395397772098
"PTI98_003200",9.67168872119394,-0.831854902948475,0.764055080805091,1.44752992577017,0.694432237383142,0.947794906257717
"PTI98_001075",21.4283145526203,0.687583510212403,0.661255493979291,1.44287202687174,0.695516770348762,0.947794906257717
"PTI98_001088",17.5723139824448,-0.648967244682116,0.634279242846092,1.45342244859873,0.693061356864135,0.947794906257717
"PTI98_001114",65.6596657134384,0.209123317453634,0.552890807588972,1.45422860216684,0.692873904989908,0.947794906257717
"PTI98_001125",8.0856431867304,0.885976833771469,0.854971039521874,1.44727637541506,0.694491253338894,0.947794906257717
"PTI98_001349",9.82111989477175,-0.507774892139958,0.71441591498295,1.44537981473883,0.69493276690179,0.947794906257717
"PTI98_001494",18.7630582988128,0.735647869663266,0.687164968309813,1.44824811833506,0.694265084643196,0.947794906257717
"PTI98_004393",7.2388535723621,-0.630703823600665,0.907631322684288,1.44307790898047,0.695468816878755,0.947794906257717
"PTI98_005886",4.01291924391673,0.117625191789042,0.983422128498189,1.44526855859445,0.694958671004107,0.947794906257717
"PTI98_006105",3.46034469765272,0.0948192718005452,1.00381260408941,1.44433822084059,0.695175301709529,0.947794906257717
"PTI98_006245",5.31187993897698,-0.214475465391599,0.904383171031562,1.44131123844247,0.695880353962871,0.947794906257717
"PTI98_009843",6.08132245622311,-0.136163681873361,0.870354487791805,1.44635813644405,0.694705000447131,0.947794906257717
"PTI98_011487",3.50745653215366,0.307238782091733,1.09199684874589,1.44137367512172,0.695865807750814,0.947794906257717
"PTI98_013454",5.52078555968505,-0.395635928293288,0.827864795276039,1.44679140174575,0.694604141437858,0.947794906257717
"PTI98_001896",13.8615801131836,0.394148673096759,0.649199371742646,1.43977590793631,0.696238091961481,0.947949301059524
"PTI98_003346",4.51017865609488,-0.379170625026762,0.975603254087301,1.43819001018328,0.696607700406607,0.948119743816571
"PTI98_006987",4.26394899312725,0.170960325402572,1.04243579149376,1.4348722934815,0.697381214211984,0.948839610637771
"PTI98_006532",10.8525160049289,-0.508991750313615,0.756350090871876,1.43336072602978,0.697733759864074,0.948986414625787
"PTI98_003677",3.74301123616378,-0.717342894370123,0.990483367396848,1.42892081233821,0.698769754298048,0.949729459328006
"PTI98_003787",4.3920526520668,0.664847061131043,0.964344772136859,1.42915960296318,0.698714018089357,0.949729459328006
"rRNA_JAQZRA010000014.1_10789",94.1743170434385,-1.28265861216873,1.50963511356901,1.4257620749359,0.699507224080611,0.950398781859437
"PTI98_003030",11.0713008478361,0.053549449052544,0.861235206693277,1.41620862515303,0.701739776528393,0.950781408292596
"PTI98_003647",4.74492014422339,0.193162116703092,0.877049812204638,1.41453384043535,0.702131482567797,0.950781408292596
"PTI98_004658",3.65443881968737,-0.200187057411103,1.10202034446057,1.41302246668381,0.702485051860423,0.950781408292596
"PTI98_004854",7.43059571479313,-0.74024834297792,0.836544357327239,1.4154407337641,0.701919362404292,0.950781408292596
"PTI98_006324",4.88807535140771,0.615070354225979,1.0128539653122,1.41847665730369,0.701209472856928,0.950781408292596
"PTI98_006407",5.65044370440439,-0.818546464101553,0.953113400355803,1.41906058599132,0.701072969298731,0.950781408292596
"PTI98_006756",110.513993706224,0.433694782883513,0.644426915827816,1.41402142733979,0.702251347221649,0.950781408292596
"PTI98_008789",8.13915628293006,-0.300429172067415,0.766363606019839,1.42103703198167,0.700611027824576,0.950781408292596
"PTI98_010864",4.30234638671023,0.651873777169654,1.03715494717048,1.41666712503481,0.701632557348265,0.950781408292596
"PTI98_011918",3.2123661001077,-1.07557981683688,1.09420446580868,1.4149322675431,0.702038287953579,0.950781408292596
"PTI98_011921",15.8061030442883,-0.704302911928935,0.662152704690999,1.41958078067474,0.70095137459207,0.950781408292596
"PTI98_005208",10.3112814119537,-0.560993892021349,0.710432060579286,1.40773869490317,0.703721744877605,0.951829727829153
"PTI98_005899",3.61681058265049,-0.784357584561832,1.01949007145795,1.40761647047682,0.703750363344679,0.951829727829153
"PTI98_006462",4.13945714739817,-1.11301800676433,1.01474743808588,1.40511809843718,0.704335460184529,0.951959564853181
"PTI98_009880",4.38122883038875,-0.279152976866201,1.07027197534185,1.40455441967846,0.704467497981709,0.951959564853181
"PTI98_010732",9.36190235629751,-0.535741528730012,0.733257730739402,1.40406307247061,0.704582601364652,0.951959564853181
"PTI98_006425",4.75922085110483,-0.526070174658389,0.90279521758125,1.39997580314524,0.705540403091675,0.952921735234195
"PTI98_008649",8.61748754400857,-0.251283161807247,0.845581225208812,1.39832959757011,0.705926329529979,0.953111114600343
"PTI98_005164",4.67975051682693,-0.327680863254709,1.02842147438123,1.38926151666739,0.708053810954633,0.953676432171593
"PTI98_006125",14.061935866418,-0.424388843204496,0.679150886576655,1.39249012488389,0.707296028230322,0.953676432171593
"PTI98_006800",59.0122301471531,-0.332425973729481,0.633614682702262,1.38920947447848,0.708066028526472,0.953676432171593
"PTI98_006845",10.7676646242749,-0.524876887849603,0.750797020009936,1.38928670114709,0.70804789860675,0.953676432171593
"PTI98_008585",3.94317707933071,0.970523396197345,0.960869472716856,1.38943423528473,0.708013263680699,0.953676432171593
"PTI98_009627",3.21678457934168,0.909771734687328,1.19903425664597,1.3901451991573,0.707846368751811,0.953676432171593
"PTI98_010756",3.86090206132858,-0.492862318512098,0.978720883886504,1.38983255731627,0.707919757685502,0.953676432171593
"PTI98_002715",3.2696945912237,-0.00206322859690516,1.17269531677227,1.38258255718889,0.709622507476444,0.955165410354132
"PTI98_000896",11.770526871065,-0.272712793795047,0.829133459626344,1.38240591853923,0.709664014601859,0.955165410354132
"PTI98_002623",77.4497186994726,0.449571952456927,0.518703069666313,1.37704064078547,0.710925246776329,0.95607185069498
"PTI98_006313",5.16474065242654,1.12293455320872,1.02377586083433,1.37510385506204,0.711380761008243,0.95607185069498
"PTI98_006689",4.36820658499351,0.463215925899995,0.983774889955996,1.37571763665619,0.711236392162942,0.95607185069498
"PTI98_006982",3.65067788732977,-0.483373393152908,0.991399524548092,1.37430004091026,0.711569846083116,0.95607185069498
"PTI98_012747",29.5508031677932,0.531905983541142,0.547997278635997,1.37754982694176,0.710805510895184,0.95607185069498
"PTI98_002358",5.6111304430378,0.621973524096742,0.845703248430101,1.35196220528194,0.716832654269805,0.956661773387885
"PTI98_002866",5.61448068567511,-0.47974765326645,0.856874160765089,1.33479614774991,0.720887435837275,0.956661773387885
"PTI98_002867",18.0315956863977,-0.659211382352362,0.74001349891443,1.35854845814457,0.715279305877923,0.956661773387885
"PTI98_002927",7.24927973782897,0.02659030134724,0.766874678458081,1.34200862049369,0.719182700479712,0.956661773387885
"PTI98_002955",10.5767110833004,-0.206902655090189,0.822833553202774,1.35903703535604,0.715164129932677,0.956661773387885
"PTI98_003083",4.7738409540493,-0.473360494874394,1.00440178207458,1.36024239296341,0.714880013809164,0.956661773387885
"PTI98_003115",3.73960953453109,0.63843494648493,0.940635201742213,1.35258795615234,0.716685015218408,0.956661773387885
"PTI98_000824",3.38708113440556,-0.980974884311993,1.11227550627106,1.3578629685131,0.715440913971472,0.956661773387885
"PTI98_000983",4.40380933972755,-0.827120348808006,0.933921811375823,1.34171412985031,0.719252275588961,0.956661773387885
"PTI98_000997",6.74820735909971,-0.201898280876443,0.806835521563715,1.34963443818648,0.717381970831456,0.956661773387885
"PTI98_001231",5.30824768872891,-0.698564808179512,0.873677062060328,1.36720681009071,0.713239314771666,0.956661773387885
"PTI98_001461",3.36824089148677,1.21070557911327,1.21114088479766,1.35962283601065,0.715026044580337,0.956661773387885
"PTI98_001520",11.3194431334001,-0.581311607660766,0.72671621448173,1.33731821095517,0.720291146018846,0.956661773387885
"PTI98_004675",4.69749079167063,1.07386572709614,1.02585888161399,1.35051280781712,0.717174669859738,0.956661773387885
"PTI98_004720",29.5022801719047,0.118527829523087,0.548162421609931,1.37073491706927,0.712408736412016,0.956661773387885
"PTI98_004902",3.93297089842808,-0.63107409654439,1.06178428925709,1.36806343475521,0.71303761399686,0.956661773387885
"PTI98_005418",239.496998016201,0.0233502121197699,0.503695334564442,1.35413158082008,0.716320865434812,0.956661773387885
"PTI98_007363",5.22010730570652,0.541357169660361,0.927159077613157,1.33535938136978,0.720754254471886,0.956661773387885
"PTI98_007477",4.43322713424255,0.892475531672594,0.99447943810211,1.35663570202588,0.715730285504061,0.956661773387885
"PTI98_007600",6.26559198492369,0.293909120186684,0.82826173634815,1.34361419367276,0.718803420536641,0.956661773387885
"PTI98_007607",5.65043871335381,0.395799727968432,0.826018693191915,1.34350079364413,0.718830206147489,0.956661773387885
"PTI98_007675",5.29866072828737,0.591632618725032,1.2296215768952,1.34857676885427,0.717631619000949,0.956661773387885
"PTI98_008017",13.9887895353192,-0.622247136851655,0.739124169822172,1.36796075123436,0.71306179062518,0.956661773387885
"PTI98_006143",5.06131702046547,-0.510652463746323,0.930160308901103,1.33528394761129,0.720772090877713,0.956661773387885
"PTI98_006345",3.26653694482815,0.798468142424252,1.07452119164803,1.35751115703486,0.715523861205781,0.956661773387885
"PTI98_006509",7.80356498448356,-0.903624318799856,0.826823676839666,1.35481775020992,0.716159017780151,0.956661773387885
"PTI98_006621",4.51998975045182,-0.641902333374933,0.972514716457353,1.3402924800054,0.719588185218961,0.956661773387885
"PTI98_008454",6.79487410071767,-0.632367395437795,0.795850183880226,1.34017215003594,0.719616619756248,0.956661773387885
"PTI98_008590",7.81863801466558,-0.744110594863535,0.789299388453432,1.33527821655817,0.720773445999242,0.956661773387885
"PTI98_009825",7.83485668608543,0.286136354022132,0.785679359018902,1.34151847269347,0.719298502160976,0.956661773387885
"PTI98_010027",6.22018040496182,0.358666194112526,0.867208103786185,1.3519469013383,0.716836265218091,0.956661773387885
"PTI98_010605",5.31569075200045,0.742464892981605,0.938383246214044,1.35462653248242,0.716204119090252,0.956661773387885
"PTI98_011051",12.0364269123917,-0.309102113371875,0.698252666066979,1.33895637058771,0.719903938493661,0.956661773387885
"PTI98_012116",4.21102346145869,1.15972211777731,1.0241915503182,1.33802245374909,0.720124676163995,0.956661773387885
"PTI98_012614",8.30311964493554,-0.0911324722318986,0.838802138220794,1.34398725150737,0.718715305293067,0.956661773387885
"PTI98_013574",11.7457888197591,-0.162611307562952,0.81178595692491,1.33569912935017,0.720673922734659,0.956661773387885
"PTI98_005060",7.82035930128963,0.405699178736718,0.879597909614551,1.33355591693552,0.721180732079565,0.956723686640436
"PTI98_001154",7.87712857915036,-0.757283510585834,0.851281824361506,1.3316117314219,0.721640594709066,0.956933214664171
"PTI98_001444",9.23640574176408,-0.377270069385778,0.725472697725772,1.33080237473254,0.721832066539666,0.956933214664171
"PTI98_000288",12.4894131607624,0.687067211281918,0.75612153215544,1.32698330852976,0.722735813290472,0.957476851008791
"PTI98_008637",7.41830230960427,-0.707743792860209,0.807260450564776,1.32744946415664,0.722625479005034,0.957476851008791
"PTI98_008806",29.8656864070495,-0.336010191370328,0.686205581007467,1.32498108402835,0.723209791404812,0.957777665025355
"PTI98_009726",6.67122984392326,0.176226969216641,0.948144194827487,1.32352968357901,0.723553448076341,0.957905742350896
"PTI98_004597",11.7508897782717,-0.81725193248504,0.74064708200157,1.32029286315877,0.72432006850325,0.957939838296661
"PTI98_005133",13.7214381279019,-0.550824620178955,0.678149608210635,1.32088019651836,0.724180939894266,0.957939838296661
"PTI98_005231",19.4717825718044,-0.0403768084984938,0.611702736124818,1.32102125696214,0.724147526713914,0.957939838296661
"PTI98_013106",12.4640845970477,-0.174060395757328,0.684019926658425,1.31472093503722,0.725640448324093,0.959358997630933
"PTI98_002227",4.90432832257419,-0.0178746858908877,0.971619116928719,1.30791544888406,0.727254338226428,0.959695592462423
"PTI98_000323",4.33456430490794,0.810602208133025,0.982078765775872,1.31106603120099,0.726507030002304,0.959695592462423
"PTI98_000882",10.9395527301113,-0.698774623664035,0.679656323052966,1.30734491512287,0.727389696745699,0.959695592462423
"PTI98_000936",12.06827471146,0.829112409400124,0.760722470217223,1.30426013676427,0.728121714002813,0.959695592462423
"PTI98_006644",5.98908936600716,0.826389591848284,0.934981212313888,1.30472064083679,0.728012419707795,0.959695592462423
"PTI98_013637",31.0688085603954,0.596014812418138,0.569318901442063,1.30473102251158,0.728009955828082,0.959695592462423
"PTI98_010973",5.53566041308963,-0.628798627453657,0.978931408601853,1.30712071538986,0.727442890375708,0.959695592462423
"PTI98_011704",6.11380681289973,0.743295967067667,0.906021923328564,1.30433746340435,0.728103361180183,0.959695592462423
"PTI98_012510",6.97095444642396,-0.0724634162706194,0.822164811694415,1.30767553215551,0.727311257104568,0.959695592462423
"PTI98_002220",3.81911521595964,-0.33769738628499,0.972678660176614,1.27620875325236,0.734790145910453,0.959743975369004
"PTI98_002521",3.96163272235177,1.08038569275218,1.06949368869438,1.28997091002373,0.731515949845445,0.959743975369004
"PTI98_002737",4.18631960870926,0.248302809885071,0.96745836215833,1.26358520262908,0.737797747807605,0.959743975369004
"PTI98_002807",15.9313158183421,0.702106527599699,0.705688043152868,1.25800492207813,0.73912853927882,0.959743975369004
"PTI98_002910",3.61223663434515,0.0131066422245866,1.06286488171291,1.2601865072311,0.738608181056632,0.959743975369004
"PTI98_003081",4.71461784381979,-0.0691301324730791,0.968548748405013,1.30053951982983,0.729004965921663,0.959743975369004
"PTI98_003295",5.18801729289626,0.710276090794519,0.912078656004679,1.25038558453551,0.740946834903897,0.959743975369004
"PTI98_003376",12.2350739149708,0.347172300286899,0.685103070867898,1.26474795184454,0.737520551155151,0.959743975369004
"PTI98_003505",10.9941075522083,0.571638698619571,0.688215393370541,1.29404511435999,0.730547606405739,0.959743975369004
"PTI98_003915",3.71802666406787,-0.0756328139813824,1.03898803678524,1.25278071140887,0.740375105427696,0.959743975369004
"PTI98_003953",4.33752389688942,-0.365686903394215,0.934577541309038,1.24764256200881,0.741601777299081,0.959743975369004
"PTI98_003955",3.20598284188891,-0.594449657500598,1.22640954636432,1.25658288877148,0.739467789645453,0.959743975369004
"PTI98_000717",3.92531432991344,-0.683468654806235,1.0237743700018,1.24956301806233,0.7411432175636,0.959743975369004
"PTI98_000821",8.1806230484081,-0.0600641691307588,0.953339396763111,1.25181444058657,0.740605742827291,0.959743975369004
"PTI98_001372",5.29436734113196,0.129609601435538,0.861061442911188,1.29343832682878,0.730691797374102,0.959743975369004
"PTI98_001397",9.97348772976383,-0.702348941979202,0.720284327181495,1.27139974766638,0.735935430696495,0.959743975369004
"PTI98_001506",5.07549291481608,-0.675719047733735,0.998572363493167,1.278735988034,0.734188512731092,0.959743975369004
"PTI98_001549",13.6020555152011,0.0130335339747142,0.668717898386066,1.25312997563317,0.740291745722897,0.959743975369004
"PTI98_001649",7.2087048576962,-0.426760212192109,0.885380203762156,1.25332994060537,0.740244020941365,0.959743975369004
"PTI98_001927",3.77180015993167,0.573796660672407,0.926307495770146,1.29686826440889,0.72987687199262,0.959743975369004
"PTI98_004384",4.39249972707964,0.39653084331841,0.904303132945045,1.27689123857042,0.734627657278907,0.959743975369004
"PTI98_004959",37.1396941639282,0.436462480047522,0.541565330538779,1.2833227854898,0.733097004370242,0.959743975369004
"PTI98_005395",4.03767656849504,-0.38953146549529,1.00737085397178,1.30130820213729,0.728822454158532,0.959743975369004
"PTI98_007366",4.24724225552184,-0.98642993896889,1.01522467787716,1.2448807400265,0.742261388529779,0.959743975369004
"PTI98_007810",10.3971419625836,-0.15875590170114,0.769530648388409,1.28748080050417,0.732108009529497,0.959743975369004
"PTI98_008062",25.9974454293387,0.454718546734885,0.542851331085369,1.26620814751607,0.737172491767164,0.959743975369004
"PTI98_005823",3.97990284300104,0.176999658537059,0.957006643752569,1.29202636713745,0.731027359857379,0.959743975369004
"PTI98_006227",5.59088383377055,-0.599017498935197,0.940613549275754,1.30103204331977,0.728888021944487,0.959743975369004
"PTI98_006304",36.8942569999404,-0.124989838848998,0.535668989778141,1.27872121387348,0.734192029385419,0.959743975369004
"PTI98_006341",8.26062095106361,-0.364497353642933,0.813371381101599,1.26315677858355,0.737899891564646,0.959743975369004
"PTI98_006435",3.86545331015873,1.08618051495936,1.00970718647446,1.29656962105175,0.729947814561613,0.959743975369004
"PTI98_006496",3.31181861621396,0.873997501897163,1.16375470945382,1.29298922866217,0.73079852299855,0.959743975369004
"PTI98_006526",3.50845990130189,-0.616694179311922,1.09163749018919,1.26453824605225,0.737570542028195,0.959743975369004
"PTI98_006766",7.4676617759842,0.50245562256453,0.771102958011432,1.26081142873866,0.738459144465145,0.959743975369004
"PTI98_008413",20.7720654943218,0.175461906157547,0.609120341300102,1.24647717717771,0.74188008643377,0.959743975369004
"PTI98_008436",4.24241222691501,-0.971665329278144,0.940555181200997,1.26156564792665,0.738279284694225,0.959743975369004
"PTI98_008586",9.51136726280239,-0.187662682996699,0.768023091084583,1.2761520029229,0.734803657779774,0.959743975369004
"PTI98_008620",4.27176678022644,-0.782264344461896,1.05482078405213,1.26953541799339,0.736379587197045,0.959743975369004
"PTI98_008621",4.82341723496305,0.510561614138949,1.02185415738639,1.24801110292374,0.741513771603278,0.959743975369004
"PTI98_008919",4.3574712810583,0.547483610785124,0.967649149710214,1.2673877622322,0.736891352028887,0.959743975369004
"PTI98_009084",7.51346223610982,-0.188322994609278,0.93345887397663,1.28232681487272,0.733333966199843,0.959743975369004
"PTI98_009099",4.99352077164523,-0.634775571830751,1.01103783929701,1.29615192940385,0.73004704105217,0.959743975369004
"PTI98_009593",4.45680393176856,0.960257224524723,1.01316394980927,1.27498595093603,0.735081305212411,0.959743975369004
"PTI98_010071",16.7122665658261,-0.13271120799034,0.619426792808153,1.25467352659223,0.739923378081608,0.959743975369004
"PTI98_010085",6.31726757744015,-0.638224835112986,0.843121030717626,1.26186005986536,0.738209079655844,0.959743975369004
"PTI98_010699",4.53908561482052,-0.847346486481987,0.911547571145447,1.25345924522784,0.740213160875611,0.959743975369004
"PTI98_010858",14.0722830133073,0.23779396196781,0.726007448328538,1.2764184041705,0.734740230165509,0.959743975369004
"PTI98_011392",6.98701759188398,-0.258690211546369,0.838357487773306,1.2675440435358,0.736854107840949,0.959743975369004
"PTI98_012151",9.65771387708832,-0.529994798282303,0.723769517893897,1.29209018619878,0.731012191636673,0.959743975369004
"PTI98_012209",8.49258273094084,-0.159077894604166,0.754251372077765,1.28100658882664,0.733648115079778,0.959743975369004
"PTI98_012265",16.700884375274,0.0483381749177654,0.856652310511188,1.27666547415198,0.73468140677787,0.959743975369004
"PTI98_012530",3.82993690836103,-0.297682764782499,0.994185092684273,1.27140484639304,0.73593421610065,0.959743975369004
"PTI98_012583",3.74293247059503,0.652833285020743,1.06083152597785,1.27983208770559,0.733927626836624,0.959743975369004
"PTI98_012757",17.9267997968605,0.589390681947906,0.63084316765067,1.24512630863813,0.742202731626594,0.959743975369004
"PTI98_012782",42.9769058365607,0.0290334936385158,0.727129728823572,1.28708329362786,0.732202537823951,0.959743975369004
"PTI98_012927",7.3152387791722,0.212428854173086,0.838749999249071,1.26574453258054,0.737282995515153,0.959743975369004
"PTI98_013170",36.4678395905053,-0.0324536220474584,0.519871117500152,1.25542083159513,0.739745054841688,0.959743975369004
"PTI98_005269",5.04764682012535,0.333114660515606,0.869339891479411,1.23877954623617,0.743719181268711,0.960424003176429
"PTI98_005416",3.46288672025083,-0.986485415912768,1.08980627390705,1.23853469961436,0.743777701866974,0.960424003176429
"PTI98_005591",3.70157810037221,-0.324920261169792,1.06899347322678,1.23916683486375,0.743626618538926,0.960424003176429
"rRNA_CM057210.1_2075565",62.0165437014313,-1.3778853334817,1.53130545896676,1.24033929461964,0.743346419500558,0.960424003176429
"PTI98_002379",4.9024896389358,-0.00575092560520645,0.9943238133635,1.23397654233722,0.744867394199137,0.961017476701114
"PTI98_001390",6.79337674980299,0.643120630206548,0.823888395350588,1.23485529632001,0.744657278688215,0.961017476701114
"PTI98_004605",7.68883968910653,-0.753326727940957,0.776030243441683,1.23143141998867,0.74547604727859,0.961017476701114
"PTI98_005958",12.4621960727622,0.127617614943445,0.653283440515553,1.23149495618198,0.745460851143691,0.961017476701114
"PTI98_008521",5.43108046031817,-0.786615542908479,1.00470763914519,1.23271315659278,0.745169508205268,0.961017476701114
"PTI98_006445",9.7053872823447,0.254661600818659,0.834360508973104,1.22992519141846,0.745836322843305,0.961162490468166
"PTI98_003952",3.23808262660018,-0.111773047114246,1.10746555851663,1.22756879469073,0.746400052209571,0.961361194679597
"PTI98_012123",9.11256316278972,-0.10291562186491,0.745271650943373,1.22720879655451,0.746486186742703,0.961361194679597
"PTI98_002982",20.3407943881201,-0.272819516359236,0.597104594658194,1.22552159061144,0.746889912293253,0.961561888412057
"PTI98_001192",8.12143037288716,-0.551770182325347,0.782894667495563,1.22100262659239,0.747971546961395,0.961996561890999
"PTI98_006434",10.3027426719543,0.706727612297897,0.733824728648737,1.22108382606044,0.747952107572795,0.961996561890999
"PTI98_011151",7.76083638600297,0.620690480081273,0.83159627676096,1.22262089407701,0.747584156024388,0.961996561890999
"PTI98_001601",14.1503001798877,0.62776194729563,0.641892957869575,1.21844398419714,0.748584166338101,0.962300889790874
"PTI98_007879",4.91224240639618,0.725083305909192,1.08655937488933,1.21712672199188,0.748899615174968,0.962300889790874
"PTI98_006400",6.11203677405107,-0.125397308260143,0.846226393577263,1.21603283708276,0.749161599341088,0.962300889790874
"PTI98_006453",10.3308879482647,0.454919762646687,0.707196029715964,1.21587047723224,0.749200486509008,0.962300889790874
"PTI98_001066",4.26236023159359,0.361024501081352,1.05374664180532,1.21138602280872,0.750274788479136,0.962490853046441
"PTI98_001232",11.4386056164742,0.577354853385217,0.711680350067316,1.21016752250284,0.750566767000091,0.962490853046441
"PTI98_001540",3.89337986624557,0.056337538293971,0.985774563425116,1.20401114260066,0.752042435596099,0.962490853046441
"PTI98_001689",4.81860775413795,-0.439629974172701,0.944409479475355,1.20194683703139,0.752537417676442,0.962490853046441
"PTI98_004891",5.26044346735717,-0.979798685503291,1.03645767527869,1.20310279087201,0.752260230823485,0.962490853046441
"PTI98_005289",3.13508975203001,-0.670134855924615,1.08491753909259,1.20504370911236,0.75179487778476,0.962490853046441
"PTI98_005596",8.15577475098016,-0.0695018760473158,0.749916536359954,1.20892435126179,0.75086468903915,0.962490853046441
"PTI98_008472",3.57000244994108,-0.616408082477231,1.05628564871356,1.21120513070134,0.750318132106814,0.962490853046441
"PTI98_009668",3.50935394276757,-0.0620705479189614,0.997860427692006,1.20179405882143,0.752574054470187,0.962490853046441
"PTI98_009912",5.83607056913194,-0.141307865949698,0.87192482256574,1.20366463979673,0.752125514497726,0.962490853046441
"PTI98_010359",8.63971632582541,0.284602775732419,0.792577257816256,1.2048307973898,0.751845921591414,0.962490853046441
"PTI98_012563",4.27080312865256,-0.526377197600355,1.20312646111799,1.20230977355142,0.752450386009339,0.962490853046441
"PTI98_012850",3.98978571178557,-0.691026336830089,0.983449876852979,1.20316010615715,0.752246487860143,0.962490853046441
"PTI98_006613",3.3007793622188,-0.491609087522363,1.01713308601359,1.20072220154367,0.752831103104738,0.962502257397258
"PTI98_005324",15.9180376017334,0.447114914851987,0.614801288666889,1.19818154886315,0.75344048433536,0.962957055270505
"PTI98_006633",10.2375633183963,-0.711872209644619,0.760658266637157,1.19716923618168,0.753683325548145,0.962957055270505
"PTI98_008559",4.28372656304863,0.0397597954528536,0.967697392192943,1.19485760686452,0.754237932409837,0.963348350285729
"PTI98_003447",9.02650568370545,0.375504134268566,0.852116174630054,1.18736672775094,0.756035859651558,0.96382939515238
"PTI98_000098",5.97478954796351,-0.626232542028046,0.82368527107536,1.18449189247907,0.756726148888595,0.96382939515238
"PTI98_001176",4.89675979073711,0.63850434248419,0.9500156711551,1.18592632204152,0.756381702304399,0.96382939515238
"PTI98_001600",6.31859236015731,-0.0984993122561003,0.828058914097194,1.18500862348598,0.756602062900619,0.96382939515238
"PTI98_005491",3.75110080464996,-0.4755809878325,1.00741205821966,1.1823529741211,0.757239834294413,0.96382939515238
"PTI98_007693",4.90145471097985,-0.509422303135631,0.946989493080792,1.1836344844105,0.756932054893605,0.96382939515238
"PTI98_008111",5.80265401850611,0.0276115650900279,0.94582314250816,1.18323944998937,0.757026926771591,0.96382939515238
"PTI98_006610",9.36355061996064,0.0528454370023332,0.684431482411528,1.18739603727458,0.756028822816809,0.96382939515238
"PTI98_008633",3.29261898151479,-0.10251560610468,1.04086176292802,1.18190359268391,0.757347769122055,0.96382939515238
"PTI98_010272",20.9920072670669,-0.379556758936645,0.571452308909802,1.18278105688236,0.757137018574689,0.96382939515238
"PTI98_012625",79.8400251971615,0.171621116769443,0.526726604455807,1.18859064439606,0.75574202708539,0.96382939515238
"PTI98_002403",13.4344294857147,-0.169661819282186,0.695408700202843,1.12823262618791,0.770263355329751,0.964218782049219
"PTI98_002900",10.0819452101052,-0.182910168829423,0.764945799701833,1.11601139924558,0.773210341863458,0.964218782049219
"PTI98_003060",8.84156420788194,-0.514930022955732,0.811620713150826,1.16628386397741,0.761101664336094,0.964218782049219
"PTI98_003424",65.8317648388004,0.224154968947291,0.572385422568895,1.1376201568673,0.768001057253501,0.964218782049219
"PTI98_003485",6.45786018583703,-0.570639880414285,0.809215705328728,1.11217631815936,0.77413551495441,0.964218782049219
"PTI98_003543",5.48243911526912,0.44459123503706,0.889488733894337,1.16540419093223,0.76131320397441,0.964218782049219
"PTI98_003699",164.5366282493,-0.355343448438973,0.462861863693252,1.17099794137282,0.759968272649447,0.964218782049219
"PTI98_003734",14.4551912642599,0.116659180174666,0.631867561425164,1.10733993632371,0.775302495800855,0.964218782049219
"PTI98_003786",3.86517861109721,-0.535816494742487,1.01847664293849,1.11381820484622,0.773739404786117,0.964218782049219
"PTI98_003945",10.2807904033083,0.686641364098562,0.769406086038783,1.11740430855428,0.772874362464795,0.964218782049219
"PTI98_000277",7.91137281995194,-0.477057328626908,0.934904031129778,1.14091948768696,0.76720625360367,0.964218782049219
"PTI98_000285",4.03224833677667,0.638762420673828,0.935881345735174,1.1519690146616,0.764545637684748,0.964218782049219
"PTI98_000629",8.31832524477206,-0.380806787006339,0.760615411416422,1.16103280547,0.762364608896577,0.964218782049219
"PTI98_000706",7.01541373895082,0.458226529990667,0.905134905681959,1.11552214744461,0.77332835858145,0.964218782049219
"PTI98_000901",5.75012876319564,0.782357768076372,0.86411603516438,1.13564219422799,0.768477621636077,0.964218782049219
"PTI98_001193",4.23114156848509,-0.0381072721870361,0.940046690021389,1.12737128588368,0.770470991097779,0.964218782049219
"PTI98_001326",3.16555996872428,-0.960961264191292,1.20566327374973,1.13172788212358,0.769420889500767,0.964218782049219
"PTI98_001409",5.33102148020791,0.27543414053483,1.08171819982856,1.14750798084076,0.765619583675617,0.964218782049219
"PTI98_001449",4.45517870055164,-1.19248947544717,1.13828547514676,1.13533790196076,0.768550941916329,0.964218782049219
"PTI98_001534",11.3347942648021,-0.230851666508872,0.751104726772203,1.11815296218536,0.772693792151032,0.964218782049219
"PTI98_001559",7.16625317583694,-0.356474456495916,0.864443394728183,1.15114362057564,0.764744318863514,0.964218782049219
"PTI98_001598",4.27903675441455,0.0181600604475821,0.924670712324848,1.1393218254011,0.767591107939592,0.964218782049219
"PTI98_001819",4.42941836470325,0.497918320309227,0.941867252795317,1.14317647631199,0.766662641637286,0.964218782049219
"PTI98_001893",3.64793978831234,-0.203315738041344,1.07995335369177,1.1247370455355,0.77110606680381,0.964218782049219
"PTI98_001904",11.9172099712603,0.753711984122127,0.733036166099447,1.10916591647009,0.774861868430391,0.964218782049219
"PTI98_004615",20.8259898500067,-0.503416474009981,0.642357210829403,1.12879691109224,0.770127333613289,0.964218782049219
"PTI98_004637",3.39853204649311,-0.981437045629612,1.1753025199208,1.15712350433845,0.763305143603968,0.964218782049219
"PTI98_004929",22.993456017577,0.539662049244986,0.556402814145647,1.10735247129404,0.775299470852853,0.964218782049219
"PTI98_004987",5.53815106892031,-0.232733000953825,0.900696095919488,1.14157058422685,0.767049424489198,0.964218782049219
"PTI98_005028",11.098551708059,-0.462869123147689,0.678279117538317,1.16495329749019,0.761421637832546,0.964218782049219
"PTI98_005048",4.98585557682258,-0.122042410730556,0.91760953008439,1.1302992043364,0.76976522498232,0.964218782049219
"PTI98_005175",3.61122425965897,-0.524226484743558,0.974766612362655,1.16543828679892,0.761305004514292,0.964218782049219
"PTI98_005194",3.78343125813777,0.934916463611096,1.04442446222176,1.16736904053919,0.76084072446022,0.964218782049219
"PTI98_005204",15.1508905661867,-0.284086343251228,0.634379886137627,1.12115528508656,0.771969723844191,0.964218782049219
"PTI98_005207",4.98195186928441,-0.623823480578288,0.869048499209489,1.13994740983426,0.767440408964032,0.964218782049219
"PTI98_005382",26.3815379453218,-0.604351122841626,0.600087045680561,1.12510458846,0.771017452127261,0.964218782049219
"PTI98_005481",16.9831222591806,0.551838740821299,0.631912163262937,1.12060969536948,0.772101294712968,0.964218782049219
"PTI98_005582",14.815952131416,-0.248264995183067,0.688345435992719,1.13826010136377,0.76784688311919,0.964218782049219
"PTI98_005950",5.43536571608225,-0.397429209447402,0.8452547193508,1.15182262849872,0.76458087361119,0.964218782049219
"PTI98_006027",18.6119847882262,-0.0404926700935392,0.660495034016133,1.1191465941544,0.772454145716321,0.964218782049219
"PTI98_006070",5.2534076417192,-0.693679750329644,0.88539852932893,1.11392657717295,0.773713260796242,0.964218782049219
"PTI98_006104",12.9328273648164,-0.435467060799726,0.679351461902371,1.10841911779984,0.775042073707649,0.964218782049219
"PTI98_006342",7.81622067959225,-0.205686931323522,0.754889521258682,1.11822739753433,0.772675839225928,0.964218782049219
"PTI98_006542",3.67969748817924,-0.10373164505042,0.988828156169934,1.1441679177195,0.766423870058024,0.964218782049219
"PTI98_006984",3.95956169535623,-0.0319607045122762,1.00522860952498,1.16492567776908,0.761428280119634,0.964218782049219
"PTI98_007042",4.74182587493796,-0.918477268251828,1.02097555539498,1.11927444066506,0.772423312320345,0.964218782049219
"PTI98_008572",3.19972284282681,-0.0794778446696693,1.11113210923717,1.17072770481568,0.760033234373353,0.964218782049219
"PTI98_008628",3.85622574704572,-0.0375084565349795,0.993185225480914,1.11136263293606,0.774331831176995,0.964218782049219
"PTI98_008745",9.21580121555655,-0.634527972344388,0.736386216295903,1.12579282861937,0.770851522153466,0.964218782049219
"PTI98_008888",6.44426205125431,0.618083903467745,0.905317208018516,1.13326545222446,0.769050341124812,0.964218782049219
"PTI98_009746",5.17702681796829,-0.0683160301507131,0.949755978979203,1.16210669603424,0.762106287092555,0.964218782049219
"PTI98_009975",9.73606071429776,0.353987788510881,0.859248552565797,1.16822212932622,0.760635606296494,0.964218782049219
"PTI98_010059",4.01291922699732,0.0738059230979221,0.946061242015162,1.11977000950674,0.772303795438404,0.964218782049219
"PTI98_010137",6.70620582476819,-0.685321911596291,0.856148852937137,1.14647328666511,0.765868719480479,0.964218782049219
"PTI98_010207",3.49850725121883,-0.745289887011328,1.00857169848535,1.10766872822692,0.775223152112356,0.964218782049219
"PTI98_010874",7.44374963632462,-0.0486032209884207,0.748055709861345,1.1737437871432,0.75930827624927,0.964218782049219
"PTI98_010943",9.79118763742347,0.12939324013533,0.737845142916687,1.15701786298536,0.763330563235995,0.964218782049219
"PTI98_010962",19.6704749507633,0.0235367974021856,0.709114628251675,1.1161408725754,0.773179110967714,0.964218782049219
"PTI98_010993",5.13293435427091,-0.390194024373644,0.915247744156844,1.11731626010154,0.77289559963789,0.964218782049219
"PTI98_011024",7.56970880367774,-0.207621942295214,0.815327303010643,1.12633018793247,0.770721972948841,0.964218782049219
"PTI98_011079",6.20457496491791,-0.41727666603577,0.792162791966516,1.11905968774728,0.77247510549823,0.964218782049219
"PTI98_011268",14.7158747251509,0.523260943433342,0.684047129150018,1.13554660145871,0.768500654902933,0.964218782049219
"PTI98_011310",3.34740444611709,-0.509822323829342,0.967848136857371,1.16021179000958,0.76256211518235,0.964218782049219
"PTI98_011905",5.79185777012617,-0.667204924089643,0.963324510889908,1.13312703335231,0.769083698164166,0.964218782049219
"PTI98_012038",3.22214433083014,-0.397478838940973,1.10235623081768,1.17093959584481,0.759982298127044,0.964218782049219
"PTI98_012047",3.76064773600226,-0.590655810966586,1.03170884440393,1.13820102281342,0.767861115953418,0.964218782049219
"PTI98_012059",17.3219741878838,-0.191251448114221,0.648355238039172,1.139765616619,0.767484201100359,0.964218782049219
"PTI98_012756",24.1694968436404,0.421058354435926,0.570545920550549,1.16446057061975,0.761540136030056,0.964218782049219
"PTI98_012966",6.28998506991649,-0.636961021555825,0.954058891083478,1.17169168173622,0.759801511411192,0.964218782049219
"PTI98_013327",8.35195434868598,-0.175235793542707,0.812074341853127,1.15161948189602,0.764629772639945,0.964218782049219
"PTI98_013434",3.73354887865116,-0.659587736658545,1.03594652530203,1.15411497918485,0.764029131831595,0.964218782049219
"PTI98_000011",20.8717358875285,-0.630149549484971,0.699010122323529,1.08496162048363,0.780705592526217,0.964271143630586
"PTI98_001470",9.09996185572235,-0.711840518375388,0.731523103135098,1.09002946511187,0.779481539455016,0.964271143630586
"PTI98_001642",13.5251293354775,-0.216490282010108,0.644090174325276,1.09566563339723,0.778120518727506,0.964271143630586
"PTI98_001699",6.52719223044669,0.261283631872595,0.822301017603667,1.09217566281037,0.77896323775589,0.964271143630586
"PTI98_005559",3.20437490612785,0.169925339804567,0.977669385032054,1.0927996245449,0.778812561226331,0.964271143630586
"PTI98_007375",6.77316758629719,-0.404285566176039,0.84800087978584,1.09555490309158,0.778147254692534,0.964271143630586
"PTI98_007432",8.38670098472693,0.677622387407001,0.773011760146952,1.0978285227024,0.777598312598195,0.964271143630586
"PTI98_008149",6.43664640183457,0.0511651545258061,0.841996150147067,1.10232039360409,0.776513961087474,0.964271143630586
"PTI98_005896",3.36395520865623,-0.880349188065336,1.06845590334839,1.08877670665836,0.779784098974727,0.964271143630586
"PTI98_006996",6.19561059552549,-0.719931964869912,0.890412429303981,1.10147059427721,0.776719088206478,0.964271143630586
"PTI98_008403",3.59382313977786,0.484439936956548,1.28960712812938,1.08649659950387,0.780334817774985,0.964271143630586
"PTI98_008701",9.10111814193828,-0.293447095007572,0.764271855091624,1.08470925185071,0.780766554405992,0.964271143630586
"PTI98_008913",21.5339360005536,0.435284807508768,0.701013845001455,1.1040066384205,0.776106954251298,0.964271143630586
"PTI98_009722",23.455469107743,-0.0456059469665354,0.553452677726218,1.08318361908381,0.781135097254868,0.964271143630586
"PTI98_009877",8.92632165702916,-0.704162987163243,0.785276196171905,1.10290934004901,0.776371804164783,0.964271143630586
"PTI98_009917",4.75563025283859,0.0424001348141234,0.957030634355016,1.09311555166121,0.778736271527832,0.964271143630586
"PTI98_011295",6.59888321660428,0.519149187351125,0.888635579497712,1.09162789081935,0.779095518982566,0.964271143630586
"PTI98_011303",4.77369655752792,0.211125200061913,1.019775279549,1.08245672032242,0.781310699775955,0.964271143630586
"PTI98_012382",3.56381997501064,0.675004481591318,1.04656823285234,1.08657243089238,0.780316501259172,0.964271143630586
"PTI98_012612",8.4708535293052,0.472252469231187,0.739408258887358,1.10388667875519,0.776135907705593,0.964271143630586
"PTI98_012742",27.6160653451319,-0.501795128897707,0.57581824327677,1.08274198853483,0.781241784759386,0.964271143630586
"PTI98_012759",3.61384907550699,0.167209780969222,1.10918191431626,1.09886249008719,0.777348690120262,0.964271143630586
"PTI98_013447",11.6510629920708,-0.249269397693962,0.702546503088839,1.08896461503969,0.779738715357746,0.964271143630586
"PTI98_013450",27.3019686126542,-0.513447115812246,0.600905349922607,1.09946190400692,0.777203983719877,0.964271143630586
"PTI98_004487",3.59780647510287,-0.0232011291951614,1.08529791037962,1.08126647589263,0.781598246751593,0.964319210925391
"PTI98_007516",7.25196043871686,-0.272963121147056,0.834087382460019,1.0763558878797,0.78278471255738,0.965239511237125
"PTI98_006642",13.7536000271092,0.623353402102111,0.671756644554458,1.07598109374602,0.78287527663471,0.965239511237125
"PTI98_012686",4.64876142877484,-0.027907745335576,0.940481376597441,1.07508968565823,0.783090678490135,0.965239511237125
"PTI98_013087",5.81458609817593,-0.86518639621317,0.939787099663797,1.07326368530176,0.783531938179754,0.965476616327594
"PTI98_013472",4.09546850363246,0.365401195892357,0.97340990042599,1.07186974996646,0.783868806315094,0.965584979262067
"PTI98_000508",3.64461749165855,0.488171383562192,1.14633638794052,1.06637153818225,0.785197693309561,0.965688602519907
"PTI98_001577",10.8089731890692,0.466645194278195,0.726381684774822,1.06944813433888,0.784454068102434,0.965688602519907
"PTI98_005539",5.08312670661047,-0.522818255082404,0.843519975157612,1.06703187136944,0.785038082114417,0.965688602519907
"PTI98_011465",13.6916362925202,-0.0747597415845289,0.730356093996281,1.06912043710491,0.784533270312501,0.965688602519907
"PTI98_012869",21.0732357867359,0.174999350682554,0.711685985798373,1.06640806162723,0.785188865027735,0.965688602519907
"PTI98_005294",5.2345004698953,-0.804365114496498,1.0235260691995,1.06514955948735,0.785493070221183,0.965745679679229
"PTI98_008580",6.98929481341692,0.376480947558206,0.805206715866441,1.06269647776286,0.786086062705842,0.966168516234462
"PTI98_012008",97.1862876401897,-0.183601073037544,0.566273678832951,1.06118317643465,0.786451900114118,0.966311979899482
"PTI98_008795",4.24284588541537,-0.0877946044141373,0.979847168400716,1.05984374186061,0.786775718927498,0.966403740886562
"PTI98_009732",8.29875390226485,0.090692333652154,0.822070324765341,1.05769184829815,0.787295981603826,0.96673666117165
"PTI98_001250",3.45173208420527,-0.798795769446645,1.09569436484887,1.0541328736488,0.788156500356076,0.967487045848487
"PTI98_000217",27.5879523525098,0.3907261180214,0.557716913375518,1.04628089309676,0.79005528923326,0.967983735231903
"PTI98_000501",4.22025625915108,-0.422195405663563,0.978869052225687,1.04833087907792,0.789559521667393,0.967983735231903
"PTI98_001558",8.79763614580797,0.574612903781929,0.773109150992073,1.04626806014809,0.79005839281882,0.967983735231903
"PTI98_001630",4.08343893248951,0.0848317370513162,0.912530211485426,1.05013993708742,0.789122039427252,0.967983735231903
"PTI98_005288",3.97839795569515,0.722153494768604,1.02366619858807,1.04716405654506,0.78984170262311,0.967983735231903
"PTI98_011088",5.00249212207623,-0.389039218509047,0.917078591915009,1.05055012485961,0.789022846834715,0.967983735231903
"PTI98_004812",6.49072141600892,-0.779831441553974,0.947293165071723,1.04144221673134,0.79122555969088,0.968801750644231
"PTI98_012305",8.79946769794148,-0.248194784707695,0.827897551185467,1.04200066247236,0.791090489376363,0.968801750644231
"PTI98_002442",9.0731595131955,0.27848418856292,0.848841106572577,1.03519875735095,0.792735752201145,0.969107186110946
"PTI98_001268",3.7000015116549,-0.308373344923507,1.00146602269941,1.03345204009384,0.793158284915002,0.969107186110946
"PTI98_004713",4.56885338359107,-0.46769663609365,0.954725691603928,1.03632835354889,0.792462508353884,0.969107186110946
"PTI98_008236",3.79490352949669,-0.186896461140437,1.12312684700333,1.03476112518651,0.792841614720579,0.969107186110946
"PTI98_010811",3.12778082369315,1.11277307615941,1.33386958192503,1.03784661308392,0.79209525727993,0.969107186110946
"PTI98_011103",9.9175074134904,0.0712438083837207,0.874106351941301,1.0321482341789,0.793473684735335,0.969107186110946
"PTI98_011910",6.32045414588608,-0.171291621755756,0.889742600986029,1.03298675199655,0.793270840627334,0.969107186110946
"PTI98_013593",3.78653412569701,-0.555394440684355,1.01065365855227,1.03397893329233,0.793030827618797,0.969107186110946
"PTI98_001726",3.16772123644941,-1.03383408215978,1.08754061732984,1.02789844551038,0.794501781642277,0.969652167290512
"PTI98_004609",3.14179903956471,0.863897350683774,1.16726803177283,1.016609773402,0.797232969635489,0.969652167290512
"PTI98_005203",8.01314055626762,0.845506584175626,0.836501998763883,1.02536752005622,0.795114084732406,0.969652167290512
"PTI98_005327",4.71646384487037,-0.875347967740439,0.974141990026236,1.01576576130365,0.797437182615525,0.969652167290512
"PTI98_005642",19.4171702795448,-0.385071719417301,0.649080700953467,1.01935739971337,0.796568177723372,0.969652167290512
"PTI98_007454",13.1964034246273,0.651977371647962,0.643967524952437,1.02634787741468,0.794876905935019,0.969652167290512
"PTI98_007586",9.2461005963576,-0.371598957119202,0.725621399930488,1.02235545393609,0.795842814307088,0.969652167290512
"PTI98_005779",16.9831347132826,0.315858646173496,0.661378786313735,1.01458786062479,0.797722183840445,0.969652167290512
"PTI98_006241",7.83632262488153,0.619533564295688,0.792873942345153,1.01640279116862,0.797283049902201,0.969652167290512
"PTI98_009592",4.70126297861566,0.540998687523009,0.925481403462603,1.02093066848582,0.796187530863465,0.969652167290512
"PTI98_009606",7.97966363294758,0.750547828711266,0.790940933699797,1.02210960618879,0.795902295021154,0.969652167290512
"PTI98_010260",12.3484939669431,0.653884382688911,0.700241399754606,1.01377238930709,0.797919494197297,0.969652167290512
"PTI98_010335",4.58001414573257,0.3695824042763,0.889769103212393,1.01685944215512,0.797172561289323,0.969652167290512
"PTI98_011052",3.95527836365855,0.830441933327967,0.950575340947344,1.01652079702045,0.797254497854173,0.969652167290512
"PTI98_011183",7.49352810522912,-0.656217189970856,0.920027747330414,1.02263572379901,0.795775005658073,0.969652167290512
"PTI98_012794",10.8105171507051,0.250567841255602,0.695919398639097,1.0270098479718,0.79471675644369,0.969652167290512
"PTI98_012452",7.4376187671991,-0.699435091306514,0.947096961856576,1.01207288171237,0.79833070823571,0.969848047994462
"PTI98_005414",6.20746009138346,-0.776708183817426,0.885556792196426,1.00868276868118,0.799150994214965,0.970149181772205
"PTI98_006457",12.9353355902021,-0.281579457414661,0.676356023636615,1.00890428854123,0.799097393924139,0.970149181772205
"PTI98_010431",4.17957375719471,-0.374837492658448,0.93715291371277,1.00794753856214,0.799328895319404,0.970149181772205
"PTI98_000220",3.29743609231309,-0.463001361512025,1.06160584517144,1.00581628326461,0.799844590581657,0.970167969626719
"PTI98_011809",12.5468470098455,0.200331383402247,0.680810710283639,1.00622187380907,0.799746450429431,0.970167969626719
"PTI98_005600",3.37706804661147,-1.0251643592328,1.10202846897237,1.00471980237882,0.800109905015103,0.970186408738226
"PTI98_003608",10.5085394378942,-0.045415065707573,0.776461978077882,1.00113933509216,0.800976271193285,0.970689926911067
"PTI98_012760",5.84029146458929,0.385540823699188,1.00477806534462,1.00093530863866,0.801025639608746,0.970689926911067
"PTI98_000486",7.95387174032211,-0.45876885291487,0.884055456773492,0.998899684565615,0.801518200997182,0.970983479596524
"PTI98_006124",3.83213142113525,0.393179063583329,1.03953603424771,0.995778659820282,0.802273396122906,0.971594912132611
"PTI98_001137",21.4902265704681,-0.0439392962993773,0.677674857055228,0.994437266172298,0.802597972155184,0.971684623592372
"PTI98_005195",4.1175167953207,-0.899944221543702,0.929479821980456,0.992247148398974,0.803127910587141,0.971719639790243
"PTI98_011888",3.52742814451722,-0.685459710864053,1.0883164382058,0.993055305363654,0.802932362916708,0.971719639790243
"PTI98_002526",11.6162593071972,-0.51073313181431,0.778747594369572,0.984249594043689,0.805063014629607,0.971828619631978
"PTI98_003186",3.66812005879755,-0.354839891125053,1.05885892964864,0.981861183404902,0.805640898054672,0.971828619631978
"PTI98_001245",15.429131754384,-0.181838147690354,0.668855290048632,0.986885804780215,0.804425162441499,0.971828619631978
"PTI98_001502",5.7676626573096,0.686571167859104,1.02177213692276,0.981939624516116,0.80562191917559,0.971828619631978
"PTI98_004527",4.80891938266606,-0.264026377155272,0.925119457702995,0.987258385054758,0.804335012722352,0.971828619631978
"PTI98_007696",8.66641326297154,-0.45391487423608,0.786599763804826,0.984495935016824,0.805003411003369,0.971828619631978
"PTI98_008902",5.84798472233662,0.77247337038375,0.848082293485817,0.981520438887443,0.805723341257139,0.971828619631978
"PTI98_010073",3.43214475377039,0.251987382026453,0.960390256579145,0.986631572227331,0.804486676555977,0.971828619631978
"PTI98_010714",4.75739066209195,-0.653418806072374,0.871578600816116,0.984605546659452,0.80497688979385,0.971828619631978
"PTI98_013562",13.1757288919707,0.63374748563785,0.710006981967831,0.983340948196826,0.80528286572842,0.971828619631978
"PTI98_003037",104.712859932638,0.144742849624092,0.514793399035727,0.972810778848583,0.807830541568513,0.97205372245303
"PTI98_003923",18.5413431814249,0.675128419130689,0.686688897039852,0.972462823205689,0.807914720595145,0.97205372245303
"PTI98_001733",4.48442218682407,-0.648360315354799,0.955656425027328,0.975419219325346,0.807199483007789,0.97205372245303
"PTI98_004950",6.77421829627498,0.383256288083807,0.877548335173792,0.97874888305121,0.806393909469545,0.97205372245303
"PTI98_006916",5.13115986562237,0.798872782574928,0.887898320418582,0.975745769879723,0.807120479305706,0.97205372245303
"PTI98_009799",8.5211536410718,-0.131372520030229,0.824192731993194,0.972866014176773,0.807817178746541,0.97205372245303
"PTI98_012739",6.65181884105042,-0.307795629281186,0.799592146327937,0.973585359800651,0.8076431499265,0.97205372245303
"PTI98_013249",7.47692133094279,0.562017636622008,0.90382803696182,0.973004383371517,0.807783703695884,0.97205372245303
"PTI98_002842",5.69587893319108,0.679113379256383,0.831808604280732,0.957296656154327,0.811583311520355,0.97235475975072
"PTI98_003297",13.7023199428386,-0.519559910661948,0.810286534206205,0.965839019139267,0.809517096399919,0.97235475975072
"PTI98_004010",9.71993644574244,-0.292272982074845,0.703496967922506,0.958645633198984,0.811257046863856,0.97235475975072
"PTI98_000352",6.62164403500255,0.336805730363733,0.933713827453788,0.95791029833012,0.811434896735297,0.97235475975072
"PTI98_000549",15.2247821238995,0.51144502908233,0.691528897470815,0.965011306362953,0.809717317394627,0.97235475975072
"PTI98_001454",7.76563810212479,0.194056865075694,0.805837738504047,0.96749899919071,0.80911554393357,0.97235475975072
"PTI98_004818",3.22825611117521,-0.246052414345673,1.08600717636221,0.961474172077331,0.810572903771054,0.97235475975072
"PTI98_005004",9.06701331860822,-0.631750934909899,0.757761799596139,0.962478527559995,0.810329969269355,0.97235475975072
"PTI98_007515",3.6305477176852,-0.983056476712689,1.05186297407207,0.958833283191659,0.811211660928525,0.97235475975072
"PTI98_007705",186.384902441925,0.038982380182199,0.568393182979306,0.962774208246515,0.810258448819118,0.97235475975072
"PTI98_008043",4.35974548258159,-0.927192270723101,0.973001127076111,0.96825426613713,0.808932839619997,0.97235475975072
"PTI98_006535",8.2621140796575,0.730299945186949,0.832066548017754,0.956500868984847,0.811775776652672,0.97235475975072
"PTI98_009995",98.7196789534272,0.0364543562630651,0.481571245339896,0.956025555509925,0.811890731951907,0.97235475975072
"PTI98_010797",3.55828508554364,0.793496761254486,1.03826080809333,0.955883872789919,0.811924997894453,0.97235475975072
"PTI98_010981",6.37728987071769,-0.0148478055409686,0.808102246798098,0.956474925916538,0.811782051056062,0.97235475975072
"PTI98_002746",4.35109091274466,-0.842983102593254,0.975117880795665,0.954032819999725,0.812372664275347,0.972590606396318
"PTI98_012529",16.1680079022205,0.110159571057642,0.66535288698126,0.952392435918881,0.81276936499328,0.972765309104885
"PTI98_000233",8.47998790078957,0.183202644570538,0.808574018514035,0.947708022435009,0.813902124109618,0.972956314960993
"PTI98_000454",4.91157481304871,0.0551967067222514,0.883503530604745,0.945252327542647,0.81449588913696,0.972956314960993
"PTI98_001785",4.22024268560994,-0.294313304752757,1.17176931356377,0.950498925475067,0.813227260023412,0.972956314960993
"PTI98_005102",9.36419834090582,0.549281542629418,0.72183158624818,0.939816950832551,0.815809961489858,0.972956314960993
"PTI98_005258",15.5140355865424,0.450888204735164,0.687832658216281,0.939283682224087,0.81593887408304,0.972956314960993
"PTI98_005345",8.13581026818693,0.00398725098513137,0.778559200023474,0.943663327508958,0.814880072735715,0.972956314960993
"PTI98_007535",4.32881184337392,-0.138828943349711,0.970776213640223,0.940849541085839,0.81556033641856,0.972956314960993
"PTI98_006614",4.56676973239607,0.283129462849725,1.03223361095535,0.939834623352894,0.815805689289048,0.972956314960993
"PTI98_008794",3.56052325476077,-0.196513675494277,1.12279905851376,0.947522497698692,0.813946983758724,0.972956314960993
"PTI98_009926",3.94852143346591,0.034566479456846,0.96534428008558,0.941197120877092,0.815476308393129,0.972956314960993
"PTI98_010579",5.90290174668897,0.498151022964851,1.05978738839144,0.940348458673029,0.815681472355255,0.972956314960993
"PTI98_012180",33.4327708119565,-0.312401773387719,0.659747232292318,0.941922635518736,0.815300911020269,0.972956314960993
"PTI98_009778",12.2056591799582,0.363576757080357,0.665116395712452,0.936491112554037,0.816613914369052,0.973462007940244
"PTI98_001126",3.29026635776484,-0.435692736565686,1.24939051586548,0.934819239827327,0.817018021228567,0.973513895080334
"PTI98_009826",8.64376147207765,0.531422055719724,0.905408368396014,0.934234378957086,0.817159381897801,0.973513895080334
"PTI98_011323",3.58046631342399,0.863032122488586,1.14188343684729,0.932893590292757,0.817483439025099,0.973600939508247
"PTI98_011656",23.941975896304,0.534634288348604,0.596945636641534,0.93176502508976,0.817756191462048,0.973626846740726
"PTI98_008664",4.69354402677769,0.587024069661807,0.938390266809348,0.930589282297944,0.818040333821608,0.973666294843208
"PTI98_008122",3.58764412629254,-0.19517265801801,1.04897201453177,0.925937405235253,0.819164430966046,0.9744062642494
"PTI98_013449",4.13158655914618,0.521902050099974,0.994630295441693,0.926860710567816,0.818941336162984,0.9744062642494
"PTI98_008108",7.68958170776635,0.455703139573242,0.833035879681598,0.924627425855178,0.81948094220658,0.97448392851604
"PTI98_003144",6.30097276699722,0.553531544267626,0.894408321370903,0.923213125391776,0.81982264005061,0.974591486594029
"PTI98_012701",7.58438410410217,-0.0276459946380875,0.772564214796373,0.921531542012772,0.82022888780046,0.974775691108451
"PTI98_004847",3.77212209511418,-0.123770452444542,1.02582666536565,0.9174689782364,0.821210226815221,0.975344295718384
"PTI98_007820",6.37979386292846,0.434958409999234,0.834485751818116,0.917688914924149,0.821157104165508,0.975344295718384
"PTI98_002845",7.50675708964884,0.126089187900044,0.782177311470253,0.908756889337653,0.823314072282176,0.976056314051836
"PTI98_002997",7.15727036952061,-0.700218306322567,0.780762653413479,0.902029525164366,0.82493801043618,0.976056314051836
"PTI98_003000",14.0348973320998,0.0108033723748342,0.688652750466791,0.895188155787437,0.826588859989071,0.976056314051836
"PTI98_000113",7.09188625694076,0.611134216877736,0.880495006466415,0.905039847630334,0.824211410532156,0.976056314051836
"PTI98_000435",25.4200838097365,0.415090196914002,0.588293438107529,0.90583154313714,0.824020300193576,0.976056314051836
"PTI98_000843",3.41655113175113,0.264980194124772,1.20390233153337,0.895180885528518,0.826590613988214,0.976056314051836
"PTI98_001262",7.55747571935185,-0.104589099195733,0.856820584527549,0.898482689096269,0.825793955615962,0.976056314051836
"PTI98_001654",4.22000816863385,-0.623721224274322,0.95117111554436,0.898337785328998,0.82582892111926,0.976056314051836
"PTI98_001960",5.74417572371323,-0.2564608463324,1.04390310213986,0.903954730479981,0.824473338108552,0.976056314051836
"PTI98_004795",3.14671795791394,-1.08815349739978,1.14835612782471,0.907332287032752,0.823658008488445,0.976056314051836
"PTI98_004931",10.1324586921633,0.430679758404583,0.728478617751402,0.897896374078357,0.825935432568453,0.976056314051836
"PTI98_008411",7.86301580044523,-0.196403903010008,0.745124002961324,0.896353478056376,0.826307708498897,0.976056314051836
"PTI98_010072",12.1250426737385,0.262068658922672,0.708251074977188,0.907175805120119,0.82369578579194,0.976056314051836
"PTI98_010084",3.19227798616266,0.235483339512815,1.07912137510536,0.90465009058056,0.824305492532558,0.976056314051836
"PTI98_010884",3.13318344418659,-0.754541333781702,1.11754759118854,0.906370015642452,0.823890311804021,0.976056314051836
"PTI98_010963",4.28858443597285,0.274446753050565,0.965861057558303,0.901610086038929,0.825039240894917,0.976056314051836
"PTI98_010968",6.57851891719142,-0.724096288808651,0.774751546912646,0.91159175631666,0.822629588582456,0.976056314051836
"PTI98_012063",4.16284207854871,-0.746929411182253,1.06940332254666,0.907288228958642,0.823668644861624,0.976056314051836
"PTI98_013459",4.83498530135625,0.552999260443233,0.949283225196934,0.898253105553984,0.825849354347332,0.976056314051836
"PTI98_007789",8.26234741206932,0.14190511270373,0.832932615537,0.891686525824966,0.82743356442272,0.97675435069864
"PTI98_003712",7.6928307344117,-0.328765918855016,0.825367385505466,0.887659105021569,0.828404883802059,0.977225682314119
"PTI98_005386",5.1742334101911,-0.37448619859937,1.02860266605093,0.88858072467194,0.828182632252642,0.977225682314119
"PTI98_006906",17.8919713008445,-0.353518301602919,0.648950917428035,0.886897145009712,0.828588623132544,0.977225682314119
"PTI98_004881",6.9221813208919,0.332885288712381,0.845600762299509,0.884596428130237,0.829143364439986,0.977582708408118
"PTI98_006195",5.99736033940828,0.410242497508516,0.821415189521755,0.881360604743158,0.829923434257584,0.97820510528264
"PTI98_005273",6.18247594946454,0.629912798037824,0.872462617248226,0.877969011975495,0.830740873448933,0.978871156776553
"PTI98_008987",15.2816457368689,0.461871732709917,0.62825689487087,0.873744131822434,0.831758880788623,0.979773063643811
"PTI98_002226",3.16600182400042,-0.319666960462387,1.08088183960482,0.870957634379593,0.832430132858986,0.979968584327772
"PTI98_003114",3.77056513488478,-0.934931261513252,1.15724718282091,0.871493907426228,0.832300958261672,0.979968584327772
"PTI98_003282",11.8229865549504,0.410066881995281,0.703353256397562,0.869509519641468,0.832778921322921,0.980071363662283
"PTI98_006302",8.99229559843732,0.215110863826518,0.757112819734332,0.868497046583002,0.833022759988282,0.980071363662283
"PTI98_006529",5.67545809044537,-0.78004221639114,0.880280149985679,0.867215147951683,0.833331458853165,0.980137273769384
"PTI98_005365",6.22391000741829,-0.00898155913844997,0.86669775256526,0.866101922198318,0.833599514398021,0.980155355062117
"PTI98_001030",3.62833900909936,0.824553271885206,0.988911946866829,0.863698373538945,0.834178190064111,0.980538545229905
"PTI98_003349",14.3942021685673,0.448940101788591,0.649331225566478,0.86140801162044,0.834729512941756,0.980889361012139
"PTI98_006586",7.52466657833148,-0.394822368052986,0.771440727622327,0.857774710982397,0.835603891239056,0.981619471264778
"PTI98_003565",8.55514065921643,0.211757774641322,0.81903377311587,0.843292589325074,0.839086417324794,0.98184505817701
"PTI98_003609",15.3647714360523,0.537072357036388,0.657608244074114,0.850784218451622,0.83728545290024,0.98184505817701
"PTI98_000502",6.17880957524708,-0.637494764437421,0.863605400138106,0.842239094223096,0.83933957538411,0.98184505817701
"PTI98_001358",3.6369425903002,-0.1544389628086,1.05125725536386,0.843759616082437,0.83897418144283,0.98184505817701
"PTI98_001407",8.86522200800946,-0.191961841823246,0.809381089554083,0.854048694439754,0.836500308668949,0.98184505817701
"PTI98_007498",3.18084928160504,0.72068932106368,1.20410697272757,0.847993922583008,0.83795637340711,0.98184505817701
"PTI98_007536",19.4699877421102,0.0103115035817881,0.624929010662444,0.846130955534079,0.838404226560665,0.98184505817701
"PTI98_007601",4.39080220165638,0.851166567913901,0.972740512935154,0.846645558012412,0.8382805248015,0.98184505817701
"PTI98_006809",3.86248149812709,0.200387742713567,1.03270197097525,0.844122678058504,0.838886927025937,0.98184505817701
"PTI98_008733",4.60012369620389,0.544613166346561,0.931676727169605,0.8545075378468,0.836389933834849,0.98184505817701
"PTI98_009898",5.66635103053691,-0.51820822492075,0.880703974806296,0.842714803857191,0.839225264001327,0.98184505817701
"PTI98_010046",5.48708020622085,0.576913047163732,0.853525836533908,0.853209042405801,0.836702275845806,0.98184505817701
"PTI98_010201",12.0544560881824,0.188371693024862,0.709977695210469,0.852734187333311,0.836816489493321,0.98184505817701
"PTI98_011900",5.87438971216458,0.0643111254142744,0.946523135611313,0.84497733606581,0.83868151616463,0.98184505817701
"PTI98_005804",22.6805215804761,0.181876648690047,0.658062045755876,0.840010055114732,0.839875137651397,0.982175356933907
"PTI98_008961",12.3160844691908,0.0315330078553573,0.668486823650716,0.838049431961807,0.840346114791779,0.982429951560371
"PTI98_002708",11.2448516774405,-0.0469962164900656,0.78639849112734,0.796284134688847,0.850355611461288,0.982583658368903
"PTI98_002724",10.4920835440622,0.622096312284461,0.773561420244721,0.820409760108689,0.844579316971776,0.982583658368903
"PTI98_002880",5.28269727154913,-0.0639798366825607,0.861005695155865,0.831594786203588,0.84189600023101,0.982583658368903
"PTI98_003223",6.0133696290104,-0.189482843305303,0.867270864268359,0.795306492359181,0.850589326135712,0.982583658368903
"PTI98_003961",40.5884163705556,0.175233731247138,0.621480159693757,0.80459160429676,0.848368469882863,0.982583658368903
"PTI98_000463",6.92403282309438,0.318121331651565,0.861541442025403,0.835813846496904,0.840883033919775,0.982583658368903
"PTI98_000490",3.75089204481095,0.0185241541226594,0.945450855388443,0.7638175258475,0.858100358985931,0.982583658368903
"PTI98_000707",3.35969531520825,-0.918737035747655,1.12570462563707,0.759754805247312,0.859066907257743,0.982583658368903
"PTI98_001064",4.89310707569149,-0.00513122594052223,0.955075488387175,0.803432250149235,0.848645909477592,0.982583658368903
"PTI98_001106",15.6247119287083,-0.355171462161868,0.672651417886156,0.813248281348024,0.846295665577908,0.982583658368903
"PTI98_001315",10.3108908424472,-0.0850057091114215,0.748618630532162,0.799217087256253,0.849654286632897,0.982583658368903
"PTI98_001379",9.3550176171869,-0.202903207843903,0.762981307973094,0.783559980955303,0.853395092250273,0.982583658368903
"PTI98_001450",4.70129342407664,0.0661388527940461,1.03222495972991,0.777262947315528,0.854897345417555,0.982583658368903
"PTI98_001473",5.92250044408681,0.58037074430835,0.824497445525646,0.770329537480777,0.856549846753543,0.982583658368903
"PTI98_001498",5.00751654284101,-0.138499768737842,0.929487862057474,0.748094098024801,0.861837573146946,0.982583658368903
"PTI98_001550",4.58647218524616,0.76187439916133,0.929095658588772,0.815724621371317,0.845702332300004,0.982583658368903
"PTI98_001596",32.7365652438332,-0.237355371463144,0.582397667540292,0.832931144133084,0.841575196422232,0.982583658368903
"PTI98_001606",4.34273635263358,0.0943753930981233,1.10419540963322,0.757565706510306,0.859587451956888,0.982583658368903
"PTI98_001625",3.46131239453626,-0.559119533337003,1.22253271124099,0.759767960768116,0.859063778466185,0.982583658368903
"PTI98_001813",8.82285335787636,0.166261897164116,0.723827905809427,0.791317302302659,0.851542673266364,0.982583658368903
"PTI98_001888",3.47311231881511,0.0541351757587232,1.0599015237478,0.747536392806161,0.861969954223749,0.982583658368903
"PTI98_001999",7.84704715370153,0.626161160710959,0.829375436316708,0.74449384791096,0.862691934952343,0.982583658368903
"PTI98_002005",3.58140475121078,-0.560680419755748,0.978384969070219,0.824270917550592,0.84365337399536,0.982583658368903
"PTI98_004547",4.4091179687966,-0.530297711100909,1.07146997935293,0.800667938720864,0.84930726458489,0.982583658368903
"PTI98_004554",4.56510363827813,-0.107631542386731,0.94845861652992,0.792391082687175,0.851286107225357,0.982583658368903
"PTI98_004676",7.07215318386461,0.153905449670596,0.806050694586099,0.775010899897623,0.855434279167233,0.982583658368903
"PTI98_004816",4.16363660408448,-0.154141852900892,0.995669009831905,0.782150054570913,0.853731566890531,0.982583658368903
"PTI98_004928",6.00614153801234,0.599106679250094,0.858930119520808,0.824612218586338,0.843571508216308,0.982583658368903
"PTI98_005042",3.68696611326607,0.275003206258067,0.974084799623753,0.77725817769646,0.854898482775303,0.982583658368903
"PTI98_005112",5.74371004441911,0.0690067077001056,0.82073518284529,0.80440523355481,0.84841307203194,0.982583658368903
"PTI98_005149",3.411393624202,0.818092779227055,1.16843764539038,0.787946579675399,0.852347827122753,0.982583658368903
"PTI98_005245",3.60059438673386,0.451619317960518,1.1263381714951,0.745842295488039,0.862372001219798,0.982583658368903
"PTI98_005265",3.60013592914117,0.174059040315416,1.15858465628653,0.756115820873127,0.859932119314961,0.982583658368903
"PTI98_005309",3.14796386784865,-0.415697983466654,1.16575663532271,0.813207661868397,0.846305396642716,0.982583658368903
"PTI98_005380",4.12592004878618,0.0692950178214963,0.953816099014255,0.827229750561287,0.842943558658203,0.982583658368903
"PTI98_005391",46.0829715579696,0.338253157144889,0.572899193469691,0.806435328821593,0.847927176487314,0.982583658368903
"PTI98_005484",6.23997800661199,-0.283006031277031,0.856310193713812,0.794887291927886,0.850689530979582,0.982583658368903
"PTI98_005513",6.37564003479482,-0.390252451322812,0.84712208184721,0.752316158254722,0.86083499264749,0.982583658368903
"PTI98_005586",5.17607012103345,0.447386057634333,0.981304199650772,0.833210312395025,0.841508174321712,0.982583658368903
"PTI98_007517",3.39094099231503,-0.580701475081089,1.04471896583323,0.814638337065063,0.845962627583116,0.982583658368903
"PTI98_007697",11.2129790977718,-0.201406976019027,0.731847259184175,0.757326847505681,0.859644239127604,0.982583658368903
"PTI98_007706",9.73223723926959,-0.470989418360253,0.803427757921503,0.814367712893642,0.846027469510428,0.982583658368903
"PTI98_007755",4.28211671119628,-0.632328230606151,0.959658451329086,0.817146180712832,0.84536165025029,0.982583658368903
"PTI98_007772",5.97253255038235,-0.491294561664777,0.988271159063321,0.752847989390389,0.860708653007676,0.982583658368903
"PTI98_007773",3.91987232163828,-0.645081818883881,0.959550260526711,0.768043562100544,0.857094312597703,0.982583658368903
"PTI98_007824",3.24672846746343,0.346998299164159,1.02349874715997,0.777333689677384,0.854880476185985,0.982583658368903
"PTI98_007851",9.24071564182727,-0.277727117499165,0.74822921389973,0.78308585733663,0.853508247747982,0.982583658368903
"PTI98_007966",32.0174311535236,0.479894787232341,0.53374578231047,0.809247445705282,0.847253911783054,0.982583658368903
"PTI98_005733",6.72270486508777,-0.215347663567942,0.869911462146498,0.790057674996049,0.851843598729096,0.982583658368903
"PTI98_005830",9.31333374375911,-0.519176529626362,0.775224112232708,0.747452215432773,0.86198993411196,0.982583658368903
"PTI98_006196",3.38208120790927,-0.65465409963985,1.13191197473064,0.753302414729752,0.860600692834137,0.982583658368903
"PTI98_006221",8.6340433902529,-0.378481972962105,0.73365235181032,0.780644240718175,0.854090851817118,0.982583658368903
"PTI98_006374",15.8354877995266,0.236288571001501,0.647841313298919,0.744170088053806,0.862768739470091,0.982583658368903
"PTI98_006409",8.83484238629376,-0.359356697531943,0.735351711856268,0.7874647947814,0.852462879902324,0.982583658368903
"PTI98_006415",4.7193131682361,0.513356237834157,0.919095796278571,0.787467025991873,0.852462347094692,0.982583658368903
"PTI98_006515",7.0400051626277,0.0913703692450351,0.78943175586316,0.790583715726669,0.851717933492572,0.982583658368903
"PTI98_006540",6.0159974996153,0.502390523068776,0.887119357511856,0.748331572134319,0.861781200742781,0.982583658368903
"PTI98_006624",4.76940301899819,0.1956097163381,0.932605670555614,0.798943954082787,0.849719608961359,0.982583658368903
"PTI98_006733",3.24060754878691,0.231691669378861,1.20667909347803,0.822595154009363,0.844055285740569,0.982583658368903
"PTI98_006979",8.85404571012955,-0.356887877774156,0.770611366486093,0.770624863729282,0.856479493366473,0.982583658368903
"PTI98_008324",4.4803508442401,-0.028810722162093,0.944063870853112,0.750993691707592,0.861149104406089,0.982583658368903
"PTI98_008591",6.42397764572974,0.366269235067012,0.884850250629913,0.750019767734884,0.861380386460693,0.982583658368903
"PTI98_008703",4.88162184330738,0.338579333270631,0.968270030532961,0.815285252098377,0.845807617759037,0.982583658368903
"PTI98_008736",31.610409608357,-0.105395628579026,0.544105637944766,0.748044152537943,0.861849429088109,0.982583658368903
"PTI98_008748",4.00062103005906,-0.565632969893279,1.06283334281026,0.769757479670929,0.856686115038111,0.982583658368903
"PTI98_008830",6.70430396030562,-0.406709163227624,0.846594620463561,0.748597648450172,0.861718035976516,0.982583658368903
"PTI98_009629",4.99675444941751,-0.175037211373457,1.00885503324862,0.752175383931643,0.860868432572663,0.982583658368903
"PTI98_009657",3.77210838056744,0.878629193161543,1.01711114962229,0.768545520741228,0.856974773814577,0.982583658368903
"PTI98_010302",3.26429775603982,-0.115469571767972,1.17290345859218,0.82233233938608,0.844118312102576,0.982583658368903
"PTI98_010772",11.1422246883376,0.394597736985403,0.709861243398337,0.760130985738513,0.858977437284091,0.982583658368903
"PTI98_010838",4.35566925609746,-0.357021945614356,0.952412555268848,0.784218631429589,0.853237884831003,0.982583658368903
"PTI98_011122",4.61856264093949,0.671818900387613,0.982674303745689,0.755707146960113,0.86002925489948,0.982583658368903
"PTI98_011155",3.3687203565306,-0.840404079677386,1.05821266864632,0.761061491525801,0.858756104960564,0.982583658368903
"PTI98_011292",4.01611105572172,0.713009471053358,0.941893832550257,0.822469511646638,0.844085416634944,0.982583658368903
"PTI98_011297",15.4674794779819,0.075835582003367,0.680262328150904,0.755551602525799,0.860066223765021,0.982583658368903
"PTI98_011319",27.2186699432344,0.188341725529041,0.635970882294045,0.831200032972987,0.841990755732969,0.982583658368903
"PTI98_011388",24.8752082292877,0.317914622235842,0.581153837468378,0.744373229579466,0.862720549353321,0.982583658368903
"PTI98_011552",8.44326704816711,-0.518860270751498,0.767616453681238,0.764657775016218,0.857900381886796,0.982583658368903
"PTI98_011638",6.73408776519185,0.664375113717307,0.933150193448886,0.752645270714211,0.860756811333727,0.982583658368903
"PTI98_011639",120.518861074126,-0.298383424118593,0.437079521983287,0.818889708154401,0.844943733394134,0.982583658368903
"PTI98_011939",3.33989703752596,-0.178970035559925,1.05985403888914,0.748868281762363,0.861653786514257,0.982583658368903
"PTI98_012130",7.49051322394076,0.0867382119432284,0.845441648509115,0.80214919972552,0.848952904369786,0.982583658368903
"PTI98_012403",4.76354737857488,0.257436700131389,1.05562201149929,0.826900091745316,0.843022653779014,0.982583658368903
"PTI98_012664",8.57560370667368,0.292835061336601,0.804887149961426,0.773464164059391,0.855802950819452,0.982583658368903
"PTI98_012746",4.35418388415777,-0.00622891185902561,0.954866196768623,0.77938406650501,0.854391469104373,0.982583658368903
"PTI98_012823",3.27929607117578,-0.326267544105467,1.02050044899317,0.814363353983154,0.846028513895078,0.982583658368903
"PTI98_013429",9.75669713721898,-0.512788201295193,0.884816093060041,0.771472500346619,0.85627755000993,0.982583658368903
"PTI98_013430",6.01094294219841,0.464353021117321,0.887498613566827,0.805370108000751,0.848182147879607,0.982583658368903
"PTI98_001441",5.82212101366324,-0.333045003091418,0.929651790038227,0.737073465989937,0.864451162496269,0.983035574746165
"PTI98_005454",8.19290947956297,-0.151420116649549,0.734511161545445,0.740127397595089,0.863727411864877,0.983035574746165
"PTI98_007680",5.57422605305029,0.0900207524047211,0.895952749324482,0.736714407154999,0.864536229999728,0.983035574746165
"PTI98_005999",3.19776931355657,0.910685187327023,1.15004195703665,0.736081770300075,0.864686099776725,0.983035574746165
"PTI98_006943",13.3038065965271,0.131052526715741,0.711452108253016,0.738669349933275,0.864073003069702,0.983035574746165
"PTI98_008861",3.49463570691372,-0.695312677865105,1.13099356147989,0.738958774846736,0.864004409703241,0.983035574746165
"PTI98_010334",9.25878829922645,0.377272611899441,0.730725272450171,0.733254507032697,0.865355661518986,0.983220448456985
"PTI98_012526",10.2971763654932,-0.431034571143139,0.684723359535816,0.733662564409173,0.865259045178829,0.983220448456985
"PTI98_010453",6.31276241110075,-0.36569563502583,0.883005060552258,0.731655758875547,0.865734130231953,0.983362427868154
"PTI98_001353",18.1134595798184,-0.467085506316811,0.593519339742078,0.724300148783257,0.867473967325276,0.984761931300775
"PTI98_009989",6.22015699250125,-0.303806860840953,0.956981049324529,0.72494777549251,0.867320879356068,0.984761931300775
"PTI98_000738",29.6926883455991,0.338282323479063,0.55678493907247,0.719885782654558,0.868516942937545,0.9849235298428
"PTI98_001280",8.06990741751161,-0.233319246753378,0.798900183732782,0.718489610869824,0.8688466288505,0.9849235298428
"PTI98_010243",19.9073318494237,0.0985783221031827,0.625145378157178,0.721191124570353,0.868208624167005,0.9849235298428
"PTI98_010339",4.11742521704234,-0.449744534945477,1.00418560892479,0.718323372844878,0.868885877577226,0.9849235298428
"PTI98_012783",6.86105714196415,0.103458486777174,0.923204019176204,0.720411638026633,0.868392746492685,0.9849235298428
"PTI98_003315",42.3575774394967,0.43136665201027,0.53231623041138,0.71643578355966,0.869331446628569,0.984928675171532
"PTI98_010092",9.61779801001713,0.468119005744055,0.701025660992298,0.715076708928564,0.869652155829465,0.984928675171532
"PTI98_010149",4.67680625326075,0.570973189801313,0.93617543405756,0.715632426183888,0.869521030271489,0.984928675171532
"PTI98_006524",4.52460884411151,-0.181992945398536,0.996856568044908,0.712339199494409,0.870297878624684,0.985372291647738
"PTI98_003294",18.6496147011421,-0.0243818639432754,0.651227833550093,0.694725352982275,0.87444389269554,0.985409407090872
"PTI98_003574",5.06051534286901,0.145078323871434,0.894726211310016,0.70127821565324,0.872903258702599,0.985409407090872
"PTI98_003974",9.81965788137572,-0.229645833297844,0.754265322999548,0.695814901606155,0.874187882385054,0.985409407090872
"PTI98_001848",3.76198050024545,0.7350229220513,1.00041491281795,0.69921189469909,0.873389303740839,0.985409407090872
"PTI98_001916",4.20049918930784,0.168901610529044,0.941491458556189,0.709555536448235,0.870954122197459,0.985409407090872
"PTI98_004769",5.7376405287948,-0.404246321907894,0.943492642898482,0.693851026593151,0.87464928811907,0.985409407090872
"PTI98_005436",5.71342014013815,-0.559360221880306,0.910366088696648,0.703640792491832,0.87234726558809,0.985409407090872
"PTI98_006157",3.416944644884,-0.314538895160602,1.00540830603416,0.700756433423443,0.87302601385873,0.985409407090872
"PTI98_006790",6.91719530286331,-0.593291955126229,0.871268198153464,0.706635468687352,0.871642121156708,0.985409407090872
"PTI98_009648",4.05116414035706,-0.391601310047727,1.05406398935793,0.699636309045573,0.873289489524469,0.985409407090872
"PTI98_010347",5.17268354985005,-0.590980625097477,0.920891685682717,0.702246526183963,0.87267541659971,0.985409407090872
"PTI98_010720",7.71621033559358,-0.602062610491883,0.792773494520579,0.704944180577428,0.872040416285663,0.985409407090872
"PTI98_010919",7.69883810654224,-0.300836524122828,0.861995041977969,0.698045411877629,0.873663591421062,0.985409407090872
"PTI98_011470",5.66701098289175,0.453854797835974,0.911926711436074,0.695612973957118,0.874235333764697,0.985409407090872
"PTI98_013452",7.55320405777559,0.221256643922627,0.83019519275811,0.70778638269212,0.8713710030662,0.985409407090872
"PTI98_013462",17.8943944531095,0.38178348842549,0.803464489102594,0.706516151900871,0.871670224630723,0.985409407090872
"PTI98_013586",9.1118097634936,-0.437895150800722,0.7493603517049,0.70321389474158,0.872447749433092,0.985409407090872
"PTI98_003300",3.84377929311113,0.259297701387153,0.962328782687692,0.691712243643515,0.875151560455788,0.985688996227643
"PTI98_001086",4.21267509263474,-0.614693987193799,0.971040809799988,0.688055443902847,0.876009768567787,0.986237248708421
"PTI98_011668",4.90771666595782,-0.131076145210366,0.946043701021517,0.687471143633331,0.876146831412534,0.986237248708421
"PTI98_001448",3.16282279638033,-0.525081690857352,1.09474319880642,0.682697840135432,0.877265848087385,0.987067285803804
"PTI98_005824",13.3258364402503,-0.297485090584413,0.746644798871873,0.682154514878945,0.877393142936714,0.987067285803804
"PTI98_002709",7.5269593238879,-0.173696567799825,0.834906236570273,0.647862720981863,0.885393077026285,0.98742988160625
"PTI98_003181",5.75298748727521,-0.474070669321007,0.830510473598408,0.656973336592422,0.883274480121094,0.98742988160625
"PTI98_003304",375.969885157345,0.181002464503938,0.491774266759831,0.657244389841594,0.883211370733204,0.98742988160625
"PTI98_003466",5.40304687946122,0.640491787600121,0.854084513897612,0.677300175863138,0.878529739096885,0.98742988160625
"PTI98_003607",4.86103451990802,-0.611467803777867,1.00267042569555,0.642697279777693,0.886591942010609,0.98742988160625
"PTI98_003989",9.13168051310976,0.390013601424387,0.839566436436721,0.645149377729794,0.886023038435372,0.98742988160625
"PTI98_000186",3.85194376748285,-0.663093818818821,1.06563330870975,0.671524621111772,0.879880315395564,0.98742988160625
"PTI98_000573",12.9279187633556,0.125874611784799,0.654541142371536,0.643514089301661,0.886402479453603,0.98742988160625
"PTI98_000625",3.27094363445253,0.739490330342713,1.09464446459284,0.650542857762481,0.884770368985062,0.98742988160625
"PTI98_000809",6.01923935009952,-0.517634718434707,0.903432886705595,0.666085251636495,0.881150534523005,0.98742988160625
"PTI98_000892",8.97755271105505,0.191763400197797,0.779974137447198,0.639260486330002,0.887388648435006,0.98742988160625
"PTI98_000952",4.93104396438592,0.225574404029494,0.886129012062511,0.666695143084432,0.881008196113239,0.98742988160625
"PTI98_001180",7.35879220103825,-0.0265282485060948,0.861924995982582,0.646458349723574,0.885719190578183,0.98742988160625
"PTI98_001389",6.94204670776029,0.296563737712025,0.79172541373268,0.648320024963709,0.885286858098989,0.98742988160625
"PTI98_001492",4.37122353437397,0.387740557567267,1.00571480509243,0.663099457600843,0.881847053596941,0.98742988160625
"PTI98_001905",4.31644029000117,-0.179419199467099,0.969158137946188,0.640749923740515,0.887043466017164,0.98742988160625
"PTI98_004588",5.63835170854387,0.241642364317652,0.995641110464412,0.658734418211516,0.882864367576295,0.98742988160625
"PTI98_004725",12.3594697432126,0.320969094837649,0.691056289560815,0.676539247334716,0.878707784700538,0.98742988160625
"PTI98_005316",7.11807890523781,-0.140189587151885,0.854149054951701,0.664385230432515,0.881547175861657,0.98742988160625
"PTI98_007671",4.89703583955767,0.665498196244281,0.962509566672046,0.65828493957315,0.882969057923427,0.98742988160625
"PTI98_007762",6.61828369033633,-0.175274743464387,0.819781411427371,0.644233086320952,0.886235669455556,0.98742988160625
"PTI98_007924",4.62519421629386,0.547566820487122,0.934547172466892,0.640565492516743,0.887086216447152,0.98742988160625
"PTI98_008014",4.36267784189411,-0.462074193748018,1.00330037487474,0.649617610889898,0.884985393524396,0.98742988160625
"PTI98_006173",3.37693944831337,0.306575293196817,1.11291704133542,0.665127597353624,0.881373991005114,0.98742988160625
"PTI98_006471",14.312794202211,-0.504947958609051,0.653498338309525,0.662013120972716,0.882100340996987,0.98742988160625
"PTI98_006510",5.51360360130296,-0.186924554505539,0.877838724312704,0.675611154967868,0.87892490023043,0.98742988160625
"PTI98_006566",3.38588885766596,0.812700017264445,1.10131763575854,0.66987935595025,0.880264703223339,0.98742988160625
"PTI98_006654",10.3036467853749,0.470454534187212,0.696245265165983,0.661814704977886,0.882146595574536,0.98742988160625
"PTI98_006917",4.47540395035278,-0.41011727931531,0.913892826527252,0.66774059340301,0.880764155133943,0.98742988160625
"PTI98_010316",9.44763351629464,-0.500247695368709,0.868021091950987,0.677345543313734,0.878519122788703,0.98742988160625
"PTI98_010317",6.50745883895788,-0.114412366923069,0.829005305393485,0.67470722347548,0.879136317132139,0.98742988160625
"PTI98_011061",6.22089971295103,-0.09076603205429,0.813491199222711,0.668898932770567,0.880493688176156,0.98742988160625
"PTI98_011068",9.35983930924767,-0.345264458907977,0.757355313507423,0.639723742378706,0.887281302696421,0.98742988160625
"PTI98_011326",4.760261320502,0.385651049643211,0.960742980680492,0.644532612597125,0.88616616846093,0.98742988160625
"PTI98_011397",13.0270829893807,0.212963020995592,0.671773867046033,0.655504086974233,0.883616487996777,0.98742988160625
"PTI98_011406",3.47804796829373,-0.0655687556038534,1.11662327322821,0.643185616562356,0.886478675309783,0.98742988160625
"PTI98_012564",3.30086208279889,-0.087905409957462,1.02718114297685,0.654715934334725,0.883799897643543,0.98742988160625
"PTI98_013165",8.91306711230528,0.312510019857854,0.803523174784931,0.648556331747287,0.885231965476352,0.98742988160625
"PTI98_000928",7.58801794275028,-0.147439573966713,0.768139807810481,0.637060634106241,0.887898206463218,0.987454281434147
"PTI98_011628",15.5019064349958,-0.440947072930434,0.683791859811147,0.636967793180133,0.887919704470819,0.987454281434147
"PTI98_005254",32.0968071121358,0.384093756334803,0.578454169591329,0.633716081496033,0.888672302174438,0.988007985134608
"PTI98_002871",3.69810785678997,0.755882382188636,1.0707040181261,0.595601947018849,0.897438465003067,0.988608534707207
"PTI98_003122",32.2366202263194,-0.392013786965173,0.606771992520985,0.608212436219603,0.894549777093318,0.988608534707207
"PTI98_003289",3.98679233505024,0.595178844610738,1.00380390591269,0.627411583191119,0.8901294348174,0.988608534707207
"PTI98_003589",3.30642504504694,-0.158244846307361,1.10219825793651,0.589339537969686,0.898868447223551,0.988608534707207
"PTI98_000953",7.03951126863593,-0.489614167239269,0.798985490538736,0.599665255612862,0.896509001151158,0.988608534707207
"PTI98_000976",4.74170031423949,0.01562841349007,0.951585706648518,0.589941073478926,0.898731224466044,0.988608534707207
"PTI98_001205",4.02566566522577,0.53821445189809,1.0277949471268,0.602203804590516,0.895927677799668,0.988608534707207
"PTI98_001273",7.55011789956198,-0.374322244566417,0.80879844109549,0.598375276747859,0.896804215717156,0.988608534707207
"PTI98_001334",12.5051255212924,0.559658430087718,0.738919582562375,0.625075699953612,0.89066862957945,0.988608534707207
"PTI98_001425",3.56109951888131,0.633339653206768,1.01875887928776,0.599185197612009,0.896618878392371,0.988608534707207
"PTI98_001769",7.23224096710063,0.35287598807469,0.776816320510339,0.615257539035163,0.892930797453352,0.988608534707207
"PTI98_001847",28.6576433221589,0.144360944822426,0.654765957199924,0.593011436939378,0.898030365147986,0.988608534707207
"PTI98_001914",5.06044682676972,-0.0898986595484605,0.903211451763286,0.618295160420452,0.892231638251901,0.988608534707207
"PTI98_004813",9.98876569339416,0.360312820487872,0.848464505969057,0.589213408777283,0.898897216270255,0.988608534707207
"PTI98_004944",5.41087479999453,0.168865677773025,0.895083262456594,0.605689737133133,0.895128611668018,0.988608534707207
"PTI98_005252",16.8183727485576,0.353596367013741,0.649303229653388,0.589276205658308,0.898882892968633,0.988608534707207
"PTI98_005253",8.88745502179673,0.0184718491674068,0.764861650015172,0.609265334186873,0.89430804969323,0.988608534707207
"PTI98_007379",3.88982294445921,-0.680467092492883,0.978786012894972,0.622163739338241,0.89134027181365,0.988608534707207
"PTI98_007411",3.80000398735739,-0.0684885885724328,1.02861887596712,0.625648414066212,0.890536464091959,0.988608534707207
"PTI98_007425",4.37805424737601,0.756023035500018,1.0201261856352,0.615876216976993,0.892788451979641,0.988608534707207
"PTI98_007835",3.29303214358372,-0.488791535938659,1.07252923151116,0.600104194384144,0.896408520001873,0.988608534707207
"PTI98_008230",3.85956533012206,-0.164003830559974,1.01886334955766,0.59696723811826,0.897126302653414,0.988608534707207
"PTI98_006197",6.10622873111224,-0.474881338579997,0.85067266612947,0.62065404078988,0.891688249790491,0.988608534707207
"PTI98_008397",7.85366803052782,-0.466671457469741,0.827199630917142,0.590398955931704,0.898626752722904,0.988608534707207
"PTI98_008532",21.2258817680271,-0.115183923399026,0.605395157817097,0.62018517365577,0.891796288702899,0.988608534707207
"PTI98_008868",5.9397327764095,-0.531862196381343,0.979799408882306,0.607331073340021,0.894752059960369,0.988608534707207
"PTI98_009453",11.4828530986039,0.428610689097303,0.68369926416048,0.608943057249235,0.894382047660821,0.988608534707207
"PTI98_010655",10.0797076008808,-0.546847588657436,0.795534983515423,0.619172529790617,0.892029574642356,0.988608534707207
"PTI98_011174",7.75126603015699,0.111666916224925,0.799773440685827,0.597376756483499,0.89703264162751,0.988608534707207
"PTI98_011230",3.27275790238347,-0.537002950156011,1.10560039580138,0.617589394993786,0.892394140707715,0.988608534707207
"PTI98_011260",6.07066464642512,-0.63624762202461,0.955323724852495,0.61918248619746,0.89202728130683,0.988608534707207
"PTI98_011309",6.9505377750315,0.338745787182415,0.821756166646778,0.625810220766951,0.890499119783222,0.988608534707207
"PTI98_011352",5.38471828893759,0.0574186935602157,0.836200884207178,0.60870883655226,0.894435822241855,0.988608534707207
"PTI98_011798",5.91113220169903,0.254993530684322,0.896749959349729,0.593314935012707,0.897961046617491,0.988608534707207
"PTI98_012694",3.60171263522075,0.321649037336385,0.97961138643682,0.594144798135332,0.897771470265873,0.988608534707207
"PTI98_012979",17.0956637069598,-0.32372263971284,0.76613941563652,0.61606607275543,0.892744764435256,0.988608534707207
"PTI98_013433",5.38879405389298,0.0715969845132643,0.97051505352385,0.609775876938798,0.894190808385725,0.988608534707207
"PTI98_013588",3.48187579316327,0.644601601057098,1.0147561125405,0.59473431833225,0.897636765895081,0.988608534707207
"PTI98_002174",7.25342819990157,0.348105689673799,0.773528846282116,0.586142880146312,0.899597187312019,0.989097927886429
"PTI98_001147",3.78267409951281,-0.507806562487557,0.97096519646125,0.584135354530304,0.900054422120746,0.989261163566647
"PTI98_006637",6.30092190199847,-0.234869988317811,0.907130934452735,0.583251120470806,0.900255712139795,0.989261163566647
"PTI98_001985",7.30265497311649,0.593586419290371,0.871229049116177,0.578620300675283,0.901308844293522,0.989857589754975
"PTI98_011934",3.31896795219913,0.274099046444727,1.08886934295692,0.57955583350779,0.901096229240136,0.989857589754975
"PTI98_002416",6.35176857145697,-0.431255366775909,0.824142272718296,0.558216459801834,0.905927493667808,0.990801108816115
"PTI98_003475",9.38599954567247,0.448969509487506,0.837979181177077,0.571533369447607,0.90291709452668,0.990801108816115
"PTI98_000588",5.24041538243271,0.32834770004876,0.86054017154692,0.564793501065104,0.904442628363882,0.990801108816115
"PTI98_001141",4.33404276683872,0.0206614487096555,1.03139745909643,0.55129168907623,0.907486691162156,0.990801108816115
"PTI98_001297",3.91361691302526,-0.0742949810870286,1.15196044744846,0.553775877991804,0.906927844382259,0.990801108816115
"PTI98_001556",5.87183798303474,-0.229124923443992,0.897683012199923,0.570493532286569,0.903152710400611,0.990801108816115
"PTI98_004228",5.60795685669127,0.0904243022424429,0.940908242067932,0.55089281924883,0.907576369022503,0.990801108816115
"PTI98_004525",3.53251291702943,0.248973061010422,1.06679559297233,0.563861501423624,0.904653272433389,0.990801108816115
"PTI98_004607",11.3080438844585,-0.226781966322653,0.777328902521161,0.568508053155995,0.90360234211185,0.990801108816115
"PTI98_004887",7.33313385226621,0.140181696357402,0.850960415874708,0.559167458463165,0.905713028018967,0.990801108816115
"PTI98_005201",4.69859769789548,-0.136705622497865,0.902783216940198,0.551851909157627,0.907360712363654,0.990801108816115
"PTI98_006145",3.32780137801677,0.433923390831752,1.14669585740581,0.551839031474586,0.907363608538766,0.990801108816115
"PTI98_006380",7.27783775671122,-0.24320444605179,0.81605576743133,0.560026813097593,0.905519160417439,0.990801108816115
"PTI98_006686",3.37792302526162,0.230905465804972,1.14845823157876,0.555218894475381,0.906602964007971,0.990801108816115
"PTI98_009981",21.3931954641735,-0.405702771305475,0.660313968747569,0.549954148959671,0.907787352599246,0.990801108816115
"PTI98_010108",4.31359583781835,0.391589207517644,0.998707450556679,0.565626481756453,0.904254299837781,0.990801108816115
"PTI98_010405",26.2143091935165,-0.0686471078123713,0.639421890162142,0.564679375835482,0.90446842622353,0.990801108816115
"PTI98_010799",7.90423567017592,-0.196740905927705,0.784646594907904,0.55513488469775,0.906621883107445,0.990801108816115
"PTI98_011057",10.5384358505462,-0.153372314428316,0.768701588409462,0.558297848018242,0.905909142456133,0.990801108816115
"PTI98_011195",5.3147785277018,0.129417854604786,0.869852843110367,0.570123228247567,0.9032365950506,0.990801108816115
"PTI98_011499",9.98265274233992,0.154820261577662,0.823738478880413,0.554365893828219,0.906795031125543,0.990801108816115
"PTI98_012566",5.50874037611662,0.437720525591759,0.887027791785002,0.555803291446658,0.906471339524475,0.990801108816115
"PTI98_003946",4.97225620324959,0.0164192028098664,0.878045426597946,0.545260887510345,0.908841029493965,0.99096121836694
"PTI98_001868",13.2419696597478,-0.20670198009332,0.676919958708096,0.5460355866242,0.908667244018016,0.99096121836694
"PTI98_010750",4.62781352187185,-0.520140690167972,0.94247725439148,0.544748590930062,0.908955920327293,0.99096121836694
"PTI98_011182",5.38056001045985,-0.585847619325295,0.885590977626192,0.547536791355405,0.908330324954434,0.99096121836694
"PTI98_002334",4.00011325840463,0.58018867503434,1.04697194419884,0.458434173051401,0.927923602583793,0.991112469592793
"PTI98_002347",3.90349451987824,-0.0535013736256171,1.03379015721788,0.528233007948543,0.9126463757413,0.991112469592793
"PTI98_002483",40.2262969769268,0.109490260952081,0.523867500681229,0.351979982362579,0.949973470608468,0.991112469592793
"PTI98_002640",7.46171944770601,0.0179411905917341,0.793988313299718,0.361500520961954,0.948075552940523,0.991112469592793
"PTI98_002671",6.75702499868628,0.426143402786485,0.864017001937349,0.524934914732114,0.913380146221928,0.991112469592793
"PTI98_002713",8.61271030010243,-0.340439569246865,0.753899600927713,0.287272050923633,0.962404216154163,0.991112469592793
"PTI98_002837",5.28752574500459,0.255173226533264,0.905229539192737,0.474678511035833,0.924418156427378,0.991112469592793
"PTI98_002838",3.14033911884794,0.415944795520008,1.04544960556071,0.405323676986569,0.93914056538444,0.991112469592793
"PTI98_002846",7.58004410285161,-0.0811967601345497,0.802123747383531,0.343088377379573,0.951731063299566,0.991112469592793
"PTI98_002857",31.7000120220712,-0.0911605065729446,0.544094972819582,0.366206858092923,0.947131393241065,0.991112469592793
"PTI98_002980",39.4746108819936,-0.145030409128539,0.604010089889827,0.414415778095318,0.937248694530956,0.991112469592793
"PTI98_003039",3.95998693777026,-0.675114761639677,1.11620123645512,0.458973197500157,0.927807810626727,0.991112469592793
"PTI98_003149",12.9633515068232,0.149518461935548,0.660046443909967,0.280974632499706,0.963566002231116,0.991112469592793
"PTI98_003157",13.0263503126153,0.345643652635891,0.708320418534052,0.460650006385123,0.927447367563873,0.991112469592793
"PTI98_003240",4.83496535867713,0.105552259277384,0.960026225319809,0.36932133359074,0.946504461627289,0.991112469592793
"PTI98_003303",3.79750842598825,-0.205353772382758,0.957779020643866,0.464649904690141,0.926586132827562,0.991112469592793
"PTI98_003342",53.3477278245481,0.0353357236680061,0.57525693720243,0.423380903701528,0.935371303662778,0.991112469592793
"PTI98_003397",13.0094352017477,0.243430854026849,0.704597020196233,0.446406783761773,0.930497583167297,0.991112469592793
"PTI98_003408",4.77595566067107,0.104822339426395,0.938104712104164,0.436776820121437,0.93254474012071,0.991112469592793
"PTI98_003451",6.31048086286751,-0.0683000279921097,0.867586282511691,0.403504853183549,0.939517526310544,0.991112469592793
"PTI98_003603",7.01184237245232,-0.534687998141163,0.870690857460579,0.53659726157818,0.910780649202959,0.991112469592793
"PTI98_003701",3.3055980549541,-0.0163328444033539,1.1363192296543,0.38430902568382,0.943464464934521,0.991112469592793
"PTI98_003910",6.96820511305525,0.117491737720132,0.965856232569619,0.280891366069156,0.963581301742646,0.991112469592793
"PTI98_003976",4.11156238256069,0.0241271612965964,1.00543746124341,0.51797663284956,0.914924641963144,0.991112469592793
"PTI98_004009",3.4039104775761,-0.131160872341516,0.981109966501483,0.407145078710855,0.9387625658007,0.991112469592793
"PTI98_004067",5.65940867202781,0.0171895834146185,0.996649902367205,0.304264978131968,0.959224367482502,0.991112469592793
"PTI98_000190",3.14446009910691,-0.154254534808306,1.10866115152227,0.377720344446743,0.94480550250413,0.991112469592793
"PTI98_000208",3.41890820973913,0.42615943830127,1.01138111807025,0.408594818474384,0.938461339393046,0.991112469592793
"PTI98_000334",6.79809908350172,-0.392227404814673,0.805415006450775,0.415229161541468,0.937078847113368,0.991112469592793
"PTI98_000465",3.19514482525267,0.180065181684752,1.05023764285666,0.461231941116353,0.927322193334044,0.991112469592793
"PTI98_000527",3.57147532852798,0.0445592767218906,1.00703825954839,0.344090906570806,0.951533631310399,0.991112469592793
"PTI98_000599",3.27731626589675,-0.162122491456117,1.02789047064454,0.267842955676464,0.96595836417156,0.991112469592793
"PTI98_000749",6.14417318130433,0.191995248409348,0.865573629925424,0.35989965114927,0.948395821298955,0.991112469592793
"PTI98_000823",4.94113377525837,-0.131194726535464,0.894474003354109,0.479933674013374,0.923277255072158,0.991112469592793
"PTI98_000846",3.85931091230314,-0.0325159202469172,1.0501245745633,0.392719672804482,0.941742299996826,0.991112469592793
"PTI98_000854",4.97855917590834,-0.23607454256967,0.876361774807051,0.485494899008344,0.922066365630502,0.991112469592793
"PTI98_000875",25.0992089768604,-0.0345780561989873,0.639104434739253,0.481276647276744,0.922985169905896,0.991112469592793
"PTI98_000880",4.93405209133861,-0.331762668387455,0.897223265339471,0.265565000082439,0.966369093344513,0.991112469592793
"PTI98_000938",4.32175042055958,-0.236671269633817,0.925504121655267,0.293988410813398,0.96115510453121,0.991112469592793
"PTI98_000961",17.1338744091452,-0.374909985032877,0.742820286845829,0.49697641731764,0.919555175709061,0.991112469592793
"PTI98_000977",4.07916341751521,-0.229823432153821,0.979663170270856,0.347776101520125,0.950806274460846,0.991112469592793
"PTI98_000996",20.4281551069824,-0.252825458126003,0.565708825322213,0.30373621321742,0.959324274731871,0.991112469592793
"PTI98_001025",5.36245698016152,-0.154664909605663,0.855735055365921,0.325844951609014,0.955096665624859,0.991112469592793
"PTI98_001029",6.65005356134839,-0.47254218308981,0.876845319720965,0.437024198652708,0.932492308702452,0.991112469592793
"PTI98_001069",4.7798967289856,-0.28602104659113,0.92327824568238,0.268185910602973,0.965896416127683,0.991112469592793
"PTI98_001074",3.54801271321561,0.401271330611795,1.04909666023443,0.504771643486926,0.917841858760257,0.991112469592793
"PTI98_001160",5.2619351126723,-0.344717143051405,0.868638971147585,0.308342714792616,0.958451880421281,0.991112469592793
"PTI98_001199",5.0788815386803,-0.316628787878009,0.952214510937309,0.302240940407685,0.959606470391159,0.991112469592793
"PTI98_001202",6.99348754534156,0.194127724377094,0.833373918609427,0.278204874320494,0.96407404437941,0.991112469592793
"PTI98_001209",7.05770737408758,-0.477596521379507,0.886505453758199,0.392469031307471,0.941793785419442,0.991112469592793
"PTI98_001213",3.54157580092681,0.0839851223818085,1.1745223452605,0.534971736921079,0.911143772823387,0.991112469592793
"PTI98_001219",9.91511990512915,-0.405582227509988,0.709695270301976,0.446257187880349,0.930529479367473,0.991112469592793
"PTI98_001253",13.4131648440837,0.290815359374617,0.626138374384668,0.48889144145194,0.92132504741294,0.991112469592793
"PTI98_001258",6.97205705900226,0.497085321076837,0.883894182753708,0.482549509454074,0.922708138086747,0.991112469592793
"PTI98_001267",23.0989495731527,0.124828516747301,0.617216301357328,0.30995804380953,0.958144890150254,0.991112469592793
"PTI98_001281",5.64781442727076,-0.407842668324294,0.88198059545485,0.348177850705461,0.950726827355973,0.991112469592793
"PTI98_001312",14.2954990974263,-0.0708504516036449,0.608121227801241,0.426899208466267,0.934631372995415,0.991112469592793
"PTI98_001320",4.69755444281353,0.155322797773355,0.926072186844564,0.300384940004932,0.959956067224779,0.991112469592793
"PTI98_001321",19.3199349564643,0.0644966882507914,0.630953183069419,0.449288621447366,0.929882554234254,0.991112469592793
"PTI98_001335",16.695225940576,-0.197927321231743,0.643668808185495,0.416135880368557,0.93688939509665,0.991112469592793
"PTI98_001341",7.1202285181289,0.519095741191284,0.771883747677678,0.471212630902954,0.925168793382293,0.991112469592793
"PTI98_001405",39.2870272454325,0.0805263712426755,0.53810351499238,0.5021538807908,0.918417959261794,0.991112469592793
"PTI98_001413",6.58442185110931,0.32587112063454,0.821379819353669,0.301476174086659,0.959750613129786,0.991112469592793
"PTI98_001428",8.46660028188707,0.311768471460718,0.908693735160185,0.375891959034988,0.945176366110916,0.991112469592793
"PTI98_001462",8.40395152312897,0.122005935407621,0.80404003022328,0.374268427623818,0.945505206430352,0.991112469592793
"PTI98_001469",3.47126945568297,-0.407017096247394,1.06056585076391,0.304199657008844,0.95923671282586,0.991112469592793
"PTI98_001552",39.1457064698147,0.164565072837069,0.530139115039601,0.407567906249596,0.938674743602012,0.991112469592793
"PTI98_001561",5.87109307454144,-0.0822038347910208,0.86629553967334,0.289441025080436,0.962001950331361,0.991112469592793
"PTI98_001570",13.0066523992182,0.198954846308752,0.725423265315601,0.365034385377271,0.947366971153406,0.991112469592793
"PTI98_001587",5.30234004953637,-0.214684404937349,0.842869081497511,0.370912416560941,0.946183537518165,0.991112469592793
"PTI98_001592",8.49213769994425,0.0321024361828623,0.760457421907703,0.282908224242263,0.963210263479027,0.991112469592793
"PTI98_001594",11.2210932961837,0.365763552318273,0.711742744912207,0.415643995246199,0.936992185742855,0.991112469592793
"PTI98_001609",8.53687880090729,0.123582670441849,1.0356252290887,0.275307164548053,0.964603605326888,0.991112469592793
"PTI98_001644",4.25820793124159,0.130637957643032,0.977460435933814,0.523679732609409,0.913659116437608,0.991112469592793
"PTI98_001653",3.86406698262813,0.0291835620424281,0.970714517217173,0.508218012574751,0.917082276108583,0.991112469592793
"PTI98_001678",11.775826006834,0.290446722253844,0.693298867760761,0.345237184363924,0.951307659112274,0.991112469592793
"PTI98_001710",11.8146905119324,0.175231375412281,0.700829118444578,0.309627966996032,0.958207665650702,0.991112469592793
"PTI98_001750",5.65002553863596,0.070826668199279,0.845537574784302,0.376518314718894,0.945049381374573,0.991112469592793
"PTI98_001765",41.4388684020779,0.303967933329946,0.554628034498316,0.449585248983823,0.929819187413666,0.991112469592793
"PTI98_001830",6.09225687544025,-0.260114403542056,0.854503908974582,0.444887447410686,0.930821391793375,0.991112469592793
"PTI98_001855",3.7112278277258,-0.279653774332711,1.07361144512788,0.295338171301786,0.960902846889702,0.991112469592793
"PTI98_001869",5.61591679343932,0.119519782834835,0.858709985398727,0.315916723544234,0.957007700659451,0.991112469592793
"PTI98_001900",8.85709938308448,0.374070210536148,0.794650003281518,0.522826843989805,0.913848584205731,0.991112469592793
"PTI98_001967",7.38880093673655,0.281479178088865,0.893575685654883,0.542965407501654,0.909355636124457,0.991112469592793
"PTI98_002077",10.255491069559,0.137269325118324,0.722732790121665,0.301902564941912,0.959670262936927,0.991112469592793
"PTI98_002175",4.68642130139808,0.222824748684171,0.935733513764187,0.525715167078957,0.913206651486895,0.991112469592793
"PTI98_004306",3.81646613467634,0.0206224200770944,0.935932782000665,0.352074554475202,0.949954698218872,0.991112469592793
"PTI98_004399",4.23258463133357,-0.0165809836998619,1.02578526754222,0.523829327179207,0.913625876673023,0.991112469592793
"PTI98_004441",9.86206110468233,0.374532827280146,0.837837853047636,0.414114884346631,0.937311501227034,0.991112469592793
"PTI98_004455",6.09061063850328,-0.160581793587803,0.943862298683674,0.393786173706857,0.941523113683829,0.991112469592793
"PTI98_004463",6.12609222326649,0.30048735323214,0.829689014439042,0.270132265257168,0.965544297445636,0.991112469592793
"PTI98_004638",4.46150374645133,0.357534542907386,1.00432719482626,0.519365819123422,0.914616686052449,0.991112469592793
"PTI98_004641",3.30597739255008,0.44411251336269,1.12485320495367,0.346656407418202,0.951027539273625,0.991112469592793
"PTI98_004823",7.28909167359226,-0.267640651248429,0.844916428862209,0.449122229654733,0.929918094505921,0.991112469592793
"PTI98_004835",115.879428785617,-0.246147795920221,0.466861953327291,0.49995464446323,0.918901375955578,0.991112469592793
"PTI98_004908",3.27188148935004,0.242539103986842,1.13576753888829,0.359658882409121,0.948443949890659,0.991112469592793
"PTI98_004939",4.66389975678461,-0.163330753496026,0.927007630561856,0.284140721261522,0.962983054999663,0.991112469592793
"PTI98_005095",42.5828321920964,-0.304826197571238,0.607114881483275,0.515361382468711,0.915503852016357,0.991112469592793
"PTI98_005116",6.72994844632947,-0.39313642239159,0.881481409443158,0.419560142088002,0.936172837443364,0.991112469592793
"PTI98_005178",3.30490841114524,-0.125367338029864,1.00581377612196,0.534962618907286,0.911145808961497,0.991112469592793
"PTI98_005181",164.969009953268,0.141032281958119,0.427576219921667,0.301035522892363,0.959833608882848,0.991112469592793
"PTI98_005216",4.68638634090487,0.430421248091541,0.989119106549389,0.377677793354799,0.94481413979254,0.991112469592793
"PTI98_005308",3.26616715670645,0.628183592784045,1.03226236944432,0.431797152020351,0.933598383520821,0.991112469592793
"PTI98_005325",19.0243685558142,-0.355358585259005,0.682678012748538,0.391299475057565,0.942033897182313,0.991112469592793
"PTI98_005357",6.74375799979044,0.215940500361377,0.827803953176541,0.265063003218593,0.966459433103519,0.991112469592793
"PTI98_005406",4.49973039080396,0.011887173427546,1.03280077045026,0.284676911669095,0.962884099025201,0.991112469592793
"PTI98_005415",9.07920118162993,-0.319311471460845,0.724249187316191,0.26989005291621,0.965588167180124,0.991112469592793
"PTI98_005490",4.87240736785794,0.0648827224091042,0.916115247930604,0.353855230953009,0.949600932856411,0.991112469592793
"PTI98_005503",7.2539849601822,-0.19875630954269,0.807573289125909,0.359996959838682,0.948376366803414,0.991112469592793
"PTI98_005554",3.43259362172068,0.553460594148286,1.11974453975276,0.37510817776905,0.945335173651205,0.991112469592793
"PTI98_005645",5.01429582904123,-0.0289793910490745,0.939372716134072,0.46028327727322,0.927526229143808,0.991112469592793
"PTI98_007351",12.1401962847879,-0.234964727266205,0.703001934180387,0.296920623669692,0.960606583765804,0.991112469592793
"PTI98_007444",5.3677520604594,-0.329726441910474,0.892699109973513,0.317129423566662,0.956775355341873,0.991112469592793
"PTI98_007468",4.23448242622931,0.332226528187792,1.07863516769377,0.540904439040887,0.909817246105238,0.991112469592793
"PTI98_007483",3.24891706352446,0.10377097874705,1.03678109580275,0.398869211922118,0.940475990034935,0.991112469592793
"PTI98_007497",4.6299130300016,0.388165832668468,0.950497185783102,0.310737005086281,0.957996652362442,0.991112469592793
"PTI98_007501",7.02046003177043,-0.135363176898074,0.819588003021003,0.437745270872341,0.932339431146316,0.991112469592793
"PTI98_007545",4.35233561544271,-0.118696443950205,0.989338386673478,0.374651313625407,0.945427694373642,0.991112469592793
"PTI98_007611",8.72735161061864,-0.149001598647888,0.800212225297166,0.401551845956746,0.93992173352151,0.991112469592793
"PTI98_007614",7.52957257804577,0.411490145057487,0.85515091669582,0.271115016299831,0.965366153453362,0.991112469592793
"PTI98_007635",4.87145200959083,0.10644476214647,0.998157267003095,0.389163699961145,0.942471811214082,0.991112469592793
"PTI98_007668",35.3490159959703,-0.265189614073104,0.502207861107337,0.399353473680037,0.940376019656172,0.991112469592793
"PTI98_007669",5.25977295357665,0.226996416002749,0.93813190077021,0.352734674855135,0.949823620074288,0.991112469592793
"PTI98_007695",3.82804646372242,0.246600624014023,1.01376577286107,0.499954284729341,0.918901454985747,0.991112469592793
"PTI98_007790",5.28302100376585,0.0444555895262174,0.941197875093494,0.5139423967046,0.915817823056353,0.991112469592793
"PTI98_007839",4.03689566312257,0.325529550945902,0.927941705806267,0.324729299390448,0.955312408793299,0.991112469592793
"PTI98_007866",3.34504909004373,-0.195277738207706,1.08922521331223,0.381039792764831,0.944130770456797,0.991112469592793
"PTI98_007872",4.97412944161561,0.377715141600486,1.00541649636836,0.440932817182606,0.931662780023775,0.991112469592793
"PTI98_007917",4.05435050389669,0.556066070243167,1.08012622623067,0.494204076451361,0.920162893242174,0.991112469592793
"PTI98_007936",22.5558818147901,-0.0783531344378657,0.61428904350938,0.342872223161066,0.951773606596304,0.991112469592793
"PTI98_008072",5.0176395821592,0.248154259077146,0.91577285100564,0.436187469027026,0.932669618281588,0.991112469592793
"PTI98_008121",29.9992133193398,-0.192551161683967,0.615228809570821,0.403684160897825,0.939480386282399,0.991112469592793
"PTI98_008124",3.68503559161164,0.537295978841586,1.03595821277302,0.448174970988866,0.930120354025596,0.991112469592793
"PTI98_008226",5.302369088618,0.157706006422967,0.984578385217903,0.309002355623811,0.958326583854918,0.991112469592793
"PTI98_005837",7.71142104369363,0.271426855154272,0.773259192269182,0.418963831038283,0.936297743663997,0.991112469592793
"PTI98_005890",4.26082907370538,-0.266922805673319,0.998435998634168,0.278922983131217,0.96394249968769,0.991112469592793
"PTI98_005942",6.06495548877539,0.491062503658777,0.876276980070489,0.522886381986233,0.913835360331409,0.991112469592793
"PTI98_005943",4.93500624905536,0.425806216491845,0.872238499542134,0.430360111886351,0.933901807284697,0.991112469592793
"PTI98_006020",3.51089560843553,-0.438406603865616,1.03913606509445,0.464323021024832,0.92665659042952,0.991112469592793
"PTI98_006028",4.41399960800282,-0.479901602488093,1.05743523079781,0.283008808109784,0.963191734302488,0.991112469592793
"PTI98_006044",4.94093118811315,-0.0781423972702098,0.855425413322818,0.42177544829164,0.935708358102443,0.991112469592793
"PTI98_006110",4.02912960119073,-0.152881638038867,0.928358823770287,0.531429421302427,0.911934195216557,0.991112469592793
"PTI98_006156",13.281030695799,-0.00860426349920407,0.746887576450407,0.472433359677595,0.924904574600744,0.991112469592793
"PTI98_006182",4.70896336211068,0.0497485352603418,1.04549578178681,0.410437302643302,0.938078052590024,0.991112469592793
"PTI98_006211",13.3306496153427,-0.453914808331617,0.816801608885655,0.426190408630859,0.93478058128602,0.991112469592793
"PTI98_006273",7.55165978302139,-0.366361012327609,0.957624505450206,0.452183924774161,0.929263556677552,0.991112469592793
"PTI98_006335",6.6473176488275,0.0792776696351318,0.785981298676604,0.466739259829211,0.926135473385753,0.991112469592793
"PTI98_006363",4.44087766419065,0.109856932016085,0.91178545425773,0.294709936222361,0.961020308857367,0.991112469592793
"PTI98_006403",4.70843403942917,0.206282090843856,0.97385492402563,0.315740505992238,0.957041437441298,0.991112469592793
"PTI98_006410",7.34333770518715,0.277503175121474,0.824341408855937,0.487662213824109,0.921593487530277,0.991112469592793
"PTI98_006421",9.60584231197005,0.176150612824241,0.74652383225653,0.414697153208664,0.9371899499515,0.991112469592793
"PTI98_006433",9.76067495014647,-0.188573640881873,0.715150731398424,0.412370897206145,0.937675266597176,0.991112469592793
"PTI98_006571",15.196507880758,0.351360301453876,0.61576182259615,0.374464379199551,0.945465540775738,0.991112469592793
"PTI98_006688",17.8156365195315,-0.331566177303223,0.743355545079062,0.27593852470298,0.964488394295104,0.991112469592793
"PTI98_006690",3.64297756635305,-0.437507037284516,0.977482519475534,0.422794499082599,0.935494458169005,0.991112469592793
"PTI98_006699",16.69560029957,-0.168914063498315,0.71804469846955,0.530428889654416,0.912157228333525,0.991112469592793
"PTI98_006710",14.0405103180952,-0.0586738585274324,0.633601989811536,0.428625211300627,0.934267738335918,0.991112469592793
"PTI98_006731",9.21074924219368,-0.228875596938205,0.734651126224997,0.509938098986268,0.916702692427497,0.991112469592793
"PTI98_006738",4.58201202503827,-0.299961748489581,1.06156582114014,0.354408099627129,0.949490977675256,0.991112469592793
"PTI98_006788",4.0567990337795,-0.0580709676703074,1.00720393806665,0.444224531451319,0.930962579748982,0.991112469592793
"PTI98_006839",17.7761141139241,0.345346026253908,0.733074330965811,0.323547534649236,0.955540663894307,0.991112469592793
"PTI98_006878",24.8872171198307,0.353826759476292,0.618302830616962,0.409782693893661,0.938214287301622,0.991112469592793
"PTI98_006887",8.9402794205907,0.35462384247667,0.718828370175585,0.271520860704641,0.965292516989233,0.991112469592793
"PTI98_006929",4.28806381093086,0.13488029351907,1.01664307087552,0.398972764962338,0.940454615741343,0.991112469592793
"PTI98_006964",4.34756985321074,0.484862040343808,0.940573085987365,0.290287514226229,0.961844665979188,0.991112469592793
"PTI98_008380",4.59816579219783,0.331495892732841,0.978701719583199,0.304188043083244,0.959238907699208,0.991112469592793
"PTI98_008469",3.6552086573888,0.166997369426486,1.02094996028954,0.53199011957232,0.911809164337774,0.991112469592793
"PTI98_008558",14.0699310419235,-0.10414173756547,0.657901341906946,0.462197674400088,0.927114370129854,0.991112469592793
"PTI98_008571",6.67744733198849,0.224143161105637,0.834542886344986,0.447014181230216,0.930368046072623,0.991112469592793
"PTI98_008575",11.7826133326963,-0.359864696209818,0.711308750096882,0.410944163459376,0.937972522607782,0.991112469592793
"PTI98_008692",7.1458176919449,-0.11008558474707,0.770834634206542,0.260093724766946,0.967350299014775,0.991112469592793
"PTI98_008970",38.5385829379301,-0.421120370314259,1.01962502086793,0.416372445654062,0.936839946732337,0.991112469592793
"PTI98_009077",21.4723240617922,0.23811033871021,0.588236538996931,0.301727510850512,0.959703255379066,0.991112469592793
"PTI98_009707",93.9955496589693,0.137171303212972,0.499329519275227,0.31290249561215,0.957583883401546,0.991112469592793
"PTI98_009744",6.1968457922042,-0.266401288456008,0.87845332892534,0.368513066347127,0.946667323756915,0.991112469592793
"PTI98_009837",4.42926879054116,-0.199473506954925,0.986007380607005,0.261390731721555,0.967118378888533,0.991112469592793
"PTI98_009844",5.54342536440537,-0.297159518961948,0.911379461549098,0.276876818559892,0.964316997481082,0.991112469592793
"PTI98_009876",3.61319838189499,-0.593141906690383,1.01646292601807,0.530112651117143,0.912227701999723,0.991112469592793
"PTI98_009923",9.21249200040511,0.15361818414233,0.805881216171774,0.35515923340995,0.949341502578452,0.991112469592793
"PTI98_009947",4.38221849541317,-0.269074000965287,0.970289031511079,0.449616972725465,0.929812409773354,0.991112469592793
"PTI98_009990",7.11718731026826,-0.0299419291042236,0.820460422397656,0.383762000725099,0.943576076868722,0.991112469592793
"PTI98_010119",8.22797967676873,-0.214663522478766,0.728324917951145,0.495697621297609,0.919835603731351,0.991112469592793
"PTI98_010156",40.385236547786,-0.0527555803754377,0.59049361762399,0.486885834019958,0.921762944991543,0.991112469592793
"PTI98_010188",6.53502143999412,0.518310952037754,0.836227074038626,0.442034075815499,0.931428686367957,0.991112469592793
"PTI98_010258",4.69990697069325,0.419531957360939,0.960092768014491,0.321154702479632,0.956001969630851,0.991112469592793
"PTI98_010259",4.30169544308119,0.252747300817129,0.964555001967172,0.317971965537332,0.956613751069764,0.991112469592793
"PTI98_010293",28.6839540547173,0.218371907974604,0.583879111922409,0.339467382876293,0.952442577633995,0.991112469592793
"PTI98_010326",6.80715596404093,-0.401841805388888,0.837934482610402,0.416864993528648,0.936736964977243,0.991112469592793
"PTI98_010511",3.44447033557974,-0.2110814934643,1.09830767004173,0.37433090665418,0.945492559767903,0.991112469592793
"PTI98_010664",3.47660992409967,-0.38122805685811,1.01107111724017,0.260883485457001,0.967209131261868,0.991112469592793
"PTI98_010708",27.9101895537533,-0.278459596277099,0.736558275615951,0.31407030365061,0.957360876617184,0.991112469592793
"PTI98_010718",14.3587898336649,-0.141549855783905,0.719508311487293,0.36353902459318,0.94766707650437,0.991112469592793
"PTI98_010731",3.33992771995177,0.24257349794185,1.09905601337599,0.528281687287659,0.912635537273619,0.991112469592793
"PTI98_010829",17.0201492965357,-0.131301335976532,0.617156347700554,0.297574523267187,0.960483999770643,0.991112469592793
"PTI98_010885",15.4600234708267,-0.147187198851937,0.669330864687058,0.392574095694386,0.941772204875776,0.991112469592793
"PTI98_010922",4.07097455395943,-0.334636624672574,0.960851519457068,0.475769366271258,0.924181601100251,0.991112469592793
"PTI98_010970",3.61583610590767,-0.472703901355372,0.989716121462146,0.463204307492326,0.926897621079294,0.991112469592793
"PTI98_010984",12.9819648190134,-0.0505180126760845,0.682115198332971,0.43769058457562,0.932351027901986,0.991112469592793
"PTI98_011082",12.3039326942604,0.085954940098244,0.658797681515323,0.515582095000525,0.915454997330963,0.991112469592793
"PTI98_011153",5.55098203855092,0.334722781526268,0.836432879000465,0.438263441459341,0.93222952788248,0.991112469592793
"PTI98_011248",4.8060042458438,-0.311697583908033,0.991543871468592,0.445359760247754,0.930720762886156,0.991112469592793
"PTI98_011296",18.5396732299673,0.44490284799967,0.697020752367373,0.449120664084347,0.929918428884985,0.991112469592793
"PTI98_011351",3.39750828586166,0.50726847861571,1.00780219843141,0.326896127165227,0.954893162885775,0.991112469592793
"PTI98_011373",6.54509760930619,0.458951173791794,0.990587124985182,0.449618749099798,0.929812030254764,0.991112469592793
"PTI98_011391",9.23210633554407,-0.246169475574207,0.743893968262582,0.395330383979854,0.941205430132848,0.991112469592793
"PTI98_011447",15.1612144053435,-0.248484305162962,0.762889486792767,0.320978156666342,0.956035959245942,0.991112469592793
"PTI98_011657",19.2485402730084,-0.048784307131454,0.632651285898533,0.27528161815863,0.964608265036557,0.991112469592793
"PTI98_011717",11.5075295358455,-0.217059538473387,0.71325787809487,0.356890413616583,0.948996611066642,0.991112469592793
"PTI98_011777",20.0400895472865,0.00204885794676167,0.595097676653016,0.262921361164032,0.966844137258534,0.991112469592793
"PTI98_011804",3.82702311565156,0.0546679777106302,0.915314075602413,0.450072115908,0.92971515591791,0.991112469592793
"PTI98_011815",10.9030938977617,0.125118448271204,0.709419150201589,0.481113962625486,0.923020563698635,0.991112469592793
"PTI98_011902",3.51008652846996,0.0638821669018379,1.01981734151147,0.28125663633012,0.963514174275056,0.991112469592793
"PTI98_011942",4.4769457666088,0.364102120425043,0.970138075521114,0.279347719668294,0.963864638034316,0.991112469592793
"PTI98_012057",3.29848482412901,0.0918255842356123,1.08043989712526,0.419593613937693,0.936165824738033,0.991112469592793
"PTI98_012090",7.60867050142555,-0.257463175714788,0.750732169336597,0.451617187140613,0.929384807469828,0.991112469592793
"PTI98_012726",4.04839938225598,0.301477071109338,0.989626532059607,0.507118205491729,0.917324812969811,0.991112469592793
"PTI98_012858",9.38677926188562,0.190264737333601,0.788399284342607,0.285176034337709,0.962791924110713,0.991112469592793
"PTI98_012888",6.21411319580643,0.164300635339484,0.950970275077978,0.44973475053628,0.929787245901899,0.991112469592793
"PTI98_013003",11.5363171700444,-0.416573635526208,0.928074498726846,0.264171572608248,0.966619700701119,0.991112469592793
"PTI98_013131",3.63857872450194,-0.270188013126288,0.974176421782295,0.450895880671759,0.929539067180897,0.991112469592793
"PTI98_013137",14.6975249032547,-0.116145460627691,0.717179934615923,0.325731645465964,0.955118587981157,0.991112469592793
"PTI98_013154",3.52026900935195,-0.524798876191494,0.974084267663661,0.529828087275305,0.912291108527302,0.991112469592793
"PTI98_013158",5.14408660508789,0.420977961969657,0.902994172617035,0.38467816911853,0.943389119309445,0.991112469592793
"PTI98_013280",10.7492370441053,0.186842369783752,0.745423378973571,0.446845888507724,0.930403942030556,0.991112469592793
"PTI98_013371",6.21082375587783,-0.265130372907188,0.878548402230279,0.51413212779547,0.915775854493653,0.991112469592793
"PTI98_013509",3.57139470361565,0.114421659821073,1.02257164802253,0.333392357501211,0.953630664834966,0.991112469592793
"PTI98_013512",3.73021334504779,0.714506370650564,1.08638104424816,0.476639562262314,0.923992794416768,0.991112469592793
"PTI98_013554",8.160479791744,-0.170840236598864,0.735215488702953,0.366867869778403,0.946998474650285,0.991112469592793
"PTI98_007726",11.3433635264414,0.194620160091858,0.741161566759293,0.25515503715684,0.96822946377217,0.991751278049181
"PTI98_002632",10.6884773565761,0.2112265631537,0.722724221383337,0.229655545098396,0.972665586747895,0.99185368198296
"PTI98_003617",12.5774777116377,0.0406364945181426,0.682791951729892,0.247828008341216,0.969522121127237,0.99185368198296
"PTI98_001143",14.4208502328387,0.102056904163963,0.740606513732213,0.245862878045287,0.96986640109724,0.99185368198296
"PTI98_001391",111.648183448507,0.106989406303347,0.538863674140546,0.230430538246651,0.972533408742083,0.99185368198296
"PTI98_001458",4.09836409508419,0.122379544638989,0.981398251187465,0.238844762560205,0.971087423516114,0.99185368198296
"PTI98_001634",4.66964456024964,-0.294487571279433,0.97529029800146,0.233187169199823,0.972061871337312,0.99185368198296
"PTI98_001676",7.035979116914,-0.209404816732373,0.838039298108142,0.238875777310071,0.971082057123299,0.99185368198296
"PTI98_004430",8.78866166915901,-0.302568410232982,0.80417026729689,0.233775425559742,0.971960968614437,0.99185368198296
"PTI98_004499",4.60492599547902,0.40236034297713,0.906153169276769,0.244852775794179,0.970042962787688,0.99185368198296
"PTI98_005039",5.33205137538135,0.149310210599935,0.929605106097371,0.229592628157455,0.972676309941526,0.99185368198296
"PTI98_005389",3.65694308329758,0.254936442639395,1.02526281081557,0.241497626711222,0.970627450623364,0.99185368198296
"PTI98_007589",12.577430576807,-0.282345764956857,0.701047915901929,0.237758428715139,0.971275221179257,0.99185368198296
"PTI98_009641",3.73212234283992,0.110887914960503,0.986790652174639,0.243663006961597,0.970250576901977,0.99185368198296
"PTI98_009828",5.80495899185791,-0.364965139435808,0.825232661723811,0.247503434241089,0.969579055814436,0.99185368198296
"PTI98_010877",4.26441000517846,0.162505180345328,1.00794035827691,0.230015430162069,0.972604228312905,0.99185368198296
"PTI98_011133",7.20049625258072,0.33082356834853,0.781444824666099,0.2499531445957,0.969148652008018,0.99185368198296
"PTI98_011817",4.43015042173378,0.0421906598316375,0.966444227423137,0.246764808465613,0.969708516031289,0.99185368198296
"PTI98_000720",13.4362406048643,-0.270362155487723,0.668654415570964,0.226841433759162,0.973144096510209,0.992069894970591
"PTI98_003367",15.7331184466707,0.0292347734848821,0.662822629882462,0.225219209382516,0.973418899942799,0.992089309742017
"PTI98_001224",4.87245272285038,0.0229086914450946,0.969977731222024,0.218062559541281,0.974622021446638,0.99254258688464
"PTI98_008114",3.68665639366575,-0.0894137340941537,1.01470891203387,0.220675552187778,0.974184499685424,0.99254258688464
"PTI98_006305",4.58489393605865,0.261556974142303,0.927862077876818,0.211845327591973,0.97565477798173,0.99254258688464
"PTI98_006607",3.94474596060074,0.0100502328157512,1.02390819388545,0.216243713154768,0.974925364808692,0.99254258688464
"PTI98_008447",12.8299199145137,0.227346450345229,0.688335283759477,0.214068510274998,0.975286829168843,0.99254258688464
"PTI98_008906",3.24851120863808,0.0736293418681128,1.06250284107987,0.211996469351917,0.9756298111524,0.99254258688464
"PTI98_011339",3.78917901154717,-0.324083507414584,0.973427468089369,0.214714908291405,0.975179563820059,0.99254258688464
"PTI98_001453",8.71046922485177,-0.0899204839980915,0.79625877111685,0.20986731154801,0.975980874205967,0.992614003944664
"PTI98_007448",7.19459593928515,0.133101163753075,0.868636594909254,0.207364120534649,0.976391812247031,0.992771648677911
"PTI98_002552",4.35100278969261,-0.209015515549661,1.03422855840477,0.185680965919893,0.979867091899968,0.992997797361666
"PTI98_000209",3.9205255788692,0.176965442816332,1.06695153861463,0.189017590555501,0.979342454642668,0.992997797361666
"PTI98_000907",3.65560222063543,-0.352404039805244,1.15211371449764,0.19691350062628,0.978086019738838,0.992997797361666
"PTI98_004763",4.95399217145699,-0.292088477663682,0.930534555336771,0.198431047876795,0.97784218205922,0.992997797361666
"PTI98_004923",3.21935740643395,-0.373357519775935,1.14566778548562,0.191183418557593,0.978999887996593,0.992997797361666
"PTI98_004927",6.23263203434085,0.00374451481282156,0.789792864970102,0.200968315237233,0.977432827381943,0.992997797361666
"PTI98_005174",3.81260239105006,0.1240247731301,1.00871404831,0.192578907776337,0.978778330762321,0.992997797361666
"PTI98_006146",5.88540798249788,-0.00929540438811476,0.87080678703124,0.185201668273152,0.979942141866578,0.992997797361666
"PTI98_008928",3.93253135673737,-0.0899243934085484,0.933832005514714,0.187523466528248,0.979577853894704,0.992997797361666
"PTI98_011025",3.72302843389774,-0.278561956449071,1.00853610273696,0.193025965433115,0.978707215418772,0.992997797361666
"PTI98_011443",6.66529116017577,-0.0552687180682592,0.806560412203884,0.195968322894473,0.978237509323112,0.992997797361666
"PTI98_012722",4.55537927388289,-0.260045638219995,1.00124538558466,0.195643448586537,0.978289511267145,0.992997797361666
"PTI98_013463",4.3978999960962,0.374115949783387,1.02750584376187,0.187130627073266,0.979639619660581,0.992997797361666
"PTI98_002870",5.06528372740551,0.26997231918842,0.927506400171488,0.174836203880631,0.98154556222702,0.993151357986764
"PTI98_003201",7.78493575615233,-0.133213031894533,0.761680928302957,0.165839293645377,0.982905922612652,0.993151357986764
"PTI98_000827",69.6510833051471,0.221423493142811,0.540533095114633,0.173116923230566,0.98180781681968,0.993151357986764
"PTI98_001792",202.089191107648,-0.205828093171324,0.561534161147797,0.166972811914036,0.982736181024944,0.993151357986764
"PTI98_001889",5.4135729921235,-0.0184650916270281,0.913247321697476,0.179027699229131,0.980901751000809,0.993151357986764
"PTI98_001956",4.8489886218564,-0.261317346642104,0.998129243609911,0.166143418550909,0.982860427975611,0.993151357986764
"PTI98_005010",5.46197564583555,-0.140325670293704,0.914197706209918,0.172092789509406,0.981963525333501,0.993151357986764
"PTI98_005392",12.0373548192755,-0.241574856250932,0.76551140030013,0.182478340512972,0.980367062984901,0.993151357986764
"PTI98_007480",4.77465502538589,0.0562329516027263,0.994278366818238,0.167083613497347,0.982719562930188,0.993151357986764
"PTI98_006897",3.2195483356913,-0.316167319210785,1.08303972226673,0.178273136869691,0.981018113668442,0.993151357986764
"PTI98_009933",9.16905974830345,0.0942084742004982,0.863213784418303,0.165811726751798,0.982910044679347,0.993151357986764
"PTI98_001183",7.7040579902954,0.0862605383081876,0.827016123466996,0.162065719027353,0.983467509663904,0.993412995396416
"PTI98_013139",5.11020553398043,0.0561666166786277,0.837566253600564,0.16062026510069,0.983681184665541,0.993412995396416
"PTI98_005457",4.21616212705311,0.374035649105401,0.976399017977615,0.158815466185189,0.983946848596711,0.993422651146965
"PTI98_006135",18.2873358939139,-0.211010082635848,0.668616552963104,0.156520478218084,0.984282836636192,0.993503284754564
"PTI98_002643",4.32061039724109,-0.30176724853351,1.00936613825265,0.152161937200233,0.984915208804054,0.993624472028849
"PTI98_010257",3.37514175424875,-0.22695582772946,1.00337563999758,0.153811694768471,0.984676737647228,0.993624472028849
"PTI98_005977",7.02154230698721,0.0473371751475271,0.772342897363707,0.146746801523527,0.985690228126638,0.993889367014096
"PTI98_011797",3.45666211478899,-0.357577343788901,0.974306947387362,0.147404530731286,0.985596732689695,0.993889367014096
"PTI98_004971",3.77512137871991,-0.498995657937425,1.9866367517931,0.141114069523901,0.986483537520241,0.993914192737926
"PTI98_008603",4.81767114730071,0.0815567065435599,0.964049583875541,0.142012624423593,0.986357879627297,0.993914192737926
"PTI98_013217",5.98817553384705,0.0673419517400135,0.911336118208325,0.144527861900187,0.986004326602738,0.993914192737926
"PTI98_001721",5.089313074259,-0.153643548490967,0.88901633656042,0.137996355149355,0.986916861325873,0.994092574677502
"PTI98_004990",3.8114087521252,0.0953502600610753,0.997671904255927,0.130270999923496,0.987972345964118,0.994317766276719
"PTI98_005956",3.60298391427643,0.123199129867046,1.03092330029957,0.126918440579729,0.98842209506652,0.994317766276719
"PTI98_006907",5.61727498994163,0.0314742646458922,1.02651707009902,0.129743674716309,0.988043425028488,0.994317766276719
"PTI98_010010",5.8760084636771,0.106036653756487,0.826602513153599,0.128761027101497,0.988175542416667,0.994317766276719
"PTI98_010061",6.96671514409276,0.110578390410011,0.788950287480829,0.129659848654342,0.988054712526462,0.994317766276719
"PTI98_001546",10.1375790500252,0.0229299622651833,0.751031849433907,0.118655918162887,0.989508298368781,0.994949969252869
"PTI98_004553",44.3490617178559,-0.202145266287153,0.588683231991382,0.118229002647979,0.989563542505174,0.994949969252869
"PTI98_008083",8.42360503745882,0.129704167461283,0.763093586350098,0.116188659659088,0.989826351463954,0.994956314415309
"PTI98_002893",44.4662647318239,0.0898942808587434,0.540993089061773,0.111574451196915,0.990413159272074,0.995288249952429
"PTI98_003421",6.67766228326369,0.157842415275741,0.79239028762486,0.104716646713442,0.991265462365287,0.995294581161341
"PTI98_000530",6.66559403160138,-0.146191664375249,0.826418065279488,0.105981850934,0.991110041494453,0.995294581161341
"PTI98_004837",15.0017200142302,0.195822243333717,0.638917509449497,0.10323996551827,0.991445800878428,0.995294581161341
"PTI98_009993",3.17799878444003,0.16236222214736,1.0243954701152,0.10337091434144,0.991429855282249,0.995294581161341
"PTI98_005259",7.86377361371369,0.195912405528051,0.793256409853257,0.0999793854629871,0.99183989744186,0.995432590472698
"PTI98_003123",7.09394371040734,0.0521729040110168,0.85281370904786,0.0888333734882991,0.993142931307032,0.995452566031002
"PTI98_003141",4.20250681162213,0.0144996802138668,0.967714988083068,0.0953114242790107,0.992394073190146,0.995452566031002
"PTI98_004056",3.51306647432678,0.0292410234489691,1.15788636957225,0.0953237117399084,0.992392630208709,0.995452566031002
"PTI98_000658",3.41572176972842,0.108294402721772,1.01156642235155,0.0909683920318471,0.992898774421185,0.995452566031002
"PTI98_010710",3.98360384546031,0.077374296801991,0.934041136493378,0.0928411171318544,0.992682455745605,0.995452566031002
"PTI98_011998",4.88294397079075,0.172386119988864,0.872808627477669,0.0747470515481723,0.994685137203884,0.996740802690226
"PTI98_002739",5.51899411718097,-0.192023800726659,0.846787512308675,0.0715572520612682,0.99501694944165,0.99678313646943
"PTI98_006183",9.32282408380294,-0.0972726910054744,0.75822182630977,0.0693624583602457,0.995241321873189,0.99678313646943
"PTI98_004012",4.41842823949082,-0.0374866640499454,1.04896971274521,0.0584190381042191,0.996309783852676,0.997286773188676
"PTI98_001475",28.6499166597762,0.0852058607063831,0.545284177126734,0.056202667265211,0.996515476380332,0.997286773188676
"PTI98_007765",6.70862315721252,0.0197583222106025,0.891284002179179,0.0568648094993591,0.996454418970892,0.997286773188676
"PTI98_010736",4.27733539930756,-0.0195081677724674,0.930461201317193,0.0424087517939142,0.997706581163827,0.99796385465046
"PTI98_011243",4.6852737567902,-0.136941369907549,0.962484994811434,0.0424620387969767,0.997702293894659,0.99796385465046
"PTI98_010211",13.7457789536063,0.00332727902964679,0.765200082621857,0.0341538811204032,0.998338373567161,0.998338373567161
"PTI98_002234",2.8753394423875,-1.58446443337225,1.34864464785069,2.73595865189743,0.43415104506703,NA
"PTI98_002251",2.20221000939015,-0.195881632834256,1.32843965345415,0.385186950745457,0.943285235766372,NA
"PTI98_002343",2.96977194944269,-0.113148066164911,1.09381076859313,2.58266530297257,0.460536650877058,NA
"PTI98_002372",2.88425465054857,0.602317613722059,1.09347677832318,0.701990660447542,0.872735626002392,NA
"PTI98_002468",13.8100614759522,7.39675663138093,4.20383104223682,6.2691642708489,NA,NA
"PTI98_002487",2.42132208188954,0.735866882932734,1.22352803518826,0.632381814747404,0.888980909694542,NA
"PTI98_002501",2.88647547815016,0.460369955732708,1.11595327054484,2.68986678411709,0.441952075855103,NA
"PTI98_002509",3.11793872591495,-0.0974316292628563,0.98140027662366,1.88559035275523,0.596488904694932,NA
"PTI98_002528",3.11600914990347,-1.63737003681956,1.12628673667426,2.9068728601423,0.406207533678017,NA
"PTI98_002532",2.4793297405664,-0.213765367067731,1.1916269492234,1.0035428505219,0.800394691688654,NA
"PTI98_002535",2.97884691556952,-0.647032980702291,1.14805822926595,2.91630315304002,0.404710412394064,NA
"PTI98_002547",2.53321095079334,1.30322763295013,1.21384879556198,3.04604223885475,0.384580701948538,NA
"PTI98_002579",2.87008529950383,0.713106786634431,1.08332201494535,2.15883460703996,0.540102115573227,NA
"PTI98_002601",2.22031696679993,0.721656611712844,1.28067471544392,1.33267420012855,0.721389272738543,NA
"PTI98_002675",1.20014572976427,0.11876408081065,1.74638322344259,2.39510645166161,0.494546205272454,NA
"PTI98_002676",2.150846273955,-1.67903242449969,1.33471981905842,1.87469328146248,0.598817249889134,NA
"PTI98_002684",2.85829674608116,-0.119543615627994,1.09666020158272,0.0449043460194289,0.997503058493965,NA
"PTI98_002697",2.68306322285557,-0.342447678154278,1.2954285642525,2.29071408228479,0.514302176138375,NA
"PTI98_002707",2.7387594161908,-2.39473869636903,1.40903945598128,5.82736352348242,0.120318202471072,NA
"PTI98_002720",2.79429074428898,-1.17008063168869,1.4181467730629,1.69589121755188,0.637847658150291,NA
"PTI98_002726",2.74556197933348,0.124444518019429,1.3058381982319,2.57003267210173,0.46276744348131,NA
"PTI98_002753",3.09779897566292,-0.631760766063082,1.19396711304801,5.55689604931318,0.135274931559183,NA
"PTI98_002755",2.7465622776039,0.832319480122186,3.16708662795547,0.127177443785371,0.988387532109658,NA
"PTI98_002758",2.44443032737191,-0.965906637979265,1.25403302051136,1.79632244298195,0.6157355402712,NA
"PTI98_002806",2.9520198203183,0.187430529986438,1.05422784316507,1.57546801879445,0.664964984600205,NA
"PTI98_002836",2.30499894342921,0.457640806641785,1.32849342848212,2.83432596668339,0.417880380063351,NA
"PTI98_002872",2.47830661050419,-0.847280802678254,1.17773401889249,3.10063664516876,0.376367744377644,NA
"PTI98_002894",2.90415635775552,0.559269908018807,1.12098290912269,1.67423105591054,0.642677935513232,NA
"PTI98_002908",2.29966480143369,-2.54195803505326,1.32504666803273,7.26386386973571,0.0639465361652163,NA
"PTI98_002925",2.74730701723475,0.725202180826924,1.27674909154347,1.84458935134291,0.605280193701121,NA
"PTI98_002933",2.71924539809962,-0.417262099453409,1.18505890268018,0.945875912462775,0.81434511580984,NA
"PTI98_002954",2.10564070808933,-0.105783012343508,1.2228467911872,0.754712305476609,0.860265686768791,NA
"PTI98_002968",2.921250680586,-0.556704306043542,1.15323091776508,1.89987934448449,0.593444838589368,NA
"PTI98_002981",2.43982366623356,-0.0606186207086536,1.2114270924992,0.232539526608107,0.972172847666025,NA
"PTI98_003012",1.73022516497534,-1.17634202214457,1.58547659290115,1.8272659952419,0.609019600641863,NA
"PTI98_003049",2.29943846973473,0.701745739525885,1.31533380413453,1.76528581781291,0.622518106138689,NA
"PTI98_003052",2.43302586325092,-0.335661217851583,1.11300242087753,0.144587077262337,0.985995971063796,NA
"PTI98_003055",2.49182143046549,1.78380654291896,1.3182586159549,4.19397526241464,0.241265768257229,NA
"PTI98_003077",2.60812141731601,0.506528301194222,1.10931383901141,0.467033267116435,0.926072014763058,NA
"PTI98_003086",2.90421331210257,-0.326384871499377,1.13030474182338,0.784771175388613,0.853105992040773,NA
"PTI98_003099",3.09172977222871,0.193560356693912,1.09064898863039,0.359334701037454,0.948508735998335,NA
"PTI98_003166",2.98572378370278,-1.33740649057905,1.25511385431373,5.34120393376653,0.148450964453467,NA
"PTI98_003189",2.15000676165432,2.17805526156835,1.3770728511994,2.7380530250162,0.433799267031562,NA
"PTI98_003246",2.57568476834825,-0.24995185912145,1.18642163672947,5.06970047822422,0.166763904236977,NA
"PTI98_003249",3.04900881997068,-0.468264367879639,1.08333322640889,0.831653918030639,0.84188180606013,NA
"PTI98_003265",2.86087435188809,-0.165345053492631,1.18750110440769,1.25476782713471,0.739900875173269,NA
"PTI98_003286",2.14539693680279,0.803394865877587,1.28143783729788,0.586389319565598,0.899541035785647,NA
"PTI98_003305",3.10091543958376,1.11165506283734,1.26795562507574,1.837044840956,0.60690693313432,NA
"PTI98_003316",2.62629167552001,1.79051278591295,1.18112909203821,5.33416743707189,0.148900619492368,NA
"PTI98_003331",1.70669902995759,1.34081118930986,1.5427877420859,2.50923882934484,0.473623733615085,NA
"PTI98_003365",2.17503476726448,-0.657346207770646,1.30666150349441,1.55007102179464,0.670763099252077,NA
"PTI98_003382",3.08724419140436,2.3281288681262,1.16311124774941,3.82637079425086,0.280833629667098,NA
"PTI98_003407",2.57394250207794,0.0822670074220383,1.0922077374559,0.919984900960877,0.820602509652572,NA
"PTI98_003422",2.63303573417244,2.96490717790929,1.21814114834851,8.34559397271966,0.039384031333634,NA
"PTI98_003438",2.68774240093929,-0.95163921924246,1.10473441031302,1.1569108104493,0.763356322615548,NA
"PTI98_003440",2.96513339733749,1.13174400268456,1.14094500532888,1.49000919634305,0.684578114962488,NA
"PTI98_003464",2.81679646221233,-0.309261635439367,1.08303801841786,0.133760919932193,0.987498793702769,NA
"PTI98_003494",2.35289988516338,0.422352955550733,1.32567291172852,0.306271239246051,0.958844746843924,NA
"PTI98_003495",2.83571754622733,-0.313542560800933,1.12734206098471,0.210493718904829,0.975877735193854,NA
"PTI98_003499",2.89871578094753,1.62136146434601,1.12596755513956,6.98291396770532,0.072444360952654,NA
"PTI98_003575",1.83209827291104,0.496669667446196,1.35671523788674,4.45054314676216,0.216744376830321,NA
"PTI98_003639",2.29241207181734,3.04047097952821,1.44095378899885,6.49372506908589,0.0899103005054694,NA
"PTI98_003652",2.13786905429102,0.082709635128014,1.1462834142181,6.08593502284901,0.10750333476091,NA
"PTI98_003655",3.03208954725176,0.026723224668227,1.08113230040681,0.98231649768254,0.805530734272225,NA
"PTI98_003741",2.60425401074277,-0.279369180832767,1.2861256166019,0.532461370806793,0.911704055520901,NA
"PTI98_003765",2.40626048190869,0.604735041873462,1.33645215260631,2.38483997439472,0.49646289553948,NA
"PTI98_003807",2.92298519403727,-1.68446051110716,1.12556975664557,5.03180827446391,0.169482748586319,NA
"PTI98_003819",1.82245663938224,0.290452474997307,1.40339420865943,0.290611176564553,0.961784483904983,NA
"PTI98_003826",2.14920751199334,-0.6801602415029,1.23885497346698,1.80999327832508,0.612762704717519,NA
"PTI98_003827",2.6320132398994,0.703049668012779,1.32010899892741,5.98598971865491,0.112293848846114,NA
"PTI98_003852",2.72303743757126,1.93645270354638,1.24572745699786,5.46758180530559,0.140590492973914,NA
"PTI98_003868",2.70652547795568,1.29451547419678,1.33909842944809,2.47502333759814,0.479821841011255,NA
"PTI98_003873",1.58057995174266,1.77044543480399,1.51556731924955,4.67056523487864,0.197571565309706,NA
"PTI98_003874",3.04401553467549,1.19975971198023,1.25820549779691,1.15894243296727,0.762867498070894,NA
"PTI98_003883",2.35400256858429,0.562542571150004,1.1458843265536,1.17456320586496,0.759111345202463,NA
"PTI98_003896",3.07662375535938,1.49477782410289,1.10742260885601,2.52292612768366,0.471162063190877,NA
"PTI98_003903",2.35368056205618,-1.13270031165221,1.21899146022646,11.295603441996,0.0102302567245746,NA
"PTI98_003948",2.47461123581256,-0.698103369337535,1.19098985456014,0.651416145968938,0.884567370451902,NA
"PTI98_003954",2.59160283177588,-0.663798993961506,1.23112689458753,1.01760937296795,0.796991113310552,NA
"PTI98_003957",2.99806537405023,-0.750131035561488,1.20556024027136,3.03736205183441,0.385900478298138,NA
"PTI98_003964",2.89776501647043,0.0429736468304504,1.14748867403652,3.33139271764183,0.343297208279328,NA
"PTI98_003977",2.32218409497067,0.628089412446116,1.11588068555605,2.92373018258354,0.403534582847844,NA
"PTI98_004027",1.14623425712306,-1.09063033389756,1.79984845226003,1.16227718921218,0.762065277143681,NA
"PTI98_004068",2.20917714016556,1.75229774136551,1.28774361973606,2.37479874217729,0.498343068738703,NA
"PTI98_004116",3.04668203704113,1.0997376539234,1.16912753983267,5.00682807471276,0.171297841364758,NA
"PTI98_000091",1.17962781268783,-0.667247888806204,1.95476769284286,6.1306419104497,0.105424346088969,NA
"PTI98_000095",1.78398087465004,-0.921001298004946,1.68626810083535,11.3859314482547,0.00981197637146165,NA
"PTI98_000096",1.82064207662195,-3.47196728536242,1.50525976593068,7.42035030489176,0.0596407013169557,NA
"PTI98_000140",2.58787172592347,1.31782502938781,1.31626415797464,2.2765768874458,0.517022999038081,NA
"PTI98_000234",2.17771773089411,1.23915206336709,1.24843066622089,4.02027418220155,0.259283190379596,NA
"PTI98_000240",2.7996604284895,-0.889823736928991,1.26901495877891,2.33055002732827,0.506693609789441,NA
"PTI98_000245",2.5492127135444,-0.630407128893314,1.21083465482737,1.58420315544441,0.66297692890759,NA
"PTI98_000268",2.81507307253039,-1.78243478253727,1.21028839826475,2.73976824847735,0.433511346378054,NA
"PTI98_000340",2.380722984745,-1.23697940668429,1.28034218945494,1.20469800235995,0.751877758558183,NA
"PTI98_000351",2.5402665174687,-0.57735147830388,1.25653362100948,0.921401034255133,0.820260415498102,NA
"PTI98_000355",2.57897148011122,-0.126808144745858,1.33177713424088,2.57722543064637,0.461496219457446,NA
"PTI98_000358",1.97665625776571,-0.189305482137802,1.29806114070241,1.52577225733984,0.676335007907796,NA
"PTI98_000388",2.52733297451253,-0.0175260175403542,1.16531198527722,1.56036812915508,0.668409084455779,NA
"PTI98_000398",2.87114759726504,0.528885635018294,1.09939024021672,1.14986363178756,0.76505244712107,NA
"PTI98_000468",262.662137254191,2.56652511723839,3.1429133788773,9.99916610951207,NA,NA
"PTI98_000497",2.89587370164934,-0.0870373885730745,1.10544485994722,1.72720041441255,0.630903548903698,NA
"PTI98_000517",2.43556950278851,0.30497164412249,1.47760080264547,7.94919396129557,0.0470734662894261,NA
"PTI98_000545",2.51244156985249,-1.48833896126317,1.30734146565983,6.8205797466042,0.0778417849268918,NA
"PTI98_000551",1.89485830340743,0.0119727672131785,1.35051624047398,0.568732759523535,0.903551472044562,NA
"PTI98_000566",2.38870491803996,1.01268295457559,1.21182167913043,1.80370635540314,0.614128723602122,NA
"PTI98_000574",2.66388695006483,-1.49820894565903,1.22541818967746,2.94681680471101,0.399897872647289,NA
"PTI98_000576",2.55070624879237,1.19442838488451,1.11810329399938,3.34818394657274,0.340992443567543,NA
"PTI98_000596",2.65599647681394,-0.0942429686923484,1.06809140765585,1.15572344775227,0.763642042760926,NA
"PTI98_000621",2.40937683052113,0.109161562364162,1.29896625847468,4.17449197014607,0.243228163066579,NA
"PTI98_000627",2.85861531176392,-0.288061120140712,1.15490290494158,0.452667633163102,0.929160036659702,NA
"PTI98_000635",2.42697393217146,-3.14183187652213,1.40078109671811,7.2301505180731,0.0649128703655918,NA
"PTI98_000715",2.61409476831273,0.359013687413764,1.25129697278881,0.75401951421383,0.860430311474428,NA
"PTI98_000721",2.89267840377581,0.896857670036661,1.22473414207461,2.51194254504231,0.47313666381169,NA
"PTI98_000727",2.99391866819752,-0.402561980113133,1.17028172619549,0.542474589959035,0.909465604522413,NA
"PTI98_000729",2.81640601884149,1.0055865559134,1.24527464714149,1.8998260439138,0.593456174440102,NA
"PTI98_000743",2.653908378433,-0.708094976249098,1.05191488671563,1.1462129218426,0.765931413258449,NA
"PTI98_000758",2.1318435545101,-0.550973812591186,1.16996867758422,1.92425914406895,0.588274838092077,NA
"PTI98_000768",2.89491677555027,-1.80033152884427,1.380800737226,9.44717910248689,0.0238999764729504,NA
"PTI98_000778",2.99318733709271,1.51541435755163,1.02710998228933,7.05373932878365,0.0702044995331733,NA
"PTI98_000781",2.7406553765689,-0.52649383491317,1.19651386497927,0.430705926636762,0.933828816547527,NA
"PTI98_000784",2.61715877884224,1.17054977112888,1.22174823475508,1.29079220625508,0.731320711026877,NA
"PTI98_000798",2.66333670063506,-0.793560301773208,1.52177366997567,3.91219056676059,0.271103406787986,NA
"PTI98_000800",2.48414325830085,0.219544169364954,1.2606925208494,0.593681489242485,0.897877316537481,NA
"PTI98_000826",2.22877835202908,-0.955838551929043,1.32466522270565,0.610490138421461,0.894026752866239,NA
"PTI98_000833",2.66637086825212,-2.20296720170639,1.3119985246629,8.98635876737529,0.0294728050333,NA
"PTI98_000834",2.84840914414093,0.50903096296703,1.25312970218935,1.18487298955344,0.756634633077756,NA
"PTI98_000839",2.92951158700503,-0.104600127445782,1.14535797884396,0.340286421780512,0.952281856847128,NA
"PTI98_000842",2.89269512364748,-0.131558724237642,1.10780798838126,1.25265618079845,0.740404828148675,NA
"PTI98_000869",3.10695257102496,-0.451787092768759,1.12652978028258,0.979173051479378,0.80629128464704,NA
"PTI98_000871",2.81985440692756,-0.788942413346353,1.41517843924401,2.75349073992587,0.431213504308462,NA
"PTI98_000873",3.06044033363055,-0.267921049315607,1.23907713334465,2.00954055043766,0.570428890823098,NA
"PTI98_000890",2.5890152425426,-0.532567620247027,1.2310120695877,1.05365293195239,0.788272550811739,NA
"PTI98_000898",2.72701204966407,-0.619852399744988,1.12457376127139,2.15734452358335,0.540398962252558,NA
"PTI98_000908",2.10837207256907,-0.60733716976225,1.32724311833092,0.845819145824834,0.838479177542833,NA
"PTI98_000910",2.93024836396305,-1.07476864824702,1.42871573966437,3.23789405197358,0.356380593933165,NA
"PTI98_000957",2.80513193024395,-0.389095426889727,1.13587049659214,1.7928421191441,0.61649380838794,NA
"PTI98_000970",3.11835083375882,-0.535134548598582,1.10800967240944,0.256900327741938,0.967919489773817,NA
"PTI98_000994",1.55819431701573,-0.27286683532857,1.4600449116105,1.34375624356748,0.718769868243014,NA
"PTI98_001016",2.54170160027427,0.0766271570894344,1.22496842734517,0.326553671002507,0.954959485059216,NA
"PTI98_001026",1.70733105854809,-1.0265056238399,1.59262864719731,1.42253823732116,0.70026025150957,NA
"PTI98_001034",2.01979167488513,1.96689142319438,1.46457085231864,4.68443182839609,0.196417630596686,NA
"PTI98_001048",2.30954363563737,-1.63597332457278,1.3041399057322,3.37177436172998,0.337777269174958,NA
"PTI98_001098",2.23510507724598,-0.776514229939397,1.29776457272471,1.13610197938592,0.768366837331419,NA
"PTI98_001100",2.62953611231755,-0.208442384728363,1.20244970638348,0.0904241089704811,0.992961267931426,NA
"PTI98_001122",1.5130425652029,-0.561802358065143,1.46055169529689,0.626215839528506,0.890405496734097,NA
"PTI98_001124",2.73375882561978,1.90509594501768,1.21827230740142,2.57317735477272,0.462211318896069,NA
"PTI98_001131",2.87858885811976,0.0468901668851109,1.30649131923154,0.664238563395152,0.881581387597049,NA
"PTI98_001132",2.38002044865033,-0.990852143687078,1.36739934840456,16.6997514274594,0.000814672663068613,NA
"PTI98_001166",1.56963328897038,-0.549360472871481,1.37931888079331,1.81063295337721,0.612623824039252,NA
"PTI98_001249",2.93757547330257,-0.949855564825604,1.08703434625488,0.949083349288976,0.813569564694203,NA
"PTI98_001257",2.31495874833993,2.52073214622726,1.51170575016397,7.57132462495233,0.0557538621762221,NA
"PTI98_001272",40.9567836205683,0.00318701349893012,1.49316734197056,1.91471476876937,NA,NA
"PTI98_001285",1.57273860380525,-0.786153604025283,1.49927760654761,2.3810806207334,0.497166175751779,NA
"PTI98_001287",2.90313133930015,0.227965124262562,1.23985129171709,1.38519070062157,0.709009755669275,NA
"PTI98_001304",2.75186622865449,-0.649460453281902,1.17025772635855,1.23972833293769,0.743492425559836,NA
"PTI98_001318",2.69615485325703,0.406794964965198,1.29770375327199,3.27151458807482,0.351627002020285,NA
"PTI98_001327",2.79592939344802,-0.28191114916688,1.29359516895092,5.85222720765203,0.119025255638907,NA
"PTI98_001342",3.088320793356,0.5983510221094,1.26246814036316,5.05500066778884,0.167813743962336,NA
"PTI98_001365",3.0027120474856,-0.906505930836292,1.18951595321115,6.72279728175712,0.0812781206832977,NA
"PTI98_001412",3.12736522907103,-1.06059870613604,1.00360573403095,2.8236839937878,0.419615935659708,NA
"PTI98_001424",2.24707142994413,-0.794433564297872,1.4669675327814,2.98560570626191,0.393849821719255,NA
"PTI98_001426",2.70941617041993,0.434751964517407,1.24247958315479,0.449928545730678,0.929745836556023,NA
"PTI98_001479",7.30790062760548,0.274193314971817,1.13725767953316,32.2577485396364,NA,NA
"PTI98_001500",2.70620009698304,-0.0657532605733476,1.31498819844145,1.45329268066747,0.693091533519252,NA
"PTI98_001517",3.02377204453687,0.471968448976196,1.13252938832708,3.40078914433325,0.33385921515811,NA
"PTI98_001531",1.856232195121,0.240639478314034,1.49308520758106,1.34891263716219,0.717552338246072,NA
"PTI98_001541",2.00085397157839,0.375964737466699,1.42575794947328,0.782814477558688,0.853573012564506,NA
"PTI98_001581",3.04829803367456,-1.20014230098404,1.09714905970561,1.32167199434142,0.72399339307789,NA
"PTI98_001589",1.52224143454287,0.607835166776805,1.34626741624626,7.17651019732706,0.0664795995632374,NA
"PTI98_001602",3.06413154589693,0.421744534185251,1.13229647713604,1.17884542287439,0.758082395377348,NA
"PTI98_001631",2.68438577313545,0.112128860039542,1.15212466052337,0.298731625802844,0.960266850519026,NA
"PTI98_001641",2.78303210173395,-0.202258469102379,1.39587229776567,2.7832371306019,0.42626682298618,NA
"PTI98_001648",1.51423937929493,0.313953016403452,1.47695223846035,0.591783925248507,0.898310653351613,NA
"PTI98_001667",2.92848394411107,-0.820026663330639,1.02028239336243,2.5087378810327,0.47371402210874,NA
"PTI98_001668",2.82632006275753,0.119849001501656,1.19099676287792,0.643062358752779,0.886507265646212,NA
"PTI98_001671",2.21852556356029,-1.4150580084922,1.34096146782662,1.99183225225853,0.574103680740636,NA
"PTI98_001677",3.06060004782049,-0.797185827894483,1.11383674582259,0.835979278393467,0.840843306262879,NA
"PTI98_001684",2.535020985259,-0.0411454711495737,1.23470238762745,0.260528434600168,0.967272615296316,NA
"PTI98_001708",3.00462359542482,0.429397550269608,1.16594441353596,0.209507961975689,0.976039986865709,NA
"PTI98_001719",3.11275482899228,-1.14673395642799,1.16016958404391,1.17632225604255,0.758688632921662,NA
"PTI98_001720",2.72386144934919,1.46565622108337,1.14136903893629,4.27289502138289,0.233464291789152,NA
"PTI98_001723",9.22982931620894,0.443438846081307,0.934417280253825,2.49062335366469,NA,NA
"PTI98_001724",2.9277154252316,-0.110767025012232,1.20353900302779,0.463990198995283,0.926728314358028,NA
"PTI98_001732",2.92469669192347,-1.724262740154,1.20085946107658,3.28042201417475,0.350376844414325,NA
"PTI98_001751",2.38735039857807,-0.0368324134522434,1.18895238300041,0.702721467955755,0.872563646359116,NA
"PTI98_001753",2.52638164799367,0.858868736023228,1.29973520019242,2.47236435156265,0.480306173167507,NA
"PTI98_001755",2.51310160807766,-0.949369105982396,1.23118667850931,2.50580093210862,0.474243637171245,NA
"PTI98_001767",3.00754461727804,-1.08381404129772,1.12741630604631,2.01398854749394,0.569508411601262,NA
"PTI98_001768",2.97831058484288,-0.327993282054654,1.15652985150426,2.58426398405885,0.460254954705062,NA
"PTI98_001777",2.6298323179014,-1.59221277436676,1.24103528597346,3.42380421121782,0.330779747297125,NA
"PTI98_001788",2.39118981572684,0.165797102792832,1.25308398432508,0.46275667692241,0.926994020895583,NA
"PTI98_001797",2.01785907888097,-0.0447070220663887,1.25099738864528,0.90714583554562,0.8237030209049,NA
"PTI98_001803",2.90391000045376,0.169229204057808,1.086775529356,0.528166224819877,0.91266124463916,NA
"PTI98_001823",2.13024675056853,1.54251563345672,1.24697451802579,7.9126086374326,0.0478527746558767,NA
"PTI98_001850",2.98888612423061,0.895133676443143,1.14604664144438,1.91206137366999,0.590857749705461,NA
"PTI98_001858",2.408160104487,-1.48617966084809,1.37585729777528,5.89357669372585,0.11690432249628,NA
"PTI98_001873",3.09371279422147,0.294160225845257,1.04374009072646,0.468167982047895,0.925826997803941,NA
"PTI98_001885",2.85419547065833,-0.162530871801837,1.20969792073654,1.01112865032361,0.798559176956921,NA
"PTI98_001908",6.11354901561265,-0.207479582295298,0.964692692391839,1.76857601796812,NA,NA
"PTI98_001913",2.27579805090036,-1.88861463295694,1.21147932344442,2.73860403185697,0.4337067568896,NA
"PTI98_001923",2.94173204993844,-0.0587483618691417,1.08271217062427,3.73574714338236,0.291448794041043,NA
"PTI98_001926",2.175628511113,0.399467184280442,1.29403049246053,0.177074968751555,0.981202470029388,NA
"PTI98_001961",3.05304102712686,-1.2013374296711,1.20860148512,4.74873748181,0.191147885271621,NA
"PTI98_001982",2.68538161791032,-2.38032960695237,1.40102191013079,6.42223199034154,0.0927804568289277,NA
"PTI98_001988",2.80388183176949,-0.313722935002919,1.09714274123394,0.676328364146528,0.878757122405218,NA
"PTI98_001995",3.04225118450519,1.29248554838876,1.13124879630054,3.41149848200904,0.332423165007655,NA
"PTI98_002047",2.77129247197349,0.443070523495324,1.15979334727853,1.54995425481862,0.670789818039875,NA
"PTI98_002052",94.1999102400932,2.23969575573964,1.26865156703767,30.4358138898851,NA,NA
"PTI98_002136",3.00410983178877,-0.106211155558707,1.14496847622548,0.996318486845787,0.802142774298452,NA
"PTI98_002172",2.51677320587695,-0.282025722358886,1.13286131101492,0.900098358944,0.825404072696575,NA
"PTI98_004229",3.08599916424042,-0.745312222360246,1.2897041807872,3.19142077200655,0.36304297543627,NA
"PTI98_004377",2.0858315880529,0.600581714921773,1.29618185251984,1.04987622269983,0.789185811987489,NA
"PTI98_004421",24.3427848878482,0.716051865201561,1.76999444273618,10.2687899796281,NA,NA
"PTI98_004432",2.55861844057715,-0.649789726460385,1.26473425340316,5.11264446163592,0.163732164015003,NA
"PTI98_004442",2.96086147026932,0.553275146739232,1.1588239042828,1.31365474406063,0.725893204351859,NA
"PTI98_004474",2.55385054546193,0.443716306121199,1.25865673252452,0.551010436807921,0.907549926594097,NA
"PTI98_004483",2.18035567008135,0.711599863498007,1.19383089303941,2.45360947159245,0.483733256235726,NA
"PTI98_004495",2.91354041096931,-0.750741473431971,1.07333306943007,2.771199562882,0.428262952053992,NA
"PTI98_004512",3.05972874375617,-0.0341040109193747,1.29110874066637,1.46993954159144,0.689225442064319,NA
"PTI98_004551",2.73334101685031,-1.18394146107381,1.16738568905113,1.10540833976044,0.775768651908291,NA
"PTI98_004568",2.45571424817215,-0.320396734417898,1.28751276806404,2.26291710981747,0.519662203632128,NA
"PTI98_004584",2.97172163679489,1.37184068983273,1.18574494945901,1.8033375891789,0.614208908411438,NA
"PTI98_004642",2.78438945925363,0.146076098369081,1.13467774986657,3.32420853633774,0.344287454849446,NA
"PTI98_004649",2.99881239395481,0.198041082988961,1.11510902825001,0.503933429762469,0.918026408379828,NA
"PTI98_004661",2.6695860237315,-1.21145888539397,1.32691107282973,1.96306608502852,0.58010775561873,NA
"PTI98_004690",3.24909767304615,-0.404460023805827,1.15074134594062,0.761377584939879,NA,NA
"PTI98_004696",1.94494400926353,0.904845161611788,1.32544786607957,0.810318782911956,0.846997357997408,NA
"PTI98_004719",1.85742012852652,0.260131623057091,1.3847600556368,0.782885786548711,0.853555994901491,NA
"PTI98_004740",2.5092992125306,0.500734937178232,1.23792133682159,0.436055393306766,0.932697597411299,NA
"PTI98_004757",2.87829592234029,0.0400540329452461,1.10142332591249,2.27946772433283,0.516465753783973,NA
"PTI98_004758",2.79654388575142,1.13158163060914,1.23677067997254,1.08715932722384,0.78017474262881,NA
"PTI98_004771",2.48139765830761,-0.734599186974164,1.27400912111687,1.58009567034062,0.663911366667643,NA
"PTI98_004781",2.0827361211944,1.30272014048364,1.49875768164388,2.36472278410585,0.500235245254747,NA
"PTI98_004785",1.657988999279,0.98293877983261,1.44280132052467,2.30712790288725,0.511156765520992,NA
"PTI98_004786",2.88259633988714,-0.439645775845591,1.224611723571,2.76480371533169,0.429326672358161,NA
"PTI98_004804",2.70120794553013,0.399566127440612,1.0784886511098,2.49946494333702,0.475387787824148,NA
"PTI98_004811",2.37522639238908,1.10693545666968,1.26709324334576,2.08631424012997,0.554686443926665,NA
"PTI98_004829",2.19278613668553,-0.512574108011811,1.229729410712,0.690080877039854,0.875534510230745,NA
"PTI98_004832",2.81653366656661,0.577101794040414,1.19346414301326,1.07953818470931,0.782015801405153,NA
"PTI98_004865",2.81671896039538,0.442655799084135,1.2068849298396,1.45608724484302,0.692441811728638,NA
"PTI98_004903",2.14263850982457,-1.53496104188274,1.5078951482947,2.56089035595736,0.464387261364609,NA
"PTI98_004913",2.80429576425719,-0.281767142878481,1.34478030527503,4.5264985021451,0.20993882494666,NA
"PTI98_004942",2.8438288043956,0.0854552844205445,1.32404601663732,3.66794905801576,0.299624000569802,NA
"PTI98_004960",2.8044272534071,0.478671794747525,1.21539534133384,3.10799840078907,0.375271819950135,NA
"PTI98_004966",2.56786426259286,-0.311930874498031,1.31377682163637,2.47387891063934,0.480030250434272,NA
"PTI98_004975",1.85810676373932,0.889752422358578,1.40557591594773,1.25854552682166,0.73899958173712,NA
"PTI98_005045",2.15020721145608,-0.657665072659635,1.43445499765524,2.30819415990855,0.510952941318507,NA
"PTI98_005046",2.94403825228448,-1.18953242290195,1.01334815058211,3.20515191901408,0.361063378672943,NA
"PTI98_005064",2.96222972032998,0.350091226389676,1.08911477340388,0.658575142957396,0.882901466578379,NA
"PTI98_005073",3.05506947593949,1.08957776678583,1.40287092178127,1.76009111989613,0.62365781821904,NA
"PTI98_005083",2.67167868375178,-0.412267069297429,1.25676300135689,6.16368420210382,0.103912591495886,NA
"PTI98_005127",2.65385182797551,-0.503670491934563,1.25134890422028,1.48253414835293,0.686307266903299,NA
"PTI98_005141",3.12162299331627,-0.461757221882809,1.20219764635445,1.67752471063074,0.641942072398372,NA
"PTI98_005146",2.88870549266756,0.54041759119398,1.22832527473874,2.84131335147531,0.416744081516974,NA
"PTI98_005158",2.85650196138241,0.0385414929679774,1.12266030991748,0.252314388793266,0.968732291102208,NA
"PTI98_005159",2.48110583490325,-0.807933426213627,1.19711466458723,1.01659136818979,0.797237422854564,NA
"PTI98_005176",2.31915952894426,-2.02227258110064,1.42981048265413,5.07570951237503,0.166336527636675,NA
"PTI98_005180",2.17612261836581,0.972293865101054,1.27418898666039,1.30880937684282,0.727042273066765,NA
"PTI98_005211",2.3513379551798,-0.642952890276295,1.2673237259748,1.47625205065192,NA,NA
"PTI98_005212",3.07166038779467,-1.16576132204278,1.09437727772298,3.70493876081343,0.295138654311724,NA
"PTI98_005218",2.36075041649187,0.121237881852747,1.14008909660674,4.99499591568808,0.172163934871278,NA
"PTI98_005240",2.69472773999276,-1.11324719655709,1.23674410796491,1.50919394557967,0.680150003987575,NA
"PTI98_005261",2.46839628820718,0.143905104602687,1.27294638332973,2.11371007935432,0.549144104434262,NA
"PTI98_005298",2.33793087354394,-0.22576802079076,1.22194379715384,0.521842984465096,0.914067055345477,NA
"PTI98_005314",2.89949470031139,-0.373606337113973,1.12822730380064,0.26081381083921,0.967221591788315,NA
"PTI98_005343",2.65522708062912,-0.531867331300762,1.09071072925943,2.66938253094102,0.445455512750756,NA
"PTI98_005367",2.89532212963689,0.553486946281528,1.18096582849134,1.5205360613641,0.677538793312001,NA
"PTI98_005369",2.0129768531791,0.394069167365101,1.47161695964675,0.86647782482369,0.833509002726347,NA
"PTI98_005378",1.99693709155456,0.573428434385567,1.40340345905099,1.54560699632117,0.671784957346919,NA
"PTI98_005390",2.11224819119297,0.187575271994169,1.46365581088845,1.52780720198584,0.675867472948958,NA
"PTI98_005402",2.46623008403346,0.447993928494549,1.34583467088513,3.24748334903617,0.355019122031025,NA
"PTI98_005420",5.69622733292676,-0.113707354535371,0.972798888468726,0.601086416792953,NA,NA
"PTI98_005430",2.88952822895412,-0.449829322913575,1.11849727055503,1.16221558124872,0.762080096093412,NA
"PTI98_005431",2.79975604817771,0.0973815509225586,1.15880407838594,0.404991550103617,0.939209438104393,NA
"PTI98_005473",2.40612706328181,0.0659770239706661,1.16985427393071,0.250306732648781,0.969086396834515,NA
"PTI98_005476",2.44058443829956,-0.633912505824168,1.33337625144225,0.607811027719009,0.89464191207144,NA
"PTI98_005504",2.96156466382007,-0.355045875862099,1.09901729981209,0.599259238004322,0.896601932935617,NA
"PTI98_005505",2.18759809161309,-0.611552536998451,1.2826561710177,0.924779075582343,0.819444302150352,NA
"PTI98_005534",2.9338595301904,-1.44905659844245,1.08863134104626,2.65074255415434,0.448663083784438,NA
"PTI98_005560",2.98400116182652,-2.19793871977163,1.46316466967328,9.04856813575379,0.0286520677671786,NA
"PTI98_005574",2.54957357797356,1.2784002630548,1.23546896427134,1.53841183268485,0.673433692872478,NA
"PTI98_005585",2.18917995010995,-1.3309273475833,1.31613659495146,5.62104461642588,0.13157541650739,NA
"PTI98_005607",3.05419419704421,1.46817069519774,1.05218584313458,4.7318793679163,0.192516490326023,NA
"PTI98_007334",2.58646670676407,0.211321847384367,1.12217300732184,1.30191734406994,0.728677834331011,NA
"PTI98_007355",3.07238719439282,0.488420248772332,1.11539333609685,3.56497080412215,0.312432872853471,NA
"PTI98_007365",2.92159158578415,0.882221032914441,1.31885527736089,2.06505389846415,0.559014884533861,NA
"PTI98_007377",3.11910869641042,-0.639218167039519,1.04696902893356,2.08811075720525,0.554321780414487,NA
"PTI98_007413",1.94981059029072,-0.763073476511296,1.30212962630772,0.875070881109274,0.831439226401646,NA
"PTI98_007451",2.01439850045772,-0.638450404289393,1.23817455663461,2.08299228983712,0.555361194708357,NA
"PTI98_007453",2.6335036280314,-1.00697045201557,1.1954363107658,0.841764469655459,0.839453620953803,NA
"PTI98_007522",2.69347437215573,0.0406367344884877,1.08211557281043,3.90306116932771,0.272123826057048,NA
"PTI98_007538",2.72628071136596,0.169610985794857,1.1221206589243,0.971462096545842,0.808156818652877,NA
"PTI98_007563",2.37829404564209,1.50271964058213,1.33338649722921,3.81201950058094,0.282491153315177,NA
"PTI98_007568",2.62698677280096,1.17593579513874,1.42046166999095,2.55632302372003,0.465198185186263,NA
"PTI98_007582",2.9203010244945,-0.0254707414453366,1.10649018632441,0.59379286168005,0.897851874228527,NA
"PTI98_007587",2.62617170974285,-0.274595043397478,1.04374637206832,2.87323731481269,0.411585215147283,NA
"PTI98_007622",2.71381212134762,-0.284672238599133,1.2178317328027,0.465123066283901,0.926484122489536,NA
"PTI98_007624",2.08145235238783,-0.775713160028418,1.32444728058841,2.72833476076156,0.43543355481865,NA
"PTI98_007636",1.98365940939193,-0.966073194330144,1.3897260843412,2.16958148592022,0.537964694702192,NA
"PTI98_007648",2.81334087624714,-0.90136824291234,1.20371985076825,1.60053294403913,0.659268984258024,NA
"PTI98_007709",3.00639312969572,-0.546486542811455,1.08553398801837,0.543106906656085,0.909323928808503,NA
"PTI98_007710",4.39788226712357,-0.772838191663115,1.02131987524032,1.34821031975806,NA,NA
"PTI98_007722",2.13227865272141,-0.305649099186025,1.17155922869615,0.469705384407156,0.925494777384497,NA
"PTI98_007724",2.86828150632668,-0.218936617731936,1.14090161583563,0.22011487100297,0.974278551866788,NA
"PTI98_007769",2.79376427451982,-0.56293875205937,1.19624487421553,0.424133294251938,0.935213217381695,NA
"PTI98_007848",2.42049996600804,-0.825452412247713,1.20138914582135,3.34132204939255,0.341932670049851,NA
"PTI98_007901",23.5062096187509,-2.54186939614844,3.12676749670665,6.19274654583676,NA,NA
"PTI98_007915",1.81380194938327,1.27657361097556,1.4464978993577,1.31525709318893,0.725513356444172,NA
"PTI98_007960",2.09442485222789,0.922399487285783,1.41906380889679,1.07807565197418,0.782369169683288,NA
"PTI98_008020",2.7532554866192,-1.24533636808937,1.10434317911028,3.80621941090422,0.283163537286572,NA
"PTI98_008028",1.50928385909342,-0.506516407786781,1.68131235096543,0.450212879934739,0.929685072335348,NA
"PTI98_008038",2.86566730523345,-0.366741502085201,1.16017649502772,5.83644705876555,0.119844300739708,NA
"PTI98_008042",2.89285763932623,0.0252455345245915,1.20861126100873,1.02776673835884,0.794533644857999,NA
"PTI98_008056",2.92650487760222,0.859738880451868,1.14319881104498,2.01456973805429,0.569388214695734,NA
"PTI98_008057",2.00217484873266,1.3038423814355,1.37583921739129,5.59068350406305,0.133314232643523,NA
"PTI98_008063",2.51990281144091,-1.15424950224347,1.19494592161553,3.67717649608284,0.298499423843095,NA
"PTI98_008095",2.14410811206105,-0.0705098019774516,1.18146428723508,4.50569095802162,0.211783228271069,NA
"PTI98_008152",2.80457953763125,0.449443162189155,1.18025060526691,0.727813428667545,0.86664326260582,NA
"PTI98_008195",2.78185569394679,0.484164382338277,1.11508243061369,0.924242350451401,0.819573979168877,NA
"PTI98_008264",2.8634088313112,-2.07970428891495,1.34626152253931,2.97530407293423,0.395448495962126,NA
"PTI98_008285",2.37362508178992,-0.594813871474475,1.23537657861658,2.58629672531343,0.459896974101898,NA
"PTI98_005668",2.52106863579032,-0.767216513931768,1.21754573479303,1.56255205717515,0.667910375617665,NA
"PTI98_005738",1.730130778688,-0.10985715370779,1.5202938888793,1.39593239282271,0.706488477430849,NA
"PTI98_005753",2.74575445683994,-0.0984167151673679,1.28207749913394,2.16088073954393,0.539694689095089,NA
"PTI98_005799",2.96367145320972,0.13873579456997,1.12325781010545,2.98027449232416,0.39467647093531,NA
"PTI98_005802",6.68455293018027,-0.562996760309582,0.906700311922279,1.05908650449564,NA,NA
"PTI98_005836",2.32827801590088,-1.31273004363806,1.34997597703347,1.469858930147,0.689244138808571,NA
"PTI98_005923",2.67043991131659,0.617576732359108,1.26021819571023,0.626170820108868,0.890415888468124,NA
"PTI98_005987",2.36249870611065,-2.07594542792805,1.56540049350628,4.96253042421124,0.174561501893844,NA
"PTI98_005992",2.44954988043709,-1.42018710848625,1.35133335751846,3.52637142392967,0.31735790788415,NA
"PTI98_005993",1.83612626415034,-0.375456736268243,1.47006243278558,1.57576971851154,0.664896266797396,NA
"PTI98_006061",3.06473113929636,0.196971610665468,1.08299577408969,0.863332861861188,0.83426618068566,NA
"PTI98_006069",2.85979902993387,-0.898424001894148,1.26244040835677,1.94577557373173,0.583737110756704,NA
"PTI98_006082",3.03933657328294,-0.0248801168564407,1.07025221665138,0.0398170917074268,0.997911947989802,NA
"PTI98_006096",2.48735969626962,0.884243998388262,1.23026663358673,1.25910864694027,0.738865260921998,NA
"PTI98_006098",2.08005011047154,0.0938299585066172,1.42218107732217,0.214689653548483,0.97518375705638,NA
"PTI98_006139",2.28317231883578,-0.0139644386964656,1.14078323576847,5.16266358068042,0.160266331118938,NA
"PTI98_006148",2.73648311634776,0.304058249696816,1.22922351028191,0.767245834740663,0.857284268478319,NA
"PTI98_006163",2.92417585421892,-0.554982598210807,1.21335136820299,1.83412729738826,0.607536761660945,NA
"PTI98_006178",2.80519381936618,-1.05504189718816,1.26696627099106,3.28383815359157,0.349898414781743,NA
"PTI98_006194",3.00665434479426,0.203421473407263,1.03633449866422,1.14773707113338,0.765564425077562,NA
"PTI98_006209",2.78345696134674,0.708202637698953,1.20435162402145,1.32512251752661,0.723176306625971,NA
"PTI98_006249",2.00840601995073,0.45722447318907,1.26938487459963,2.48227090645818,0.478503649864604,NA
"PTI98_006257",2.43097285827151,0.78630434619433,1.25706169759953,0.954280217677592,0.812312833719238,NA
"PTI98_006281",2.8165732095076,-0.334019540455866,1.3113683231739,1.94258692989648,0.58440809271868,NA
"PTI98_006282",2.70172949027606,0.800363810824096,1.09976543182759,1.94846828454683,0.583170892080306,NA
"PTI98_006300",1.57485190476858,-0.0734853334622994,1.382373921096,0.560525478409687,0.905406633126,NA
"PTI98_006327",2.84446654227033,-0.176217862071589,1.10950051017895,0.336092181753116,0.953103541770173,NA
"PTI98_006352",1.68955379262364,-0.0932168935283412,1.48730825655563,0.313398442530286,0.957489211300109,NA
"PTI98_006357",2.53512975127682,-0.549940874845403,1.30792501123688,1.26034871675844,0.738569495025466,NA
"PTI98_006367",3.11935571129898,-1.40435806217,1.2896826215054,2.48220577879239,0.478515482626114,NA
"PTI98_006372",2.98058007900758,0.860908443437032,1.13996100607683,0.6676691845948,0.880780826218501,NA
"PTI98_006378",2.2150157962114,-0.495707339605503,1.38703790412335,3.21223214471814,0.360046281077164,NA
"PTI98_006387",2.68756058549692,-0.305575488356035,1.12611429988792,0.178883904711121,0.980923941420918,NA
"PTI98_006417",3.10832303314827,-0.359710897059514,1.16641670842113,0.438129700870263,0.932257897573637,NA
"PTI98_006442",2.66734600418119,0.395801122402577,1.15090832739968,0.380460453175253,0.944248662486178,NA
"PTI98_006461",2.7718366912192,0.460206646305347,1.06456642394165,2.57889131579312,0.461202195151653,NA
"PTI98_006464",2.93832527313863,0.0364713756614358,1.1770660936878,0.477379921889984,0.923832087321892,NA
"PTI98_006492",2.77688843453132,-0.834470324058427,1.22100903875921,1.32255519715798,0.72378421721296,NA
"PTI98_006505",2.40668261846441,0.261631604252408,1.27787951142468,1.17231308163955,0.759652146560798,NA
"PTI98_006508",1.71177004058219,0.153567304497753,1.52317032198889,1.5203887931134,0.677572665466309,NA
"PTI98_006539",3.10632466052521,-0.273322453015593,1.02005113854163,6.19662010501663,0.102426384075564,NA
"PTI98_006546",2.96800684901852,0.590679870342001,1.11348713996273,1.3705716982511,0.712447152268457,NA
"PTI98_006549",2.80961688679702,-0.279218982575761,1.36285208939028,3.3926745087538,0.334950954269697,NA
"PTI98_006555",2.94910764649619,1.78236611202468,1.16304624885972,3.87345849948037,0.275456519406367,NA
"PTI98_006580",3.01370821932224,-0.896252085915962,1.30999292049648,2.08467116574254,0.555020110453057,NA
"PTI98_006635",2.33349003888727,0.57092234036206,1.27138251967586,2.12466377615353,0.546939250978613,NA
"PTI98_006648",2.93146334999412,-1.18146826343426,1.07923553961746,1.64854150946763,0.648434119607552,NA
"PTI98_006650",3.11353485896777,-0.379785159290675,1.11549760692786,0.725394973702137,0.86721515830269,NA
"PTI98_006660",2.74509721591025,-0.264884925677267,1.21772459333074,0.696491431851264,0.87402888794528,NA
"PTI98_006670",2.50804953846003,0.430333912178403,1.18690530231666,3.43596742514584,0.32916238162102,NA
"PTI98_006692",2.4854426005476,-1.28531856119501,1.25169413720782,3.47880493247784,0.323521472038387,NA
"PTI98_006694",2.74138845285625,-0.592337053693754,1.25258371720773,8.275697626918,0.0406445944050885,NA
"PTI98_006708",2.83091869703755,0.100219423503488,1.10566419865721,0.609424287272674,0.894271549678248,NA
"PTI98_006741",2.32464302249549,-1.57435279139771,1.51622950306644,1.44212160795918,0.695691568591508,NA
"PTI98_006771",2.08363739842428,0.911246302730175,1.2591258947128,5.84382627055589,0.119460626945144,NA
"PTI98_006776",2.48332161868304,1.0185221208417,1.12976900786123,5.41274328943986,0.143951686762987,NA
"PTI98_006797",2.38713573217756,0.135481561909019,1.3210551066792,1.19219678278859,0.754876447558581,NA
"PTI98_006801",2.60030116247598,-1.26467892637318,1.21776224140671,1.98067400759541,0.576427560799273,NA
"PTI98_006812",1.86803116157744,-0.251457481135103,1.59417453533034,1.40672499057166,0.703959115888087,NA
"PTI98_006829",2.79010302875345,1.01626481107896,1.38211744898432,6.09185847318206,0.107225640378069,NA
"PTI98_006846",3.08868145607867,0.640593061432664,1.20899145788755,0.590319368248984,0.898644912863906,NA
"PTI98_006889",2.78274359164586,-0.334631697947669,1.18878753056293,1.64107998980604,0.650111490327381,NA
"PTI98_006913",2.84311854969026,-0.0931746458583231,1.10118484757719,0.673968242915848,0.879309120109776,NA
"PTI98_006920",2.24383292222293,0.320594395405903,1.30940077875502,0.593732085983895,0.897865758161173,NA
"PTI98_006928",2.7182751370308,0.37618500473706,1.24409337117214,0.237355929113257,0.971344719561629,NA
"PTI98_006931",2.61044897123479,-0.648044342547456,1.20025075799129,0.549066456875963,0.907986803345303,NA
"PTI98_006938",2.30529779036377,-0.866012696496382,1.3366799430868,5.99163254455066,0.112018030402721,NA
"PTI98_006949",1.98960285887405,0.234728420199265,1.34436773048264,2.77602443167871,0.427461945166432,NA
"PTI98_006952",3.02508610203251,-1.06564350975588,1.09033929532243,1.09252504114993,0.778878868124286,NA
"PTI98_006991",2.15853421394617,-1.7480075269497,1.47514430118825,3.20865030449601,0.36056051437956,NA
"PTI98_007034",2.49779598258639,-0.400868183394464,1.15441351736628,0.339797904079518,0.952377734528599,NA
"PTI98_007070",2.91887714040726,5.57988918541423,1.38550104086944,24.5615413684857,1.90680858589421e-05,NA
"PTI98_008369",2.51825778983669,-0.517743703267086,1.20685169711211,5.67964144527703,0.128280269949743,NA
"PTI98_008401",1.70893843667386,-0.947777270383248,1.40871450097167,4.50994231314036,0.211405168326316,NA
"PTI98_008405",2.83316237386764,0.303514401627757,1.10619678584908,0.525233870387446,0.913313678504592,NA
"PTI98_008426",2.33066276560229,1.29204678437501,1.29865877826947,9.79880291557345,0.0203561343207191,NA
"PTI98_008446",2.00574403957577,-0.544981594539655,1.36706594317794,2.49438811483506,0.476306130440288,NA
"PTI98_008522",2.39553862358746,-0.745322092071434,1.4794211658979,0.906244102881985,0.823920707732573,NA
"PTI98_008535",3.06393355283507,0.269133520546942,1.04948968320101,3.9189789301791,0.270346895995814,NA
"PTI98_008549",3.05694983834093,0.1303684523641,1.11252815679409,0.384510825637669,0.943423278436364,NA
"PTI98_008550",2.54879165254052,0.515476154148676,1.34183656824886,0.919581535446639,0.820699946490626,NA
"PTI98_008554",3.0939177137521,-0.220975325080477,1.12471859122425,0.625079680712304,0.890667711016294,NA
"PTI98_008555",2.87729283704114,0.234708758302418,1.11894154933147,0.361587814253447,0.948058076084991,NA
"PTI98_008595",2.99710514443572,-0.016540348806961,1.1739832632373,1.63201651695034,0.652152273913016,NA
"PTI98_008601",2.598690105118,-1.1296517733783,1.24460000190001,1.47861806253064,0.687213989757827,NA
"PTI98_008617",1.41920284082131,-1.52772300507781,1.82350760455476,4.59367405697672,0.204085425223382,NA
"PTI98_008639",2.9455382315751,-3.44813508221712,1.41577836574012,16.0324351254558,0.00111675242334343,NA
"PTI98_008644",2.97917240719292,-1.96122507876649,1.41942670317662,24.010887828079,2.4849573768187e-05,NA
"PTI98_008653",2.11887582256982,0.723066190246705,1.22106074448023,1.4012708415294,0.70523686591775,NA
"PTI98_008661",1.85002118627431,0.193606088192077,1.21636866172122,2.92254934982362,0.403721337537263,NA
"PTI98_008670",0.790904357208407,-0.557809612511187,2.04937350917737,1.8530041458224,0.603469116637137,NA
"PTI98_008725",2.47675198528055,-0.61878220154069,1.18694016075211,0.454956488918519,0.928669781385918,NA
"PTI98_008726",1.97282393501136,-0.0505786793418018,1.50698462776339,0.179947448015788,0.980759642161038,NA
"PTI98_008729",2.60242396871223,-0.658871544789053,1.14296276687303,2.67615392559007,0.444294907266078,NA
"PTI98_008731",2.93453970197448,1.19363181846276,1.20474997380939,2.48635721912709,0.477761685637343,NA
"PTI98_008791",145.927969193211,4.17203304599931,1.75585702398579,24.7544179982047,NA,NA
"PTI98_008807",2.36521399912541,-0.410776982689665,1.12811950180137,0.942605113130433,0.815135914517105,NA
"PTI98_008836",2.99591021617605,0.625209162322271,1.03077672873094,8.03612500353777,0.0452709809120033,NA
"PTI98_008887",2.62245733382779,-1.3468152760657,1.32273170231287,3.6583114533712,0.30080260178505,NA
"PTI98_008893",2.62780101000364,-0.519066877798144,1.36355114166849,3.32974189964805,0.343524532059441,NA
"PTI98_008895",2.9659779989932,2.74801148059808,1.22612761185113,7.92327982878776,0.0476241780249475,NA
"PTI98_009108",9.67324772185874,-3.01291998327909,2.31986241546348,4.90471080202751,NA,NA
"PTI98_009163",0.92122536772833,-1.10325557066112,3.73938167396039,0.236592808573775,0.971476361873104,NA
"PTI98_009216",3.04845855486324,0.286599900160593,1.10319019130236,0.382196180454628,0.943895286901843,NA
"PTI98_009227",2.53955524398121,0.25075877226671,1.29869349105799,1.21420303125055,0.749599892570433,NA
"PTI98_009230",3.03827763267894,0.0576545811568048,1.12499701499002,3.09625030122519,0.37702202808767,NA
"PTI98_009290",2.11543412568982,-0.0968566948657235,1.24695684486962,1.26511831898185,0.737432263587082,NA
"PTI98_009445",1.8204420902295,1.90124924419706,1.66069673714853,3.87605678423324,NA,NA
"PTI98_009680",3.10379108434594,-0.736925925257441,1.11933222288886,2.14057621708373,0.543747633168071,NA
"PTI98_009702",0.603505145418411,-0.25861999783369,4.28337211921232,0.574155453361449,0.902322551572728,NA
"PTI98_009703",1.99690640139893,-0.415046501200635,1.24156287516413,1.015836236997,0.797420130614248,NA
"PTI98_009704",2.19250586722097,-0.375132712998909,1.54275346342733,2.19360536795779,0.533209012383015,NA
"PTI98_009709",2.73105536943473,-0.31084477503642,1.19530278793988,0.30639863029257,0.958820612947328,NA
"PTI98_009737",2.56358998131108,-2.2944934885513,1.42699152024059,4.30657947726241,0.230205528606547,NA
"PTI98_009748",3.10871134481672,-0.855506380223621,1.11504071725132,1.85861239933273,0.602264023655005,NA
"PTI98_009773",3.04496254395221,0.507353058434433,1.19307884033231,0.389019816837752,0.942501286344526,NA
"PTI98_009781",2.72462893607486,-0.468183661074843,1.11079711091324,0.204824942134827,0.976806654243218,NA
"PTI98_009789",1.37005002849161,-0.668290199315569,1.76290997861516,17.5423633205798,0.000546549416490105,NA
"PTI98_009854",2.10964043662605,-0.835076871575701,1.39748955519645,1.60848463977216,0.657467518418346,NA
"PTI98_009860",2.66374016747675,0.205309249524192,1.15037815219007,0.287532434903696,0.962355981319546,NA
"PTI98_009878",2.62710659435611,-0.47394698266231,1.14148433386027,0.7679252501839,0.857122486633469,NA
"PTI98_009891",3.03805190881042,-1.8321453653987,1.15963220177285,3.76583930596168,0.287884674617082,NA
"PTI98_009930",2.54994188964057,-0.0402238292393132,1.28275682480321,2.07204675622405,0.557588561928165,NA
"PTI98_009979",2.91114948661922,-0.315137184272537,1.40788121590917,4.37969957089086,0.22327510633364,NA
"PTI98_010018",2.44335025465708,0.381951612201369,1.11336004513826,0.438487751451433,0.932181940719126,NA
"PTI98_010020",2.1489687356428,-0.643244423504885,1.32708536253561,1.00122371521925,0.800955853679921,NA
"PTI98_010037",2.3214887875853,1.38940624304908,1.2495461264833,7.37053340519238,0.0609799986886359,NA
"PTI98_010069",2.57874790913469,0.312370777561771,1.10855223165908,5.54238746100086,0.13612524468036,NA
"PTI98_010094",2.5978408519692,-0.870079676420738,1.20043332980715,5.74043990103175,0.124944370209021,NA
"PTI98_010106",2.67838149914978,-0.183671499368228,1.22884817380753,1.11657254366238,0.773074986992655,NA
"PTI98_010113",2.2757917944284,-0.884435006193472,1.34271575724237,1.89754948139225,0.593940482399472,NA
"PTI98_010126",3.04566293495525,0.18753661139678,1.10250088959317,2.03894050112194,0.564363922000677,NA
"PTI98_010139",2.55900497895417,0.107099512792755,1.14003382559859,0.944876262545165,0.814586814606211,NA
"PTI98_010150",5.05220983064166,0.926535648867373,1.04762566792563,5.74180015501543,NA,NA
"PTI98_010177",2.59942513358783,0.428430993680842,1.10026573303143,5.93126701387734,0.115002541186608,NA
"PTI98_010199",3.03627270500949,-2.11722414812172,1.25792006106396,4.52356045183525,0.210198351831629,NA
"PTI98_010216",2.73305054502556,0.459188213914173,1.1902373725155,3.33195133786077,0.343220313925871,NA
"PTI98_010225",2.65347311192218,-1.62432573536772,1.30378787035098,4.900396559502,0.179237586032242,NA
"PTI98_010235",2.67271206742428,-0.396898696412376,1.17639993300652,0.55382109910957,0.906917666171772,NA
"PTI98_010315",50.3423354979662,-4.3684664942164,2.32701346849791,12.4513797745018,NA,NA
"PTI98_010324",2.01233148048231,-0.408415324683648,1.3396207826075,5.10657354965512,0.164157586493625,NA
"PTI98_010330",2.93271009026364,-0.69094424598446,1.08155185103421,5.89615357552356,0.11677334767346,NA
"PTI98_010341",2.78345968513718,1.87858616490027,1.30621163605219,3.09196580787858,0.377662057997963,NA
"PTI98_010345",2.51321471945105,-0.0471892933511757,1.12293342494011,0.311940311102681,0.957767409277134,NA
"PTI98_010376",2.59461335953841,1.66162609484101,1.14548974464837,7.46253213197741,0.0585290174784884,NA
"PTI98_010380",2.1481485860541,1.32892449195479,1.49458700292811,1.1220029067793,0.771765324607094,NA
"PTI98_010399",1.67095386941327,-2.13930430378609,1.5008561345597,2.87353380186279,0.411537553944161,NA
"PTI98_010407",1.4101680045082,0.502815456319383,1.41840387062678,1.12098622456145,0.772010492967217,NA
"PTI98_010409",2.31341660549009,0.661461589280717,1.22095596404448,1.0840743633349,0.780919920006324,NA
"PTI98_010412",1.98222225569353,-0.468307336167203,1.48477701429139,1.74401200612706,0.627193652532788,NA
"PTI98_010438",2.89296788365608,-3.02276309392469,1.32538127121433,10.8603493420148,0.012505491449846,NA
"PTI98_010475",2.12685539287913,1.45987371116716,1.38181333460683,5.09246962006456,0.165149944514427,NA
"PTI98_010585",2.26391761970321,-0.0981302202847203,1.16153176850718,1.48177929835863,0.686481998538382,NA
"PTI98_010597",2.33686693246024,-2.06467488189507,1.44709214525925,4.5741706129852,0.205769086793083,NA
"PTI98_010653",1.4698071844646,0.85401012860381,1.55158224376849,1.41533981993991,0.701942964509426,NA
"PTI98_010663",2.53659329312084,-1.74486020513979,1.35448646641675,5.40816935590669,0.144235446815936,NA
"PTI98_010670",1.29073190286764,-2.59795574158363,1.72067908261606,5.21976576867423,0.156394219335992,NA
"PTI98_010678",2.20224349660346,0.78235835852279,1.33232151547438,1.82967924306045,0.608497795416289,NA
"PTI98_010715",3.01011548314779,-1.09722460282938,1.20135860992312,3.25164058328588,0.354430287078456,NA
"PTI98_010745",1.65075050871793,-0.411250371406743,1.50897264391803,0.669743187823734,0.880296509591668,NA
"PTI98_010769",2.22288475343236,-0.214363672460023,1.29844355329772,1.08971054154424,0.779558562691634,NA
"PTI98_010781",1.66626761071206,-0.858541652487003,1.43235576301247,1.57358635208971,0.665393655105597,NA
"PTI98_010783",2.45223800535791,-0.867553633968349,1.37836752967643,2.11251364964439,0.54938531819886,NA
"PTI98_010795",2.09105380337398,0.361459383503745,1.29574687010357,4.44016278795364,0.217690134056279,NA
"PTI98_010802",1.45456531732948,-0.548647030422461,1.611894800896,1.10032975469626,0.776994480112214,NA
"PTI98_010809",2.82488046406839,-0.147376785503413,1.36788599978576,1.52261867186404,0.677059877917401,NA
"PTI98_010828",2.91058649694124,2.03993078977895,1.25711147190053,3.09510080406604,0.377193652191778,NA
"PTI98_010842",2.30472994427581,-0.62243329668595,1.34048106700021,2.04276397853965,0.563578489390092,NA
"PTI98_010881",1.24241178606359,-0.0510584426847443,1.61349566793093,2.81976448854429,0.420256656688511,NA
"PTI98_010886",3.11703192179165,-1.66355164281832,1.1539811965989,5.11719982645822,0.163413625782699,NA
"PTI98_010888",3.09415353887797,0.653812883796666,1.10691935904524,2.10165108400285,0.551578810025734,NA
"PTI98_010908",0.99347253059281,-0.51236867587058,4.29638059699259,0.510567920563631,0.916563626625974,NA
"PTI98_010929",2.1323415957574,0.945102329927623,1.35910137536415,0.890390066512879,0.827746266391592,NA
"PTI98_010952",2.79004134050892,-0.049587601621111,1.29577229650248,2.98896695279014,0.393329385054533,NA
"PTI98_010966",2.70696887699729,-1.17880598314385,1.48989793031572,5.62286955398145,0.131471589729395,NA
"PTI98_010976",1.77632289640191,-0.142320703876652,1.37115232742919,0.732730093449263,0.865479817156518,NA
"PTI98_010988",1.91829143057429,-1.23417165800046,1.68399303511048,1.51657144598073,0.678450964606646,NA
"PTI98_011013",2.1678325863713,0.411668191975798,1.35362588676357,0.723702880024447,0.867615134806116,NA
"PTI98_011054",2.51429051086785,-0.147551114470209,1.35242240981943,5.97980427195241,0.112596935932516,NA
"PTI98_011073",1.73089873070435,-0.748320579310064,1.69590304925706,3.13177353979982,0.371751124038707,NA
"PTI98_011083",2.19735741944546,-1.88387502917528,1.43788140506966,2.18882134806218,0.534153572118845,NA
"PTI98_011100",2.94792295921725,-1.43412624912364,1.17860372091156,2.16076579457245,0.539717571035792,NA
"PTI98_011131",1.5783439681443,0.566470968889151,1.54626649080558,0.864547226810714,0.833973833527226,NA
"PTI98_011132",2.45480038891812,0.0667802823358022,1.18039630157379,4.40963057793647,0.220494068552932,NA
"PTI98_011160",2.47762457515932,0.513378097723039,1.19334218908597,0.448114453573581,0.930133271755124,NA
"PTI98_011184",2.41869227151666,0.393225960581169,1.12823657408707,0.979327012646792,0.806254034618002,NA
"PTI98_011193",2.34334651041212,2.91223779348661,1.37367089458937,8.62080832409966,0.0347813133295595,NA
"PTI98_011196",2.54814851929433,1.49664532690231,1.38734798649271,2.02881136108391,0.566448385133588,NA
"PTI98_011200",2.73259659208841,-1.12341657742841,1.24205288355457,1.17137164215318,0.759878441442324,NA
"PTI98_011211",3.08984622252171,0.169085874247051,1.0786381693604,1.71459970908016,0.633692839015332,NA
"PTI98_011213",2.47490281055974,0.882243519406934,1.27059894633163,1.03077527164231,0.793805820946681,NA
"PTI98_011219",2.00821107220605,-0.299046900159969,1.34757362252708,4.63557115476642,0.200511761690659,NA
"PTI98_011224",2.8928880801532,0.176490911430134,1.23263809923526,0.790101851218239,0.851833045862021,NA
"PTI98_011236",2.51777726058823,0.0168694400511743,1.1940212188619,0.53967071448313,0.91009337939529,NA
"PTI98_011249",2.87779348519666,1.0233701150473,1.17396139315541,1.48437733183116,0.685880699566003,NA
"PTI98_011251",3.02847899166756,-2.17811931441323,1.22572939600223,10.1223425922589,0.0175542997363608,NA
"PTI98_011263",2.06557713632858,0.308552462850443,1.27972974170787,0.506326397037306,0.917499347692583,NA
"PTI98_011278",2.77293139499338,0.053149021663614,1.14631347517192,3.29098120214583,0.348899867323991,NA
"PTI98_011290",2.29751852889039,1.09337851993689,1.24503696599729,3.06125304983124,0.382277240305297,NA
"PTI98_011301",2.95796235696427,-0.636608845168152,1.19147249740585,1.56073560360834,0.668325156472137,NA
"PTI98_011302",2.44366601859488,-1.62348130920612,1.39019650801118,4.00344536639028,0.261092332884217,NA
"PTI98_011314",1.52567159235431,-0.534658326519134,1.45444690906359,0.563388869955681,0.904760064314232,NA
"PTI98_011340",2.45537789593321,0.651416251181919,1.32691954875636,1.49268299569989,0.683960117935935,NA
"PTI98_011382",2.49588828158949,0.00128838055949255,1.37668476180658,2.43969418402151,0.486288337143707,NA
"PTI98_011387",2.35638592466602,-0.190560592556971,1.23308946219338,0.294092963595631,0.961135579162226,NA
"PTI98_011390",3.01325630262177,0.110852430652087,1.09092609282188,0.134618749945759,0.987381565548074,NA
"PTI98_011490",19.2315842210795,-0.226803735082509,2.90095644858133,13.3242218390016,NA,NA
"PTI98_011497",2.39421449569962,0.223170762543309,1.42206335689987,0.562325100762422,0.905000353172747,NA
"PTI98_011527",2.83174460393798,0.651978714025953,1.12701399046769,2.93325269845936,0.402031198596578,NA
"PTI98_011530",2.14710317942811,-0.39606357865296,1.3377891568577,0.818336998338786,0.84507622459008,NA
"PTI98_011634",2.61412751261936,0.598425114725362,1.1849826674622,1.0640554734896,0.785757542258798,NA
"PTI98_011665",1.98961746641628,0.517835752868995,1.21433681206597,1.32939742212945,0.72216448592077,NA
"PTI98_011689",2.5936506650475,0.99814093997894,1.21909756289969,1.12792680664951,0.77033707540856,NA
"PTI98_011698",2.04727310578934,0.669484907471815,1.40481068636025,1.34566195575744,0.718319796588769,NA
"PTI98_011703",16.2246144365044,0.577010143831522,2.22749232091819,2.26446128795492,NA,NA
"PTI98_011715",2.01274850652311,0.557400360066324,1.40144431541723,0.402144819175135,0.9397990698507,NA
"PTI98_011718",2.6948838542449,-0.399341209481442,1.11164999828978,0.366936132330061,0.946984743849482,NA
"PTI98_011731",2.42759694895631,-0.841089928689115,1.28636663182064,2.00258081164126,0.571871220180877,NA
"PTI98_011734",2.89719122777123,0.350329152305043,1.15144438747376,2.22213885926717,0.527600880854358,NA
"PTI98_011751",2.63527654082959,-1.32341457718169,1.25414111780815,3.22896177349556,0.357652848635952,NA
"PTI98_011897",1.71789875227367,-1.91456558920284,1.6125111713233,3.89946523947555,0.272526705758263,NA
"PTI98_011932",2.41513672396589,-1.44575393801235,1.33701710700905,2.83783173344142,0.417309945874253,NA
"PTI98_011935",2.63627049474918,-2.19859196765418,1.33159831624601,7.2226162428437,0.0651307531987291,NA
"PTI98_011937",2.64277761964669,0.0442578392318661,1.2701952469742,1.39543203061638,0.706605837212754,NA
"PTI98_011954",2.78832317849677,1.89149667955212,1.30833023253453,3.8905767815007,0.273524861883088,NA
"PTI98_011979",2.76515344557034,-2.08333482301109,1.3156372676296,5.86298440701985,0.118469982398718,NA
"PTI98_011995",2.08697163357495,0.0959376721113842,1.56949337210282,3.99607917813689,0.261887819239605,NA
"PTI98_012040",2.50518955315215,-0.0354305953434204,1.23736292347146,1.67143328787014,0.643303391921387,NA
"PTI98_012061",1.74027853811654,0.519057684951752,1.33395022460912,1.61022749242195,0.657073034258284,NA
"PTI98_012111",2.79738671629786,-1.01522683015911,1.26985893821616,1.27927416334605,0.734060416147738,NA
"PTI98_012119",2.80971253532219,-0.3400550150522,1.10754740401852,2.78696883433152,0.42564957393244,NA
"PTI98_012150",2.78868796840268,-4.73723754231576,1.37362460996547,11.6668168728194,0.00861617915992868,NA
"PTI98_012165",2.17568774588424,-0.256234199785053,1.17878450137792,1.88543449737065,0.596522163968193,NA
"PTI98_012170",2.99678677973045,0.256066017599084,1.03634794926967,2.18205577493256,0.535491466962003,NA
"PTI98_012171",2.96496739646704,0.0612374200158293,1.09591158842217,0.360940915773,0.948187558614838,NA
"PTI98_012173",2.75465241261109,0.777699525040566,1.16021059075142,1.4043601653573,0.704513003178484,NA
"PTI98_012191",2.54779721747251,-0.634118930591822,1.24374818407317,1.50953558139302,0.680071278353717,NA
"PTI98_012207",2.40566997934801,1.09416436375427,1.22296487292996,3.10240041515674,0.376104927642269,NA
"PTI98_012210",2.4766039113629,-0.25710036510152,1.20185013718594,0.33386199857641,0.953539072186879,NA
"PTI98_012216",2.64588142816516,-0.0135022195640955,1.10569058940152,5.69094791356917,0.127653558212666,NA
"PTI98_012217",2.60314724403522,-4.74831472391206,1.38856923646899,10.5576627860175,0.014374795958944,NA
"PTI98_012222",2.31210698353659,-1.23554460833949,1.3438240717882,1.49996768260673,0.682277789193997,NA
"PTI98_012239",3.00187637387984,1.44206413597662,1.1362314919186,3.91908006050385,0.270335640249621,NA
"PTI98_012254",2.33518298944685,-0.624928350812835,1.33131595393282,0.529495891879918,0.912365118191736,NA
"PTI98_012279",1.37197819623429,-0.517605893463111,1.6148538615046,1.51135851853726,0.679651282414165,NA
"PTI98_012290",1.85107126727117,-1.15953515407925,1.39201515083123,1.92758577890363,0.587571723952552,NA
"PTI98_012291",2.74537502783877,-0.764695586703861,1.16632406993957,0.614540482103088,0.893095743521102,NA
"PTI98_012302",2.2686678485856,-0.930305069403454,1.26001749761217,0.668182192805176,0.880661052859445,NA
"PTI98_012344",1.60744687597301,1.32660462675669,1.51513230097652,5.71047738582132,0.126577905214271,NA
"PTI98_012348",2.85851668480533,-0.66362392995961,1.10401446746533,1.61932126006003,0.655016832102291,NA
"PTI98_012358",2.89519758406357,-0.875488101905146,1.1396274080531,1.0681166853708,0.784775875537982,NA
"PTI98_012406",1.54005332830978,2.13156739792144,1.49003431223478,6.55544148732415,0.0875014854561325,NA
"PTI98_012412",1.84282325843353,-2.12496886733005,1.38982881816892,5.0117700387345,0.170937310277843,NA
"PTI98_012413",1.79907773027235,0.165898152755488,1.38085545839562,0.663214866255615,0.881820141104027,NA
"PTI98_012423",2.93102063171042,0.0208540516116461,1.10932190865899,3.00035117243788,0.39157103555771,NA
"PTI98_012431",2.56002962066469,-0.0489728471046215,1.30987145975801,2.30030784387918,0.512461934827291,NA
"PTI98_012458",2.31155291302828,-0.96787345820181,1.28614675478129,1.182579841006,0.757185345617659,NA
"PTI98_012463",2.98886310350637,1.37417248804521,1.12564892333921,3.62714745135154,0.304642058256777,NA
"PTI98_012493",2.29667412897326,-0.297455621997149,1.21956087904049,1.47842283635902,0.687259207110793,NA
"PTI98_012505",2.79640809911497,-0.0670528121218892,1.52315017530425,1.64433805736184,0.64937876582954,NA
"PTI98_012516",6.90639202986869,-1.18862224024971,0.94553620568241,2.26930873473448,NA,NA
"PTI98_012517",2.4268590504852,0.728608727220554,1.33442400526265,2.35308855337291,0.502426905100962,NA
"PTI98_012525",2.12456298803363,-0.810804915260591,1.34639868819966,1.76450630613807,0.622689048597004,NA
"PTI98_012559",1.21295346805927,-2.20483915486067,1.73415765473421,5.20965512137173,0.157073336033291,NA
"PTI98_012565",2.84711966394273,0.614499784184001,1.09693544747148,1.03087331769457,0.793782102193878,NA
"PTI98_012582",3.00501384067729,-0.975429109636326,1.30101123768326,1.05614189738726,0.787670731760232,NA
"PTI98_012601",3.10835051942835,0.561203749390981,1.32915886558754,0.717687829736576,0.86903591723107,NA
"PTI98_012641",2.45728423755627,-0.520002912406919,1.23431104858738,2.41383336581265,0.491064740986397,NA
"PTI98_012649",2.50456898805712,-2.01097274764474,1.2589783698082,2.98137683321704,0.394505423642346,NA
"PTI98_012652",1.40884986143044,0.128116019397314,1.48493593476299,1.19902200603573,0.753238884562223,NA
"PTI98_012672",2.15071811763978,0.12343940885591,1.38009419418962,4.39173765702328,0.222152722196364,NA
"PTI98_012692",2.0062079395956,-0.343432635278059,1.31948599186384,0.468411683461731,0.925774355167468,NA
"PTI98_012741",2.09359494441869,0.710245610160129,1.38468999757088,1.55819882510112,0.668904647500363,NA
"PTI98_012767",2.87857663955661,0.325086685130663,1.2126080251929,1.45879351989245,0.691812887663459,NA
"PTI98_012792",2.5659383239156,-0.38958832626139,1.15453614451472,0.423129177241634,0.935424176344252,NA
"PTI98_012800",2.76200032055316,-1.04387769473541,1.18215403979275,7.14382110895852,0.0674522741814922,NA
"PTI98_012806",2.44474488089904,-0.43049536937858,1.40650090451252,2.62060274766797,0.453889062249963,NA
"PTI98_012810",1.87158416532712,-0.297516996453368,1.24273380425316,2.19973278826113,0.532001005508333,NA
"PTI98_012815",1.94581898251059,2.20843453759575,1.33950210365958,4.0142055128919,0.25993427126255,NA
"PTI98_012822",2.14326107496642,0.317704069668954,1.29307694543021,1.98316684495615,0.575907829875657,NA
"PTI98_012855",2.70193553735369,1.27282252860565,1.21712228621683,1.25898618065084,0.738894472094927,NA
"PTI98_012890",2.96598808739611,0.80245189712684,1.28823135106421,0.926608763369067,0.819002214030197,NA
"PTI98_012892",2.43032423685923,-0.502434605121173,1.19428918937812,0.966335755237147,0.809396936161809,NA
"PTI98_012943",2.81641661268935,-0.616007363295784,1.11232239228944,0.532462920322892,0.91170370987784,NA
"PTI98_012948",2.06702737374527,0.434631459022952,1.22122960296043,4.07124681283477,0.253872823772798,NA
"PTI98_012971",1.96746006969358,0.960148322454027,1.44040801814941,3.17816755807146,0.364962540822342,NA
"PTI98_012972",2.45944745039476,1.38161855015458,1.46387748039897,1.73871592413256,0.62836093806156,NA
"PTI98_012985",1.98915061665806,1.34062877672622,1.51351351201799,7.61425471031273,0.054694303110338,NA
"PTI98_012998",2.43680600911456,0.119606273041595,1.12967157202849,2.28088669507083,0.516192394634173,NA
"PTI98_013077",2.89331546112024,0.4908206600451,1.28119310010952,5.81590947011468,0.120918324929076,NA
"PTI98_013081",2.49219759470701,0.264403357212303,1.24521154655618,0.73071880985507,0.865955880945876,NA
"PTI98_013101",2.85681780338661,-0.114764976475406,1.25218639676231,3.91225248124707,0.271096498253176,NA
"PTI98_013110",2.16530062845799,-0.207293785137758,1.35839807421512,0.469633855715486,0.925510240575473,NA
"PTI98_013116",1.70571059851394,0.920568615749442,1.36482292154937,2.42446361445066,0.489096975527432,NA
"PTI98_013130",2.97372290145358,-0.556035343841006,1.01190996103021,3.5634737424762,0.312622618189941,NA
"PTI98_013138",2.31914921130713,-0.914547955099899,1.31898612662392,2.46127336726626,0.482330524513819,NA
"PTI98_013152",2.54231798543133,-2.2056538486878,1.5024174331216,3.96218060079441,0.265577007145561,NA
"PTI98_013185",2.44165087406765,0.301753063075108,1.26135935350341,0.295196001392149,0.960929436308088,NA
"PTI98_013200",2.4946503888324,-0.585669563227359,1.06554160671689,0.97967122977817,0.806170753022005,NA
"PTI98_013211",2.11738377357148,0.936163454524858,1.42893919401128,0.871202018242627,0.832371267609687,NA
"PTI98_013216",1.99450444468014,-0.48631957393027,1.42848728284425,2.47220711344906,0.48033482597595,NA
"PTI98_013253",1.97022477824722,0.632944572383362,1.37995621645272,1.80223561756639,0.614448561204342,NA
"PTI98_013285",2.76017029096021,-1.23271875822638,1.27104276701562,2.98205267251934,0.394400586439446,NA
"PTI98_013368",3.12311450429914,1.00878902954454,1.18697019942001,2.88085330089112,0.410362382132524,NA
"PTI98_013435",2.7784922217533,0.0785219732383007,1.05554766715595,1.29749231183205,0.729728637692325,NA
"PTI98_013456",2.91529381259147,-0.598562852462866,1.08438171831494,0.549890374220666,0.9078016842199,NA
"PTI98_013464",2.1517731372391,1.4938468439924,1.27947919472676,2.94002546160925,0.400964803328773,NA
"PTI98_013469",12.6781539685613,7.4269180634586,2.5480407223466,15.7514714962718,NA,NA
"PTI98_013485",2.55673520983634,-2.3246855672105,1.21493509168264,4.98108753994433,0.173187257339859,NA
"PTI98_013507",2.62108645808758,0.358742996286718,1.30275275080224,0.506818301597917,0.917390927328906,NA
"PTI98_013543",2.49360549033522,-1.21005700743527,1.41169706354062,8.72812667334836,0.0331327403623699,NA
"PTI98_013572",1.28809690008727,-1.61752990845669,1.84939377631972,4.47294010092059,0.214716705829561,NA
"PTI98_013590",3.05076351311798,2.59467579233264,1.29406912165728,9.35091735437962,0.0249713992715456,NA
"rRNA_CM057210.1_2080283",210.534456495355,-0.249460374114377,1.76757888888626,17.8173722431138,NA,NA
