gene,tau,top_tissue,mean_Exuding mycelium,mean_Exudophore,mean_Fuzzy mycelium,mean_Nodule
AAD021_012652,0.40776663005623476,Exuding mycelium,10.569,3.169,9.854,5.756
AAD021_012358,0.3276541520167126,Exudophore,33.615,41.916,28.997,21.933
AAD021_012362,0.24600832335657893,Exudophore,14.591,15.187,11.079,8.682
AAD021_012364,0.4966389727166065,Fuzzy mycelium,10.938,9.088,15.748,3.755
AAD021_012373,0.5887425103132485,Exudophore,12.052,42.994,15.895,25.098
AAD021_012378,0.4708821622337143,Exudophore,23.044,39.641,21.231,18.65
AAD021_012383,0.8894324927640241,Exudophore,30.443,365.532,78.436,12.369
AAD021_012463,0.5840701831124085,Fuzzy mycelium,19.395,9.088,32.502,12.073
AAD021_012478,0.48485976473438,Fuzzy mycelium,14.583,2.333,19.586,13.353
AAD021_012479,0.5060644287176904,Exudophore,16.756,50.878,17.061,41.574
AAD021_012482,0.560209817420979,Exudophore,24.471,54.41,25.542,21.773
AAD021_012484,0.8636536422865304,Exuding mycelium,29.907,3.11,0.833,8.29
AAD021_012487,0.5039873568599148,Nodule,32.035,38.572,31.681,68.74
AAD021_012492,0.674231695363878,Nodule,18.657,13.812,10.706,44.178
AAD021_012493,0.9514523794820056,Fuzzy mycelium,26.34,0.598,190.694,0.835
AAD021_012507,0.6101701528340309,Exudophore,28.322,59.305,9.229,31.806
AAD021_012513,0.687365758199979,Nodule,3.963,12.261,1.842,19.262
AAD021_012542,0.904004966842015,Nodule,12.053,0.778,3.109,55.348
AAD021_012543,0.540010055050706,Nodule,12.313,17.102,11.512,29.658
AAD021_012555,0.8463471612815665,Nodule,6.499,0.778,1.629,19.32
AAD021_012558,0.626709457095788,Fuzzy mycelium,23.831,0.598,46.432,27.57
AAD021_012559,0.6125600098625718,Nodule,21.674,15.488,7.485,38.412
AAD021_012574,0.5850645146844174,Exuding mycelium,29.5,3.169,23.678,9.875
AAD021_012584,0.3988435934827724,Fuzzy mycelium,4.916,11.119,12.011,5.627
AAD021_012603,0.33597453054561255,Fuzzy mycelium,32.611,25.295,39.288,20.358
AAD021_012615,0.35520827049342296,Exudophore,11.363,17.578,12.16,10.479
AAD021_012138,0.2822862013183743,Exuding mycelium,120.127,111.868,99.545,47.238
AAD021_012142,0.5162708287858161,Exuding mycelium,14.749,7.474,10.347,3.583
AAD021_012147,0.4591695337020026,Fuzzy mycelium,6.184,10.045,14.752,7.706
AAD021_012148,0.43911187509394684,Fuzzy mycelium,49.679,34.5,57.147,11.981
AAD021_012152,0.37316389364325975,Nodule,23.208,16.922,26.965,35.679
AAD021_012155,0.6540724378881632,Fuzzy mycelium,2.698,20.207,22.071,0.0
AAD021_012156,0.7465980711375361,Fuzzy mycelium,2.803,11.659,20.053,0.783
AAD021_012157,0.6996268388879101,Fuzzy mycelium,2.751,17.457,22.474,0.045
AAD021_012191,0.6990217140561871,Exuding mycelium,20.667,2.571,2.997,13.093
AAD021_012201,0.24639862186060857,Exudophore,200.762,277.215,251.591,174.376
AAD021_012209,0.5912848922850493,Exudophore,18.393,37.61,20.777,6.945
AAD021_012213,0.3318461804977849,Nodule,16.489,22.72,12.254,25.674
AAD021_012233,0.7758375591286336,Nodule,2.43,9.928,1.188,20.145
AAD021_012234,0.3911185457724864,Nodule,11.469,7.295,8.809,15.095
AAD021_012236,0.18497688131001935,Fuzzy mycelium,18.921,20.868,27.408,27.225
AAD021_012243,0.3601211460933224,Exuding mycelium,68.267,45.201,41.362,44.485
AAD021_012246,0.4685167932315742,Fuzzy mycelium,11.418,2.751,14.889,9.571
AAD021_012248,0.8722179197287252,Exudophore,2.854,38.927,11.934,0.134
AAD021_012256,0.27433054905812654,Exudophore,35.893,43.412,29.935,28.681
AAD021_012257,0.32323409891089494,Exudophore,19.714,29.834,11.404,29.455
AAD021_012258,0.4584812328818904,Nodule,44.027,42.329,44.079,80.29
AAD021_012260,0.3606314675380419,Exuding mycelium,35.786,27.264,23.219,18.158
AAD021_012272,0.8975233006557684,Exudophore,1.797,30.971,5.329,2.395
AAD021_012306,0.7180497425428105,Nodule,13.213,16.805,4.922,41.308
AAD021_012319,0.4532161180628654,Exuding mycelium,2878.31,1654.047,2876.785,190.609
AAD021_012349,0.7281106208316478,Nodule,7.292,4.485,9.212,25.733
AAD021_012352,0.19774564404356643,Exuding mycelium,36.041,30.019,29.918,26.805
AAD021_011760,0.2954955052944783,Nodule,24.895,25.47,19.93,33.26
AAD021_011788,0.3581646766096252,Nodule,7.77,7.474,11.973,14.135
AAD021_011820,0.43717151187312386,Exuding mycelium,17.493,4.724,16.286,8.527
AAD021_011860,0.6829633126487819,Exudophore,16.283,41.435,11.115,12.011
AAD021_011872,0.3338817751508892,Exudophore,9.143,11.6,9.887,4.152
AAD021_011876,0.6076391705250933,Exudophore,15.644,67.273,43.625,19.918
AAD021_011891,0.3010665902711319,Fuzzy mycelium,9.883,6.517,10.424,5.456
AAD021_011894,0.7347549932431509,Nodule,12.634,3.348,5.41,26.884
AAD021_011905,0.6640045326038929,Nodule,10.409,2.153,1.387,13.838
AAD021_011908,0.36232216842849807,Exuding mycelium,33.839,23.619,21.066,20.05
AAD021_011911,0.8141073538862243,Exudophore,3.963,37.848,14.263,2.882
AAD021_011913,0.8827954245798658,Nodule,3.224,2.751,4.945,31.057
AAD021_011968,0.801286734224976,Nodule,33.732,12.733,40.896,146.544
AAD021_012007,0.29570931493889835,Fuzzy mycelium,27.585,32.172,43.239,31.601
AAD021_012014,0.40204483229469035,Fuzzy mycelium,13.9,5.501,15.731,8.817
AAD021_012017,0.19471077122477456,Exuding mycelium,30.923,22.423,30.115,22.166
AAD021_012019,0.3270746341038065,Fuzzy mycelium,13.156,18.239,20.129,9.242
AAD021_012031,0.46975293594865014,Exuding mycelium,16.815,2.153,10.832,13.764
AAD021_011496,0.4662255808470488,Fuzzy mycelium,9.144,6.099,17.498,12.778
AAD021_011641,0.6289949544855681,Exudophore,25.473,73.363,26.993,29.189
AAD021_011647,0.5925262592490339,Fuzzy mycelium,12.427,6.337,16.136,0.961
AAD021_011663,0.14593174793547461,Fuzzy mycelium,11.889,13.753,14.064,10.392
AAD021_011668,0.5009326493037122,Exudophore,87.568,158.817,51.306,98.907
AAD021_011669,0.5497291507473673,Exudophore,99.303,208.683,62.269,120.32
AAD021_011678,0.5945746972000895,Exudophore,13.109,28.819,12.2,9.743
AAD021_011682,0.3301381739532229,Fuzzy mycelium,12.844,13.155,16.657,7.473
AAD021_011686,0.1093522633534096,Nodule,19.448,22.005,22.876,24.076
AAD021_011688,0.23893647845254964,Nodule,7.98,11.003,12.021,13.579
AAD021_011709,0.5463299998287531,Nodule,43.602,11.182,29.755,62.115
AAD021_011711,0.6030221519658164,Nodule,11.365,8.611,10.348,25.463
AAD021_011713,0.27321387426478666,Nodule,88.635,98.061,55.766,111.203
AAD021_011714,0.3629209499807957,Nodule,27.325,15.488,34.383,40.391
AAD021_011723,0.24361519436905968,Exuding mycelium,86.812,51.417,73.409,72.165
AAD021_011727,0.27098225199305676,Exudophore,13.797,17.398,14.749,9.504
AAD021_011733,0.334402422583248,Exudophore,9.778,14.292,8.285,10.477
AAD021_010859,0.37412222055888217,Fuzzy mycelium,17.815,8.611,20.642,12.333
AAD021_010894,0.6567636570996562,Exuding mycelium,18.342,1.375,6.698,10.813
AAD021_010899,0.835822780636193,Nodule,16.908,1.973,1.774,41.936
AAD021_010902,0.26415491540581937,Nodule,26.953,17.34,18.796,28.579
AAD021_010905,0.2039534700236608,Nodule,27.434,13.991,25.857,28.174
AAD021_010912,0.580631654697985,Nodule,97.693,160.139,44.533,240.333
AAD021_010915,0.4218903659830504,Exudophore,13.584,22.063,12.228,12.454
AAD021_010916,0.31826724648528515,Exuding mycelium,24.206,13.69,16.26,19.557
AAD021_010921,0.45855324615639365,Nodule,15.646,19.133,12.838,29.314
AAD021_010922,0.5871755082986961,Nodule,30.227,12.976,13.061,45.429
AAD021_010939,0.4551129370485694,Exuding mycelium,31.823,24.221,17.851,9.948
AAD021_010941,0.7181771673316706,Exuding mycelium,27.651,3.766,14.839,4.772
AAD021_010942,0.6233461275998587,Fuzzy mycelium,128.134,22.302,138.529,6.097
AAD021_010944,0.9588875212175022,Nodule,11.783,0.0,0.338,98.27
AAD021_010952,0.4100390439535328,Exudophore,9.934,24.634,16.061,17.604
AAD021_010974,0.4377728012062814,Nodule,33.14,39.704,34.501,63.643
AAD021_010982,0.4653095290903646,Exudophore,5.286,10.944,3.171,9.099
AAD021_010989,0.2941616307135303,Nodule,109.162,113.684,93.13,149.22
AAD021_011002,0.5631683955509491,Exuding mycelium,18.716,9.088,13.697,1.743
AAD021_011003,0.6335404973796019,Nodule,20.56,10.463,19.38,45.847
AAD021_011004,0.3988474760410132,Fuzzy mycelium,18.024,21.587,29.402,13.413
AAD021_011010,0.7118827691182754,Nodule,4.968,15.785,6.499,31.528
AAD021_011019,0.1720624123867124,Fuzzy mycelium,15.219,12.854,15.253,9.811
AAD021_011024,0.40323000641396556,Exudophore,5.76,14.468,13.224,6.917
AAD021_011028,0.30971133792232236,Exudophore,15.166,20.567,13.875,13.55
AAD021_011036,0.1968764890915097,Fuzzy mycelium,29.284,23.38,32.457,25.538
AAD021_011038,0.345088046571069,Exudophore,25.948,37.969,23.033,25.619
AAD021_011045,0.40110878281587464,Exudophore,35.419,66.482,60.232,23.797
AAD021_011046,0.6955006088217194,Exudophore,8.14,33.96,12.988,9.895
AAD021_011047,0.2788363952691578,Exudophore,22.043,37.489,28.63,30.433
AAD021_011059,0.6679114872149648,Nodule,30.022,19.376,35.94,85.658
AAD021_011063,0.25776898674103055,Nodule,92.862,73.669,50.763,97.586
AAD021_011074,0.06788655346464649,Exuding mycelium,19.612,17.34,19.173,18.328
AAD021_011090,0.34946037613324926,Exuding mycelium,28.906,10.167,20.005,26.241
AAD021_011091,0.6918612557834233,Exudophore,8.031,20.212,9.938,0.715
AAD021_011098,0.58786676123693,Exudophore,127.485,287.202,121.058,106.553
AAD021_011106,0.15757896499302457,Exuding mycelium,37.738,22.962,37.49,34.921
AAD021_011116,0.4861281384121828,Nodule,46.459,23.38,38.466,70.254
AAD021_011125,0.5797261419967247,Fuzzy mycelium,18.348,5.38,20.752,2.436
AAD021_011131,0.5257014332839643,Exuding mycelium,44.941,10.643,25.664,27.638
AAD021_011136,0.5831077106292674,Nodule,11.205,1.555,12.321,20.054
AAD021_011174,0.359008021362881,Exuding mycelium,22.354,6.337,19.724,16.925
AAD021_011202,0.41691184147307353,Exuding mycelium,15.962,5.861,13.044,9.016
AAD021_011208,0.7040985645529823,Exudophore,14.537,65.426,7.586,35.956
AAD021_011210,0.7156345721544365,Fuzzy mycelium,23.569,8.014,44.722,6.57
AAD021_011213,0.8683891918273465,Nodule,17.494,3.766,2.691,60.662
AAD021_011244,0.23060316216885657,Exudophore,26.105,33.192,28.921,21.586
AAD021_011248,0.95393734132651,Exudophore,8.459,87.373,1.421,2.194
AAD021_011253,0.8802781925445761,Exudophore,10.945,97.881,10.957,13.253
AAD021_011261,0.7734968865162785,Exudophore,6.131,20.508,4.659,3.146
AAD021_011262,0.7483173341793417,Exudophore,9.992,33.124,9.892,5.126
AAD021_011287,0.5755496115973795,Exuding mycelium,16.437,7.892,11.988,1.05
AAD021_010183,0.5022833421593166,Nodule,11.888,6.099,7.01,16.742
AAD021_010184,0.49006285847456477,Fuzzy mycelium,26.216,13.214,39.12,20.417
AAD021_010185,0.3932143901143852,Fuzzy mycelium,12.474,10.701,26.355,24.801
AAD021_010188,0.8258861790965263,Fuzzy mycelium,0.37,19.434,37.914,0.0
AAD021_010209,0.9493035573296603,Nodule,4.598,7.295,2.875,97.098
AAD021_010221,0.8536307762675227,Exudophore,25.155,161.258,35.038,10.617
AAD021_010226,0.40456674950252625,Exuding mycelium,33.559,16.445,32.021,11.48
AAD021_010228,0.578974680514779,Fuzzy mycelium,6.076,16.8,21.727,4.566
AAD021_010229,0.2695075375062132,Fuzzy mycelium,17.708,6.935,17.89,14.562
AAD021_010231,0.8251793700830276,Nodule,5.497,10.823,3.531,37.85
AAD021_010243,0.5369249371107104,Nodule,6.5,18.176,11.53,26.062
AAD021_010245,0.4311485556873939,Nodule,6.131,6.337,9.373,12.798
AAD021_010247,0.4388855897101242,Fuzzy mycelium,13.744,10.045,23.026,14.973
AAD021_010249,0.43365699222751486,Exudophore,25.581,55.071,15.16,52.826
AAD021_010251,0.4379560307758312,Exuding mycelium,20.137,9.627,12.458,11.868
AAD021_010272,0.24867771991025223,Exudophore,17.238,24.396,21.788,15.962
AAD021_010273,0.6135478310102903,Exudophore,9.989,29.237,13.738,10.169
AAD021_010281,0.4020966388400226,Exudophore,24.581,34.864,25.629,12.325
AAD021_010291,0.2983889522763678,Nodule,35.422,8.67,39.521,39.724
AAD021_010293,0.48332463824909144,Exudophore,25.896,46.999,25.866,21.088
AAD021_010294,0.6866523442824688,Fuzzy mycelium,8.669,4.724,18.218,3.733
AAD021_010307,0.9011320051941546,Exudophore,1.532,107.953,11.531,18.956
AAD021_010346,0.5554910475675477,Exudophore,15.168,30.67,9.5,16.232
AAD021_010351,0.39307814933987956,Nodule,16.544,10.225,24.724,28.281
AAD021_010352,0.5031890806761491,Nodule,7.506,14.23,11.785,22.49
AAD021_010360,0.4374637995052191,Nodule,32.987,27.92,27.778,52.551
AAD021_010368,0.47531714628006566,Exudophore,131.578,261.979,174.272,106.518
AAD021_010373,0.5316599538747759,Fuzzy mycelium,14.168,2.153,19.612,11.235
AAD021_010379,0.24388978275392384,Nodule,27.381,15.843,26.524,30.749
AAD021_010380,0.37536212736812874,Nodule,67.489,55.493,48.559,91.542
AAD021_010384,0.2597266202755035,Exuding mycelium,14.799,8.432,10.43,14.005
AAD021_010388,0.26037545047531185,Nodule,16.547,23.201,17.965,26.01
AAD021_010405,0.14119751188725757,Exudophore,13.005,13.155,9.061,11.827
AAD021_010406,0.30196599960806314,Exuding mycelium,26.906,21.767,20.579,13.998
AAD021_010412,0.27074525915101816,Exudophore,55.869,90.348,53.618,88.174
AAD021_010416,0.33382957936565605,Exudophore,41.172,54.41,30.461,37.107
AAD021_010422,0.7930927919473421,Exudophore,63.369,195.802,36.098,22.072
AAD021_010429,0.7245253970887197,Fuzzy mycelium,5.76,6.755,15.847,0.581
AAD021_010431,0.5022689099704489,Nodule,15.274,7.416,7.773,20.401
AAD021_010452,0.3090991227843654,Fuzzy mycelium,16.118,14.71,24.743,20.455
AAD021_010461,0.5767036175559476,Fuzzy mycelium,1801.705,231.228,2257.399,833.714
AAD021_010478,0.20362537731433814,Nodule,61.157,62.716,52.236,73.713
AAD021_010480,0.5738600636554105,Exudophore,4.439,13.452,8.074,4.684
AAD021_010481,0.4995418421429321,Fuzzy mycelium,15.17,7.295,17.883,4.384
AAD021_010500,0.6031794562601532,Fuzzy mycelium,6.499,5.321,14.971,6.002
AAD021_010523,0.9161461125186691,Nodule,60.085,1.555,7.116,273.32
AAD021_010524,0.2845965323532642,Exudophore,69.614,107.818,82.761,79.025
AAD021_010525,0.7150790009957086,Exudophore,42.596,188.467,52.634,65.865
AAD021_010531,0.939067992592843,Nodule,9.776,0.778,0.084,58.195
AAD021_010541,0.8165794157953986,Fuzzy mycelium,7.717,11.299,35.834,0.702
AAD021_010568,0.7537118950634487,Exudophore,14.752,42.635,11.05,5.699
AAD021_010578,0.8482010647302918,Exudophore,19.766,174.476,12.786,46.903
AAD021_010584,0.46185948559822726,Exudophore,21.197,46.873,31.004,23.472
AAD021_010590,0.396714560291823,Nodule,60.727,62.374,72.895,108.294
AAD021_010608,0.33600283707028683,Exudophore,13.372,16.8,13.03,7.064
AAD021_010618,0.3160447636152108,Exudophore,23.092,45.089,30.124,39.3
AAD021_010621,0.5134956430923515,Exudophore,11.839,23.439,12.328,10.043
AAD021_010634,0.29609253355511983,Exuding mycelium,113.162,25.475,103.399,110.094
AAD021_010655,0.7257296407063708,Nodule,8.877,2.751,2.006,16.57
AAD021_010664,0.40183654294781695,Exudophore,26.055,48.073,30.57,29.642
AAD021_010671,0.7617561164318131,Exudophore,18.343,62.977,19.927,6.741
AAD021_010672,0.23419884491808984,Exuding mycelium,26.162,23.497,19.762,16.847
AAD021_010720,0.8229299163812674,Fuzzy mycelium,69.227,8.49,148.757,1.304
AAD021_010736,0.4509163560501972,Fuzzy mycelium,131.707,25.052,187.874,152.717
AAD021_010739,0.36987591181299967,Fuzzy mycelium,30.439,8.072,35.83,29.22
AAD021_010740,0.3728698558669903,Nodule,10.041,12.436,11.551,18.087
AAD021_010743,0.8816379628801684,Nodule,6.922,4.126,4.277,43.157
AAD021_010753,0.27803743070297066,Exuding mycelium,31.133,22.302,27.465,17.663
AAD021_010760,0.7343236740617534,Fuzzy mycelium,16.708,8.549,44.611,10.301
AAD021_010779,0.4973673796339506,Exuding mycelium,12.95,3.348,12.229,3.95
AAD021_009507,0.21409479909030085,Exudophore,9.83,11.901,8.74,9.491
AAD021_009512,0.43543155659331884,Exuding mycelium,15.911,9.029,9.689,8.23
AAD021_009516,0.1507870639745368,Fuzzy mycelium,127.762,128.682,139.133,98.017
AAD021_009517,0.5963481818061928,Nodule,20.404,15.785,19.111,45.666
AAD021_009528,0.16141503857509423,Exuding mycelium,18.185,14.23,16.686,14.833
AAD021_009529,0.6797800606382601,Exudophore,96.767,264.267,96.243,60.86
AAD021_009535,0.7117726497492672,Nodule,14.165,4.544,4.299,26.609
AAD021_009536,0.27432117825343966,Exuding mycelium,140.539,90.712,77.024,138.223
AAD021_009558,0.3688775454193866,Exuding mycelium,17.175,7.713,13.171,11.636
AAD021_009577,0.31399648917860595,Exuding mycelium,94.372,44.909,83.937,65.373
AAD021_009582,0.7328387134417916,Nodule,81.984,69.602,40.944,240.215
AAD021_009596,0.35759902870713606,Exuding mycelium,25.166,6.697,17.474,24.329
AAD021_009598,0.3279631414642406,Exudophore,19.711,25.655,18.921,13.09
AAD021_009599,0.5398134011057322,Exudophore,5.707,19.075,11.251,9.375
AAD021_009622,0.701520006370013,Nodule,20.72,9.865,19.329,55.743
AAD021_009627,0.33068328558701077,Exuding mycelium,50.165,29.178,43.722,27.829
AAD021_009629,0.3110550540774832,Nodule,38.692,54.77,21.642,55.691
AAD021_009640,0.6885985008821836,Fuzzy mycelium,6.132,5.083,14.966,2.766
AAD021_009642,0.7493287415006593,Fuzzy mycelium,21.515,1.375,32.966,1.9
AAD021_009662,0.4394355989339653,Nodule,11.579,4.903,5.502,13.073
AAD021_009663,0.12975856984427914,Exuding mycelium,28.385,25.169,25.599,23.336
AAD021_009665,0.6876426991082788,Exuding mycelium,53.912,38.387,11.797,0.335
AAD021_009666,0.6263789319864245,Exuding mycelium,24.573,16.207,8.056,3.28
AAD021_009683,0.6112516884111378,Nodule,12.371,4.485,14.862,27.197
AAD021_009689,0.2940090512403779,Exuding mycelium,36.953,14.71,34.486,29.069
AAD021_009690,0.24258879370952802,Nodule,15.171,8.49,11.511,15.479
AAD021_009694,0.9579131118389624,Nodule,2.589,0.0,0.524,24.655
AAD021_009697,0.2647008385453352,Nodule,47.355,32.288,24.899,47.393
AAD021_009708,0.20881752866370382,Fuzzy mycelium,11.944,9.088,14.279,12.86
AAD021_009719,0.3003195623129181,Exuding mycelium,15.171,10.823,9.788,11.235
AAD021_009729,0.2937081236988372,Fuzzy mycelium,7.771,12.378,13.25,7.926
AAD021_009732,0.25733902605630105,Exuding mycelium,49.375,32.59,38.081,39.335
AAD021_009735,0.4651883321102243,Exudophore,47.041,96.258,34.2,73.2
AAD021_009741,0.7268597510350929,Fuzzy mycelium,7.934,4.544,15.391,0.134
AAD021_009744,0.58003833377266,Nodule,11.793,12.737,13.727,30.366
AAD021_009752,0.4169443275032439,Nodule,26.111,46.158,40.095,64.239
AAD021_009770,0.3485158857237865,Exuding mycelium,61.529,43.952,52.832,23.472
AAD021_009772,0.5063833005543734,Exuding mycelium,19.927,3.169,17.448,8.893
AAD021_009784,0.3280447958618513,Exuding mycelium,15.329,5.321,10.964,14.615
AAD021_009786,0.467050508172437,Exudophore,42.915,103.22,59.823,62.296
AAD021_009787,0.7500993295416482,Exudophore,15.909,51.48,17.496,5.19
AAD021_009788,0.29176883405601967,Fuzzy mycelium,51.012,39.646,61.782,40.611
AAD021_009789,0.32087982795194026,Fuzzy mycelium,12.579,5.321,14.073,10.772
AAD021_009814,0.5149448428371285,Fuzzy mycelium,7.98,4.544,10.654,2.979
AAD021_009815,0.23359400568841004,Exudophore,38.106,62.123,48.204,56.523
AAD021_009842,0.292632286074162,Exudophore,90.322,122.169,93.308,75.626
AAD021_009847,0.2295897421548918,Fuzzy mycelium,127.981,113.724,135.288,70.977
AAD021_009865,0.6674563701429873,Nodule,5.284,7.654,12.155,25.152
AAD021_009871,0.45322706485150127,Nodule,12.845,12.018,10.237,21.399
AAD021_009879,0.8389773620994586,Nodule,326.204,137.432,38.22,1038.894
AAD021_009887,0.19514159347491108,Fuzzy mycelium,12.525,15.906,16.643,11.755
AAD021_009935,0.30831068480567,Nodule,18.818,4.126,16.812,19.159
AAD021_009960,0.7423065745356637,Exudophore,69.509,282.195,105.73,42.92
AAD021_009980,0.21259659284591212,Exuding mycelium,25.687,14.351,24.033,22.294
AAD021_009983,0.20760112999400734,Exudophore,33.997,42.63,38.732,28.611
AAD021_009984,0.7234825583912926,Exudophore,23.682,108.164,38.446,27.6
AAD021_009992,0.1912262058968112,Exudophore,11.469,13.573,7.995,13.47
AAD021_009999,0.4364614288811927,Nodule,11.469,9.686,11.286,19.188
AAD021_010030,0.528334115939788,Exuding mycelium,28.39,5.739,19.958,14.473
AAD021_010065,0.5493559656727293,Exudophore,8.562,29.057,13.772,16.949
AAD021_010112,0.46925041641601456,Fuzzy mycelium,72.895,17.398,75.069,29.235
AAD021_007558,0.46401504794617715,Fuzzy mycelium,33.247,15.308,37.142,11.167
AAD021_007559,0.2721751896814756,Exuding mycelium,20.083,15.128,19.186,9.536
AAD021_007560,0.719149260438598,Fuzzy mycelium,10.311,6.157,29.735,8.584
AAD021_007609,0.20641908008705492,Fuzzy mycelium,21.776,16.684,22.464,15.021
AAD021_007611,0.29718268848627444,Nodule,18.976,18.958,19.598,27.286
AAD021_007617,0.20273836144248988,Fuzzy mycelium,9.672,12.917,13.798,10.412
AAD021_007621,0.17173398724070443,Exuding mycelium,132.656,123.828,75.922,129.873
AAD021_007622,0.6759863825423013,Fuzzy mycelium,3.647,8.31,12.646,0.335
AAD021_007638,0.5023337542588103,Nodule,17.286,7.295,15.078,26.563
AAD021_007640,0.39382186976565564,Exudophore,17.605,25.295,19.235,9.16
AAD021_007641,0.6468849476451154,Nodule,28.278,49.992,4.088,77.744
AAD021_007647,0.10719166896836381,Nodule,20.3,20.567,23.132,23.894
AAD021_007678,0.5165915830782898,Fuzzy mycelium,22.515,10.701,31.341,12.235
AAD021_007687,0.277686474286111,Exudophore,10.625,18.953,16.229,14.217
AAD021_007712,0.3151316951452195,Nodule,151.096,141.473,85.747,184.13
AAD021_007719,0.1693490692513614,Exuding mycelium,37.957,35.875,27.817,30.895
AAD021_007731,0.5102212147899693,Exuding mycelium,19.613,7.056,12.182,9.579
AAD021_007744,0.6823376324851074,Nodule,34.399,13.456,21.168,72.429
AAD021_007760,0.7141486799077365,Nodule,37.886,8.67,25.608,84.151
AAD021_007766,0.3688910352060329,Nodule,15.435,20.333,17.753,28.268
AAD021_007778,0.4091194254182649,Fuzzy mycelium,12.157,5.083,16.473,11.961
AAD021_007784,0.33768955773407533,Exuding mycelium,25.052,12.378,18.965,18.433
AAD021_007787,0.8189976573390659,Exudophore,4.336,25.052,7.672,1.596
AAD021_007799,0.4258454525595477,Fuzzy mycelium,12.951,8.908,17.514,8.308
AAD021_007802,0.415342577077565,Nodule,4.914,14.89,11.304,17.736
AAD021_007819,0.18163140220659005,Exuding mycelium,276.287,178.975,236.7,262.638
AAD021_007821,0.14534289329621308,Fuzzy mycelium,16.016,11.241,16.832,15.901
AAD021_007828,0.598810568843637,Nodule,7.24,17.34,5.518,25.007
AAD021_007837,0.31321127306549296,Fuzzy mycelium,14.483,17.281,22.489,14.57
AAD021_007838,0.3216474698171566,Exuding mycelium,20.608,9.268,20.136,12.535
AAD021_007841,0.49850524074406904,Exudophore,6.978,21.106,11.749,13.027
AAD021_007842,0.29619113698016436,Fuzzy mycelium,11.308,13.155,16.709,10.816
AAD021_007843,0.2613747416052415,Nodule,42.345,31.812,41.313,52.11
AAD021_007849,0.5869818449298752,Nodule,7.402,4.544,7.682,15.841
AAD021_007852,0.12246225191020736,Exuding mycelium,31.563,28.643,31.349,23.099
AAD021_007869,0.6818076636641653,Exuding mycelium,125.27,17.461,99.853,2.266
AAD021_007884,0.5458822874294377,Nodule,14.005,3.708,17.389,25.766
AAD021_007888,0.37954720375721046,Nodule,27.273,25.353,25.285,41.857
AAD021_007891,0.8289296250734951,Nodule,283.484,86.721,22.905,765.983
AAD021_007896,0.3161199053857878,Exuding mycelium,21.512,11.362,19.204,13.569
AAD021_007899,0.15395719261189275,Exuding mycelium,28.539,23.38,26.401,22.655
AAD021_007909,0.18901743450620453,Exudophore,14.745,16.625,11.074,14.63
AAD021_007916,0.32177026880941734,Fuzzy mycelium,18.6,9.627,21.896,16.323
AAD021_007934,0.32332378684113416,Nodule,112.145,111.872,75.954,147.767
AAD021_007935,0.5004466966089728,Fuzzy mycelium,11.469,5.083,14.357,4.964
AAD021_007937,0.5531220150306188,Exudophore,175.644,369.042,130.653,188.453
AAD021_007940,0.9596013454848246,Nodule,13.526,2.391,4.039,164.662
AAD021_007946,0.47340035355729587,Exudophore,62.103,134.25,75.076,74.91
AAD021_007952,0.405957194411978,Nodule,44.501,40.716,43.484,72.217
AAD021_007955,0.2468670469662868,Nodule,20.243,22.841,21.848,28.738
AAD021_007957,0.3662792514970465,Nodule,9.247,8.49,12.358,15.83
AAD021_007960,0.5727643391468864,Fuzzy mycelium,34.568,15.187,51.226,15.902
AAD021_007962,0.187468269287327,Exudophore,14.007,19.075,15.635,16.855
AAD021_007963,0.40456051478639043,Exudophore,52.118,80.793,67.53,24.674
AAD021_007982,0.13907210711286688,Exuding mycelium,18.025,15.964,13.048,17.543
AAD021_007987,0.4151457798805325,Exudophore,29.752,56.572,41.888,27.619
AAD021_008005,0.22723199691087637,Fuzzy mycelium,15.117,12.616,18.435,15.005
AAD021_008006,0.3261857653489285,Nodule,6.816,5.739,8.226,10.281
AAD021_008013,0.31016607903495014,Nodule,9.146,15.488,10.34,16.9
AAD021_008018,0.6189796721656048,Fuzzy mycelium,42.445,24.158,80.104,24.961
AAD021_008024,0.09053965878638048,Nodule,164.957,144.233,149.081,167.964
AAD021_008028,0.4078337213086553,Exudophore,39.959,82.874,68.481,38.786
AAD021_008034,0.6143659468034245,Nodule,15.009,5.861,12.576,28.909
AAD021_008041,0.31795076027680397,Nodule,27.749,24.095,43.851,46.769
AAD021_008043,0.29162962151524746,Exuding mycelium,55.022,38.63,33.957,44.34
AAD021_008052,0.6307983562009156,Fuzzy mycelium,2.327,11.358,12.819,0.514
AAD021_008065,0.2144597893496887,Fuzzy mycelium,13.585,17.102,18.921,13.902
AAD021_008066,0.37667313653657297,Fuzzy mycelium,53.025,51.543,71.012,28.224
AAD021_008068,0.4257286767319572,Nodule,42.074,66.487,33.955,82.723
AAD021_008071,0.5069491012943843,Nodule,51.267,40.958,27.276,80.79
AAD021_008074,0.5673903149571246,Exudophore,24.523,65.655,37.323,23.363
AAD021_008078,0.39684338365939525,Exudophore,14.221,17.398,10.484,6.776
AAD021_008079,0.2876179957584856,Fuzzy mycelium,12.157,10.585,15.667,10.74
AAD021_008081,0.6461232411265653,Fuzzy mycelium,42.827,5.142,45.436,0.268
AAD021_008082,0.46954311200527465,Exudophore,147.841,223.677,88.996,119.117
AAD021_008094,0.5606485080222097,Exudophore,10.673,39.587,16.841,24.665
AAD021_008101,0.3726622177145875,Fuzzy mycelium,21.466,13.695,25.972,13.719
AAD021_008104,0.199257637583627,Fuzzy mycelium,43.603,43.704,51.407,36.185
AAD021_008105,0.24621046462230667,Fuzzy mycelium,12.897,11.42,12.932,4.927
AAD021_008109,0.3176344711587186,Nodule,119.05,91.966,72.815,138.651
AAD021_008113,0.43372071320894906,Exuding mycelium,110.758,74.739,69.772,43.649
AAD021_008120,0.22168840251219382,Exuding mycelium,94.562,79.404,62.273,79.119
AAD021_008122,0.5558853310070743,Exudophore,7.346,21.645,12.107,9.386
AAD021_008126,0.18445442560698186,Exudophore,12.797,17.699,14.271,16.236
AAD021_008131,0.6123927454088267,Exudophore,10.462,28.643,14.271,8.574
AAD021_008132,0.5692148760062906,Exudophore,92.385,215.726,71.09,115.32
AAD021_008137,0.2893197518277548,Fuzzy mycelium,9.885,9.506,15.495,13.645
AAD021_008144,0.8446266779965507,Fuzzy mycelium,5.231,1.973,18.78,1.55
AAD021_008145,0.8595706640104007,Fuzzy mycelium,5.495,0.778,15.207,0.134
AAD021_008148,0.5746104364851665,Fuzzy mycelium,9.566,3.766,13.707,4.16
AAD021_008153,0.4345071716120977,Fuzzy mycelium,8.88,6.279,13.004,6.903
AAD021_008157,0.28689305880083427,Nodule,24.53,23.142,21.746,32.449
AAD021_008158,0.625361887243862,Exudophore,20.665,52.801,21.939,16.739
AAD021_008164,0.49195027262375307,Exudophore,8.774,19.434,14.039,6.808
AAD021_008166,0.5486818235055747,Exudophore,8.563,22.001,12.409,8.816
AAD021_008167,0.16741380822660742,Exudophore,17.178,19.911,18.4,14.154
AAD021_008168,0.4257502685116643,Exuding mycelium,18.765,9.807,11.896,10.625
AAD021_008174,0.5119795197502588,Fuzzy mycelium,16.018,7.533,20.448,6.387
AAD021_008182,0.6756532241525424,Exuding mycelium,27.383,6.517,15.64,4.488
AAD021_008196,0.5774024661110725,Fuzzy mycelium,16.757,8.31,27.319,9.567
AAD021_008198,0.3799716406978299,Fuzzy mycelium,27.64,30.495,41.236,18.567
AAD021_008202,0.27354269618324706,Exuding mycelium,23.838,16.144,21.258,14.55
AAD021_008203,0.6362733293293973,Nodule,10.938,4.903,8.189,22.023
AAD021_008207,0.506927952470618,Nodule,41.594,44.073,39.03,84.299
AAD021_008208,0.39049718288907415,Exudophore,78.326,95.193,66.231,29.505
AAD021_008213,0.4095214227049977,Nodule,24.842,28.94,24.269,44.061
AAD021_008225,0.6073005268892975,Exudophore,130.706,335.428,89.343,175.117
AAD021_008227,0.17654518418529538,Exudophore,37.323,46.581,35.432,42.317
AAD021_008233,0.5177256474929941,Exuding mycelium,30.241,14.23,21.063,8.46
AAD021_008238,0.5168919851123897,Nodule,28.597,8.67,13.96,35.346
AAD021_008239,0.6534179452532672,Exudophore,24.365,48.662,16.103,10.128
AAD021_008240,0.3801351230393018,Exudophore,15.225,22.122,16.405,9.508
AAD021_008253,0.2126706270059725,Exudophore,12.528,20.868,17.312,19.449
AAD021_008254,0.24057616977332372,Exuding mycelium,16.066,13.394,15.533,7.677
AAD021_008255,0.17649812998241807,Nodule,18.604,25.83,21.57,26.717
AAD021_008258,0.4675688090644801,Fuzzy mycelium,79.227,37.61,96.172,36.778
AAD021_008262,0.6357682416771059,Fuzzy mycelium,14.542,1.375,15.59,1.118
AAD021_008268,0.7635287295149662,Exudophore,4.758,19.911,7.517,1.85
AAD021_008284,0.6474510086324051,Exudophore,32.562,77.076,18.779,30.178
AAD021_008288,0.3994033215515773,Exudophore,97.782,125.621,57.171,71.389
AAD021_008296,0.422025508940347,Exudophore,11.521,19.731,9.633,13.057
AAD021_008300,0.3694726623343502,Fuzzy mycelium,15.12,11.897,18.74,8.432
AAD021_008301,0.32899321230112333,Fuzzy mycelium,12.472,12.436,15.851,7.001
AAD021_008306,0.26929196294762525,Exudophore,24.053,38.446,34.897,25.328
AAD021_008307,0.42736291908445256,Nodule,6.871,13.991,13.583,20.05
AAD021_008308,0.34107419393873756,Fuzzy mycelium,41.818,25.232,43.489,18.918
AAD021_008310,0.2438445258556656,Fuzzy mycelium,286.48,187.285,297.038,200.056
AAD021_008311,0.142317436153356,Exudophore,146.776,190.391,171.763,171.345
AAD021_008315,0.7823567643785682,Nodule,7.028,2.391,7.466,25.86
AAD021_008316,0.4938152135926856,Fuzzy mycelium,6.71,4.306,12.443,7.88
AAD021_008317,0.5377814798293322,Fuzzy mycelium,84.416,30.32,105.142,31.06
AAD021_008318,0.5047046652688977,Fuzzy mycelium,52.433,20.989,66.593,25.527
AAD021_008321,0.5219451920005839,Exudophore,19.346,37.969,22.954,12.155
AAD021_008324,0.548397827230806,Exudophore,32.088,70.02,33.126,29.649
AAD021_008328,0.26346279269765677,Exuding mycelium,42.019,36.239,37.39,19.217
AAD021_008329,0.3752238143103974,Nodule,14.587,11.061,10.377,19.22
AAD021_008331,0.4689586033713242,Exudophore,20.667,37.309,28.065,10.706
AAD021_008335,0.37788674316968357,Exudophore,13.796,24.153,18.542,12.74
AAD021_008337,0.04875594516455132,Exudophore,15.59,16.382,15.835,15.326
AAD021_008338,0.18399277774565173,Exuding mycelium,148.12,108.281,136.14,118.178
AAD021_008339,0.5999090671436123,Nodule,45.776,2.751,39.634,73.451
AAD021_008340,0.059421585692360966,Nodule,12.525,11.6,12.935,13.134
AAD021_008349,0.3449868705713432,Exudophore,30.025,39.641,24.033,23.838
AAD021_008353,0.3750642593455762,Fuzzy mycelium,114.061,58.181,118.284,49.517
AAD021_008356,0.5566794641410581,Exudophore,15.481,34.976,18.623,12.412
AAD021_008357,0.6780144849222601,Exudophore,10.787,29.115,10.916,6.421
AAD021_008358,0.28513208865988837,Exudophore,33.144,48.01,37.595,32.223
AAD021_008362,0.5592038562383363,Fuzzy mycelium,23.424,14.531,41.624,17.088
AAD021_008366,0.14824647468465157,Exuding mycelium,24.047,22.783,17.831,20.832
AAD021_008367,0.2045612589578888,Nodule,15.858,22.423,15.76,22.646
AAD021_008369,0.5194792559769114,Exudophore,7.505,19.313,8.576,11.76
AAD021_008371,0.12349331131726775,Exudophore,13.692,13.933,12.528,10.417
AAD021_008373,0.17853533145389064,Fuzzy mycelium,18.709,19.313,20.844,13.345
AAD021_008374,0.5439191957978021,Exudophore,5.921,15.726,11.78,3.817
AAD021_008375,0.2295649823018723,Nodule,13.478,10.823,16.947,17.846
AAD021_008385,0.5402539675415933,Nodule,10.201,6.697,12.754,21.499
AAD021_008392,0.9577928200430318,Nodule,4.016,1.375,0.585,47.199
AAD021_008394,0.3056894559374793,Nodule,8.458,7.236,9.072,11.89
AAD021_008396,0.30535006918477053,Exudophore,17.338,22.005,16.477,12.043
AAD021_008399,0.18995885340314345,Exuding mycelium,16.754,11.96,16.245,12.51
AAD021_008404,0.23813536197191623,Nodule,12.69,11.241,11.35,15.436
AAD021_008405,0.2742992948821022,Exudophore,11.575,15.663,11.096,11.43
AAD021_008408,0.5964918048624668,Exudophore,10.148,41.012,14.621,24.877
AAD021_008411,0.5182758502109301,Exudophore,47.459,85.975,29.5,47.29
AAD021_008412,0.47034991293363587,Fuzzy mycelium,18.814,13.573,24.988,7.318
AAD021_008418,0.46273679340954704,Fuzzy mycelium,9.354,4.903,12.683,6.185
AAD021_008423,0.639849349616215,Exudophore,34.942,66.608,13.683,23.342
AAD021_008427,0.7539677003745391,Fuzzy mycelium,14.96,7.173,35.43,4.018
AAD021_008434,0.8622038902689623,Nodule,11.254,4.724,10.542,64.153
AAD021_008435,0.20331516993655227,Exuding mycelium,36.049,31.448,25.211,29.5
AAD021_008436,0.777953129144526,Exudophore,11.26,41.857,9.843,6.779
AAD021_008437,0.1582795528256332,Fuzzy mycelium,10.466,15.007,15.517,13.711
AAD021_008442,0.38790713226897605,Fuzzy mycelium,30.55,23.56,43.438,25.654
AAD021_008444,0.6233947987139625,Nodule,9.568,5.142,8.861,20.863
AAD021_008449,0.7295412326951904,Exudophore,13.318,63.444,25.864,12.296
AAD021_008450,0.729597835776339,Fuzzy mycelium,6.5,3.348,13.463,1.073
AAD021_008451,0.6007494992803838,Fuzzy mycelium,14.221,12.737,29.76,8.687
AAD021_008458,0.2580532830762675,Exuding mycelium,15.647,7.115,12.403,15.309
AAD021_008464,0.3767463170272509,Exudophore,67.546,124.007,51.557,112.761
AAD021_008466,0.5107739556212992,Exuding mycelium,19.665,6.099,11.261,11.503
AAD021_008467,0.24584949632175282,Nodule,79.862,64.154,45.257,83.658
AAD021_008470,0.24618173717587033,Nodule,23.418,24.517,20.522,30.271
AAD021_008472,0.1660552582609364,Nodule,16.971,15.605,14.825,18.946
AAD021_008475,0.41162225750754516,Nodule,5.918,21.884,11.459,22.242
AAD021_008477,0.47920461891985827,Exudophore,30.337,72.77,58.235,25.123
AAD021_008481,0.842249734717479,Exudophore,6.187,30.077,6.384,1.663
AAD021_008484,0.4265258544025265,Exudophore,6.502,14.468,6.885,11.504
AAD021_008492,0.5534288276192905,Exuding mycelium,47.78,17.102,28.33,18.581
AAD021_008493,0.37443539283434313,Exudophore,13.584,24.396,15.423,16.777
AAD021_008495,0.40028006709457137,Nodule,6.131,18.297,17.251,23.166
AAD021_008498,0.7546261393679986,Exudophore,5.338,25.232,9.314,3.922
AAD021_008510,0.26920941927019487,Fuzzy mycelium,11.155,4.903,12.779,11.958
AAD021_008522,0.4424391515193656,Fuzzy mycelium,12.318,6.517,17.763,10.876
AAD021_008523,0.20321060507622482,Exudophore,30.551,33.129,19.535,29.105
AAD021_008526,0.5786780871998277,Exudophore,24.159,48.738,25.524,11.92
AAD021_008531,0.29862199947107276,Exudophore,9.358,16.023,11.791,12.565
AAD021_008533,0.23814668174976403,Fuzzy mycelium,26.106,28.459,31.487,17.4
AAD021_008535,0.5265482604118185,Fuzzy mycelium,7.981,5.321,18.876,13.508
AAD021_008538,0.12585481580823335,Exuding mycelium,33.239,27.151,33.15,26.867
AAD021_008540,0.21438684319401377,Exuding mycelium,15.433,10.405,14.442,11.527
AAD021_008541,0.11530269922995284,Exudophore,12.104,13.812,13.604,10.95
AAD021_008579,0.4021449152358487,Exuding mycelium,28.486,19.731,18.811,12.55
AAD021_008585,0.8698935778634885,Nodule,35.718,27.452,21.339,216.515
AAD021_008593,0.4312181705319606,Fuzzy mycelium,113.222,38.091,116.168,46.909
AAD021_008606,0.4536423116698873,Nodule,89.407,4.544,74.564,102.811
AAD021_008610,0.2931784384101272,Exuding mycelium,36.946,13.515,30.774,34.054
AAD021_008618,0.21292887084505172,Fuzzy mycelium,14.481,20.809,24.34,22.181
AAD021_008620,0.32000975180007246,Nodule,24.948,21.227,24.002,34.401
AAD021_008626,0.8352552899566378,Nodule,8.247,0.0,4.42,25.628
AAD021_008631,0.13487789863230126,Exuding mycelium,14.482,12.256,14.353,10.978
AAD021_008639,0.6578181195893756,Exudophore,16.385,49.385,34.043,0.268
AAD021_008641,0.4351383447162107,Nodule,4.916,7.115,10.188,13.112
AAD021_008646,0.4805450921426507,Nodule,8.19,5.263,11.336,15.907
AAD021_008652,0.8469858881250941,Exudophore,3.224,20.868,2.716,3.639
AAD021_008654,0.40034930246709427,Nodule,17.443,23.021,15.97,31.371
AAD021_008697,0.7318010984042322,Fuzzy mycelium,17.016,8.252,59.854,22.89
AAD021_008702,0.360846669970798,Fuzzy mycelium,27.961,18.535,38.873,28.042
AAD021_008707,0.2117859631866915,Nodule,13.265,7.236,13.278,14.285
AAD021_008714,0.49976334888834195,Nodule,14.798,9.686,22.048,31.007
AAD021_008728,0.5847034791517197,Exuding mycelium,20.944,5.083,15.86,5.15
AAD021_008738,0.47515030683090814,Exudophore,11.365,23.196,6.32,18.838
AAD021_008746,0.9746406942841891,Nodule,3.752,1.375,1.494,87.045
AAD021_008756,0.5319431194304368,Fuzzy mycelium,11.576,17.34,20.672,0.112
AAD021_008773,0.35688643601633424,Exuding mycelium,165.948,70.918,144.594,104.658
AAD021_008782,0.17847993073823865,Exuding mycelium,11.681,7.654,11.5,9.634
AAD021_008788,0.3676841188114601,Exuding mycelium,17.391,11.061,10.362,11.567
AAD021_008791,0.20191250237368305,Exuding mycelium,20.506,18.953,14.111,16.032
AAD021_008795,0.5892821243963288,Exuding mycelium,602.264,114.731,535.05,92.301
AAD021_008807,0.591216520213908,Fuzzy mycelium,8.616,3.348,14.99,6.419
AAD021_008809,0.4168927574405763,Exuding mycelium,16.859,9.807,13.192,6.493
AAD021_008820,0.1120840394748575,Exuding mycelium,27.434,26.189,20.01,26.88
AAD021_008822,0.44152566897073114,Exudophore,7.085,13.515,9.769,5.789
AAD021_008838,0.4937019844019724,Fuzzy mycelium,7.293,3.528,18.905,17.893
AAD021_008846,0.49302815464426614,Exudophore,7.61,33.664,19.493,24.097
AAD021_008852,0.8142068627291777,Nodule,24.362,24.94,1.993,92.029
AAD021_008853,0.6443087746017039,Fuzzy mycelium,5.126,4.782,12.517,3.448
AAD021_008857,0.7284784854279455,Nodule,9.99,3.888,7.796,26.608
AAD021_008858,0.3355400203371978,Fuzzy mycelium,37.263,18.117,38.404,21.173
AAD021_008862,0.7090839932076348,Exuding mycelium,21.459,3.766,11.232,3.729
AAD021_008888,0.5309850255628151,Nodule,8.137,2.93,2.198,9.428
AAD021_008892,0.44415144723763583,Nodule,27.797,27.565,24.323,47.786
AAD021_008903,0.4959935941892968,Exudophore,25.636,45.983,27.043,16.848
AAD021_008915,0.553450404979371,Fuzzy mycelium,48.249,15.964,105.926,77.69
AAD021_008939,0.5431937495390106,Nodule,27.904,2.571,8.147,28.182
AAD021_008946,0.6026773014676753,Nodule,56.984,46.882,32.053,114.028
AAD021_008951,0.3782970013891916,Exuding mycelium,20.722,7.654,15.266,15.729
AAD021_008962,0.4207866201165164,Fuzzy mycelium,13.158,10.045,17.001,6.338
AAD021_008974,0.43384000002059003,Nodule,46.516,32.23,43.39,71.909
AAD021_009007,0.6971114322314511,Nodule,5.338,4.126,7.673,18.86
AAD021_009017,0.5512568107497882,Exudophore,4.175,13.335,9.788,3.989
AAD021_009019,0.8428944237846611,Fuzzy mycelium,1.797,9.744,26.024,0.724
AAD021_009021,0.403667046827912,Fuzzy mycelium,114.918,160.849,172.857,33.474
AAD021_009022,0.4989308320074632,Exudophore,9.727,34.859,25.873,16.801
AAD021_009028,0.5141705890101537,Exuding mycelium,30.76,9.627,25.763,9.442
AAD021_009034,0.42901519502211727,Nodule,78.802,60.091,54.026,112.624
AAD021_009037,0.7250485507407539,Fuzzy mycelium,8.242,2.153,18.485,4.852
AAD021_009039,0.1054070720836127,Fuzzy mycelium,21.877,22.724,23.51,18.494
AAD021_009050,0.24590606134526813,Exudophore,94.081,125.324,97.542,91.896
AAD021_009051,0.5804359911345458,Fuzzy mycelium,60.773,1.555,65.502,20.12
AAD021_009064,0.7595115310324386,Nodule,11.998,1.375,5.267,25.836
AAD021_009074,0.5099833489904998,Nodule,12.369,5.919,7.967,17.86
AAD021_009076,0.5301557517933726,Nodule,14.006,8.908,12.994,25.475
AAD021_009078,0.2468548680804922,Exudophore,33.667,36.715,30.865,18.425
AAD021_009080,0.29356871343868174,Nodule,65.755,54.352,44.541,77.69
AAD021_009086,0.4254727084211867,Nodule,26.164,28.702,22.495,44.884
AAD021_009091,0.2782748949248194,Fuzzy mycelium,15.011,19.133,20.101,9.378
AAD021_009095,0.2896088886646671,Exudophore,19.931,21.704,9.22,17.105
AAD021_009097,0.5687168370824974,Nodule,11.521,8.252,3.794,18.214
AAD021_009098,0.7000255586341314,Exudophore,40.496,172.161,35.385,79.051
AAD021_009099,0.5522933094628155,Exudophore,8.561,21.227,14.627,5.323
AAD021_009101,0.3441741148411906,Exudophore,15.378,17.758,7.544,12.016
AAD021_009102,0.24335529168874703,Fuzzy mycelium,19.923,10.045,20.779,17.198
AAD021_009111,0.2773314244082223,Exudophore,19.928,26.248,20.616,16.362
AAD021_009115,0.3116619999654311,Exudophore,17.284,22.841,15.376,14.508
AAD021_009123,0.3323250379753983,Exudophore,15.541,22.243,17.088,11.925
AAD021_009128,0.33371363725641584,Nodule,27.279,22.423,34.723,42.237
AAD021_009129,0.7371100377608261,Exudophore,6.713,28.046,7.232,8.173
AAD021_009145,0.2853620437379642,Fuzzy mycelium,21.88,17.937,27.274,18.656
AAD021_009147,0.5160663395244,Fuzzy mycelium,6.024,8.072,11.999,3.323
AAD021_009148,0.4668644654582075,Fuzzy mycelium,17.021,16.863,29.285,12.954
AAD021_009158,0.5334170605139876,Nodule,15.012,4.306,13.796,23.657
AAD021_009160,0.6085968241425467,Exudophore,11.098,23.74,9.033,7.744
AAD021_009168,0.26357386454304915,Fuzzy mycelium,7.291,9.209,13.621,13.592
AAD021_009172,0.2521985984518778,Fuzzy mycelium,13.477,10.225,14.735,9.354
AAD021_009177,0.46101703232984687,Exuding mycelium,22.203,4.306,15.21,16.384
AAD021_009179,0.15411741800102485,Fuzzy mycelium,37.152,44.131,46.352,36.342
AAD021_009181,0.34506545889548107,Nodule,37.739,30.792,39.243,54.852
AAD021_009185,0.699241590198923,Fuzzy mycelium,36.406,8.31,72.765,20.938
AAD021_009188,0.9174747690732655,Nodule,3.117,5.861,2.547,46.552
AAD021_009193,0.6962241805693937,Nodule,6.13,0.598,10.323,18.71
AAD021_009211,0.19912841604635736,Exuding mycelium,11.738,6.697,10.35,11.155
AAD021_009212,0.5604592083750505,Nodule,3.753,16.382,4.592,18.752
AAD021_009213,0.3230405285716436,Nodule,118.74,66.914,96.116,138.743
AAD021_009215,0.5353297387956775,Exudophore,10.095,30.491,11.9,20.509
AAD021_009217,0.30346690339651894,Nodule,12.212,11.6,14.796,18.476
AAD021_009221,0.10784471339267325,Nodule,14.011,14.589,14.229,16.002
AAD021_009245,0.7574701028147315,Nodule,8.034,8.252,3.613,27.349
AAD021_009251,0.21022261796668149,Fuzzy mycelium,19.665,23.56,28.48,24.254
AAD021_009252,0.6366122056261981,Nodule,12.471,1.555,8.316,20.494
AAD021_009256,0.5284605982363183,Exudophore,18.394,36.172,25.87,6.905
AAD021_009274,0.1261055647728,Fuzzy mycelium,21.831,22.063,22.542,15.203
AAD021_009283,0.2859887423406101,Exuding mycelium,31.769,11.96,29.445,26.646
AAD021_009284,0.42887387541025906,Exuding mycelium,15.273,8.432,11.07,6.667
AAD021_009285,0.7333522438323413,Exudophore,37.58,157.604,40.955,47.539
AAD021_009286,0.2967184731516513,Exuding mycelium,15.803,15.668,12.232,5.442
AAD021_009288,0.10088627334864142,Nodule,28.335,28.76,27.748,31.454
AAD021_009293,0.9401599271416852,Nodule,4.121,1.555,4.063,54.252
AAD021_009298,0.303348309031589,Exuding mycelium,13.953,4.903,10.499,13.758
AAD021_009302,0.39137772178673497,Exuding mycelium,43.985,24.994,42.991,12.327
AAD021_009303,0.5156481778977129,Nodule,21.509,5.083,14.185,28.063
AAD021_009304,0.6189113578353187,Exuding mycelium,49.733,9.686,24.694,22.479
AAD021_009305,0.9347346346834998,Fuzzy mycelium,7.082,27.021,174.518,0.067
AAD021_009306,0.2620374426550597,Exudophore,9.935,12.737,10.832,7.432
AAD021_009325,0.2765039819531997,Exudophore,22.043,26.073,25.639,8.908
AAD021_009333,0.8737986346118606,Nodule,7.715,1.375,3.871,34.236
AAD021_009351,0.5651246023185051,Exuding mycelium,16.01,0.598,5.517,14.772
AAD021_009355,0.4770289949243655,Nodule,27.964,55.974,37.4,77.339
AAD021_009378,0.5074183909773706,Fuzzy mycelium,13.004,5.919,17.868,7.481
AAD021_009390,0.8920554954999966,Nodule,8.879,1.973,4.557,47.583
AAD021_009392,0.19455605910203988,Exudophore,19.024,22.36,16.551,18.455
AAD021_009402,0.7713788230145345,Fuzzy mycelium,5.707,2.391,16.333,3.104
AAD021_009406,0.796294271231785,Exuding mycelium,31.627,0.778,15.621,2.929
AAD021_009412,0.539991786856997,Nodule,33.501,5.501,22.704,44.714
AAD021_009413,0.2832234919125859,Exudophore,13.585,15.007,11.767,6.918
AAD021_009417,0.40904456947397855,Exuding mycelium,14.587,4.724,9.909,11.229
AAD021_009418,0.6842338051226394,Fuzzy mycelium,27.96,3.528,38.285,4.779
AAD021_009422,0.40968786410620156,Fuzzy mycelium,8.356,6.517,14.881,11.479
AAD021_009448,0.7273250641197765,Fuzzy mycelium,15.011,4.724,25.518,1.14
AAD021_009451,0.5013445685409216,Exudophore,17.072,28.162,18.672,6.386
AAD021_009457,0.5157862664707525,Exudophore,14.801,28.76,16.283,10.694
AAD021_009461,0.1899207240302397,Exuding mycelium,33.616,17.641,32.134,31.921
AAD021_004840,0.3972229175411826,Exuding mycelium,53.008,18.059,47.122,30.676
AAD021_004871,0.8966470345460209,Nodule,9.724,0.778,1.858,39.862
AAD021_004877,0.8375592972578731,Exudophore,10.62,45.619,7.5,4.111
AAD021_004878,0.3523374554502321,Nodule,58.412,58.837,36.456,79.108
AAD021_004879,0.29820269734001,Exudophore,51.643,76.352,40.379,68.729
AAD021_004921,0.6918137468743862,Nodule,21.189,1.973,12.735,38.826
AAD021_004924,0.33359102992976924,Fuzzy mycelium,33.253,59.251,83.654,74.738
AAD021_004937,0.36747252841627615,Exuding mycelium,14.059,3.708,10.102,12.867
AAD021_004953,0.06455213772643338,Fuzzy mycelium,13.373,12.674,14.127,13.597
AAD021_004957,0.7330653492340516,Exudophore,52.75,157.392,22.447,50.844
AAD021_004969,0.4504525811115003,Exudophore,65.964,133.279,87.57,66.196
AAD021_004972,0.5090643549407421,Nodule,7.084,3.528,12.736,15.853
AAD021_004986,0.5696647553534455,Exuding mycelium,10.623,0.0,3.485,10.23
AAD021_005018,0.24256716853984298,Fuzzy mycelium,43.342,24.935,47.258,39.107
AAD021_005020,0.5778841549830656,Nodule,25.9,30.616,41.96,77.764
AAD021_005024,0.2574830010123308,Fuzzy mycelium,14.905,22.243,25.293,19.194
AAD021_005045,0.18435732833487306,Fuzzy mycelium,13.634,11.6,15.073,11.649
AAD021_005047,0.7599578077807285,Nodule,7.663,4.903,4.53,23.742
AAD021_005057,0.08155029725259295,Fuzzy mycelium,11.258,13.515,13.788,13.218
AAD021_005060,0.3081502092997875,Nodule,23.15,52.505,34.1,52.879
AAD021_005064,0.4388440249820001,Nodule,11.521,7.295,4.459,13.825
AAD021_005078,0.32726288927539515,Exuding mycelium,38.269,24.216,22.047,30.972
AAD021_005079,0.5253094019205792,Exudophore,50.481,103.441,48.671,48.154
AAD021_005085,0.3643261360529504,Nodule,21.512,15.007,21.648,30.501
AAD021_005088,0.265062401885445,Exudophore,92.118,120.25,53.17,119.84
AAD021_005104,0.7232702512568703,Nodule,9.144,4.364,5.664,23.093
AAD021_005108,0.25473145684559095,Exudophore,6.978,14.648,11.234,14.537
AAD021_005114,0.7359121517583486,Nodule,2.22,24.158,0.084,33.401
AAD021_005127,0.7896007120775311,Exudophore,3.277,42.761,4.352,19.362
AAD021_005131,0.48253457226273005,Nodule,23.472,3.169,14.077,26.229
AAD021_005134,0.3365382174897424,Exudophore,255.584,468.46,288.225,388.608
AAD021_005139,0.5671296054682599,Nodule,10.253,30.738,9.934,39.215
AAD021_005155,0.4379768541806868,Fuzzy mycelium,24.534,13.51,39.489,28.537
AAD021_005157,0.35085472705018406,Fuzzy mycelium,8.668,13.991,16.035,8.568
AAD021_005159,0.4864034592956857,Nodule,14.271,12.018,10.075,23.601
AAD021_005160,0.44691128156936527,Nodule,16.754,11.96,27.821,34.072
AAD021_005163,0.33336473185332727,Nodule,63.0,69.417,47.67,90.048
AAD021_005168,0.5424222053967064,Exudophore,42.398,83.22,62.883,8.958
AAD021_005179,0.6656505346487906,Exudophore,9.144,33.664,12.833,11.789
AAD021_005190,0.47441204192083225,Nodule,33.99,23.201,29.527,54.997
AAD021_005194,0.24909550216133725,Exudophore,30.342,40.239,31.593,28.712
AAD021_005195,0.4610991491937087,Nodule,41.756,30.675,38.673,68.723
AAD021_005203,0.28174810943911616,Exudophore,36.155,42.693,30.485,25.353
AAD021_005229,0.6067227883014236,Exuding mycelium,8.031,0.0,2.349,7.127
AAD021_005235,0.9782822042585497,Nodule,36.037,2.571,1.198,610.958
AAD021_005245,0.5266742661809639,Exudophore,8.034,18.657,12.501,5.957
AAD021_005248,0.22577272059465844,Fuzzy mycelium,27.437,33.664,36.124,22.803
AAD021_005251,0.48944502626759223,Fuzzy mycelium,22.15,15.605,32.463,11.967
AAD021_005254,0.5539032562802384,Fuzzy mycelium,14.432,34.378,46.784,13.801
AAD021_005270,0.658813597995564,Nodule,25.739,4.364,19.419,48.382
AAD021_005271,0.5330682990733848,Fuzzy mycelium,57.353,21.169,71.921,22.225
AAD021_005273,0.7262408664580576,Nodule,5.867,6.279,4.601,20.391
AAD021_005274,0.44040728589684425,Nodule,21.508,23.439,27.984,43.443
AAD021_005278,0.3151697897603762,Nodule,20.138,15.488,23.62,28.837
AAD021_005281,0.37657063159898446,Exuding mycelium,15.223,5.142,12.309,11.021
AAD021_005289,0.42149583525602985,Fuzzy mycelium,17.493,12.558,24.041,11.673
AAD021_005292,0.6051789629425472,Nodule,25.793,9.987,17.464,44.952
AAD021_005308,0.26097626607982555,Exudophore,19.872,26.908,24.226,15.56
AAD021_005318,0.6013263844248818,Fuzzy mycelium,35.146,5.681,36.541,2.877
AAD021_005334,0.34785775358539955,Exudophore,12.1,20.985,13.721,15.235
AAD021_005336,0.23184891671374971,Exudophore,19.135,27.264,18.422,25.271
AAD021_005344,0.36475618596932446,Exuding mycelium,23.045,2.153,19.152,22.613
AAD021_005348,0.5932457423234859,Exudophore,8.779,15.605,6.953,3.31
AAD021_005356,0.1969561043128321,Fuzzy mycelium,7.662,9.268,9.889,6.895
AAD021_005368,0.5441347883958315,Nodule,11.207,14.89,15.46,30.387
AAD021_005449,0.311968699272789,Exuding mycelium,97.681,53.817,73.519,74.286
AAD021_005461,0.8637498359082437,Fuzzy mycelium,6.446,2.391,23.04,0.581
AAD021_005469,0.3673059058825155,Nodule,18.019,12.436,22.094,27.685
AAD021_005548,0.3413758418366302,Nodule,14.694,11.659,15.341,21.101
AAD021_005647,0.555578127892479,Nodule,24.31,9.326,31.259,48.674
AAD021_005650,0.794640162144738,Exudophore,0.528,22.544,7.411,5.95
AAD021_006679,0.2601735335316621,Fuzzy mycelium,42.021,26.311,45.509,32.674
AAD021_006721,0.42641825095572444,Exudophore,4.864,12.917,9.08,8.283
AAD021_006722,0.34085016617233843,Exudophore,64.11,95.845,47.529,77.889
AAD021_006726,0.3614525764279571,Exudophore,6.502,14.827,9.84,12.062
AAD021_006742,0.335448751707034,Exudophore,9.143,16.324,14.954,8.448
AAD021_006763,0.24465600207373184,Fuzzy mycelium,8.667,12.495,14.332,11.315
AAD021_006780,0.10799311349911782,Exudophore,10.834,12.077,11.31,10.174
AAD021_006798,0.24308140567523662,Nodule,19.296,10.643,14.142,19.412
AAD021_006800,0.8624139906579579,Nodule,4.175,2.153,1.875,19.872
AAD021_006803,0.5407139797477487,Nodule,13.106,25.048,3.456,30.199
AAD021_006804,0.4581198059798605,Exudophore,60.04,114.088,96.37,29.056
AAD021_006805,0.5637157560767947,Exudophore,24.049,49.206,17.413,22.941
AAD021_006820,0.6990701142137977,Nodule,2.643,0.0,9.343,13.277
AAD021_006821,0.39193809636658017,Fuzzy mycelium,25.267,7.713,25.633,13.78
AAD021_006838,0.34024618494235376,Exudophore,22.886,27.924,17.123,15.26
AAD021_006840,0.9752123716635016,Nodule,7.823,0.0,0.0,105.2
AAD021_006872,0.2971266970413151,Exuding mycelium,138.333,107.149,73.021,111.523
AAD021_006892,0.2002669500463776,Exudophore,17.336,18.598,14.446,12.838
AAD021_006893,0.2518276767191099,Nodule,11.785,12.796,12.742,16.628
AAD021_006900,0.17462637028548475,Fuzzy mycelium,10.571,14.769,15.711,13.561
AAD021_006923,0.47823907300509677,Exuding mycelium,148.921,24.697,94.24,114.166
AAD021_006936,0.6413190640352879,Exuding mycelium,24.055,8.072,13.443,4.369
AAD021_006938,0.2900033543262735,Exudophore,15.172,17.34,14.4,7.362
AAD021_006956,0.5079195128514206,Exuding mycelium,21.249,5.861,7.781,17.726
AAD021_006960,0.6871928262388681,Fuzzy mycelium,13.642,14.468,32.363,2.261
AAD021_006966,0.36018637378361823,Exudophore,8.672,10.643,7.349,4.407
AAD021_006977,0.27008346569361924,Nodule,16.968,9.088,11.808,17.291
AAD021_006988,0.6986341642851079,Exudophore,17.545,59.076,19.289,16.577
AAD021_007014,0.4779864677129588,Exuding mycelium,16.65,4.544,13.875,7.655
AAD021_007034,0.3326169150827945,Exuding mycelium,16.807,4.724,15.299,13.628
AAD021_007067,0.9714775133422959,Nodule,8.614,0.0,0.169,102.636
AAD021_007081,0.2682062151817725,Exudophore,43.978,45.92,45.336,11.498
AAD021_007089,0.6367600476030472,Fuzzy mycelium,43.549,43.349,87.396,8.338
AAD021_007093,0.5905419219327873,Fuzzy mycelium,12.577,12.198,25.942,7.091
AAD021_007099,0.38541679001083456,Exudophore,27.696,38.689,26.486,17.15
AAD021_007104,0.36325427213139827,Fuzzy mycelium,9.992,11.6,15.92,8.819
AAD021_007111,0.8795848746729235,Fuzzy mycelium,2.906,11.241,44.382,1.886
AAD021_007112,0.8613051688028596,Fuzzy mycelium,9.405,48.361,139.153,0.134
AAD021_007115,0.43882061827340896,Fuzzy mycelium,17.552,9.447,34.131,30.462
AAD021_007117,0.7850317331705988,Nodule,6.131,12.854,3.983,35.615
AAD021_007130,0.25570512534622863,Exudophore,11.947,15.726,13.767,9.4
AAD021_007132,0.5750562660986754,Nodule,15.964,15.245,16.933,37.763
AAD021_007138,0.32784177541945053,Fuzzy mycelium,15.538,12.558,21.111,14.474
AAD021_007143,0.8335588360138009,Exudophore,2.326,108.259,50.984,0.746
AAD021_007151,0.41603762339156836,Fuzzy mycelium,19.562,12.976,24.652,10.65
AAD021_007166,0.3903885022968961,Exudophore,9.988,17.937,8.348,14.468
AAD021_007172,0.5185375576326176,Exudophore,11.153,19.434,9.785,7.133
AAD021_007176,0.33584316544855336,Exudophore,38.326,77.323,39.944,75.794
AAD021_007178,0.3877180316127677,Exudophore,56.767,89.449,51.926,55.612
AAD021_007182,0.5610905650498392,Exuding mycelium,22.899,1.793,18.01,10.347
AAD021_007183,0.15526829014101665,Fuzzy mycelium,13.584,12.077,14.638,11.436
AAD021_007193,0.3455806711008302,Nodule,87.208,60.99,43.001,97.389
AAD021_007198,0.3213333402991529,Exuding mycelium,11.255,5.142,10.758,7.016
AAD021_007204,0.3218618710792711,Fuzzy mycelium,15.642,17.699,25.349,18.23
AAD021_007207,0.48687810199714293,Nodule,12.633,2.571,8.154,15.174
AAD021_007208,0.45685699324531504,Fuzzy mycelium,14.538,14.531,23.576,9.346
AAD021_007212,0.3296184538696147,Exudophore,16.174,22.302,18.67,10.008
AAD021_007215,0.41026532444939806,Nodule,20.664,15.488,18.896,31.115
AAD021_007232,0.8081168346473916,Nodule,17.921,11.722,23.337,92.035
AAD021_007233,0.6359590197634137,Exudophore,5.813,17.52,9.152,4.168
AAD021_007240,0.5717448509781667,Fuzzy mycelium,9.988,2.93,14.222,5.353
AAD021_007243,0.43897305314671664,Fuzzy mycelium,11.681,9.029,15.29,5.024
AAD021_007244,0.38622333176177975,Fuzzy mycelium,23.208,15.726,30.745,17.677
AAD021_007245,0.44210286054344944,Nodule,11.683,12.14,11.491,21.099
AAD021_007256,0.6974440230680461,Fuzzy mycelium,8.614,2.93,24.81,10.974
AAD021_007257,0.6947576342615323,Exudophore,47.148,159.9,57.971,41.306
AAD021_007262,0.1865024395217539,Fuzzy mycelium,15.329,13.632,17.832,14.559
AAD021_007270,0.4723339925402317,Exudophore,9.405,18.054,3.834,15.341
AAD021_007283,0.22708481617305454,Fuzzy mycelium,13.479,8.85,16.429,15.767
AAD021_007296,0.5578846632950664,Exudophore,24.525,91.184,6.567,89.849
AAD021_007305,0.44469701629798947,Exuding mycelium,12.791,3.946,12.258,5.105
AAD021_007308,0.12224498521233969,Exuding mycelium,18.763,14.589,17.342,17.477
AAD021_007323,0.32610797099516786,Exuding mycelium,38.487,19.672,35.103,23.034
AAD021_007328,0.32354645369344637,Exudophore,81.5,118.695,88.456,70.919
AAD021_007332,0.436306351283586,Fuzzy mycelium,10.358,6.279,11.548,2.891
AAD021_007334,0.14044730128954844,Exuding mycelium,12.103,10.881,9.35,10.978
AAD021_007352,0.6197802312534348,Nodule,13.426,12.198,7.343,28.901
AAD021_007354,0.4124570513353712,Nodule,27.756,19.254,23.968,40.269
AAD021_007361,0.5920984078024,Exudophore,68.503,141.828,43.956,61.096
AAD021_007368,0.43688261150177593,Fuzzy mycelium,5.706,16.382,19.525,10.895
AAD021_007376,0.5680995538366703,Exudophore,347.023,714.282,236.102,342.37
AAD021_007388,0.36110505620068795,Exudophore,79.815,124.246,60.159,98.166
AAD021_007390,0.3976258328908628,Exuding mycelium,48.845,20.391,44.544,23.333
AAD021_007391,0.755476818637542,Exuding mycelium,19.198,1.375,1.852,10.855
AAD021_007399,0.6121153541251186,Nodule,10.677,13.874,10.882,30.45
AAD021_007401,0.6323807736104822,Fuzzy mycelium,16.021,11.358,38.206,14.758
AAD021_007406,0.174418685249185,Exuding mycelium,32.197,25.111,29.913,24.72
AAD021_007408,0.4572175664684039,Exudophore,72.732,138.008,76.463,75.53
AAD021_007409,0.3903115716329124,Exudophore,22.675,30.855,10.935,22.825
AAD021_007415,0.5112816300048637,Exudophore,20.034,55.669,29.846,31.739
AAD021_007418,0.5169937005386237,Exuding mycelium,22.887,20.868,6.332,5.964
AAD021_007420,0.7259403047797353,Nodule,5.39,6.099,4.321,19.23
AAD021_007425,0.5831746338281513,Fuzzy mycelium,10.833,3.766,14.496,3.527
AAD021_007429,0.5209473778437602,Fuzzy mycelium,12.898,8.252,22.997,11.901
AAD021_007446,0.22222479348245286,Exuding mycelium,13.582,10.585,11.508,9.599
AAD021_007481,0.9083592973991887,Nodule,22.469,0.0,13.77,131.817
AAD021_007523,0.945092475947323,Exudophore,0.528,33.421,3.448,1.529
AAD021_007536,0.3075940570085109,Exuding mycelium,26.163,25.29,22.535,6.521
AAD021_007555,0.5041980506068648,Fuzzy mycelium,46.572,10.881,53.649,22.345
AAD021_007556,0.5043867518179531,Exuding mycelium,17.283,6.337,13.465,5.895
AAD021_005769,0.5777788015831035,Fuzzy mycelium,162.126,111.036,255.324,50.247
AAD021_005820,0.5009011790732206,Nodule,7.661,12.077,9.335,19.417
AAD021_005821,0.9297034585845833,Fuzzy mycelium,3.914,1.375,25.081,0.0
AAD021_005827,0.4465139955101323,Nodule,24.054,14.71,14.372,32.001
AAD021_005830,0.94281830366092,Exudophore,5.92,48.86,0.0,2.462
AAD021_005834,0.8008281890322237,Nodule,29.536,9.389,1.477,67.617
AAD021_005862,0.8780613028132017,Nodule,6.605,2.153,0.833,26.217
AAD021_005869,0.12404224384188485,Exudophore,36.9,37.556,33.877,27.915
AAD021_005875,0.18870039512397582,Exuding mycelium,82.491,43.228,80.058,77.489
AAD021_005877,0.33157042998451935,Nodule,25.162,29.776,23.272,39.002
AAD021_005883,0.5623931360541518,Fuzzy mycelium,10.043,4.126,13.438,3.473
AAD021_005928,0.4236718816972142,Exuding mycelium,14.535,4.126,13.558,7.447
AAD021_005930,0.4024546362274524,Exuding mycelium,55.512,20.329,36.683,42.502
AAD021_005937,0.129739819029421,Exudophore,58.407,60.756,54.739,45.476
AAD021_005949,0.15036535092899725,Fuzzy mycelium,20.983,17.699,24.129,22.82
AAD021_005966,0.5576896769947332,Exuding mycelium,20.14,8.369,17.453,0.902
AAD021_005967,0.8397681331411073,Exudophore,5.02,48.913,15.658,2.834
AAD021_006002,0.2691515255883024,Exuding mycelium,26.526,22.778,26.196,9.185
AAD021_006009,0.4391809168652861,Exudophore,8.297,16.086,13.286,5.48
AAD021_006011,0.6142266895784085,Exudophore,12.371,28.756,17.018,3.891
AAD021_006023,0.5207170336183532,Exudophore,8.088,20.63,2.747,18.828
AAD021_006028,0.10981329613249251,Nodule,28.705,33.484,31.436,35.058
AAD021_006032,0.38191732699958464,Exudophore,97.2,154.264,63.534,125.31
AAD021_006053,0.32885224767966387,Nodule,15.863,14.351,21.585,25.727
AAD021_006055,0.24147376961140155,Fuzzy mycelium,21.671,20.63,27.001,19.142
AAD021_006074,0.23958114682172385,Exudophore,23.415,23.556,11.059,19.263
AAD021_006081,0.8301658754476599,Exudophore,9.253,50.837,9.135,7.513
AAD021_006091,0.8950770459804417,Nodule,25.259,3.708,5.547,109.649
AAD021_006101,0.4834299989097894,Exuding mycelium,19.559,8.252,13.364,8.694
AAD021_006111,0.4689839440279903,Exudophore,14.641,25.232,12.385,13.17
AAD021_006163,0.5959829249269654,Exudophore,13.587,55.305,40.089,13.355
AAD021_006164,0.37819375816433487,Exuding mycelium,32.191,13.452,20.632,25.965
AAD021_006168,0.31161025867334113,Fuzzy mycelium,31.764,17.461,31.81,16.469
AAD021_006169,0.22960888812283797,Fuzzy mycelium,38.048,60.694,65.192,51.929
AAD021_006177,0.3461277916912011,Nodule,20.878,16.985,15.704,27.307
AAD021_006204,0.37538065808419613,Exudophore,9.832,13.335,9.499,5.657
AAD021_006205,0.374108652345367,Exudophore,35.628,67.804,50.325,41.361
AAD021_006209,0.3976804982380629,Exudophore,11.576,30.023,27.029,15.645
AAD021_006215,0.4729907438291428,Fuzzy mycelium,14.905,16.144,24.342,7.436
AAD021_006255,0.2301850203898985,Exudophore,19.715,26.607,15.933,25.8
AAD021_006262,0.10868703633987042,Exuding mycelium,208.549,203.717,153.156,200.773
AAD021_006263,0.20232084561552408,Nodule,105.071,100.753,56.446,109.597
AAD021_006265,0.36364631876837467,Fuzzy mycelium,15.064,8.31,18.622,12.176
AAD021_006281,0.8739416554607637,Nodule,30.492,3.946,9.105,115.142
AAD021_006291,0.5134500052827363,Exudophore,29.183,57.52,34.58,20.197
AAD021_006296,0.34118133337153195,Exuding mycelium,24.476,7.713,24.159,16.503
AAD021_006305,0.3970912057914151,Nodule,24.841,14.108,30.034,38.14
AAD021_006315,0.5899945904883093,Fuzzy mycelium,4.811,1.793,10.524,6.34
AAD021_006343,0.12402619044778466,Exuding mycelium,20.88,18.297,18.861,17.712
AAD021_006352,0.3716369858660111,Nodule,34.414,52.383,44.668,69.74
AAD021_006355,0.5311851088973178,Exudophore,9.566,25.771,15.485,11.194
AAD021_006356,0.1835261779617827,Exudophore,14.32,14.769,13.668,8.187
AAD021_006362,0.38154824258746567,Exudophore,74.264,116.367,53.021,88.617
AAD021_006363,0.2578624764808353,Exuding mycelium,18.504,15.605,13.206,12.387
AAD021_006372,0.30307683396462687,Nodule,40.967,23.497,31.701,45.995
AAD021_006390,0.5550811360254765,Exudophore,26.32,58.653,20.183,31.785
AAD021_006393,0.4030725348848619,Nodule,51.065,38.446,56.827,81.717
AAD021_006394,0.3217189480215464,Exudophore,16.279,24.279,16.49,16.636
AAD021_006399,0.35570780402731755,Exuding mycelium,20.928,16.742,14.733,8.977
AAD021_006401,0.5452235321453786,Exuding mycelium,57.625,30.792,43.949,3.879
AAD021_006402,0.2378668090158389,Exuding mycelium,20.718,12.018,17.222,18.13
AAD021_006404,0.49229930751231404,Exudophore,33.411,53.691,18.847,29.519
AAD021_006411,0.3254689773912911,Fuzzy mycelium,14.217,8.252,15.146,8.18
AAD021_006416,0.45042313355373403,Fuzzy mycelium,10.73,15.007,20.845,8.631
AAD021_006423,0.5204880312232493,Exuding mycelium,19.136,8.072,9.113,10.343
AAD021_006432,0.49002672021013155,Exudophore,13.793,24.697,8.779,15.212
AAD021_006436,0.5544688758898516,Exudophore,21.624,28.994,8.064,9.064
AAD021_006437,0.415135036620298,Exudophore,26.426,32.643,23.419,7.431
AAD021_006442,0.530903912206892,Exudophore,7.297,21.884,9.142,14.358
AAD021_006448,0.6160076688852688,Fuzzy mycelium,23.631,20.27,41.985,4.465
AAD021_006453,0.2995427165875602,Exuding mycelium,15.22,6.041,12.992,12.95
AAD021_006454,0.3523785219891406,Nodule,49.164,53.224,52.733,79.841
AAD021_006456,0.2860591054952976,Exudophore,25.158,32.05,15.032,28.456
AAD021_006457,0.6961897612342328,Exuding mycelium,24.052,0.598,17.351,3.973
AAD021_006466,0.599297063570405,Exuding mycelium,13.316,0.778,4.907,10.323
AAD021_006471,0.23537577609276727,Fuzzy mycelium,8.774,11.6,13.756,11.18
AAD021_006475,0.2946300549352682,Exuding mycelium,23.889,14.292,23.028,13.231
AAD021_006476,0.5573019304481134,Fuzzy mycelium,10.149,10.585,20.956,7.098
AAD021_006478,0.16886105060777176,Fuzzy mycelium,15.805,9.627,16.431,15.537
AAD021_006490,0.27643704368320127,Exudophore,34.196,50.527,28.05,47.432
AAD021_006494,0.6601016876609037,Exudophore,10.627,25.951,7.701,8.134
AAD021_006500,0.45749754212595223,Fuzzy mycelium,9.617,9.209,18.48,11.25
AAD021_006512,0.31091418235502444,Fuzzy mycelium,23.787,30.675,32.358,12.431
AAD021_006513,0.2845491071908455,Fuzzy mycelium,8.51,9.506,14.709,13.554
AAD021_006522,0.8947183241287773,Nodule,1.797,2.989,2.06,21.674
AAD021_006542,0.4571448587327743,Exuding mycelium,60.572,24.037,48.497,26.111
AAD021_006551,0.42655652323627774,Exudophore,85.569,132.493,56.801,85.561
AAD021_006556,0.6205722632384331,Exuding mycelium,39.951,4.485,15.906,25.083
AAD021_006560,0.28945562548412657,Nodule,25.263,9.924,25.418,28.431
AAD021_006561,0.5714890676748229,Fuzzy mycelium,8.191,4.724,14.403,5.601
AAD021_006564,0.8485605676099416,Fuzzy mycelium,10.677,0.0,24.189,0.313
AAD021_006565,0.8667498084564883,Fuzzy mycelium,18.192,3.169,53.882,0.179
AAD021_006567,0.5458283782446441,Fuzzy mycelium,7.297,8.31,14.666,4.376
AAD021_006568,0.5643603874184699,Nodule,10.621,3.348,12.001,19.872
AAD021_006595,0.6873194432380884,Nodule,40.318,26.311,18.204,90.436
AAD021_006660,0.8519237444330597,Exudophore,4.757,36.837,6.79,4.817
AAD021_003455,0.31026769394964687,Fuzzy mycelium,10.253,16.742,16.98,8.14
AAD021_003458,0.3388133866482959,Exuding mycelium,17.021,7.115,16.898,9.748
AAD021_003488,0.05123514315913528,Exudophore,12.422,14.531,14.446,14.491
AAD021_003519,0.2987658894320694,Nodule,13.054,16.684,16.392,21.928
AAD021_003521,0.3228250342816429,Exudophore,22.888,31.929,18.662,23.313
AAD021_003522,0.37218255217746865,Exuding mycelium,29.917,12.198,21.698,22.451
AAD021_003528,0.4753962540961926,Nodule,12.421,13.335,15.165,26.001
AAD021_003530,0.4949862170090686,Nodule,74.086,29.358,69.39,114.079
AAD021_003541,0.31623528780274496,Exudophore,25.266,30.019,18.269,18.042
AAD021_003567,0.800516859673405,Nodule,10.092,0.0,1.639,19.602
AAD021_003568,0.12339296450636195,Exuding mycelium,95.396,85.746,95.046,70.083
AAD021_003571,0.32487240954305846,Nodule,10.786,3.169,12.32,12.973
AAD021_003573,0.2219027423837079,Exudophore,20.61,34.14,31.775,27.307
AAD021_003575,0.6077310503756334,Exudophore,55.663,183.29,103.295,56.738
AAD021_003582,0.9366981697746738,Nodule,7.979,6.099,3.621,93.201
AAD021_003594,0.23682289375700713,Nodule,80.708,69.067,46.155,85.577
AAD021_003596,0.42529763239535373,Fuzzy mycelium,9.988,3.946,13.393,9.157
AAD021_003600,0.6249536917028187,Exudophore,46.459,133.266,59.605,43.879
AAD021_003603,0.8386065050486614,Fuzzy mycelium,5.286,13.272,44.384,2.932
AAD021_003605,0.21495889379547664,Exudophore,14.956,15.964,13.82,8.822
AAD021_003616,0.37261392658527864,Exudophore,24.892,32.765,18.183,18.594
AAD021_003620,0.37508486308708266,Exudophore,13.429,18.355,12.717,8.266
AAD021_003621,0.6523582931485343,Fuzzy mycelium,8.773,0.598,15.169,6.449
AAD021_003627,0.5488126666139275,Nodule,93.073,50.469,58.884,149.55
AAD021_003638,0.5075516069324365,Nodule,14.43,6.697,17.663,26.256
AAD021_003642,0.2749797418524343,Exudophore,69.667,87.777,48.599,72.655
AAD021_003644,0.6481259227176321,Exudophore,19.452,69.489,32.496,21.406
AAD021_003650,0.9398478707120766,Fuzzy mycelium,6.822,12.553,114.895,1.358
AAD021_003655,0.8912013239142825,Fuzzy mycelium,21.892,67.548,286.506,4.075
AAD021_003663,0.705830359304739,Exudophore,9.095,23.915,11.854,0.156
AAD021_003665,0.27732689955034945,Nodule,15.857,16.863,22.135,25.302
AAD021_003666,0.33604295886726515,Fuzzy mycelium,12.316,11.897,16.258,8.171
AAD021_003671,0.6451601270436877,Exudophore,35.416,114.448,36.876,49.54
AAD021_003672,0.6148460307226392,Exudophore,14.534,41.313,14.603,18.599
AAD021_003674,0.46935851199928397,Fuzzy mycelium,11.047,6.877,18.211,11.068
AAD021_003678,0.6378576208953836,Exudophore,43.777,153.675,59.584,63.596
AAD021_003685,0.4993338322621525,Exudophore,27.17,49.453,25.437,21.671
AAD021_003687,0.4157207240789725,Nodule,32.189,29.12,22.119,47.596
AAD021_003693,0.3452293729590061,Exudophore,9.939,14.89,7.34,11.969
AAD021_003695,0.6176932794422417,Fuzzy mycelium,14.852,4.184,17.046,0.514
AAD021_003696,0.4971369305083925,Fuzzy mycelium,7.029,6.337,12.098,4.884
AAD021_003700,0.3456561974255834,Exudophore,129.022,190.625,95.546,149.635
AAD021_003706,0.5760310209421052,Exudophore,20.028,39.947,18.362,12.419
AAD021_003709,0.25322158156963354,Fuzzy mycelium,31.605,32.23,40.121,26.051
AAD021_003712,0.7461903629158367,Exudophore,7.188,46.635,15.611,12.711
AAD021_003713,0.2624362721632287,Fuzzy mycelium,12.896,17.461,18.114,9.724
AAD021_003723,0.6113226590276267,Fuzzy mycelium,10.095,7.115,23.248,9.899
AAD021_003724,0.24091402885241853,Fuzzy mycelium,10.731,17.102,18.334,13.919
AAD021_003727,0.29300255512563533,Fuzzy mycelium,10.365,3.169,11.146,10.107
AAD021_003730,0.6875332434155305,Nodule,14.005,6.157,11.095,33.344
AAD021_003731,0.8793855767671541,Nodule,4.863,2.571,3.996,31.589
AAD021_003732,0.1760936889313874,Fuzzy mycelium,15.436,15.425,16.604,10.178
AAD021_003738,0.6754579324198876,Exudophore,8.191,125.571,2.116,111.953
AAD021_003739,0.1903416954121395,Fuzzy mycelium,10.994,15.128,15.436,11.371
AAD021_003747,0.23961537175367376,Fuzzy mycelium,15.855,12.976,22.167,21.736
AAD021_003752,0.3766949142070167,Exudophore,22.729,27.983,11.268,18.328
AAD021_003756,0.29599414263838186,Nodule,31.76,22.603,23.153,36.702
AAD021_003763,0.39821809805855374,Exudophore,19.978,38.81,33.292,16.795
AAD021_003765,0.40107652534680044,Fuzzy mycelium,13.584,7.115,15.608,7.345
AAD021_003766,0.6172313949656987,Fuzzy mycelium,7.294,4.724,11.777,1.505
AAD021_003770,0.40282463389743484,Exudophore,12.206,27.326,21.135,15.615
AAD021_003777,0.29588100777085924,Fuzzy mycelium,33.832,25.533,34.45,13.405
AAD021_003779,0.6097627460801083,Exudophore,7.133,23.142,9.121,10.839
AAD021_003780,0.13388793324904716,Nodule,12.739,15.726,14.865,16.676
AAD021_003783,0.481536963612654,Nodule,10.834,4.485,14.377,19.093
AAD021_003784,0.21569659252538556,Exudophore,17.177,22.54,13.417,22.44
AAD021_003785,0.5456593165848957,Fuzzy mycelium,9.253,5.501,23.12,16.759
AAD021_003791,0.5309301074475847,Nodule,6.34,20.805,7.344,24.509
AAD021_003792,0.42087743543844214,Fuzzy mycelium,10.254,6.337,15.988,11.185
AAD021_003804,0.28752424610365784,Fuzzy mycelium,15.274,13.753,22.647,19.38
AAD021_003809,0.5973057132488405,Exudophore,6.816,19.614,9.47,7.41
AAD021_003814,0.33468539734828767,Nodule,40.594,33.066,44.401,59.15
AAD021_003816,0.3401910031723719,Nodule,30.234,29.78,27.28,44.101
AAD021_003820,0.6838832101465928,Nodule,2.59,11.96,3.349,18.873
AAD021_003830,0.8569457315116685,Nodule,9.194,1.793,2.654,31.786
AAD021_003841,0.38874549927299923,Fuzzy mycelium,10.198,2.751,13.633,12.051
AAD021_003849,0.42895897301210645,Exudophore,22.513,32.05,21.741,10.652
AAD021_003861,0.5399926387947701,Exudophore,29.492,54.765,14.147,31.938
AAD021_003862,0.22848915570614822,Exudophore,16.806,27.502,23.462,23.386
AAD021_003867,0.20592877542200363,Exudophore,14.009,15.785,13.664,9.929
AAD021_003870,0.7432396982087278,Exudophore,7.665,35.569,4.78,14.953
AAD021_003874,0.3173138530271628,Fuzzy mycelium,12.104,7.834,15.103,10.995
AAD021_003890,0.34592499171883145,Exudophore,13.582,20.032,12.19,13.535
AAD021_003899,0.23011848881869548,Exuding mycelium,32.088,27.088,24.481,22.543
AAD021_003902,0.13335222599868288,Nodule,54.338,57.404,45.463,60.465
AAD021_003910,0.28468282096106307,Exudophore,127.305,139.801,60.182,112.519
AAD021_003912,0.5471566444432444,Exuding mycelium,43.515,10.881,33.212,15.024
AAD021_003913,0.4753373311509068,Fuzzy mycelium,33.729,22.841,43.334,11.637
AAD021_003914,0.45504828580195517,Exudophore,11.261,19.852,13.448,7.746
AAD021_003925,0.4034500052161494,Exuding mycelium,33.401,19.493,33.29,6.992
AAD021_003931,0.4088376117793498,Exudophore,18.449,35.457,22.489,21.945
AAD021_003933,0.9247321308993094,Exudophore,17.65,314.295,7.231,46.088
AAD021_003939,0.42241671260042923,Exuding mycelium,25.433,18.657,16.343,9.069
AAD021_003940,0.42797102705944495,Fuzzy mycelium,8.665,12.616,17.688,9.073
AAD021_003941,0.4041382306857925,Fuzzy mycelium,18.185,15.308,23.725,8.917
AAD021_003951,0.3433356659852727,Nodule,16.012,14.171,19.006,24.969
AAD021_003954,0.3901657029874612,Fuzzy mycelium,14.643,8.67,18.31,10.186
AAD021_003960,0.1056373525107358,Exudophore,14.849,15.007,14.133,11.284
AAD021_003965,0.45485103891699286,Nodule,16.176,36.711,9.113,37.91
AAD021_003968,0.5100662750480857,Fuzzy mycelium,12.056,4.724,16.263,7.124
AAD021_003970,0.5415429399125915,Exudophore,16.439,44.85,26.857,18.39
AAD021_003972,0.8072767215094269,Exudophore,4.652,48.797,11.679,11.882
AAD021_003973,0.26343466173792157,Nodule,76.264,22.603,72.964,77.762
AAD021_003976,0.42519258390835507,Fuzzy mycelium,17.862,9.627,23.156,12.442
AAD021_003977,0.2931096604219613,Exudophore,13.477,14.89,6.715,11.385
AAD021_003984,0.6366139589469385,Exudophore,4.863,19.254,12.52,3.608
AAD021_003985,0.885904937681651,Exudophore,3.913,34.5,7.293,0.603
AAD021_003990,0.2663933169594326,Fuzzy mycelium,12.208,11.78,19.57,19.082
AAD021_003991,0.3365765714611512,Exuding mycelium,264.284,129.819,214.497,181.682
AAD021_004005,0.20873320153449415,Fuzzy mycelium,7.662,8.85,9.114,5.123
AAD021_004014,0.32261432147771607,Nodule,34.461,44.19,32.054,54.476
AAD021_004020,0.7378077726493641,Fuzzy mycelium,5.867,1.793,11.5,1.386
AAD021_004021,0.47213237536392993,Exudophore,12.105,19.794,9.911,9.33
AAD021_004022,0.3583591707080305,Fuzzy mycelium,25.95,14.769,31.646,20.197
AAD021_004033,0.16410719299479057,Fuzzy mycelium,37.053,43.053,44.738,32.083
AAD021_004040,0.3410403215185398,Nodule,50.849,67.332,42.576,81.319
AAD021_004044,0.3393823082688203,Exudophore,86.573,119.405,56.063,94.006
AAD021_004045,0.3249701753095745,Nodule,40.857,42.635,35.947,58.979
AAD021_004049,0.433842333223535,Nodule,16.808,14.769,9.38,24.114
AAD021_004052,0.27481486260944316,Fuzzy mycelium,38.849,45.979,48.922,21.605
AAD021_004061,0.23201361215231478,Fuzzy mycelium,29.866,17.461,32.584,27.746
AAD021_004065,0.3912055720073206,Fuzzy mycelium,88.321,66.316,109.991,46.248
AAD021_004078,0.3075878427304583,Exudophore,21.298,25.412,14.393,17.095
AAD021_004085,0.30723051950675695,Nodule,52.531,37.731,38.292,61.855
AAD021_004092,0.3394268873444853,Fuzzy mycelium,41.967,41.916,50.523,16.239
AAD021_004094,0.6095433615389161,Fuzzy mycelium,9.831,3.766,15.827,4.943
AAD021_004095,0.14563515025403898,Exuding mycelium,18.559,15.964,13.488,18.115
AAD021_004097,0.5370688661128544,Exuding mycelium,19.347,7.115,13.331,6.424
AAD021_004129,0.10814635044905259,Nodule,14.694,10.701,14.808,15.026
AAD021_004142,0.43462486626132163,Exudophore,418.059,660.829,340.943,361.846
AAD021_004143,0.3354853360778451,Fuzzy mycelium,6.822,7.771,14.203,13.722
AAD021_004146,0.17256524025843134,Nodule,22.415,11.78,22.274,22.749
AAD021_004147,0.46504419959539467,Nodule,10.731,21.232,5.405,23.284
AAD021_004149,0.42873257311669,Exuding mycelium,20.087,7.236,12.312,14.877
AAD021_004150,0.5663627549920333,Exudophore,19.238,37.435,24.043,5.418
AAD021_004154,0.7544363721256865,Exudophore,79.428,335.626,57.089,110.736
AAD021_004155,0.6753503458411982,Nodule,40.426,9.807,10.207,62.056
AAD021_004157,0.4247999361829731,Exudophore,94.298,146.552,63.462,95.13
AAD021_004159,0.2524674585950149,Exuding mycelium,62.378,40.54,57.793,41.556
AAD021_004163,0.3305777903284853,Exudophore,8.352,14.89,12.518,9.033
AAD021_004164,0.49691511162291807,Exudophore,5.657,11.897,6.825,5.474
AAD021_004166,0.25051187320884294,Nodule,67.276,55.786,51.669,77.711
AAD021_004170,0.2990399302135874,Exudophore,9.25,16.086,10.306,14.27
AAD021_004173,0.11138503971610669,Nodule,12.632,11.362,12.664,13.751
AAD021_004174,0.4460672789828686,Exudophore,14.638,30.976,23.283,13.555
AAD021_004184,0.7446737074811377,Nodule,18.864,100.402,4.99,162.219
AAD021_004185,0.4944102154958963,Exuding mycelium,21.829,12.018,11.864,9.226
AAD021_004192,0.38679573176908444,Nodule,11.523,28.944,20.539,33.163
AAD021_004212,0.5475679479212904,Nodule,23.416,20.153,20.624,47.295
AAD021_004213,0.4037093058658338,Exuding mycelium,29.067,8.49,22.51,20.998
AAD021_004222,0.35154359135024604,Fuzzy mycelium,14.483,6.517,16.321,10.75
AAD021_004227,0.4878846917654589,Fuzzy mycelium,10.25,0.598,16.517,14.528
AAD021_004236,0.4576628440512612,Nodule,7.768,6.877,15.76,18.687
AAD021_004238,0.3541248983172411,Fuzzy mycelium,10.518,8.49,14.484,9.056
AAD021_004239,0.7160920467949586,Exudophore,9.411,23.497,6.562,4.04
AAD021_004240,0.48988152962972914,Exudophore,24.684,62.846,9.905,61.589
AAD021_004247,0.5331430110519001,Nodule,31.229,37.133,29.27,69.709
AAD021_004262,0.5612642415402317,Exudophore,7.03,16.504,7.961,6.731
AAD021_004271,0.7256773587646409,Nodule,18.023,25.776,7.127,61.88
AAD021_004277,0.05648717389403871,Exuding mycelium,16.596,16.382,15.55,15.042
AAD021_004278,0.32242742352715364,Exudophore,16.12,29.596,23.427,20.614
AAD021_004279,0.647009236657502,Exudophore,9.459,26.486,12.289,6.3
AAD021_004281,0.5813770017980565,Fuzzy mycelium,7.452,2.93,12.719,5.591
AAD021_004285,0.2894621953702638,Exuding mycelium,50.116,23.681,39.45,43.696
AAD021_004314,0.3392771393000566,Fuzzy mycelium,12.788,17.52,18.45,6.263
AAD021_004317,0.6641019569615856,Nodule,7.767,19.735,3.236,30.503
AAD021_004334,0.2630296900078461,Exuding mycelium,13.742,11.6,12.327,6.454
AAD021_004344,0.5158465066880401,Exuding mycelium,19.725,1.973,9.229,17.448
AAD021_004351,0.538765896338108,Exudophore,6.341,22.423,14.794,9.892
AAD021_004355,0.3919228063624464,Exudophore,10.57,21.645,13.532,15.384
AAD021_004358,0.7547392930697754,Nodule,9.987,1.375,9.836,28.811
AAD021_004367,0.3990484814104145,Fuzzy mycelium,13.53,10.225,20.148,12.569
AAD021_004371,0.16816824349373202,Exuding mycelium,166.708,163.42,112.768,139.83
AAD021_004377,0.5305634579508028,Fuzzy mycelium,7.135,8.252,14.732,5.36
AAD021_004381,0.8954436752116391,Nodule,56.871,63.435,92.489,678.409
AAD021_004382,0.4736373869456756,Exuding mycelium,24.367,11.061,13.784,13.632
AAD021_004385,0.10158732524905008,Fuzzy mycelium,18.233,19.371,19.398,14.679
AAD021_004387,0.5760383479433667,Fuzzy mycelium,57.604,22.72,71.232,10.276
AAD021_004396,0.2058003361138789,Exuding mycelium,20.135,18.477,14.077,15.42
AAD021_004401,0.4226597980013433,Exuding mycelium,16.493,9.807,10.676,8.083
AAD021_004407,0.2803809968484309,Exudophore,11.628,18.657,15.949,12.7
AAD021_004411,0.32602958321175307,Exuding mycelium,19.665,14.292,14.484,10.985
AAD021_004412,0.346573694367291,Nodule,16.066,19.313,20.664,28.59
AAD021_004415,0.5948368497183373,Exudophore,7.504,26.491,11.557,13.138
AAD021_004422,0.3444386444481495,Exudophore,8.456,20.747,13.928,18.418
AAD021_004423,0.5896703242397919,Fuzzy mycelium,9.144,0.0,10.879,4.248
AAD021_004445,0.2378812274553894,Fuzzy mycelium,88.328,74.865,122.207,116.216
AAD021_004448,0.33048071316757466,Fuzzy mycelium,22.571,19.434,27.744,13.72
AAD021_004452,0.7057122971966038,Fuzzy mycelium,9.197,13.51,26.691,0.858
AAD021_004461,0.6921217845463916,Fuzzy mycelium,10.886,8.67,36.658,14.303
AAD021_004471,0.48609979533196895,Exudophore,21.356,49.147,23.224,31.19
AAD021_004473,0.35597616474127297,Exudophore,15.065,23.38,21.564,8.543
AAD021_004481,0.8013207545563894,Exudophore,4.757,25.052,4.906,5.268
AAD021_004484,0.21501414311595968,Fuzzy mycelium,51.626,65.121,67.594,42.435
AAD021_004488,0.73628682836202,Exudophore,1.004,17.403,0.67,12.094
AAD021_004490,0.6033576939259442,Exudophore,1.269,11.722,1.329,11.35
AAD021_004502,0.6409186666444319,Nodule,17.811,12.558,28.085,54.262
AAD021_004507,0.5591545509506748,Exudophore,4.704,17.398,14.8,3.505
AAD021_004515,0.5064831310088229,Exudophore,14.48,27.682,14.524,11.98
AAD021_004516,0.2777236219691737,Exudophore,21.509,24.153,11.753,19.075
AAD021_004517,0.352161593948719,Fuzzy mycelium,13.059,6.099,14.641,9.298
AAD021_004518,0.032826264814801664,Fuzzy mycelium,22.356,22.243,23.075,22.352
AAD021_004521,0.4816217765638533,Exudophore,10.414,18.836,10.566,8.313
AAD021_004535,0.5769644475678276,Exudophore,22.519,54.896,19.767,27.383
AAD021_004537,0.2292657022894704,Exuding mycelium,18.501,15.785,17.048,9.945
AAD021_004540,0.6142955749657278,Fuzzy mycelium,9.726,9.146,17.719,1.63
AAD021_004547,0.27030532300657956,Nodule,18.707,9.865,14.53,19.69
AAD021_004552,0.563133267401622,Exudophore,7.293,19.313,9.504,8.514
AAD021_004554,0.8492383896955774,Nodule,8.616,5.142,5.89,43.442
AAD021_004575,0.16212873038542755,Fuzzy mycelium,18.236,14.531,19.696,16.743
AAD021_004576,0.4605432357388395,Nodule,12.419,31.933,9.461,33.251
AAD021_004580,0.16912892642199093,Fuzzy mycelium,11.417,11.299,13.645,11.296
AAD021_004585,0.6784571784971893,Exuding mycelium,42.378,3.11,12.772,24.996
AAD021_004600,0.7349709492416342,Nodule,7.661,4.485,3.845,20.113
AAD021_004603,0.35216700047025284,Fuzzy mycelium,52.639,57.938,68.863,23.258
AAD021_004611,0.36879669042587393,Nodule,51.425,48.433,63.716,86.382
AAD021_004617,0.3877106278455682,Nodule,48.944,19.016,31.492,54.142
AAD021_004633,0.45166200679904095,Exuding mycelium,23.78,12.796,13.867,12.457
AAD021_004635,0.23108138713058926,Fuzzy mycelium,8.984,10.045,11.707,7.976
AAD021_004639,0.7070520809901075,Exudophore,12.104,39.817,13.138,9.751
AAD021_004669,0.33701844497784333,Exudophore,13.375,15.308,14.636,2.436
AAD021_004679,0.6876777781118185,Exudophore,13.116,40.486,15.792,9.027
AAD021_004686,0.5185149342886328,Exudophore,10.68,12.854,6.105,1.783
AAD021_004690,0.36586610017987065,Fuzzy mycelium,32.765,11.717,43.332,37.952
AAD021_004709,0.8407929925051388,Nodule,4.439,10.342,3.863,39.036
AAD021_004710,0.6323129856298323,Exudophore,27.919,81.197,55.981,5.666
AAD021_004713,0.5600310806760119,Fuzzy mycelium,16.07,7.654,21.797,5.045
AAD021_004715,0.6821222783947375,Fuzzy mycelium,1.639,0.0,24.38,21.611
AAD021_004717,0.7152240709808569,Exudophore,6.501,19.911,6.402,4.107
AAD021_001792,0.4326288090559647,Exudophore,103.168,171.667,80.232,108.797
AAD021_001794,0.33128456691410685,Fuzzy mycelium,13.689,8.49,19.236,16.412
AAD021_001796,0.46184013331617485,Fuzzy mycelium,11.153,11.241,19.938,9.796
AAD021_001848,0.47007614637727135,Nodule,7.93,17.636,8.905,21.683
AAD021_001907,0.5002943299120706,Fuzzy mycelium,21.623,27.147,40.843,12.458
AAD021_001915,0.9225831244029014,Nodule,88.662,5.083,4.188,421.673
AAD021_001920,0.7336449396419985,Nodule,15.696,4.724,8.988,36.802
AAD021_001992,0.3097823813933968,Exuding mycelium,31.184,21.106,30.071,13.394
AAD021_002011,0.5045343140993608,Exudophore,43.024,83.112,52.492,28.022
AAD021_002012,0.35152637259086444,Nodule,16.119,12.378,13.963,21.825
AAD021_002036,0.5225341477227093,Nodule,12.797,8.908,9.343,21.675
AAD021_002044,0.7068480924897563,Fuzzy mycelium,22.001,4.364,30.844,0.76
AAD021_002051,0.567646207722521,Fuzzy mycelium,10.73,6.877,20.887,9.485
AAD021_002052,0.19387668808802969,Exudophore,26.954,32.347,31.229,20.044
AAD021_002063,0.9409537574112589,Nodule,17.859,0.0,1.16,107.367
AAD021_002073,0.5590931478867639,Exuding mycelium,17.073,4.962,10.006,7.615
AAD021_002077,0.45087162658929353,Fuzzy mycelium,11.365,8.373,18.027,9.959
AAD021_002079,0.18969054684092815,Exudophore,19.031,23.079,14.624,22.449
AAD021_002081,0.5921337451008634,Nodule,13.318,6.517,4.212,19.653
AAD021_002096,0.4533149930872209,Nodule,12.154,10.405,15.756,23.362
AAD021_002105,0.6320254145453413,Nodule,8.615,15.546,11.221,32.052
AAD021_002154,0.37074807523100617,Exuding mycelium,18.079,9.627,11.838,12.664
AAD021_002164,0.6799113169330157,Exuding mycelium,17.291,2.571,8.865,5.168
AAD021_002171,0.2593782972097995,Exuding mycelium,26.323,12.796,23.771,21.919
AAD021_002175,0.4175144817557091,Exuding mycelium,55.175,26.729,41.183,28.505
AAD021_002176,0.25992871859910216,Exuding mycelium,25.056,17.102,23.652,14.875
AAD021_002177,0.46297138933497356,Exudophore,17.92,34.441,15.403,22.165
AAD021_002188,0.3529467436373392,Fuzzy mycelium,14.43,14.351,17.58,5.345
AAD021_002191,0.48146821497859066,Exudophore,22.198,38.626,10.334,27.554
AAD021_002193,0.3100338380468233,Exudophore,22.249,38.208,27.253,29.584
AAD021_002202,0.22722816356429798,Nodule,65.802,61.174,32.012,68.579
AAD021_002214,0.4572997582252873,Exudophore,6.658,18.535,6.209,17.31
AAD021_002222,0.4356072594572722,Nodule,49.723,31.929,7.062,52.395
AAD021_002224,0.0784818033361548,Fuzzy mycelium,220.551,211.133,225.666,192.182
AAD021_002227,0.3577177965809457,Nodule,23.727,36.653,20.804,42.133
AAD021_002240,0.4344456748495317,Exudophore,15.274,27.744,15.096,16.703
AAD021_002246,0.6582445433168013,Fuzzy mycelium,13.378,3.946,20.991,4.198
AAD021_002247,0.5057777592155054,Fuzzy mycelium,13.272,18.711,25.686,6.102
AAD021_002253,0.17293952374820876,Fuzzy mycelium,25.788,21.407,28.505,23.531
AAD021_002255,0.974979430841863,Nodule,4.016,0.0,0.338,57.996
AAD021_002257,0.2020341270924658,Exudophore,27.857,31.749,21.85,26.297
AAD021_002269,0.48381969480806425,Exudophore,16.7,30.019,18.693,11.092
AAD021_002270,0.38481341174853295,Fuzzy mycelium,10.094,10.167,17.375,11.805
AAD021_002297,0.418396766800444,Nodule,30.813,19.794,21.357,41.245
AAD021_002299,0.2332879088724201,Exudophore,69.035,81.44,69.63,48.659
AAD021_002301,0.2504259779755361,Nodule,9.461,7.056,10.365,11.954
AAD021_002312,0.3127298758392641,Fuzzy mycelium,6.345,12.917,13.161,7.873
AAD021_002313,0.520767326763618,Fuzzy mycelium,41.814,29.416,62.862,19.146
AAD021_002317,0.42642479319245424,Nodule,94.088,66.905,43.223,118.68
AAD021_002321,0.3771543961056992,Nodule,6.82,1.973,8.159,9.072
AAD021_002324,0.47698448140222216,Exudophore,16.066,31.511,21.971,11.405
AAD021_002330,0.554990156461081,Exudophore,8.668,21.645,11.167,9.062
AAD021_002331,0.4771163964926351,Exudophore,10.201,20.45,11.76,10.118
AAD021_002334,0.10904918135080018,Exudophore,12.634,16.922,16.414,16.181
AAD021_002338,0.5501285385979687,Nodule,28.386,20.45,16.328,48.283
AAD021_002340,0.476935142866686,Fuzzy mycelium,19.236,12.495,34.228,21.981
AAD021_002352,0.22672011726105037,Exudophore,16.121,16.266,12.233,9.38
AAD021_002362,0.33302139350993015,Exudophore,36.627,52.505,46.99,21.442
AAD021_002370,0.32130015517584065,Exuding mycelium,20.14,17.043,18.605,5.359
AAD021_002374,0.20541098708629132,Fuzzy mycelium,13.85,18.832,19.487,13.769
AAD021_002377,0.5414780610098767,Exuding mycelium,18.242,9.268,5.89,9.935
AAD021_002383,0.29977314110063674,Exuding mycelium,61.781,21.942,52.73,55.11
AAD021_002392,0.45867988641240626,Exudophore,10.519,32.109,15.452,26.173
AAD021_002395,0.1925305326190918,Nodule,11.42,10.585,12.504,14.246
AAD021_002400,0.32260752220777017,Fuzzy mycelium,29.074,14.292,34.017,25.761
AAD021_002401,0.34740577140048984,Nodule,10.73,14.589,13.879,20.022
AAD021_002405,0.17375847648244466,Fuzzy mycelium,38.793,34.086,40.563,27.666
AAD021_002412,0.42744672224977603,Fuzzy mycelium,13.214,9.447,21.408,14.11
AAD021_002422,0.1912409015529699,Fuzzy mycelium,10.517,12.135,15.856,15.819
AAD021_002426,0.7768282417786531,Exudophore,4.387,21.048,5.574,4.131
AAD021_002427,0.5589834889923012,Fuzzy mycelium,11.738,3.169,19.221,10.524
AAD021_002428,0.8796420002517658,Nodule,17.703,3.888,16.117,104.432
AAD021_002429,0.7687346512960093,Fuzzy mycelium,23.834,1.555,60.639,16.682
AAD021_002430,0.6583396039639553,Nodule,6.025,5.321,8.754,19.611
AAD021_002439,0.2534365575956496,Exuding mycelium,31.984,19.672,23.784,28.179
AAD021_002441,0.3045965035316743,Fuzzy mycelium,12.688,13.991,18.707,12.347
AAD021_002443,0.3687935740093009,Exuding mycelium,58.936,38.329,42.032,31.242
AAD021_002450,0.3512102429496356,Exudophore,8.88,14.531,12.551,6.851
AAD021_002451,0.42962695427807446,Fuzzy mycelium,78.486,75.876,119.827,50.676
AAD021_002454,0.2676312206241308,Fuzzy mycelium,12.737,9.627,16.346,13.551
AAD021_002463,0.27635798131572503,Fuzzy mycelium,54.767,87.18,89.744,52.881
AAD021_002469,0.2271066026100309,Exudophore,10.147,13.155,11.717,8.64
AAD021_002471,0.7025819032173836,Nodule,10.094,2.751,8.655,24.096
AAD021_002481,0.357131435673065,Fuzzy mycelium,19.876,14.171,28.085,20.117
AAD021_002494,0.3516546811745019,Exuding mycelium,20.193,6.877,18.669,13.73
AAD021_002496,0.32640631741044096,Nodule,12.896,16.445,12.541,20.726
AAD021_002509,0.9665231746325906,Exudophore,1.48,56.32,1.584,2.591
AAD021_002511,0.06234716662692622,Nodule,29.489,30.495,31.228,32.426
AAD021_002526,0.8888038029834,Nodule,7.61,7.474,3.713,56.348
AAD021_002527,0.3337527848959534,Exuding mycelium,324.34,170.84,286.088,191.343
AAD021_002529,0.5879876225227137,Exudophore,5.549,17.52,6.595,9.511
AAD021_002532,0.41236954929342495,Exudophore,33.72,52.199,23.29,35.011
AAD021_002542,0.3379127492952652,Exudophore,10.515,24.994,22.594,16.535
AAD021_002549,0.20614616972857935,Exudophore,7.08,10.522,9.106,8.871
AAD021_002554,0.31868771662249123,Exudophore,62.106,75.462,57.236,34.899
AAD021_002567,0.2015490101659515,Fuzzy mycelium,27.647,29.718,35.951,28.751
AAD021_002568,0.3727573142940856,Exudophore,90.215,163.482,84.217,133.197
AAD021_002570,0.23259208999377068,Exudophore,24.898,40.181,28.169,39.437
AAD021_002575,0.47274668419687044,Fuzzy mycelium,12.158,9.447,20.99,11.596
AAD021_002578,0.11951145199483666,Fuzzy mycelium,132.634,114.933,143.19,130.664
AAD021_002586,0.5052440213259924,Nodule,11.574,16.8,15.016,29.234
AAD021_002593,0.5373439669917642,Fuzzy mycelium,8.51,12.854,18.975,4.972
AAD021_002595,0.3343759040661374,Exuding mycelium,128.646,78.869,75.545,102.476
AAD021_002598,0.27548056380462177,Nodule,59.196,72.051,33.103,75.613
AAD021_002599,0.3258950890383859,Fuzzy mycelium,7.293,10.522,15.977,14.496
AAD021_002600,0.16327475757932683,Nodule,403.449,399.901,276.382,430.142
AAD021_002601,0.7914269738906138,Nodule,12.895,5.501,4.097,35.949
AAD021_002605,0.4660211030895159,Nodule,23.786,17.879,15.891,35.929
AAD021_002611,0.1463956616128804,Exuding mycelium,23.468,23.021,20.706,16.369
AAD021_002617,0.5362279850454499,Nodule,6.606,6.697,9.863,16.65
AAD021_002621,0.3327881358146715,Nodule,39.063,49.03,21.205,54.604
AAD021_002626,0.4278512550250914,Exuding mycelium,24.1,6.459,23.292,11.615
AAD021_002628,0.13619652965714754,Fuzzy mycelium,22.936,22.603,27.046,24.549
AAD021_002631,0.23551702907521313,Nodule,81.39,95.009,51.334,99.297
AAD021_002640,0.2795177030735392,Exuding mycelium,116.269,110.856,49.27,91.183
AAD021_002642,0.5150537903848557,Fuzzy mycelium,5.816,9.865,11.922,1.663
AAD021_002655,0.44160770561650375,Fuzzy mycelium,20.244,24.396,43.586,28.373
AAD021_002660,0.9523255507902619,Nodule,6.763,2.391,0.585,68.098
AAD021_002662,0.6193732383112188,Fuzzy mycelium,15.75,6.697,28.912,10.567
AAD021_002663,0.3206846788894778,Fuzzy mycelium,14.478,9.686,18.686,13.917
AAD021_002664,0.19537493629965183,Exuding mycelium,21.402,15.308,20.86,15.493
AAD021_002674,0.333545008553463,Exudophore,68.128,99.494,43.915,86.883
AAD021_002676,0.7360048193694957,Fuzzy mycelium,24.265,16.441,80.748,23.245
AAD021_002679,0.5769796804001165,Nodule,12.949,7.353,9.229,23.27
AAD021_002681,0.22867893621153637,Exudophore,21.144,30.315,24.913,24.092
AAD021_002689,0.8594997032493094,Exudophore,1.638,17.52,3.919,1.827
AAD021_002700,0.3814358368964584,Exudophore,14.164,23.138,12.9,15.872
AAD021_002701,0.3368267327766727,Exuding mycelium,17.813,8.31,13.028,14.101
AAD021_002707,0.33297025148034975,Nodule,122.006,170.431,142.96,217.58
AAD021_002711,0.32010217040299666,Fuzzy mycelium,191.481,154.323,231.711,126.815
AAD021_002713,0.316599269256927,Exudophore,9.99,15.964,11.949,10.791
AAD021_002714,0.216662356480711,Exuding mycelium,80.866,69.656,45.459,74.922
AAD021_002719,0.25141845000284946,Fuzzy mycelium,24.788,16.324,26.502,18.405
AAD021_002721,0.3103609425160228,Nodule,85.145,93.75,54.19,112.66
AAD021_002723,0.6613364305896506,Exudophore,19.501,71.04,36.978,15.698
AAD021_002725,0.14180750408503148,Exuding mycelium,11.896,10.405,11.15,9.073
AAD021_002729,0.1651125233453764,Exuding mycelium,74.579,69.417,68.784,48.594
AAD021_002737,0.24922639808360422,Fuzzy mycelium,27.429,29.178,32.853,17.388
AAD021_002741,0.4189272493284803,Exudophore,13.633,22.122,11.07,13.86
AAD021_002742,0.17912581281641807,Fuzzy mycelium,13.32,14.409,14.751,8.597
AAD021_002748,0.29852254642352744,Fuzzy mycelium,59.195,77.134,77.947,27.705
AAD021_002749,0.2982263940261637,Exuding mycelium,14.539,5.501,12.528,12.58
AAD021_002753,0.2951996578402683,Exudophore,24.472,36.414,24.905,27.618
AAD021_002754,0.49981307450212126,Nodule,27.221,11.96,14.445,35.737
AAD021_002755,0.8112891587942702,Nodule,21.875,10.706,4.282,65.113
AAD021_002758,0.359512094279585,Exudophore,29.072,36.715,16.659,24.816
AAD021_002759,0.5239767056794157,Exudophore,5.445,22.778,5.616,21.467
AAD021_002760,0.5217406822012061,Exudophore,13.899,32.288,22.2,10.228
AAD021_002778,0.5521511948801013,Exudophore,14.06,28.046,9.337,14.284
AAD021_002782,0.3846642825835558,Exuding mycelium,22.779,14.949,15.357,11.744
AAD021_002784,0.8464291384881086,Exudophore,5.709,18.297,2.586,0.134
AAD021_002786,0.4307189768227467,Fuzzy mycelium,10.307,17.34,19.357,5.412
AAD021_002790,0.4498662479058444,Exudophore,6.553,19.672,15.367,10.548
AAD021_002791,0.15449007346277344,Nodule,15.015,14.531,18.53,18.953
AAD021_002814,0.5517497374132274,Exudophore,39.429,79.278,32.632,34.549
AAD021_002818,0.31349568047765414,Fuzzy mycelium,74.263,50.226,85.803,52.224
AAD021_002819,0.2782447592906721,Exudophore,51.271,87.777,75.055,63.735
AAD021_002822,0.4285415408303132,Fuzzy mycelium,24.529,7.474,25.072,10.979
AAD021_002825,0.3596830241741917,Fuzzy mycelium,12.9,12.378,19.459,12.102
AAD021_002826,0.2422597004257815,Fuzzy mycelium,13.427,11.241,16.23,12.226
AAD021_002840,0.6185766197198599,Exudophore,17.18,28.639,9.529,6.062
AAD021_002846,0.24943131098656282,Fuzzy mycelium,25.638,15.367,26.655,19.015
AAD021_002851,0.26853088883838727,Fuzzy mycelium,12.052,9.865,13.575,7.873
AAD021_002854,0.5565040206709237,Exudophore,11.632,33.542,23.224,9.772
AAD021_002856,0.27557099646270106,Nodule,24.894,29.421,38.014,42.483
AAD021_002858,0.8082280762632893,Nodule,9.407,0.0,0.664,17.506
AAD021_002862,0.20367250017201208,Nodule,17.658,9.807,17.665,18.891
AAD021_002871,0.6579943237358648,Nodule,12.738,2.93,5.002,20.146
AAD021_002876,0.4056379561355568,Exuding mycelium,14.06,4.903,12.989,7.177
AAD021_002882,0.7166189607341753,Exudophore,12.155,41.021,15.287,7.432
AAD021_002888,0.714879051790806,Exudophore,9.62,67.161,21.816,26.011
AAD021_002893,0.7248795563463273,Nodule,11.787,6.459,7.968,31.76
AAD021_002898,0.525741891429008,Exudophore,5.233,18.535,10.126,11.013
AAD021_002919,0.7739547798165317,Nodule,12.846,0.598,11.034,36.097
AAD021_002920,0.4899534122774665,Exudophore,12.052,17.16,7.289,6.916
AAD021_002927,0.1542799731791454,Exuding mycelium,22.515,18.477,18.516,20.131
AAD021_002931,0.2589932679920036,Exudophore,20.083,30.796,25.458,22.92
AAD021_002938,0.22085669240861258,Nodule,31.02,18.059,30.641,34.106
AAD021_002942,0.12426883439627934,Exuding mycelium,19.24,17.277,14.761,18.508
AAD021_002953,0.38752823105918655,Fuzzy mycelium,18.282,4.724,25.699,24.214
AAD021_002958,0.26146855702816435,Exuding mycelium,20.092,13.277,16.595,14.645
AAD021_002964,0.3004494744131882,Nodule,25.003,23.079,18.721,31.831
AAD021_002968,0.3695362322766164,Exudophore,34.253,53.516,29.681,37.285
AAD021_002979,0.23535713255601354,Exudophore,9.041,18.239,15.733,17.064
AAD021_003007,0.8960953862666434,Exudophore,12.368,102.164,11.123,8.355
AAD021_003010,0.4442887414573427,Fuzzy mycelium,10.676,9.865,17.225,8.175
AAD021_003016,0.497192778008759,Fuzzy mycelium,365.386,262.909,472.088,83.813
AAD021_003021,0.29921118072053515,Exudophore,15.385,21.825,12.979,17.521
AAD021_003026,0.3595597947923784,Nodule,18.761,7.474,13.604,20.735
AAD021_003051,0.41271520436352555,Exudophore,80.341,145.954,67.852,108.956
AAD021_003052,0.26676818410212216,Exuding mycelium,15.279,12.733,10.763,10.113
AAD021_003070,0.06621291050983365,Nodule,52.384,55.61,56.908,58.865
AAD021_003079,0.3478635061104403,Exuding mycelium,39.597,29.718,30.871,16.879
AAD021_003080,0.4061558511450563,Exuding mycelium,36.257,18.657,29.513,16.423
AAD021_003081,0.6127715791320665,Exudophore,13.001,24.872,8.305,7.588
AAD021_003082,0.5209393766751038,Fuzzy mycelium,28.699,13.394,41.128,17.016
AAD021_003083,0.3051528090834863,Fuzzy mycelium,14.593,6.517,14.662,9.453
AAD021_003088,0.7967356500277815,Exudophore,3.541,25.349,7.84,4.077
AAD021_003097,0.2538047838794903,Exuding mycelium,20.243,11.241,13.86,20.214
AAD021_003100,0.5903532221482761,Exudophore,38.473,116.232,34.459,69.91
AAD021_003108,0.37457462770627226,Exudophore,15.857,22.783,18.857,8.033
AAD021_003126,0.38347369024876415,Exudophore,17.442,22.54,13.385,10.862
AAD021_003132,0.3190214028849444,Fuzzy mycelium,58.242,34.801,61.427,32.449
AAD021_003134,0.4397831157747791,Exuding mycelium,14.275,4.903,8.552,10.535
AAD021_003136,0.2498122237840887,Fuzzy mycelium,92.335,108.178,118.8,66.855
AAD021_003143,0.0961080505446343,Exudophore,19.505,22.724,19.827,22.288
AAD021_003156,0.5990569926762811,Fuzzy mycelium,12.26,2.751,18.262,6.956
AAD021_003168,0.26817626831779723,Nodule,38.372,38.271,50.257,57.801
AAD021_003173,0.2094427453445253,Nodule,11.738,8.85,13.487,14.367
AAD021_003176,0.6689897934147965,Fuzzy mycelium,10.996,5.501,33.731,16.999
AAD021_003177,0.4875086145275698,Exudophore,12.423,18.953,13.267,3.45
AAD021_003189,0.43250863441913334,Exuding mycelium,16.174,9.627,11.738,6.171
AAD021_003192,0.4496305081625233,Fuzzy mycelium,31.139,12.256,33.585,12.058
AAD021_003193,0.045720294777943114,Fuzzy mycelium,43.395,42.095,45.217,43.96
AAD021_003201,0.3223335155861555,Exuding mycelium,27.387,23.497,15.336,16.844
AAD021_003231,0.691695521597698,Fuzzy mycelium,12.736,2.571,18.578,1.877
AAD021_003248,0.246977926229397,Exudophore,21.35,25.115,18.387,17.0
AAD021_003250,0.4563171155998483,Nodule,8.456,8.072,9.749,16.11
AAD021_003254,0.5954815335524863,Exudophore,26.753,52.851,21.214,16.17
AAD021_003259,0.5443370583410978,Exudophore,16.283,55.615,42.684,17.058
AAD021_003261,0.3129759365257044,Exudophore,38.966,39.102,20.813,20.813
AAD021_003267,0.36560637466091045,Nodule,67.285,39.403,37.0,75.499
AAD021_003271,0.41450005323795575,Fuzzy mycelium,31.869,15.964,33.516,11.038
AAD021_003274,0.4824013760798144,Exuding mycelium,15.174,4.962,14.868,3.733
AAD021_003276,0.7079507011113924,Nodule,8.14,7.596,7.14,26.109
AAD021_003278,0.46235383205847835,Nodule,21.777,10.585,16.423,30.246
AAD021_003286,0.45890367992578573,Fuzzy mycelium,15.907,18.535,25.892,7.588
AAD021_003287,0.4862538069054177,Nodule,66.177,48.01,35.588,97.178
AAD021_003289,0.26888402446213605,Fuzzy mycelium,17.814,8.49,19.598,16.682
AAD021_003290,0.31904111956350995,Fuzzy mycelium,21.62,5.919,23.836,21.155
AAD021_003293,0.7591965672671724,Nodule,18.337,2.333,12.146,45.425
AAD021_003306,0.6180875538885181,Exuding mycelium,170.009,0.778,102.902,91.106
AAD021_003307,0.7899044684811286,Nodule,38.048,15.546,9.93,100.787
AAD021_003318,0.599370548800557,Exudophore,8.619,27.201,22.44,1.632
AAD021_003324,0.5374563124658952,Exuding mycelium,20.665,6.697,9.886,12.093
AAD021_003330,0.9498445246501404,Nodule,18.387,6.638,2.297,181.59
AAD021_003331,0.2686296655658504,Exudophore,93.815,126.102,64.373,118.493
AAD021_003332,0.3373482787437753,Nodule,49.786,39.525,33.842,61.949
AAD021_003333,0.7406916072071169,Exudophore,8.772,30.738,8.962,6.178
AAD021_003337,0.8001977936381229,Exudophore,11.209,115.913,52.397,5.872
AAD021_003353,0.551141720097929,Exudophore,13.848,30.913,10.529,17.249
AAD021_003354,0.8724170854574358,Exuding mycelium,43.175,3.528,8.022,4.975
AAD021_003366,0.3164700841505156,Exuding mycelium,40.486,21.704,26.169,35.147
AAD021_003370,0.6322178505553245,Nodule,35.148,26.666,13.899,68.621
AAD021_003372,0.941339074935506,Nodule,183.875,0.0,0.608,1048.301
AAD021_003384,0.6118397338722562,Exudophore,9.514,26.787,10.249,11.431
AAD021_003389,0.6322600206068049,Fuzzy mycelium,11.097,1.793,12.421,0.813
AAD021_003391,0.5066466868777083,Fuzzy mycelium,60.893,48.19,77.485,5.6
AAD021_003404,0.9691366950906536,Nodule,10.567,1.375,2.322,154.065
AAD021_003406,0.48415852493690115,Nodule,6.447,12.499,9.277,18.238
AAD021_003411,0.35458519000615646,Exudophore,46.888,78.083,68.5,35.799
AAD021_003412,0.17194472749902498,Exuding mycelium,15.383,12.616,15.189,10.407
AAD021_003414,0.30784163024434175,Nodule,19.931,17.578,18.704,27.071
AAD021_003424,0.5249727445044954,Exudophore,111.108,217.713,109.706,89.444
AAD021_003425,0.1492777418740396,Exudophore,14.746,21.884,20.856,20.249
AAD021_003431,0.4516106366414891,Fuzzy mycelium,17.023,33.484,40.788,16.596
AAD021_003435,0.8852615674515013,Nodule,6.447,0.778,0.253,21.725
AAD021_003438,0.15049772093836725,Exudophore,13.105,13.214,11.487,9.084
AAD021_000010,0.4497540768480863,Fuzzy mycelium,9.249,7.416,11.725,2.689
AAD021_000016,0.7601334558672437,Fuzzy mycelium,8.033,2.391,18.091,2.594
AAD021_000031,0.5216742991753021,Fuzzy mycelium,16.815,3.888,19.352,7.066
AAD021_000054,0.6342668228259599,Exudophore,9.304,25.47,13.29,5.352
AAD021_000056,0.25553558419220057,Nodule,83.098,40.244,96.977,98.647
AAD021_000066,0.42809025283347557,Exudophore,10.993,20.985,16.784,8.228
AAD021_000075,0.25529198664156255,Fuzzy mycelium,34.938,34.621,38.919,17.391
AAD021_000082,0.7529341068224275,Exuding mycelium,31.608,11.42,8.71,3.297
AAD021_000084,0.7599966045580139,Exudophore,10.998,63.489,4.235,30.48
AAD021_000128,0.9573113271530754,Exudophore,0.423,30.796,3.32,0.201
AAD021_000129,0.2611336962811372,Fuzzy mycelium,28.963,40.122,44.218,28.928
AAD021_000137,0.8556516105260551,Nodule,5.759,2.571,1.559,22.835
AAD021_000153,0.3347073173314062,Nodule,24.528,6.697,19.907,25.619
AAD021_000183,0.9706704491495369,Nodule,5.392,0.0,0.58,67.876
AAD021_000197,0.5894381025340265,Nodule,11.309,4.126,12.665,22.814
AAD021_000198,0.5778281930096839,Exudophore,14.162,23.974,8.629,7.572
AAD021_000199,0.44921152825231186,Nodule,27.484,10.463,16.983,33.244
AAD021_000219,0.572859205586219,Nodule,11.415,9.987,12.261,26.269
AAD021_000224,0.9076110261192909,Nodule,32.549,3.169,5.931,150.265
AAD021_000225,0.43617221329456674,Nodule,15.749,7.295,8.56,18.684
AAD021_000226,0.21341529531763426,Exuding mycelium,16.386,10.463,15.11,13.095
AAD021_000229,0.6836093836879056,Fuzzy mycelium,28.98,1.793,32.539,0.112
AAD021_000236,0.4962752988115098,Fuzzy mycelium,10.889,6.935,21.23,14.259
AAD021_000237,0.8119910586708832,Nodule,16.274,1.793,4.345,39.736
AAD021_000239,0.5812005982287005,Nodule,269.883,193.928,197.452,526.316
AAD021_000244,0.9563373659494271,Nodule,3.857,0.598,0.991,41.575
AAD021_000245,0.9715173614676513,Nodule,28.85,1.375,2.247,380.034
AAD021_000248,0.1920930498341732,Exudophore,18.554,19.254,17.95,10.163
AAD021_000251,0.9835090513141589,Nodule,3.751,0.0,0.743,90.851
AAD021_000256,0.20503970752015913,Exuding mycelium,15.96,8.432,14.48,15.151
AAD021_000258,0.3045855303930387,Exuding mycelium,49.848,28.162,34.776,41.057
AAD021_000259,0.508636376540503,Exuding mycelium,19.191,5.142,8.242,14.905
AAD021_000269,0.3830044721806052,Exudophore,218.213,334.372,252.574,148.13
AAD021_000279,0.44968761707250454,Nodule,29.922,27.987,24.359,49.831
AAD021_000280,0.2499702263035869,Fuzzy mycelium,9.623,5.56,12.014,11.849
AAD021_000292,0.34313480787563916,Nodule,13.159,3.528,11.012,14.056
AAD021_000299,0.9219936909768824,Nodule,34.776,0.0,7.883,182.287
AAD021_000303,0.046923810655512245,Exudophore,46.514,48.913,46.468,46.872
AAD021_000318,0.5803167536754316,Exuding mycelium,18.447,2.571,7.53,13.125
AAD021_000327,0.3990186255687598,Nodule,25.634,18.117,36.298,44.399
AAD021_000330,0.48004877069010804,Exuding mycelium,24.523,6.697,10.624,20.932
AAD021_000332,0.22273681784168162,Exuding mycelium,42.389,39.223,20.173,39.447
AAD021_000333,0.461326164708522,Fuzzy mycelium,8.248,24.513,24.836,7.374
AAD021_000335,0.4209412883643691,Exudophore,13.638,33.902,22.608,22.648
AAD021_000339,0.5425520432827242,Nodule,19.605,21.106,26.731,49.144
AAD021_000340,0.7621012028388647,Exudophore,3.963,23.259,6.746,5.891
AAD021_000345,0.7429701035209092,Exudophore,7.506,40.895,9.617,14.411
AAD021_000346,0.45632863550506686,Exuding mycelium,49.738,16.863,33.9,30.359
AAD021_000350,0.4193113243411508,Nodule,21.461,9.326,19.029,28.596
AAD021_000354,0.7262566730158494,Exudophore,19.395,56.5,16.445,10.559
AAD021_000362,0.8501498162064903,Exudophore,3.489,30.073,5.453,4.577
AAD021_000373,0.8559415139780224,Nodule,33.239,9.928,1.995,104.501
AAD021_000379,0.41871609958597517,Nodule,28.438,21.227,36.676,49.512
AAD021_000399,0.5977766449992613,Fuzzy mycelium,11.839,5.142,18.347,5.158
AAD021_000404,0.6350764993854883,Nodule,50.32,23.619,35.753,100.195
AAD021_000411,0.37192597835867397,Nodule,10.887,13.092,5.844,15.828
AAD021_000427,0.2933450989849939,Fuzzy mycelium,31.295,18.18,37.439,29.894
AAD021_000429,0.7313350301537933,Fuzzy mycelium,3.384,11.42,20.18,1.461
AAD021_000432,0.10210411968523965,Exuding mycelium,13.108,10.823,12.89,11.595
AAD021_000440,0.38113172424038133,Nodule,9.358,15.425,5.04,16.063
AAD021_000445,0.23026037912293426,Exuding mycelium,27.539,25.412,23.214,14.968
AAD021_000450,0.24185138562706934,Exudophore,20.77,24.158,23.493,10.683
AAD021_000455,0.39953715389634104,Fuzzy mycelium,12.315,5.142,18.364,15.623
AAD021_000456,0.6831489413675969,Exudophore,13.796,45.381,12.626,16.715
AAD021_000468,0.41762386775994403,Exuding mycelium,25.896,12.018,12.681,20.545
AAD021_000474,0.48864634203585755,Exuding mycelium,42.868,18.418,31.278,16.065
AAD021_000477,0.35938385429180486,Exudophore,29.393,36.473,24.911,15.791
AAD021_000487,0.3293118758255822,Exuding mycelium,22.832,14.409,15.95,15.582
AAD021_000490,0.3516258603654177,Fuzzy mycelium,17.815,8.611,20.507,13.462
AAD021_000497,0.42928885622548035,Nodule,60.567,41.682,66.351,98.474
AAD021_000504,0.29359274448678385,Fuzzy mycelium,15.378,10.346,15.888,7.945
AAD021_000506,0.2090435178740796,Nodule,22.091,24.392,21.529,28.662
AAD021_000518,0.13831752025039493,Fuzzy mycelium,9.992,14.589,14.792,13.658
AAD021_000523,0.4042770496328337,Fuzzy mycelium,12.424,5.083,14.106,7.702
AAD021_000535,0.3811766813381137,Nodule,20.087,20.747,16.079,30.657
AAD021_000536,0.27534976784454906,Nodule,123.522,85.863,88.344,136.953
AAD021_000545,0.49169897860634676,Nodule,24.68,22.54,8.8,36.736
AAD021_000551,0.4398454974752017,Nodule,19.872,12.737,11.243,26.095
AAD021_000554,0.2537934410054526,Exudophore,11.048,21.884,18.799,19.142
AAD021_000556,0.4546284476175672,Exuding mycelium,31.934,11.061,22.9,18.288
AAD021_000557,0.5023236263293479,Exudophore,8.828,16.023,8.361,6.734
AAD021_000576,0.2553616609178832,Nodule,165.583,133.576,128.259,191.332
AAD021_000579,0.3855984527185501,Nodule,11.154,12.917,13.235,20.24
AAD021_000581,0.278588347148561,Fuzzy mycelium,23.994,23.079,28.391,14.371
AAD021_000582,0.16547423179056328,Exudophore,13.955,18.0,17.991,13.12
AAD021_000583,0.6908280756237025,Exudophore,9.513,30.971,9.163,10.051
AAD021_000588,0.6115990635507046,Fuzzy mycelium,16.438,6.935,20.462,0.469
AAD021_000603,0.3304962677901901,Nodule,14.166,9.686,8.456,16.085
AAD021_000605,0.3434377276812735,Fuzzy mycelium,22.358,22.544,28.111,10.468
AAD021_000610,0.3859298919972162,Exudophore,11.098,16.562,7.891,11.522
AAD021_000613,0.2756448705512305,Nodule,10.729,7.474,13.411,14.548
AAD021_000616,0.3742993300585364,Fuzzy mycelium,10.414,3.348,13.622,11.808
AAD021_000618,0.7003570061249978,Nodule,10.25,0.0,3.82,15.653
AAD021_000620,0.42350089052313583,Exudophore,81.879,149.307,85.95,90.396
AAD021_000623,0.8327493154686986,Exuding mycelium,48.239,8.49,14.171,1.543
AAD021_000625,0.10980868169347217,Fuzzy mycelium,32.505,34.801,36.085,29.062
AAD021_000626,0.15848185330262696,Exudophore,13.264,13.573,11.745,9.258
AAD021_000633,0.25255853639418513,Exudophore,17.863,20.387,16.783,11.068
AAD021_000634,0.657979027715748,Fuzzy mycelium,44.299,13.632,94.44,38.97
AAD021_000641,0.47206189634901435,Exudophore,22.199,33.124,19.658,10.605
AAD021_000643,0.4412876500145832,Fuzzy mycelium,31.604,23.861,41.337,13.821
AAD021_000644,0.4153852384943087,Exuding mycelium,18.922,7.474,16.084,9.627
AAD021_000645,0.6361322232321011,Nodule,5.55,0.598,7.224,12.25
AAD021_000649,0.05458862218999486,Nodule,48.833,44.788,45.263,48.968
AAD021_000654,0.5795065560312075,Fuzzy mycelium,15.222,15.906,27.624,3.719
AAD021_000658,0.5187135076722689,Exuding mycelium,28.546,8.85,17.024,15.343
AAD021_000659,0.27101871253518833,Nodule,13.479,5.681,12.114,14.3
AAD021_000660,0.8241503031107965,Nodule,10.728,2.391,9.982,43.79
AAD021_000661,0.31196041531689095,Fuzzy mycelium,50.952,26.67,52.239,30.206
AAD021_000671,0.8091230194088247,Nodule,2.801,0.0,4.74,13.17
AAD021_000672,0.18506107305271258,Nodule,17.235,20.63,19.961,23.652
AAD021_000684,0.3526290693508079,Nodule,22.512,2.153,21.106,23.568
AAD021_000686,0.2735108300726097,Exuding mycelium,21.882,10.225,21.799,15.668
AAD021_000690,0.4885727419684714,Exudophore,10.466,20.688,11.04,10.236
AAD021_000700,0.40398021812849044,Exudophore,8.402,17.879,14.04,9.527
AAD021_000703,0.5142607327368335,Exudophore,27.538,45.439,12.612,26.065
AAD021_000705,0.18646394794631269,Exudophore,20.14,25.65,18.361,24.101
AAD021_000707,0.4730518608216994,Fuzzy mycelium,22.728,5.443,24.537,10.618
AAD021_000724,0.20664551994643787,Exudophore,91.652,106.196,76.708,84.392
AAD021_000726,0.22677747813613866,Exuding mycelium,25.527,16.086,20.941,22.188
AAD021_000728,0.23577669264298837,Exuding mycelium,18.765,10.463,16.807,15.752
AAD021_000731,0.4199296997182304,Fuzzy mycelium,11.204,18.836,24.125,11.941
AAD021_000742,0.2759372480550324,Exudophore,13.847,20.149,16.351,13.568
AAD021_000743,0.42566880593439665,Fuzzy mycelium,18.392,18.239,24.468,5.528
AAD021_000751,0.36140863641471516,Nodule,38.891,38.446,19.686,50.644
AAD021_000770,0.21347060339915314,Fuzzy mycelium,23.412,17.461,25.678,19.717
AAD021_000773,0.24532744123777628,Nodule,81.653,84.604,51.317,96.101
AAD021_000774,0.3495657705244993,Fuzzy mycelium,15.856,8.072,20.099,15.291
AAD021_000777,0.40148857115591546,Fuzzy mycelium,5.867,7.474,12.881,9.787
AAD021_000778,0.17787068709474052,Nodule,75.844,73.004,65.529,86.919
AAD021_000790,0.22104127107220564,Nodule,50.954,55.493,44.386,64.545
AAD021_000792,0.39558519028147154,Fuzzy mycelium,17.125,14.351,21.095,6.774
AAD021_000802,0.4095698128662056,Exudophore,20.512,32.648,17.202,20.115
AAD021_000805,0.3279023999708626,Nodule,12.315,15.066,8.904,17.996
AAD021_000807,0.23024260691523615,Exuding mycelium,28.069,19.313,20.892,24.613
AAD021_000809,0.63607770025487,Nodule,21.931,1.196,2.328,23.314
AAD021_000810,0.22300641187649686,Fuzzy mycelium,22.041,27.506,29.09,18.261
AAD021_000828,0.49502454169671967,Exuding mycelium,59.583,10.463,41.35,38.451
AAD021_000829,0.39538928132389844,Exudophore,64.235,91.786,75.208,27.042
AAD021_000838,0.5084577482295438,Exuding mycelium,19.135,4.485,14.364,9.368
AAD021_000843,0.3825663286215746,Nodule,55.138,71.997,54.227,97.912
AAD021_000853,0.11288007683011503,Exuding mycelium,34.148,33.003,31.052,26.824
AAD021_000854,0.23578790379106332,Exudophore,11.469,15.726,11.973,12.613
AAD021_000856,0.3204752413893162,Exudophore,18.183,24.576,18.122,13.795
AAD021_000862,0.3066363252997575,Exuding mycelium,51.207,37.493,18.205,50.817
AAD021_000882,0.43266466671580467,Exuding mycelium,22.783,4.544,18.827,15.405
AAD021_000888,0.3187729449184306,Exuding mycelium,27.167,19.852,26.738,8.93
AAD021_000893,0.39412655829359755,Nodule,12.317,12.796,16.059,22.651
AAD021_000898,0.4594423238351462,Nodule,27.593,9.569,21.567,36.215
AAD021_000899,0.5492710239287004,Fuzzy mycelium,8.14,11.061,16.905,3.658
AAD021_000900,0.4597148344800473,Exuding mycelium,21.621,5.681,15.877,13.486
AAD021_000902,0.21410717039394864,Exudophore,27.694,34.859,21.049,33.444
AAD021_000911,0.21298979865707343,Exuding mycelium,16.912,9.389,14.814,15.726
AAD021_000914,0.470169678888197,Exudophore,10.73,21.704,10.922,12.846
AAD021_000922,0.3001546671986732,Nodule,14.273,17.223,21.608,25.293
AAD021_000927,0.40825125367028575,Nodule,30.228,21.466,38.272,50.678
AAD021_000932,0.3294480053134501,Exuding mycelium,18.604,12.256,15.055,10.112
AAD021_000934,0.46225790831540997,Exudophore,11.367,23.857,3.62,23.5
AAD021_000939,0.3260484439276782,Fuzzy mycelium,65.067,36.235,72.333,44.945
AAD021_000942,0.56875816748672,Exudophore,38.06,82.46,51.327,17.294
AAD021_000948,0.31123791921557803,Exudophore,36.998,52.136,50.235,20.495
AAD021_000954,0.6239966826061901,Exudophore,10.887,24.333,10.897,5.663
AAD021_000959,0.44597799481629297,Nodule,8.349,14.832,6.505,17.861
AAD021_000960,0.3485600864358542,Exuding mycelium,11.998,4.126,11.438,7.883
AAD021_000968,0.3410106271215876,Exuding mycelium,17.492,13.034,13.632,7.915
AAD021_000969,0.19866572927928297,Exudophore,323.817,365.901,337.024,218.785
AAD021_000976,0.5938711469648812,Nodule,17.44,6.877,4.851,23.94
AAD021_000986,0.41753544895794353,Exudophore,63.476,112.587,47.776,85.481
AAD021_000992,0.45356944751468875,Nodule,10.731,15.007,11.522,22.729
AAD021_000995,0.8929522443621045,Nodule,119.797,79.175,63.73,818.021
AAD021_000996,0.2175544866325986,Nodule,19.449,10.585,18.294,20.588
AAD021_000998,0.6317915383518876,Nodule,17.123,18.657,8.859,40.411
AAD021_000999,0.39764592020998785,Fuzzy mycelium,8.137,10.045,16.219,11.127
AAD021_001000,0.47009290787544294,Exudophore,14.852,30.792,15.387,18.711
AAD021_001001,0.4456933380595349,Fuzzy mycelium,13.106,6.877,18.054,10.039
AAD021_001003,0.17089666177907523,Nodule,17.71,15.187,21.108,21.712
AAD021_001007,0.3210016827933928,Exudophore,14.749,16.203,5.277,12.979
AAD021_001010,0.2488612444484761,Exuding mycelium,24.845,19.614,14.616,21.757
AAD021_001013,0.3525068863871044,Exuding mycelium,22.833,10.167,14.403,19.782
AAD021_001014,0.5400114444631087,Fuzzy mycelium,5.707,3.169,11.326,6.754
AAD021_001015,0.3582539090605637,Exuding mycelium,46.988,28.76,43.375,18.327
AAD021_001021,0.04765935526340729,Exuding mycelium,685.867,666.384,628.63,664.522
AAD021_001027,0.2948152068013467,Exuding mycelium,94.412,57.224,85.406,57.103
AAD021_001028,0.4539579560054161,Exudophore,8.668,16.504,10.589,7.778
AAD021_001029,0.6935279218968328,Nodule,24.791,12.558,12.1,53.782
AAD021_001030,0.5765532563310212,Nodule,92.751,68.707,90.546,198.375
AAD021_001031,0.13967045510950585,Nodule,36.095,42.095,45.93,48.091
AAD021_001041,0.25030996235562214,Fuzzy mycelium,26.905,22.243,27.902,13.605
AAD021_001042,0.8629686538055799,Nodule,92.584,32.41,53.714,434.713
AAD021_001045,0.23027278155217323,Nodule,68.61,54.774,52.569,76.197
AAD021_001053,0.47196978302694653,Nodule,117.707,97.58,110.785,205.842
AAD021_001058,0.17288188194730073,Exuding mycelium,62.532,51.003,47.182,56.979
AAD021_001064,0.2148462153899561,Nodule,13.475,13.214,14.383,17.437
AAD021_001066,0.28818929207893124,Fuzzy mycelium,18.235,8.432,19.872,15.768
AAD021_001067,0.303375709823045,Nodule,14.324,10.167,13.801,18.322
AAD021_001069,0.4475343868178226,Nodule,10.15,12.018,7.458,17.875
AAD021_001074,0.47251254756152883,Exudophore,13.85,27.74,11.675,18.372
AAD021_001076,0.2383989050289198,Fuzzy mycelium,81.355,53.759,89.772,69.997
AAD021_001077,0.16592810722193496,Fuzzy mycelium,15.747,20.149,20.977,16.594
AAD021_001078,0.4143861808225826,Fuzzy mycelium,167.032,97.112,209.014,103.059
AAD021_001084,0.27540968428299445,Nodule,18.921,16.324,21.174,25.954
AAD021_001085,0.6606326088392228,Nodule,9.25,4.126,8.94,21.92
AAD021_001091,0.24045104442000184,Nodule,12.051,8.611,14.748,15.54
AAD021_001092,0.5115702140273585,Exuding mycelium,26.375,8.49,12.887,17.269
AAD021_001113,0.39666126046528644,Nodule,33.829,31.992,46.796,62.219
AAD021_001118,0.3133983866544127,Nodule,18.818,14.827,18.798,25.46
AAD021_001120,0.2091110964127041,Nodule,18.551,19.254,19.599,24.194
AAD021_001129,0.5440154435832737,Nodule,39.323,29.358,64.938,97.678
AAD021_001133,0.6166692891451534,Nodule,19.924,8.611,24.195,45.853
AAD021_001134,0.6042048755152098,Nodule,15.273,8.549,13.604,31.519
AAD021_001135,0.44702317470558056,Fuzzy mycelium,80.288,82.991,131.844,55.441
AAD021_001137,0.6872125766557468,Nodule,9.829,11.182,7.85,30.757
AAD021_001145,0.24800387267309068,Nodule,70.819,49.992,68.159,83.764
AAD021_001147,0.39046146331139847,Nodule,17.603,13.812,10.834,23.104
AAD021_001148,0.47528752625622106,Nodule,33.827,20.868,24.989,50.621
AAD021_001151,0.5906343595608249,Nodule,38.425,44.37,28.468,90.597
AAD021_001152,0.34957211272016614,Nodule,37.843,22.365,19.44,40.818
AAD021_001162,0.353051366721488,Nodule,13.423,23.983,10.073,24.463
AAD021_001163,0.40975959227578646,Nodule,7.451,18.0,17.965,24.519
AAD021_001167,0.39469230374351844,Exudophore,12.788,19.313,9.561,12.722
AAD021_001168,0.6111648058923373,Exudophore,13.264,39.345,19.516,13.116
AAD021_001171,0.5433869802332661,Exuding mycelium,32.034,7.834,13.754,22.293
AAD021_001174,0.38253254583573115,Nodule,14.323,12.018,10.638,19.963
AAD021_001181,0.3439694369697546,Nodule,13.317,12.14,21.057,23.634
AAD021_001188,0.38600729424724434,Exuding mycelium,69.979,23.74,47.786,57.374
AAD021_001192,0.2574492480842544,Exudophore,14.69,23.735,19.456,18.729
AAD021_001193,0.41901316197644406,Fuzzy mycelium,50.957,24.158,68.533,44.336
AAD021_001194,0.63766873010461,Nodule,11.256,9.924,6.163,25.155
AAD021_001209,0.7243049272196768,Exudophore,13.21,39.938,14.409,5.413
AAD021_001212,0.2605287854869672,Exudophore,10.728,15.605,10.999,12.891
AAD021_001214,0.30156947613886825,Exuding mycelium,30.813,17.461,20.727,26.375
AAD021_001218,0.2935925389727821,Exudophore,16.49,22.958,13.652,18.51
AAD021_001219,0.6558488058493386,Nodule,49.408,28.23,9.117,84.028
AAD021_001223,0.3316708658326522,Nodule,112.898,34.203,114.317,130.384
AAD021_001225,0.5022304250622397,Exudophore,18.079,34.918,12.268,21.796
AAD021_001228,0.5371784118061315,Nodule,9.246,1.375,15.596,18.882
AAD021_001241,0.5839373056203938,Fuzzy mycelium,49.324,55.732,88.23,5.072
AAD021_001246,0.11265147697348914,Exuding mycelium,29.229,24.693,24.302,28.813
AAD021_001257,0.2150952488448096,Nodule,19.658,19.371,14.659,22.8
AAD021_001258,0.2476683435180136,Nodule,27.906,22.063,17.269,29.791
AAD021_001271,0.5485031105400285,Nodule,6.711,5.321,10.479,16.62
AAD021_001273,0.5178439997747711,Fuzzy mycelium,32.253,44.9,69.11,22.813
AAD021_001276,0.3695277619922781,Nodule,13.9,17.102,14.874,24.255
AAD021_001282,0.6628742358767545,Exudophore,10.358,45.322,15.665,19.815
AAD021_001283,0.32463049176322123,Nodule,17.39,8.49,10.728,18.068
AAD021_001293,0.4031459015209919,Exuding mycelium,13.111,8.31,5.031,10.133
AAD021_001299,0.3207376280639119,Exudophore,11.468,17.398,12.222,11.764
AAD021_001300,0.17610311344548704,Nodule,12.156,18.535,16.48,19.085
AAD021_001305,0.28376596419177064,Nodule,13.055,7.654,12.152,15.293
AAD021_001306,0.4362909451850454,Exudophore,18.397,31.03,14.025,20.054
AAD021_001308,0.48088122567319114,Exudophore,22.676,37.727,11.561,24.517
AAD021_001309,0.5314474544655123,Nodule,42.29,71.575,40.51,109.823
AAD021_001311,0.29610146850166613,Nodule,70.766,78.743,42.926,91.128
AAD021_001312,0.6729945246787635,Fuzzy mycelium,109.094,35.452,239.586,90.491
AAD021_001317,0.802092638541347,Nodule,123.971,74.195,47.888,414.426
AAD021_001318,0.6494251718209718,Nodule,15.646,7.533,10.129,31.669
AAD021_001320,0.8006346111268806,Fuzzy mycelium,4.756,0.778,11.508,1.349
AAD021_001321,0.817933355305672,Exudophore,5.126,37.794,11.536,3.981
AAD021_001325,0.4821266241941707,Nodule,9.09,7.834,4.757,13.955
AAD021_001335,0.4024807117635955,Exudophore,10.359,15.964,4.914,13.344
AAD021_001336,0.16990332984721615,Exudophore,22.565,23.56,15.267,20.84
AAD021_001359,0.5452006757220065,Exudophore,10.516,34.203,19.129,17.022
AAD021_001386,0.5267798059410193,Nodule,4.334,12.976,7.314,17.344
AAD021_001390,0.37480408753910144,Exuding mycelium,40.543,24.099,17.971,33.971
AAD021_001393,0.2905889124899621,Exudophore,12.791,19.614,10.323,18.629
AAD021_001404,0.4797322477620934,Nodule,96.877,104.461,55.35,164.459
AAD021_001409,0.9938515087251628,Nodule,0.264,0.0,0.749,54.913
AAD021_001415,0.3535613823658819,Nodule,15.117,15.007,15.216,23.379
AAD021_001420,0.30415103910814484,Nodule,14.904,10.405,16.041,19.808
AAD021_001425,0.4654473929902241,Nodule,13.795,12.854,8.648,22.01
AAD021_001429,0.8202986450140228,Nodule,29.645,1.793,11.551,79.742
AAD021_001437,0.28476362193703453,Fuzzy mycelium,20.403,27.084,32.4,22.034
AAD021_001449,0.7139656881175132,Nodule,10.412,0.0,1.582,13.977
AAD021_001457,0.6196280649077955,Exudophore,9.935,24.872,11.912,6.535
AAD021_001460,0.44991593707700944,Fuzzy mycelium,12.844,11.838,21.758,11.224
AAD021_001463,0.4138753285464262,Fuzzy mycelium,17.445,6.157,20.208,11.93
AAD021_001472,0.46077639498991557,Fuzzy mycelium,16.912,21.344,29.944,10.184
AAD021_001474,0.45957748219305755,Fuzzy mycelium,27.958,12.378,28.815,6.381
AAD021_001478,0.2852411763590417,Exudophore,111.05,152.732,143.375,73.074
AAD021_001482,0.4708147655201022,Nodule,24.267,6.279,15.169,28.796
AAD021_001483,0.666548476613773,Exudophore,9.67,29.358,10.648,9.05
AAD021_001484,0.8168585580997121,Nodule,33.294,4.126,3.843,75.101
AAD021_001488,0.6362622717908931,Exudophore,14.426,54.523,23.93,21.139
AAD021_001490,0.4191304201774246,Nodule,15.118,7.115,14.509,21.084
AAD021_001496,0.6682165522990003,Exuding mycelium,17.976,0.778,4.933,12.182
AAD021_001501,0.8160456700944749,Nodule,6.024,1.555,5.891,24.41
AAD021_001516,0.5999481584798869,Exudophore,13.476,44.841,10.861,29.479
AAD021_001522,0.33247679437642136,Exudophore,29.645,54.711,47.144,32.774
AAD021_001523,0.5868382465176966,Nodule,23.302,65.826,7.551,78.0
AAD021_001526,0.6445524325437494,Fuzzy mycelium,9.248,10.526,28.387,10.496
AAD021_001537,0.4881525261187554,Nodule,17.811,8.85,13.216,25.969
AAD021_001542,0.8042964389031999,Nodule,12.843,7.834,14.708,60.269
AAD021_001554,0.36946721914742137,Nodule,52.592,38.45,46.392,72.655
AAD021_001562,0.39997367221221897,Exuding mycelium,18.711,7.474,13.199,13.008
AAD021_001565,0.402860303956125,Exuding mycelium,25.789,16.086,22.606,7.507
AAD021_001573,0.23316234713874628,Nodule,14.587,22.005,18.843,24.097
AAD021_001602,0.5859028910786545,Exudophore,69.123,170.345,54.279,88.217
AAD021_001604,0.24853170993921828,Nodule,39.489,24.576,35.09,43.983
AAD021_001608,0.2501424616077906,Nodule,70.186,88.375,54.702,94.802
AAD021_001617,0.7839808514480534,Exudophore,8.983,51.839,13.094,11.518
AAD021_001619,0.551153295428839,Exudophore,8.297,22.899,11.053,11.485
AAD021_001639,0.49044053078530353,Nodule,17.239,4.544,10.778,21.3
AAD021_001642,0.4702506942869496,Nodule,17.755,7.295,16.109,25.898
AAD021_001646,0.7552488734737987,Fuzzy mycelium,28.601,27.798,88.375,8.49
AAD021_001657,0.48422650914022797,Nodule,7.083,13.695,3.015,15.377
AAD021_001664,0.35107563851212936,Fuzzy mycelium,26.265,22.243,33.971,17.625
AAD021_001731,0.6991250549537446,Fuzzy mycelium,72.353,8.014,93.711,4.219
AAD021_012694,0.7576470591528625,Exudophore,8.402,56.024,18.166,14.164
AAD021_012698,0.19081615781771832,Fuzzy mycelium,1050.672,867.08,1067.472,673.592
AAD021_012704,0.5854780575047424,Exudophore,78.315,173.433,46.643,90.717
